# marco-ttp.obj (EXERSUITE3D, cm)
v -51.958 97.222 55.295
v -59.004 82.222 55.295
v -59.004 97.222 55.295
v -51.958 82.222 55.295
v -51.958 82.222 55.498
v -59.004 82.222 55.498
v -52.129 102.033 55.498
v -58.833 102.033 -38.312
v -52.129 102.033 -38.312
v -58.833 102.033 55.498
v -52.129 97.393 -38.312
v -52.129 97.393 55.498
v -51.958 102.204 -38.512
v -51.958 82.222 -38.312
v -51.958 82.222 -38.512
v -51.958 97.222 -38.312
v -51.958 102.204 55.498
v -58.833 97.393 -38.312
v -59.004 102.204 55.498
v -59.004 97.222 -38.312
v -59.004 82.222 -38.512
v -59.004 82.222 -38.312
v -59.004 102.204 -38.512
v -58.833 97.393 55.498
v 59.004 97.222 55.295
v 51.958 82.222 55.295
v 51.958 97.222 55.295
v 59.004 82.222 55.295
v 59.004 82.222 55.498
v 51.958 82.222 55.498
v 58.833 102.033 55.498
v 52.129 102.033 -38.312
v 58.833 102.033 -38.312
v 52.129 102.033 55.498
v 58.833 97.393 -38.312
v 58.833 97.393 55.498
v 59.004 102.204 -38.512
v 59.004 82.222 -38.312
v 59.004 82.222 -38.512
v 59.004 97.222 -38.312
v 59.004 102.204 55.498
v 52.129 97.393 -38.312
v 51.958 102.204 55.498
v 51.958 97.222 -38.312
v 51.958 82.222 -38.512
v 51.958 82.222 -38.312
v 51.958 102.204 -38.512
v 52.129 97.393 55.498
v -54.774 -40.334 55.719
v -54.615 -40.541 55.498
v -54.615 -40.541 55.719
v -54.774 -40.334 55.498
v -54.981 -40.175 55.498
v -54.981 -40.175 55.719
v -54.481 -41.041 55.719
v -54.515 -41.300 55.498
v -54.515 -41.300 55.719
v -54.481 -41.041 55.498
v -56.481 -46.041 60.292
v -56.447 -46.300 60.514
v -56.447 -46.300 60.292
v -56.481 -46.041 60.514
v -56.347 -46.541 60.514
v -56.347 -46.541 60.292
v -55.740 -47.007 60.514
v -55.481 -47.041 60.292
v -55.740 -47.007 60.292
v -55.481 -47.041 60.514
v -56.188 -46.748 60.514
v -55.981 -46.907 60.292
v -56.188 -46.748 60.292
v -55.981 -46.907 60.514
v -55.222 72.993 60.514
v -54.981 73.093 60.292
v -55.222 72.993 60.292
v -54.981 73.093 60.514
v -54.515 64.217 60.514
v -54.481 63.959 60.292
v -54.481 63.959 60.514
v -54.515 64.217 60.292
v -55.222 64.925 60.514
v -55.481 64.959 60.292
v -55.222 64.925 60.292
v -55.481 64.959 60.514
v -54.774 64.666 60.514
v -54.615 64.459 60.292
v -54.615 64.459 60.514
v -54.774 64.666 60.292
v -54.981 64.825 60.292
v -54.981 64.825 60.514
v -55.740 64.925 60.292
v -55.740 64.925 60.514
v -55.981 64.825 60.292
v -55.981 64.825 60.514
v -54.515 63.700 60.292
v -54.515 63.700 60.514
v -56.188 64.666 60.292
v -56.188 64.666 60.514
v -56.347 64.459 60.514
v -56.347 64.459 60.292
v -55.981 -40.175 55.719
v -56.188 -40.334 55.498
v -55.981 -40.175 55.498
v -56.188 -40.334 55.719
v -55.740 -40.075 55.719
v -55.740 -40.075 55.498
v -56.347 -40.541 55.719
v -56.347 -40.541 55.498
v -55.481 -40.041 55.719
v -55.481 -40.041 55.498
v -56.188 43.252 55.719
v -55.981 43.093 55.498
v -56.188 43.252 55.498
v -55.981 43.093 55.719
v -56.447 -40.783 55.498
v -56.481 -41.041 55.719
v -56.481 -41.041 55.498
v -56.447 -40.783 55.719
v -56.447 -41.300 55.719
v -56.447 -41.300 55.498
v -54.515 -40.783 55.498
v -54.515 -40.783 55.719
v -56.188 -35.334 55.498
v -56.347 -35.541 55.719
v -56.347 -35.541 55.498
v -56.188 -35.334 55.719
v -55.981 -35.175 55.719
v -55.981 -35.175 55.498
v -55.740 -35.075 55.719
v -55.740 -35.075 55.498
v -55.981 -36.907 55.719
v -55.740 -37.007 55.498
v -55.981 -36.907 55.498
v -55.740 -37.007 55.719
v -56.188 -36.748 55.719
v -56.188 -36.748 55.498
v -56.347 -36.541 55.498
v -56.347 -36.541 55.719
v -56.447 -36.300 55.498
v -56.447 -36.300 55.719
v -56.447 -35.783 55.719
v -56.447 -35.783 55.498
v -56.481 -36.041 55.498
v -56.481 -36.041 55.719
v -55.481 -37.041 55.498
v -55.481 -37.041 55.719
v -55.222 -40.075 55.498
v -55.222 -40.075 55.719
v -54.981 -35.175 55.719
v -55.222 -35.075 55.498
v -54.981 -35.175 55.498
v -55.222 -35.075 55.719
v -54.615 -35.541 55.719
v -54.515 -35.783 55.498
v -54.515 -35.783 55.719
v -54.615 -35.541 55.498
v -54.981 -36.907 55.719
v -54.774 -36.748 55.498
v -54.981 -36.907 55.498
v -54.774 -36.748 55.719
v -55.740 -30.075 55.719
v -55.981 -30.175 55.498
v -55.740 -30.075 55.498
v -55.981 -30.175 55.719
v -55.222 -37.007 55.719
v -55.222 -37.007 55.498
v -55.481 -30.041 55.719
v -55.481 -30.041 55.498
v -54.774 -35.334 55.719
v -54.774 -35.334 55.498
v -55.481 -35.041 55.498
v -55.481 -35.041 55.719
v -54.515 -36.300 55.719
v -54.615 -36.541 55.498
v -54.615 -36.541 55.719
v -54.515 -36.300 55.498
v -54.481 -36.041 55.498
v -54.481 -36.041 55.719
v -54.981 -25.175 55.719
v -55.222 -25.075 55.498
v -54.981 -25.175 55.498
v -55.222 -25.075 55.719
v -54.615 -25.541 55.719
v -54.515 -25.783 55.498
v -54.515 -25.783 55.719
v -54.615 -25.541 55.498
v -54.981 -26.907 55.719
v -54.774 -26.748 55.498
v -54.981 -26.907 55.498
v -54.774 -26.748 55.719
v -56.481 -26.041 55.498
v -56.447 -26.300 55.719
v -56.447 -26.300 55.498
v -56.481 -26.041 55.719
v -54.774 -25.334 55.719
v -54.774 -25.334 55.498
v -54.481 -26.041 55.498
v -54.481 -26.041 55.719
v -54.515 -26.300 55.498
v -54.515 -26.300 55.719
v -54.615 -26.541 55.498
v -54.615 -26.541 55.719
v -55.481 -27.041 55.719
v -55.222 -27.007 55.498
v -55.481 -27.041 55.498
v -55.222 -27.007 55.719
v -55.740 -27.007 55.719
v -55.740 -27.007 55.498
v -56.188 -26.748 55.719
v -55.981 -26.907 55.498
v -56.188 -26.748 55.498
v -55.981 -26.907 55.719
v -56.347 -26.541 55.719
v -56.347 -26.541 55.498
v -56.447 -25.783 55.498
v -56.447 -25.783 55.719
v -56.347 -25.541 55.498
v -56.347 -25.541 55.719
v -56.188 -25.334 55.498
v -56.188 -25.334 55.719
v -55.981 -25.175 55.719
v -55.981 -25.175 55.498
v -55.481 -25.041 55.498
v -55.481 -25.041 55.719
v -54.615 -30.541 55.719
v -54.515 -30.783 55.498
v -54.515 -30.783 55.719
v -54.615 -30.541 55.498
v -54.481 -31.041 55.498
v -54.481 -31.041 55.719
v -56.481 -31.041 55.498
v -56.447 -31.300 55.719
v -56.447 -31.300 55.498
v -56.481 -31.041 55.719
v -54.981 -30.175 55.719
v -55.222 -30.075 55.498
v -54.981 -30.175 55.498
v -55.222 -30.075 55.719
v -55.222 -32.007 55.719
v -54.981 -31.907 55.498
v -55.222 -32.007 55.498
v -54.981 -31.907 55.719
v -56.447 -30.783 55.498
v -56.447 -30.783 55.719
v -55.981 -31.907 55.719
v -55.740 -32.007 55.498
v -55.981 -31.907 55.498
v -55.740 -32.007 55.719
v -56.347 -30.541 55.498
v -56.347 -30.541 55.719
v -56.188 -30.334 55.498
v -56.188 -30.334 55.719
v -55.740 -25.075 55.498
v -55.740 -25.075 55.719
v -54.774 -30.334 55.719
v -54.774 -30.334 55.498
v -54.515 -31.300 55.498
v -54.515 -31.300 55.719
v -54.615 -31.541 55.498
v -54.615 -31.541 55.719
v -54.774 -31.748 55.498
v -54.774 -31.748 55.719
v -55.481 -32.041 55.719
v -55.481 -32.041 55.498
v -56.188 -31.748 55.719
v -56.188 -31.748 55.498
v -56.347 -31.541 55.498
v -56.347 -31.541 55.719
v -55.740 29.925 60.514
v -55.981 29.825 60.292
v -55.740 29.925 60.292
v -55.981 29.825 60.514
v -54.515 23.700 60.514
v -54.615 23.459 60.292
v -54.615 23.459 60.514
v -54.515 23.700 60.292
v -56.447 8.700 60.292
v -56.347 8.459 60.514
v -56.347 8.459 60.292
v -56.447 8.700 60.514
v -55.481 29.959 60.514
v -55.481 29.959 60.292
v -54.774 23.252 60.292
v -54.774 23.252 60.514
v -56.188 29.666 60.292
v -56.188 29.666 60.514
v -56.447 23.700 60.292
v -56.347 23.459 60.514
v -56.347 23.459 60.292
v -56.447 23.700 60.514
v -55.222 22.993 60.514
v -54.981 23.093 60.292
v -55.222 22.993 60.292
v -54.981 23.093 60.514
v -56.188 23.252 60.514
v -55.981 23.093 60.292
v -56.188 23.252 60.292
v -55.981 23.093 60.514
v -56.347 29.459 60.514
v -56.347 29.459 60.292
v -56.447 24.217 60.292
v -56.481 23.959 60.514
v -56.481 23.959 60.292
v -56.447 24.217 60.514
v -55.481 22.959 60.514
v -55.481 22.959 60.292
v -55.222 29.925 60.514
v -55.222 29.925 60.292
v -55.740 22.993 60.514
v -55.740 22.993 60.292
v -54.981 29.825 60.514
v -54.981 29.825 60.292
v -56.447 29.217 60.514
v -56.447 29.217 60.292
v -55.222 42.993 60.514
v -54.981 43.093 60.292
v -55.222 42.993 60.292
v -54.981 43.093 60.514
v -54.515 43.700 60.514
v -54.615 43.459 60.292
v -54.615 43.459 60.514
v -54.515 43.700 60.292
v -54.481 43.959 60.514
v -54.481 43.959 60.292
v -54.515 44.217 60.514
v -54.515 44.217 60.292
v -54.774 43.252 60.292
v -54.774 43.252 60.514
v -54.615 44.459 60.514
v -54.615 44.459 60.292
v -54.981 44.825 60.514
v -55.222 44.925 60.292
v -54.981 44.825 60.292
v -55.222 44.925 60.514
v -55.481 44.959 60.514
v -55.740 44.925 60.292
v -55.481 44.959 60.292
v -55.740 44.925 60.514
v -54.774 44.666 60.514
v -54.774 44.666 60.292
v -56.188 44.666 60.292
v -56.347 44.459 60.514
v -56.347 44.459 60.292
v -56.188 44.666 60.514
v -55.981 44.825 60.514
v -55.981 44.825 60.292
v -55.740 34.925 60.514
v -55.981 34.825 60.292
v -55.740 34.925 60.292
v -55.981 34.825 60.514
v -56.447 44.217 60.514
v -56.447 44.217 60.292
v -56.447 39.217 60.292
v -56.481 38.959 60.514
v -56.481 38.959 60.292
v -56.447 39.217 60.514
v -56.447 38.700 60.514
v -56.447 38.700 60.292
v -55.481 42.959 60.514
v -55.481 42.959 60.292
v -55.981 69.825 60.514
v -56.188 69.666 60.292
v -55.981 69.825 60.292
v -56.188 69.666 60.514
v -56.347 69.459 60.292
v -56.447 69.217 60.514
v -56.447 69.217 60.292
v -56.347 69.459 60.514
v -54.481 68.959 60.514
v -54.515 68.700 60.292
v -54.515 68.700 60.514
v -54.481 68.959 60.292
v -54.774 69.666 60.514
v -54.981 69.825 60.292
v -54.774 69.666 60.292
v -54.981 69.825 60.514
v -55.481 69.959 60.514
v -55.740 69.925 60.292
v -55.481 69.959 60.292
v -55.740 69.925 60.514
v -55.740 67.993 60.514
v -55.481 67.959 60.292
v -55.740 67.993 60.292
v -55.481 67.959 60.514
v -55.981 68.093 60.514
v -55.981 68.093 60.292
v -54.981 68.093 60.514
v -54.774 68.252 60.292
v -54.981 68.093 60.292
v -54.774 68.252 60.514
v -54.615 69.459 60.514
v -54.515 69.217 60.292
v -54.515 69.217 60.514
v -54.615 69.459 60.292
v -55.222 69.925 60.292
v -55.222 69.925 60.514
v -55.222 67.993 60.292
v -55.222 67.993 60.514
v -54.615 68.459 60.514
v -54.615 68.459 60.292
v -56.447 64.217 60.292
v -56.481 63.959 60.514
v -56.481 63.959 60.292
v -56.447 64.217 60.514
v -56.347 63.459 60.292
v -56.188 63.252 60.514
v -56.188 63.252 60.292
v -56.347 63.459 60.514
v -55.981 63.093 60.292
v -55.981 63.093 60.514
v -55.740 62.993 60.292
v -55.740 62.993 60.514
v -55.481 62.959 60.292
v -55.481 62.959 60.514
v -55.222 62.993 60.292
v -55.222 62.993 60.514
v -54.981 63.093 60.292
v -54.981 63.093 60.514
v -54.774 63.252 60.292
v -54.774 63.252 60.514
v -54.615 63.459 60.514
v -54.615 63.459 60.292
v -56.447 63.700 60.292
v -56.447 63.700 60.514
v -54.981 38.093 60.514
v -54.774 38.252 60.292
v -54.981 38.093 60.292
v -54.774 38.252 60.514
v -54.515 39.217 60.514
v -54.481 38.959 60.292
v -54.481 38.959 60.514
v -54.515 39.217 60.292
v -54.515 38.700 60.292
v -54.515 38.700 60.514
v -56.347 38.459 60.292
v -56.188 38.252 60.514
v -56.188 38.252 60.292
v -56.347 38.459 60.514
v -54.981 39.825 60.514
v -55.222 39.925 60.292
v -54.981 39.825 60.292
v -55.222 39.925 60.514
v -55.981 38.093 60.514
v -55.740 37.993 60.292
v -55.981 38.093 60.292
v -55.740 37.993 60.514
v -54.615 39.459 60.514
v -54.615 39.459 60.292
v -54.615 38.459 60.292
v -54.615 38.459 60.514
v -54.774 39.666 60.514
v -54.774 39.666 60.292
v -55.222 37.993 60.514
v -55.222 37.993 60.292
v -55.481 39.959 60.292
v -55.481 39.959 60.514
v -55.740 39.925 60.514
v -55.981 39.825 60.292
v -55.740 39.925 60.292
v -55.981 39.825 60.514
v -56.188 39.666 60.292
v -56.188 39.666 60.514
v -56.347 39.459 60.292
v -56.347 39.459 60.514
v -55.481 37.959 60.292
v -55.481 37.959 60.514
v -56.481 38.959 55.498
v -56.447 38.700 55.719
v -56.447 38.700 55.498
v -56.481 38.959 55.719
v -54.774 39.666 55.719
v -54.981 39.825 55.498
v -54.774 39.666 55.498
v -54.981 39.825 55.719
v -56.188 44.666 55.498
v -56.347 44.459 55.719
v -56.347 44.459 55.498
v -56.188 44.666 55.719
v -55.740 44.925 55.719
v -55.981 44.825 55.498
v -55.740 44.925 55.498
v -55.981 44.825 55.719
v -54.515 34.217 55.719
v -54.481 33.959 55.498
v -54.481 33.959 55.719
v -54.515 34.217 55.498
v -55.481 32.959 55.719
v -55.222 32.993 55.498
v -55.481 32.959 55.498
v -55.222 32.993 55.719
v -55.981 33.093 55.719
v -55.740 32.993 55.498
v -55.981 33.093 55.498
v -55.740 32.993 55.719
v -54.981 38.093 55.719
v -54.774 38.252 55.498
v -54.981 38.093 55.498
v -54.774 38.252 55.719
v -55.222 34.925 55.719
v -55.481 34.959 55.498
v -55.222 34.925 55.498
v -55.481 34.959 55.719
v -56.347 38.459 55.498
v -56.188 38.252 55.719
v -56.188 38.252 55.498
v -56.347 38.459 55.719
v -56.347 33.459 55.498
v -56.188 33.252 55.719
v -56.188 33.252 55.498
v -56.347 33.459 55.719
v -55.740 39.925 55.719
v -55.981 39.825 55.498
v -55.740 39.925 55.498
v -55.981 39.825 55.719
v -56.447 33.700 55.498
v -56.447 33.700 55.719
v -56.481 33.959 55.498
v -56.481 33.959 55.719
v -56.347 34.459 55.498
v -56.447 34.217 55.719
v -56.447 34.217 55.498
v -56.347 34.459 55.719
v -54.774 34.666 55.719
v -54.615 34.459 55.498
v -54.615 34.459 55.719
v -54.774 34.666 55.498
v -54.515 39.217 55.719
v -54.481 38.959 55.498
v -54.481 38.959 55.719
v -54.515 39.217 55.498
v -55.981 38.093 55.719
v -55.740 37.993 55.498
v -55.981 38.093 55.498
v -55.740 37.993 55.719
v -56.188 34.666 55.498
v -56.188 34.666 55.719
v -56.447 44.217 55.719
v -56.447 44.217 55.498
v -56.188 39.666 55.498
v -56.188 39.666 55.719
v -55.740 34.925 55.498
v -55.740 34.925 55.719
v -54.615 33.459 55.719
v -54.774 33.252 55.498
v -54.774 33.252 55.719
v -54.615 33.459 55.498
v -54.981 34.825 55.498
v -54.981 34.825 55.719
v -54.981 33.093 55.719
v -54.981 33.093 55.498
v -55.481 37.959 55.498
v -55.481 37.959 55.719
v -55.222 39.925 55.498
v -55.222 39.925 55.719
v -54.615 39.459 55.498
v -54.615 39.459 55.719
v -56.447 43.700 55.498
v -56.347 43.459 55.719
v -56.347 43.459 55.498
v -56.447 43.700 55.719
v -55.481 39.959 55.719
v -55.481 39.959 55.498
v -54.515 38.700 55.719
v -54.615 38.459 55.498
v -54.615 38.459 55.719
v -54.515 38.700 55.498
v -56.347 39.459 55.719
v -56.347 39.459 55.498
v -54.515 33.700 55.498
v -54.515 33.700 55.719
v -56.481 43.959 55.498
v -56.481 43.959 55.719
v -55.222 37.993 55.719
v -55.222 37.993 55.498
v -56.447 39.217 55.498
v -56.447 39.217 55.719
v -54.615 23.459 55.719
v -54.774 23.252 55.498
v -54.774 23.252 55.719
v -54.615 23.459 55.498
v -55.981 24.825 55.719
v -56.188 24.666 55.498
v -55.981 24.825 55.498
v -56.188 24.666 55.719
v -55.481 19.959 55.719
v -55.740 19.925 55.498
v -55.481 19.959 55.498
v -55.740 19.925 55.719
v -54.774 24.666 55.719
v -54.981 24.825 55.498
v -54.774 24.666 55.498
v -54.981 24.825 55.719
v -55.222 19.925 55.719
v -55.222 19.925 55.498
v -54.774 29.666 55.719
v -54.981 29.825 55.498
v -54.774 29.666 55.498
v -54.981 29.825 55.719
v -56.347 29.459 55.498
v -56.447 29.217 55.719
v -56.447 29.217 55.498
v -56.347 29.459 55.719
v -56.188 29.666 55.498
v -56.188 29.666 55.719
v -54.981 28.093 55.719
v -54.774 28.252 55.498
v -54.981 28.093 55.498
v -54.774 28.252 55.719
v -54.515 29.217 55.719
v -54.481 28.959 55.498
v -54.481 28.959 55.719
v -54.515 29.217 55.498
v -54.615 24.459 55.719
v -54.515 24.217 55.498
v -54.515 24.217 55.719
v -54.615 24.459 55.498
v -55.222 24.925 55.498
v -55.222 24.925 55.719
v -55.222 22.993 55.719
v -54.981 23.093 55.498
v -55.222 22.993 55.498
v -54.981 23.093 55.719
v -56.347 23.459 55.498
v -56.188 23.252 55.719
v -56.188 23.252 55.498
v -56.347 23.459 55.719
v -55.222 29.925 55.719
v -55.481 29.959 55.498
v -55.222 29.925 55.498
v -55.481 29.959 55.719
v -56.347 24.459 55.498
v -56.447 24.217 55.719
v -56.447 24.217 55.498
v -56.347 24.459 55.719
v -54.515 28.700 55.498
v -54.515 28.700 55.719
v -54.981 19.825 55.719
v -54.981 19.825 55.498
v -54.774 19.666 55.719
v -54.774 19.666 55.498
v -55.481 24.959 55.498
v -55.481 24.959 55.719
v -55.981 34.825 55.719
v -55.981 34.825 55.498
v -54.515 23.700 55.719
v -54.515 23.700 55.498
v -54.615 19.459 55.498
v -54.615 19.459 55.719
v -54.515 19.217 55.498
v -54.515 19.217 55.719
v -56.481 28.959 55.498
v -56.447 28.700 55.719
v -56.447 28.700 55.498
v -56.481 28.959 55.719
v -54.481 18.959 55.498
v -54.481 18.959 55.719
v -55.981 23.093 55.719
v -55.740 22.993 55.498
v -55.981 23.093 55.498
v -55.740 22.993 55.719
v -55.740 29.925 55.498
v -55.740 29.925 55.719
v -54.615 29.459 55.498
v -54.615 29.459 55.719
v -56.188 28.252 55.719
v -55.981 28.093 55.498
v -56.188 28.252 55.498
v -55.981 28.093 55.719
v -56.347 28.459 55.498
v -56.347 28.459 55.719
v -54.481 23.959 55.498
v -54.481 23.959 55.719
v -55.740 27.993 55.719
v -55.481 27.959 55.498
v -55.740 27.993 55.498
v -55.481 27.959 55.719
v -55.481 22.959 55.498
v -55.481 22.959 55.719
v -55.222 27.993 55.719
v -55.222 27.993 55.498
v -55.981 29.825 55.719
v -55.981 29.825 55.498
v -56.447 23.700 55.498
v -56.447 23.700 55.719
v -54.615 28.459 55.719
v -54.615 28.459 55.498
v -56.481 23.959 55.719
v -56.481 23.959 55.498
v -55.740 24.925 55.719
v -55.740 24.925 55.498
v -54.615 8.459 55.719
v -54.774 8.252 55.498
v -54.774 8.252 55.719
v -54.615 8.459 55.498
v -54.515 18.700 55.719
v -54.615 18.459 55.498
v -54.615 18.459 55.719
v -54.515 18.700 55.498
v -55.981 18.093 55.719
v -55.740 17.993 55.498
v -55.981 18.093 55.498
v -55.740 17.993 55.719
v -55.481 17.959 55.719
v -55.222 17.993 55.498
v -55.481 17.959 55.498
v -55.222 17.993 55.719
v -56.347 18.459 55.498
v -56.188 18.252 55.719
v -56.188 18.252 55.498
v -56.347 18.459 55.719
v -55.981 19.825 55.498
v -55.981 19.825 55.719
v -54.981 18.093 55.498
v -54.981 18.093 55.719
v -56.481 8.959 55.498
v -56.447 8.700 55.719
v -56.447 8.700 55.498
v -56.481 8.959 55.719
v -55.481 14.959 55.719
v -55.740 14.925 55.498
v -55.481 14.959 55.498
v -55.740 14.925 55.719
v -56.447 18.700 55.498
v -56.447 18.700 55.719
v -56.347 19.459 55.498
v -56.447 19.217 55.719
v -56.447 19.217 55.498
v -56.347 19.459 55.719
v -55.222 14.925 55.719
v -55.222 14.925 55.498
v -54.615 14.459 55.719
v -54.515 14.217 55.498
v -54.515 14.217 55.719
v -54.615 14.459 55.498
v -54.515 13.700 55.719
v -54.615 13.459 55.498
v -54.615 13.459 55.719
v -54.515 13.700 55.498
v -55.222 12.993 55.719
v -54.981 13.093 55.498
v -55.222 12.993 55.498
v -54.981 13.093 55.719
v -55.481 12.959 55.719
v -55.481 12.959 55.498
v -55.740 12.993 55.719
v -55.740 12.993 55.498
v -56.347 13.459 55.498
v -56.188 13.252 55.719
v -56.188 13.252 55.498
v -56.347 13.459 55.719
v -56.481 13.959 55.498
v -56.447 13.700 55.719
v -56.447 13.700 55.498
v -56.481 13.959 55.719
v -56.447 14.217 55.498
v -56.447 14.217 55.719
v -56.347 14.459 55.498
v -56.347 14.459 55.719
v -55.981 14.825 55.719
v -56.188 14.666 55.498
v -55.981 14.825 55.498
v -56.188 14.666 55.719
v -54.774 18.252 55.498
v -54.774 18.252 55.719
v -54.774 14.666 55.719
v -54.981 14.825 55.498
v -54.774 14.666 55.498
v -54.981 14.825 55.719
v -56.447 9.217 55.498
v -56.447 9.217 55.719
v -56.188 9.666 55.498
v -56.347 9.459 55.719
v -56.347 9.459 55.498
v -56.188 9.666 55.719
v -55.981 9.825 55.719
v -55.981 9.825 55.498
v -54.774 13.252 55.498
v -54.774 13.252 55.719
v -55.740 9.925 55.719
v -55.740 9.925 55.498
v -55.222 9.925 55.719
v -55.481 9.959 55.498
v -55.222 9.925 55.498
v -55.481 9.959 55.719
v -54.981 9.825 55.719
v -54.981 9.825 55.498
v -54.774 9.666 55.719
v -54.615 9.459 55.498
v -54.615 9.459 55.719
v -54.774 9.666 55.498
v -54.515 9.217 55.498
v -54.515 9.217 55.719
v -56.481 18.959 55.498
v -56.481 18.959 55.719
v -56.188 19.666 55.498
v -56.188 19.666 55.719
v -54.481 8.959 55.498
v -54.481 8.959 55.719
v -54.515 8.700 55.498
v -54.515 8.700 55.719
v -55.981 13.093 55.719
v -55.981 13.093 55.498
v -54.481 13.959 55.719
v -54.481 13.959 55.498
v -56.347 8.459 55.719
v -56.347 8.459 55.498
v -54.981 4.825 55.719
v -55.222 4.925 55.498
v -54.981 4.825 55.498
v -55.222 4.925 55.719
v -54.774 -0.334 55.719
v -54.615 -0.541 55.498
v -54.615 -0.541 55.719
v -54.774 -0.334 55.498
v -54.515 -0.783 55.498
v -54.515 -0.783 55.719
v -56.188 -1.748 55.719
v -55.981 -1.907 55.498
v -56.188 -1.748 55.498
v -55.981 -1.907 55.719
v -56.447 -1.300 55.498
v -56.347 -1.541 55.719
v -56.347 -1.541 55.498
v -56.447 -1.300 55.719
v -56.347 -0.541 55.498
v -56.447 -0.783 55.719
v -56.447 -0.783 55.498
v -56.347 -0.541 55.719
v -56.188 -0.334 55.498
v -56.188 -0.334 55.719
v -55.481 -0.041 55.719
v -55.740 -0.075 55.498
v -55.481 -0.041 55.498
v -55.740 -0.075 55.719
v -54.481 -1.041 55.498
v -54.481 -1.041 55.719
v -55.222 -5.075 55.719
v -55.481 -5.041 55.498
v -55.222 -5.075 55.498
v -55.481 -5.041 55.719
v -54.981 -5.175 55.719
v -54.981 -5.175 55.498
v -54.515 -1.300 55.719
v -54.615 -1.541 55.498
v -54.615 -1.541 55.719
v -54.515 -1.300 55.498
v -55.740 -2.007 55.498
v -55.740 -2.007 55.719
v -54.515 4.217 55.719
v -54.481 3.959 55.498
v -54.481 3.959 55.719
v -54.515 4.217 55.498
v -54.981 -0.175 55.719
v -55.222 -0.075 55.498
v -54.981 -0.175 55.498
v -55.222 -0.075 55.719
v -55.481 2.959 55.719
v -55.222 2.993 55.498
v -55.481 2.959 55.498
v -55.222 2.993 55.719
v -54.515 3.700 55.498
v -54.515 3.700 55.719
v -55.981 8.093 55.719
v -55.740 7.993 55.498
v -55.981 8.093 55.498
v -55.740 7.993 55.719
v -54.981 3.093 55.719
v -54.774 3.252 55.498
v -54.981 3.093 55.498
v -54.774 3.252 55.719
v -55.481 7.959 55.498
v -55.481 7.959 55.719
v -55.740 2.993 55.719
v -55.740 2.993 55.498
v -54.981 8.093 55.719
v -54.981 8.093 55.498
v -54.615 3.459 55.719
v -54.615 3.459 55.498
v -56.188 8.252 55.719
v -56.188 8.252 55.498
v -56.188 4.666 55.498
v -56.347 4.459 55.719
v -56.347 4.459 55.498
v -56.188 4.666 55.719
v -55.222 7.993 55.498
v -55.222 7.993 55.719
v -54.774 4.666 55.719
v -54.774 4.666 55.498
v -56.447 4.217 55.498
v -56.481 3.959 55.719
v -56.481 3.959 55.498
v -56.447 4.217 55.719
v -56.447 3.700 55.719
v -56.447 3.700 55.498
v -54.981 -1.907 55.719
v -54.774 -1.748 55.498
v -54.981 -1.907 55.498
v -54.774 -1.748 55.719
v -55.981 4.825 55.719
v -55.981 4.825 55.498
v -55.481 -2.041 55.498
v -55.481 -2.041 55.719
v -55.481 4.959 55.719
v -55.740 4.925 55.498
v -55.481 4.959 55.498
v -55.740 4.925 55.719
v -56.481 -1.041 55.498
v -56.481 -1.041 55.719
v -55.981 -0.175 55.719
v -55.981 -0.175 55.498
v -55.222 -2.007 55.719
v -55.222 -2.007 55.498
v -54.615 4.459 55.498
v -54.615 4.459 55.719
v -55.981 3.093 55.719
v -55.981 3.093 55.498
v -56.347 3.459 55.498
v -56.188 3.252 55.719
v -56.188 3.252 55.498
v -56.347 3.459 55.719
v -55.222 -12.007 55.719
v -54.981 -11.907 55.498
v -55.222 -12.007 55.498
v -54.981 -11.907 55.719
v -56.347 -11.541 55.498
v -56.188 -11.748 55.719
v -56.188 -11.748 55.498
v -56.347 -11.541 55.719
v -56.447 -11.300 55.498
v -56.447 -11.300 55.719
v -55.740 -5.075 55.498
v -55.740 -5.075 55.719
v -56.447 -10.783 55.498
v -56.481 -11.041 55.719
v -56.481 -11.041 55.498
v -56.447 -10.783 55.719
v -54.481 -6.041 55.719
v -54.515 -6.300 55.498
v -54.515 -6.300 55.719
v -54.481 -6.041 55.498
v -56.347 -5.541 55.498
v -56.447 -5.783 55.719
v -56.447 -5.783 55.498
v -56.347 -5.541 55.719
v -54.774 -10.334 55.719
v -54.981 -10.175 55.498
v -54.774 -10.334 55.498
v -54.981 -10.175 55.719
v -54.615 -11.541 55.719
v -54.774 -11.748 55.498
v -54.774 -11.748 55.719
v -54.615 -11.541 55.498
v -56.188 -10.334 55.498
v -56.347 -10.541 55.719
v -56.347 -10.541 55.498
v -56.188 -10.334 55.719
v -56.481 -16.041 55.498
v -56.447 -16.300 55.719
v -56.447 -16.300 55.498
v -56.481 -16.041 55.719
v -55.981 -5.175 55.498
v -55.981 -5.175 55.719
v -55.981 -11.907 55.719
v -55.740 -12.007 55.498
v -55.981 -11.907 55.498
v -55.740 -12.007 55.719
v -56.447 -15.783 55.498
v -56.447 -15.783 55.719
v -54.774 -5.334 55.719
v -54.615 -5.541 55.498
v -54.615 -5.541 55.719
v -54.774 -5.334 55.498
v -55.981 -6.907 55.719
v -55.740 -7.007 55.498
v -55.981 -6.907 55.498
v -55.740 -7.007 55.719
v -56.481 -6.041 55.719
v -56.481 -6.041 55.498
v -55.481 -12.041 55.498
v -55.481 -12.041 55.719
v -55.981 -10.175 55.719
v -55.981 -10.175 55.498
v -55.481 -10.041 55.719
v -55.740 -10.075 55.498
v -55.481 -10.041 55.498
v -55.740 -10.075 55.719
v -54.515 -5.783 55.498
v -54.515 -5.783 55.719
v -55.222 -10.075 55.719
v -55.222 -10.075 55.498
v -56.188 -6.748 55.719
v -56.188 -6.748 55.498
v -56.347 -15.541 55.498
v -56.347 -15.541 55.719
v -56.188 -5.334 55.498
v -56.188 -5.334 55.719
v -54.515 -11.300 55.719
v -54.515 -11.300 55.498
v -55.481 -7.041 55.498
v -55.481 -7.041 55.719
v -54.615 -10.541 55.498
v -54.615 -10.541 55.719
v -55.222 -7.007 55.498
v -55.222 -7.007 55.719
v -56.447 -6.300 55.498
v -56.347 -6.541 55.719
v -56.347 -6.541 55.498
v -56.447 -6.300 55.719
v -56.188 -15.334 55.498
v -56.188 -15.334 55.719
v -55.481 -15.041 55.719
v -55.740 -15.075 55.498
v -55.481 -15.041 55.498
v -55.740 -15.075 55.719
v -55.981 -15.175 55.498
v -55.981 -15.175 55.719
v -55.222 -15.075 55.719
v -55.222 -15.075 55.498
v -54.981 -15.175 55.719
v -54.981 -15.175 55.498
v -54.774 -15.334 55.719
v -54.774 -15.334 55.498
v -54.615 -15.541 55.498
v -54.615 -15.541 55.719
v -54.515 -10.783 55.719
v -54.481 -11.041 55.498
v -54.481 -11.041 55.719
v -54.515 -10.783 55.498
v -54.615 -6.541 55.498
v -54.615 -6.541 55.719
v -54.981 -6.907 55.498
v -54.981 -6.907 55.719
v -54.774 -6.748 55.498
v -54.774 -6.748 55.719
v -54.515 -16.300 55.719
v -54.615 -16.541 55.498
v -54.615 -16.541 55.719
v -54.515 -16.300 55.498
v -56.188 -16.748 55.719
v -55.981 -16.907 55.498
v -56.188 -16.748 55.498
v -55.981 -16.907 55.719
v -55.222 -17.007 55.719
v -54.981 -16.907 55.498
v -55.222 -17.007 55.498
v -54.981 -16.907 55.719
v -55.740 -17.007 55.498
v -55.740 -17.007 55.719
v -56.347 -16.541 55.498
v -56.347 -16.541 55.719
v -54.515 -15.783 55.498
v -54.515 -15.783 55.719
v -55.481 -17.041 55.719
v -55.481 -17.041 55.498
v -54.481 -16.041 55.498
v -54.481 -16.041 55.719
v -54.774 -16.748 55.498
v -54.774 -16.748 55.719
v -56.481 43.959 60.292
v -56.447 43.700 60.514
v -56.447 43.700 60.292
v -56.481 43.959 60.514
v -55.981 43.093 60.514
v -55.740 42.993 60.292
v -55.981 43.093 60.292
v -55.740 42.993 60.514
v -54.615 49.459 60.514
v -54.515 49.217 60.292
v -54.515 49.217 60.514
v -54.615 49.459 60.292
v -54.481 48.959 60.514
v -54.515 48.700 60.292
v -54.515 48.700 60.514
v -54.481 48.959 60.292
v -56.347 43.459 60.292
v -56.188 43.252 60.514
v -56.188 43.252 60.292
v -56.347 43.459 60.514
v -54.981 49.825 60.514
v -55.222 49.925 60.292
v -54.981 49.825 60.292
v -55.222 49.925 60.514
v -55.481 49.959 60.514
v -55.740 49.925 60.292
v -55.481 49.959 60.292
v -55.740 49.925 60.514
v -54.774 49.666 60.514
v -54.774 49.666 60.292
v -55.981 49.825 60.514
v -56.188 49.666 60.292
v -55.981 49.825 60.292
v -56.188 49.666 60.514
v -56.347 49.459 60.514
v -56.347 49.459 60.292
v -54.615 48.459 60.292
v -54.615 48.459 60.514
v -56.447 49.217 60.514
v -56.447 49.217 60.292
v -54.774 44.666 55.719
v -54.981 44.825 55.498
v -54.774 44.666 55.498
v -54.981 44.825 55.719
v -56.188 53.252 55.719
v -55.981 53.093 55.498
v -56.188 53.252 55.498
v -55.981 53.093 55.719
v -56.447 48.700 55.498
v -56.347 48.459 55.719
v -56.347 48.459 55.498
v -56.447 48.700 55.719
v -56.481 53.959 55.498
v -56.447 53.700 55.719
v -56.447 53.700 55.498
v -56.481 53.959 55.719
v -54.615 54.459 55.719
v -54.515 54.217 55.498
v -54.515 54.217 55.719
v -54.615 54.459 55.498
v -56.347 54.459 55.498
v -56.447 54.217 55.719
v -56.447 54.217 55.498
v -56.347 54.459 55.719
v -55.481 52.959 55.719
v -55.222 52.993 55.498
v -55.481 52.959 55.498
v -55.222 52.993 55.719
v -55.481 59.959 55.719
v -55.740 59.925 55.498
v -55.481 59.959 55.498
v -55.740 59.925 55.719
v -55.740 52.993 55.498
v -55.740 52.993 55.719
v -55.481 49.959 55.719
v -55.740 49.925 55.498
v -55.481 49.959 55.498
v -55.740 49.925 55.719
v -54.774 49.666 55.719
v -54.981 49.825 55.498
v -54.774 49.666 55.498
v -54.981 49.825 55.719
v -54.515 53.700 55.719
v -54.615 53.459 55.498
v -54.615 53.459 55.719
v -54.515 53.700 55.498
v -55.222 49.925 55.719
v -55.222 49.925 55.498
v -54.615 49.459 55.498
v -54.615 49.459 55.719
v -54.774 54.666 55.719
v -54.981 54.825 55.498
v -54.774 54.666 55.498
v -54.981 54.825 55.719
v -54.515 49.217 55.498
v -54.515 49.217 55.719
v -54.481 48.959 55.719
v -54.515 48.700 55.498
v -54.515 48.700 55.719
v -54.481 48.959 55.498
v -56.188 48.252 55.719
v -55.981 48.093 55.498
v -56.188 48.252 55.498
v -55.981 48.093 55.719
v -56.481 48.959 55.498
v -56.481 48.959 55.719
v -55.740 54.925 55.719
v -55.981 54.825 55.498
v -55.740 54.925 55.498
v -55.981 54.825 55.719
v -55.481 54.959 55.719
v -55.481 54.959 55.498
v -55.981 59.825 55.498
v -55.981 59.825 55.719
v -56.188 59.666 55.498
v -56.188 59.666 55.719
v -55.740 47.993 55.498
v -55.740 47.993 55.719
v -55.981 49.825 55.719
v -56.188 49.666 55.498
v -55.981 49.825 55.498
v -56.188 49.666 55.719
v -56.347 49.459 55.719
v -56.347 49.459 55.498
v -54.981 53.093 55.498
v -54.981 53.093 55.719
v -56.188 54.666 55.498
v -56.188 54.666 55.719
v -54.615 48.459 55.719
v -54.774 48.252 55.498
v -54.774 48.252 55.719
v -54.615 48.459 55.498
v -55.222 54.925 55.719
v -55.222 54.925 55.498
v -54.774 53.252 55.498
v -54.774 53.252 55.719
v -55.222 47.993 55.719
v -54.981 48.093 55.498
v -55.222 47.993 55.498
v -54.981 48.093 55.719
v -56.347 53.459 55.498
v -56.347 53.459 55.719
v -54.481 53.959 55.719
v -54.481 53.959 55.498
v -56.347 59.459 55.719
v -56.347 59.459 55.498
v -55.481 47.959 55.498
v -55.481 47.959 55.719
v -56.447 49.217 55.719
v -56.447 49.217 55.498
v -55.481 44.959 55.719
v -55.481 44.959 55.498
v -55.222 44.925 55.719
v -55.222 44.925 55.498
v -54.774 -50.334 55.719
v -54.981 -50.175 55.498
v -54.774 -50.334 55.498
v -54.981 -50.175 55.719
v -54.515 -50.783 55.719
v -54.481 -51.041 55.498
v -54.481 -51.041 55.719
v -54.515 -50.783 55.498
v -55.481 -50.041 55.719
v -55.740 -50.075 55.498
v -55.481 -50.041 55.498
v -55.740 -50.075 55.719
v -55.981 -41.907 55.719
v -55.740 -42.007 55.498
v -55.981 -41.907 55.498
v -55.740 -42.007 55.719
v -54.774 -45.334 55.719
v -54.981 -45.175 55.498
v -54.774 -45.334 55.498
v -54.981 -45.175 55.719
v -54.981 -46.907 55.719
v -54.774 -46.748 55.498
v -54.981 -46.907 55.498
v -54.774 -46.748 55.719
v -55.222 -47.007 55.719
v -55.222 -47.007 55.498
v -56.347 -45.541 55.498
v -56.447 -45.783 55.719
v -56.447 -45.783 55.498
v -56.347 -45.541 55.719
v -55.222 -42.007 55.719
v -54.981 -41.907 55.498
v -55.222 -42.007 55.498
v -54.981 -41.907 55.719
v -54.615 -45.541 55.719
v -54.515 -45.783 55.498
v -54.515 -45.783 55.719
v -54.615 -45.541 55.498
v -55.481 -47.041 55.719
v -55.481 -47.041 55.498
v -56.481 -46.041 55.719
v -56.481 -46.041 55.498
v -54.615 -50.541 55.719
v -54.615 -50.541 55.498
v -54.515 -51.300 55.719
v -54.615 -51.541 55.498
v -54.615 -51.541 55.719
v -54.515 -51.300 55.498
v -55.740 -45.075 55.719
v -55.981 -45.175 55.498
v -55.740 -45.075 55.498
v -55.981 -45.175 55.719
v -54.774 -51.748 55.498
v -54.774 -51.748 55.719
v -56.447 -51.300 55.498
v -56.347 -51.541 55.719
v -56.347 -51.541 55.498
v -56.447 -51.300 55.719
v -56.481 -51.041 55.498
v -56.481 -51.041 55.719
v -55.481 -45.041 55.719
v -55.481 -45.041 55.498
v -54.515 -46.300 55.719
v -54.615 -46.541 55.498
v -54.615 -46.541 55.719
v -54.515 -46.300 55.498
v -55.981 -46.907 55.719
v -55.740 -47.007 55.498
v -55.981 -46.907 55.498
v -55.740 -47.007 55.719
v -55.222 -52.007 55.719
v -54.981 -51.907 55.498
v -55.222 -52.007 55.498
v -54.981 -51.907 55.719
v -54.481 -46.041 55.498
v -54.481 -46.041 55.719
v -54.615 -41.541 55.719
v -54.774 -41.748 55.498
v -54.774 -41.748 55.719
v -54.615 -41.541 55.498
v -55.740 -52.007 55.719
v -55.481 -52.041 55.498
v -55.740 -52.007 55.498
v -55.481 -52.041 55.719
v -56.347 -41.541 55.719
v -56.347 -41.541 55.498
v -56.188 -45.334 55.498
v -56.188 -45.334 55.719
v -55.981 -51.907 55.719
v -55.981 -51.907 55.498
v -56.447 -50.783 55.498
v -56.447 -50.783 55.719
v -55.981 -50.175 55.719
v -56.188 -50.334 55.498
v -55.981 -50.175 55.498
v -56.188 -50.334 55.719
v -56.347 -46.541 55.498
v -56.188 -46.748 55.719
v -56.188 -46.748 55.498
v -56.347 -46.541 55.719
v -56.447 -46.300 55.498
v -56.447 -46.300 55.719
v -55.481 -42.041 55.498
v -55.481 -42.041 55.719
v -56.347 -50.541 55.719
v -56.347 -50.541 55.498
v -55.222 -45.075 55.719
v -55.222 -45.075 55.498
v -56.188 -41.748 55.719
v -56.188 -41.748 55.498
v -55.222 -50.075 55.498
v -55.222 -50.075 55.719
v -56.188 -51.748 55.719
v -56.188 -51.748 55.498
v -56.188 -60.334 55.498
v -56.347 -60.541 55.719
v -56.347 -60.541 55.498
v -56.188 -60.334 55.719
v -55.981 -60.175 55.719
v -55.981 -60.175 55.498
v -54.615 44.459 55.719
v -54.515 44.217 55.498
v -54.515 44.217 55.719
v -54.615 44.459 55.498
v -54.615 -60.541 55.719
v -54.515 -60.783 55.498
v -54.515 -60.783 55.719
v -54.615 -60.541 55.498
v -54.481 -56.041 55.719
v -54.515 -56.300 55.498
v -54.515 -56.300 55.719
v -54.481 -56.041 55.498
v -54.615 43.459 55.719
v -54.774 43.252 55.498
v -54.774 43.252 55.719
v -54.615 43.459 55.498
v -54.615 -56.541 55.498
v -54.615 -56.541 55.719
v -56.188 -55.334 55.498
v -56.347 -55.541 55.719
v -56.347 -55.541 55.498
v -56.188 -55.334 55.719
v -54.481 -61.041 55.498
v -54.481 -61.041 55.719
v -54.615 -61.541 55.719
v -54.774 -61.748 55.498
v -54.774 -61.748 55.719
v -54.615 -61.541 55.498
v -55.222 -55.075 55.719
v -55.481 -55.041 55.498
v -55.222 -55.075 55.498
v -55.481 -55.041 55.719
v -55.481 -62.041 55.719
v -55.222 -62.007 55.498
v -55.481 -62.041 55.498
v -55.222 -62.007 55.719
v -55.740 -55.075 55.498
v -55.740 -55.075 55.719
v -56.447 -55.783 55.719
v -56.447 -55.783 55.498
v -54.515 -61.300 55.719
v -54.515 -61.300 55.498
v -54.981 -61.907 55.719
v -54.981 -61.907 55.498
v -56.347 -61.541 55.498
v -56.188 -61.748 55.719
v -56.188 -61.748 55.498
v -56.347 -61.541 55.719
v -56.481 -56.041 55.498
v -56.447 -56.300 55.719
v -56.447 -56.300 55.498
v -56.481 -56.041 55.719
v -55.740 -60.075 55.719
v -55.740 -60.075 55.498
v -54.981 -60.175 55.719
v -55.222 -60.075 55.498
v -54.981 -60.175 55.498
v -55.222 -60.075 55.719
v -54.515 43.700 55.719
v -54.515 43.700 55.498
v -54.515 -55.783 55.719
v -54.515 -55.783 55.498
v -54.981 43.093 55.719
v -54.981 43.093 55.498
v -55.222 42.993 55.719
v -55.222 42.993 55.498
v -54.774 -55.334 55.719
v -54.615 -55.541 55.498
v -54.615 -55.541 55.719
v -54.774 -55.334 55.498
v -55.981 -61.907 55.498
v -55.981 -61.907 55.719
v -56.188 -56.748 55.719
v -55.981 -56.907 55.498
v -56.188 -56.748 55.498
v -55.981 -56.907 55.719
v -54.981 -56.907 55.719
v -54.774 -56.748 55.498
v -54.981 -56.907 55.498
v -54.774 -56.748 55.719
v -55.740 -57.007 55.719
v -55.481 -57.041 55.498
v -55.740 -57.007 55.498
v -55.481 -57.041 55.719
v -54.774 -60.334 55.719
v -54.774 -60.334 55.498
v -55.740 -62.007 55.498
v -55.740 -62.007 55.719
v -56.447 -60.783 55.719
v -56.447 -60.783 55.498
v -55.222 -57.007 55.719
v -55.222 -57.007 55.498
v -56.481 -61.041 55.719
v -56.481 -61.041 55.498
v -54.981 -55.175 55.719
v -54.981 -55.175 55.498
v -56.347 -56.541 55.719
v -56.347 -56.541 55.498
v -54.481 43.959 55.498
v -54.481 43.959 55.719
v -55.481 42.959 55.719
v -55.481 42.959 55.498
v -55.740 42.993 55.719
v -55.740 42.993 55.498
v -55.481 -60.041 55.719
v -55.481 -60.041 55.498
v -55.981 -55.175 55.719
v -55.981 -55.175 55.498
v -56.447 -61.300 55.498
v -56.447 -61.300 55.719
v -54.774 -20.334 55.719
v -54.615 -20.541 55.498
v -54.615 -20.541 55.719
v -54.774 -20.334 55.498
v -54.515 -20.783 55.498
v -54.515 -20.783 55.719
v -54.981 -70.175 55.719
v -55.222 -70.075 55.498
v -54.981 -70.175 55.498
v -55.222 -70.075 55.719
v -55.740 -65.075 55.719
v -55.981 -65.175 55.498
v -55.740 -65.075 55.498
v -55.981 -65.175 55.719
v -55.481 -65.041 55.719
v -55.481 -65.041 55.498
v -56.447 -66.300 55.498
v -56.347 -66.541 55.719
v -56.347 -66.541 55.498
v -56.447 -66.300 55.719
v -54.981 -71.907 55.719
v -54.774 -71.748 55.498
v -54.981 -71.907 55.498
v -54.774 -71.748 55.719
v -54.481 -21.041 55.498
v -54.481 -21.041 55.719
v -54.515 -21.300 55.498
v -54.515 -21.300 55.719
v -54.615 -21.541 55.498
v -54.615 -21.541 55.719
v -56.188 -65.334 55.498
v -56.347 -65.541 55.719
v -56.347 -65.541 55.498
v -56.188 -65.334 55.719
v -55.481 -70.041 55.719
v -55.740 -70.075 55.498
v -55.481 -70.041 55.498
v -55.740 -70.075 55.719
v -55.740 -72.007 55.719
v -55.481 -72.041 55.498
v -55.740 -72.007 55.498
v -55.481 -72.041 55.719
v -54.774 -65.334 55.719
v -54.981 -65.175 55.498
v -54.774 -65.334 55.498
v -54.981 -65.175 55.719
v -54.615 -65.541 55.498
v -54.615 -65.541 55.719
v -54.515 -65.783 55.719
v -54.481 -66.041 55.498
v -54.481 -66.041 55.719
v -54.515 -65.783 55.498
v -54.481 -71.041 55.719
v -54.515 -71.300 55.498
v -54.515 -71.300 55.719
v -54.481 -71.041 55.498
v -54.615 -71.541 55.719
v -54.615 -71.541 55.498
v -55.981 -71.907 55.719
v -55.981 -71.907 55.498
v -56.481 -66.041 55.498
v -56.481 -66.041 55.719
v -54.615 -66.541 55.719
v -54.774 -66.748 55.498
v -54.774 -66.748 55.719
v -54.615 -66.541 55.498
v -56.188 -66.748 55.719
v -55.981 -66.907 55.498
v -56.188 -66.748 55.498
v -55.981 -66.907 55.719
v -55.481 -67.041 55.719
v -55.222 -67.007 55.498
v -55.481 -67.041 55.498
v -55.222 -67.007 55.719
v -54.615 -70.541 55.719
v -54.515 -70.783 55.498
v -54.515 -70.783 55.719
v -54.615 -70.541 55.498
v -56.481 -71.041 55.498
v -56.447 -71.300 55.719
v -56.447 -71.300 55.498
v -56.481 -71.041 55.719
v -56.447 -70.783 55.498
v -56.447 -70.783 55.719
v -54.774 -70.334 55.719
v -54.774 -70.334 55.498
v -56.347 -70.541 55.498
v -56.347 -70.541 55.719
v -55.222 -72.007 55.498
v -55.222 -72.007 55.719
v -55.981 -70.175 55.719
v -56.188 -70.334 55.498
v -55.981 -70.175 55.498
v -56.188 -70.334 55.719
v -55.222 -65.075 55.498
v -55.222 -65.075 55.719
v -54.515 -66.300 55.719
v -54.515 -66.300 55.498
v -55.740 -67.007 55.498
v -55.740 -67.007 55.719
v -54.981 -66.907 55.719
v -54.981 -66.907 55.498
v -55.481 -20.041 55.719
v -55.740 -20.075 55.498
v -55.481 -20.041 55.498
v -55.740 -20.075 55.719
v -56.447 -65.783 55.719
v -56.447 -65.783 55.498
v -56.188 -71.748 55.719
v -56.188 -71.748 55.498
v -56.347 -71.541 55.498
v -56.347 -71.541 55.719
v -55.222 -20.075 55.719
v -55.222 -20.075 55.498
v -54.981 -20.175 55.719
v -54.981 -20.175 55.498
v -55.740 74.925 55.719
v -55.981 74.825 55.498
v -55.740 74.925 55.498
v -55.981 74.825 55.719
v -54.981 69.825 55.719
v -55.222 69.925 55.498
v -54.981 69.825 55.498
v -55.222 69.925 55.719
v -54.515 69.217 55.719
v -54.481 68.959 55.498
v -54.481 68.959 55.719
v -54.515 69.217 55.498
v -55.481 74.959 55.719
v -55.481 74.959 55.498
v -55.981 68.093 55.719
v -55.740 67.993 55.498
v -55.981 68.093 55.498
v -55.740 67.993 55.719
v -55.222 67.993 55.719
v -54.981 68.093 55.498
v -55.222 67.993 55.498
v -54.981 68.093 55.719
v -54.615 74.459 55.719
v -54.515 74.217 55.498
v -54.515 74.217 55.719
v -54.615 74.459 55.498
v -56.188 68.252 55.719
v -56.188 68.252 55.498
v -54.515 73.700 55.719
v -54.615 73.459 55.498
v -54.615 73.459 55.719
v -54.515 73.700 55.498
v -55.222 -22.007 55.719
v -54.981 -21.907 55.498
v -55.222 -22.007 55.498
v -54.981 -21.907 55.719
v -56.188 74.666 55.498
v -56.188 74.666 55.719
v -54.774 74.666 55.719
v -54.981 74.825 55.498
v -54.774 74.666 55.498
v -54.981 74.825 55.719
v -54.981 73.093 55.719
v -54.774 73.252 55.498
v -54.981 73.093 55.498
v -54.774 73.252 55.719
v -56.447 73.700 55.498
v -56.347 73.459 55.719
v -56.347 73.459 55.498
v -56.447 73.700 55.719
v -55.222 72.993 55.719
v -55.222 72.993 55.498
v -54.774 69.666 55.719
v -54.615 69.459 55.498
v -54.615 69.459 55.719
v -54.774 69.666 55.498
v -54.774 -21.748 55.498
v -54.774 -21.748 55.719
v -55.481 -22.041 55.719
v -55.481 -22.041 55.498
v -54.481 73.959 55.498
v -54.481 73.959 55.719
v -56.347 74.459 55.498
v -56.447 74.217 55.719
v -56.447 74.217 55.498
v -56.347 74.459 55.719
v -55.740 -22.007 55.719
v -55.740 -22.007 55.498
v -56.188 -21.748 55.719
v -55.981 -21.907 55.498
v -56.188 -21.748 55.498
v -55.981 -21.907 55.719
v -54.515 68.700 55.498
v -54.515 68.700 55.719
v -54.615 68.459 55.719
v -54.774 68.252 55.498
v -54.774 68.252 55.719
v -54.615 68.459 55.498
v -55.481 69.959 55.719
v -55.740 69.925 55.498
v -55.481 69.959 55.498
v -55.740 69.925 55.719
v -55.481 67.959 55.498
v -55.481 67.959 55.719
v -56.481 -21.041 55.498
v -56.447 -21.300 55.719
v -56.447 -21.300 55.498
v -56.481 -21.041 55.719
v -56.347 68.459 55.498
v -56.347 68.459 55.719
v -56.481 68.959 55.498
v -56.447 68.700 55.719
v -56.447 68.700 55.498
v -56.481 68.959 55.719
v -56.447 69.217 55.498
v -56.447 69.217 55.719
v -56.347 69.459 55.498
v -56.347 69.459 55.719
v -56.481 73.959 55.498
v -56.481 73.959 55.719
v -55.222 74.925 55.719
v -55.222 74.925 55.498
v -55.740 72.993 55.719
v -55.481 72.959 55.498
v -55.740 72.993 55.498
v -55.481 72.959 55.719
v -56.347 -21.541 55.719
v -56.347 -21.541 55.498
v -56.188 73.252 55.719
v -56.188 73.252 55.498
v -56.188 -20.334 55.498
v -56.347 -20.541 55.719
v -56.347 -20.541 55.498
v -56.188 -20.334 55.719
v -55.981 -20.175 55.719
v -55.981 -20.175 55.498
v -56.447 -20.783 55.719
v -56.447 -20.783 55.498
v -55.981 73.093 55.719
v -55.981 73.093 55.498
v -56.481 63.959 55.498
v -56.447 63.700 55.719
v -56.447 63.700 55.498
v -56.481 63.959 55.719
v -55.981 64.825 55.719
v -56.188 64.666 55.498
v -55.981 64.825 55.498
v -56.188 64.666 55.719
v -55.481 64.959 55.719
v -55.740 64.925 55.498
v -55.481 64.959 55.498
v -55.740 64.925 55.719
v -54.774 59.666 55.719
v -54.615 59.459 55.498
v -54.615 59.459 55.719
v -54.774 59.666 55.498
v -54.515 58.700 55.719
v -54.615 58.459 55.498
v -54.615 58.459 55.719
v -54.515 58.700 55.498
v -54.981 58.093 55.719
v -54.774 58.252 55.498
v -54.981 58.093 55.498
v -54.774 58.252 55.719
v -55.740 57.993 55.719
v -55.481 57.959 55.498
v -55.740 57.993 55.498
v -55.481 57.959 55.719
v -55.981 58.093 55.719
v -55.981 58.093 55.498
v -54.981 59.825 55.498
v -54.981 59.825 55.719
v -55.222 57.993 55.498
v -55.222 57.993 55.719
v -56.188 58.252 55.719
v -56.188 58.252 55.498
v -56.347 64.459 55.498
v -56.447 64.217 55.719
v -56.447 64.217 55.498
v -56.347 64.459 55.719
v -55.222 59.925 55.498
v -55.222 59.925 55.719
v -56.347 58.459 55.498
v -56.347 58.459 55.719
v -56.447 58.700 55.498
v -56.447 58.700 55.719
v -56.481 58.959 55.498
v -56.481 58.959 55.719
v -56.447 59.217 55.498
v -56.447 59.217 55.719
v -56.188 69.666 55.498
v -56.188 69.666 55.719
v -54.515 59.217 55.719
v -54.481 58.959 55.498
v -54.481 58.959 55.719
v -54.515 59.217 55.498
v -55.222 64.925 55.719
v -55.222 64.925 55.498
v -54.615 64.459 55.719
v -54.515 64.217 55.498
v -54.515 64.217 55.719
v -54.615 64.459 55.498
v -55.981 63.093 55.719
v -55.740 62.993 55.498
v -55.981 63.093 55.498
v -55.740 62.993 55.719
v -54.981 64.825 55.719
v -54.981 64.825 55.498
v -55.222 62.993 55.719
v -54.981 63.093 55.498
v -55.222 62.993 55.498
v -54.981 63.093 55.719
v -55.481 62.959 55.719
v -55.481 62.959 55.498
v -56.347 63.459 55.498
v -56.188 63.252 55.719
v -56.188 63.252 55.498
v -56.347 63.459 55.719
v -54.774 64.666 55.719
v -54.774 64.666 55.498
v -54.481 63.959 55.719
v -54.515 63.700 55.498
v -54.515 63.700 55.719
v -54.481 63.959 55.498
v -54.615 63.459 55.498
v -54.615 63.459 55.719
v -54.774 63.252 55.498
v -54.774 63.252 55.719
v -55.981 69.825 55.719
v -55.981 69.825 55.498
v -55.222 -10.075 60.514
v -55.481 -10.041 60.292
v -55.222 -10.075 60.292
v -55.481 -10.041 60.514
v -54.515 -15.783 60.514
v -54.481 -16.041 60.292
v -54.481 -16.041 60.514
v -54.515 -15.783 60.292
v -54.774 -15.334 60.514
v -54.981 -15.175 60.292
v -54.774 -15.334 60.292
v -54.981 -15.175 60.514
v -54.615 -16.541 60.514
v -54.774 -16.748 60.292
v -54.774 -16.748 60.514
v -54.615 -16.541 60.292
v -54.515 -16.300 60.514
v -54.515 -16.300 60.292
v -54.615 -15.541 60.292
v -54.615 -15.541 60.514
v -56.447 -16.300 60.292
v -56.347 -16.541 60.514
v -56.347 -16.541 60.292
v -56.447 -16.300 60.514
v -56.188 -10.334 60.292
v -56.347 -10.541 60.514
v -56.347 -10.541 60.292
v -56.188 -10.334 60.514
v -54.981 -16.907 60.514
v -54.981 -16.907 60.292
v -55.222 -15.075 60.292
v -55.222 -15.075 60.514
v -56.481 -16.041 60.292
v -56.481 -16.041 60.514
v -55.481 -15.041 60.292
v -55.481 -15.041 60.514
v -55.740 -5.075 60.514
v -55.981 -5.175 60.292
v -55.740 -5.075 60.292
v -55.981 -5.175 60.514
v -55.740 -15.075 60.292
v -55.740 -15.075 60.514
v -55.981 -15.175 60.292
v -55.981 -15.175 60.514
v -54.515 -11.300 60.514
v -54.615 -11.541 60.292
v -54.615 -11.541 60.514
v -54.515 -11.300 60.292
v -56.188 -15.334 60.292
v -56.188 -15.334 60.514
v -56.188 -5.334 60.292
v -56.347 -5.541 60.514
v -56.347 -5.541 60.292
v -56.188 -5.334 60.514
v -55.222 -12.007 60.514
v -54.981 -11.907 60.292
v -55.222 -12.007 60.292
v -54.981 -11.907 60.514
v -55.481 -5.041 60.514
v -55.481 -5.041 60.292
v -55.222 -5.075 60.514
v -55.222 -5.075 60.292
v -56.447 -11.300 60.292
v -56.347 -11.541 60.514
v -56.347 -11.541 60.292
v -56.447 -11.300 60.514
v -54.774 -11.748 60.292
v -54.774 -11.748 60.514
v -56.188 -11.748 60.514
v -56.188 -11.748 60.292
v -54.981 -5.175 60.514
v -54.981 -5.175 60.292
v -54.774 -5.334 60.514
v -54.774 -5.334 60.292
v -56.447 -15.783 60.292
v -56.447 -15.783 60.514
v -56.447 -10.783 60.292
v -56.481 -11.041 60.514
v -56.481 -11.041 60.292
v -56.447 -10.783 60.514
v -55.981 -11.907 60.292
v -55.981 -11.907 60.514
v -55.740 -12.007 60.514
v -55.481 -12.041 60.292
v -55.740 -12.007 60.292
v -55.481 -12.041 60.514
v -54.481 -11.041 60.514
v -54.481 -11.041 60.292
v -54.774 -10.334 60.514
v -54.615 -10.541 60.292
v -54.615 -10.541 60.514
v -54.774 -10.334 60.292
v -55.981 -10.175 60.514
v -55.981 -10.175 60.292
v -54.981 -10.175 60.514
v -54.981 -10.175 60.292
v -55.740 -10.075 60.514
v -55.740 -10.075 60.292
v -56.447 -5.783 60.514
v -56.447 -5.783 60.292
v -56.188 -16.748 60.514
v -56.188 -16.748 60.292
v -55.981 -16.907 60.292
v -55.981 -16.907 60.514
v -54.515 -10.783 60.292
v -54.515 -10.783 60.514
v -55.740 -17.007 60.292
v -55.740 -17.007 60.514
v -55.481 -17.041 60.292
v -55.481 -17.041 60.514
v -55.222 -17.007 60.292
v -55.222 -17.007 60.514
v -54.481 -21.041 60.514
v -54.515 -21.300 60.292
v -54.515 -21.300 60.514
v -54.481 -21.041 60.292
v -55.222 -22.007 60.514
v -54.981 -21.907 60.292
v -55.222 -22.007 60.292
v -54.981 -21.907 60.514
v -54.981 -20.175 60.514
v -55.222 -20.075 60.292
v -54.981 -20.175 60.292
v -55.222 -20.075 60.514
v -54.774 -21.748 60.292
v -54.774 -21.748 60.514
v -55.740 -20.075 60.514
v -55.981 -20.175 60.292
v -55.740 -20.075 60.292
v -55.981 -20.175 60.514
v -56.188 -21.748 60.514
v -55.981 -21.907 60.292
v -56.188 -21.748 60.292
v -55.981 -21.907 60.514
v -55.740 -22.007 60.292
v -55.740 -22.007 60.514
v -54.615 -21.541 60.292
v -54.615 -21.541 60.514
v -56.347 -15.541 60.514
v -56.347 -15.541 60.292
v -55.481 -20.041 60.514
v -55.481 -20.041 60.292
v -55.481 -22.041 60.292
v -55.481 -22.041 60.514
v -54.615 -20.541 60.514
v -54.515 -20.783 60.292
v -54.515 -20.783 60.514
v -54.615 -20.541 60.292
v -56.188 -20.334 60.292
v -56.188 -20.334 60.514
v -56.347 -20.541 60.514
v -56.347 -20.541 60.292
v -54.774 -20.334 60.514
v -54.774 -20.334 60.292
v -56.447 -20.783 60.292
v -56.481 -21.041 60.514
v -56.481 -21.041 60.292
v -56.447 -20.783 60.514
v -56.447 -21.300 60.514
v -56.447 -21.300 60.292
v -56.347 -21.541 60.292
v -56.347 -21.541 60.514
v -54.774 14.666 60.514
v -54.615 14.459 60.292
v -54.615 14.459 60.514
v -54.774 14.666 60.292
v -56.481 18.959 60.292
v -56.447 18.700 60.514
v -56.447 18.700 60.292
v -56.481 18.959 60.514
v -54.981 14.825 60.292
v -54.981 14.825 60.514
v -54.615 18.459 60.514
v -54.774 18.252 60.292
v -54.774 18.252 60.514
v -54.615 18.459 60.292
v -55.222 14.925 60.292
v -55.222 14.925 60.514
v -55.481 14.959 60.292
v -55.481 14.959 60.514
v -54.515 14.217 60.514
v -54.481 13.959 60.292
v -54.481 13.959 60.514
v -54.515 14.217 60.292
v -56.481 8.959 60.292
v -56.481 8.959 60.514
v -56.347 18.459 60.514
v -56.347 18.459 60.292
v -54.481 18.959 60.514
v -54.515 18.700 60.292
v -54.515 18.700 60.514
v -54.481 18.959 60.292
v -55.481 17.959 60.514
v -55.222 17.993 60.292
v -55.481 17.959 60.292
v -55.222 17.993 60.514
v -54.515 19.217 60.514
v -54.515 19.217 60.292
v -54.615 19.459 60.514
v -54.615 19.459 60.292
v -54.774 19.666 60.514
v -54.774 19.666 60.292
v -54.981 19.825 60.292
v -54.981 19.825 60.514
v -56.481 13.959 60.292
v -56.447 13.700 60.514
v -56.447 13.700 60.292
v -56.481 13.959 60.514
v -56.188 18.252 60.514
v -55.981 18.093 60.292
v -56.188 18.252 60.292
v -55.981 18.093 60.514
v -54.981 18.093 60.292
v -54.981 18.093 60.514
v -56.347 13.459 60.514
v -56.347 13.459 60.292
v -56.188 13.252 60.514
v -56.188 13.252 60.292
v -55.222 19.925 60.292
v -55.222 19.925 60.514
v -55.481 19.959 60.292
v -55.481 19.959 60.514
v -55.740 19.925 60.292
v -55.740 19.925 60.514
v -56.188 19.666 60.292
v -56.347 19.459 60.514
v -56.347 19.459 60.292
v -56.188 19.666 60.514
v -56.447 19.217 60.514
v -56.447 19.217 60.292
v -55.981 13.093 60.292
v -55.981 13.093 60.514
v -55.981 19.825 60.514
v -55.981 19.825 60.292
v -55.740 12.993 60.292
v -55.740 12.993 60.514
v -55.222 12.993 60.514
v -54.981 13.093 60.292
v -55.222 12.993 60.292
v -54.981 13.093 60.514
v -55.481 12.959 60.292
v -55.481 12.959 60.514
v -54.774 13.252 60.292
v -54.774 13.252 60.514
v -54.615 13.459 60.514
v -54.615 13.459 60.292
v -54.515 13.700 60.514
v -54.515 13.700 60.292
v -55.740 17.993 60.292
v -55.740 17.993 60.514
v -56.447 14.217 60.292
v -56.447 14.217 60.514
v -55.481 -30.041 60.514
v -55.740 -30.075 60.292
v -55.481 -30.041 60.292
v -55.740 -30.075 60.514
v -55.981 -30.175 60.514
v -56.188 -30.334 60.292
v -55.981 -30.175 60.292
v -56.188 -30.334 60.514
v -56.347 -30.541 60.514
v -56.347 -30.541 60.292
v -55.740 -25.075 60.514
v -55.981 -25.175 60.292
v -55.740 -25.075 60.292
v -55.981 -25.175 60.514
v -54.615 -26.541 60.514
v -54.774 -26.748 60.292
v -54.774 -26.748 60.514
v -54.615 -26.541 60.292
v -55.222 -27.007 60.514
v -54.981 -26.907 60.292
v -55.222 -27.007 60.292
v -54.981 -26.907 60.514
v -56.188 -25.334 60.292
v -56.188 -25.334 60.514
v -56.347 -25.541 60.292
v -56.447 -25.783 60.514
v -56.447 -25.783 60.292
v -56.347 -25.541 60.514
v -54.774 -30.334 60.514
v -54.615 -30.541 60.292
v -54.615 -30.541 60.514
v -54.774 -30.334 60.292
v -56.447 -26.300 60.292
v -56.347 -26.541 60.514
v -56.347 -26.541 60.292
v -56.447 -26.300 60.514
v -56.447 -30.783 60.514
v -56.447 -30.783 60.292
v -54.981 -31.907 60.514
v -54.774 -31.748 60.292
v -54.981 -31.907 60.292
v -54.774 -31.748 60.514
v -56.481 -26.041 60.514
v -56.481 -26.041 60.292
v -54.481 -26.041 60.514
v -54.515 -26.300 60.292
v -54.515 -26.300 60.514
v -54.481 -26.041 60.292
v -56.347 -31.541 60.292
v -56.188 -31.748 60.514
v -56.188 -31.748 60.292
v -56.347 -31.541 60.514
v -55.222 -32.007 60.514
v -55.222 -32.007 60.292
v -55.481 -25.041 60.514
v -55.481 -25.041 60.292
v -54.481 -31.041 60.514
v -54.515 -31.300 60.292
v -54.515 -31.300 60.514
v -54.481 -31.041 60.292
v -55.981 -31.907 60.292
v -55.981 -31.907 60.514
v -55.481 -27.041 60.514
v -55.481 -27.041 60.292
v -54.515 -30.783 60.514
v -54.515 -30.783 60.292
v -54.615 -31.541 60.514
v -54.615 -31.541 60.292
v -55.222 -25.075 60.514
v -55.222 -25.075 60.292
v -54.774 -25.334 60.514
v -54.615 -25.541 60.292
v -54.615 -25.541 60.514
v -54.774 -25.334 60.292
v -54.981 -25.175 60.514
v -54.981 -25.175 60.292
v -56.481 -31.041 60.292
v -56.447 -31.300 60.514
v -56.447 -31.300 60.292
v -56.481 -31.041 60.514
v -56.188 -26.748 60.514
v -55.981 -26.907 60.292
v -56.188 -26.748 60.292
v -55.981 -26.907 60.514
v -54.515 -25.783 60.514
v -54.515 -25.783 60.292
v -55.481 -32.041 60.514
v -55.481 -32.041 60.292
v -55.740 -27.007 60.292
v -55.740 -27.007 60.514
v -55.740 -32.007 60.292
v -55.740 -32.007 60.514
v -54.981 -30.175 60.292
v -54.981 -30.175 60.514
v -55.222 -30.075 60.292
v -55.222 -30.075 60.514
v -56.447 48.700 60.292
v -56.347 48.459 60.514
v -56.347 48.459 60.292
v -56.447 48.700 60.514
v -56.481 48.959 60.292
v -56.481 48.959 60.514
v -54.981 54.825 60.514
v -55.222 54.925 60.292
v -54.981 54.825 60.292
v -55.222 54.925 60.514
v -56.188 48.252 60.514
v -56.188 48.252 60.292
v -55.981 48.093 60.292
v -55.981 48.093 60.514
v -55.740 47.993 60.514
v -55.481 47.959 60.292
v -55.740 47.993 60.292
v -55.481 47.959 60.514
v -56.347 54.459 60.292
v -56.447 54.217 60.514
v -56.447 54.217 60.292
v -56.347 54.459 60.514
v -55.222 47.993 60.292
v -55.222 47.993 60.514
v -55.740 54.925 60.514
v -55.981 54.825 60.292
v -55.740 54.925 60.292
v -55.981 54.825 60.514
v -54.774 54.666 60.514
v -54.774 54.666 60.292
v -56.188 54.666 60.292
v -56.188 54.666 60.514
v -54.981 48.093 60.514
v -54.774 48.252 60.292
v -54.981 48.093 60.292
v -54.774 48.252 60.514
v -55.481 54.959 60.292
v -55.481 54.959 60.514
v -54.615 54.459 60.292
v -54.615 54.459 60.514
v -54.515 53.700 60.514
v -54.615 53.459 60.292
v -54.615 53.459 60.514
v -54.515 53.700 60.292
v -55.481 52.959 60.514
v -55.222 52.993 60.292
v -55.481 52.959 60.292
v -55.222 52.993 60.514
v -54.774 53.252 60.292
v -54.774 53.252 60.514
v -55.740 59.925 60.514
v -55.981 59.825 60.292
v -55.740 59.925 60.292
v -55.981 59.825 60.514
v -55.481 59.959 60.514
v -55.481 59.959 60.292
v -56.188 59.666 60.292
v -56.188 59.666 60.514
v -56.481 53.959 60.292
v -56.447 53.700 60.514
v -56.447 53.700 60.292
v -56.481 53.959 60.514
v -56.347 53.459 60.292
v -56.188 53.252 60.514
v -56.188 53.252 60.292
v -56.347 53.459 60.514
v -56.347 59.459 60.292
v -56.447 59.217 60.514
v -56.447 59.217 60.292
v -56.347 59.459 60.514
v -55.981 53.093 60.292
v -55.981 53.093 60.514
v -55.740 52.993 60.292
v -55.740 52.993 60.514
v -54.981 53.093 60.292
v -54.981 53.093 60.514
v -54.481 53.959 60.514
v -54.481 53.959 60.292
v -54.515 54.217 60.514
v -54.515 54.217 60.292
v -56.188 14.666 60.292
v -56.347 14.459 60.514
v -56.347 14.459 60.292
v -56.188 14.666 60.514
v -55.981 14.825 60.514
v -55.981 14.825 60.292
v -55.481 24.959 60.514
v -55.740 24.925 60.292
v -55.481 24.959 60.292
v -55.740 24.925 60.514
v -55.981 24.825 60.514
v -56.188 24.666 60.292
v -55.981 24.825 60.292
v -56.188 24.666 60.514
v -56.347 24.459 60.514
v -56.347 24.459 60.292
v -55.740 14.925 60.292
v -55.740 14.925 60.514
v -54.615 -5.541 60.292
v -54.615 -5.541 60.514
v -54.515 24.217 60.514
v -54.481 23.959 60.292
v -54.481 23.959 60.514
v -54.515 24.217 60.292
v -56.447 9.217 60.292
v -56.447 9.217 60.514
v -54.615 24.459 60.514
v -54.615 24.459 60.292
v -54.774 24.666 60.514
v -54.981 24.825 60.292
v -54.774 24.666 60.292
v -54.981 24.825 60.514
v -55.222 24.925 60.292
v -55.222 24.925 60.514
v -54.515 73.700 60.514
v -54.615 73.459 60.292
v -54.615 73.459 60.514
v -54.515 73.700 60.292
v -54.774 73.252 60.292
v -54.774 73.252 60.514
v -55.481 74.959 60.514
v -55.740 74.925 60.292
v -55.481 74.959 60.292
v -55.740 74.925 60.514
v -56.481 68.959 60.514
v -56.481 68.959 60.292
v -55.981 74.825 60.514
v -56.188 74.666 60.292
v -55.981 74.825 60.292
v -56.188 74.666 60.514
v -54.774 74.666 60.514
v -54.981 74.825 60.292
v -54.774 74.666 60.292
v -54.981 74.825 60.514
v -56.447 68.700 60.514
v -56.447 68.700 60.292
v -56.347 68.459 60.514
v -56.347 68.459 60.292
v -56.188 68.252 60.514
v -56.188 68.252 60.292
v -54.515 74.217 60.514
v -54.481 73.959 60.292
v -54.481 73.959 60.514
v -54.515 74.217 60.292
v -55.222 74.925 60.292
v -55.222 74.925 60.514
v -54.615 74.459 60.514
v -54.615 74.459 60.292
v -56.347 74.459 60.292
v -56.447 74.217 60.514
v -56.447 74.217 60.292
v -56.347 74.459 60.514
v -55.222 59.925 60.514
v -55.222 59.925 60.292
v -56.481 73.959 60.514
v -56.481 73.959 60.292
v -56.447 73.700 60.292
v -56.347 73.459 60.514
v -56.347 73.459 60.292
v -56.447 73.700 60.514
v -56.188 73.252 60.514
v -56.188 73.252 60.292
v -55.981 73.093 60.292
v -55.981 73.093 60.514
v -55.740 72.993 60.292
v -55.740 72.993 60.514
v -55.481 72.959 60.292
v -55.481 72.959 60.514
v -56.481 28.959 60.292
v -56.447 28.700 60.514
v -56.447 28.700 60.292
v -56.481 28.959 60.514
v -55.981 28.093 60.514
v -55.740 27.993 60.292
v -55.981 28.093 60.292
v -55.740 27.993 60.514
v -55.481 27.959 60.292
v -55.481 27.959 60.514
v -56.347 28.459 60.292
v -56.188 28.252 60.514
v -56.188 28.252 60.292
v -56.347 28.459 60.514
v -56.347 34.459 60.292
v -56.447 34.217 60.514
v -56.447 34.217 60.292
v -56.347 34.459 60.514
v -56.188 34.666 60.292
v -56.188 34.666 60.514
v -55.222 27.993 60.514
v -54.981 28.093 60.292
v -55.222 27.993 60.292
v -54.981 28.093 60.514
v -54.515 28.700 60.514
v -54.615 28.459 60.292
v -54.615 28.459 60.514
v -54.515 28.700 60.292
v -54.615 29.459 60.514
v -54.515 29.217 60.292
v -54.515 29.217 60.514
v -54.615 29.459 60.292
v -54.774 29.666 60.514
v -54.774 29.666 60.292
v -54.774 28.252 60.292
v -54.774 28.252 60.514
v -54.481 28.959 60.514
v -54.481 28.959 60.292
v -55.481 32.959 60.514
v -55.222 32.993 60.292
v -55.481 32.959 60.292
v -55.222 32.993 60.514
v -54.481 33.959 60.514
v -54.515 33.700 60.292
v -54.515 33.700 60.514
v -54.481 33.959 60.292
v -54.515 34.217 60.514
v -54.515 34.217 60.292
v -54.615 34.459 60.514
v -54.615 34.459 60.292
v -54.774 34.666 60.514
v -54.981 34.825 60.292
v -54.774 34.666 60.292
v -54.981 34.825 60.514
v -55.222 34.925 60.292
v -55.222 34.925 60.514
v -55.481 34.959 60.292
v -55.481 34.959 60.514
v -55.740 32.993 60.514
v -55.740 32.993 60.292
v -54.981 33.093 60.514
v -54.774 33.252 60.292
v -54.981 33.093 60.292
v -54.774 33.252 60.514
v -56.481 33.959 60.514
v -56.481 33.959 60.292
v -56.447 33.700 60.514
v -56.447 33.700 60.292
v -56.347 33.459 60.514
v -56.347 33.459 60.292
v -56.188 33.252 60.514
v -55.981 33.093 60.292
v -56.188 33.252 60.292
v -55.981 33.093 60.514
v -54.615 33.459 60.514
v -54.615 33.459 60.292
v -54.515 58.700 60.514
v -54.615 58.459 60.292
v -54.615 58.459 60.514
v -54.515 58.700 60.292
v -54.774 59.666 60.514
v -54.981 59.825 60.292
v -54.774 59.666 60.292
v -54.981 59.825 60.514
v -55.222 57.993 60.514
v -54.981 58.093 60.292
v -55.222 57.993 60.292
v -54.981 58.093 60.514
v -54.774 58.252 60.292
v -54.774 58.252 60.514
v -54.615 59.459 60.514
v -54.515 59.217 60.292
v -54.515 59.217 60.514
v -54.615 59.459 60.292
v -56.481 58.959 60.514
v -56.481 58.959 60.292
v -56.188 58.252 60.514
v -55.981 58.093 60.292
v -56.188 58.252 60.292
v -55.981 58.093 60.514
v -55.740 57.993 60.292
v -55.740 57.993 60.514
v -56.447 58.700 60.514
v -56.447 58.700 60.292
v -56.347 58.459 60.514
v -56.347 58.459 60.292
v -55.481 57.959 60.292
v -55.481 57.959 60.514
v -54.481 58.959 60.514
v -54.481 58.959 60.292
v -54.981 -36.907 60.514
v -54.774 -36.748 60.292
v -54.981 -36.907 60.292
v -54.774 -36.748 60.514
v -58.783 102.204 55.719
v -58.783 -101.796 60.292
v -58.783 -101.796 55.719
v -58.783 102.204 60.292
v -56.188 -35.334 60.292
v -56.347 -35.541 60.514
v -56.347 -35.541 60.292
v -56.188 -35.334 60.514
v -59.004 102.204 60.514
v -52.179 102.204 60.292
v -52.179 102.204 55.719
v -51.958 102.204 60.514
v -54.515 -35.783 60.514
v -54.481 -36.041 60.292
v -54.481 -36.041 60.514
v -54.515 -35.783 60.292
v -59.004 -101.796 60.514
v -56.481 -71.041 60.514
v -56.447 -71.300 60.514
v -51.958 -101.796 60.514
v -56.347 -71.541 60.514
v -56.188 -71.748 60.514
v -55.981 -71.907 60.514
v -55.740 -72.007 60.514
v -55.481 -72.041 60.514
v -55.222 -72.007 60.514
v -54.981 -71.907 60.514
v -54.774 -71.748 60.514
v -54.615 -71.541 60.514
v -54.515 -71.300 60.514
v -54.481 -71.041 60.514
v -54.481 -66.041 60.514
v -54.481 -61.041 60.514
v -54.481 -56.041 60.514
v -54.481 -51.041 60.514
v -54.481 -46.041 60.514
v -54.481 -41.041 60.514
v -54.481 -6.041 60.514
v -54.481 -1.041 60.514
v -54.481 3.959 60.514
v -54.481 8.959 60.514
v -56.481 -66.041 60.514
v -56.481 -61.041 60.514
v -56.481 -56.041 60.514
v -56.481 -51.041 60.514
v -56.481 -41.041 60.514
v -56.481 -36.041 60.514
v -56.481 -6.041 60.514
v -56.481 -1.041 60.514
v -56.481 3.959 60.514
v -56.347 9.459 60.514
v -56.188 9.666 60.514
v -55.981 9.825 60.514
v -55.740 9.925 60.514
v -55.481 9.959 60.514
v -55.222 9.925 60.514
v -54.981 9.825 60.514
v -54.774 9.666 60.514
v -54.615 9.459 60.514
v -54.515 9.217 60.514
v -56.447 4.217 60.514
v -56.347 4.459 60.514
v -56.188 4.666 60.514
v -56.188 8.252 60.514
v -55.981 4.825 60.514
v -55.981 8.093 60.514
v -55.740 4.925 60.514
v -55.740 7.993 60.514
v -55.481 4.959 60.514
v -55.481 7.959 60.514
v -55.222 4.925 60.514
v -55.222 7.993 60.514
v -54.981 4.825 60.514
v -54.981 8.093 60.514
v -54.774 4.666 60.514
v -54.774 8.252 60.514
v -54.615 4.459 60.514
v -54.615 8.459 60.514
v -54.515 4.217 60.514
v -54.515 8.700 60.514
v -56.447 -0.783 60.514
v -56.447 3.700 60.514
v -56.347 -0.541 60.514
v -56.347 3.459 60.514
v -56.188 -0.334 60.514
v -56.188 3.252 60.514
v -55.981 -0.175 60.514
v -55.981 3.093 60.514
v -55.740 -0.075 60.514
v -55.740 2.993 60.514
v -55.481 -0.041 60.514
v -55.481 2.959 60.514
v -55.222 -0.075 60.514
v -55.222 2.993 60.514
v -54.981 -0.175 60.514
v -54.981 3.093 60.514
v -54.774 -0.334 60.514
v -54.774 3.252 60.514
v -54.615 -0.541 60.514
v -54.615 3.459 60.514
v -54.515 -0.783 60.514
v -54.515 3.700 60.514
v -56.447 -1.300 60.514
v -56.347 -1.541 60.514
v -56.188 -1.748 60.514
v -55.981 -1.907 60.514
v -55.740 -2.007 60.514
v -55.481 -2.041 60.514
v -55.222 -2.007 60.514
v -54.981 -1.907 60.514
v -54.774 -1.748 60.514
v -54.615 -1.541 60.514
v -54.515 -5.783 60.514
v -54.515 -1.300 60.514
v -56.447 -6.300 60.514
v -56.347 -6.541 60.514
v -56.188 -6.748 60.514
v -55.981 -6.907 60.514
v -55.740 -7.007 60.514
v -55.481 -7.041 60.514
v -55.222 -7.007 60.514
v -54.981 -6.907 60.514
v -54.774 -6.748 60.514
v -54.615 -6.541 60.514
v -54.515 -6.300 60.514
v -56.447 -35.783 60.514
v -55.981 -35.175 60.514
v -55.740 -35.075 60.514
v -55.481 -35.041 60.514
v -55.222 -35.075 60.514
v -54.981 -35.175 60.514
v -54.774 -35.334 60.514
v -54.615 -35.541 60.514
v -56.447 -40.783 60.514
v -56.447 -36.300 60.514
v -56.347 -40.541 60.514
v -56.347 -36.541 60.514
v -56.188 -40.334 60.514
v -56.188 -36.748 60.514
v -55.981 -40.175 60.514
v -55.981 -36.907 60.514
v -55.740 -40.075 60.514
v -55.740 -37.007 60.514
v -55.481 -40.041 60.514
v -55.481 -37.041 60.514
v -55.222 -40.075 60.514
v -55.222 -37.007 60.514
v -54.981 -40.175 60.514
v -54.774 -40.334 60.514
v -54.615 -40.541 60.514
v -54.615 -36.541 60.514
v -54.515 -40.783 60.514
v -54.515 -36.300 60.514
v -56.447 -45.783 60.514
v -56.447 -41.300 60.514
v -56.347 -45.541 60.514
v -56.347 -41.541 60.514
v -56.188 -45.334 60.514
v -56.188 -41.748 60.514
v -55.981 -45.175 60.514
v -55.981 -41.907 60.514
v -55.740 -45.075 60.514
v -55.740 -42.007 60.514
v -55.481 -45.041 60.514
v -55.481 -42.041 60.514
v -55.222 -45.075 60.514
v -55.222 -42.007 60.514
v -54.981 -45.175 60.514
v -54.981 -41.907 60.514
v -54.774 -45.334 60.514
v -54.774 -41.748 60.514
v -54.615 -45.541 60.514
v -54.615 -41.541 60.514
v -54.515 -45.783 60.514
v -54.515 -41.300 60.514
v -56.447 -50.783 60.514
v -56.347 -50.541 60.514
v -56.188 -50.334 60.514
v -55.981 -50.175 60.514
v -55.740 -50.075 60.514
v -55.481 -50.041 60.514
v -55.222 -50.075 60.514
v -55.222 -47.007 60.514
v -54.981 -50.175 60.514
v -54.981 -46.907 60.514
v -54.774 -50.334 60.514
v -54.774 -46.748 60.514
v -54.615 -50.541 60.514
v -54.615 -46.541 60.514
v -54.515 -50.783 60.514
v -54.515 -46.300 60.514
v -56.447 -55.783 60.514
v -56.447 -51.300 60.514
v -56.347 -55.541 60.514
v -56.347 -51.541 60.514
v -56.188 -55.334 60.514
v -56.188 -51.748 60.514
v -55.981 -55.175 60.514
v -55.981 -51.907 60.514
v -55.740 -55.075 60.514
v -55.740 -52.007 60.514
v -55.481 -55.041 60.514
v -55.481 -52.041 60.514
v -55.222 -55.075 60.514
v -55.222 -52.007 60.514
v -54.981 -55.175 60.514
v -54.981 -51.907 60.514
v -54.774 -55.334 60.514
v -54.774 -51.748 60.514
v -54.615 -55.541 60.514
v -54.615 -51.541 60.514
v -54.515 -55.783 60.514
v -54.515 -51.300 60.514
v -56.447 -60.783 60.514
v -56.447 -56.300 60.514
v -56.347 -60.541 60.514
v -56.347 -56.541 60.514
v -56.188 -60.334 60.514
v -56.188 -56.748 60.514
v -55.981 -60.175 60.514
v -55.981 -56.907 60.514
v -55.740 -60.075 60.514
v -55.740 -57.007 60.514
v -55.481 -60.041 60.514
v -55.481 -57.041 60.514
v -55.222 -60.075 60.514
v -55.222 -57.007 60.514
v -54.981 -60.175 60.514
v -54.981 -56.907 60.514
v -54.774 -60.334 60.514
v -54.774 -56.748 60.514
v -54.615 -60.541 60.514
v -54.615 -56.541 60.514
v -54.515 -60.783 60.514
v -54.515 -56.300 60.514
v -56.447 -65.783 60.514
v -56.447 -61.300 60.514
v -56.347 -65.541 60.514
v -56.347 -61.541 60.514
v -56.188 -65.334 60.514
v -56.188 -61.748 60.514
v -55.981 -65.175 60.514
v -55.981 -61.907 60.514
v -55.740 -65.075 60.514
v -55.740 -62.007 60.514
v -55.481 -65.041 60.514
v -55.481 -62.041 60.514
v -55.222 -65.075 60.514
v -55.222 -62.007 60.514
v -54.981 -65.175 60.514
v -54.981 -61.907 60.514
v -54.774 -65.334 60.514
v -54.774 -61.748 60.514
v -54.615 -65.541 60.514
v -54.615 -61.541 60.514
v -54.515 -65.783 60.514
v -54.515 -61.300 60.514
v -56.447 -70.783 60.514
v -56.447 -66.300 60.514
v -56.347 -70.541 60.514
v -56.347 -66.541 60.514
v -56.188 -70.334 60.514
v -56.188 -66.748 60.514
v -55.981 -70.175 60.514
v -55.981 -66.907 60.514
v -55.740 -70.075 60.514
v -55.740 -67.007 60.514
v -55.481 -70.041 60.514
v -55.481 -67.041 60.514
v -55.222 -70.075 60.514
v -55.222 -67.007 60.514
v -54.981 -70.175 60.514
v -54.981 -66.907 60.514
v -54.774 -70.334 60.514
v -54.774 -66.748 60.514
v -54.615 -70.541 60.514
v -54.615 -66.541 60.514
v -54.515 -70.783 60.514
v -54.515 -66.300 60.514
v -54.615 -36.541 60.292
v -56.447 -50.783 60.292
v -56.481 -51.041 60.292
v -55.481 -35.041 60.292
v -55.222 -35.075 60.292
v -56.447 -51.300 60.292
v -51.958 -101.796 55.498
v -52.179 -101.796 55.719
v -59.004 -101.796 55.498
v -52.179 -101.796 60.292
v -54.481 8.959 60.292
v -54.481 3.959 60.292
v -54.481 -1.041 60.292
v -54.481 -6.041 60.292
v -54.481 -41.041 60.292
v -54.481 -46.041 60.292
v -54.481 -51.041 60.292
v -54.481 -56.041 60.292
v -54.481 -61.041 60.292
v -54.481 -66.041 60.292
v -54.481 -71.041 60.292
v -56.447 -71.300 60.292
v -56.481 -71.041 60.292
v -56.481 3.959 60.292
v -56.481 -1.041 60.292
v -56.481 -6.041 60.292
v -56.481 -36.041 60.292
v -56.481 -41.041 60.292
v -56.481 -56.041 60.292
v -56.481 -61.041 60.292
v -56.481 -66.041 60.292
v -56.347 -71.541 60.292
v -56.188 -71.748 60.292
v -55.981 -71.907 60.292
v -55.740 -72.007 60.292
v -55.481 -72.041 60.292
v -55.222 -72.007 60.292
v -54.981 -71.907 60.292
v -54.774 -71.748 60.292
v -54.615 -71.541 60.292
v -54.515 -71.300 60.292
v -56.447 -66.300 60.292
v -56.447 -70.783 60.292
v -56.347 -66.541 60.292
v -56.347 -70.541 60.292
v -56.188 -66.748 60.292
v -56.188 -70.334 60.292
v -55.981 -66.907 60.292
v -55.981 -70.175 60.292
v -55.740 -67.007 60.292
v -55.740 -70.075 60.292
v -55.481 -67.041 60.292
v -55.481 -70.041 60.292
v -55.222 -67.007 60.292
v -55.222 -70.075 60.292
v -54.981 -66.907 60.292
v -54.981 -70.175 60.292
v -54.774 -66.748 60.292
v -54.774 -70.334 60.292
v -54.615 -66.541 60.292
v -54.615 -70.541 60.292
v -54.515 -66.300 60.292
v -54.515 -70.783 60.292
v -56.447 -61.300 60.292
v -56.447 -65.783 60.292
v -56.347 -61.541 60.292
v -56.347 -65.541 60.292
v -56.188 -61.748 60.292
v -56.188 -65.334 60.292
v -55.981 -61.907 60.292
v -55.981 -65.175 60.292
v -55.740 -62.007 60.292
v -55.740 -65.075 60.292
v -55.481 -62.041 60.292
v -55.481 -65.041 60.292
v -55.222 -62.007 60.292
v -55.222 -65.075 60.292
v -54.981 -61.907 60.292
v -54.981 -65.175 60.292
v -54.774 -61.748 60.292
v -54.774 -65.334 60.292
v -54.615 -61.541 60.292
v -54.615 -65.541 60.292
v -54.515 -61.300 60.292
v -54.515 -65.783 60.292
v -56.447 -56.300 60.292
v -56.447 -60.783 60.292
v -56.347 -56.541 60.292
v -56.347 -60.541 60.292
v -56.188 -56.748 60.292
v -56.188 -60.334 60.292
v -55.981 -56.907 60.292
v -55.981 -60.175 60.292
v -55.740 -57.007 60.292
v -55.740 -60.075 60.292
v -55.481 -57.041 60.292
v -55.481 -60.041 60.292
v -55.222 -57.007 60.292
v -55.222 -60.075 60.292
v -54.981 -56.907 60.292
v -54.981 -60.175 60.292
v -54.774 -56.748 60.292
v -54.774 -60.334 60.292
v -54.615 -56.541 60.292
v -54.615 -60.541 60.292
v -54.515 -56.300 60.292
v -54.515 -60.783 60.292
v -56.447 -55.783 60.292
v -56.347 -51.541 60.292
v -56.347 -55.541 60.292
v -56.188 -51.748 60.292
v -56.188 -55.334 60.292
v -55.981 -51.907 60.292
v -55.981 -55.175 60.292
v -55.740 -52.007 60.292
v -55.740 -55.075 60.292
v -55.481 -52.041 60.292
v -55.481 -55.041 60.292
v -55.222 -52.007 60.292
v -55.222 -55.075 60.292
v -54.981 -51.907 60.292
v -54.981 -55.175 60.292
v -54.774 -51.748 60.292
v -54.774 -55.334 60.292
v -54.615 -51.541 60.292
v -54.615 -55.541 60.292
v -54.515 -51.300 60.292
v -54.515 -55.783 60.292
v -56.347 -50.541 60.292
v -56.188 -50.334 60.292
v -55.981 -50.175 60.292
v -55.740 -50.075 60.292
v -55.481 -50.041 60.292
v -55.222 -47.007 60.292
v -55.222 -50.075 60.292
v -54.981 -46.907 60.292
v -54.981 -50.175 60.292
v -54.774 -46.748 60.292
v -54.774 -50.334 60.292
v -54.615 -46.541 60.292
v -54.615 -50.541 60.292
v -54.515 -46.300 60.292
v -54.515 -50.783 60.292
v -56.447 -41.300 60.292
v -56.447 -45.783 60.292
v -56.347 -41.541 60.292
v -56.347 -45.541 60.292
v -56.188 -41.748 60.292
v -56.188 -45.334 60.292
v -55.981 -41.907 60.292
v -55.981 -45.175 60.292
v -55.740 -42.007 60.292
v -55.740 -45.075 60.292
v -55.481 -42.041 60.292
v -55.481 -45.041 60.292
v -55.222 -42.007 60.292
v -55.222 -45.075 60.292
v -54.981 -41.907 60.292
v -54.981 -45.175 60.292
v -54.774 -41.748 60.292
v -54.774 -45.334 60.292
v -54.615 -41.541 60.292
v -54.615 -45.541 60.292
v -54.515 -41.300 60.292
v -54.515 -45.783 60.292
v -56.447 -36.300 60.292
v -56.447 -40.783 60.292
v -56.347 -36.541 60.292
v -56.347 -40.541 60.292
v -56.188 -36.748 60.292
v -56.188 -40.334 60.292
v -55.981 -36.907 60.292
v -55.981 -40.175 60.292
v -55.740 -37.007 60.292
v -55.740 -40.075 60.292
v -55.481 -37.041 60.292
v -55.481 -40.041 60.292
v -55.222 -37.007 60.292
v -55.222 -40.075 60.292
v -54.981 -40.175 60.292
v -54.774 -40.334 60.292
v -54.615 -40.541 60.292
v -54.515 -36.300 60.292
v -54.515 -40.783 60.292
v -56.447 -35.783 60.292
v -55.981 -35.175 60.292
v -55.740 -35.075 60.292
v -54.981 -35.175 60.292
v -54.774 -35.334 60.292
v -54.615 -35.541 60.292
v -56.447 -6.300 60.292
v -56.347 -6.541 60.292
v -56.188 -6.748 60.292
v -55.981 -6.907 60.292
v -55.740 -7.007 60.292
v -55.481 -7.041 60.292
v -55.222 -7.007 60.292
v -54.981 -6.907 60.292
v -54.774 -6.748 60.292
v -54.615 -6.541 60.292
v -54.515 -6.300 60.292
v -56.447 -1.300 60.292
v -56.347 -1.541 60.292
v -56.188 -1.748 60.292
v -55.981 -1.907 60.292
v -55.740 -2.007 60.292
v -55.481 -2.041 60.292
v -55.222 -2.007 60.292
v -54.981 -1.907 60.292
v -54.774 -1.748 60.292
v -54.615 -1.541 60.292
v -54.515 -1.300 60.292
v -54.515 -5.783 60.292
v -56.447 3.700 60.292
v -56.447 -0.783 60.292
v -56.347 3.459 60.292
v -56.347 -0.541 60.292
v -56.188 3.252 60.292
v -56.188 -0.334 60.292
v -55.981 3.093 60.292
v -55.981 -0.175 60.292
v -55.740 2.993 60.292
v -55.740 -0.075 60.292
v -55.481 2.959 60.292
v -55.481 -0.041 60.292
v -55.222 2.993 60.292
v -55.222 -0.075 60.292
v -54.981 3.093 60.292
v -54.981 -0.175 60.292
v -54.774 3.252 60.292
v -54.774 -0.334 60.292
v -54.615 3.459 60.292
v -54.615 -0.541 60.292
v -54.515 3.700 60.292
v -54.515 -0.783 60.292
v -56.447 4.217 60.292
v -56.347 4.459 60.292
v -56.188 8.252 60.292
v -56.188 4.666 60.292
v -55.981 8.093 60.292
v -55.981 4.825 60.292
v -55.740 7.993 60.292
v -55.740 4.925 60.292
v -55.481 7.959 60.292
v -55.481 4.959 60.292
v -55.222 7.993 60.292
v -55.222 4.925 60.292
v -54.981 8.093 60.292
v -54.981 4.825 60.292
v -54.774 8.252 60.292
v -54.774 4.666 60.292
v -54.615 8.459 60.292
v -54.615 4.459 60.292
v -54.515 8.700 60.292
v -54.515 4.217 60.292
v -56.347 9.459 60.292
v -56.188 9.666 60.292
v -55.981 9.825 60.292
v -55.740 9.925 60.292
v -55.481 9.959 60.292
v -55.222 9.925 60.292
v -54.981 9.825 60.292
v -54.774 9.666 60.292
v -54.615 9.459 60.292
v -54.515 9.217 60.292
v -58.770 -106.562 70.500
v -52.192 -106.562 -70.500
v -58.770 -106.562 -70.500
v -52.192 -106.562 70.500
v -52.192 -102.030 70.500
v -58.770 -102.030 -70.500
v -52.192 -102.030 -70.500
v -58.770 -102.030 70.500
v -59.004 -101.796 -43.528
v -59.004 -106.796 -70.500
v -59.004 -106.796 -43.528
v -59.004 -101.796 -70.500
v -51.958 -101.796 -70.500
v -51.958 -106.796 70.500
v -51.958 -106.796 -70.500
v -51.958 -101.796 70.500
v -59.004 -106.796 70.500
v -59.004 -101.796 70.500
v -59.004 -106.796 60.514
v -59.004 -101.796 35.549
v -59.004 -106.796 -23.528
v -59.004 -106.796 35.549
v -59.004 -101.796 -23.528
v -59.004 -101.428 -25.387
v -59.004 -100.863 -27.196
v -59.004 -100.108 -28.933
v -59.004 -99.171 -30.581
v -59.004 -98.063 -32.118
v -59.004 -96.796 -33.528
v -59.004 -86.796 -43.528
v -59.004 -95.386 -34.794
v -59.004 -93.849 -35.902
v -59.004 -92.202 -36.839
v -59.004 -90.464 -37.595
v -59.004 -88.655 -38.160
v -59.004 -86.796 -38.528
v -59.204 -106.796 -43.528
v -59.204 -106.796 -23.528
v -59.204 -101.796 -23.528
v -59.204 -101.796 -43.528
v -59.204 -101.428 -25.387
v -59.204 -100.863 -27.196
v -59.204 -100.108 -28.933
v -59.204 -99.171 -30.581
v -59.204 -98.063 -32.118
v -59.204 -96.796 -33.528
v -59.204 -86.796 -43.528
v -59.204 -95.386 -34.794
v -59.204 -93.849 -35.902
v -59.204 -92.202 -36.839
v -59.204 -90.464 -37.595
v -59.204 -88.655 -38.160
v -59.204 -86.796 -38.528
v -59.004 -101.656 37.771
v -59.004 -101.282 39.965
v -59.004 -100.679 42.108
v -59.004 -99.853 44.176
v -59.004 -98.813 46.144
v -59.004 -97.572 47.992
v -59.004 -96.143 49.699
v -59.004 -86.796 60.514
v -59.004 -94.541 51.245
v -59.004 -92.785 52.614
v -59.004 -90.895 53.790
v -59.004 -88.891 54.760
v -59.004 -86.796 55.514
v -59.204 -86.796 60.514
v -59.204 -86.796 55.514
v -59.204 -88.891 54.760
v -59.204 -90.895 53.790
v -59.204 -92.785 52.614
v -59.204 -94.541 51.245
v -59.204 -96.143 49.699
v -59.204 -97.572 47.992
v -59.204 -98.813 46.144
v -59.204 -99.853 44.176
v -59.204 -100.679 42.108
v -59.204 -101.282 39.965
v -59.204 -101.656 37.771
v -59.204 -101.796 35.549
v -59.204 -101.796 60.514
v -59.204 -106.796 35.549
v -59.204 -106.796 60.514
v 58.770 -106.562 70.500
v 52.192 -106.562 -70.500
v 58.770 -106.562 -70.500
v 52.192 -106.562 70.500
v 52.192 -102.030 70.500
v 58.770 -102.030 -70.500
v 52.192 -102.030 -70.500
v 58.770 -102.030 70.500
v 59.004 -101.796 -43.528
v 59.004 -106.796 -70.500
v 59.004 -106.796 -43.528
v 59.004 -101.796 -70.500
v 51.958 -101.796 -70.500
v 51.958 -106.796 70.500
v 51.958 -106.796 -70.500
v 51.958 -101.796 70.500
v 59.004 -106.796 70.500
v 59.004 -101.796 70.500
v 59.004 -106.796 60.514
v 59.004 -101.796 60.514
v 59.004 -101.796 35.549
v 59.004 -106.796 -23.528
v 59.004 -106.796 35.549
v 59.004 -101.796 -23.528
v 59.004 -101.428 -25.387
v 59.004 -100.863 -27.196
v 59.004 -100.108 -28.933
v 59.004 -99.171 -30.581
v 59.004 -98.063 -32.118
v 59.004 -96.796 -33.528
v 59.004 -86.796 -43.528
v 59.004 -95.386 -34.794
v 59.004 -93.849 -35.902
v 59.004 -92.202 -36.839
v 59.004 -90.464 -37.595
v 59.004 -88.655 -38.160
v 59.004 -86.796 -38.528
v 59.204 -106.796 -43.528
v 59.204 -106.796 -23.528
v 59.204 -101.796 -23.528
v 59.204 -101.796 -43.528
v 59.204 -101.428 -25.387
v 59.204 -100.863 -27.196
v 59.204 -100.108 -28.933
v 59.204 -99.171 -30.581
v 59.204 -98.063 -32.118
v 59.204 -96.796 -33.528
v 59.204 -86.796 -43.528
v 59.204 -95.386 -34.794
v 59.204 -93.849 -35.902
v 59.204 -92.202 -36.839
v 59.204 -90.464 -37.595
v 59.204 -88.655 -38.160
v 59.204 -86.796 -38.528
v 59.004 -101.656 37.771
v 59.004 -101.282 39.965
v 59.004 -100.679 42.108
v 59.004 -99.853 44.176
v 59.004 -98.813 46.144
v 59.004 -97.572 47.992
v 59.004 -96.143 49.699
v 59.004 -86.796 60.514
v 59.004 -94.541 51.245
v 59.004 -92.785 52.614
v 59.004 -90.895 53.790
v 59.004 -88.891 54.760
v 59.004 -86.796 55.514
v 59.204 -86.796 60.514
v 59.204 -86.796 55.514
v 59.204 -88.891 54.760
v 59.204 -90.895 53.790
v 59.204 -92.785 52.614
v 59.204 -94.541 51.245
v 59.204 -96.143 49.699
v 59.204 -97.572 47.992
v 59.204 -98.813 46.144
v 59.204 -99.853 44.176
v 59.204 -100.679 42.108
v 59.204 -101.282 39.965
v 59.204 -101.656 37.771
v 59.204 -101.796 35.549
v 59.204 -101.796 60.514
v 59.204 -106.796 35.549
v 59.204 -106.796 60.514
v 56.188 -40.334 55.719
v 56.347 -40.541 55.498
v 56.347 -40.541 55.719
v 56.188 -40.334 55.498
v 55.981 -40.175 55.498
v 55.981 -40.175 55.719
v 56.481 -41.041 55.719
v 56.447 -41.300 55.498
v 56.447 -41.300 55.719
v 56.481 -41.041 55.498
v 54.481 -46.041 60.292
v 54.515 -46.300 60.514
v 54.515 -46.300 60.292
v 54.481 -46.041 60.514
v 54.615 -46.541 60.514
v 54.615 -46.541 60.292
v 55.222 -47.007 60.514
v 55.481 -47.041 60.292
v 55.222 -47.007 60.292
v 55.481 -47.041 60.514
v 54.774 -46.748 60.514
v 54.981 -46.907 60.292
v 54.774 -46.748 60.292
v 54.981 -46.907 60.514
v 55.740 72.993 60.514
v 55.981 73.093 60.292
v 55.740 72.993 60.292
v 55.981 73.093 60.514
v 56.447 64.217 60.514
v 56.481 63.959 60.292
v 56.481 63.959 60.514
v 56.447 64.217 60.292
v 55.740 64.925 60.514
v 55.481 64.959 60.292
v 55.740 64.925 60.292
v 55.481 64.959 60.514
v 56.188 64.666 60.514
v 56.347 64.459 60.292
v 56.347 64.459 60.514
v 56.188 64.666 60.292
v 55.981 64.825 60.292
v 55.981 64.825 60.514
v 55.222 64.925 60.292
v 55.222 64.925 60.514
v 54.981 64.825 60.292
v 54.981 64.825 60.514
v 56.447 63.700 60.292
v 56.447 63.700 60.514
v 54.774 64.666 60.292
v 54.774 64.666 60.514
v 54.615 64.459 60.514
v 54.615 64.459 60.292
v 54.981 -40.175 55.719
v 54.774 -40.334 55.498
v 54.981 -40.175 55.498
v 54.774 -40.334 55.719
v 55.222 -40.075 55.719
v 55.222 -40.075 55.498
v 54.615 -40.541 55.719
v 54.615 -40.541 55.498
v 55.481 -40.041 55.719
v 55.481 -40.041 55.498
v 54.774 43.252 55.719
v 54.981 43.093 55.498
v 54.774 43.252 55.498
v 54.981 43.093 55.719
v 54.515 -40.783 55.498
v 54.481 -41.041 55.719
v 54.481 -41.041 55.498
v 54.515 -40.783 55.719
v 54.515 -41.300 55.719
v 54.515 -41.300 55.498
v 56.447 -40.783 55.498
v 56.447 -40.783 55.719
v 54.774 -35.334 55.498
v 54.615 -35.541 55.719
v 54.615 -35.541 55.498
v 54.774 -35.334 55.719
v 54.981 -35.175 55.719
v 54.981 -35.175 55.498
v 55.222 -35.075 55.719
v 55.222 -35.075 55.498
v 54.981 -36.907 55.719
v 55.222 -37.007 55.498
v 54.981 -36.907 55.498
v 55.222 -37.007 55.719
v 54.774 -36.748 55.719
v 54.774 -36.748 55.498
v 54.615 -36.541 55.498
v 54.615 -36.541 55.719
v 54.515 -36.300 55.498
v 54.515 -36.300 55.719
v 54.515 -35.783 55.719
v 54.515 -35.783 55.498
v 54.481 -36.041 55.498
v 54.481 -36.041 55.719
v 55.481 -37.041 55.498
v 55.481 -37.041 55.719
v 55.740 -40.075 55.498
v 55.740 -40.075 55.719
v 55.981 -35.175 55.719
v 55.740 -35.075 55.498
v 55.981 -35.175 55.498
v 55.740 -35.075 55.719
v 56.347 -35.541 55.719
v 56.447 -35.783 55.498
v 56.447 -35.783 55.719
v 56.347 -35.541 55.498
v 55.981 -36.907 55.719
v 56.188 -36.748 55.498
v 55.981 -36.907 55.498
v 56.188 -36.748 55.719
v 55.222 -30.075 55.719
v 54.981 -30.175 55.498
v 55.222 -30.075 55.498
v 54.981 -30.175 55.719
v 55.740 -37.007 55.719
v 55.740 -37.007 55.498
v 55.481 -30.041 55.719
v 55.481 -30.041 55.498
v 56.188 -35.334 55.719
v 56.188 -35.334 55.498
v 55.481 -35.041 55.498
v 55.481 -35.041 55.719
v 56.447 -36.300 55.719
v 56.347 -36.541 55.498
v 56.347 -36.541 55.719
v 56.447 -36.300 55.498
v 56.481 -36.041 55.498
v 56.481 -36.041 55.719
v 55.981 -25.175 55.719
v 55.740 -25.075 55.498
v 55.981 -25.175 55.498
v 55.740 -25.075 55.719
v 56.347 -25.541 55.719
v 56.447 -25.783 55.498
v 56.447 -25.783 55.719
v 56.347 -25.541 55.498
v 55.981 -26.907 55.719
v 56.188 -26.748 55.498
v 55.981 -26.907 55.498
v 56.188 -26.748 55.719
v 54.481 -26.041 55.498
v 54.515 -26.300 55.719
v 54.515 -26.300 55.498
v 54.481 -26.041 55.719
v 56.188 -25.334 55.719
v 56.188 -25.334 55.498
v 56.481 -26.041 55.498
v 56.481 -26.041 55.719
v 56.447 -26.300 55.498
v 56.447 -26.300 55.719
v 56.347 -26.541 55.498
v 56.347 -26.541 55.719
v 55.481 -27.041 55.719
v 55.740 -27.007 55.498
v 55.481 -27.041 55.498
v 55.740 -27.007 55.719
v 55.222 -27.007 55.719
v 55.222 -27.007 55.498
v 54.774 -26.748 55.719
v 54.981 -26.907 55.498
v 54.774 -26.748 55.498
v 54.981 -26.907 55.719
v 54.615 -26.541 55.719
v 54.615 -26.541 55.498
v 54.515 -25.783 55.498
v 54.515 -25.783 55.719
v 54.615 -25.541 55.498
v 54.615 -25.541 55.719
v 54.774 -25.334 55.498
v 54.774 -25.334 55.719
v 54.981 -25.175 55.719
v 54.981 -25.175 55.498
v 55.481 -25.041 55.498
v 55.481 -25.041 55.719
v 56.347 -30.541 55.719
v 56.447 -30.783 55.498
v 56.447 -30.783 55.719
v 56.347 -30.541 55.498
v 56.481 -31.041 55.498
v 56.481 -31.041 55.719
v 54.481 -31.041 55.498
v 54.515 -31.300 55.719
v 54.515 -31.300 55.498
v 54.481 -31.041 55.719
v 55.981 -30.175 55.719
v 55.740 -30.075 55.498
v 55.981 -30.175 55.498
v 55.740 -30.075 55.719
v 55.740 -32.007 55.719
v 55.981 -31.907 55.498
v 55.740 -32.007 55.498
v 55.981 -31.907 55.719
v 54.515 -30.783 55.498
v 54.515 -30.783 55.719
v 54.981 -31.907 55.719
v 55.222 -32.007 55.498
v 54.981 -31.907 55.498
v 55.222 -32.007 55.719
v 54.615 -30.541 55.498
v 54.615 -30.541 55.719
v 54.774 -30.334 55.498
v 54.774 -30.334 55.719
v 55.222 -25.075 55.498
v 55.222 -25.075 55.719
v 56.188 -30.334 55.719
v 56.188 -30.334 55.498
v 56.447 -31.300 55.498
v 56.447 -31.300 55.719
v 56.347 -31.541 55.498
v 56.347 -31.541 55.719
v 56.188 -31.748 55.498
v 56.188 -31.748 55.719
v 55.481 -32.041 55.719
v 55.481 -32.041 55.498
v 54.774 -31.748 55.719
v 54.774 -31.748 55.498
v 54.615 -31.541 55.498
v 54.615 -31.541 55.719
v 55.222 29.925 60.514
v 54.981 29.825 60.292
v 55.222 29.925 60.292
v 54.981 29.825 60.514
v 56.447 23.700 60.514
v 56.347 23.459 60.292
v 56.347 23.459 60.514
v 56.447 23.700 60.292
v 54.515 8.700 60.292
v 54.615 8.459 60.514
v 54.615 8.459 60.292
v 54.515 8.700 60.514
v 55.481 29.959 60.514
v 55.481 29.959 60.292
v 56.188 23.252 60.292
v 56.188 23.252 60.514
v 54.774 29.666 60.292
v 54.774 29.666 60.514
v 54.515 23.700 60.292
v 54.615 23.459 60.514
v 54.615 23.459 60.292
v 54.515 23.700 60.514
v 55.740 22.993 60.514
v 55.981 23.093 60.292
v 55.740 22.993 60.292
v 55.981 23.093 60.514
v 54.774 23.252 60.514
v 54.981 23.093 60.292
v 54.774 23.252 60.292
v 54.981 23.093 60.514
v 54.615 29.459 60.514
v 54.615 29.459 60.292
v 54.515 24.217 60.292
v 54.481 23.959 60.514
v 54.481 23.959 60.292
v 54.515 24.217 60.514
v 55.481 22.959 60.514
v 55.481 22.959 60.292
v 55.740 29.925 60.514
v 55.740 29.925 60.292
v 55.222 22.993 60.514
v 55.222 22.993 60.292
v 55.981 29.825 60.514
v 55.981 29.825 60.292
v 54.515 29.217 60.514
v 54.515 29.217 60.292
v 55.740 42.993 60.514
v 55.981 43.093 60.292
v 55.740 42.993 60.292
v 55.981 43.093 60.514
v 56.447 43.700 60.514
v 56.347 43.459 60.292
v 56.347 43.459 60.514
v 56.447 43.700 60.292
v 56.481 43.959 60.514
v 56.481 43.959 60.292
v 56.447 44.217 60.514
v 56.447 44.217 60.292
v 56.188 43.252 60.292
v 56.188 43.252 60.514
v 56.347 44.459 60.514
v 56.347 44.459 60.292
v 55.981 44.825 60.514
v 55.740 44.925 60.292
v 55.981 44.825 60.292
v 55.740 44.925 60.514
v 55.481 44.959 60.514
v 55.222 44.925 60.292
v 55.481 44.959 60.292
v 55.222 44.925 60.514
v 56.188 44.666 60.514
v 56.188 44.666 60.292
v 54.774 44.666 60.292
v 54.615 44.459 60.514
v 54.615 44.459 60.292
v 54.774 44.666 60.514
v 54.981 44.825 60.514
v 54.981 44.825 60.292
v 55.222 34.925 60.514
v 54.981 34.825 60.292
v 55.222 34.925 60.292
v 54.981 34.825 60.514
v 54.515 44.217 60.514
v 54.515 44.217 60.292
v 54.515 39.217 60.292
v 54.481 38.959 60.514
v 54.481 38.959 60.292
v 54.515 39.217 60.514
v 54.515 38.700 60.514
v 54.515 38.700 60.292
v 55.481 42.959 60.514
v 55.481 42.959 60.292
v 54.981 69.825 60.514
v 54.774 69.666 60.292
v 54.981 69.825 60.292
v 54.774 69.666 60.514
v 54.615 69.459 60.292
v 54.515 69.217 60.514
v 54.515 69.217 60.292
v 54.615 69.459 60.514
v 56.481 68.959 60.514
v 56.447 68.700 60.292
v 56.447 68.700 60.514
v 56.481 68.959 60.292
v 56.188 69.666 60.514
v 55.981 69.825 60.292
v 56.188 69.666 60.292
v 55.981 69.825 60.514
v 55.481 69.959 60.514
v 55.222 69.925 60.292
v 55.481 69.959 60.292
v 55.222 69.925 60.514
v 55.222 67.993 60.514
v 55.481 67.959 60.292
v 55.222 67.993 60.292
v 55.481 67.959 60.514
v 54.981 68.093 60.514
v 54.981 68.093 60.292
v 55.981 68.093 60.514
v 56.188 68.252 60.292
v 55.981 68.093 60.292
v 56.188 68.252 60.514
v 56.347 69.459 60.514
v 56.447 69.217 60.292
v 56.447 69.217 60.514
v 56.347 69.459 60.292
v 55.740 69.925 60.292
v 55.740 69.925 60.514
v 55.740 67.993 60.292
v 55.740 67.993 60.514
v 56.347 68.459 60.514
v 56.347 68.459 60.292
v 54.515 64.217 60.292
v 54.481 63.959 60.514
v 54.481 63.959 60.292
v 54.515 64.217 60.514
v 54.615 63.459 60.292
v 54.774 63.252 60.514
v 54.774 63.252 60.292
v 54.615 63.459 60.514
v 54.981 63.093 60.292
v 54.981 63.093 60.514
v 55.222 62.993 60.292
v 55.222 62.993 60.514
v 55.481 62.959 60.292
v 55.481 62.959 60.514
v 55.740 62.993 60.292
v 55.740 62.993 60.514
v 55.981 63.093 60.292
v 55.981 63.093 60.514
v 56.188 63.252 60.292
v 56.188 63.252 60.514
v 56.347 63.459 60.514
v 56.347 63.459 60.292
v 54.515 63.700 60.292
v 54.515 63.700 60.514
v 55.981 38.093 60.514
v 56.188 38.252 60.292
v 55.981 38.093 60.292
v 56.188 38.252 60.514
v 56.447 39.217 60.514
v 56.481 38.959 60.292
v 56.481 38.959 60.514
v 56.447 39.217 60.292
v 56.447 38.700 60.292
v 56.447 38.700 60.514
v 54.615 38.459 60.292
v 54.774 38.252 60.514
v 54.774 38.252 60.292
v 54.615 38.459 60.514
v 55.981 39.825 60.514
v 55.740 39.925 60.292
v 55.981 39.825 60.292
v 55.740 39.925 60.514
v 54.981 38.093 60.514
v 55.222 37.993 60.292
v 54.981 38.093 60.292
v 55.222 37.993 60.514
v 56.347 39.459 60.514
v 56.347 39.459 60.292
v 56.347 38.459 60.292
v 56.347 38.459 60.514
v 56.188 39.666 60.514
v 56.188 39.666 60.292
v 55.740 37.993 60.514
v 55.740 37.993 60.292
v 55.481 39.959 60.292
v 55.481 39.959 60.514
v 55.222 39.925 60.514
v 54.981 39.825 60.292
v 55.222 39.925 60.292
v 54.981 39.825 60.514
v 54.774 39.666 60.292
v 54.774 39.666 60.514
v 54.615 39.459 60.292
v 54.615 39.459 60.514
v 55.481 37.959 60.292
v 55.481 37.959 60.514
v 54.481 38.959 55.498
v 54.515 38.700 55.719
v 54.515 38.700 55.498
v 54.481 38.959 55.719
v 56.188 39.666 55.719
v 55.981 39.825 55.498
v 56.188 39.666 55.498
v 55.981 39.825 55.719
v 54.774 44.666 55.498
v 54.615 44.459 55.719
v 54.615 44.459 55.498
v 54.774 44.666 55.719
v 55.222 44.925 55.719
v 54.981 44.825 55.498
v 55.222 44.925 55.498
v 54.981 44.825 55.719
v 56.447 34.217 55.719
v 56.481 33.959 55.498
v 56.481 33.959 55.719
v 56.447 34.217 55.498
v 55.481 32.959 55.719
v 55.740 32.993 55.498
v 55.481 32.959 55.498
v 55.740 32.993 55.719
v 54.981 33.093 55.719
v 55.222 32.993 55.498
v 54.981 33.093 55.498
v 55.222 32.993 55.719
v 55.981 38.093 55.719
v 56.188 38.252 55.498
v 55.981 38.093 55.498
v 56.188 38.252 55.719
v 55.740 34.925 55.719
v 55.481 34.959 55.498
v 55.740 34.925 55.498
v 55.481 34.959 55.719
v 54.615 38.459 55.498
v 54.774 38.252 55.719
v 54.774 38.252 55.498
v 54.615 38.459 55.719
v 54.615 33.459 55.498
v 54.774 33.252 55.719
v 54.774 33.252 55.498
v 54.615 33.459 55.719
v 55.222 39.925 55.719
v 54.981 39.825 55.498
v 55.222 39.925 55.498
v 54.981 39.825 55.719
v 54.515 33.700 55.498
v 54.515 33.700 55.719
v 54.481 33.959 55.498
v 54.481 33.959 55.719
v 54.615 34.459 55.498
v 54.515 34.217 55.719
v 54.515 34.217 55.498
v 54.615 34.459 55.719
v 56.188 34.666 55.719
v 56.347 34.459 55.498
v 56.347 34.459 55.719
v 56.188 34.666 55.498
v 56.447 39.217 55.719
v 56.481 38.959 55.498
v 56.481 38.959 55.719
v 56.447 39.217 55.498
v 54.981 38.093 55.719
v 55.222 37.993 55.498
v 54.981 38.093 55.498
v 55.222 37.993 55.719
v 54.774 34.666 55.498
v 54.774 34.666 55.719
v 54.515 44.217 55.719
v 54.515 44.217 55.498
v 54.774 39.666 55.498
v 54.774 39.666 55.719
v 55.222 34.925 55.498
v 55.222 34.925 55.719
v 56.347 33.459 55.719
v 56.188 33.252 55.498
v 56.188 33.252 55.719
v 56.347 33.459 55.498
v 55.981 34.825 55.498
v 55.981 34.825 55.719
v 55.981 33.093 55.719
v 55.981 33.093 55.498
v 55.481 37.959 55.498
v 55.481 37.959 55.719
v 55.740 39.925 55.498
v 55.740 39.925 55.719
v 56.347 39.459 55.498
v 56.347 39.459 55.719
v 54.515 43.700 55.498
v 54.615 43.459 55.719
v 54.615 43.459 55.498
v 54.515 43.700 55.719
v 55.481 39.959 55.719
v 55.481 39.959 55.498
v 56.447 38.700 55.719
v 56.347 38.459 55.498
v 56.347 38.459 55.719
v 56.447 38.700 55.498
v 54.615 39.459 55.719
v 54.615 39.459 55.498
v 56.447 33.700 55.498
v 56.447 33.700 55.719
v 54.481 43.959 55.498
v 54.481 43.959 55.719
v 55.740 37.993 55.719
v 55.740 37.993 55.498
v 54.515 39.217 55.498
v 54.515 39.217 55.719
v 56.347 23.459 55.719
v 56.188 23.252 55.498
v 56.188 23.252 55.719
v 56.347 23.459 55.498
v 54.981 24.825 55.719
v 54.774 24.666 55.498
v 54.981 24.825 55.498
v 54.774 24.666 55.719
v 55.481 19.959 55.719
v 55.222 19.925 55.498
v 55.481 19.959 55.498
v 55.222 19.925 55.719
v 56.188 24.666 55.719
v 55.981 24.825 55.498
v 56.188 24.666 55.498
v 55.981 24.825 55.719
v 55.740 19.925 55.719
v 55.740 19.925 55.498
v 56.188 29.666 55.719
v 55.981 29.825 55.498
v 56.188 29.666 55.498
v 55.981 29.825 55.719
v 54.615 29.459 55.498
v 54.515 29.217 55.719
v 54.515 29.217 55.498
v 54.615 29.459 55.719
v 54.774 29.666 55.498
v 54.774 29.666 55.719
v 55.981 28.093 55.719
v 56.188 28.252 55.498
v 55.981 28.093 55.498
v 56.188 28.252 55.719
v 56.447 29.217 55.719
v 56.481 28.959 55.498
v 56.481 28.959 55.719
v 56.447 29.217 55.498
v 56.347 24.459 55.719
v 56.447 24.217 55.498
v 56.447 24.217 55.719
v 56.347 24.459 55.498
v 55.740 24.925 55.498
v 55.740 24.925 55.719
v 55.740 22.993 55.719
v 55.981 23.093 55.498
v 55.740 22.993 55.498
v 55.981 23.093 55.719
v 54.615 23.459 55.498
v 54.774 23.252 55.719
v 54.774 23.252 55.498
v 54.615 23.459 55.719
v 55.740 29.925 55.719
v 55.481 29.959 55.498
v 55.740 29.925 55.498
v 55.481 29.959 55.719
v 54.615 24.459 55.498
v 54.515 24.217 55.719
v 54.515 24.217 55.498
v 54.615 24.459 55.719
v 56.447 28.700 55.498
v 56.447 28.700 55.719
v 55.981 19.825 55.719
v 55.981 19.825 55.498
v 56.188 19.666 55.719
v 56.188 19.666 55.498
v 55.481 24.959 55.498
v 55.481 24.959 55.719
v 54.981 34.825 55.719
v 54.981 34.825 55.498
v 56.447 23.700 55.719
v 56.447 23.700 55.498
v 56.347 19.459 55.498
v 56.347 19.459 55.719
v 56.447 19.217 55.498
v 56.447 19.217 55.719
v 54.481 28.959 55.498
v 54.515 28.700 55.719
v 54.515 28.700 55.498
v 54.481 28.959 55.719
v 56.481 18.959 55.498
v 56.481 18.959 55.719
v 54.981 23.093 55.719
v 55.222 22.993 55.498
v 54.981 23.093 55.498
v 55.222 22.993 55.719
v 55.222 29.925 55.498
v 55.222 29.925 55.719
v 56.347 29.459 55.498
v 56.347 29.459 55.719
v 54.774 28.252 55.719
v 54.981 28.093 55.498
v 54.774 28.252 55.498
v 54.981 28.093 55.719
v 54.615 28.459 55.498
v 54.615 28.459 55.719
v 56.481 23.959 55.498
v 56.481 23.959 55.719
v 55.222 27.993 55.719
v 55.481 27.959 55.498
v 55.222 27.993 55.498
v 55.481 27.959 55.719
v 55.481 22.959 55.498
v 55.481 22.959 55.719
v 55.740 27.993 55.719
v 55.740 27.993 55.498
v 54.981 29.825 55.719
v 54.981 29.825 55.498
v 54.515 23.700 55.498
v 54.515 23.700 55.719
v 56.347 28.459 55.719
v 56.347 28.459 55.498
v 54.481 23.959 55.719
v 54.481 23.959 55.498
v 55.222 24.925 55.719
v 55.222 24.925 55.498
v 56.347 8.459 55.719
v 56.188 8.252 55.498
v 56.188 8.252 55.719
v 56.347 8.459 55.498
v 56.447 18.700 55.719
v 56.347 18.459 55.498
v 56.347 18.459 55.719
v 56.447 18.700 55.498
v 54.981 18.093 55.719
v 55.222 17.993 55.498
v 54.981 18.093 55.498
v 55.222 17.993 55.719
v 55.481 17.959 55.719
v 55.740 17.993 55.498
v 55.481 17.959 55.498
v 55.740 17.993 55.719
v 54.615 18.459 55.498
v 54.774 18.252 55.719
v 54.774 18.252 55.498
v 54.615 18.459 55.719
v 54.981 19.825 55.498
v 54.981 19.825 55.719
v 55.981 18.093 55.498
v 55.981 18.093 55.719
v 54.481 8.959 55.498
v 54.515 8.700 55.719
v 54.515 8.700 55.498
v 54.481 8.959 55.719
v 55.481 14.959 55.719
v 55.222 14.925 55.498
v 55.481 14.959 55.498
v 55.222 14.925 55.719
v 54.515 18.700 55.498
v 54.515 18.700 55.719
v 54.615 19.459 55.498
v 54.515 19.217 55.719
v 54.515 19.217 55.498
v 54.615 19.459 55.719
v 55.740 14.925 55.719
v 55.740 14.925 55.498
v 56.347 14.459 55.719
v 56.447 14.217 55.498
v 56.447 14.217 55.719
v 56.347 14.459 55.498
v 56.447 13.700 55.719
v 56.347 13.459 55.498
v 56.347 13.459 55.719
v 56.447 13.700 55.498
v 55.740 12.993 55.719
v 55.981 13.093 55.498
v 55.740 12.993 55.498
v 55.981 13.093 55.719
v 55.481 12.959 55.719
v 55.481 12.959 55.498
v 55.222 12.993 55.719
v 55.222 12.993 55.498
v 54.615 13.459 55.498
v 54.774 13.252 55.719
v 54.774 13.252 55.498
v 54.615 13.459 55.719
v 54.481 13.959 55.498
v 54.515 13.700 55.719
v 54.515 13.700 55.498
v 54.481 13.959 55.719
v 54.515 14.217 55.498
v 54.515 14.217 55.719
v 54.615 14.459 55.498
v 54.615 14.459 55.719
v 54.981 14.825 55.719
v 54.774 14.666 55.498
v 54.981 14.825 55.498
v 54.774 14.666 55.719
v 56.188 18.252 55.498
v 56.188 18.252 55.719
v 56.188 14.666 55.719
v 55.981 14.825 55.498
v 56.188 14.666 55.498
v 55.981 14.825 55.719
v 54.515 9.217 55.498
v 54.515 9.217 55.719
v 54.774 9.666 55.498
v 54.615 9.459 55.719
v 54.615 9.459 55.498
v 54.774 9.666 55.719
v 54.981 9.825 55.719
v 54.981 9.825 55.498
v 56.188 13.252 55.498
v 56.188 13.252 55.719
v 55.222 9.925 55.719
v 55.222 9.925 55.498
v 55.740 9.925 55.719
v 55.481 9.959 55.498
v 55.740 9.925 55.498
v 55.481 9.959 55.719
v 55.981 9.825 55.719
v 55.981 9.825 55.498
v 56.188 9.666 55.719
v 56.347 9.459 55.498
v 56.347 9.459 55.719
v 56.188 9.666 55.498
v 56.447 9.217 55.498
v 56.447 9.217 55.719
v 54.481 18.959 55.498
v 54.481 18.959 55.719
v 54.774 19.666 55.498
v 54.774 19.666 55.719
v 56.481 8.959 55.498
v 56.481 8.959 55.719
v 56.447 8.700 55.498
v 56.447 8.700 55.719
v 54.981 13.093 55.719
v 54.981 13.093 55.498
v 56.481 13.959 55.719
v 56.481 13.959 55.498
v 54.615 8.459 55.719
v 54.615 8.459 55.498
v 55.981 4.825 55.719
v 55.740 4.925 55.498
v 55.981 4.825 55.498
v 55.740 4.925 55.719
v 56.188 -0.334 55.719
v 56.347 -0.541 55.498
v 56.347 -0.541 55.719
v 56.188 -0.334 55.498
v 56.447 -0.783 55.498
v 56.447 -0.783 55.719
v 54.774 -1.748 55.719
v 54.981 -1.907 55.498
v 54.774 -1.748 55.498
v 54.981 -1.907 55.719
v 54.515 -1.300 55.498
v 54.615 -1.541 55.719
v 54.615 -1.541 55.498
v 54.515 -1.300 55.719
v 54.615 -0.541 55.498
v 54.515 -0.783 55.719
v 54.515 -0.783 55.498
v 54.615 -0.541 55.719
v 54.774 -0.334 55.498
v 54.774 -0.334 55.719
v 55.481 -0.041 55.719
v 55.222 -0.075 55.498
v 55.481 -0.041 55.498
v 55.222 -0.075 55.719
v 56.481 -1.041 55.498
v 56.481 -1.041 55.719
v 55.740 -5.075 55.719
v 55.481 -5.041 55.498
v 55.740 -5.075 55.498
v 55.481 -5.041 55.719
v 55.981 -5.175 55.719
v 55.981 -5.175 55.498
v 56.447 -1.300 55.719
v 56.347 -1.541 55.498
v 56.347 -1.541 55.719
v 56.447 -1.300 55.498
v 55.222 -2.007 55.498
v 55.222 -2.007 55.719
v 56.447 4.217 55.719
v 56.481 3.959 55.498
v 56.481 3.959 55.719
v 56.447 4.217 55.498
v 55.981 -0.175 55.719
v 55.740 -0.075 55.498
v 55.981 -0.175 55.498
v 55.740 -0.075 55.719
v 55.481 2.959 55.719
v 55.740 2.993 55.498
v 55.481 2.959 55.498
v 55.740 2.993 55.719
v 56.447 3.700 55.498
v 56.447 3.700 55.719
v 54.981 8.093 55.719
v 55.222 7.993 55.498
v 54.981 8.093 55.498
v 55.222 7.993 55.719
v 55.981 3.093 55.719
v 56.188 3.252 55.498
v 55.981 3.093 55.498
v 56.188 3.252 55.719
v 55.481 7.959 55.498
v 55.481 7.959 55.719
v 55.222 2.993 55.719
v 55.222 2.993 55.498
v 55.981 8.093 55.719
v 55.981 8.093 55.498
v 56.347 3.459 55.719
v 56.347 3.459 55.498
v 54.774 8.252 55.719
v 54.774 8.252 55.498
v 54.774 4.666 55.498
v 54.615 4.459 55.719
v 54.615 4.459 55.498
v 54.774 4.666 55.719
v 55.740 7.993 55.498
v 55.740 7.993 55.719
v 56.188 4.666 55.719
v 56.188 4.666 55.498
v 54.515 4.217 55.498
v 54.481 3.959 55.719
v 54.481 3.959 55.498
v 54.515 4.217 55.719
v 54.515 3.700 55.719
v 54.515 3.700 55.498
v 55.981 -1.907 55.719
v 56.188 -1.748 55.498
v 55.981 -1.907 55.498
v 56.188 -1.748 55.719
v 54.981 4.825 55.719
v 54.981 4.825 55.498
v 55.481 -2.041 55.498
v 55.481 -2.041 55.719
v 55.481 4.959 55.719
v 55.222 4.925 55.498
v 55.481 4.959 55.498
v 55.222 4.925 55.719
v 54.481 -1.041 55.498
v 54.481 -1.041 55.719
v 54.981 -0.175 55.719
v 54.981 -0.175 55.498
v 55.740 -2.007 55.719
v 55.740 -2.007 55.498
v 56.347 4.459 55.498
v 56.347 4.459 55.719
v 54.981 3.093 55.719
v 54.981 3.093 55.498
v 54.615 3.459 55.498
v 54.774 3.252 55.719
v 54.774 3.252 55.498
v 54.615 3.459 55.719
v 55.740 -12.007 55.719
v 55.981 -11.907 55.498
v 55.740 -12.007 55.498
v 55.981 -11.907 55.719
v 54.615 -11.541 55.498
v 54.774 -11.748 55.719
v 54.774 -11.748 55.498
v 54.615 -11.541 55.719
v 54.515 -11.300 55.498
v 54.515 -11.300 55.719
v 55.222 -5.075 55.498
v 55.222 -5.075 55.719
v 54.515 -10.783 55.498
v 54.481 -11.041 55.719
v 54.481 -11.041 55.498
v 54.515 -10.783 55.719
v 56.481 -6.041 55.719
v 56.447 -6.300 55.498
v 56.447 -6.300 55.719
v 56.481 -6.041 55.498
v 54.615 -5.541 55.498
v 54.515 -5.783 55.719
v 54.515 -5.783 55.498
v 54.615 -5.541 55.719
v 56.188 -10.334 55.719
v 55.981 -10.175 55.498
v 56.188 -10.334 55.498
v 55.981 -10.175 55.719
v 56.347 -11.541 55.719
v 56.188 -11.748 55.498
v 56.188 -11.748 55.719
v 56.347 -11.541 55.498
v 54.774 -10.334 55.498
v 54.615 -10.541 55.719
v 54.615 -10.541 55.498
v 54.774 -10.334 55.719
v 54.481 -16.041 55.498
v 54.515 -16.300 55.719
v 54.515 -16.300 55.498
v 54.481 -16.041 55.719
v 54.981 -5.175 55.498
v 54.981 -5.175 55.719
v 54.981 -11.907 55.719
v 55.222 -12.007 55.498
v 54.981 -11.907 55.498
v 55.222 -12.007 55.719
v 54.515 -15.783 55.498
v 54.515 -15.783 55.719
v 56.188 -5.334 55.719
v 56.347 -5.541 55.498
v 56.347 -5.541 55.719
v 56.188 -5.334 55.498
v 54.981 -6.907 55.719
v 55.222 -7.007 55.498
v 54.981 -6.907 55.498
v 55.222 -7.007 55.719
v 54.481 -6.041 55.719
v 54.481 -6.041 55.498
v 55.481 -12.041 55.498
v 55.481 -12.041 55.719
v 54.981 -10.175 55.719
v 54.981 -10.175 55.498
v 55.481 -10.041 55.719
v 55.222 -10.075 55.498
v 55.481 -10.041 55.498
v 55.222 -10.075 55.719
v 56.447 -5.783 55.498
v 56.447 -5.783 55.719
v 55.740 -10.075 55.719
v 55.740 -10.075 55.498
v 54.774 -6.748 55.719
v 54.774 -6.748 55.498
v 54.615 -15.541 55.498
v 54.615 -15.541 55.719
v 54.774 -5.334 55.498
v 54.774 -5.334 55.719
v 56.447 -11.300 55.719
v 56.447 -11.300 55.498
v 55.481 -7.041 55.498
v 55.481 -7.041 55.719
v 56.347 -10.541 55.498
v 56.347 -10.541 55.719
v 55.740 -7.007 55.498
v 55.740 -7.007 55.719
v 54.515 -6.300 55.498
v 54.615 -6.541 55.719
v 54.615 -6.541 55.498
v 54.515 -6.300 55.719
v 54.774 -15.334 55.498
v 54.774 -15.334 55.719
v 55.481 -15.041 55.719
v 55.222 -15.075 55.498
v 55.481 -15.041 55.498
v 55.222 -15.075 55.719
v 54.981 -15.175 55.498
v 54.981 -15.175 55.719
v 55.740 -15.075 55.719
v 55.740 -15.075 55.498
v 55.981 -15.175 55.719
v 55.981 -15.175 55.498
v 56.188 -15.334 55.719
v 56.188 -15.334 55.498
v 56.347 -15.541 55.498
v 56.347 -15.541 55.719
v 56.447 -10.783 55.719
v 56.481 -11.041 55.498
v 56.481 -11.041 55.719
v 56.447 -10.783 55.498
v 56.347 -6.541 55.498
v 56.347 -6.541 55.719
v 55.981 -6.907 55.498
v 55.981 -6.907 55.719
v 56.188 -6.748 55.498
v 56.188 -6.748 55.719
v 56.447 -16.300 55.719
v 56.347 -16.541 55.498
v 56.347 -16.541 55.719
v 56.447 -16.300 55.498
v 54.774 -16.748 55.719
v 54.981 -16.907 55.498
v 54.774 -16.748 55.498
v 54.981 -16.907 55.719
v 55.740 -17.007 55.719
v 55.981 -16.907 55.498
v 55.740 -17.007 55.498
v 55.981 -16.907 55.719
v 55.222 -17.007 55.498
v 55.222 -17.007 55.719
v 54.615 -16.541 55.498
v 54.615 -16.541 55.719
v 56.447 -15.783 55.498
v 56.447 -15.783 55.719
v 55.481 -17.041 55.719
v 55.481 -17.041 55.498
v 56.481 -16.041 55.498
v 56.481 -16.041 55.719
v 56.188 -16.748 55.498
v 56.188 -16.748 55.719
v 54.481 43.959 60.292
v 54.515 43.700 60.514
v 54.515 43.700 60.292
v 54.481 43.959 60.514
v 54.981 43.093 60.514
v 55.222 42.993 60.292
v 54.981 43.093 60.292
v 55.222 42.993 60.514
v 56.347 49.459 60.514
v 56.447 49.217 60.292
v 56.447 49.217 60.514
v 56.347 49.459 60.292
v 56.481 48.959 60.514
v 56.447 48.700 60.292
v 56.447 48.700 60.514
v 56.481 48.959 60.292
v 54.615 43.459 60.292
v 54.774 43.252 60.514
v 54.774 43.252 60.292
v 54.615 43.459 60.514
v 55.981 49.825 60.514
v 55.740 49.925 60.292
v 55.981 49.825 60.292
v 55.740 49.925 60.514
v 55.481 49.959 60.514
v 55.222 49.925 60.292
v 55.481 49.959 60.292
v 55.222 49.925 60.514
v 56.188 49.666 60.514
v 56.188 49.666 60.292
v 54.981 49.825 60.514
v 54.774 49.666 60.292
v 54.981 49.825 60.292
v 54.774 49.666 60.514
v 54.615 49.459 60.514
v 54.615 49.459 60.292
v 56.347 48.459 60.292
v 56.347 48.459 60.514
v 54.515 49.217 60.514
v 54.515 49.217 60.292
v 56.188 44.666 55.719
v 55.981 44.825 55.498
v 56.188 44.666 55.498
v 55.981 44.825 55.719
v 54.774 53.252 55.719
v 54.981 53.093 55.498
v 54.774 53.252 55.498
v 54.981 53.093 55.719
v 54.515 48.700 55.498
v 54.615 48.459 55.719
v 54.615 48.459 55.498
v 54.515 48.700 55.719
v 54.481 53.959 55.498
v 54.515 53.700 55.719
v 54.515 53.700 55.498
v 54.481 53.959 55.719
v 56.347 54.459 55.719
v 56.447 54.217 55.498
v 56.447 54.217 55.719
v 56.347 54.459 55.498
v 54.615 54.459 55.498
v 54.515 54.217 55.719
v 54.515 54.217 55.498
v 54.615 54.459 55.719
v 55.481 52.959 55.719
v 55.740 52.993 55.498
v 55.481 52.959 55.498
v 55.740 52.993 55.719
v 55.481 59.959 55.719
v 55.222 59.925 55.498
v 55.481 59.959 55.498
v 55.222 59.925 55.719
v 55.222 52.993 55.498
v 55.222 52.993 55.719
v 55.481 49.959 55.719
v 55.222 49.925 55.498
v 55.481 49.959 55.498
v 55.222 49.925 55.719
v 56.188 49.666 55.719
v 55.981 49.825 55.498
v 56.188 49.666 55.498
v 55.981 49.825 55.719
v 56.447 53.700 55.719
v 56.347 53.459 55.498
v 56.347 53.459 55.719
v 56.447 53.700 55.498
v 55.740 49.925 55.719
v 55.740 49.925 55.498
v 56.347 49.459 55.498
v 56.347 49.459 55.719
v 56.188 54.666 55.719
v 55.981 54.825 55.498
v 56.188 54.666 55.498
v 55.981 54.825 55.719
v 56.447 49.217 55.498
v 56.447 49.217 55.719
v 56.481 48.959 55.719
v 56.447 48.700 55.498
v 56.447 48.700 55.719
v 56.481 48.959 55.498
v 54.774 48.252 55.719
v 54.981 48.093 55.498
v 54.774 48.252 55.498
v 54.981 48.093 55.719
v 54.481 48.959 55.498
v 54.481 48.959 55.719
v 55.222 54.925 55.719
v 54.981 54.825 55.498
v 55.222 54.925 55.498
v 54.981 54.825 55.719
v 55.481 54.959 55.719
v 55.481 54.959 55.498
v 54.981 59.825 55.498
v 54.981 59.825 55.719
v 54.774 59.666 55.498
v 54.774 59.666 55.719
v 55.222 47.993 55.498
v 55.222 47.993 55.719
v 54.981 49.825 55.719
v 54.774 49.666 55.498
v 54.981 49.825 55.498
v 54.774 49.666 55.719
v 54.615 49.459 55.719
v 54.615 49.459 55.498
v 55.981 53.093 55.498
v 55.981 53.093 55.719
v 54.774 54.666 55.498
v 54.774 54.666 55.719
v 56.347 48.459 55.719
v 56.188 48.252 55.498
v 56.188 48.252 55.719
v 56.347 48.459 55.498
v 55.740 54.925 55.719
v 55.740 54.925 55.498
v 56.188 53.252 55.498
v 56.188 53.252 55.719
v 55.740 47.993 55.719
v 55.981 48.093 55.498
v 55.740 47.993 55.498
v 55.981 48.093 55.719
v 54.615 53.459 55.498
v 54.615 53.459 55.719
v 56.481 53.959 55.719
v 56.481 53.959 55.498
v 54.615 59.459 55.719
v 54.615 59.459 55.498
v 55.481 47.959 55.498
v 55.481 47.959 55.719
v 54.515 49.217 55.719
v 54.515 49.217 55.498
v 55.481 44.959 55.719
v 55.481 44.959 55.498
v 55.740 44.925 55.719
v 55.740 44.925 55.498
v 56.188 -50.334 55.719
v 55.981 -50.175 55.498
v 56.188 -50.334 55.498
v 55.981 -50.175 55.719
v 56.447 -50.783 55.719
v 56.481 -51.041 55.498
v 56.481 -51.041 55.719
v 56.447 -50.783 55.498
v 55.481 -50.041 55.719
v 55.222 -50.075 55.498
v 55.481 -50.041 55.498
v 55.222 -50.075 55.719
v 54.981 -41.907 55.719
v 55.222 -42.007 55.498
v 54.981 -41.907 55.498
v 55.222 -42.007 55.719
v 56.188 -45.334 55.719
v 55.981 -45.175 55.498
v 56.188 -45.334 55.498
v 55.981 -45.175 55.719
v 55.981 -46.907 55.719
v 56.188 -46.748 55.498
v 55.981 -46.907 55.498
v 56.188 -46.748 55.719
v 55.740 -47.007 55.719
v 55.740 -47.007 55.498
v 54.615 -45.541 55.498
v 54.515 -45.783 55.719
v 54.515 -45.783 55.498
v 54.615 -45.541 55.719
v 55.740 -42.007 55.719
v 55.981 -41.907 55.498
v 55.740 -42.007 55.498
v 55.981 -41.907 55.719
v 56.347 -45.541 55.719
v 56.447 -45.783 55.498
v 56.447 -45.783 55.719
v 56.347 -45.541 55.498
v 55.481 -47.041 55.719
v 55.481 -47.041 55.498
v 54.481 -46.041 55.719
v 54.481 -46.041 55.498
v 56.347 -50.541 55.719
v 56.347 -50.541 55.498
v 56.447 -51.300 55.719
v 56.347 -51.541 55.498
v 56.347 -51.541 55.719
v 56.447 -51.300 55.498
v 55.222 -45.075 55.719
v 54.981 -45.175 55.498
v 55.222 -45.075 55.498
v 54.981 -45.175 55.719
v 56.188 -51.748 55.498
v 56.188 -51.748 55.719
v 54.515 -51.300 55.498
v 54.615 -51.541 55.719
v 54.615 -51.541 55.498
v 54.515 -51.300 55.719
v 54.481 -51.041 55.498
v 54.481 -51.041 55.719
v 55.481 -45.041 55.719
v 55.481 -45.041 55.498
v 56.447 -46.300 55.719
v 56.347 -46.541 55.498
v 56.347 -46.541 55.719
v 56.447 -46.300 55.498
v 54.981 -46.907 55.719
v 55.222 -47.007 55.498
v 54.981 -46.907 55.498
v 55.222 -47.007 55.719
v 55.740 -52.007 55.719
v 55.981 -51.907 55.498
v 55.740 -52.007 55.498
v 55.981 -51.907 55.719
v 56.481 -46.041 55.498
v 56.481 -46.041 55.719
v 56.347 -41.541 55.719
v 56.188 -41.748 55.498
v 56.188 -41.748 55.719
v 56.347 -41.541 55.498
v 55.222 -52.007 55.719
v 55.481 -52.041 55.498
v 55.222 -52.007 55.498
v 55.481 -52.041 55.719
v 54.615 -41.541 55.719
v 54.615 -41.541 55.498
v 54.774 -45.334 55.498
v 54.774 -45.334 55.719
v 54.981 -51.907 55.719
v 54.981 -51.907 55.498
v 54.515 -50.783 55.498
v 54.515 -50.783 55.719
v 54.981 -50.175 55.719
v 54.774 -50.334 55.498
v 54.981 -50.175 55.498
v 54.774 -50.334 55.719
v 54.615 -46.541 55.498
v 54.774 -46.748 55.719
v 54.774 -46.748 55.498
v 54.615 -46.541 55.719
v 54.515 -46.300 55.498
v 54.515 -46.300 55.719
v 55.481 -42.041 55.498
v 55.481 -42.041 55.719
v 54.615 -50.541 55.719
v 54.615 -50.541 55.498
v 55.740 -45.075 55.719
v 55.740 -45.075 55.498
v 54.774 -41.748 55.719
v 54.774 -41.748 55.498
v 55.740 -50.075 55.498
v 55.740 -50.075 55.719
v 54.774 -51.748 55.719
v 54.774 -51.748 55.498
v 54.774 -60.334 55.498
v 54.615 -60.541 55.719
v 54.615 -60.541 55.498
v 54.774 -60.334 55.719
v 54.981 -60.175 55.719
v 54.981 -60.175 55.498
v 56.347 44.459 55.719
v 56.447 44.217 55.498
v 56.447 44.217 55.719
v 56.347 44.459 55.498
v 56.347 -60.541 55.719
v 56.447 -60.783 55.498
v 56.447 -60.783 55.719
v 56.347 -60.541 55.498
v 56.481 -56.041 55.719
v 56.447 -56.300 55.498
v 56.447 -56.300 55.719
v 56.481 -56.041 55.498
v 56.347 43.459 55.719
v 56.188 43.252 55.498
v 56.188 43.252 55.719
v 56.347 43.459 55.498
v 56.347 -56.541 55.498
v 56.347 -56.541 55.719
v 54.774 -55.334 55.498
v 54.615 -55.541 55.719
v 54.615 -55.541 55.498
v 54.774 -55.334 55.719
v 56.481 -61.041 55.498
v 56.481 -61.041 55.719
v 56.347 -61.541 55.719
v 56.188 -61.748 55.498
v 56.188 -61.748 55.719
v 56.347 -61.541 55.498
v 55.740 -55.075 55.719
v 55.481 -55.041 55.498
v 55.740 -55.075 55.498
v 55.481 -55.041 55.719
v 55.481 -62.041 55.719
v 55.740 -62.007 55.498
v 55.481 -62.041 55.498
v 55.740 -62.007 55.719
v 55.222 -55.075 55.498
v 55.222 -55.075 55.719
v 54.515 -55.783 55.719
v 54.515 -55.783 55.498
v 56.447 -61.300 55.719
v 56.447 -61.300 55.498
v 55.981 -61.907 55.719
v 55.981 -61.907 55.498
v 54.615 -61.541 55.498
v 54.774 -61.748 55.719
v 54.774 -61.748 55.498
v 54.615 -61.541 55.719
v 54.481 -56.041 55.498
v 54.515 -56.300 55.719
v 54.515 -56.300 55.498
v 54.481 -56.041 55.719
v 55.222 -60.075 55.719
v 55.222 -60.075 55.498
v 55.981 -60.175 55.719
v 55.740 -60.075 55.498
v 55.981 -60.175 55.498
v 55.740 -60.075 55.719
v 56.447 43.700 55.719
v 56.447 43.700 55.498
v 56.447 -55.783 55.719
v 56.447 -55.783 55.498
v 55.981 43.093 55.719
v 55.981 43.093 55.498
v 55.740 42.993 55.719
v 55.740 42.993 55.498
v 56.188 -55.334 55.719
v 56.347 -55.541 55.498
v 56.347 -55.541 55.719
v 56.188 -55.334 55.498
v 54.981 -61.907 55.498
v 54.981 -61.907 55.719
v 54.774 -56.748 55.719
v 54.981 -56.907 55.498
v 54.774 -56.748 55.498
v 54.981 -56.907 55.719
v 55.981 -56.907 55.719
v 56.188 -56.748 55.498
v 55.981 -56.907 55.498
v 56.188 -56.748 55.719
v 55.222 -57.007 55.719
v 55.481 -57.041 55.498
v 55.222 -57.007 55.498
v 55.481 -57.041 55.719
v 56.188 -60.334 55.719
v 56.188 -60.334 55.498
v 55.222 -62.007 55.498
v 55.222 -62.007 55.719
v 54.515 -60.783 55.719
v 54.515 -60.783 55.498
v 55.740 -57.007 55.719
v 55.740 -57.007 55.498
v 54.481 -61.041 55.719
v 54.481 -61.041 55.498
v 55.981 -55.175 55.719
v 55.981 -55.175 55.498
v 54.615 -56.541 55.719
v 54.615 -56.541 55.498
v 56.481 43.959 55.498
v 56.481 43.959 55.719
v 55.481 42.959 55.719
v 55.481 42.959 55.498
v 55.222 42.993 55.719
v 55.222 42.993 55.498
v 55.481 -60.041 55.719
v 55.481 -60.041 55.498
v 54.981 -55.175 55.719
v 54.981 -55.175 55.498
v 54.515 -61.300 55.498
v 54.515 -61.300 55.719
v 56.188 -20.334 55.719
v 56.347 -20.541 55.498
v 56.347 -20.541 55.719
v 56.188 -20.334 55.498
v 56.447 -20.783 55.498
v 56.447 -20.783 55.719
v 55.981 -70.175 55.719
v 55.740 -70.075 55.498
v 55.981 -70.175 55.498
v 55.740 -70.075 55.719
v 55.222 -65.075 55.719
v 54.981 -65.175 55.498
v 55.222 -65.075 55.498
v 54.981 -65.175 55.719
v 55.481 -65.041 55.719
v 55.481 -65.041 55.498
v 54.515 -66.300 55.498
v 54.615 -66.541 55.719
v 54.615 -66.541 55.498
v 54.515 -66.300 55.719
v 55.981 -71.907 55.719
v 56.188 -71.748 55.498
v 55.981 -71.907 55.498
v 56.188 -71.748 55.719
v 56.481 -21.041 55.498
v 56.481 -21.041 55.719
v 56.447 -21.300 55.498
v 56.447 -21.300 55.719
v 56.347 -21.541 55.498
v 56.347 -21.541 55.719
v 54.774 -65.334 55.498
v 54.615 -65.541 55.719
v 54.615 -65.541 55.498
v 54.774 -65.334 55.719
v 55.481 -70.041 55.719
v 55.222 -70.075 55.498
v 55.481 -70.041 55.498
v 55.222 -70.075 55.719
v 55.222 -72.007 55.719
v 55.481 -72.041 55.498
v 55.222 -72.007 55.498
v 55.481 -72.041 55.719
v 56.188 -65.334 55.719
v 55.981 -65.175 55.498
v 56.188 -65.334 55.498
v 55.981 -65.175 55.719
v 56.347 -65.541 55.498
v 56.347 -65.541 55.719
v 56.447 -65.783 55.719
v 56.481 -66.041 55.498
v 56.481 -66.041 55.719
v 56.447 -65.783 55.498
v 56.481 -71.041 55.719
v 56.447 -71.300 55.498
v 56.447 -71.300 55.719
v 56.481 -71.041 55.498
v 56.347 -71.541 55.719
v 56.347 -71.541 55.498
v 54.981 -71.907 55.719
v 54.981 -71.907 55.498
v 54.481 -66.041 55.498
v 54.481 -66.041 55.719
v 56.347 -66.541 55.719
v 56.188 -66.748 55.498
v 56.188 -66.748 55.719
v 56.347 -66.541 55.498
v 54.774 -66.748 55.719
v 54.981 -66.907 55.498
v 54.774 -66.748 55.498
v 54.981 -66.907 55.719
v 55.481 -67.041 55.719
v 55.740 -67.007 55.498
v 55.481 -67.041 55.498
v 55.740 -67.007 55.719
v 56.347 -70.541 55.719
v 56.447 -70.783 55.498
v 56.447 -70.783 55.719
v 56.347 -70.541 55.498
v 54.481 -71.041 55.498
v 54.515 -71.300 55.719
v 54.515 -71.300 55.498
v 54.481 -71.041 55.719
v 54.515 -70.783 55.498
v 54.515 -70.783 55.719
v 56.188 -70.334 55.719
v 56.188 -70.334 55.498
v 54.615 -70.541 55.498
v 54.615 -70.541 55.719
v 55.740 -72.007 55.498
v 55.740 -72.007 55.719
v 54.981 -70.175 55.719
v 54.774 -70.334 55.498
v 54.981 -70.175 55.498
v 54.774 -70.334 55.719
v 55.740 -65.075 55.498
v 55.740 -65.075 55.719
v 56.447 -66.300 55.719
v 56.447 -66.300 55.498
v 55.222 -67.007 55.498
v 55.222 -67.007 55.719
v 55.981 -66.907 55.719
v 55.981 -66.907 55.498
v 55.481 -20.041 55.719
v 55.222 -20.075 55.498
v 55.481 -20.041 55.498
v 55.222 -20.075 55.719
v 54.515 -65.783 55.719
v 54.515 -65.783 55.498
v 54.774 -71.748 55.719
v 54.774 -71.748 55.498
v 54.615 -71.541 55.498
v 54.615 -71.541 55.719
v 55.740 -20.075 55.719
v 55.740 -20.075 55.498
v 55.981 -20.175 55.719
v 55.981 -20.175 55.498
v 55.222 74.925 55.719
v 54.981 74.825 55.498
v 55.222 74.925 55.498
v 54.981 74.825 55.719
v 55.981 69.825 55.719
v 55.740 69.925 55.498
v 55.981 69.825 55.498
v 55.740 69.925 55.719
v 56.447 69.217 55.719
v 56.481 68.959 55.498
v 56.481 68.959 55.719
v 56.447 69.217 55.498
v 55.481 74.959 55.719
v 55.481 74.959 55.498
v 54.981 68.093 55.719
v 55.222 67.993 55.498
v 54.981 68.093 55.498
v 55.222 67.993 55.719
v 55.740 67.993 55.719
v 55.981 68.093 55.498
v 55.740 67.993 55.498
v 55.981 68.093 55.719
v 56.347 74.459 55.719
v 56.447 74.217 55.498
v 56.447 74.217 55.719
v 56.347 74.459 55.498
v 54.774 68.252 55.719
v 54.774 68.252 55.498
v 56.447 73.700 55.719
v 56.347 73.459 55.498
v 56.347 73.459 55.719
v 56.447 73.700 55.498
v 55.740 -22.007 55.719
v 55.981 -21.907 55.498
v 55.740 -22.007 55.498
v 55.981 -21.907 55.719
v 54.774 74.666 55.498
v 54.774 74.666 55.719
v 56.188 74.666 55.719
v 55.981 74.825 55.498
v 56.188 74.666 55.498
v 55.981 74.825 55.719
v 55.981 73.093 55.719
v 56.188 73.252 55.498
v 55.981 73.093 55.498
v 56.188 73.252 55.719
v 54.515 73.700 55.498
v 54.615 73.459 55.719
v 54.615 73.459 55.498
v 54.515 73.700 55.719
v 55.740 72.993 55.719
v 55.740 72.993 55.498
v 56.188 69.666 55.719
v 56.347 69.459 55.498
v 56.347 69.459 55.719
v 56.188 69.666 55.498
v 56.188 -21.748 55.498
v 56.188 -21.748 55.719
v 55.481 -22.041 55.719
v 55.481 -22.041 55.498
v 56.481 73.959 55.498
v 56.481 73.959 55.719
v 54.615 74.459 55.498
v 54.515 74.217 55.719
v 54.515 74.217 55.498
v 54.615 74.459 55.719
v 55.222 -22.007 55.719
v 55.222 -22.007 55.498
v 54.774 -21.748 55.719
v 54.981 -21.907 55.498
v 54.774 -21.748 55.498
v 54.981 -21.907 55.719
v 56.447 68.700 55.498
v 56.447 68.700 55.719
v 56.347 68.459 55.719
v 56.188 68.252 55.498
v 56.188 68.252 55.719
v 56.347 68.459 55.498
v 55.481 69.959 55.719
v 55.222 69.925 55.498
v 55.481 69.959 55.498
v 55.222 69.925 55.719
v 55.481 67.959 55.498
v 55.481 67.959 55.719
v 54.481 -21.041 55.498
v 54.515 -21.300 55.719
v 54.515 -21.300 55.498
v 54.481 -21.041 55.719
v 54.615 68.459 55.498
v 54.615 68.459 55.719
v 54.481 68.959 55.498
v 54.515 68.700 55.719
v 54.515 68.700 55.498
v 54.481 68.959 55.719
v 54.515 69.217 55.498
v 54.515 69.217 55.719
v 54.615 69.459 55.498
v 54.615 69.459 55.719
v 54.481 73.959 55.498
v 54.481 73.959 55.719
v 55.740 74.925 55.719
v 55.740 74.925 55.498
v 55.222 72.993 55.719
v 55.481 72.959 55.498
v 55.222 72.993 55.498
v 55.481 72.959 55.719
v 54.615 -21.541 55.719
v 54.615 -21.541 55.498
v 54.774 73.252 55.719
v 54.774 73.252 55.498
v 54.774 -20.334 55.498
v 54.615 -20.541 55.719
v 54.615 -20.541 55.498
v 54.774 -20.334 55.719
v 54.981 -20.175 55.719
v 54.981 -20.175 55.498
v 54.515 -20.783 55.719
v 54.515 -20.783 55.498
v 54.981 73.093 55.719
v 54.981 73.093 55.498
v 54.481 63.959 55.498
v 54.515 63.700 55.719
v 54.515 63.700 55.498
v 54.481 63.959 55.719
v 54.981 64.825 55.719
v 54.774 64.666 55.498
v 54.981 64.825 55.498
v 54.774 64.666 55.719
v 55.481 64.959 55.719
v 55.222 64.925 55.498
v 55.481 64.959 55.498
v 55.222 64.925 55.719
v 56.188 59.666 55.719
v 56.347 59.459 55.498
v 56.347 59.459 55.719
v 56.188 59.666 55.498
v 56.447 58.700 55.719
v 56.347 58.459 55.498
v 56.347 58.459 55.719
v 56.447 58.700 55.498
v 55.981 58.093 55.719
v 56.188 58.252 55.498
v 55.981 58.093 55.498
v 56.188 58.252 55.719
v 55.222 57.993 55.719
v 55.481 57.959 55.498
v 55.222 57.993 55.498
v 55.481 57.959 55.719
v 54.981 58.093 55.719
v 54.981 58.093 55.498
v 55.981 59.825 55.498
v 55.981 59.825 55.719
v 55.740 57.993 55.498
v 55.740 57.993 55.719
v 54.774 58.252 55.719
v 54.774 58.252 55.498
v 54.615 64.459 55.498
v 54.515 64.217 55.719
v 54.515 64.217 55.498
v 54.615 64.459 55.719
v 55.740 59.925 55.498
v 55.740 59.925 55.719
v 54.615 58.459 55.498
v 54.615 58.459 55.719
v 54.515 58.700 55.498
v 54.515 58.700 55.719
v 54.481 58.959 55.498
v 54.481 58.959 55.719
v 54.515 59.217 55.498
v 54.515 59.217 55.719
v 54.774 69.666 55.498
v 54.774 69.666 55.719
v 56.447 59.217 55.719
v 56.481 58.959 55.498
v 56.481 58.959 55.719
v 56.447 59.217 55.498
v 55.740 64.925 55.719
v 55.740 64.925 55.498
v 56.347 64.459 55.719
v 56.447 64.217 55.498
v 56.447 64.217 55.719
v 56.347 64.459 55.498
v 54.981 63.093 55.719
v 55.222 62.993 55.498
v 54.981 63.093 55.498
v 55.222 62.993 55.719
v 55.981 64.825 55.719
v 55.981 64.825 55.498
v 55.740 62.993 55.719
v 55.981 63.093 55.498
v 55.740 62.993 55.498
v 55.981 63.093 55.719
v 55.481 62.959 55.719
v 55.481 62.959 55.498
v 54.615 63.459 55.498
v 54.774 63.252 55.719
v 54.774 63.252 55.498
v 54.615 63.459 55.719
v 56.188 64.666 55.719
v 56.188 64.666 55.498
v 56.481 63.959 55.719
v 56.447 63.700 55.498
v 56.447 63.700 55.719
v 56.481 63.959 55.498
v 56.347 63.459 55.498
v 56.347 63.459 55.719
v 56.188 63.252 55.498
v 56.188 63.252 55.719
v 54.981 69.825 55.719
v 54.981 69.825 55.498
v 55.740 -10.075 60.514
v 55.481 -10.041 60.292
v 55.740 -10.075 60.292
v 55.481 -10.041 60.514
v 56.447 -15.783 60.514
v 56.481 -16.041 60.292
v 56.481 -16.041 60.514
v 56.447 -15.783 60.292
v 56.188 -15.334 60.514
v 55.981 -15.175 60.292
v 56.188 -15.334 60.292
v 55.981 -15.175 60.514
v 56.347 -16.541 60.514
v 56.188 -16.748 60.292
v 56.188 -16.748 60.514
v 56.347 -16.541 60.292
v 56.447 -16.300 60.514
v 56.447 -16.300 60.292
v 56.347 -15.541 60.292
v 56.347 -15.541 60.514
v 54.515 -16.300 60.292
v 54.615 -16.541 60.514
v 54.615 -16.541 60.292
v 54.515 -16.300 60.514
v 54.774 -10.334 60.292
v 54.615 -10.541 60.514
v 54.615 -10.541 60.292
v 54.774 -10.334 60.514
v 55.981 -16.907 60.514
v 55.981 -16.907 60.292
v 55.740 -15.075 60.292
v 55.740 -15.075 60.514
v 54.481 -16.041 60.292
v 54.481 -16.041 60.514
v 55.481 -15.041 60.292
v 55.481 -15.041 60.514
v 55.222 -5.075 60.514
v 54.981 -5.175 60.292
v 55.222 -5.075 60.292
v 54.981 -5.175 60.514
v 55.222 -15.075 60.292
v 55.222 -15.075 60.514
v 54.981 -15.175 60.292
v 54.981 -15.175 60.514
v 56.447 -11.300 60.514
v 56.347 -11.541 60.292
v 56.347 -11.541 60.514
v 56.447 -11.300 60.292
v 54.774 -15.334 60.292
v 54.774 -15.334 60.514
v 54.774 -5.334 60.292
v 54.615 -5.541 60.514
v 54.615 -5.541 60.292
v 54.774 -5.334 60.514
v 55.740 -12.007 60.514
v 55.981 -11.907 60.292
v 55.740 -12.007 60.292
v 55.981 -11.907 60.514
v 55.481 -5.041 60.514
v 55.481 -5.041 60.292
v 55.740 -5.075 60.514
v 55.740 -5.075 60.292
v 54.515 -11.300 60.292
v 54.615 -11.541 60.514
v 54.615 -11.541 60.292
v 54.515 -11.300 60.514
v 56.188 -11.748 60.292
v 56.188 -11.748 60.514
v 54.774 -11.748 60.514
v 54.774 -11.748 60.292
v 55.981 -5.175 60.514
v 55.981 -5.175 60.292
v 56.188 -5.334 60.514
v 56.188 -5.334 60.292
v 54.515 -15.783 60.292
v 54.515 -15.783 60.514
v 54.515 -10.783 60.292
v 54.481 -11.041 60.514
v 54.481 -11.041 60.292
v 54.515 -10.783 60.514
v 54.981 -11.907 60.292
v 54.981 -11.907 60.514
v 55.222 -12.007 60.514
v 55.481 -12.041 60.292
v 55.222 -12.007 60.292
v 55.481 -12.041 60.514
v 56.481 -11.041 60.514
v 56.481 -11.041 60.292
v 56.188 -10.334 60.514
v 56.347 -10.541 60.292
v 56.347 -10.541 60.514
v 56.188 -10.334 60.292
v 54.981 -10.175 60.514
v 54.981 -10.175 60.292
v 55.981 -10.175 60.514
v 55.981 -10.175 60.292
v 55.222 -10.075 60.514
v 55.222 -10.075 60.292
v 54.515 -5.783 60.514
v 54.515 -5.783 60.292
v 54.774 -16.748 60.514
v 54.774 -16.748 60.292
v 54.981 -16.907 60.292
v 54.981 -16.907 60.514
v 56.447 -10.783 60.292
v 56.447 -10.783 60.514
v 55.222 -17.007 60.292
v 55.222 -17.007 60.514
v 55.481 -17.041 60.292
v 55.481 -17.041 60.514
v 55.740 -17.007 60.292
v 55.740 -17.007 60.514
v 56.481 -21.041 60.514
v 56.447 -21.300 60.292
v 56.447 -21.300 60.514
v 56.481 -21.041 60.292
v 55.740 -22.007 60.514
v 55.981 -21.907 60.292
v 55.740 -22.007 60.292
v 55.981 -21.907 60.514
v 55.981 -20.175 60.514
v 55.740 -20.075 60.292
v 55.981 -20.175 60.292
v 55.740 -20.075 60.514
v 56.188 -21.748 60.292
v 56.188 -21.748 60.514
v 55.222 -20.075 60.514
v 54.981 -20.175 60.292
v 55.222 -20.075 60.292
v 54.981 -20.175 60.514
v 54.774 -21.748 60.514
v 54.981 -21.907 60.292
v 54.774 -21.748 60.292
v 54.981 -21.907 60.514
v 55.222 -22.007 60.292
v 55.222 -22.007 60.514
v 56.347 -21.541 60.292
v 56.347 -21.541 60.514
v 54.615 -15.541 60.514
v 54.615 -15.541 60.292
v 55.481 -20.041 60.514
v 55.481 -20.041 60.292
v 55.481 -22.041 60.292
v 55.481 -22.041 60.514
v 56.347 -20.541 60.514
v 56.447 -20.783 60.292
v 56.447 -20.783 60.514
v 56.347 -20.541 60.292
v 54.774 -20.334 60.292
v 54.774 -20.334 60.514
v 54.615 -20.541 60.514
v 54.615 -20.541 60.292
v 56.188 -20.334 60.514
v 56.188 -20.334 60.292
v 54.515 -20.783 60.292
v 54.481 -21.041 60.514
v 54.481 -21.041 60.292
v 54.515 -20.783 60.514
v 54.515 -21.300 60.514
v 54.515 -21.300 60.292
v 54.615 -21.541 60.292
v 54.615 -21.541 60.514
v 56.188 14.666 60.514
v 56.347 14.459 60.292
v 56.347 14.459 60.514
v 56.188 14.666 60.292
v 54.481 18.959 60.292
v 54.515 18.700 60.514
v 54.515 18.700 60.292
v 54.481 18.959 60.514
v 55.981 14.825 60.292
v 55.981 14.825 60.514
v 56.347 18.459 60.514
v 56.188 18.252 60.292
v 56.188 18.252 60.514
v 56.347 18.459 60.292
v 55.740 14.925 60.292
v 55.740 14.925 60.514
v 55.481 14.959 60.292
v 55.481 14.959 60.514
v 56.447 14.217 60.514
v 56.481 13.959 60.292
v 56.481 13.959 60.514
v 56.447 14.217 60.292
v 54.481 8.959 60.292
v 54.481 8.959 60.514
v 54.615 18.459 60.514
v 54.615 18.459 60.292
v 56.481 18.959 60.514
v 56.447 18.700 60.292
v 56.447 18.700 60.514
v 56.481 18.959 60.292
v 55.481 17.959 60.514
v 55.740 17.993 60.292
v 55.481 17.959 60.292
v 55.740 17.993 60.514
v 56.447 19.217 60.514
v 56.447 19.217 60.292
v 56.347 19.459 60.514
v 56.347 19.459 60.292
v 56.188 19.666 60.514
v 56.188 19.666 60.292
v 55.981 19.825 60.292
v 55.981 19.825 60.514
v 54.481 13.959 60.292
v 54.515 13.700 60.514
v 54.515 13.700 60.292
v 54.481 13.959 60.514
v 54.774 18.252 60.514
v 54.981 18.093 60.292
v 54.774 18.252 60.292
v 54.981 18.093 60.514
v 55.981 18.093 60.292
v 55.981 18.093 60.514
v 54.615 13.459 60.514
v 54.615 13.459 60.292
v 54.774 13.252 60.514
v 54.774 13.252 60.292
v 55.740 19.925 60.292
v 55.740 19.925 60.514
v 55.481 19.959 60.292
v 55.481 19.959 60.514
v 55.222 19.925 60.292
v 55.222 19.925 60.514
v 54.774 19.666 60.292
v 54.615 19.459 60.514
v 54.615 19.459 60.292
v 54.774 19.666 60.514
v 54.515 19.217 60.514
v 54.515 19.217 60.292
v 54.981 13.093 60.292
v 54.981 13.093 60.514
v 54.981 19.825 60.514
v 54.981 19.825 60.292
v 55.222 12.993 60.292
v 55.222 12.993 60.514
v 55.740 12.993 60.514
v 55.981 13.093 60.292
v 55.740 12.993 60.292
v 55.981 13.093 60.514
v 55.481 12.959 60.292
v 55.481 12.959 60.514
v 56.188 13.252 60.292
v 56.188 13.252 60.514
v 56.347 13.459 60.514
v 56.347 13.459 60.292
v 56.447 13.700 60.514
v 56.447 13.700 60.292
v 55.222 17.993 60.292
v 55.222 17.993 60.514
v 54.515 14.217 60.292
v 54.515 14.217 60.514
v 55.481 -30.041 60.514
v 55.222 -30.075 60.292
v 55.481 -30.041 60.292
v 55.222 -30.075 60.514
v 54.981 -30.175 60.514
v 54.774 -30.334 60.292
v 54.981 -30.175 60.292
v 54.774 -30.334 60.514
v 54.615 -30.541 60.514
v 54.615 -30.541 60.292
v 55.222 -25.075 60.514
v 54.981 -25.175 60.292
v 55.222 -25.075 60.292
v 54.981 -25.175 60.514
v 56.347 -26.541 60.514
v 56.188 -26.748 60.292
v 56.188 -26.748 60.514
v 56.347 -26.541 60.292
v 55.740 -27.007 60.514
v 55.981 -26.907 60.292
v 55.740 -27.007 60.292
v 55.981 -26.907 60.514
v 54.774 -25.334 60.292
v 54.774 -25.334 60.514
v 54.615 -25.541 60.292
v 54.515 -25.783 60.514
v 54.515 -25.783 60.292
v 54.615 -25.541 60.514
v 56.188 -30.334 60.514
v 56.347 -30.541 60.292
v 56.347 -30.541 60.514
v 56.188 -30.334 60.292
v 54.515 -26.300 60.292
v 54.615 -26.541 60.514
v 54.615 -26.541 60.292
v 54.515 -26.300 60.514
v 54.515 -30.783 60.514
v 54.515 -30.783 60.292
v 55.981 -31.907 60.514
v 56.188 -31.748 60.292
v 55.981 -31.907 60.292
v 56.188 -31.748 60.514
v 54.481 -26.041 60.514
v 54.481 -26.041 60.292
v 56.481 -26.041 60.514
v 56.447 -26.300 60.292
v 56.447 -26.300 60.514
v 56.481 -26.041 60.292
v 54.615 -31.541 60.292
v 54.774 -31.748 60.514
v 54.774 -31.748 60.292
v 54.615 -31.541 60.514
v 55.740 -32.007 60.514
v 55.740 -32.007 60.292
v 55.481 -25.041 60.514
v 55.481 -25.041 60.292
v 56.481 -31.041 60.514
v 56.447 -31.300 60.292
v 56.447 -31.300 60.514
v 56.481 -31.041 60.292
v 54.981 -31.907 60.292
v 54.981 -31.907 60.514
v 55.481 -27.041 60.514
v 55.481 -27.041 60.292
v 56.447 -30.783 60.514
v 56.447 -30.783 60.292
v 56.347 -31.541 60.514
v 56.347 -31.541 60.292
v 55.740 -25.075 60.514
v 55.740 -25.075 60.292
v 56.188 -25.334 60.514
v 56.347 -25.541 60.292
v 56.347 -25.541 60.514
v 56.188 -25.334 60.292
v 55.981 -25.175 60.514
v 55.981 -25.175 60.292
v 54.481 -31.041 60.292
v 54.515 -31.300 60.514
v 54.515 -31.300 60.292
v 54.481 -31.041 60.514
v 54.774 -26.748 60.514
v 54.981 -26.907 60.292
v 54.774 -26.748 60.292
v 54.981 -26.907 60.514
v 56.447 -25.783 60.514
v 56.447 -25.783 60.292
v 55.481 -32.041 60.514
v 55.481 -32.041 60.292
v 55.222 -27.007 60.292
v 55.222 -27.007 60.514
v 55.222 -32.007 60.292
v 55.222 -32.007 60.514
v 55.981 -30.175 60.292
v 55.981 -30.175 60.514
v 55.740 -30.075 60.292
v 55.740 -30.075 60.514
v 54.515 48.700 60.292
v 54.615 48.459 60.514
v 54.615 48.459 60.292
v 54.515 48.700 60.514
v 54.481 48.959 60.292
v 54.481 48.959 60.514
v 55.981 54.825 60.514
v 55.740 54.925 60.292
v 55.981 54.825 60.292
v 55.740 54.925 60.514
v 54.774 48.252 60.514
v 54.774 48.252 60.292
v 54.981 48.093 60.292
v 54.981 48.093 60.514
v 55.222 47.993 60.514
v 55.481 47.959 60.292
v 55.222 47.993 60.292
v 55.481 47.959 60.514
v 54.615 54.459 60.292
v 54.515 54.217 60.514
v 54.515 54.217 60.292
v 54.615 54.459 60.514
v 55.740 47.993 60.292
v 55.740 47.993 60.514
v 55.222 54.925 60.514
v 54.981 54.825 60.292
v 55.222 54.925 60.292
v 54.981 54.825 60.514
v 56.188 54.666 60.514
v 56.188 54.666 60.292
v 54.774 54.666 60.292
v 54.774 54.666 60.514
v 55.981 48.093 60.514
v 56.188 48.252 60.292
v 55.981 48.093 60.292
v 56.188 48.252 60.514
v 55.481 54.959 60.292
v 55.481 54.959 60.514
v 56.347 54.459 60.292
v 56.347 54.459 60.514
v 56.447 53.700 60.514
v 56.347 53.459 60.292
v 56.347 53.459 60.514
v 56.447 53.700 60.292
v 55.481 52.959 60.514
v 55.740 52.993 60.292
v 55.481 52.959 60.292
v 55.740 52.993 60.514
v 56.188 53.252 60.292
v 56.188 53.252 60.514
v 55.222 59.925 60.514
v 54.981 59.825 60.292
v 55.222 59.925 60.292
v 54.981 59.825 60.514
v 55.481 59.959 60.514
v 55.481 59.959 60.292
v 54.774 59.666 60.292
v 54.774 59.666 60.514
v 54.481 53.959 60.292
v 54.515 53.700 60.514
v 54.515 53.700 60.292
v 54.481 53.959 60.514
v 54.615 53.459 60.292
v 54.774 53.252 60.514
v 54.774 53.252 60.292
v 54.615 53.459 60.514
v 54.615 59.459 60.292
v 54.515 59.217 60.514
v 54.515 59.217 60.292
v 54.615 59.459 60.514
v 54.981 53.093 60.292
v 54.981 53.093 60.514
v 55.222 52.993 60.292
v 55.222 52.993 60.514
v 55.981 53.093 60.292
v 55.981 53.093 60.514
v 56.481 53.959 60.514
v 56.481 53.959 60.292
v 56.447 54.217 60.514
v 56.447 54.217 60.292
v 54.774 14.666 60.292
v 54.615 14.459 60.514
v 54.615 14.459 60.292
v 54.774 14.666 60.514
v 54.981 14.825 60.514
v 54.981 14.825 60.292
v 55.481 24.959 60.514
v 55.222 24.925 60.292
v 55.481 24.959 60.292
v 55.222 24.925 60.514
v 54.981 24.825 60.514
v 54.774 24.666 60.292
v 54.981 24.825 60.292
v 54.774 24.666 60.514
v 54.615 24.459 60.514
v 54.615 24.459 60.292
v 55.222 14.925 60.292
v 55.222 14.925 60.514
v 56.347 -5.541 60.292
v 56.347 -5.541 60.514
v 56.447 24.217 60.514
v 56.481 23.959 60.292
v 56.481 23.959 60.514
v 56.447 24.217 60.292
v 54.515 9.217 60.292
v 54.515 9.217 60.514
v 56.347 24.459 60.514
v 56.347 24.459 60.292
v 56.188 24.666 60.514
v 55.981 24.825 60.292
v 56.188 24.666 60.292
v 55.981 24.825 60.514
v 55.740 24.925 60.292
v 55.740 24.925 60.514
v 56.447 73.700 60.514
v 56.347 73.459 60.292
v 56.347 73.459 60.514
v 56.447 73.700 60.292
v 56.188 73.252 60.292
v 56.188 73.252 60.514
v 55.481 74.959 60.514
v 55.222 74.925 60.292
v 55.481 74.959 60.292
v 55.222 74.925 60.514
v 54.481 68.959 60.514
v 54.481 68.959 60.292
v 54.981 74.825 60.514
v 54.774 74.666 60.292
v 54.981 74.825 60.292
v 54.774 74.666 60.514
v 56.188 74.666 60.514
v 55.981 74.825 60.292
v 56.188 74.666 60.292
v 55.981 74.825 60.514
v 54.515 68.700 60.514
v 54.515 68.700 60.292
v 54.615 68.459 60.514
v 54.615 68.459 60.292
v 54.774 68.252 60.514
v 54.774 68.252 60.292
v 56.447 74.217 60.514
v 56.481 73.959 60.292
v 56.481 73.959 60.514
v 56.447 74.217 60.292
v 55.740 74.925 60.292
v 55.740 74.925 60.514
v 56.347 74.459 60.514
v 56.347 74.459 60.292
v 54.615 74.459 60.292
v 54.515 74.217 60.514
v 54.515 74.217 60.292
v 54.615 74.459 60.514
v 55.740 59.925 60.514
v 55.740 59.925 60.292
v 54.481 73.959 60.514
v 54.481 73.959 60.292
v 54.515 73.700 60.292
v 54.615 73.459 60.514
v 54.615 73.459 60.292
v 54.515 73.700 60.514
v 54.774 73.252 60.514
v 54.774 73.252 60.292
v 54.981 73.093 60.292
v 54.981 73.093 60.514
v 55.222 72.993 60.292
v 55.222 72.993 60.514
v 55.481 72.959 60.292
v 55.481 72.959 60.514
v 54.481 28.959 60.292
v 54.515 28.700 60.514
v 54.515 28.700 60.292
v 54.481 28.959 60.514
v 54.981 28.093 60.514
v 55.222 27.993 60.292
v 54.981 28.093 60.292
v 55.222 27.993 60.514
v 55.481 27.959 60.292
v 55.481 27.959 60.514
v 54.615 28.459 60.292
v 54.774 28.252 60.514
v 54.774 28.252 60.292
v 54.615 28.459 60.514
v 54.615 34.459 60.292
v 54.515 34.217 60.514
v 54.515 34.217 60.292
v 54.615 34.459 60.514
v 54.774 34.666 60.292
v 54.774 34.666 60.514
v 55.740 27.993 60.514
v 55.981 28.093 60.292
v 55.740 27.993 60.292
v 55.981 28.093 60.514
v 56.447 28.700 60.514
v 56.347 28.459 60.292
v 56.347 28.459 60.514
v 56.447 28.700 60.292
v 56.347 29.459 60.514
v 56.447 29.217 60.292
v 56.447 29.217 60.514
v 56.347 29.459 60.292
v 56.188 29.666 60.514
v 56.188 29.666 60.292
v 56.188 28.252 60.292
v 56.188 28.252 60.514
v 56.481 28.959 60.514
v 56.481 28.959 60.292
v 55.481 32.959 60.514
v 55.740 32.993 60.292
v 55.481 32.959 60.292
v 55.740 32.993 60.514
v 56.481 33.959 60.514
v 56.447 33.700 60.292
v 56.447 33.700 60.514
v 56.481 33.959 60.292
v 56.447 34.217 60.514
v 56.447 34.217 60.292
v 56.347 34.459 60.514
v 56.347 34.459 60.292
v 56.188 34.666 60.514
v 55.981 34.825 60.292
v 56.188 34.666 60.292
v 55.981 34.825 60.514
v 55.740 34.925 60.292
v 55.740 34.925 60.514
v 55.481 34.959 60.292
v 55.481 34.959 60.514
v 55.222 32.993 60.514
v 55.222 32.993 60.292
v 55.981 33.093 60.514
v 56.188 33.252 60.292
v 55.981 33.093 60.292
v 56.188 33.252 60.514
v 54.481 33.959 60.514
v 54.481 33.959 60.292
v 54.515 33.700 60.514
v 54.515 33.700 60.292
v 54.615 33.459 60.514
v 54.615 33.459 60.292
v 54.774 33.252 60.514
v 54.981 33.093 60.292
v 54.774 33.252 60.292
v 54.981 33.093 60.514
v 56.347 33.459 60.514
v 56.347 33.459 60.292
v 56.447 58.700 60.514
v 56.347 58.459 60.292
v 56.347 58.459 60.514
v 56.447 58.700 60.292
v 56.188 59.666 60.514
v 55.981 59.825 60.292
v 56.188 59.666 60.292
v 55.981 59.825 60.514
v 55.740 57.993 60.514
v 55.981 58.093 60.292
v 55.740 57.993 60.292
v 55.981 58.093 60.514
v 56.188 58.252 60.292
v 56.188 58.252 60.514
v 56.347 59.459 60.514
v 56.447 59.217 60.292
v 56.447 59.217 60.514
v 56.347 59.459 60.292
v 54.481 58.959 60.514
v 54.481 58.959 60.292
v 54.774 58.252 60.514
v 54.981 58.093 60.292
v 54.774 58.252 60.292
v 54.981 58.093 60.514
v 55.222 57.993 60.292
v 55.222 57.993 60.514
v 54.515 58.700 60.514
v 54.515 58.700 60.292
v 54.615 58.459 60.514
v 54.615 58.459 60.292
v 55.481 57.959 60.292
v 55.481 57.959 60.514
v 56.481 58.959 60.514
v 56.481 58.959 60.292
v 55.981 -36.907 60.514
v 56.188 -36.748 60.292
v 55.981 -36.907 60.292
v 56.188 -36.748 60.514
v 52.179 102.204 55.719
v 52.179 -101.796 60.292
v 52.179 -101.796 55.719
v 52.179 102.204 60.292
v 54.774 -35.334 60.292
v 54.615 -35.541 60.514
v 54.615 -35.541 60.292
v 54.774 -35.334 60.514
v 51.958 102.204 60.514
v 58.783 102.204 60.292
v 58.783 102.204 55.719
v 59.004 102.204 60.514
v 56.447 -35.783 60.514
v 56.481 -36.041 60.292
v 56.481 -36.041 60.514
v 56.447 -35.783 60.292
v 51.958 -101.796 60.514
v 54.481 -71.041 60.514
v 54.515 -71.300 60.514
v 54.615 -71.541 60.514
v 54.774 -71.748 60.514
v 54.981 -71.907 60.514
v 55.222 -72.007 60.514
v 55.481 -72.041 60.514
v 55.740 -72.007 60.514
v 55.981 -71.907 60.514
v 56.188 -71.748 60.514
v 56.347 -71.541 60.514
v 56.447 -71.300 60.514
v 56.481 -71.041 60.514
v 56.481 -66.041 60.514
v 56.481 -61.041 60.514
v 56.481 -56.041 60.514
v 56.481 -51.041 60.514
v 56.481 -46.041 60.514
v 56.481 -41.041 60.514
v 56.481 -6.041 60.514
v 56.481 -1.041 60.514
v 56.481 3.959 60.514
v 56.481 8.959 60.514
v 54.481 -66.041 60.514
v 54.481 -61.041 60.514
v 54.481 -56.041 60.514
v 54.481 -51.041 60.514
v 54.481 -41.041 60.514
v 54.481 -36.041 60.514
v 54.481 -6.041 60.514
v 54.481 -1.041 60.514
v 54.481 3.959 60.514
v 54.615 9.459 60.514
v 54.774 9.666 60.514
v 54.981 9.825 60.514
v 55.222 9.925 60.514
v 55.481 9.959 60.514
v 55.740 9.925 60.514
v 55.981 9.825 60.514
v 56.188 9.666 60.514
v 56.347 9.459 60.514
v 56.447 9.217 60.514
v 54.515 4.217 60.514
v 54.615 4.459 60.514
v 54.774 4.666 60.514
v 54.774 8.252 60.514
v 54.981 4.825 60.514
v 54.981 8.093 60.514
v 55.222 4.925 60.514
v 55.222 7.993 60.514
v 55.481 4.959 60.514
v 55.481 7.959 60.514
v 55.740 4.925 60.514
v 55.740 7.993 60.514
v 55.981 4.825 60.514
v 55.981 8.093 60.514
v 56.188 4.666 60.514
v 56.188 8.252 60.514
v 56.347 4.459 60.514
v 56.347 8.459 60.514
v 56.447 4.217 60.514
v 56.447 8.700 60.514
v 54.515 -0.783 60.514
v 54.515 3.700 60.514
v 54.615 -0.541 60.514
v 54.615 3.459 60.514
v 54.774 -0.334 60.514
v 54.774 3.252 60.514
v 54.981 -0.175 60.514
v 54.981 3.093 60.514
v 55.222 -0.075 60.514
v 55.222 2.993 60.514
v 55.481 -0.041 60.514
v 55.481 2.959 60.514
v 55.740 -0.075 60.514
v 55.740 2.993 60.514
v 55.981 -0.175 60.514
v 55.981 3.093 60.514
v 56.188 -0.334 60.514
v 56.188 3.252 60.514
v 56.347 -0.541 60.514
v 56.347 3.459 60.514
v 56.447 -0.783 60.514
v 56.447 3.700 60.514
v 54.515 -1.300 60.514
v 54.615 -1.541 60.514
v 54.774 -1.748 60.514
v 54.981 -1.907 60.514
v 55.222 -2.007 60.514
v 55.481 -2.041 60.514
v 55.740 -2.007 60.514
v 55.981 -1.907 60.514
v 56.188 -1.748 60.514
v 56.347 -1.541 60.514
v 56.447 -5.783 60.514
v 56.447 -1.300 60.514
v 54.515 -6.300 60.514
v 54.615 -6.541 60.514
v 54.774 -6.748 60.514
v 54.981 -6.907 60.514
v 55.222 -7.007 60.514
v 55.481 -7.041 60.514
v 55.740 -7.007 60.514
v 55.981 -6.907 60.514
v 56.188 -6.748 60.514
v 56.347 -6.541 60.514
v 56.447 -6.300 60.514
v 54.515 -35.783 60.514
v 54.981 -35.175 60.514
v 55.222 -35.075 60.514
v 55.481 -35.041 60.514
v 55.740 -35.075 60.514
v 55.981 -35.175 60.514
v 56.188 -35.334 60.514
v 56.347 -35.541 60.514
v 54.515 -40.783 60.514
v 54.515 -36.300 60.514
v 54.615 -40.541 60.514
v 54.615 -36.541 60.514
v 54.774 -40.334 60.514
v 54.774 -36.748 60.514
v 54.981 -40.175 60.514
v 54.981 -36.907 60.514
v 55.222 -40.075 60.514
v 55.222 -37.007 60.514
v 55.481 -40.041 60.514
v 55.481 -37.041 60.514
v 55.740 -40.075 60.514
v 55.740 -37.007 60.514
v 55.981 -40.175 60.514
v 56.188 -40.334 60.514
v 56.347 -40.541 60.514
v 56.347 -36.541 60.514
v 56.447 -40.783 60.514
v 56.447 -36.300 60.514
v 54.515 -45.783 60.514
v 54.515 -41.300 60.514
v 54.615 -45.541 60.514
v 54.615 -41.541 60.514
v 54.774 -45.334 60.514
v 54.774 -41.748 60.514
v 54.981 -45.175 60.514
v 54.981 -41.907 60.514
v 55.222 -45.075 60.514
v 55.222 -42.007 60.514
v 55.481 -45.041 60.514
v 55.481 -42.041 60.514
v 55.740 -45.075 60.514
v 55.740 -42.007 60.514
v 55.981 -45.175 60.514
v 55.981 -41.907 60.514
v 56.188 -45.334 60.514
v 56.188 -41.748 60.514
v 56.347 -45.541 60.514
v 56.347 -41.541 60.514
v 56.447 -45.783 60.514
v 56.447 -41.300 60.514
v 54.515 -50.783 60.514
v 54.615 -50.541 60.514
v 54.774 -50.334 60.514
v 54.981 -50.175 60.514
v 55.222 -50.075 60.514
v 55.481 -50.041 60.514
v 55.740 -50.075 60.514
v 55.740 -47.007 60.514
v 55.981 -50.175 60.514
v 55.981 -46.907 60.514
v 56.188 -50.334 60.514
v 56.188 -46.748 60.514
v 56.347 -50.541 60.514
v 56.347 -46.541 60.514
v 56.447 -50.783 60.514
v 56.447 -46.300 60.514
v 54.515 -55.783 60.514
v 54.515 -51.300 60.514
v 54.615 -55.541 60.514
v 54.615 -51.541 60.514
v 54.774 -55.334 60.514
v 54.774 -51.748 60.514
v 54.981 -55.175 60.514
v 54.981 -51.907 60.514
v 55.222 -55.075 60.514
v 55.222 -52.007 60.514
v 55.481 -55.041 60.514
v 55.481 -52.041 60.514
v 55.740 -55.075 60.514
v 55.740 -52.007 60.514
v 55.981 -55.175 60.514
v 55.981 -51.907 60.514
v 56.188 -55.334 60.514
v 56.188 -51.748 60.514
v 56.347 -55.541 60.514
v 56.347 -51.541 60.514
v 56.447 -55.783 60.514
v 56.447 -51.300 60.514
v 54.515 -60.783 60.514
v 54.515 -56.300 60.514
v 54.615 -60.541 60.514
v 54.615 -56.541 60.514
v 54.774 -60.334 60.514
v 54.774 -56.748 60.514
v 54.981 -60.175 60.514
v 54.981 -56.907 60.514
v 55.222 -60.075 60.514
v 55.222 -57.007 60.514
v 55.481 -60.041 60.514
v 55.481 -57.041 60.514
v 55.740 -60.075 60.514
v 55.740 -57.007 60.514
v 55.981 -60.175 60.514
v 55.981 -56.907 60.514
v 56.188 -60.334 60.514
v 56.188 -56.748 60.514
v 56.347 -60.541 60.514
v 56.347 -56.541 60.514
v 56.447 -60.783 60.514
v 56.447 -56.300 60.514
v 54.515 -65.783 60.514
v 54.515 -61.300 60.514
v 54.615 -65.541 60.514
v 54.615 -61.541 60.514
v 54.774 -65.334 60.514
v 54.774 -61.748 60.514
v 54.981 -65.175 60.514
v 54.981 -61.907 60.514
v 55.222 -65.075 60.514
v 55.222 -62.007 60.514
v 55.481 -65.041 60.514
v 55.481 -62.041 60.514
v 55.740 -65.075 60.514
v 55.740 -62.007 60.514
v 55.981 -65.175 60.514
v 55.981 -61.907 60.514
v 56.188 -65.334 60.514
v 56.188 -61.748 60.514
v 56.347 -65.541 60.514
v 56.347 -61.541 60.514
v 56.447 -65.783 60.514
v 56.447 -61.300 60.514
v 54.515 -70.783 60.514
v 54.515 -66.300 60.514
v 54.615 -70.541 60.514
v 54.615 -66.541 60.514
v 54.774 -70.334 60.514
v 54.774 -66.748 60.514
v 54.981 -70.175 60.514
v 54.981 -66.907 60.514
v 55.222 -70.075 60.514
v 55.222 -67.007 60.514
v 55.481 -70.041 60.514
v 55.481 -67.041 60.514
v 55.740 -70.075 60.514
v 55.740 -67.007 60.514
v 55.981 -70.175 60.514
v 55.981 -66.907 60.514
v 56.188 -70.334 60.514
v 56.188 -66.748 60.514
v 56.347 -70.541 60.514
v 56.347 -66.541 60.514
v 56.447 -70.783 60.514
v 56.447 -66.300 60.514
v 56.347 -36.541 60.292
v 54.515 -50.783 60.292
v 54.481 -51.041 60.292
v 55.481 -35.041 60.292
v 55.740 -35.075 60.292
v 54.515 -51.300 60.292
v 59.004 -101.796 55.498
v 58.783 -101.796 55.719
v 51.958 -101.796 55.498
v 58.783 -101.796 60.292
v 56.481 8.959 60.292
v 56.481 3.959 60.292
v 56.481 -1.041 60.292
v 56.481 -6.041 60.292
v 56.481 -41.041 60.292
v 56.481 -46.041 60.292
v 56.481 -51.041 60.292
v 56.481 -56.041 60.292
v 56.481 -61.041 60.292
v 56.481 -66.041 60.292
v 56.481 -71.041 60.292
v 54.515 -71.300 60.292
v 54.481 -71.041 60.292
v 54.481 3.959 60.292
v 54.481 -1.041 60.292
v 54.481 -6.041 60.292
v 54.481 -36.041 60.292
v 54.481 -41.041 60.292
v 54.481 -56.041 60.292
v 54.481 -61.041 60.292
v 54.481 -66.041 60.292
v 54.615 -71.541 60.292
v 54.774 -71.748 60.292
v 54.981 -71.907 60.292
v 55.222 -72.007 60.292
v 55.481 -72.041 60.292
v 55.740 -72.007 60.292
v 55.981 -71.907 60.292
v 56.188 -71.748 60.292
v 56.347 -71.541 60.292
v 56.447 -71.300 60.292
v 54.515 -66.300 60.292
v 54.515 -70.783 60.292
v 54.615 -66.541 60.292
v 54.615 -70.541 60.292
v 54.774 -66.748 60.292
v 54.774 -70.334 60.292
v 54.981 -66.907 60.292
v 54.981 -70.175 60.292
v 55.222 -67.007 60.292
v 55.222 -70.075 60.292
v 55.481 -67.041 60.292
v 55.481 -70.041 60.292
v 55.740 -67.007 60.292
v 55.740 -70.075 60.292
v 55.981 -66.907 60.292
v 55.981 -70.175 60.292
v 56.188 -66.748 60.292
v 56.188 -70.334 60.292
v 56.347 -66.541 60.292
v 56.347 -70.541 60.292
v 56.447 -66.300 60.292
v 56.447 -70.783 60.292
v 54.515 -61.300 60.292
v 54.515 -65.783 60.292
v 54.615 -61.541 60.292
v 54.615 -65.541 60.292
v 54.774 -61.748 60.292
v 54.774 -65.334 60.292
v 54.981 -61.907 60.292
v 54.981 -65.175 60.292
v 55.222 -62.007 60.292
v 55.222 -65.075 60.292
v 55.481 -62.041 60.292
v 55.481 -65.041 60.292
v 55.740 -62.007 60.292
v 55.740 -65.075 60.292
v 55.981 -61.907 60.292
v 55.981 -65.175 60.292
v 56.188 -61.748 60.292
v 56.188 -65.334 60.292
v 56.347 -61.541 60.292
v 56.347 -65.541 60.292
v 56.447 -61.300 60.292
v 56.447 -65.783 60.292
v 54.515 -56.300 60.292
v 54.515 -60.783 60.292
v 54.615 -56.541 60.292
v 54.615 -60.541 60.292
v 54.774 -56.748 60.292
v 54.774 -60.334 60.292
v 54.981 -56.907 60.292
v 54.981 -60.175 60.292
v 55.222 -57.007 60.292
v 55.222 -60.075 60.292
v 55.481 -57.041 60.292
v 55.481 -60.041 60.292
v 55.740 -57.007 60.292
v 55.740 -60.075 60.292
v 55.981 -56.907 60.292
v 55.981 -60.175 60.292
v 56.188 -56.748 60.292
v 56.188 -60.334 60.292
v 56.347 -56.541 60.292
v 56.347 -60.541 60.292
v 56.447 -56.300 60.292
v 56.447 -60.783 60.292
v 54.515 -55.783 60.292
v 54.615 -51.541 60.292
v 54.615 -55.541 60.292
v 54.774 -51.748 60.292
v 54.774 -55.334 60.292
v 54.981 -51.907 60.292
v 54.981 -55.175 60.292
v 55.222 -52.007 60.292
v 55.222 -55.075 60.292
v 55.481 -52.041 60.292
v 55.481 -55.041 60.292
v 55.740 -52.007 60.292
v 55.740 -55.075 60.292
v 55.981 -51.907 60.292
v 55.981 -55.175 60.292
v 56.188 -51.748 60.292
v 56.188 -55.334 60.292
v 56.347 -51.541 60.292
v 56.347 -55.541 60.292
v 56.447 -51.300 60.292
v 56.447 -55.783 60.292
v 54.615 -50.541 60.292
v 54.774 -50.334 60.292
v 54.981 -50.175 60.292
v 55.222 -50.075 60.292
v 55.481 -50.041 60.292
v 55.740 -47.007 60.292
v 55.740 -50.075 60.292
v 55.981 -46.907 60.292
v 55.981 -50.175 60.292
v 56.188 -46.748 60.292
v 56.188 -50.334 60.292
v 56.347 -46.541 60.292
v 56.347 -50.541 60.292
v 56.447 -46.300 60.292
v 56.447 -50.783 60.292
v 54.515 -41.300 60.292
v 54.515 -45.783 60.292
v 54.615 -41.541 60.292
v 54.615 -45.541 60.292
v 54.774 -41.748 60.292
v 54.774 -45.334 60.292
v 54.981 -41.907 60.292
v 54.981 -45.175 60.292
v 55.222 -42.007 60.292
v 55.222 -45.075 60.292
v 55.481 -42.041 60.292
v 55.481 -45.041 60.292
v 55.740 -42.007 60.292
v 55.740 -45.075 60.292
v 55.981 -41.907 60.292
v 55.981 -45.175 60.292
v 56.188 -41.748 60.292
v 56.188 -45.334 60.292
v 56.347 -41.541 60.292
v 56.347 -45.541 60.292
v 56.447 -41.300 60.292
v 56.447 -45.783 60.292
v 54.515 -36.300 60.292
v 54.515 -40.783 60.292
v 54.615 -36.541 60.292
v 54.615 -40.541 60.292
v 54.774 -36.748 60.292
v 54.774 -40.334 60.292
v 54.981 -36.907 60.292
v 54.981 -40.175 60.292
v 55.222 -37.007 60.292
v 55.222 -40.075 60.292
v 55.481 -37.041 60.292
v 55.481 -40.041 60.292
v 55.740 -37.007 60.292
v 55.740 -40.075 60.292
v 55.981 -40.175 60.292
v 56.188 -40.334 60.292
v 56.347 -40.541 60.292
v 56.447 -36.300 60.292
v 56.447 -40.783 60.292
v 54.515 -35.783 60.292
v 54.981 -35.175 60.292
v 55.222 -35.075 60.292
v 55.981 -35.175 60.292
v 56.188 -35.334 60.292
v 56.347 -35.541 60.292
v 54.515 -6.300 60.292
v 54.615 -6.541 60.292
v 54.774 -6.748 60.292
v 54.981 -6.907 60.292
v 55.222 -7.007 60.292
v 55.481 -7.041 60.292
v 55.740 -7.007 60.292
v 55.981 -6.907 60.292
v 56.188 -6.748 60.292
v 56.347 -6.541 60.292
v 56.447 -6.300 60.292
v 54.515 -1.300 60.292
v 54.615 -1.541 60.292
v 54.774 -1.748 60.292
v 54.981 -1.907 60.292
v 55.222 -2.007 60.292
v 55.481 -2.041 60.292
v 55.740 -2.007 60.292
v 55.981 -1.907 60.292
v 56.188 -1.748 60.292
v 56.347 -1.541 60.292
v 56.447 -1.300 60.292
v 56.447 -5.783 60.292
v 54.515 3.700 60.292
v 54.515 -0.783 60.292
v 54.615 3.459 60.292
v 54.615 -0.541 60.292
v 54.774 3.252 60.292
v 54.774 -0.334 60.292
v 54.981 3.093 60.292
v 54.981 -0.175 60.292
v 55.222 2.993 60.292
v 55.222 -0.075 60.292
v 55.481 2.959 60.292
v 55.481 -0.041 60.292
v 55.740 2.993 60.292
v 55.740 -0.075 60.292
v 55.981 3.093 60.292
v 55.981 -0.175 60.292
v 56.188 3.252 60.292
v 56.188 -0.334 60.292
v 56.347 3.459 60.292
v 56.347 -0.541 60.292
v 56.447 3.700 60.292
v 56.447 -0.783 60.292
v 54.515 4.217 60.292
v 54.615 4.459 60.292
v 54.774 8.252 60.292
v 54.774 4.666 60.292
v 54.981 8.093 60.292
v 54.981 4.825 60.292
v 55.222 7.993 60.292
v 55.222 4.925 60.292
v 55.481 7.959 60.292
v 55.481 4.959 60.292
v 55.740 7.993 60.292
v 55.740 4.925 60.292
v 55.981 8.093 60.292
v 55.981 4.825 60.292
v 56.188 8.252 60.292
v 56.188 4.666 60.292
v 56.347 8.459 60.292
v 56.347 4.459 60.292
v 56.447 8.700 60.292
v 56.447 4.217 60.292
v 54.615 9.459 60.292
v 54.774 9.666 60.292
v 54.981 9.825 60.292
v 55.222 9.925 60.292
v 55.481 9.959 60.292
v 55.740 9.925 60.292
v 55.981 9.825 60.292
v 56.188 9.666 60.292
v 56.347 9.459 60.292
v 56.447 9.217 60.292
v 56.188 -40.334 -43.306
v 56.347 -40.541 -43.528
v 56.347 -40.541 -43.306
v 56.188 -40.334 -43.528
v 55.981 -40.175 -43.528
v 55.981 -40.175 -43.306
v 56.481 -41.041 -43.306
v 56.447 -41.300 -43.528
v 56.447 -41.300 -43.306
v 56.481 -41.041 -43.528
v 54.481 -46.041 -38.733
v 54.515 -46.300 -38.512
v 54.515 -46.300 -38.733
v 54.481 -46.041 -38.512
v 54.615 -46.541 -38.512
v 54.615 -46.541 -38.733
v 55.222 -47.007 -38.512
v 55.481 -47.041 -38.733
v 55.222 -47.007 -38.733
v 55.481 -47.041 -38.512
v 54.774 -46.748 -38.512
v 54.981 -46.907 -38.733
v 54.774 -46.748 -38.733
v 54.981 -46.907 -38.512
v 55.740 72.993 -38.512
v 55.981 73.093 -38.733
v 55.740 72.993 -38.733
v 55.981 73.093 -38.512
v 56.447 64.217 -38.512
v 56.481 63.959 -38.733
v 56.481 63.959 -38.512
v 56.447 64.217 -38.733
v 55.740 64.925 -38.512
v 55.481 64.959 -38.733
v 55.740 64.925 -38.733
v 55.481 64.959 -38.512
v 56.188 64.666 -38.512
v 56.347 64.459 -38.733
v 56.347 64.459 -38.512
v 56.188 64.666 -38.733
v 55.981 64.825 -38.733
v 55.981 64.825 -38.512
v 55.222 64.925 -38.733
v 55.222 64.925 -38.512
v 54.981 64.825 -38.733
v 54.981 64.825 -38.512
v 56.447 63.700 -38.733
v 56.447 63.700 -38.512
v 54.774 64.666 -38.733
v 54.774 64.666 -38.512
v 54.615 64.459 -38.512
v 54.615 64.459 -38.733
v 54.981 -40.175 -43.306
v 54.774 -40.334 -43.528
v 54.981 -40.175 -43.528
v 54.774 -40.334 -43.306
v 55.222 -40.075 -43.306
v 55.222 -40.075 -43.528
v 54.615 -40.541 -43.306
v 54.615 -40.541 -43.528
v 55.481 -40.041 -43.306
v 55.481 -40.041 -43.528
v 54.774 43.252 -43.306
v 54.981 43.093 -43.528
v 54.774 43.252 -43.528
v 54.981 43.093 -43.306
v 54.515 -40.783 -43.528
v 54.481 -41.041 -43.306
v 54.481 -41.041 -43.528
v 54.515 -40.783 -43.306
v 54.515 -41.300 -43.306
v 54.515 -41.300 -43.528
v 56.447 -40.783 -43.528
v 56.447 -40.783 -43.306
v 54.774 -35.334 -43.528
v 54.615 -35.541 -43.306
v 54.615 -35.541 -43.528
v 54.774 -35.334 -43.306
v 54.981 -35.175 -43.306
v 54.981 -35.175 -43.528
v 55.222 -35.075 -43.306
v 55.222 -35.075 -43.528
v 54.981 -36.907 -43.306
v 55.222 -37.007 -43.528
v 54.981 -36.907 -43.528
v 55.222 -37.007 -43.306
v 54.774 -36.748 -43.306
v 54.774 -36.748 -43.528
v 54.615 -36.541 -43.528
v 54.615 -36.541 -43.306
v 54.515 -36.300 -43.528
v 54.515 -36.300 -43.306
v 54.515 -35.783 -43.306
v 54.515 -35.783 -43.528
v 54.481 -36.041 -43.528
v 54.481 -36.041 -43.306
v 55.481 -37.041 -43.528
v 55.481 -37.041 -43.306
v 55.740 -40.075 -43.528
v 55.740 -40.075 -43.306
v 55.981 -35.175 -43.306
v 55.740 -35.075 -43.528
v 55.981 -35.175 -43.528
v 55.740 -35.075 -43.306
v 56.347 -35.541 -43.306
v 56.447 -35.783 -43.528
v 56.447 -35.783 -43.306
v 56.347 -35.541 -43.528
v 55.981 -36.907 -43.306
v 56.188 -36.748 -43.528
v 55.981 -36.907 -43.528
v 56.188 -36.748 -43.306
v 55.222 -30.075 -43.306
v 54.981 -30.175 -43.528
v 55.222 -30.075 -43.528
v 54.981 -30.175 -43.306
v 55.740 -37.007 -43.306
v 55.740 -37.007 -43.528
v 55.481 -30.041 -43.306
v 55.481 -30.041 -43.528
v 56.188 -35.334 -43.306
v 56.188 -35.334 -43.528
v 55.481 -35.041 -43.528
v 55.481 -35.041 -43.306
v 56.447 -36.300 -43.306
v 56.347 -36.541 -43.528
v 56.347 -36.541 -43.306
v 56.447 -36.300 -43.528
v 56.481 -36.041 -43.528
v 56.481 -36.041 -43.306
v 55.981 -25.175 -43.306
v 55.740 -25.075 -43.528
v 55.981 -25.175 -43.528
v 55.740 -25.075 -43.306
v 56.347 -25.541 -43.306
v 56.447 -25.783 -43.528
v 56.447 -25.783 -43.306
v 56.347 -25.541 -43.528
v 55.981 -26.907 -43.306
v 56.188 -26.748 -43.528
v 55.981 -26.907 -43.528
v 56.188 -26.748 -43.306
v 54.481 -26.041 -43.528
v 54.515 -26.300 -43.306
v 54.515 -26.300 -43.528
v 54.481 -26.041 -43.306
v 56.188 -25.334 -43.306
v 56.188 -25.334 -43.528
v 56.481 -26.041 -43.528
v 56.481 -26.041 -43.306
v 56.447 -26.300 -43.528
v 56.447 -26.300 -43.306
v 56.347 -26.541 -43.528
v 56.347 -26.541 -43.306
v 55.481 -27.041 -43.306
v 55.740 -27.007 -43.528
v 55.481 -27.041 -43.528
v 55.740 -27.007 -43.306
v 55.222 -27.007 -43.306
v 55.222 -27.007 -43.528
v 54.774 -26.748 -43.306
v 54.981 -26.907 -43.528
v 54.774 -26.748 -43.528
v 54.981 -26.907 -43.306
v 54.615 -26.541 -43.306
v 54.615 -26.541 -43.528
v 54.515 -25.783 -43.528
v 54.515 -25.783 -43.306
v 54.615 -25.541 -43.528
v 54.615 -25.541 -43.306
v 54.774 -25.334 -43.528
v 54.774 -25.334 -43.306
v 54.981 -25.175 -43.306
v 54.981 -25.175 -43.528
v 55.481 -25.041 -43.528
v 55.481 -25.041 -43.306
v 56.347 -30.541 -43.306
v 56.447 -30.783 -43.528
v 56.447 -30.783 -43.306
v 56.347 -30.541 -43.528
v 56.481 -31.041 -43.528
v 56.481 -31.041 -43.306
v 54.481 -31.041 -43.528
v 54.515 -31.300 -43.306
v 54.515 -31.300 -43.528
v 54.481 -31.041 -43.306
v 55.981 -30.175 -43.306
v 55.740 -30.075 -43.528
v 55.981 -30.175 -43.528
v 55.740 -30.075 -43.306
v 55.740 -32.007 -43.306
v 55.981 -31.907 -43.528
v 55.740 -32.007 -43.528
v 55.981 -31.907 -43.306
v 54.515 -30.783 -43.528
v 54.515 -30.783 -43.306
v 54.981 -31.907 -43.306
v 55.222 -32.007 -43.528
v 54.981 -31.907 -43.528
v 55.222 -32.007 -43.306
v 54.615 -30.541 -43.528
v 54.615 -30.541 -43.306
v 54.774 -30.334 -43.528
v 54.774 -30.334 -43.306
v 55.222 -25.075 -43.528
v 55.222 -25.075 -43.306
v 56.188 -30.334 -43.306
v 56.188 -30.334 -43.528
v 56.447 -31.300 -43.528
v 56.447 -31.300 -43.306
v 56.347 -31.541 -43.528
v 56.347 -31.541 -43.306
v 56.188 -31.748 -43.528
v 56.188 -31.748 -43.306
v 55.481 -32.041 -43.306
v 55.481 -32.041 -43.528
v 54.774 -31.748 -43.306
v 54.774 -31.748 -43.528
v 54.615 -31.541 -43.528
v 54.615 -31.541 -43.306
v 55.222 29.925 -38.512
v 54.981 29.825 -38.733
v 55.222 29.925 -38.733
v 54.981 29.825 -38.512
v 56.447 23.700 -38.512
v 56.347 23.459 -38.733
v 56.347 23.459 -38.512
v 56.447 23.700 -38.733
v 54.515 8.700 -38.733
v 54.615 8.459 -38.512
v 54.615 8.459 -38.733
v 54.515 8.700 -38.512
v 55.481 29.959 -38.512
v 55.481 29.959 -38.733
v 56.188 23.252 -38.733
v 56.188 23.252 -38.512
v 54.774 29.666 -38.733
v 54.774 29.666 -38.512
v 54.515 23.700 -38.733
v 54.615 23.459 -38.512
v 54.615 23.459 -38.733
v 54.515 23.700 -38.512
v 55.740 22.993 -38.512
v 55.981 23.093 -38.733
v 55.740 22.993 -38.733
v 55.981 23.093 -38.512
v 54.774 23.252 -38.512
v 54.981 23.093 -38.733
v 54.774 23.252 -38.733
v 54.981 23.093 -38.512
v 54.615 29.459 -38.512
v 54.615 29.459 -38.733
v 54.515 24.217 -38.733
v 54.481 23.959 -38.512
v 54.481 23.959 -38.733
v 54.515 24.217 -38.512
v 55.481 22.959 -38.512
v 55.481 22.959 -38.733
v 55.740 29.925 -38.512
v 55.740 29.925 -38.733
v 55.222 22.993 -38.512
v 55.222 22.993 -38.733
v 55.981 29.825 -38.512
v 55.981 29.825 -38.733
v 54.515 29.217 -38.512
v 54.515 29.217 -38.733
v 55.740 42.993 -38.512
v 55.981 43.093 -38.733
v 55.740 42.993 -38.733
v 55.981 43.093 -38.512
v 56.447 43.700 -38.512
v 56.347 43.459 -38.733
v 56.347 43.459 -38.512
v 56.447 43.700 -38.733
v 56.481 43.959 -38.512
v 56.481 43.959 -38.733
v 56.447 44.217 -38.512
v 56.447 44.217 -38.733
v 56.188 43.252 -38.733
v 56.188 43.252 -38.512
v 56.347 44.459 -38.512
v 56.347 44.459 -38.733
v 55.981 44.825 -38.512
v 55.740 44.925 -38.733
v 55.981 44.825 -38.733
v 55.740 44.925 -38.512
v 55.481 44.959 -38.512
v 55.222 44.925 -38.733
v 55.481 44.959 -38.733
v 55.222 44.925 -38.512
v 56.188 44.666 -38.512
v 56.188 44.666 -38.733
v 54.774 44.666 -38.733
v 54.615 44.459 -38.512
v 54.615 44.459 -38.733
v 54.774 44.666 -38.512
v 54.981 44.825 -38.512
v 54.981 44.825 -38.733
v 55.222 34.925 -38.512
v 54.981 34.825 -38.733
v 55.222 34.925 -38.733
v 54.981 34.825 -38.512
v 54.515 44.217 -38.512
v 54.515 44.217 -38.733
v 54.515 39.217 -38.733
v 54.481 38.959 -38.512
v 54.481 38.959 -38.733
v 54.515 39.217 -38.512
v 54.515 38.700 -38.512
v 54.515 38.700 -38.733
v 55.481 42.959 -38.512
v 55.481 42.959 -38.733
v 54.981 69.825 -38.512
v 54.774 69.666 -38.733
v 54.981 69.825 -38.733
v 54.774 69.666 -38.512
v 54.615 69.459 -38.733
v 54.515 69.217 -38.512
v 54.515 69.217 -38.733
v 54.615 69.459 -38.512
v 56.481 68.959 -38.512
v 56.447 68.700 -38.733
v 56.447 68.700 -38.512
v 56.481 68.959 -38.733
v 56.188 69.666 -38.512
v 55.981 69.825 -38.733
v 56.188 69.666 -38.733
v 55.981 69.825 -38.512
v 55.481 69.959 -38.512
v 55.222 69.925 -38.733
v 55.481 69.959 -38.733
v 55.222 69.925 -38.512
v 55.222 67.993 -38.512
v 55.481 67.959 -38.733
v 55.222 67.993 -38.733
v 55.481 67.959 -38.512
v 54.981 68.093 -38.512
v 54.981 68.093 -38.733
v 55.981 68.093 -38.512
v 56.188 68.252 -38.733
v 55.981 68.093 -38.733
v 56.188 68.252 -38.512
v 56.347 69.459 -38.512
v 56.447 69.217 -38.733
v 56.447 69.217 -38.512
v 56.347 69.459 -38.733
v 55.740 69.925 -38.733
v 55.740 69.925 -38.512
v 55.740 67.993 -38.733
v 55.740 67.993 -38.512
v 56.347 68.459 -38.512
v 56.347 68.459 -38.733
v 54.515 64.217 -38.733
v 54.481 63.959 -38.512
v 54.481 63.959 -38.733
v 54.515 64.217 -38.512
v 54.615 63.459 -38.733
v 54.774 63.252 -38.512
v 54.774 63.252 -38.733
v 54.615 63.459 -38.512
v 54.981 63.093 -38.733
v 54.981 63.093 -38.512
v 55.222 62.993 -38.733
v 55.222 62.993 -38.512
v 55.481 62.959 -38.733
v 55.481 62.959 -38.512
v 55.740 62.993 -38.733
v 55.740 62.993 -38.512
v 55.981 63.093 -38.733
v 55.981 63.093 -38.512
v 56.188 63.252 -38.733
v 56.188 63.252 -38.512
v 56.347 63.459 -38.512
v 56.347 63.459 -38.733
v 54.515 63.700 -38.733
v 54.515 63.700 -38.512
v 55.981 38.093 -38.512
v 56.188 38.252 -38.733
v 55.981 38.093 -38.733
v 56.188 38.252 -38.512
v 56.447 39.217 -38.512
v 56.481 38.959 -38.733
v 56.481 38.959 -38.512
v 56.447 39.217 -38.733
v 56.447 38.700 -38.733
v 56.447 38.700 -38.512
v 54.615 38.459 -38.733
v 54.774 38.252 -38.512
v 54.774 38.252 -38.733
v 54.615 38.459 -38.512
v 55.981 39.825 -38.512
v 55.740 39.925 -38.733
v 55.981 39.825 -38.733
v 55.740 39.925 -38.512
v 54.981 38.093 -38.512
v 55.222 37.993 -38.733
v 54.981 38.093 -38.733
v 55.222 37.993 -38.512
v 56.347 39.459 -38.512
v 56.347 39.459 -38.733
v 56.347 38.459 -38.733
v 56.347 38.459 -38.512
v 56.188 39.666 -38.512
v 56.188 39.666 -38.733
v 55.740 37.993 -38.512
v 55.740 37.993 -38.733
v 55.481 39.959 -38.733
v 55.481 39.959 -38.512
v 55.222 39.925 -38.512
v 54.981 39.825 -38.733
v 55.222 39.925 -38.733
v 54.981 39.825 -38.512
v 54.774 39.666 -38.733
v 54.774 39.666 -38.512
v 54.615 39.459 -38.733
v 54.615 39.459 -38.512
v 55.481 37.959 -38.733
v 55.481 37.959 -38.512
v 54.481 38.959 -43.528
v 54.515 38.700 -43.306
v 54.515 38.700 -43.528
v 54.481 38.959 -43.306
v 56.188 39.666 -43.306
v 55.981 39.825 -43.528
v 56.188 39.666 -43.528
v 55.981 39.825 -43.306
v 54.774 44.666 -43.528
v 54.615 44.459 -43.306
v 54.615 44.459 -43.528
v 54.774 44.666 -43.306
v 55.222 44.925 -43.306
v 54.981 44.825 -43.528
v 55.222 44.925 -43.528
v 54.981 44.825 -43.306
v 56.447 34.217 -43.306
v 56.481 33.959 -43.528
v 56.481 33.959 -43.306
v 56.447 34.217 -43.528
v 55.481 32.959 -43.306
v 55.740 32.993 -43.528
v 55.481 32.959 -43.528
v 55.740 32.993 -43.306
v 54.981 33.093 -43.306
v 55.222 32.993 -43.528
v 54.981 33.093 -43.528
v 55.222 32.993 -43.306
v 55.981 38.093 -43.306
v 56.188 38.252 -43.528
v 55.981 38.093 -43.528
v 56.188 38.252 -43.306
v 55.740 34.925 -43.306
v 55.481 34.959 -43.528
v 55.740 34.925 -43.528
v 55.481 34.959 -43.306
v 54.615 38.459 -43.528
v 54.774 38.252 -43.306
v 54.774 38.252 -43.528
v 54.615 38.459 -43.306
v 54.615 33.459 -43.528
v 54.774 33.252 -43.306
v 54.774 33.252 -43.528
v 54.615 33.459 -43.306
v 55.222 39.925 -43.306
v 54.981 39.825 -43.528
v 55.222 39.925 -43.528
v 54.981 39.825 -43.306
v 54.515 33.700 -43.528
v 54.515 33.700 -43.306
v 54.481 33.959 -43.528
v 54.481 33.959 -43.306
v 54.615 34.459 -43.528
v 54.515 34.217 -43.306
v 54.515 34.217 -43.528
v 54.615 34.459 -43.306
v 56.188 34.666 -43.306
v 56.347 34.459 -43.528
v 56.347 34.459 -43.306
v 56.188 34.666 -43.528
v 56.447 39.217 -43.306
v 56.481 38.959 -43.528
v 56.481 38.959 -43.306
v 56.447 39.217 -43.528
v 54.981 38.093 -43.306
v 55.222 37.993 -43.528
v 54.981 38.093 -43.528
v 55.222 37.993 -43.306
v 54.774 34.666 -43.528
v 54.774 34.666 -43.306
v 54.515 44.217 -43.306
v 54.515 44.217 -43.528
v 54.774 39.666 -43.528
v 54.774 39.666 -43.306
v 55.222 34.925 -43.528
v 55.222 34.925 -43.306
v 56.347 33.459 -43.306
v 56.188 33.252 -43.528
v 56.188 33.252 -43.306
v 56.347 33.459 -43.528
v 55.981 34.825 -43.528
v 55.981 34.825 -43.306
v 55.981 33.093 -43.306
v 55.981 33.093 -43.528
v 55.481 37.959 -43.528
v 55.481 37.959 -43.306
v 55.740 39.925 -43.528
v 55.740 39.925 -43.306
v 56.347 39.459 -43.528
v 56.347 39.459 -43.306
v 54.515 43.700 -43.528
v 54.615 43.459 -43.306
v 54.615 43.459 -43.528
v 54.515 43.700 -43.306
v 55.481 39.959 -43.306
v 55.481 39.959 -43.528
v 56.447 38.700 -43.306
v 56.347 38.459 -43.528
v 56.347 38.459 -43.306
v 56.447 38.700 -43.528
v 54.615 39.459 -43.306
v 54.615 39.459 -43.528
v 56.447 33.700 -43.528
v 56.447 33.700 -43.306
v 54.481 43.959 -43.528
v 54.481 43.959 -43.306
v 55.740 37.993 -43.306
v 55.740 37.993 -43.528
v 54.515 39.217 -43.528
v 54.515 39.217 -43.306
v 56.347 23.459 -43.306
v 56.188 23.252 -43.528
v 56.188 23.252 -43.306
v 56.347 23.459 -43.528
v 54.981 24.825 -43.306
v 54.774 24.666 -43.528
v 54.981 24.825 -43.528
v 54.774 24.666 -43.306
v 55.481 19.959 -43.306
v 55.222 19.925 -43.528
v 55.481 19.959 -43.528
v 55.222 19.925 -43.306
v 56.188 24.666 -43.306
v 55.981 24.825 -43.528
v 56.188 24.666 -43.528
v 55.981 24.825 -43.306
v 55.740 19.925 -43.306
v 55.740 19.925 -43.528
v 56.188 29.666 -43.306
v 55.981 29.825 -43.528
v 56.188 29.666 -43.528
v 55.981 29.825 -43.306
v 54.615 29.459 -43.528
v 54.515 29.217 -43.306
v 54.515 29.217 -43.528
v 54.615 29.459 -43.306
v 54.774 29.666 -43.528
v 54.774 29.666 -43.306
v 55.981 28.093 -43.306
v 56.188 28.252 -43.528
v 55.981 28.093 -43.528
v 56.188 28.252 -43.306
v 56.447 29.217 -43.306
v 56.481 28.959 -43.528
v 56.481 28.959 -43.306
v 56.447 29.217 -43.528
v 56.347 24.459 -43.306
v 56.447 24.217 -43.528
v 56.447 24.217 -43.306
v 56.347 24.459 -43.528
v 55.740 24.925 -43.528
v 55.740 24.925 -43.306
v 55.740 22.993 -43.306
v 55.981 23.093 -43.528
v 55.740 22.993 -43.528
v 55.981 23.093 -43.306
v 54.615 23.459 -43.528
v 54.774 23.252 -43.306
v 54.774 23.252 -43.528
v 54.615 23.459 -43.306
v 55.740 29.925 -43.306
v 55.481 29.959 -43.528
v 55.740 29.925 -43.528
v 55.481 29.959 -43.306
v 54.615 24.459 -43.528
v 54.515 24.217 -43.306
v 54.515 24.217 -43.528
v 54.615 24.459 -43.306
v 56.447 28.700 -43.528
v 56.447 28.700 -43.306
v 55.981 19.825 -43.306
v 55.981 19.825 -43.528
v 56.188 19.666 -43.306
v 56.188 19.666 -43.528
v 55.481 24.959 -43.528
v 55.481 24.959 -43.306
v 54.981 34.825 -43.306
v 54.981 34.825 -43.528
v 56.447 23.700 -43.306
v 56.447 23.700 -43.528
v 56.347 19.459 -43.528
v 56.347 19.459 -43.306
v 56.447 19.217 -43.528
v 56.447 19.217 -43.306
v 54.481 28.959 -43.528
v 54.515 28.700 -43.306
v 54.515 28.700 -43.528
v 54.481 28.959 -43.306
v 56.481 18.959 -43.528
v 56.481 18.959 -43.306
v 54.981 23.093 -43.306
v 55.222 22.993 -43.528
v 54.981 23.093 -43.528
v 55.222 22.993 -43.306
v 55.222 29.925 -43.528
v 55.222 29.925 -43.306
v 56.347 29.459 -43.528
v 56.347 29.459 -43.306
v 54.774 28.252 -43.306
v 54.981 28.093 -43.528
v 54.774 28.252 -43.528
v 54.981 28.093 -43.306
v 54.615 28.459 -43.528
v 54.615 28.459 -43.306
v 56.481 23.959 -43.528
v 56.481 23.959 -43.306
v 55.222 27.993 -43.306
v 55.481 27.959 -43.528
v 55.222 27.993 -43.528
v 55.481 27.959 -43.306
v 55.481 22.959 -43.528
v 55.481 22.959 -43.306
v 55.740 27.993 -43.306
v 55.740 27.993 -43.528
v 54.981 29.825 -43.306
v 54.981 29.825 -43.528
v 54.515 23.700 -43.528
v 54.515 23.700 -43.306
v 56.347 28.459 -43.306
v 56.347 28.459 -43.528
v 54.481 23.959 -43.306
v 54.481 23.959 -43.528
v 55.222 24.925 -43.306
v 55.222 24.925 -43.528
v 56.347 8.459 -43.306
v 56.188 8.252 -43.528
v 56.188 8.252 -43.306
v 56.347 8.459 -43.528
v 56.447 18.700 -43.306
v 56.347 18.459 -43.528
v 56.347 18.459 -43.306
v 56.447 18.700 -43.528
v 54.981 18.093 -43.306
v 55.222 17.993 -43.528
v 54.981 18.093 -43.528
v 55.222 17.993 -43.306
v 55.481 17.959 -43.306
v 55.740 17.993 -43.528
v 55.481 17.959 -43.528
v 55.740 17.993 -43.306
v 54.615 18.459 -43.528
v 54.774 18.252 -43.306
v 54.774 18.252 -43.528
v 54.615 18.459 -43.306
v 54.981 19.825 -43.528
v 54.981 19.825 -43.306
v 55.981 18.093 -43.528
v 55.981 18.093 -43.306
v 54.481 8.959 -43.528
v 54.515 8.700 -43.306
v 54.515 8.700 -43.528
v 54.481 8.959 -43.306
v 55.481 14.959 -43.306
v 55.222 14.925 -43.528
v 55.481 14.959 -43.528
v 55.222 14.925 -43.306
v 54.515 18.700 -43.528
v 54.515 18.700 -43.306
v 54.615 19.459 -43.528
v 54.515 19.217 -43.306
v 54.515 19.217 -43.528
v 54.615 19.459 -43.306
v 55.740 14.925 -43.306
v 55.740 14.925 -43.528
v 56.347 14.459 -43.306
v 56.447 14.217 -43.528
v 56.447 14.217 -43.306
v 56.347 14.459 -43.528
v 56.447 13.700 -43.306
v 56.347 13.459 -43.528
v 56.347 13.459 -43.306
v 56.447 13.700 -43.528
v 55.740 12.993 -43.306
v 55.981 13.093 -43.528
v 55.740 12.993 -43.528
v 55.981 13.093 -43.306
v 55.481 12.959 -43.306
v 55.481 12.959 -43.528
v 55.222 12.993 -43.306
v 55.222 12.993 -43.528
v 54.615 13.459 -43.528
v 54.774 13.252 -43.306
v 54.774 13.252 -43.528
v 54.615 13.459 -43.306
v 54.481 13.959 -43.528
v 54.515 13.700 -43.306
v 54.515 13.700 -43.528
v 54.481 13.959 -43.306
v 54.515 14.217 -43.528
v 54.515 14.217 -43.306
v 54.615 14.459 -43.528
v 54.615 14.459 -43.306
v 54.981 14.825 -43.306
v 54.774 14.666 -43.528
v 54.981 14.825 -43.528
v 54.774 14.666 -43.306
v 56.188 18.252 -43.528
v 56.188 18.252 -43.306
v 56.188 14.666 -43.306
v 55.981 14.825 -43.528
v 56.188 14.666 -43.528
v 55.981 14.825 -43.306
v 54.515 9.217 -43.528
v 54.515 9.217 -43.306
v 54.774 9.666 -43.528
v 54.615 9.459 -43.306
v 54.615 9.459 -43.528
v 54.774 9.666 -43.306
v 54.981 9.825 -43.306
v 54.981 9.825 -43.528
v 56.188 13.252 -43.528
v 56.188 13.252 -43.306
v 55.222 9.925 -43.306
v 55.222 9.925 -43.528
v 55.740 9.925 -43.306
v 55.481 9.959 -43.528
v 55.740 9.925 -43.528
v 55.481 9.959 -43.306
v 55.981 9.825 -43.306
v 55.981 9.825 -43.528
v 56.188 9.666 -43.306
v 56.347 9.459 -43.528
v 56.347 9.459 -43.306
v 56.188 9.666 -43.528
v 56.447 9.217 -43.528
v 56.447 9.217 -43.306
v 54.481 18.959 -43.528
v 54.481 18.959 -43.306
v 54.774 19.666 -43.528
v 54.774 19.666 -43.306
v 56.481 8.959 -43.528
v 56.481 8.959 -43.306
v 56.447 8.700 -43.528
v 56.447 8.700 -43.306
v 54.981 13.093 -43.306
v 54.981 13.093 -43.528
v 56.481 13.959 -43.306
v 56.481 13.959 -43.528
v 54.615 8.459 -43.306
v 54.615 8.459 -43.528
v 55.981 4.825 -43.306
v 55.740 4.925 -43.528
v 55.981 4.825 -43.528
v 55.740 4.925 -43.306
v 56.188 -0.334 -43.306
v 56.347 -0.541 -43.528
v 56.347 -0.541 -43.306
v 56.188 -0.334 -43.528
v 56.447 -0.783 -43.528
v 56.447 -0.783 -43.306
v 54.774 -1.748 -43.306
v 54.981 -1.907 -43.528
v 54.774 -1.748 -43.528
v 54.981 -1.907 -43.306
v 54.515 -1.300 -43.528
v 54.615 -1.541 -43.306
v 54.615 -1.541 -43.528
v 54.515 -1.300 -43.306
v 54.615 -0.541 -43.528
v 54.515 -0.783 -43.306
v 54.515 -0.783 -43.528
v 54.615 -0.541 -43.306
v 54.774 -0.334 -43.528
v 54.774 -0.334 -43.306
v 55.481 -0.041 -43.306
v 55.222 -0.075 -43.528
v 55.481 -0.041 -43.528
v 55.222 -0.075 -43.306
v 56.481 -1.041 -43.528
v 56.481 -1.041 -43.306
v 55.740 -5.075 -43.306
v 55.481 -5.041 -43.528
v 55.740 -5.075 -43.528
v 55.481 -5.041 -43.306
v 55.981 -5.175 -43.306
v 55.981 -5.175 -43.528
v 56.447 -1.300 -43.306
v 56.347 -1.541 -43.528
v 56.347 -1.541 -43.306
v 56.447 -1.300 -43.528
v 55.222 -2.007 -43.528
v 55.222 -2.007 -43.306
v 56.447 4.217 -43.306
v 56.481 3.959 -43.528
v 56.481 3.959 -43.306
v 56.447 4.217 -43.528
v 55.981 -0.175 -43.306
v 55.740 -0.075 -43.528
v 55.981 -0.175 -43.528
v 55.740 -0.075 -43.306
v 55.481 2.959 -43.306
v 55.740 2.993 -43.528
v 55.481 2.959 -43.528
v 55.740 2.993 -43.306
v 56.447 3.700 -43.528
v 56.447 3.700 -43.306
v 54.981 8.093 -43.306
v 55.222 7.993 -43.528
v 54.981 8.093 -43.528
v 55.222 7.993 -43.306
v 55.981 3.093 -43.306
v 56.188 3.252 -43.528
v 55.981 3.093 -43.528
v 56.188 3.252 -43.306
v 55.481 7.959 -43.528
v 55.481 7.959 -43.306
v 55.222 2.993 -43.306
v 55.222 2.993 -43.528
v 55.981 8.093 -43.306
v 55.981 8.093 -43.528
v 56.347 3.459 -43.306
v 56.347 3.459 -43.528
v 54.774 8.252 -43.306
v 54.774 8.252 -43.528
v 54.774 4.666 -43.528
v 54.615 4.459 -43.306
v 54.615 4.459 -43.528
v 54.774 4.666 -43.306
v 55.740 7.993 -43.528
v 55.740 7.993 -43.306
v 56.188 4.666 -43.306
v 56.188 4.666 -43.528
v 54.515 4.217 -43.528
v 54.481 3.959 -43.306
v 54.481 3.959 -43.528
v 54.515 4.217 -43.306
v 54.515 3.700 -43.306
v 54.515 3.700 -43.528
v 55.981 -1.907 -43.306
v 56.188 -1.748 -43.528
v 55.981 -1.907 -43.528
v 56.188 -1.748 -43.306
v 54.981 4.825 -43.306
v 54.981 4.825 -43.528
v 55.481 -2.041 -43.528
v 55.481 -2.041 -43.306
v 55.481 4.959 -43.306
v 55.222 4.925 -43.528
v 55.481 4.959 -43.528
v 55.222 4.925 -43.306
v 54.481 -1.041 -43.528
v 54.481 -1.041 -43.306
v 54.981 -0.175 -43.306
v 54.981 -0.175 -43.528
v 55.740 -2.007 -43.306
v 55.740 -2.007 -43.528
v 56.347 4.459 -43.528
v 56.347 4.459 -43.306
v 54.981 3.093 -43.306
v 54.981 3.093 -43.528
v 54.615 3.459 -43.528
v 54.774 3.252 -43.306
v 54.774 3.252 -43.528
v 54.615 3.459 -43.306
v 55.740 -12.007 -43.306
v 55.981 -11.907 -43.528
v 55.740 -12.007 -43.528
v 55.981 -11.907 -43.306
v 54.615 -11.541 -43.528
v 54.774 -11.748 -43.306
v 54.774 -11.748 -43.528
v 54.615 -11.541 -43.306
v 54.515 -11.300 -43.528
v 54.515 -11.300 -43.306
v 55.222 -5.075 -43.528
v 55.222 -5.075 -43.306
v 54.515 -10.783 -43.528
v 54.481 -11.041 -43.306
v 54.481 -11.041 -43.528
v 54.515 -10.783 -43.306
v 56.481 -6.041 -43.306
v 56.447 -6.300 -43.528
v 56.447 -6.300 -43.306
v 56.481 -6.041 -43.528
v 54.615 -5.541 -43.528
v 54.515 -5.783 -43.306
v 54.515 -5.783 -43.528
v 54.615 -5.541 -43.306
v 56.188 -10.334 -43.306
v 55.981 -10.175 -43.528
v 56.188 -10.334 -43.528
v 55.981 -10.175 -43.306
v 56.347 -11.541 -43.306
v 56.188 -11.748 -43.528
v 56.188 -11.748 -43.306
v 56.347 -11.541 -43.528
v 54.774 -10.334 -43.528
v 54.615 -10.541 -43.306
v 54.615 -10.541 -43.528
v 54.774 -10.334 -43.306
v 54.481 -16.041 -43.528
v 54.515 -16.300 -43.306
v 54.515 -16.300 -43.528
v 54.481 -16.041 -43.306
v 54.981 -5.175 -43.528
v 54.981 -5.175 -43.306
v 54.981 -11.907 -43.306
v 55.222 -12.007 -43.528
v 54.981 -11.907 -43.528
v 55.222 -12.007 -43.306
v 54.515 -15.783 -43.528
v 54.515 -15.783 -43.306
v 56.188 -5.334 -43.306
v 56.347 -5.541 -43.528
v 56.347 -5.541 -43.306
v 56.188 -5.334 -43.528
v 54.981 -6.907 -43.306
v 55.222 -7.007 -43.528
v 54.981 -6.907 -43.528
v 55.222 -7.007 -43.306
v 54.481 -6.041 -43.306
v 54.481 -6.041 -43.528
v 55.481 -12.041 -43.528
v 55.481 -12.041 -43.306
v 54.981 -10.175 -43.306
v 54.981 -10.175 -43.528
v 55.481 -10.041 -43.306
v 55.222 -10.075 -43.528
v 55.481 -10.041 -43.528
v 55.222 -10.075 -43.306
v 56.447 -5.783 -43.528
v 56.447 -5.783 -43.306
v 55.740 -10.075 -43.306
v 55.740 -10.075 -43.528
v 54.774 -6.748 -43.306
v 54.774 -6.748 -43.528
v 54.615 -15.541 -43.528
v 54.615 -15.541 -43.306
v 54.774 -5.334 -43.528
v 54.774 -5.334 -43.306
v 56.447 -11.300 -43.306
v 56.447 -11.300 -43.528
v 55.481 -7.041 -43.528
v 55.481 -7.041 -43.306
v 56.347 -10.541 -43.528
v 56.347 -10.541 -43.306
v 55.740 -7.007 -43.528
v 55.740 -7.007 -43.306
v 54.515 -6.300 -43.528
v 54.615 -6.541 -43.306
v 54.615 -6.541 -43.528
v 54.515 -6.300 -43.306
v 54.774 -15.334 -43.528
v 54.774 -15.334 -43.306
v 55.481 -15.041 -43.306
v 55.222 -15.075 -43.528
v 55.481 -15.041 -43.528
v 55.222 -15.075 -43.306
v 54.981 -15.175 -43.528
v 54.981 -15.175 -43.306
v 55.740 -15.075 -43.306
v 55.740 -15.075 -43.528
v 55.981 -15.175 -43.306
v 55.981 -15.175 -43.528
v 56.188 -15.334 -43.306
v 56.188 -15.334 -43.528
v 56.347 -15.541 -43.528
v 56.347 -15.541 -43.306
v 56.447 -10.783 -43.306
v 56.481 -11.041 -43.528
v 56.481 -11.041 -43.306
v 56.447 -10.783 -43.528
v 56.347 -6.541 -43.528
v 56.347 -6.541 -43.306
v 55.981 -6.907 -43.528
v 55.981 -6.907 -43.306
v 56.188 -6.748 -43.528
v 56.188 -6.748 -43.306
v 56.447 -16.300 -43.306
v 56.347 -16.541 -43.528
v 56.347 -16.541 -43.306
v 56.447 -16.300 -43.528
v 54.774 -16.748 -43.306
v 54.981 -16.907 -43.528
v 54.774 -16.748 -43.528
v 54.981 -16.907 -43.306
v 55.740 -17.007 -43.306
v 55.981 -16.907 -43.528
v 55.740 -17.007 -43.528
v 55.981 -16.907 -43.306
v 55.222 -17.007 -43.528
v 55.222 -17.007 -43.306
v 54.615 -16.541 -43.528
v 54.615 -16.541 -43.306
v 56.447 -15.783 -43.528
v 56.447 -15.783 -43.306
v 55.481 -17.041 -43.306
v 55.481 -17.041 -43.528
v 56.481 -16.041 -43.528
v 56.481 -16.041 -43.306
v 56.188 -16.748 -43.528
v 56.188 -16.748 -43.306
v 54.481 43.959 -38.733
v 54.515 43.700 -38.512
v 54.515 43.700 -38.733
v 54.481 43.959 -38.512
v 54.981 43.093 -38.512
v 55.222 42.993 -38.733
v 54.981 43.093 -38.733
v 55.222 42.993 -38.512
v 56.347 49.459 -38.512
v 56.447 49.217 -38.733
v 56.447 49.217 -38.512
v 56.347 49.459 -38.733
v 56.481 48.959 -38.512
v 56.447 48.700 -38.733
v 56.447 48.700 -38.512
v 56.481 48.959 -38.733
v 54.615 43.459 -38.733
v 54.774 43.252 -38.512
v 54.774 43.252 -38.733
v 54.615 43.459 -38.512
v 55.981 49.825 -38.512
v 55.740 49.925 -38.733
v 55.981 49.825 -38.733
v 55.740 49.925 -38.512
v 55.481 49.959 -38.512
v 55.222 49.925 -38.733
v 55.481 49.959 -38.733
v 55.222 49.925 -38.512
v 56.188 49.666 -38.512
v 56.188 49.666 -38.733
v 54.981 49.825 -38.512
v 54.774 49.666 -38.733
v 54.981 49.825 -38.733
v 54.774 49.666 -38.512
v 54.615 49.459 -38.512
v 54.615 49.459 -38.733
v 56.347 48.459 -38.733
v 56.347 48.459 -38.512
v 54.515 49.217 -38.512
v 54.515 49.217 -38.733
v 56.188 44.666 -43.306
v 55.981 44.825 -43.528
v 56.188 44.666 -43.528
v 55.981 44.825 -43.306
v 54.774 53.252 -43.306
v 54.981 53.093 -43.528
v 54.774 53.252 -43.528
v 54.981 53.093 -43.306
v 54.515 48.700 -43.528
v 54.615 48.459 -43.306
v 54.615 48.459 -43.528
v 54.515 48.700 -43.306
v 54.481 53.959 -43.528
v 54.515 53.700 -43.306
v 54.515 53.700 -43.528
v 54.481 53.959 -43.306
v 56.347 54.459 -43.306
v 56.447 54.217 -43.528
v 56.447 54.217 -43.306
v 56.347 54.459 -43.528
v 54.615 54.459 -43.528
v 54.515 54.217 -43.306
v 54.515 54.217 -43.528
v 54.615 54.459 -43.306
v 55.481 52.959 -43.306
v 55.740 52.993 -43.528
v 55.481 52.959 -43.528
v 55.740 52.993 -43.306
v 55.481 59.959 -43.306
v 55.222 59.925 -43.528
v 55.481 59.959 -43.528
v 55.222 59.925 -43.306
v 55.222 52.993 -43.528
v 55.222 52.993 -43.306
v 55.481 49.959 -43.306
v 55.222 49.925 -43.528
v 55.481 49.959 -43.528
v 55.222 49.925 -43.306
v 56.188 49.666 -43.306
v 55.981 49.825 -43.528
v 56.188 49.666 -43.528
v 55.981 49.825 -43.306
v 56.447 53.700 -43.306
v 56.347 53.459 -43.528
v 56.347 53.459 -43.306
v 56.447 53.700 -43.528
v 55.740 49.925 -43.306
v 55.740 49.925 -43.528
v 56.347 49.459 -43.528
v 56.347 49.459 -43.306
v 56.188 54.666 -43.306
v 55.981 54.825 -43.528
v 56.188 54.666 -43.528
v 55.981 54.825 -43.306
v 56.447 49.217 -43.528
v 56.447 49.217 -43.306
v 56.481 48.959 -43.306
v 56.447 48.700 -43.528
v 56.447 48.700 -43.306
v 56.481 48.959 -43.528
v 54.774 48.252 -43.306
v 54.981 48.093 -43.528
v 54.774 48.252 -43.528
v 54.981 48.093 -43.306
v 54.481 48.959 -43.528
v 54.481 48.959 -43.306
v 55.222 54.925 -43.306
v 54.981 54.825 -43.528
v 55.222 54.925 -43.528
v 54.981 54.825 -43.306
v 55.481 54.959 -43.306
v 55.481 54.959 -43.528
v 54.981 59.825 -43.528
v 54.981 59.825 -43.306
v 54.774 59.666 -43.528
v 54.774 59.666 -43.306
v 55.222 47.993 -43.528
v 55.222 47.993 -43.306
v 54.981 49.825 -43.306
v 54.774 49.666 -43.528
v 54.981 49.825 -43.528
v 54.774 49.666 -43.306
v 54.615 49.459 -43.306
v 54.615 49.459 -43.528
v 55.981 53.093 -43.528
v 55.981 53.093 -43.306
v 54.774 54.666 -43.528
v 54.774 54.666 -43.306
v 56.347 48.459 -43.306
v 56.188 48.252 -43.528
v 56.188 48.252 -43.306
v 56.347 48.459 -43.528
v 55.740 54.925 -43.306
v 55.740 54.925 -43.528
v 56.188 53.252 -43.528
v 56.188 53.252 -43.306
v 55.740 47.993 -43.306
v 55.981 48.093 -43.528
v 55.740 47.993 -43.528
v 55.981 48.093 -43.306
v 54.615 53.459 -43.528
v 54.615 53.459 -43.306
v 56.481 53.959 -43.306
v 56.481 53.959 -43.528
v 54.615 59.459 -43.306
v 54.615 59.459 -43.528
v 55.481 47.959 -43.528
v 55.481 47.959 -43.306
v 54.515 49.217 -43.306
v 54.515 49.217 -43.528
v 55.481 44.959 -43.306
v 55.481 44.959 -43.528
v 55.740 44.925 -43.306
v 55.740 44.925 -43.528
v 56.188 -50.334 -43.306
v 55.981 -50.175 -43.528
v 56.188 -50.334 -43.528
v 55.981 -50.175 -43.306
v 56.447 -50.783 -43.306
v 56.481 -51.041 -43.528
v 56.481 -51.041 -43.306
v 56.447 -50.783 -43.528
v 55.481 -50.041 -43.306
v 55.222 -50.075 -43.528
v 55.481 -50.041 -43.528
v 55.222 -50.075 -43.306
v 54.981 -41.907 -43.306
v 55.222 -42.007 -43.528
v 54.981 -41.907 -43.528
v 55.222 -42.007 -43.306
v 56.188 -45.334 -43.306
v 55.981 -45.175 -43.528
v 56.188 -45.334 -43.528
v 55.981 -45.175 -43.306
v 55.981 -46.907 -43.306
v 56.188 -46.748 -43.528
v 55.981 -46.907 -43.528
v 56.188 -46.748 -43.306
v 55.740 -47.007 -43.306
v 55.740 -47.007 -43.528
v 54.615 -45.541 -43.528
v 54.515 -45.783 -43.306
v 54.515 -45.783 -43.528
v 54.615 -45.541 -43.306
v 55.740 -42.007 -43.306
v 55.981 -41.907 -43.528
v 55.740 -42.007 -43.528
v 55.981 -41.907 -43.306
v 56.347 -45.541 -43.306
v 56.447 -45.783 -43.528
v 56.447 -45.783 -43.306
v 56.347 -45.541 -43.528
v 55.481 -47.041 -43.306
v 55.481 -47.041 -43.528
v 54.481 -46.041 -43.306
v 54.481 -46.041 -43.528
v 56.347 -50.541 -43.306
v 56.347 -50.541 -43.528
v 56.447 -51.300 -43.306
v 56.347 -51.541 -43.528
v 56.347 -51.541 -43.306
v 56.447 -51.300 -43.528
v 55.222 -45.075 -43.306
v 54.981 -45.175 -43.528
v 55.222 -45.075 -43.528
v 54.981 -45.175 -43.306
v 56.188 -51.748 -43.528
v 56.188 -51.748 -43.306
v 54.515 -51.300 -43.528
v 54.615 -51.541 -43.306
v 54.615 -51.541 -43.528
v 54.515 -51.300 -43.306
v 54.481 -51.041 -43.528
v 54.481 -51.041 -43.306
v 55.481 -45.041 -43.306
v 55.481 -45.041 -43.528
v 56.447 -46.300 -43.306
v 56.347 -46.541 -43.528
v 56.347 -46.541 -43.306
v 56.447 -46.300 -43.528
v 54.981 -46.907 -43.306
v 55.222 -47.007 -43.528
v 54.981 -46.907 -43.528
v 55.222 -47.007 -43.306
v 55.740 -52.007 -43.306
v 55.981 -51.907 -43.528
v 55.740 -52.007 -43.528
v 55.981 -51.907 -43.306
v 56.481 -46.041 -43.528
v 56.481 -46.041 -43.306
v 56.347 -41.541 -43.306
v 56.188 -41.748 -43.528
v 56.188 -41.748 -43.306
v 56.347 -41.541 -43.528
v 55.222 -52.007 -43.306
v 55.481 -52.041 -43.528
v 55.222 -52.007 -43.528
v 55.481 -52.041 -43.306
v 54.615 -41.541 -43.306
v 54.615 -41.541 -43.528
v 54.774 -45.334 -43.528
v 54.774 -45.334 -43.306
v 54.981 -51.907 -43.306
v 54.981 -51.907 -43.528
v 54.515 -50.783 -43.528
v 54.515 -50.783 -43.306
v 54.981 -50.175 -43.306
v 54.774 -50.334 -43.528
v 54.981 -50.175 -43.528
v 54.774 -50.334 -43.306
v 54.615 -46.541 -43.528
v 54.774 -46.748 -43.306
v 54.774 -46.748 -43.528
v 54.615 -46.541 -43.306
v 54.515 -46.300 -43.528
v 54.515 -46.300 -43.306
v 55.481 -42.041 -43.528
v 55.481 -42.041 -43.306
v 54.615 -50.541 -43.306
v 54.615 -50.541 -43.528
v 55.740 -45.075 -43.306
v 55.740 -45.075 -43.528
v 54.774 -41.748 -43.306
v 54.774 -41.748 -43.528
v 55.740 -50.075 -43.528
v 55.740 -50.075 -43.306
v 54.774 -51.748 -43.306
v 54.774 -51.748 -43.528
v 54.774 -60.334 -43.528
v 54.615 -60.541 -43.306
v 54.615 -60.541 -43.528
v 54.774 -60.334 -43.306
v 54.981 -60.175 -43.306
v 54.981 -60.175 -43.528
v 56.347 44.459 -43.306
v 56.447 44.217 -43.528
v 56.447 44.217 -43.306
v 56.347 44.459 -43.528
v 56.347 -60.541 -43.306
v 56.447 -60.783 -43.528
v 56.447 -60.783 -43.306
v 56.347 -60.541 -43.528
v 56.481 -56.041 -43.306
v 56.447 -56.300 -43.528
v 56.447 -56.300 -43.306
v 56.481 -56.041 -43.528
v 56.347 43.459 -43.306
v 56.188 43.252 -43.528
v 56.188 43.252 -43.306
v 56.347 43.459 -43.528
v 56.347 -56.541 -43.528
v 56.347 -56.541 -43.306
v 54.774 -55.334 -43.528
v 54.615 -55.541 -43.306
v 54.615 -55.541 -43.528
v 54.774 -55.334 -43.306
v 56.481 -61.041 -43.528
v 56.481 -61.041 -43.306
v 56.347 -61.541 -43.306
v 56.188 -61.748 -43.528
v 56.188 -61.748 -43.306
v 56.347 -61.541 -43.528
v 55.740 -55.075 -43.306
v 55.481 -55.041 -43.528
v 55.740 -55.075 -43.528
v 55.481 -55.041 -43.306
v 55.481 -62.041 -43.306
v 55.740 -62.007 -43.528
v 55.481 -62.041 -43.528
v 55.740 -62.007 -43.306
v 55.222 -55.075 -43.528
v 55.222 -55.075 -43.306
v 54.515 -55.783 -43.306
v 54.515 -55.783 -43.528
v 56.447 -61.300 -43.306
v 56.447 -61.300 -43.528
v 55.981 -61.907 -43.306
v 55.981 -61.907 -43.528
v 54.615 -61.541 -43.528
v 54.774 -61.748 -43.306
v 54.774 -61.748 -43.528
v 54.615 -61.541 -43.306
v 54.481 -56.041 -43.528
v 54.515 -56.300 -43.306
v 54.515 -56.300 -43.528
v 54.481 -56.041 -43.306
v 55.222 -60.075 -43.306
v 55.222 -60.075 -43.528
v 55.981 -60.175 -43.306
v 55.740 -60.075 -43.528
v 55.981 -60.175 -43.528
v 55.740 -60.075 -43.306
v 56.447 43.700 -43.306
v 56.447 43.700 -43.528
v 56.447 -55.783 -43.306
v 56.447 -55.783 -43.528
v 55.981 43.093 -43.306
v 55.981 43.093 -43.528
v 55.740 42.993 -43.306
v 55.740 42.993 -43.528
v 56.188 -55.334 -43.306
v 56.347 -55.541 -43.528
v 56.347 -55.541 -43.306
v 56.188 -55.334 -43.528
v 54.981 -61.907 -43.528
v 54.981 -61.907 -43.306
v 54.774 -56.748 -43.306
v 54.981 -56.907 -43.528
v 54.774 -56.748 -43.528
v 54.981 -56.907 -43.306
v 55.981 -56.907 -43.306
v 56.188 -56.748 -43.528
v 55.981 -56.907 -43.528
v 56.188 -56.748 -43.306
v 55.222 -57.007 -43.306
v 55.481 -57.041 -43.528
v 55.222 -57.007 -43.528
v 55.481 -57.041 -43.306
v 56.188 -60.334 -43.306
v 56.188 -60.334 -43.528
v 55.222 -62.007 -43.528
v 55.222 -62.007 -43.306
v 54.515 -60.783 -43.306
v 54.515 -60.783 -43.528
v 55.740 -57.007 -43.306
v 55.740 -57.007 -43.528
v 54.481 -61.041 -43.306
v 54.481 -61.041 -43.528
v 55.981 -55.175 -43.306
v 55.981 -55.175 -43.528
v 54.615 -56.541 -43.306
v 54.615 -56.541 -43.528
v 56.481 43.959 -43.528
v 56.481 43.959 -43.306
v 55.481 42.959 -43.306
v 55.481 42.959 -43.528
v 55.222 42.993 -43.306
v 55.222 42.993 -43.528
v 55.481 -60.041 -43.306
v 55.481 -60.041 -43.528
v 54.981 -55.175 -43.306
v 54.981 -55.175 -43.528
v 54.515 -61.300 -43.528
v 54.515 -61.300 -43.306
v 56.188 -20.334 -43.306
v 56.347 -20.541 -43.528
v 56.347 -20.541 -43.306
v 56.188 -20.334 -43.528
v 56.447 -20.783 -43.528
v 56.447 -20.783 -43.306
v 55.981 -70.175 -43.306
v 55.740 -70.075 -43.528
v 55.981 -70.175 -43.528
v 55.740 -70.075 -43.306
v 55.222 -65.075 -43.306
v 54.981 -65.175 -43.528
v 55.222 -65.075 -43.528
v 54.981 -65.175 -43.306
v 55.481 -65.041 -43.306
v 55.481 -65.041 -43.528
v 54.515 -66.300 -43.528
v 54.615 -66.541 -43.306
v 54.615 -66.541 -43.528
v 54.515 -66.300 -43.306
v 55.981 -71.907 -43.306
v 56.188 -71.748 -43.528
v 55.981 -71.907 -43.528
v 56.188 -71.748 -43.306
v 56.481 -21.041 -43.528
v 56.481 -21.041 -43.306
v 56.447 -21.300 -43.528
v 56.447 -21.300 -43.306
v 56.347 -21.541 -43.528
v 56.347 -21.541 -43.306
v 54.774 -65.334 -43.528
v 54.615 -65.541 -43.306
v 54.615 -65.541 -43.528
v 54.774 -65.334 -43.306
v 55.481 -70.041 -43.306
v 55.222 -70.075 -43.528
v 55.481 -70.041 -43.528
v 55.222 -70.075 -43.306
v 55.222 -72.007 -43.306
v 55.481 -72.041 -43.528
v 55.222 -72.007 -43.528
v 55.481 -72.041 -43.306
v 56.188 -65.334 -43.306
v 55.981 -65.175 -43.528
v 56.188 -65.334 -43.528
v 55.981 -65.175 -43.306
v 56.347 -65.541 -43.528
v 56.347 -65.541 -43.306
v 56.447 -65.783 -43.306
v 56.481 -66.041 -43.528
v 56.481 -66.041 -43.306
v 56.447 -65.783 -43.528
v 56.481 -71.041 -43.306
v 56.447 -71.300 -43.528
v 56.447 -71.300 -43.306
v 56.481 -71.041 -43.528
v 56.347 -71.541 -43.306
v 56.347 -71.541 -43.528
v 54.981 -71.907 -43.306
v 54.981 -71.907 -43.528
v 54.481 -66.041 -43.528
v 54.481 -66.041 -43.306
v 56.347 -66.541 -43.306
v 56.188 -66.748 -43.528
v 56.188 -66.748 -43.306
v 56.347 -66.541 -43.528
v 54.774 -66.748 -43.306
v 54.981 -66.907 -43.528
v 54.774 -66.748 -43.528
v 54.981 -66.907 -43.306
v 55.481 -67.041 -43.306
v 55.740 -67.007 -43.528
v 55.481 -67.041 -43.528
v 55.740 -67.007 -43.306
v 56.347 -70.541 -43.306
v 56.447 -70.783 -43.528
v 56.447 -70.783 -43.306
v 56.347 -70.541 -43.528
v 54.481 -71.041 -43.528
v 54.515 -71.300 -43.306
v 54.515 -71.300 -43.528
v 54.481 -71.041 -43.306
v 54.515 -70.783 -43.528
v 54.515 -70.783 -43.306
v 56.188 -70.334 -43.306
v 56.188 -70.334 -43.528
v 54.615 -70.541 -43.528
v 54.615 -70.541 -43.306
v 55.740 -72.007 -43.528
v 55.740 -72.007 -43.306
v 54.981 -70.175 -43.306
v 54.774 -70.334 -43.528
v 54.981 -70.175 -43.528
v 54.774 -70.334 -43.306
v 55.740 -65.075 -43.528
v 55.740 -65.075 -43.306
v 56.447 -66.300 -43.306
v 56.447 -66.300 -43.528
v 55.222 -67.007 -43.528
v 55.222 -67.007 -43.306
v 55.981 -66.907 -43.306
v 55.981 -66.907 -43.528
v 55.481 -20.041 -43.306
v 55.222 -20.075 -43.528
v 55.481 -20.041 -43.528
v 55.222 -20.075 -43.306
v 54.515 -65.783 -43.306
v 54.515 -65.783 -43.528
v 54.774 -71.748 -43.306
v 54.774 -71.748 -43.528
v 54.615 -71.541 -43.528
v 54.615 -71.541 -43.306
v 55.740 -20.075 -43.306
v 55.740 -20.075 -43.528
v 55.981 -20.175 -43.306
v 55.981 -20.175 -43.528
v 55.222 74.925 -43.306
v 54.981 74.825 -43.528
v 55.222 74.925 -43.528
v 54.981 74.825 -43.306
v 55.981 69.825 -43.306
v 55.740 69.925 -43.528
v 55.981 69.825 -43.528
v 55.740 69.925 -43.306
v 56.447 69.217 -43.306
v 56.481 68.959 -43.528
v 56.481 68.959 -43.306
v 56.447 69.217 -43.528
v 55.481 74.959 -43.306
v 55.481 74.959 -43.528
v 54.981 68.093 -43.306
v 55.222 67.993 -43.528
v 54.981 68.093 -43.528
v 55.222 67.993 -43.306
v 55.740 67.993 -43.306
v 55.981 68.093 -43.528
v 55.740 67.993 -43.528
v 55.981 68.093 -43.306
v 56.347 74.459 -43.306
v 56.447 74.217 -43.528
v 56.447 74.217 -43.306
v 56.347 74.459 -43.528
v 54.774 68.252 -43.306
v 54.774 68.252 -43.528
v 56.447 73.700 -43.306
v 56.347 73.459 -43.528
v 56.347 73.459 -43.306
v 56.447 73.700 -43.528
v 55.740 -22.007 -43.306
v 55.981 -21.907 -43.528
v 55.740 -22.007 -43.528
v 55.981 -21.907 -43.306
v 54.774 74.666 -43.528
v 54.774 74.666 -43.306
v 56.188 74.666 -43.306
v 55.981 74.825 -43.528
v 56.188 74.666 -43.528
v 55.981 74.825 -43.306
v 55.981 73.093 -43.306
v 56.188 73.252 -43.528
v 55.981 73.093 -43.528
v 56.188 73.252 -43.306
v 54.515 73.700 -43.528
v 54.615 73.459 -43.306
v 54.615 73.459 -43.528
v 54.515 73.700 -43.306
v 55.740 72.993 -43.306
v 55.740 72.993 -43.528
v 56.188 69.666 -43.306
v 56.347 69.459 -43.528
v 56.347 69.459 -43.306
v 56.188 69.666 -43.528
v 56.188 -21.748 -43.528
v 56.188 -21.748 -43.306
v 55.481 -22.041 -43.306
v 55.481 -22.041 -43.528
v 56.481 73.959 -43.528
v 56.481 73.959 -43.306
v 54.615 74.459 -43.528
v 54.515 74.217 -43.306
v 54.515 74.217 -43.528
v 54.615 74.459 -43.306
v 55.222 -22.007 -43.306
v 55.222 -22.007 -43.528
v 54.774 -21.748 -43.306
v 54.981 -21.907 -43.528
v 54.774 -21.748 -43.528
v 54.981 -21.907 -43.306
v 56.447 68.700 -43.528
v 56.447 68.700 -43.306
v 56.347 68.459 -43.306
v 56.188 68.252 -43.528
v 56.188 68.252 -43.306
v 56.347 68.459 -43.528
v 55.481 69.959 -43.306
v 55.222 69.925 -43.528
v 55.481 69.959 -43.528
v 55.222 69.925 -43.306
v 55.481 67.959 -43.528
v 55.481 67.959 -43.306
v 54.481 -21.041 -43.528
v 54.515 -21.300 -43.306
v 54.515 -21.300 -43.528
v 54.481 -21.041 -43.306
v 54.615 68.459 -43.528
v 54.615 68.459 -43.306
v 54.481 68.959 -43.528
v 54.515 68.700 -43.306
v 54.515 68.700 -43.528
v 54.481 68.959 -43.306
v 54.515 69.217 -43.528
v 54.515 69.217 -43.306
v 54.615 69.459 -43.528
v 54.615 69.459 -43.306
v 54.481 73.959 -43.528
v 54.481 73.959 -43.306
v 55.740 74.925 -43.306
v 55.740 74.925 -43.528
v 55.222 72.993 -43.306
v 55.481 72.959 -43.528
v 55.222 72.993 -43.528
v 55.481 72.959 -43.306
v 54.615 -21.541 -43.306
v 54.615 -21.541 -43.528
v 54.774 73.252 -43.306
v 54.774 73.252 -43.528
v 54.774 -20.334 -43.528
v 54.615 -20.541 -43.306
v 54.615 -20.541 -43.528
v 54.774 -20.334 -43.306
v 54.981 -20.175 -43.306
v 54.981 -20.175 -43.528
v 54.515 -20.783 -43.306
v 54.515 -20.783 -43.528
v 54.981 73.093 -43.306
v 54.981 73.093 -43.528
v 54.481 63.959 -43.528
v 54.515 63.700 -43.306
v 54.515 63.700 -43.528
v 54.481 63.959 -43.306
v 54.981 64.825 -43.306
v 54.774 64.666 -43.528
v 54.981 64.825 -43.528
v 54.774 64.666 -43.306
v 55.481 64.959 -43.306
v 55.222 64.925 -43.528
v 55.481 64.959 -43.528
v 55.222 64.925 -43.306
v 56.188 59.666 -43.306
v 56.347 59.459 -43.528
v 56.347 59.459 -43.306
v 56.188 59.666 -43.528
v 56.447 58.700 -43.306
v 56.347 58.459 -43.528
v 56.347 58.459 -43.306
v 56.447 58.700 -43.528
v 55.981 58.093 -43.306
v 56.188 58.252 -43.528
v 55.981 58.093 -43.528
v 56.188 58.252 -43.306
v 55.222 57.993 -43.306
v 55.481 57.959 -43.528
v 55.222 57.993 -43.528
v 55.481 57.959 -43.306
v 54.981 58.093 -43.306
v 54.981 58.093 -43.528
v 55.981 59.825 -43.528
v 55.981 59.825 -43.306
v 55.740 57.993 -43.528
v 55.740 57.993 -43.306
v 54.774 58.252 -43.306
v 54.774 58.252 -43.528
v 54.615 64.459 -43.528
v 54.515 64.217 -43.306
v 54.515 64.217 -43.528
v 54.615 64.459 -43.306
v 55.740 59.925 -43.528
v 55.740 59.925 -43.306
v 54.615 58.459 -43.528
v 54.615 58.459 -43.306
v 54.515 58.700 -43.528
v 54.515 58.700 -43.306
v 54.481 58.959 -43.528
v 54.481 58.959 -43.306
v 54.515 59.217 -43.528
v 54.515 59.217 -43.306
v 54.774 69.666 -43.528
v 54.774 69.666 -43.306
v 56.447 59.217 -43.306
v 56.481 58.959 -43.528
v 56.481 58.959 -43.306
v 56.447 59.217 -43.528
v 55.740 64.925 -43.306
v 55.740 64.925 -43.528
v 56.347 64.459 -43.306
v 56.447 64.217 -43.528
v 56.447 64.217 -43.306
v 56.347 64.459 -43.528
v 54.981 63.093 -43.306
v 55.222 62.993 -43.528
v 54.981 63.093 -43.528
v 55.222 62.993 -43.306
v 55.981 64.825 -43.306
v 55.981 64.825 -43.528
v 55.740 62.993 -43.306
v 55.981 63.093 -43.528
v 55.740 62.993 -43.528
v 55.981 63.093 -43.306
v 55.481 62.959 -43.306
v 55.481 62.959 -43.528
v 54.615 63.459 -43.528
v 54.774 63.252 -43.306
v 54.774 63.252 -43.528
v 54.615 63.459 -43.306
v 56.188 64.666 -43.306
v 56.188 64.666 -43.528
v 56.481 63.959 -43.306
v 56.447 63.700 -43.528
v 56.447 63.700 -43.306
v 56.481 63.959 -43.528
v 56.347 63.459 -43.528
v 56.347 63.459 -43.306
v 56.188 63.252 -43.528
v 56.188 63.252 -43.306
v 54.981 69.825 -43.306
v 54.981 69.825 -43.528
v 55.740 -10.075 -38.512
v 55.481 -10.041 -38.733
v 55.740 -10.075 -38.733
v 55.481 -10.041 -38.512
v 56.447 -15.783 -38.512
v 56.481 -16.041 -38.733
v 56.481 -16.041 -38.512
v 56.447 -15.783 -38.733
v 56.188 -15.334 -38.512
v 55.981 -15.175 -38.733
v 56.188 -15.334 -38.733
v 55.981 -15.175 -38.512
v 56.347 -16.541 -38.512
v 56.188 -16.748 -38.733
v 56.188 -16.748 -38.512
v 56.347 -16.541 -38.733
v 56.447 -16.300 -38.512
v 56.447 -16.300 -38.733
v 56.347 -15.541 -38.733
v 56.347 -15.541 -38.512
v 54.515 -16.300 -38.733
v 54.615 -16.541 -38.512
v 54.615 -16.541 -38.733
v 54.515 -16.300 -38.512
v 54.774 -10.334 -38.733
v 54.615 -10.541 -38.512
v 54.615 -10.541 -38.733
v 54.774 -10.334 -38.512
v 55.981 -16.907 -38.512
v 55.981 -16.907 -38.733
v 55.740 -15.075 -38.733
v 55.740 -15.075 -38.512
v 54.481 -16.041 -38.733
v 54.481 -16.041 -38.512
v 55.481 -15.041 -38.733
v 55.481 -15.041 -38.512
v 55.222 -5.075 -38.512
v 54.981 -5.175 -38.733
v 55.222 -5.075 -38.733
v 54.981 -5.175 -38.512
v 55.222 -15.075 -38.733
v 55.222 -15.075 -38.512
v 54.981 -15.175 -38.733
v 54.981 -15.175 -38.512
v 56.447 -11.300 -38.512
v 56.347 -11.541 -38.733
v 56.347 -11.541 -38.512
v 56.447 -11.300 -38.733
v 54.774 -15.334 -38.733
v 54.774 -15.334 -38.512
v 54.774 -5.334 -38.733
v 54.615 -5.541 -38.512
v 54.615 -5.541 -38.733
v 54.774 -5.334 -38.512
v 55.740 -12.007 -38.512
v 55.981 -11.907 -38.733
v 55.740 -12.007 -38.733
v 55.981 -11.907 -38.512
v 55.481 -5.041 -38.512
v 55.481 -5.041 -38.733
v 55.740 -5.075 -38.512
v 55.740 -5.075 -38.733
v 54.515 -11.300 -38.733
v 54.615 -11.541 -38.512
v 54.615 -11.541 -38.733
v 54.515 -11.300 -38.512
v 56.188 -11.748 -38.733
v 56.188 -11.748 -38.512
v 54.774 -11.748 -38.512
v 54.774 -11.748 -38.733
v 55.981 -5.175 -38.512
v 55.981 -5.175 -38.733
v 56.188 -5.334 -38.512
v 56.188 -5.334 -38.733
v 54.515 -15.783 -38.733
v 54.515 -15.783 -38.512
v 54.515 -10.783 -38.733
v 54.481 -11.041 -38.512
v 54.481 -11.041 -38.733
v 54.515 -10.783 -38.512
v 54.981 -11.907 -38.733
v 54.981 -11.907 -38.512
v 55.222 -12.007 -38.512
v 55.481 -12.041 -38.733
v 55.222 -12.007 -38.733
v 55.481 -12.041 -38.512
v 56.481 -11.041 -38.512
v 56.481 -11.041 -38.733
v 56.188 -10.334 -38.512
v 56.347 -10.541 -38.733
v 56.347 -10.541 -38.512
v 56.188 -10.334 -38.733
v 54.981 -10.175 -38.512
v 54.981 -10.175 -38.733
v 55.981 -10.175 -38.512
v 55.981 -10.175 -38.733
v 55.222 -10.075 -38.512
v 55.222 -10.075 -38.733
v 54.515 -5.783 -38.512
v 54.515 -5.783 -38.733
v 54.774 -16.748 -38.512
v 54.774 -16.748 -38.733
v 54.981 -16.907 -38.733
v 54.981 -16.907 -38.512
v 56.447 -10.783 -38.733
v 56.447 -10.783 -38.512
v 55.222 -17.007 -38.733
v 55.222 -17.007 -38.512
v 55.481 -17.041 -38.733
v 55.481 -17.041 -38.512
v 55.740 -17.007 -38.733
v 55.740 -17.007 -38.512
v 56.481 -21.041 -38.512
v 56.447 -21.300 -38.733
v 56.447 -21.300 -38.512
v 56.481 -21.041 -38.733
v 55.740 -22.007 -38.512
v 55.981 -21.907 -38.733
v 55.740 -22.007 -38.733
v 55.981 -21.907 -38.512
v 55.981 -20.175 -38.512
v 55.740 -20.075 -38.733
v 55.981 -20.175 -38.733
v 55.740 -20.075 -38.512
v 56.188 -21.748 -38.733
v 56.188 -21.748 -38.512
v 55.222 -20.075 -38.512
v 54.981 -20.175 -38.733
v 55.222 -20.075 -38.733
v 54.981 -20.175 -38.512
v 54.774 -21.748 -38.512
v 54.981 -21.907 -38.733
v 54.774 -21.748 -38.733
v 54.981 -21.907 -38.512
v 55.222 -22.007 -38.733
v 55.222 -22.007 -38.512
v 56.347 -21.541 -38.733
v 56.347 -21.541 -38.512
v 54.615 -15.541 -38.512
v 54.615 -15.541 -38.733
v 55.481 -20.041 -38.512
v 55.481 -20.041 -38.733
v 55.481 -22.041 -38.733
v 55.481 -22.041 -38.512
v 56.347 -20.541 -38.512
v 56.447 -20.783 -38.733
v 56.447 -20.783 -38.512
v 56.347 -20.541 -38.733
v 54.774 -20.334 -38.733
v 54.774 -20.334 -38.512
v 54.615 -20.541 -38.512
v 54.615 -20.541 -38.733
v 56.188 -20.334 -38.512
v 56.188 -20.334 -38.733
v 54.515 -20.783 -38.733
v 54.481 -21.041 -38.512
v 54.481 -21.041 -38.733
v 54.515 -20.783 -38.512
v 54.515 -21.300 -38.512
v 54.515 -21.300 -38.733
v 54.615 -21.541 -38.733
v 54.615 -21.541 -38.512
v 56.188 14.666 -38.512
v 56.347 14.459 -38.733
v 56.347 14.459 -38.512
v 56.188 14.666 -38.733
v 54.481 18.959 -38.733
v 54.515 18.700 -38.512
v 54.515 18.700 -38.733
v 54.481 18.959 -38.512
v 55.981 14.825 -38.733
v 55.981 14.825 -38.512
v 56.347 18.459 -38.512
v 56.188 18.252 -38.733
v 56.188 18.252 -38.512
v 56.347 18.459 -38.733
v 55.740 14.925 -38.733
v 55.740 14.925 -38.512
v 55.481 14.959 -38.733
v 55.481 14.959 -38.512
v 56.447 14.217 -38.512
v 56.481 13.959 -38.733
v 56.481 13.959 -38.512
v 56.447 14.217 -38.733
v 54.481 8.959 -38.733
v 54.481 8.959 -38.512
v 54.615 18.459 -38.512
v 54.615 18.459 -38.733
v 56.481 18.959 -38.512
v 56.447 18.700 -38.733
v 56.447 18.700 -38.512
v 56.481 18.959 -38.733
v 55.481 17.959 -38.512
v 55.740 17.993 -38.733
v 55.481 17.959 -38.733
v 55.740 17.993 -38.512
v 56.447 19.217 -38.512
v 56.447 19.217 -38.733
v 56.347 19.459 -38.512
v 56.347 19.459 -38.733
v 56.188 19.666 -38.512
v 56.188 19.666 -38.733
v 55.981 19.825 -38.733
v 55.981 19.825 -38.512
v 54.481 13.959 -38.733
v 54.515 13.700 -38.512
v 54.515 13.700 -38.733
v 54.481 13.959 -38.512
v 54.774 18.252 -38.512
v 54.981 18.093 -38.733
v 54.774 18.252 -38.733
v 54.981 18.093 -38.512
v 55.981 18.093 -38.733
v 55.981 18.093 -38.512
v 54.615 13.459 -38.512
v 54.615 13.459 -38.733
v 54.774 13.252 -38.512
v 54.774 13.252 -38.733
v 55.740 19.925 -38.733
v 55.740 19.925 -38.512
v 55.481 19.959 -38.733
v 55.481 19.959 -38.512
v 55.222 19.925 -38.733
v 55.222 19.925 -38.512
v 54.774 19.666 -38.733
v 54.615 19.459 -38.512
v 54.615 19.459 -38.733
v 54.774 19.666 -38.512
v 54.515 19.217 -38.512
v 54.515 19.217 -38.733
v 54.981 13.093 -38.733
v 54.981 13.093 -38.512
v 54.981 19.825 -38.512
v 54.981 19.825 -38.733
v 55.222 12.993 -38.733
v 55.222 12.993 -38.512
v 55.740 12.993 -38.512
v 55.981 13.093 -38.733
v 55.740 12.993 -38.733
v 55.981 13.093 -38.512
v 55.481 12.959 -38.733
v 55.481 12.959 -38.512
v 56.188 13.252 -38.733
v 56.188 13.252 -38.512
v 56.347 13.459 -38.512
v 56.347 13.459 -38.733
v 56.447 13.700 -38.512
v 56.447 13.700 -38.733
v 55.222 17.993 -38.733
v 55.222 17.993 -38.512
v 54.515 14.217 -38.733
v 54.515 14.217 -38.512
v 55.481 -30.041 -38.512
v 55.222 -30.075 -38.733
v 55.481 -30.041 -38.733
v 55.222 -30.075 -38.512
v 54.981 -30.175 -38.512
v 54.774 -30.334 -38.733
v 54.981 -30.175 -38.733
v 54.774 -30.334 -38.512
v 54.615 -30.541 -38.512
v 54.615 -30.541 -38.733
v 55.222 -25.075 -38.512
v 54.981 -25.175 -38.733
v 55.222 -25.075 -38.733
v 54.981 -25.175 -38.512
v 56.347 -26.541 -38.512
v 56.188 -26.748 -38.733
v 56.188 -26.748 -38.512
v 56.347 -26.541 -38.733
v 55.740 -27.007 -38.512
v 55.981 -26.907 -38.733
v 55.740 -27.007 -38.733
v 55.981 -26.907 -38.512
v 54.774 -25.334 -38.733
v 54.774 -25.334 -38.512
v 54.615 -25.541 -38.733
v 54.515 -25.783 -38.512
v 54.515 -25.783 -38.733
v 54.615 -25.541 -38.512
v 56.188 -30.334 -38.512
v 56.347 -30.541 -38.733
v 56.347 -30.541 -38.512
v 56.188 -30.334 -38.733
v 54.515 -26.300 -38.733
v 54.615 -26.541 -38.512
v 54.615 -26.541 -38.733
v 54.515 -26.300 -38.512
v 54.515 -30.783 -38.512
v 54.515 -30.783 -38.733
v 55.981 -31.907 -38.512
v 56.188 -31.748 -38.733
v 55.981 -31.907 -38.733
v 56.188 -31.748 -38.512
v 54.481 -26.041 -38.512
v 54.481 -26.041 -38.733
v 56.481 -26.041 -38.512
v 56.447 -26.300 -38.733
v 56.447 -26.300 -38.512
v 56.481 -26.041 -38.733
v 54.615 -31.541 -38.733
v 54.774 -31.748 -38.512
v 54.774 -31.748 -38.733
v 54.615 -31.541 -38.512
v 55.740 -32.007 -38.512
v 55.740 -32.007 -38.733
v 55.481 -25.041 -38.512
v 55.481 -25.041 -38.733
v 56.481 -31.041 -38.512
v 56.447 -31.300 -38.733
v 56.447 -31.300 -38.512
v 56.481 -31.041 -38.733
v 54.981 -31.907 -38.733
v 54.981 -31.907 -38.512
v 55.481 -27.041 -38.512
v 55.481 -27.041 -38.733
v 56.447 -30.783 -38.512
v 56.447 -30.783 -38.733
v 56.347 -31.541 -38.512
v 56.347 -31.541 -38.733
v 55.740 -25.075 -38.512
v 55.740 -25.075 -38.733
v 56.188 -25.334 -38.512
v 56.347 -25.541 -38.733
v 56.347 -25.541 -38.512
v 56.188 -25.334 -38.733
v 55.981 -25.175 -38.512
v 55.981 -25.175 -38.733
v 54.481 -31.041 -38.733
v 54.515 -31.300 -38.512
v 54.515 -31.300 -38.733
v 54.481 -31.041 -38.512
v 54.774 -26.748 -38.512
v 54.981 -26.907 -38.733
v 54.774 -26.748 -38.733
v 54.981 -26.907 -38.512
v 56.447 -25.783 -38.512
v 56.447 -25.783 -38.733
v 55.481 -32.041 -38.512
v 55.481 -32.041 -38.733
v 55.222 -27.007 -38.733
v 55.222 -27.007 -38.512
v 55.222 -32.007 -38.733
v 55.222 -32.007 -38.512
v 55.981 -30.175 -38.733
v 55.981 -30.175 -38.512
v 55.740 -30.075 -38.733
v 55.740 -30.075 -38.512
v 54.515 48.700 -38.733
v 54.615 48.459 -38.512
v 54.615 48.459 -38.733
v 54.515 48.700 -38.512
v 54.481 48.959 -38.733
v 54.481 48.959 -38.512
v 55.981 54.825 -38.512
v 55.740 54.925 -38.733
v 55.981 54.825 -38.733
v 55.740 54.925 -38.512
v 54.774 48.252 -38.512
v 54.774 48.252 -38.733
v 54.981 48.093 -38.733
v 54.981 48.093 -38.512
v 55.222 47.993 -38.512
v 55.481 47.959 -38.733
v 55.222 47.993 -38.733
v 55.481 47.959 -38.512
v 54.615 54.459 -38.733
v 54.515 54.217 -38.512
v 54.515 54.217 -38.733
v 54.615 54.459 -38.512
v 55.740 47.993 -38.733
v 55.740 47.993 -38.512
v 55.222 54.925 -38.512
v 54.981 54.825 -38.733
v 55.222 54.925 -38.733
v 54.981 54.825 -38.512
v 56.188 54.666 -38.512
v 56.188 54.666 -38.733
v 54.774 54.666 -38.733
v 54.774 54.666 -38.512
v 55.981 48.093 -38.512
v 56.188 48.252 -38.733
v 55.981 48.093 -38.733
v 56.188 48.252 -38.512
v 55.481 54.959 -38.733
v 55.481 54.959 -38.512
v 56.347 54.459 -38.733
v 56.347 54.459 -38.512
v 56.447 53.700 -38.512
v 56.347 53.459 -38.733
v 56.347 53.459 -38.512
v 56.447 53.700 -38.733
v 55.481 52.959 -38.512
v 55.740 52.993 -38.733
v 55.481 52.959 -38.733
v 55.740 52.993 -38.512
v 56.188 53.252 -38.733
v 56.188 53.252 -38.512
v 55.222 59.925 -38.512
v 54.981 59.825 -38.733
v 55.222 59.925 -38.733
v 54.981 59.825 -38.512
v 55.481 59.959 -38.512
v 55.481 59.959 -38.733
v 54.774 59.666 -38.733
v 54.774 59.666 -38.512
v 54.481 53.959 -38.733
v 54.515 53.700 -38.512
v 54.515 53.700 -38.733
v 54.481 53.959 -38.512
v 54.615 53.459 -38.733
v 54.774 53.252 -38.512
v 54.774 53.252 -38.733
v 54.615 53.459 -38.512
v 54.615 59.459 -38.733
v 54.515 59.217 -38.512
v 54.515 59.217 -38.733
v 54.615 59.459 -38.512
v 54.981 53.093 -38.733
v 54.981 53.093 -38.512
v 55.222 52.993 -38.733
v 55.222 52.993 -38.512
v 55.981 53.093 -38.733
v 55.981 53.093 -38.512
v 56.481 53.959 -38.512
v 56.481 53.959 -38.733
v 56.447 54.217 -38.512
v 56.447 54.217 -38.733
v 54.774 14.666 -38.733
v 54.615 14.459 -38.512
v 54.615 14.459 -38.733
v 54.774 14.666 -38.512
v 54.981 14.825 -38.512
v 54.981 14.825 -38.733
v 55.481 24.959 -38.512
v 55.222 24.925 -38.733
v 55.481 24.959 -38.733
v 55.222 24.925 -38.512
v 54.981 24.825 -38.512
v 54.774 24.666 -38.733
v 54.981 24.825 -38.733
v 54.774 24.666 -38.512
v 54.615 24.459 -38.512
v 54.615 24.459 -38.733
v 55.222 14.925 -38.733
v 55.222 14.925 -38.512
v 56.347 -5.541 -38.733
v 56.347 -5.541 -38.512
v 56.447 24.217 -38.512
v 56.481 23.959 -38.733
v 56.481 23.959 -38.512
v 56.447 24.217 -38.733
v 54.515 9.217 -38.733
v 54.515 9.217 -38.512
v 56.347 24.459 -38.512
v 56.347 24.459 -38.733
v 56.188 24.666 -38.512
v 55.981 24.825 -38.733
v 56.188 24.666 -38.733
v 55.981 24.825 -38.512
v 55.740 24.925 -38.733
v 55.740 24.925 -38.512
v 56.447 73.700 -38.512
v 56.347 73.459 -38.733
v 56.347 73.459 -38.512
v 56.447 73.700 -38.733
v 56.188 73.252 -38.733
v 56.188 73.252 -38.512
v 55.481 74.959 -38.512
v 55.222 74.925 -38.733
v 55.481 74.959 -38.733
v 55.222 74.925 -38.512
v 54.481 68.959 -38.512
v 54.481 68.959 -38.733
v 54.981 74.825 -38.512
v 54.774 74.666 -38.733
v 54.981 74.825 -38.733
v 54.774 74.666 -38.512
v 56.188 74.666 -38.512
v 55.981 74.825 -38.733
v 56.188 74.666 -38.733
v 55.981 74.825 -38.512
v 54.515 68.700 -38.512
v 54.515 68.700 -38.733
v 54.615 68.459 -38.512
v 54.615 68.459 -38.733
v 54.774 68.252 -38.512
v 54.774 68.252 -38.733
v 56.447 74.217 -38.512
v 56.481 73.959 -38.733
v 56.481 73.959 -38.512
v 56.447 74.217 -38.733
v 55.740 74.925 -38.733
v 55.740 74.925 -38.512
v 56.347 74.459 -38.512
v 56.347 74.459 -38.733
v 54.615 74.459 -38.733
v 54.515 74.217 -38.512
v 54.515 74.217 -38.733
v 54.615 74.459 -38.512
v 55.740 59.925 -38.512
v 55.740 59.925 -38.733
v 54.481 73.959 -38.512
v 54.481 73.959 -38.733
v 54.515 73.700 -38.733
v 54.615 73.459 -38.512
v 54.615 73.459 -38.733
v 54.515 73.700 -38.512
v 54.774 73.252 -38.512
v 54.774 73.252 -38.733
v 54.981 73.093 -38.733
v 54.981 73.093 -38.512
v 55.222 72.993 -38.733
v 55.222 72.993 -38.512
v 55.481 72.959 -38.733
v 55.481 72.959 -38.512
v 54.481 28.959 -38.733
v 54.515 28.700 -38.512
v 54.515 28.700 -38.733
v 54.481 28.959 -38.512
v 54.981 28.093 -38.512
v 55.222 27.993 -38.733
v 54.981 28.093 -38.733
v 55.222 27.993 -38.512
v 55.481 27.959 -38.733
v 55.481 27.959 -38.512
v 54.615 28.459 -38.733
v 54.774 28.252 -38.512
v 54.774 28.252 -38.733
v 54.615 28.459 -38.512
v 54.615 34.459 -38.733
v 54.515 34.217 -38.512
v 54.515 34.217 -38.733
v 54.615 34.459 -38.512
v 54.774 34.666 -38.733
v 54.774 34.666 -38.512
v 55.740 27.993 -38.512
v 55.981 28.093 -38.733
v 55.740 27.993 -38.733
v 55.981 28.093 -38.512
v 56.447 28.700 -38.512
v 56.347 28.459 -38.733
v 56.347 28.459 -38.512
v 56.447 28.700 -38.733
v 56.347 29.459 -38.512
v 56.447 29.217 -38.733
v 56.447 29.217 -38.512
v 56.347 29.459 -38.733
v 56.188 29.666 -38.512
v 56.188 29.666 -38.733
v 56.188 28.252 -38.733
v 56.188 28.252 -38.512
v 56.481 28.959 -38.512
v 56.481 28.959 -38.733
v 55.481 32.959 -38.512
v 55.740 32.993 -38.733
v 55.481 32.959 -38.733
v 55.740 32.993 -38.512
v 56.481 33.959 -38.512
v 56.447 33.700 -38.733
v 56.447 33.700 -38.512
v 56.481 33.959 -38.733
v 56.447 34.217 -38.512
v 56.447 34.217 -38.733
v 56.347 34.459 -38.512
v 56.347 34.459 -38.733
v 56.188 34.666 -38.512
v 55.981 34.825 -38.733
v 56.188 34.666 -38.733
v 55.981 34.825 -38.512
v 55.740 34.925 -38.733
v 55.740 34.925 -38.512
v 55.481 34.959 -38.733
v 55.481 34.959 -38.512
v 55.222 32.993 -38.512
v 55.222 32.993 -38.733
v 55.981 33.093 -38.512
v 56.188 33.252 -38.733
v 55.981 33.093 -38.733
v 56.188 33.252 -38.512
v 54.481 33.959 -38.512
v 54.481 33.959 -38.733
v 54.515 33.700 -38.512
v 54.515 33.700 -38.733
v 54.615 33.459 -38.512
v 54.615 33.459 -38.733
v 54.774 33.252 -38.512
v 54.981 33.093 -38.733
v 54.774 33.252 -38.733
v 54.981 33.093 -38.512
v 56.347 33.459 -38.512
v 56.347 33.459 -38.733
v 56.447 58.700 -38.512
v 56.347 58.459 -38.733
v 56.347 58.459 -38.512
v 56.447 58.700 -38.733
v 56.188 59.666 -38.512
v 55.981 59.825 -38.733
v 56.188 59.666 -38.733
v 55.981 59.825 -38.512
v 55.740 57.993 -38.512
v 55.981 58.093 -38.733
v 55.740 57.993 -38.733
v 55.981 58.093 -38.512
v 56.188 58.252 -38.733
v 56.188 58.252 -38.512
v 56.347 59.459 -38.512
v 56.447 59.217 -38.733
v 56.447 59.217 -38.512
v 56.347 59.459 -38.733
v 54.481 58.959 -38.512
v 54.481 58.959 -38.733
v 54.774 58.252 -38.512
v 54.981 58.093 -38.733
v 54.774 58.252 -38.733
v 54.981 58.093 -38.512
v 55.222 57.993 -38.733
v 55.222 57.993 -38.512
v 54.515 58.700 -38.512
v 54.515 58.700 -38.733
v 54.615 58.459 -38.512
v 54.615 58.459 -38.733
v 55.481 57.959 -38.733
v 55.481 57.959 -38.512
v 56.481 58.959 -38.512
v 56.481 58.959 -38.733
v 55.981 -36.907 -38.512
v 56.188 -36.748 -38.733
v 55.981 -36.907 -38.733
v 56.188 -36.748 -38.512
v 52.179 102.204 -43.306
v 52.179 -101.796 -38.733
v 52.179 -101.796 -43.306
v 52.179 102.204 -38.733
v 54.774 -35.334 -38.733
v 54.615 -35.541 -38.512
v 54.615 -35.541 -38.733
v 54.774 -35.334 -38.512
v 51.958 102.204 -43.528
v 59.004 102.204 -43.528
v 58.783 102.204 -38.733
v 58.783 102.204 -43.306
v 56.447 -35.783 -38.512
v 56.481 -36.041 -38.733
v 56.481 -36.041 -38.512
v 56.447 -35.783 -38.733
v 51.958 -101.796 -38.512
v 54.481 -71.041 -38.512
v 54.515 -71.300 -38.512
v 59.004 -101.796 -38.512
v 54.615 -71.541 -38.512
v 54.774 -71.748 -38.512
v 54.981 -71.907 -38.512
v 55.222 -72.007 -38.512
v 55.481 -72.041 -38.512
v 55.740 -72.007 -38.512
v 55.981 -71.907 -38.512
v 56.188 -71.748 -38.512
v 56.347 -71.541 -38.512
v 56.447 -71.300 -38.512
v 56.481 -71.041 -38.512
v 56.481 -66.041 -38.512
v 56.481 -61.041 -38.512
v 56.481 -56.041 -38.512
v 56.481 -51.041 -38.512
v 56.481 -46.041 -38.512
v 56.481 -41.041 -38.512
v 56.481 -6.041 -38.512
v 56.481 -1.041 -38.512
v 56.481 3.959 -38.512
v 56.481 8.959 -38.512
v 54.481 -66.041 -38.512
v 54.481 -61.041 -38.512
v 54.481 -56.041 -38.512
v 54.481 -51.041 -38.512
v 54.481 -41.041 -38.512
v 54.481 -36.041 -38.512
v 54.481 -6.041 -38.512
v 54.481 -1.041 -38.512
v 54.481 3.959 -38.512
v 54.615 9.459 -38.512
v 54.774 9.666 -38.512
v 54.981 9.825 -38.512
v 55.222 9.925 -38.512
v 55.481 9.959 -38.512
v 55.740 9.925 -38.512
v 55.981 9.825 -38.512
v 56.188 9.666 -38.512
v 56.347 9.459 -38.512
v 56.447 9.217 -38.512
v 54.515 4.217 -38.512
v 54.615 4.459 -38.512
v 54.774 4.666 -38.512
v 54.774 8.252 -38.512
v 54.981 4.825 -38.512
v 54.981 8.093 -38.512
v 55.222 4.925 -38.512
v 55.222 7.993 -38.512
v 55.481 4.959 -38.512
v 55.481 7.959 -38.512
v 55.740 4.925 -38.512
v 55.740 7.993 -38.512
v 55.981 4.825 -38.512
v 55.981 8.093 -38.512
v 56.188 4.666 -38.512
v 56.188 8.252 -38.512
v 56.347 4.459 -38.512
v 56.347 8.459 -38.512
v 56.447 4.217 -38.512
v 56.447 8.700 -38.512
v 54.515 -0.783 -38.512
v 54.515 3.700 -38.512
v 54.615 -0.541 -38.512
v 54.615 3.459 -38.512
v 54.774 -0.334 -38.512
v 54.774 3.252 -38.512
v 54.981 -0.175 -38.512
v 54.981 3.093 -38.512
v 55.222 -0.075 -38.512
v 55.222 2.993 -38.512
v 55.481 -0.041 -38.512
v 55.481 2.959 -38.512
v 55.740 -0.075 -38.512
v 55.740 2.993 -38.512
v 55.981 -0.175 -38.512
v 55.981 3.093 -38.512
v 56.188 -0.334 -38.512
v 56.188 3.252 -38.512
v 56.347 -0.541 -38.512
v 56.347 3.459 -38.512
v 56.447 -0.783 -38.512
v 56.447 3.700 -38.512
v 54.515 -1.300 -38.512
v 54.615 -1.541 -38.512
v 54.774 -1.748 -38.512
v 54.981 -1.907 -38.512
v 55.222 -2.007 -38.512
v 55.481 -2.041 -38.512
v 55.740 -2.007 -38.512
v 55.981 -1.907 -38.512
v 56.188 -1.748 -38.512
v 56.347 -1.541 -38.512
v 56.447 -5.783 -38.512
v 56.447 -1.300 -38.512
v 54.515 -6.300 -38.512
v 54.615 -6.541 -38.512
v 54.774 -6.748 -38.512
v 54.981 -6.907 -38.512
v 55.222 -7.007 -38.512
v 55.481 -7.041 -38.512
v 55.740 -7.007 -38.512
v 55.981 -6.907 -38.512
v 56.188 -6.748 -38.512
v 56.347 -6.541 -38.512
v 56.447 -6.300 -38.512
v 54.515 -35.783 -38.512
v 54.981 -35.175 -38.512
v 55.222 -35.075 -38.512
v 55.481 -35.041 -38.512
v 55.740 -35.075 -38.512
v 55.981 -35.175 -38.512
v 56.188 -35.334 -38.512
v 56.347 -35.541 -38.512
v 54.515 -40.783 -38.512
v 54.515 -36.300 -38.512
v 54.615 -40.541 -38.512
v 54.615 -36.541 -38.512
v 54.774 -40.334 -38.512
v 54.774 -36.748 -38.512
v 54.981 -40.175 -38.512
v 54.981 -36.907 -38.512
v 55.222 -40.075 -38.512
v 55.222 -37.007 -38.512
v 55.481 -40.041 -38.512
v 55.481 -37.041 -38.512
v 55.740 -40.075 -38.512
v 55.740 -37.007 -38.512
v 55.981 -40.175 -38.512
v 56.188 -40.334 -38.512
v 56.347 -40.541 -38.512
v 56.347 -36.541 -38.512
v 56.447 -40.783 -38.512
v 56.447 -36.300 -38.512
v 54.515 -45.783 -38.512
v 54.515 -41.300 -38.512
v 54.615 -45.541 -38.512
v 54.615 -41.541 -38.512
v 54.774 -45.334 -38.512
v 54.774 -41.748 -38.512
v 54.981 -45.175 -38.512
v 54.981 -41.907 -38.512
v 55.222 -45.075 -38.512
v 55.222 -42.007 -38.512
v 55.481 -45.041 -38.512
v 55.481 -42.041 -38.512
v 55.740 -45.075 -38.512
v 55.740 -42.007 -38.512
v 55.981 -45.175 -38.512
v 55.981 -41.907 -38.512
v 56.188 -45.334 -38.512
v 56.188 -41.748 -38.512
v 56.347 -45.541 -38.512
v 56.347 -41.541 -38.512
v 56.447 -45.783 -38.512
v 56.447 -41.300 -38.512
v 54.515 -50.783 -38.512
v 54.615 -50.541 -38.512
v 54.774 -50.334 -38.512
v 54.981 -50.175 -38.512
v 55.222 -50.075 -38.512
v 55.481 -50.041 -38.512
v 55.740 -50.075 -38.512
v 55.740 -47.007 -38.512
v 55.981 -50.175 -38.512
v 55.981 -46.907 -38.512
v 56.188 -50.334 -38.512
v 56.188 -46.748 -38.512
v 56.347 -50.541 -38.512
v 56.347 -46.541 -38.512
v 56.447 -50.783 -38.512
v 56.447 -46.300 -38.512
v 54.515 -55.783 -38.512
v 54.515 -51.300 -38.512
v 54.615 -55.541 -38.512
v 54.615 -51.541 -38.512
v 54.774 -55.334 -38.512
v 54.774 -51.748 -38.512
v 54.981 -55.175 -38.512
v 54.981 -51.907 -38.512
v 55.222 -55.075 -38.512
v 55.222 -52.007 -38.512
v 55.481 -55.041 -38.512
v 55.481 -52.041 -38.512
v 55.740 -55.075 -38.512
v 55.740 -52.007 -38.512
v 55.981 -55.175 -38.512
v 55.981 -51.907 -38.512
v 56.188 -55.334 -38.512
v 56.188 -51.748 -38.512
v 56.347 -55.541 -38.512
v 56.347 -51.541 -38.512
v 56.447 -55.783 -38.512
v 56.447 -51.300 -38.512
v 54.515 -60.783 -38.512
v 54.515 -56.300 -38.512
v 54.615 -60.541 -38.512
v 54.615 -56.541 -38.512
v 54.774 -60.334 -38.512
v 54.774 -56.748 -38.512
v 54.981 -60.175 -38.512
v 54.981 -56.907 -38.512
v 55.222 -60.075 -38.512
v 55.222 -57.007 -38.512
v 55.481 -60.041 -38.512
v 55.481 -57.041 -38.512
v 55.740 -60.075 -38.512
v 55.740 -57.007 -38.512
v 55.981 -60.175 -38.512
v 55.981 -56.907 -38.512
v 56.188 -60.334 -38.512
v 56.188 -56.748 -38.512
v 56.347 -60.541 -38.512
v 56.347 -56.541 -38.512
v 56.447 -60.783 -38.512
v 56.447 -56.300 -38.512
v 54.515 -65.783 -38.512
v 54.515 -61.300 -38.512
v 54.615 -65.541 -38.512
v 54.615 -61.541 -38.512
v 54.774 -65.334 -38.512
v 54.774 -61.748 -38.512
v 54.981 -65.175 -38.512
v 54.981 -61.907 -38.512
v 55.222 -65.075 -38.512
v 55.222 -62.007 -38.512
v 55.481 -65.041 -38.512
v 55.481 -62.041 -38.512
v 55.740 -65.075 -38.512
v 55.740 -62.007 -38.512
v 55.981 -65.175 -38.512
v 55.981 -61.907 -38.512
v 56.188 -65.334 -38.512
v 56.188 -61.748 -38.512
v 56.347 -65.541 -38.512
v 56.347 -61.541 -38.512
v 56.447 -65.783 -38.512
v 56.447 -61.300 -38.512
v 54.515 -70.783 -38.512
v 54.515 -66.300 -38.512
v 54.615 -70.541 -38.512
v 54.615 -66.541 -38.512
v 54.774 -70.334 -38.512
v 54.774 -66.748 -38.512
v 54.981 -70.175 -38.512
v 54.981 -66.907 -38.512
v 55.222 -70.075 -38.512
v 55.222 -67.007 -38.512
v 55.481 -70.041 -38.512
v 55.481 -67.041 -38.512
v 55.740 -70.075 -38.512
v 55.740 -67.007 -38.512
v 55.981 -70.175 -38.512
v 55.981 -66.907 -38.512
v 56.188 -70.334 -38.512
v 56.188 -66.748 -38.512
v 56.347 -70.541 -38.512
v 56.347 -66.541 -38.512
v 56.447 -70.783 -38.512
v 56.447 -66.300 -38.512
v 56.347 -36.541 -38.733
v 54.515 -50.783 -38.733
v 54.481 -51.041 -38.733
v 55.481 -35.041 -38.733
v 55.740 -35.075 -38.733
v 54.515 -51.300 -38.733
v 58.783 -101.796 -43.306
v 51.958 -101.796 -43.528
v 58.783 -101.796 -38.733
v 56.481 8.959 -38.733
v 56.481 3.959 -38.733
v 56.481 -1.041 -38.733
v 56.481 -6.041 -38.733
v 56.481 -41.041 -38.733
v 56.481 -46.041 -38.733
v 56.481 -51.041 -38.733
v 56.481 -56.041 -38.733
v 56.481 -61.041 -38.733
v 56.481 -66.041 -38.733
v 56.481 -71.041 -38.733
v 54.515 -71.300 -38.733
v 54.481 -71.041 -38.733
v 54.481 3.959 -38.733
v 54.481 -1.041 -38.733
v 54.481 -6.041 -38.733
v 54.481 -36.041 -38.733
v 54.481 -41.041 -38.733
v 54.481 -56.041 -38.733
v 54.481 -61.041 -38.733
v 54.481 -66.041 -38.733
v 54.615 -71.541 -38.733
v 54.774 -71.748 -38.733
v 54.981 -71.907 -38.733
v 55.222 -72.007 -38.733
v 55.481 -72.041 -38.733
v 55.740 -72.007 -38.733
v 55.981 -71.907 -38.733
v 56.188 -71.748 -38.733
v 56.347 -71.541 -38.733
v 56.447 -71.300 -38.733
v 54.515 -66.300 -38.733
v 54.515 -70.783 -38.733
v 54.615 -66.541 -38.733
v 54.615 -70.541 -38.733
v 54.774 -66.748 -38.733
v 54.774 -70.334 -38.733
v 54.981 -66.907 -38.733
v 54.981 -70.175 -38.733
v 55.222 -67.007 -38.733
v 55.222 -70.075 -38.733
v 55.481 -67.041 -38.733
v 55.481 -70.041 -38.733
v 55.740 -67.007 -38.733
v 55.740 -70.075 -38.733
v 55.981 -66.907 -38.733
v 55.981 -70.175 -38.733
v 56.188 -66.748 -38.733
v 56.188 -70.334 -38.733
v 56.347 -66.541 -38.733
v 56.347 -70.541 -38.733
v 56.447 -66.300 -38.733
v 56.447 -70.783 -38.733
v 54.515 -61.300 -38.733
v 54.515 -65.783 -38.733
v 54.615 -61.541 -38.733
v 54.615 -65.541 -38.733
v 54.774 -61.748 -38.733
v 54.774 -65.334 -38.733
v 54.981 -61.907 -38.733
v 54.981 -65.175 -38.733
v 55.222 -62.007 -38.733
v 55.222 -65.075 -38.733
v 55.481 -62.041 -38.733
v 55.481 -65.041 -38.733
v 55.740 -62.007 -38.733
v 55.740 -65.075 -38.733
v 55.981 -61.907 -38.733
v 55.981 -65.175 -38.733
v 56.188 -61.748 -38.733
v 56.188 -65.334 -38.733
v 56.347 -61.541 -38.733
v 56.347 -65.541 -38.733
v 56.447 -61.300 -38.733
v 56.447 -65.783 -38.733
v 54.515 -56.300 -38.733
v 54.515 -60.783 -38.733
v 54.615 -56.541 -38.733
v 54.615 -60.541 -38.733
v 54.774 -56.748 -38.733
v 54.774 -60.334 -38.733
v 54.981 -56.907 -38.733
v 54.981 -60.175 -38.733
v 55.222 -57.007 -38.733
v 55.222 -60.075 -38.733
v 55.481 -57.041 -38.733
v 55.481 -60.041 -38.733
v 55.740 -57.007 -38.733
v 55.740 -60.075 -38.733
v 55.981 -56.907 -38.733
v 55.981 -60.175 -38.733
v 56.188 -56.748 -38.733
v 56.188 -60.334 -38.733
v 56.347 -56.541 -38.733
v 56.347 -60.541 -38.733
v 56.447 -56.300 -38.733
v 56.447 -60.783 -38.733
v 54.515 -55.783 -38.733
v 54.615 -51.541 -38.733
v 54.615 -55.541 -38.733
v 54.774 -51.748 -38.733
v 54.774 -55.334 -38.733
v 54.981 -51.907 -38.733
v 54.981 -55.175 -38.733
v 55.222 -52.007 -38.733
v 55.222 -55.075 -38.733
v 55.481 -52.041 -38.733
v 55.481 -55.041 -38.733
v 55.740 -52.007 -38.733
v 55.740 -55.075 -38.733
v 55.981 -51.907 -38.733
v 55.981 -55.175 -38.733
v 56.188 -51.748 -38.733
v 56.188 -55.334 -38.733
v 56.347 -51.541 -38.733
v 56.347 -55.541 -38.733
v 56.447 -51.300 -38.733
v 56.447 -55.783 -38.733
v 54.615 -50.541 -38.733
v 54.774 -50.334 -38.733
v 54.981 -50.175 -38.733
v 55.222 -50.075 -38.733
v 55.481 -50.041 -38.733
v 55.740 -47.007 -38.733
v 55.740 -50.075 -38.733
v 55.981 -46.907 -38.733
v 55.981 -50.175 -38.733
v 56.188 -46.748 -38.733
v 56.188 -50.334 -38.733
v 56.347 -46.541 -38.733
v 56.347 -50.541 -38.733
v 56.447 -46.300 -38.733
v 56.447 -50.783 -38.733
v 54.515 -41.300 -38.733
v 54.515 -45.783 -38.733
v 54.615 -41.541 -38.733
v 54.615 -45.541 -38.733
v 54.774 -41.748 -38.733
v 54.774 -45.334 -38.733
v 54.981 -41.907 -38.733
v 54.981 -45.175 -38.733
v 55.222 -42.007 -38.733
v 55.222 -45.075 -38.733
v 55.481 -42.041 -38.733
v 55.481 -45.041 -38.733
v 55.740 -42.007 -38.733
v 55.740 -45.075 -38.733
v 55.981 -41.907 -38.733
v 55.981 -45.175 -38.733
v 56.188 -41.748 -38.733
v 56.188 -45.334 -38.733
v 56.347 -41.541 -38.733
v 56.347 -45.541 -38.733
v 56.447 -41.300 -38.733
v 56.447 -45.783 -38.733
v 54.515 -36.300 -38.733
v 54.515 -40.783 -38.733
v 54.615 -36.541 -38.733
v 54.615 -40.541 -38.733
v 54.774 -36.748 -38.733
v 54.774 -40.334 -38.733
v 54.981 -36.907 -38.733
v 54.981 -40.175 -38.733
v 55.222 -37.007 -38.733
v 55.222 -40.075 -38.733
v 55.481 -37.041 -38.733
v 55.481 -40.041 -38.733
v 55.740 -37.007 -38.733
v 55.740 -40.075 -38.733
v 55.981 -40.175 -38.733
v 56.188 -40.334 -38.733
v 56.347 -40.541 -38.733
v 56.447 -36.300 -38.733
v 56.447 -40.783 -38.733
v 54.515 -35.783 -38.733
v 54.981 -35.175 -38.733
v 55.222 -35.075 -38.733
v 55.981 -35.175 -38.733
v 56.188 -35.334 -38.733
v 56.347 -35.541 -38.733
v 54.515 -6.300 -38.733
v 54.615 -6.541 -38.733
v 54.774 -6.748 -38.733
v 54.981 -6.907 -38.733
v 55.222 -7.007 -38.733
v 55.481 -7.041 -38.733
v 55.740 -7.007 -38.733
v 55.981 -6.907 -38.733
v 56.188 -6.748 -38.733
v 56.347 -6.541 -38.733
v 56.447 -6.300 -38.733
v 54.515 -1.300 -38.733
v 54.615 -1.541 -38.733
v 54.774 -1.748 -38.733
v 54.981 -1.907 -38.733
v 55.222 -2.007 -38.733
v 55.481 -2.041 -38.733
v 55.740 -2.007 -38.733
v 55.981 -1.907 -38.733
v 56.188 -1.748 -38.733
v 56.347 -1.541 -38.733
v 56.447 -1.300 -38.733
v 56.447 -5.783 -38.733
v 54.515 3.700 -38.733
v 54.515 -0.783 -38.733
v 54.615 3.459 -38.733
v 54.615 -0.541 -38.733
v 54.774 3.252 -38.733
v 54.774 -0.334 -38.733
v 54.981 3.093 -38.733
v 54.981 -0.175 -38.733
v 55.222 2.993 -38.733
v 55.222 -0.075 -38.733
v 55.481 2.959 -38.733
v 55.481 -0.041 -38.733
v 55.740 2.993 -38.733
v 55.740 -0.075 -38.733
v 55.981 3.093 -38.733
v 55.981 -0.175 -38.733
v 56.188 3.252 -38.733
v 56.188 -0.334 -38.733
v 56.347 3.459 -38.733
v 56.347 -0.541 -38.733
v 56.447 3.700 -38.733
v 56.447 -0.783 -38.733
v 54.515 4.217 -38.733
v 54.615 4.459 -38.733
v 54.774 8.252 -38.733
v 54.774 4.666 -38.733
v 54.981 8.093 -38.733
v 54.981 4.825 -38.733
v 55.222 7.993 -38.733
v 55.222 4.925 -38.733
v 55.481 7.959 -38.733
v 55.481 4.959 -38.733
v 55.740 7.993 -38.733
v 55.740 4.925 -38.733
v 55.981 8.093 -38.733
v 55.981 4.825 -38.733
v 56.188 8.252 -38.733
v 56.188 4.666 -38.733
v 56.347 8.459 -38.733
v 56.347 4.459 -38.733
v 56.447 8.700 -38.733
v 56.447 4.217 -38.733
v 54.615 9.459 -38.733
v 54.774 9.666 -38.733
v 54.981 9.825 -38.733
v 55.222 9.925 -38.733
v 55.481 9.959 -38.733
v 55.740 9.925 -38.733
v 55.981 9.825 -38.733
v 56.188 9.666 -38.733
v 56.347 9.459 -38.733
v 56.447 9.217 -38.733
v -54.774 -40.334 -43.306
v -54.615 -40.541 -43.528
v -54.615 -40.541 -43.306
v -54.774 -40.334 -43.528
v -54.981 -40.175 -43.528
v -54.981 -40.175 -43.306
v -54.481 -41.041 -43.306
v -54.515 -41.300 -43.528
v -54.515 -41.300 -43.306
v -54.481 -41.041 -43.528
v -56.481 -46.041 -38.733
v -56.447 -46.300 -38.512
v -56.447 -46.300 -38.733
v -56.481 -46.041 -38.512
v -56.347 -46.541 -38.512
v -56.347 -46.541 -38.733
v -55.740 -47.007 -38.512
v -55.481 -47.041 -38.733
v -55.740 -47.007 -38.733
v -55.481 -47.041 -38.512
v -56.188 -46.748 -38.512
v -55.981 -46.907 -38.733
v -56.188 -46.748 -38.733
v -55.981 -46.907 -38.512
v -55.222 72.993 -38.512
v -54.981 73.093 -38.733
v -55.222 72.993 -38.733
v -54.981 73.093 -38.512
v -54.515 64.217 -38.512
v -54.481 63.959 -38.733
v -54.481 63.959 -38.512
v -54.515 64.217 -38.733
v -55.222 64.925 -38.512
v -55.481 64.959 -38.733
v -55.222 64.925 -38.733
v -55.481 64.959 -38.512
v -54.774 64.666 -38.512
v -54.615 64.459 -38.733
v -54.615 64.459 -38.512
v -54.774 64.666 -38.733
v -54.981 64.825 -38.733
v -54.981 64.825 -38.512
v -55.740 64.925 -38.733
v -55.740 64.925 -38.512
v -55.981 64.825 -38.733
v -55.981 64.825 -38.512
v -54.515 63.700 -38.733
v -54.515 63.700 -38.512
v -56.188 64.666 -38.733
v -56.188 64.666 -38.512
v -56.347 64.459 -38.512
v -56.347 64.459 -38.733
v -55.981 -40.175 -43.306
v -56.188 -40.334 -43.528
v -55.981 -40.175 -43.528
v -56.188 -40.334 -43.306
v -55.740 -40.075 -43.306
v -55.740 -40.075 -43.528
v -56.347 -40.541 -43.306
v -56.347 -40.541 -43.528
v -55.481 -40.041 -43.306
v -55.481 -40.041 -43.528
v -56.188 43.252 -43.306
v -55.981 43.093 -43.528
v -56.188 43.252 -43.528
v -55.981 43.093 -43.306
v -56.447 -40.783 -43.528
v -56.481 -41.041 -43.306
v -56.481 -41.041 -43.528
v -56.447 -40.783 -43.306
v -56.447 -41.300 -43.306
v -56.447 -41.300 -43.528
v -54.515 -40.783 -43.528
v -54.515 -40.783 -43.306
v -56.188 -35.334 -43.528
v -56.347 -35.541 -43.306
v -56.347 -35.541 -43.528
v -56.188 -35.334 -43.306
v -55.981 -35.175 -43.306
v -55.981 -35.175 -43.528
v -55.740 -35.075 -43.306
v -55.740 -35.075 -43.528
v -55.981 -36.907 -43.306
v -55.740 -37.007 -43.528
v -55.981 -36.907 -43.528
v -55.740 -37.007 -43.306
v -56.188 -36.748 -43.306
v -56.188 -36.748 -43.528
v -56.347 -36.541 -43.528
v -56.347 -36.541 -43.306
v -56.447 -36.300 -43.528
v -56.447 -36.300 -43.306
v -56.447 -35.783 -43.306
v -56.447 -35.783 -43.528
v -56.481 -36.041 -43.528
v -56.481 -36.041 -43.306
v -55.481 -37.041 -43.528
v -55.481 -37.041 -43.306
v -55.222 -40.075 -43.528
v -55.222 -40.075 -43.306
v -54.981 -35.175 -43.306
v -55.222 -35.075 -43.528
v -54.981 -35.175 -43.528
v -55.222 -35.075 -43.306
v -54.615 -35.541 -43.306
v -54.515 -35.783 -43.528
v -54.515 -35.783 -43.306
v -54.615 -35.541 -43.528
v -54.981 -36.907 -43.306
v -54.774 -36.748 -43.528
v -54.981 -36.907 -43.528
v -54.774 -36.748 -43.306
v -55.740 -30.075 -43.306
v -55.981 -30.175 -43.528
v -55.740 -30.075 -43.528
v -55.981 -30.175 -43.306
v -55.222 -37.007 -43.306
v -55.222 -37.007 -43.528
v -55.481 -30.041 -43.306
v -55.481 -30.041 -43.528
v -54.774 -35.334 -43.306
v -54.774 -35.334 -43.528
v -55.481 -35.041 -43.528
v -55.481 -35.041 -43.306
v -54.515 -36.300 -43.306
v -54.615 -36.541 -43.528
v -54.615 -36.541 -43.306
v -54.515 -36.300 -43.528
v -54.481 -36.041 -43.528
v -54.481 -36.041 -43.306
v -54.981 -25.175 -43.306
v -55.222 -25.075 -43.528
v -54.981 -25.175 -43.528
v -55.222 -25.075 -43.306
v -54.615 -25.541 -43.306
v -54.515 -25.783 -43.528
v -54.515 -25.783 -43.306
v -54.615 -25.541 -43.528
v -54.981 -26.907 -43.306
v -54.774 -26.748 -43.528
v -54.981 -26.907 -43.528
v -54.774 -26.748 -43.306
v -56.481 -26.041 -43.528
v -56.447 -26.300 -43.306
v -56.447 -26.300 -43.528
v -56.481 -26.041 -43.306
v -54.774 -25.334 -43.306
v -54.774 -25.334 -43.528
v -54.481 -26.041 -43.528
v -54.481 -26.041 -43.306
v -54.515 -26.300 -43.528
v -54.515 -26.300 -43.306
v -54.615 -26.541 -43.528
v -54.615 -26.541 -43.306
v -55.481 -27.041 -43.306
v -55.222 -27.007 -43.528
v -55.481 -27.041 -43.528
v -55.222 -27.007 -43.306
v -55.740 -27.007 -43.306
v -55.740 -27.007 -43.528
v -56.188 -26.748 -43.306
v -55.981 -26.907 -43.528
v -56.188 -26.748 -43.528
v -55.981 -26.907 -43.306
v -56.347 -26.541 -43.306
v -56.347 -26.541 -43.528
v -56.447 -25.783 -43.528
v -56.447 -25.783 -43.306
v -56.347 -25.541 -43.528
v -56.347 -25.541 -43.306
v -56.188 -25.334 -43.528
v -56.188 -25.334 -43.306
v -55.981 -25.175 -43.306
v -55.981 -25.175 -43.528
v -55.481 -25.041 -43.528
v -55.481 -25.041 -43.306
v -54.615 -30.541 -43.306
v -54.515 -30.783 -43.528
v -54.515 -30.783 -43.306
v -54.615 -30.541 -43.528
v -54.481 -31.041 -43.528
v -54.481 -31.041 -43.306
v -56.481 -31.041 -43.528
v -56.447 -31.300 -43.306
v -56.447 -31.300 -43.528
v -56.481 -31.041 -43.306
v -54.981 -30.175 -43.306
v -55.222 -30.075 -43.528
v -54.981 -30.175 -43.528
v -55.222 -30.075 -43.306
v -55.222 -32.007 -43.306
v -54.981 -31.907 -43.528
v -55.222 -32.007 -43.528
v -54.981 -31.907 -43.306
v -56.447 -30.783 -43.528
v -56.447 -30.783 -43.306
v -55.981 -31.907 -43.306
v -55.740 -32.007 -43.528
v -55.981 -31.907 -43.528
v -55.740 -32.007 -43.306
v -56.347 -30.541 -43.528
v -56.347 -30.541 -43.306
v -56.188 -30.334 -43.528
v -56.188 -30.334 -43.306
v -55.740 -25.075 -43.528
v -55.740 -25.075 -43.306
v -54.774 -30.334 -43.306
v -54.774 -30.334 -43.528
v -54.515 -31.300 -43.528
v -54.515 -31.300 -43.306
v -54.615 -31.541 -43.528
v -54.615 -31.541 -43.306
v -54.774 -31.748 -43.528
v -54.774 -31.748 -43.306
v -55.481 -32.041 -43.306
v -55.481 -32.041 -43.528
v -56.188 -31.748 -43.306
v -56.188 -31.748 -43.528
v -56.347 -31.541 -43.528
v -56.347 -31.541 -43.306
v -55.740 29.925 -38.512
v -55.981 29.825 -38.733
v -55.740 29.925 -38.733
v -55.981 29.825 -38.512
v -54.515 23.700 -38.512
v -54.615 23.459 -38.733
v -54.615 23.459 -38.512
v -54.515 23.700 -38.733
v -56.447 8.700 -38.733
v -56.347 8.459 -38.512
v -56.347 8.459 -38.733
v -56.447 8.700 -38.512
v -55.481 29.959 -38.512
v -55.481 29.959 -38.733
v -54.774 23.252 -38.733
v -54.774 23.252 -38.512
v -56.188 29.666 -38.733
v -56.188 29.666 -38.512
v -56.447 23.700 -38.733
v -56.347 23.459 -38.512
v -56.347 23.459 -38.733
v -56.447 23.700 -38.512
v -55.222 22.993 -38.512
v -54.981 23.093 -38.733
v -55.222 22.993 -38.733
v -54.981 23.093 -38.512
v -56.188 23.252 -38.512
v -55.981 23.093 -38.733
v -56.188 23.252 -38.733
v -55.981 23.093 -38.512
v -56.347 29.459 -38.512
v -56.347 29.459 -38.733
v -56.447 24.217 -38.733
v -56.481 23.959 -38.512
v -56.481 23.959 -38.733
v -56.447 24.217 -38.512
v -55.481 22.959 -38.512
v -55.481 22.959 -38.733
v -55.222 29.925 -38.512
v -55.222 29.925 -38.733
v -55.740 22.993 -38.512
v -55.740 22.993 -38.733
v -54.981 29.825 -38.512
v -54.981 29.825 -38.733
v -56.447 29.217 -38.512
v -56.447 29.217 -38.733
v -55.222 42.993 -38.512
v -54.981 43.093 -38.733
v -55.222 42.993 -38.733
v -54.981 43.093 -38.512
v -54.515 43.700 -38.512
v -54.615 43.459 -38.733
v -54.615 43.459 -38.512
v -54.515 43.700 -38.733
v -54.481 43.959 -38.512
v -54.481 43.959 -38.733
v -54.515 44.217 -38.512
v -54.515 44.217 -38.733
v -54.774 43.252 -38.733
v -54.774 43.252 -38.512
v -54.615 44.459 -38.512
v -54.615 44.459 -38.733
v -54.981 44.825 -38.512
v -55.222 44.925 -38.733
v -54.981 44.825 -38.733
v -55.222 44.925 -38.512
v -55.481 44.959 -38.512
v -55.740 44.925 -38.733
v -55.481 44.959 -38.733
v -55.740 44.925 -38.512
v -54.774 44.666 -38.512
v -54.774 44.666 -38.733
v -56.188 44.666 -38.733
v -56.347 44.459 -38.512
v -56.347 44.459 -38.733
v -56.188 44.666 -38.512
v -55.981 44.825 -38.512
v -55.981 44.825 -38.733
v -55.740 34.925 -38.512
v -55.981 34.825 -38.733
v -55.740 34.925 -38.733
v -55.981 34.825 -38.512
v -56.447 44.217 -38.512
v -56.447 44.217 -38.733
v -56.447 39.217 -38.733
v -56.481 38.959 -38.512
v -56.481 38.959 -38.733
v -56.447 39.217 -38.512
v -56.447 38.700 -38.512
v -56.447 38.700 -38.733
v -55.481 42.959 -38.512
v -55.481 42.959 -38.733
v -55.981 69.825 -38.512
v -56.188 69.666 -38.733
v -55.981 69.825 -38.733
v -56.188 69.666 -38.512
v -56.347 69.459 -38.733
v -56.447 69.217 -38.512
v -56.447 69.217 -38.733
v -56.347 69.459 -38.512
v -54.481 68.959 -38.512
v -54.515 68.700 -38.733
v -54.515 68.700 -38.512
v -54.481 68.959 -38.733
v -54.774 69.666 -38.512
v -54.981 69.825 -38.733
v -54.774 69.666 -38.733
v -54.981 69.825 -38.512
v -55.481 69.959 -38.512
v -55.740 69.925 -38.733
v -55.481 69.959 -38.733
v -55.740 69.925 -38.512
v -55.740 67.993 -38.512
v -55.481 67.959 -38.733
v -55.740 67.993 -38.733
v -55.481 67.959 -38.512
v -55.981 68.093 -38.512
v -55.981 68.093 -38.733
v -54.981 68.093 -38.512
v -54.774 68.252 -38.733
v -54.981 68.093 -38.733
v -54.774 68.252 -38.512
v -54.615 69.459 -38.512
v -54.515 69.217 -38.733
v -54.515 69.217 -38.512
v -54.615 69.459 -38.733
v -55.222 69.925 -38.733
v -55.222 69.925 -38.512
v -55.222 67.993 -38.733
v -55.222 67.993 -38.512
v -54.615 68.459 -38.512
v -54.615 68.459 -38.733
v -56.447 64.217 -38.733
v -56.481 63.959 -38.512
v -56.481 63.959 -38.733
v -56.447 64.217 -38.512
v -56.347 63.459 -38.733
v -56.188 63.252 -38.512
v -56.188 63.252 -38.733
v -56.347 63.459 -38.512
v -55.981 63.093 -38.733
v -55.981 63.093 -38.512
v -55.740 62.993 -38.733
v -55.740 62.993 -38.512
v -55.481 62.959 -38.733
v -55.481 62.959 -38.512
v -55.222 62.993 -38.733
v -55.222 62.993 -38.512
v -54.981 63.093 -38.733
v -54.981 63.093 -38.512
v -54.774 63.252 -38.733
v -54.774 63.252 -38.512
v -54.615 63.459 -38.512
v -54.615 63.459 -38.733
v -56.447 63.700 -38.733
v -56.447 63.700 -38.512
v -54.981 38.093 -38.512
v -54.774 38.252 -38.733
v -54.981 38.093 -38.733
v -54.774 38.252 -38.512
v -54.515 39.217 -38.512
v -54.481 38.959 -38.733
v -54.481 38.959 -38.512
v -54.515 39.217 -38.733
v -54.515 38.700 -38.733
v -54.515 38.700 -38.512
v -56.347 38.459 -38.733
v -56.188 38.252 -38.512
v -56.188 38.252 -38.733
v -56.347 38.459 -38.512
v -54.981 39.825 -38.512
v -55.222 39.925 -38.733
v -54.981 39.825 -38.733
v -55.222 39.925 -38.512
v -55.981 38.093 -38.512
v -55.740 37.993 -38.733
v -55.981 38.093 -38.733
v -55.740 37.993 -38.512
v -54.615 39.459 -38.512
v -54.615 39.459 -38.733
v -54.615 38.459 -38.733
v -54.615 38.459 -38.512
v -54.774 39.666 -38.512
v -54.774 39.666 -38.733
v -55.222 37.993 -38.512
v -55.222 37.993 -38.733
v -55.481 39.959 -38.733
v -55.481 39.959 -38.512
v -55.740 39.925 -38.512
v -55.981 39.825 -38.733
v -55.740 39.925 -38.733
v -55.981 39.825 -38.512
v -56.188 39.666 -38.733
v -56.188 39.666 -38.512
v -56.347 39.459 -38.733
v -56.347 39.459 -38.512
v -55.481 37.959 -38.733
v -55.481 37.959 -38.512
v -56.481 38.959 -43.528
v -56.447 38.700 -43.306
v -56.447 38.700 -43.528
v -56.481 38.959 -43.306
v -54.774 39.666 -43.306
v -54.981 39.825 -43.528
v -54.774 39.666 -43.528
v -54.981 39.825 -43.306
v -56.188 44.666 -43.528
v -56.347 44.459 -43.306
v -56.347 44.459 -43.528
v -56.188 44.666 -43.306
v -55.740 44.925 -43.306
v -55.981 44.825 -43.528
v -55.740 44.925 -43.528
v -55.981 44.825 -43.306
v -54.515 34.217 -43.306
v -54.481 33.959 -43.528
v -54.481 33.959 -43.306
v -54.515 34.217 -43.528
v -55.481 32.959 -43.306
v -55.222 32.993 -43.528
v -55.481 32.959 -43.528
v -55.222 32.993 -43.306
v -55.981 33.093 -43.306
v -55.740 32.993 -43.528
v -55.981 33.093 -43.528
v -55.740 32.993 -43.306
v -54.981 38.093 -43.306
v -54.774 38.252 -43.528
v -54.981 38.093 -43.528
v -54.774 38.252 -43.306
v -55.222 34.925 -43.306
v -55.481 34.959 -43.528
v -55.222 34.925 -43.528
v -55.481 34.959 -43.306
v -56.347 38.459 -43.528
v -56.188 38.252 -43.306
v -56.188 38.252 -43.528
v -56.347 38.459 -43.306
v -56.347 33.459 -43.528
v -56.188 33.252 -43.306
v -56.188 33.252 -43.528
v -56.347 33.459 -43.306
v -55.740 39.925 -43.306
v -55.981 39.825 -43.528
v -55.740 39.925 -43.528
v -55.981 39.825 -43.306
v -56.447 33.700 -43.528
v -56.447 33.700 -43.306
v -56.481 33.959 -43.528
v -56.481 33.959 -43.306
v -56.347 34.459 -43.528
v -56.447 34.217 -43.306
v -56.447 34.217 -43.528
v -56.347 34.459 -43.306
v -54.774 34.666 -43.306
v -54.615 34.459 -43.528
v -54.615 34.459 -43.306
v -54.774 34.666 -43.528
v -54.515 39.217 -43.306
v -54.481 38.959 -43.528
v -54.481 38.959 -43.306
v -54.515 39.217 -43.528
v -55.981 38.093 -43.306
v -55.740 37.993 -43.528
v -55.981 38.093 -43.528
v -55.740 37.993 -43.306
v -56.188 34.666 -43.528
v -56.188 34.666 -43.306
v -56.447 44.217 -43.306
v -56.447 44.217 -43.528
v -56.188 39.666 -43.528
v -56.188 39.666 -43.306
v -55.740 34.925 -43.528
v -55.740 34.925 -43.306
v -54.615 33.459 -43.306
v -54.774 33.252 -43.528
v -54.774 33.252 -43.306
v -54.615 33.459 -43.528
v -54.981 34.825 -43.528
v -54.981 34.825 -43.306
v -54.981 33.093 -43.306
v -54.981 33.093 -43.528
v -55.481 37.959 -43.528
v -55.481 37.959 -43.306
v -55.222 39.925 -43.528
v -55.222 39.925 -43.306
v -54.615 39.459 -43.528
v -54.615 39.459 -43.306
v -56.447 43.700 -43.528
v -56.347 43.459 -43.306
v -56.347 43.459 -43.528
v -56.447 43.700 -43.306
v -55.481 39.959 -43.306
v -55.481 39.959 -43.528
v -54.515 38.700 -43.306
v -54.615 38.459 -43.528
v -54.615 38.459 -43.306
v -54.515 38.700 -43.528
v -56.347 39.459 -43.306
v -56.347 39.459 -43.528
v -54.515 33.700 -43.528
v -54.515 33.700 -43.306
v -56.481 43.959 -43.528
v -56.481 43.959 -43.306
v -55.222 37.993 -43.306
v -55.222 37.993 -43.528
v -56.447 39.217 -43.528
v -56.447 39.217 -43.306
v -54.615 23.459 -43.306
v -54.774 23.252 -43.528
v -54.774 23.252 -43.306
v -54.615 23.459 -43.528
v -55.981 24.825 -43.306
v -56.188 24.666 -43.528
v -55.981 24.825 -43.528
v -56.188 24.666 -43.306
v -55.481 19.959 -43.306
v -55.740 19.925 -43.528
v -55.481 19.959 -43.528
v -55.740 19.925 -43.306
v -54.774 24.666 -43.306
v -54.981 24.825 -43.528
v -54.774 24.666 -43.528
v -54.981 24.825 -43.306
v -55.222 19.925 -43.306
v -55.222 19.925 -43.528
v -54.774 29.666 -43.306
v -54.981 29.825 -43.528
v -54.774 29.666 -43.528
v -54.981 29.825 -43.306
v -56.347 29.459 -43.528
v -56.447 29.217 -43.306
v -56.447 29.217 -43.528
v -56.347 29.459 -43.306
v -56.188 29.666 -43.528
v -56.188 29.666 -43.306
v -54.981 28.093 -43.306
v -54.774 28.252 -43.528
v -54.981 28.093 -43.528
v -54.774 28.252 -43.306
v -54.515 29.217 -43.306
v -54.481 28.959 -43.528
v -54.481 28.959 -43.306
v -54.515 29.217 -43.528
v -54.615 24.459 -43.306
v -54.515 24.217 -43.528
v -54.515 24.217 -43.306
v -54.615 24.459 -43.528
v -55.222 24.925 -43.528
v -55.222 24.925 -43.306
v -55.222 22.993 -43.306
v -54.981 23.093 -43.528
v -55.222 22.993 -43.528
v -54.981 23.093 -43.306
v -56.347 23.459 -43.528
v -56.188 23.252 -43.306
v -56.188 23.252 -43.528
v -56.347 23.459 -43.306
v -55.222 29.925 -43.306
v -55.481 29.959 -43.528
v -55.222 29.925 -43.528
v -55.481 29.959 -43.306
v -56.347 24.459 -43.528
v -56.447 24.217 -43.306
v -56.447 24.217 -43.528
v -56.347 24.459 -43.306
v -54.515 28.700 -43.528
v -54.515 28.700 -43.306
v -54.981 19.825 -43.306
v -54.981 19.825 -43.528
v -54.774 19.666 -43.306
v -54.774 19.666 -43.528
v -55.481 24.959 -43.528
v -55.481 24.959 -43.306
v -55.981 34.825 -43.306
v -55.981 34.825 -43.528
v -54.515 23.700 -43.306
v -54.515 23.700 -43.528
v -54.615 19.459 -43.528
v -54.615 19.459 -43.306
v -54.515 19.217 -43.528
v -54.515 19.217 -43.306
v -56.481 28.959 -43.528
v -56.447 28.700 -43.306
v -56.447 28.700 -43.528
v -56.481 28.959 -43.306
v -54.481 18.959 -43.528
v -54.481 18.959 -43.306
v -55.981 23.093 -43.306
v -55.740 22.993 -43.528
v -55.981 23.093 -43.528
v -55.740 22.993 -43.306
v -55.740 29.925 -43.528
v -55.740 29.925 -43.306
v -54.615 29.459 -43.528
v -54.615 29.459 -43.306
v -56.188 28.252 -43.306
v -55.981 28.093 -43.528
v -56.188 28.252 -43.528
v -55.981 28.093 -43.306
v -56.347 28.459 -43.528
v -56.347 28.459 -43.306
v -54.481 23.959 -43.528
v -54.481 23.959 -43.306
v -55.740 27.993 -43.306
v -55.481 27.959 -43.528
v -55.740 27.993 -43.528
v -55.481 27.959 -43.306
v -55.481 22.959 -43.528
v -55.481 22.959 -43.306
v -55.222 27.993 -43.306
v -55.222 27.993 -43.528
v -55.981 29.825 -43.306
v -55.981 29.825 -43.528
v -56.447 23.700 -43.528
v -56.447 23.700 -43.306
v -54.615 28.459 -43.306
v -54.615 28.459 -43.528
v -56.481 23.959 -43.306
v -56.481 23.959 -43.528
v -55.740 24.925 -43.306
v -55.740 24.925 -43.528
v -54.615 8.459 -43.306
v -54.774 8.252 -43.528
v -54.774 8.252 -43.306
v -54.615 8.459 -43.528
v -54.515 18.700 -43.306
v -54.615 18.459 -43.528
v -54.615 18.459 -43.306
v -54.515 18.700 -43.528
v -55.981 18.093 -43.306
v -55.740 17.993 -43.528
v -55.981 18.093 -43.528
v -55.740 17.993 -43.306
v -55.481 17.959 -43.306
v -55.222 17.993 -43.528
v -55.481 17.959 -43.528
v -55.222 17.993 -43.306
v -56.347 18.459 -43.528
v -56.188 18.252 -43.306
v -56.188 18.252 -43.528
v -56.347 18.459 -43.306
v -55.981 19.825 -43.528
v -55.981 19.825 -43.306
v -54.981 18.093 -43.528
v -54.981 18.093 -43.306
v -56.481 8.959 -43.528
v -56.447 8.700 -43.306
v -56.447 8.700 -43.528
v -56.481 8.959 -43.306
v -55.481 14.959 -43.306
v -55.740 14.925 -43.528
v -55.481 14.959 -43.528
v -55.740 14.925 -43.306
v -56.447 18.700 -43.528
v -56.447 18.700 -43.306
v -56.347 19.459 -43.528
v -56.447 19.217 -43.306
v -56.447 19.217 -43.528
v -56.347 19.459 -43.306
v -55.222 14.925 -43.306
v -55.222 14.925 -43.528
v -54.615 14.459 -43.306
v -54.515 14.217 -43.528
v -54.515 14.217 -43.306
v -54.615 14.459 -43.528
v -54.515 13.700 -43.306
v -54.615 13.459 -43.528
v -54.615 13.459 -43.306
v -54.515 13.700 -43.528
v -55.222 12.993 -43.306
v -54.981 13.093 -43.528
v -55.222 12.993 -43.528
v -54.981 13.093 -43.306
v -55.481 12.959 -43.306
v -55.481 12.959 -43.528
v -55.740 12.993 -43.306
v -55.740 12.993 -43.528
v -56.347 13.459 -43.528
v -56.188 13.252 -43.306
v -56.188 13.252 -43.528
v -56.347 13.459 -43.306
v -56.481 13.959 -43.528
v -56.447 13.700 -43.306
v -56.447 13.700 -43.528
v -56.481 13.959 -43.306
v -56.447 14.217 -43.528
v -56.447 14.217 -43.306
v -56.347 14.459 -43.528
v -56.347 14.459 -43.306
v -55.981 14.825 -43.306
v -56.188 14.666 -43.528
v -55.981 14.825 -43.528
v -56.188 14.666 -43.306
v -54.774 18.252 -43.528
v -54.774 18.252 -43.306
v -54.774 14.666 -43.306
v -54.981 14.825 -43.528
v -54.774 14.666 -43.528
v -54.981 14.825 -43.306
v -56.447 9.217 -43.528
v -56.447 9.217 -43.306
v -56.188 9.666 -43.528
v -56.347 9.459 -43.306
v -56.347 9.459 -43.528
v -56.188 9.666 -43.306
v -55.981 9.825 -43.306
v -55.981 9.825 -43.528
v -54.774 13.252 -43.528
v -54.774 13.252 -43.306
v -55.740 9.925 -43.306
v -55.740 9.925 -43.528
v -55.222 9.925 -43.306
v -55.481 9.959 -43.528
v -55.222 9.925 -43.528
v -55.481 9.959 -43.306
v -54.981 9.825 -43.306
v -54.981 9.825 -43.528
v -54.774 9.666 -43.306
v -54.615 9.459 -43.528
v -54.615 9.459 -43.306
v -54.774 9.666 -43.528
v -54.515 9.217 -43.528
v -54.515 9.217 -43.306
v -56.481 18.959 -43.528
v -56.481 18.959 -43.306
v -56.188 19.666 -43.528
v -56.188 19.666 -43.306
v -54.481 8.959 -43.528
v -54.481 8.959 -43.306
v -54.515 8.700 -43.528
v -54.515 8.700 -43.306
v -55.981 13.093 -43.306
v -55.981 13.093 -43.528
v -54.481 13.959 -43.306
v -54.481 13.959 -43.528
v -56.347 8.459 -43.306
v -56.347 8.459 -43.528
v -54.981 4.825 -43.306
v -55.222 4.925 -43.528
v -54.981 4.825 -43.528
v -55.222 4.925 -43.306
v -54.774 -0.334 -43.306
v -54.615 -0.541 -43.528
v -54.615 -0.541 -43.306
v -54.774 -0.334 -43.528
v -54.515 -0.783 -43.528
v -54.515 -0.783 -43.306
v -56.188 -1.748 -43.306
v -55.981 -1.907 -43.528
v -56.188 -1.748 -43.528
v -55.981 -1.907 -43.306
v -56.447 -1.300 -43.528
v -56.347 -1.541 -43.306
v -56.347 -1.541 -43.528
v -56.447 -1.300 -43.306
v -56.347 -0.541 -43.528
v -56.447 -0.783 -43.306
v -56.447 -0.783 -43.528
v -56.347 -0.541 -43.306
v -56.188 -0.334 -43.528
v -56.188 -0.334 -43.306
v -55.481 -0.041 -43.306
v -55.740 -0.075 -43.528
v -55.481 -0.041 -43.528
v -55.740 -0.075 -43.306
v -54.481 -1.041 -43.528
v -54.481 -1.041 -43.306
v -55.222 -5.075 -43.306
v -55.481 -5.041 -43.528
v -55.222 -5.075 -43.528
v -55.481 -5.041 -43.306
v -54.981 -5.175 -43.306
v -54.981 -5.175 -43.528
v -54.515 -1.300 -43.306
v -54.615 -1.541 -43.528
v -54.615 -1.541 -43.306
v -54.515 -1.300 -43.528
v -55.740 -2.007 -43.528
v -55.740 -2.007 -43.306
v -54.515 4.217 -43.306
v -54.481 3.959 -43.528
v -54.481 3.959 -43.306
v -54.515 4.217 -43.528
v -54.981 -0.175 -43.306
v -55.222 -0.075 -43.528
v -54.981 -0.175 -43.528
v -55.222 -0.075 -43.306
v -55.481 2.959 -43.306
v -55.222 2.993 -43.528
v -55.481 2.959 -43.528
v -55.222 2.993 -43.306
v -54.515 3.700 -43.528
v -54.515 3.700 -43.306
v -55.981 8.093 -43.306
v -55.740 7.993 -43.528
v -55.981 8.093 -43.528
v -55.740 7.993 -43.306
v -54.981 3.093 -43.306
v -54.774 3.252 -43.528
v -54.981 3.093 -43.528
v -54.774 3.252 -43.306
v -55.481 7.959 -43.528
v -55.481 7.959 -43.306
v -55.740 2.993 -43.306
v -55.740 2.993 -43.528
v -54.981 8.093 -43.306
v -54.981 8.093 -43.528
v -54.615 3.459 -43.306
v -54.615 3.459 -43.528
v -56.188 8.252 -43.306
v -56.188 8.252 -43.528
v -56.188 4.666 -43.528
v -56.347 4.459 -43.306
v -56.347 4.459 -43.528
v -56.188 4.666 -43.306
v -55.222 7.993 -43.528
v -55.222 7.993 -43.306
v -54.774 4.666 -43.306
v -54.774 4.666 -43.528
v -56.447 4.217 -43.528
v -56.481 3.959 -43.306
v -56.481 3.959 -43.528
v -56.447 4.217 -43.306
v -56.447 3.700 -43.306
v -56.447 3.700 -43.528
v -54.981 -1.907 -43.306
v -54.774 -1.748 -43.528
v -54.981 -1.907 -43.528
v -54.774 -1.748 -43.306
v -55.981 4.825 -43.306
v -55.981 4.825 -43.528
v -55.481 -2.041 -43.528
v -55.481 -2.041 -43.306
v -55.481 4.959 -43.306
v -55.740 4.925 -43.528
v -55.481 4.959 -43.528
v -55.740 4.925 -43.306
v -56.481 -1.041 -43.528
v -56.481 -1.041 -43.306
v -55.981 -0.175 -43.306
v -55.981 -0.175 -43.528
v -55.222 -2.007 -43.306
v -55.222 -2.007 -43.528
v -54.615 4.459 -43.528
v -54.615 4.459 -43.306
v -55.981 3.093 -43.306
v -55.981 3.093 -43.528
v -56.347 3.459 -43.528
v -56.188 3.252 -43.306
v -56.188 3.252 -43.528
v -56.347 3.459 -43.306
v -55.222 -12.007 -43.306
v -54.981 -11.907 -43.528
v -55.222 -12.007 -43.528
v -54.981 -11.907 -43.306
v -56.347 -11.541 -43.528
v -56.188 -11.748 -43.306
v -56.188 -11.748 -43.528
v -56.347 -11.541 -43.306
v -56.447 -11.300 -43.528
v -56.447 -11.300 -43.306
v -55.740 -5.075 -43.528
v -55.740 -5.075 -43.306
v -56.447 -10.783 -43.528
v -56.481 -11.041 -43.306
v -56.481 -11.041 -43.528
v -56.447 -10.783 -43.306
v -54.481 -6.041 -43.306
v -54.515 -6.300 -43.528
v -54.515 -6.300 -43.306
v -54.481 -6.041 -43.528
v -56.347 -5.541 -43.528
v -56.447 -5.783 -43.306
v -56.447 -5.783 -43.528
v -56.347 -5.541 -43.306
v -54.774 -10.334 -43.306
v -54.981 -10.175 -43.528
v -54.774 -10.334 -43.528
v -54.981 -10.175 -43.306
v -54.615 -11.541 -43.306
v -54.774 -11.748 -43.528
v -54.774 -11.748 -43.306
v -54.615 -11.541 -43.528
v -56.188 -10.334 -43.528
v -56.347 -10.541 -43.306
v -56.347 -10.541 -43.528
v -56.188 -10.334 -43.306
v -56.481 -16.041 -43.528
v -56.447 -16.300 -43.306
v -56.447 -16.300 -43.528
v -56.481 -16.041 -43.306
v -55.981 -5.175 -43.528
v -55.981 -5.175 -43.306
v -55.981 -11.907 -43.306
v -55.740 -12.007 -43.528
v -55.981 -11.907 -43.528
v -55.740 -12.007 -43.306
v -56.447 -15.783 -43.528
v -56.447 -15.783 -43.306
v -54.774 -5.334 -43.306
v -54.615 -5.541 -43.528
v -54.615 -5.541 -43.306
v -54.774 -5.334 -43.528
v -55.981 -6.907 -43.306
v -55.740 -7.007 -43.528
v -55.981 -6.907 -43.528
v -55.740 -7.007 -43.306
v -56.481 -6.041 -43.306
v -56.481 -6.041 -43.528
v -55.481 -12.041 -43.528
v -55.481 -12.041 -43.306
v -55.981 -10.175 -43.306
v -55.981 -10.175 -43.528
v -55.481 -10.041 -43.306
v -55.740 -10.075 -43.528
v -55.481 -10.041 -43.528
v -55.740 -10.075 -43.306
v -54.515 -5.783 -43.528
v -54.515 -5.783 -43.306
v -55.222 -10.075 -43.306
v -55.222 -10.075 -43.528
v -56.188 -6.748 -43.306
v -56.188 -6.748 -43.528
v -56.347 -15.541 -43.528
v -56.347 -15.541 -43.306
v -56.188 -5.334 -43.528
v -56.188 -5.334 -43.306
v -54.515 -11.300 -43.306
v -54.515 -11.300 -43.528
v -55.481 -7.041 -43.528
v -55.481 -7.041 -43.306
v -54.615 -10.541 -43.528
v -54.615 -10.541 -43.306
v -55.222 -7.007 -43.528
v -55.222 -7.007 -43.306
v -56.447 -6.300 -43.528
v -56.347 -6.541 -43.306
v -56.347 -6.541 -43.528
v -56.447 -6.300 -43.306
v -56.188 -15.334 -43.528
v -56.188 -15.334 -43.306
v -55.481 -15.041 -43.306
v -55.740 -15.075 -43.528
v -55.481 -15.041 -43.528
v -55.740 -15.075 -43.306
v -55.981 -15.175 -43.528
v -55.981 -15.175 -43.306
v -55.222 -15.075 -43.306
v -55.222 -15.075 -43.528
v -54.981 -15.175 -43.306
v -54.981 -15.175 -43.528
v -54.774 -15.334 -43.306
v -54.774 -15.334 -43.528
v -54.615 -15.541 -43.528
v -54.615 -15.541 -43.306
v -54.515 -10.783 -43.306
v -54.481 -11.041 -43.528
v -54.481 -11.041 -43.306
v -54.515 -10.783 -43.528
v -54.615 -6.541 -43.528
v -54.615 -6.541 -43.306
v -54.981 -6.907 -43.528
v -54.981 -6.907 -43.306
v -54.774 -6.748 -43.528
v -54.774 -6.748 -43.306
v -54.515 -16.300 -43.306
v -54.615 -16.541 -43.528
v -54.615 -16.541 -43.306
v -54.515 -16.300 -43.528
v -56.188 -16.748 -43.306
v -55.981 -16.907 -43.528
v -56.188 -16.748 -43.528
v -55.981 -16.907 -43.306
v -55.222 -17.007 -43.306
v -54.981 -16.907 -43.528
v -55.222 -17.007 -43.528
v -54.981 -16.907 -43.306
v -55.740 -17.007 -43.528
v -55.740 -17.007 -43.306
v -56.347 -16.541 -43.528
v -56.347 -16.541 -43.306
v -54.515 -15.783 -43.528
v -54.515 -15.783 -43.306
v -55.481 -17.041 -43.306
v -55.481 -17.041 -43.528
v -54.481 -16.041 -43.528
v -54.481 -16.041 -43.306
v -54.774 -16.748 -43.528
v -54.774 -16.748 -43.306
v -56.481 43.959 -38.733
v -56.447 43.700 -38.512
v -56.447 43.700 -38.733
v -56.481 43.959 -38.512
v -55.981 43.093 -38.512
v -55.740 42.993 -38.733
v -55.981 43.093 -38.733
v -55.740 42.993 -38.512
v -54.615 49.459 -38.512
v -54.515 49.217 -38.733
v -54.515 49.217 -38.512
v -54.615 49.459 -38.733
v -54.481 48.959 -38.512
v -54.515 48.700 -38.733
v -54.515 48.700 -38.512
v -54.481 48.959 -38.733
v -56.347 43.459 -38.733
v -56.188 43.252 -38.512
v -56.188 43.252 -38.733
v -56.347 43.459 -38.512
v -54.981 49.825 -38.512
v -55.222 49.925 -38.733
v -54.981 49.825 -38.733
v -55.222 49.925 -38.512
v -55.481 49.959 -38.512
v -55.740 49.925 -38.733
v -55.481 49.959 -38.733
v -55.740 49.925 -38.512
v -54.774 49.666 -38.512
v -54.774 49.666 -38.733
v -55.981 49.825 -38.512
v -56.188 49.666 -38.733
v -55.981 49.825 -38.733
v -56.188 49.666 -38.512
v -56.347 49.459 -38.512
v -56.347 49.459 -38.733
v -54.615 48.459 -38.733
v -54.615 48.459 -38.512
v -56.447 49.217 -38.512
v -56.447 49.217 -38.733
v -54.774 44.666 -43.306
v -54.981 44.825 -43.528
v -54.774 44.666 -43.528
v -54.981 44.825 -43.306
v -56.188 53.252 -43.306
v -55.981 53.093 -43.528
v -56.188 53.252 -43.528
v -55.981 53.093 -43.306
v -56.447 48.700 -43.528
v -56.347 48.459 -43.306
v -56.347 48.459 -43.528
v -56.447 48.700 -43.306
v -56.481 53.959 -43.528
v -56.447 53.700 -43.306
v -56.447 53.700 -43.528
v -56.481 53.959 -43.306
v -54.615 54.459 -43.306
v -54.515 54.217 -43.528
v -54.515 54.217 -43.306
v -54.615 54.459 -43.528
v -56.347 54.459 -43.528
v -56.447 54.217 -43.306
v -56.447 54.217 -43.528
v -56.347 54.459 -43.306
v -55.481 52.959 -43.306
v -55.222 52.993 -43.528
v -55.481 52.959 -43.528
v -55.222 52.993 -43.306
v -55.481 59.959 -43.306
v -55.740 59.925 -43.528
v -55.481 59.959 -43.528
v -55.740 59.925 -43.306
v -55.740 52.993 -43.528
v -55.740 52.993 -43.306
v -55.481 49.959 -43.306
v -55.740 49.925 -43.528
v -55.481 49.959 -43.528
v -55.740 49.925 -43.306
v -54.774 49.666 -43.306
v -54.981 49.825 -43.528
v -54.774 49.666 -43.528
v -54.981 49.825 -43.306
v -54.515 53.700 -43.306
v -54.615 53.459 -43.528
v -54.615 53.459 -43.306
v -54.515 53.700 -43.528
v -55.222 49.925 -43.306
v -55.222 49.925 -43.528
v -54.615 49.459 -43.528
v -54.615 49.459 -43.306
v -54.774 54.666 -43.306
v -54.981 54.825 -43.528
v -54.774 54.666 -43.528
v -54.981 54.825 -43.306
v -54.515 49.217 -43.528
v -54.515 49.217 -43.306
v -54.481 48.959 -43.306
v -54.515 48.700 -43.528
v -54.515 48.700 -43.306
v -54.481 48.959 -43.528
v -56.188 48.252 -43.306
v -55.981 48.093 -43.528
v -56.188 48.252 -43.528
v -55.981 48.093 -43.306
v -56.481 48.959 -43.528
v -56.481 48.959 -43.306
v -55.740 54.925 -43.306
v -55.981 54.825 -43.528
v -55.740 54.925 -43.528
v -55.981 54.825 -43.306
v -55.481 54.959 -43.306
v -55.481 54.959 -43.528
v -55.981 59.825 -43.528
v -55.981 59.825 -43.306
v -56.188 59.666 -43.528
v -56.188 59.666 -43.306
v -55.740 47.993 -43.528
v -55.740 47.993 -43.306
v -55.981 49.825 -43.306
v -56.188 49.666 -43.528
v -55.981 49.825 -43.528
v -56.188 49.666 -43.306
v -56.347 49.459 -43.306
v -56.347 49.459 -43.528
v -54.981 53.093 -43.528
v -54.981 53.093 -43.306
v -56.188 54.666 -43.528
v -56.188 54.666 -43.306
v -54.615 48.459 -43.306
v -54.774 48.252 -43.528
v -54.774 48.252 -43.306
v -54.615 48.459 -43.528
v -55.222 54.925 -43.306
v -55.222 54.925 -43.528
v -54.774 53.252 -43.528
v -54.774 53.252 -43.306
v -55.222 47.993 -43.306
v -54.981 48.093 -43.528
v -55.222 47.993 -43.528
v -54.981 48.093 -43.306
v -56.347 53.459 -43.528
v -56.347 53.459 -43.306
v -54.481 53.959 -43.306
v -54.481 53.959 -43.528
v -56.347 59.459 -43.306
v -56.347 59.459 -43.528
v -55.481 47.959 -43.528
v -55.481 47.959 -43.306
v -56.447 49.217 -43.306
v -56.447 49.217 -43.528
v -55.481 44.959 -43.306
v -55.481 44.959 -43.528
v -55.222 44.925 -43.306
v -55.222 44.925 -43.528
v -54.774 -50.334 -43.306
v -54.981 -50.175 -43.528
v -54.774 -50.334 -43.528
v -54.981 -50.175 -43.306
v -54.515 -50.783 -43.306
v -54.481 -51.041 -43.528
v -54.481 -51.041 -43.306
v -54.515 -50.783 -43.528
v -55.481 -50.041 -43.306
v -55.740 -50.075 -43.528
v -55.481 -50.041 -43.528
v -55.740 -50.075 -43.306
v -55.981 -41.907 -43.306
v -55.740 -42.007 -43.528
v -55.981 -41.907 -43.528
v -55.740 -42.007 -43.306
v -54.774 -45.334 -43.306
v -54.981 -45.175 -43.528
v -54.774 -45.334 -43.528
v -54.981 -45.175 -43.306
v -54.981 -46.907 -43.306
v -54.774 -46.748 -43.528
v -54.981 -46.907 -43.528
v -54.774 -46.748 -43.306
v -55.222 -47.007 -43.306
v -55.222 -47.007 -43.528
v -56.347 -45.541 -43.528
v -56.447 -45.783 -43.306
v -56.447 -45.783 -43.528
v -56.347 -45.541 -43.306
v -55.222 -42.007 -43.306
v -54.981 -41.907 -43.528
v -55.222 -42.007 -43.528
v -54.981 -41.907 -43.306
v -54.615 -45.541 -43.306
v -54.515 -45.783 -43.528
v -54.515 -45.783 -43.306
v -54.615 -45.541 -43.528
v -55.481 -47.041 -43.306
v -55.481 -47.041 -43.528
v -56.481 -46.041 -43.306
v -56.481 -46.041 -43.528
v -54.615 -50.541 -43.306
v -54.615 -50.541 -43.528
v -54.515 -51.300 -43.306
v -54.615 -51.541 -43.528
v -54.615 -51.541 -43.306
v -54.515 -51.300 -43.528
v -55.740 -45.075 -43.306
v -55.981 -45.175 -43.528
v -55.740 -45.075 -43.528
v -55.981 -45.175 -43.306
v -54.774 -51.748 -43.528
v -54.774 -51.748 -43.306
v -56.447 -51.300 -43.528
v -56.347 -51.541 -43.306
v -56.347 -51.541 -43.528
v -56.447 -51.300 -43.306
v -56.481 -51.041 -43.528
v -56.481 -51.041 -43.306
v -55.481 -45.041 -43.306
v -55.481 -45.041 -43.528
v -54.515 -46.300 -43.306
v -54.615 -46.541 -43.528
v -54.615 -46.541 -43.306
v -54.515 -46.300 -43.528
v -55.981 -46.907 -43.306
v -55.740 -47.007 -43.528
v -55.981 -46.907 -43.528
v -55.740 -47.007 -43.306
v -55.222 -52.007 -43.306
v -54.981 -51.907 -43.528
v -55.222 -52.007 -43.528
v -54.981 -51.907 -43.306
v -54.481 -46.041 -43.528
v -54.481 -46.041 -43.306
v -54.615 -41.541 -43.306
v -54.774 -41.748 -43.528
v -54.774 -41.748 -43.306
v -54.615 -41.541 -43.528
v -55.740 -52.007 -43.306
v -55.481 -52.041 -43.528
v -55.740 -52.007 -43.528
v -55.481 -52.041 -43.306
v -56.347 -41.541 -43.306
v -56.347 -41.541 -43.528
v -56.188 -45.334 -43.528
v -56.188 -45.334 -43.306
v -55.981 -51.907 -43.306
v -55.981 -51.907 -43.528
v -56.447 -50.783 -43.528
v -56.447 -50.783 -43.306
v -55.981 -50.175 -43.306
v -56.188 -50.334 -43.528
v -55.981 -50.175 -43.528
v -56.188 -50.334 -43.306
v -56.347 -46.541 -43.528
v -56.188 -46.748 -43.306
v -56.188 -46.748 -43.528
v -56.347 -46.541 -43.306
v -56.447 -46.300 -43.528
v -56.447 -46.300 -43.306
v -55.481 -42.041 -43.528
v -55.481 -42.041 -43.306
v -56.347 -50.541 -43.306
v -56.347 -50.541 -43.528
v -55.222 -45.075 -43.306
v -55.222 -45.075 -43.528
v -56.188 -41.748 -43.306
v -56.188 -41.748 -43.528
v -55.222 -50.075 -43.528
v -55.222 -50.075 -43.306
v -56.188 -51.748 -43.306
v -56.188 -51.748 -43.528
v -56.188 -60.334 -43.528
v -56.347 -60.541 -43.306
v -56.347 -60.541 -43.528
v -56.188 -60.334 -43.306
v -55.981 -60.175 -43.306
v -55.981 -60.175 -43.528
v -54.615 44.459 -43.306
v -54.515 44.217 -43.528
v -54.515 44.217 -43.306
v -54.615 44.459 -43.528
v -54.615 -60.541 -43.306
v -54.515 -60.783 -43.528
v -54.515 -60.783 -43.306
v -54.615 -60.541 -43.528
v -54.481 -56.041 -43.306
v -54.515 -56.300 -43.528
v -54.515 -56.300 -43.306
v -54.481 -56.041 -43.528
v -54.615 43.459 -43.306
v -54.774 43.252 -43.528
v -54.774 43.252 -43.306
v -54.615 43.459 -43.528
v -54.615 -56.541 -43.528
v -54.615 -56.541 -43.306
v -56.188 -55.334 -43.528
v -56.347 -55.541 -43.306
v -56.347 -55.541 -43.528
v -56.188 -55.334 -43.306
v -54.481 -61.041 -43.528
v -54.481 -61.041 -43.306
v -54.615 -61.541 -43.306
v -54.774 -61.748 -43.528
v -54.774 -61.748 -43.306
v -54.615 -61.541 -43.528
v -55.222 -55.075 -43.306
v -55.481 -55.041 -43.528
v -55.222 -55.075 -43.528
v -55.481 -55.041 -43.306
v -55.481 -62.041 -43.306
v -55.222 -62.007 -43.528
v -55.481 -62.041 -43.528
v -55.222 -62.007 -43.306
v -55.740 -55.075 -43.528
v -55.740 -55.075 -43.306
v -56.447 -55.783 -43.306
v -56.447 -55.783 -43.528
v -54.515 -61.300 -43.306
v -54.515 -61.300 -43.528
v -54.981 -61.907 -43.306
v -54.981 -61.907 -43.528
v -56.347 -61.541 -43.528
v -56.188 -61.748 -43.306
v -56.188 -61.748 -43.528
v -56.347 -61.541 -43.306
v -56.481 -56.041 -43.528
v -56.447 -56.300 -43.306
v -56.447 -56.300 -43.528
v -56.481 -56.041 -43.306
v -55.740 -60.075 -43.306
v -55.740 -60.075 -43.528
v -54.981 -60.175 -43.306
v -55.222 -60.075 -43.528
v -54.981 -60.175 -43.528
v -55.222 -60.075 -43.306
v -54.515 43.700 -43.306
v -54.515 43.700 -43.528
v -54.515 -55.783 -43.306
v -54.515 -55.783 -43.528
v -54.981 43.093 -43.306
v -54.981 43.093 -43.528
v -55.222 42.993 -43.306
v -55.222 42.993 -43.528
v -54.774 -55.334 -43.306
v -54.615 -55.541 -43.528
v -54.615 -55.541 -43.306
v -54.774 -55.334 -43.528
v -55.981 -61.907 -43.528
v -55.981 -61.907 -43.306
v -56.188 -56.748 -43.306
v -55.981 -56.907 -43.528
v -56.188 -56.748 -43.528
v -55.981 -56.907 -43.306
v -54.981 -56.907 -43.306
v -54.774 -56.748 -43.528
v -54.981 -56.907 -43.528
v -54.774 -56.748 -43.306
v -55.740 -57.007 -43.306
v -55.481 -57.041 -43.528
v -55.740 -57.007 -43.528
v -55.481 -57.041 -43.306
v -54.774 -60.334 -43.306
v -54.774 -60.334 -43.528
v -55.740 -62.007 -43.528
v -55.740 -62.007 -43.306
v -56.447 -60.783 -43.306
v -56.447 -60.783 -43.528
v -55.222 -57.007 -43.306
v -55.222 -57.007 -43.528
v -56.481 -61.041 -43.306
v -56.481 -61.041 -43.528
v -54.981 -55.175 -43.306
v -54.981 -55.175 -43.528
v -56.347 -56.541 -43.306
v -56.347 -56.541 -43.528
v -54.481 43.959 -43.528
v -54.481 43.959 -43.306
v -55.481 42.959 -43.306
v -55.481 42.959 -43.528
v -55.740 42.993 -43.306
v -55.740 42.993 -43.528
v -55.481 -60.041 -43.306
v -55.481 -60.041 -43.528
v -55.981 -55.175 -43.306
v -55.981 -55.175 -43.528
v -56.447 -61.300 -43.528
v -56.447 -61.300 -43.306
v -54.774 -20.334 -43.306
v -54.615 -20.541 -43.528
v -54.615 -20.541 -43.306
v -54.774 -20.334 -43.528
v -54.515 -20.783 -43.528
v -54.515 -20.783 -43.306
v -54.981 -70.175 -43.306
v -55.222 -70.075 -43.528
v -54.981 -70.175 -43.528
v -55.222 -70.075 -43.306
v -55.740 -65.075 -43.306
v -55.981 -65.175 -43.528
v -55.740 -65.075 -43.528
v -55.981 -65.175 -43.306
v -55.481 -65.041 -43.306
v -55.481 -65.041 -43.528
v -56.447 -66.300 -43.528
v -56.347 -66.541 -43.306
v -56.347 -66.541 -43.528
v -56.447 -66.300 -43.306
v -54.981 -71.907 -43.306
v -54.774 -71.748 -43.528
v -54.981 -71.907 -43.528
v -54.774 -71.748 -43.306
v -54.481 -21.041 -43.528
v -54.481 -21.041 -43.306
v -54.515 -21.300 -43.528
v -54.515 -21.300 -43.306
v -54.615 -21.541 -43.528
v -54.615 -21.541 -43.306
v -56.188 -65.334 -43.528
v -56.347 -65.541 -43.306
v -56.347 -65.541 -43.528
v -56.188 -65.334 -43.306
v -55.481 -70.041 -43.306
v -55.740 -70.075 -43.528
v -55.481 -70.041 -43.528
v -55.740 -70.075 -43.306
v -55.740 -72.007 -43.306
v -55.481 -72.041 -43.528
v -55.740 -72.007 -43.528
v -55.481 -72.041 -43.306
v -54.774 -65.334 -43.306
v -54.981 -65.175 -43.528
v -54.774 -65.334 -43.528
v -54.981 -65.175 -43.306
v -54.615 -65.541 -43.528
v -54.615 -65.541 -43.306
v -54.515 -65.783 -43.306
v -54.481 -66.041 -43.528
v -54.481 -66.041 -43.306
v -54.515 -65.783 -43.528
v -54.481 -71.041 -43.306
v -54.515 -71.300 -43.528
v -54.515 -71.300 -43.306
v -54.481 -71.041 -43.528
v -54.615 -71.541 -43.306
v -54.615 -71.541 -43.528
v -55.981 -71.907 -43.306
v -55.981 -71.907 -43.528
v -56.481 -66.041 -43.528
v -56.481 -66.041 -43.306
v -54.615 -66.541 -43.306
v -54.774 -66.748 -43.528
v -54.774 -66.748 -43.306
v -54.615 -66.541 -43.528
v -56.188 -66.748 -43.306
v -55.981 -66.907 -43.528
v -56.188 -66.748 -43.528
v -55.981 -66.907 -43.306
v -55.481 -67.041 -43.306
v -55.222 -67.007 -43.528
v -55.481 -67.041 -43.528
v -55.222 -67.007 -43.306
v -54.615 -70.541 -43.306
v -54.515 -70.783 -43.528
v -54.515 -70.783 -43.306
v -54.615 -70.541 -43.528
v -56.481 -71.041 -43.528
v -56.447 -71.300 -43.306
v -56.447 -71.300 -43.528
v -56.481 -71.041 -43.306
v -56.447 -70.783 -43.528
v -56.447 -70.783 -43.306
v -54.774 -70.334 -43.306
v -54.774 -70.334 -43.528
v -56.347 -70.541 -43.528
v -56.347 -70.541 -43.306
v -55.222 -72.007 -43.528
v -55.222 -72.007 -43.306
v -55.981 -70.175 -43.306
v -56.188 -70.334 -43.528
v -55.981 -70.175 -43.528
v -56.188 -70.334 -43.306
v -55.222 -65.075 -43.528
v -55.222 -65.075 -43.306
v -54.515 -66.300 -43.306
v -54.515 -66.300 -43.528
v -55.740 -67.007 -43.528
v -55.740 -67.007 -43.306
v -54.981 -66.907 -43.306
v -54.981 -66.907 -43.528
v -55.481 -20.041 -43.306
v -55.740 -20.075 -43.528
v -55.481 -20.041 -43.528
v -55.740 -20.075 -43.306
v -56.447 -65.783 -43.306
v -56.447 -65.783 -43.528
v -56.188 -71.748 -43.306
v -56.188 -71.748 -43.528
v -56.347 -71.541 -43.528
v -56.347 -71.541 -43.306
v -55.222 -20.075 -43.306
v -55.222 -20.075 -43.528
v -54.981 -20.175 -43.306
v -54.981 -20.175 -43.528
v -55.740 74.925 -43.306
v -55.981 74.825 -43.528
v -55.740 74.925 -43.528
v -55.981 74.825 -43.306
v -54.981 69.825 -43.306
v -55.222 69.925 -43.528
v -54.981 69.825 -43.528
v -55.222 69.925 -43.306
v -54.515 69.217 -43.306
v -54.481 68.959 -43.528
v -54.481 68.959 -43.306
v -54.515 69.217 -43.528
v -55.481 74.959 -43.306
v -55.481 74.959 -43.528
v -55.981 68.093 -43.306
v -55.740 67.993 -43.528
v -55.981 68.093 -43.528
v -55.740 67.993 -43.306
v -55.222 67.993 -43.306
v -54.981 68.093 -43.528
v -55.222 67.993 -43.528
v -54.981 68.093 -43.306
v -54.615 74.459 -43.306
v -54.515 74.217 -43.528
v -54.515 74.217 -43.306
v -54.615 74.459 -43.528
v -56.188 68.252 -43.306
v -56.188 68.252 -43.528
v -54.515 73.700 -43.306
v -54.615 73.459 -43.528
v -54.615 73.459 -43.306
v -54.515 73.700 -43.528
v -55.222 -22.007 -43.306
v -54.981 -21.907 -43.528
v -55.222 -22.007 -43.528
v -54.981 -21.907 -43.306
v -56.188 74.666 -43.528
v -56.188 74.666 -43.306
v -54.774 74.666 -43.306
v -54.981 74.825 -43.528
v -54.774 74.666 -43.528
v -54.981 74.825 -43.306
v -54.981 73.093 -43.306
v -54.774 73.252 -43.528
v -54.981 73.093 -43.528
v -54.774 73.252 -43.306
v -56.447 73.700 -43.528
v -56.347 73.459 -43.306
v -56.347 73.459 -43.528
v -56.447 73.700 -43.306
v -55.222 72.993 -43.306
v -55.222 72.993 -43.528
v -54.774 69.666 -43.306
v -54.615 69.459 -43.528
v -54.615 69.459 -43.306
v -54.774 69.666 -43.528
v -54.774 -21.748 -43.528
v -54.774 -21.748 -43.306
v -55.481 -22.041 -43.306
v -55.481 -22.041 -43.528
v -54.481 73.959 -43.528
v -54.481 73.959 -43.306
v -56.347 74.459 -43.528
v -56.447 74.217 -43.306
v -56.447 74.217 -43.528
v -56.347 74.459 -43.306
v -55.740 -22.007 -43.306
v -55.740 -22.007 -43.528
v -56.188 -21.748 -43.306
v -55.981 -21.907 -43.528
v -56.188 -21.748 -43.528
v -55.981 -21.907 -43.306
v -54.515 68.700 -43.528
v -54.515 68.700 -43.306
v -54.615 68.459 -43.306
v -54.774 68.252 -43.528
v -54.774 68.252 -43.306
v -54.615 68.459 -43.528
v -55.481 69.959 -43.306
v -55.740 69.925 -43.528
v -55.481 69.959 -43.528
v -55.740 69.925 -43.306
v -55.481 67.959 -43.528
v -55.481 67.959 -43.306
v -56.481 -21.041 -43.528
v -56.447 -21.300 -43.306
v -56.447 -21.300 -43.528
v -56.481 -21.041 -43.306
v -56.347 68.459 -43.528
v -56.347 68.459 -43.306
v -56.481 68.959 -43.528
v -56.447 68.700 -43.306
v -56.447 68.700 -43.528
v -56.481 68.959 -43.306
v -56.447 69.217 -43.528
v -56.447 69.217 -43.306
v -56.347 69.459 -43.528
v -56.347 69.459 -43.306
v -56.481 73.959 -43.528
v -56.481 73.959 -43.306
v -55.222 74.925 -43.306
v -55.222 74.925 -43.528
v -55.740 72.993 -43.306
v -55.481 72.959 -43.528
v -55.740 72.993 -43.528
v -55.481 72.959 -43.306
v -56.347 -21.541 -43.306
v -56.347 -21.541 -43.528
v -56.188 73.252 -43.306
v -56.188 73.252 -43.528
v -56.188 -20.334 -43.528
v -56.347 -20.541 -43.306
v -56.347 -20.541 -43.528
v -56.188 -20.334 -43.306
v -55.981 -20.175 -43.306
v -55.981 -20.175 -43.528
v -56.447 -20.783 -43.306
v -56.447 -20.783 -43.528
v -55.981 73.093 -43.306
v -55.981 73.093 -43.528
v -56.481 63.959 -43.528
v -56.447 63.700 -43.306
v -56.447 63.700 -43.528
v -56.481 63.959 -43.306
v -55.981 64.825 -43.306
v -56.188 64.666 -43.528
v -55.981 64.825 -43.528
v -56.188 64.666 -43.306
v -55.481 64.959 -43.306
v -55.740 64.925 -43.528
v -55.481 64.959 -43.528
v -55.740 64.925 -43.306
v -54.774 59.666 -43.306
v -54.615 59.459 -43.528
v -54.615 59.459 -43.306
v -54.774 59.666 -43.528
v -54.515 58.700 -43.306
v -54.615 58.459 -43.528
v -54.615 58.459 -43.306
v -54.515 58.700 -43.528
v -54.981 58.093 -43.306
v -54.774 58.252 -43.528
v -54.981 58.093 -43.528
v -54.774 58.252 -43.306
v -55.740 57.993 -43.306
v -55.481 57.959 -43.528
v -55.740 57.993 -43.528
v -55.481 57.959 -43.306
v -55.981 58.093 -43.306
v -55.981 58.093 -43.528
v -54.981 59.825 -43.528
v -54.981 59.825 -43.306
v -55.222 57.993 -43.528
v -55.222 57.993 -43.306
v -56.188 58.252 -43.306
v -56.188 58.252 -43.528
v -56.347 64.459 -43.528
v -56.447 64.217 -43.306
v -56.447 64.217 -43.528
v -56.347 64.459 -43.306
v -55.222 59.925 -43.528
v -55.222 59.925 -43.306
v -56.347 58.459 -43.528
v -56.347 58.459 -43.306
v -56.447 58.700 -43.528
v -56.447 58.700 -43.306
v -56.481 58.959 -43.528
v -56.481 58.959 -43.306
v -56.447 59.217 -43.528
v -56.447 59.217 -43.306
v -56.188 69.666 -43.528
v -56.188 69.666 -43.306
v -54.515 59.217 -43.306
v -54.481 58.959 -43.528
v -54.481 58.959 -43.306
v -54.515 59.217 -43.528
v -55.222 64.925 -43.306
v -55.222 64.925 -43.528
v -54.615 64.459 -43.306
v -54.515 64.217 -43.528
v -54.515 64.217 -43.306
v -54.615 64.459 -43.528
v -55.981 63.093 -43.306
v -55.740 62.993 -43.528
v -55.981 63.093 -43.528
v -55.740 62.993 -43.306
v -54.981 64.825 -43.306
v -54.981 64.825 -43.528
v -55.222 62.993 -43.306
v -54.981 63.093 -43.528
v -55.222 62.993 -43.528
v -54.981 63.093 -43.306
v -55.481 62.959 -43.306
v -55.481 62.959 -43.528
v -56.347 63.459 -43.528
v -56.188 63.252 -43.306
v -56.188 63.252 -43.528
v -56.347 63.459 -43.306
v -54.774 64.666 -43.306
v -54.774 64.666 -43.528
v -54.481 63.959 -43.306
v -54.515 63.700 -43.528
v -54.515 63.700 -43.306
v -54.481 63.959 -43.528
v -54.615 63.459 -43.528
v -54.615 63.459 -43.306
v -54.774 63.252 -43.528
v -54.774 63.252 -43.306
v -55.981 69.825 -43.306
v -55.981 69.825 -43.528
v -55.222 -10.075 -38.512
v -55.481 -10.041 -38.733
v -55.222 -10.075 -38.733
v -55.481 -10.041 -38.512
v -54.515 -15.783 -38.512
v -54.481 -16.041 -38.733
v -54.481 -16.041 -38.512
v -54.515 -15.783 -38.733
v -54.774 -15.334 -38.512
v -54.981 -15.175 -38.733
v -54.774 -15.334 -38.733
v -54.981 -15.175 -38.512
v -54.615 -16.541 -38.512
v -54.774 -16.748 -38.733
v -54.774 -16.748 -38.512
v -54.615 -16.541 -38.733
v -54.515 -16.300 -38.512
v -54.515 -16.300 -38.733
v -54.615 -15.541 -38.733
v -54.615 -15.541 -38.512
v -56.447 -16.300 -38.733
v -56.347 -16.541 -38.512
v -56.347 -16.541 -38.733
v -56.447 -16.300 -38.512
v -56.188 -10.334 -38.733
v -56.347 -10.541 -38.512
v -56.347 -10.541 -38.733
v -56.188 -10.334 -38.512
v -54.981 -16.907 -38.512
v -54.981 -16.907 -38.733
v -55.222 -15.075 -38.733
v -55.222 -15.075 -38.512
v -56.481 -16.041 -38.733
v -56.481 -16.041 -38.512
v -55.481 -15.041 -38.733
v -55.481 -15.041 -38.512
v -55.740 -5.075 -38.512
v -55.981 -5.175 -38.733
v -55.740 -5.075 -38.733
v -55.981 -5.175 -38.512
v -55.740 -15.075 -38.733
v -55.740 -15.075 -38.512
v -55.981 -15.175 -38.733
v -55.981 -15.175 -38.512
v -54.515 -11.300 -38.512
v -54.615 -11.541 -38.733
v -54.615 -11.541 -38.512
v -54.515 -11.300 -38.733
v -56.188 -15.334 -38.733
v -56.188 -15.334 -38.512
v -56.188 -5.334 -38.733
v -56.347 -5.541 -38.512
v -56.347 -5.541 -38.733
v -56.188 -5.334 -38.512
v -55.222 -12.007 -38.512
v -54.981 -11.907 -38.733
v -55.222 -12.007 -38.733
v -54.981 -11.907 -38.512
v -55.481 -5.041 -38.512
v -55.481 -5.041 -38.733
v -55.222 -5.075 -38.512
v -55.222 -5.075 -38.733
v -56.447 -11.300 -38.733
v -56.347 -11.541 -38.512
v -56.347 -11.541 -38.733
v -56.447 -11.300 -38.512
v -54.774 -11.748 -38.733
v -54.774 -11.748 -38.512
v -56.188 -11.748 -38.512
v -56.188 -11.748 -38.733
v -54.981 -5.175 -38.512
v -54.981 -5.175 -38.733
v -54.774 -5.334 -38.512
v -54.774 -5.334 -38.733
v -56.447 -15.783 -38.733
v -56.447 -15.783 -38.512
v -56.447 -10.783 -38.733
v -56.481 -11.041 -38.512
v -56.481 -11.041 -38.733
v -56.447 -10.783 -38.512
v -55.981 -11.907 -38.733
v -55.981 -11.907 -38.512
v -55.740 -12.007 -38.512
v -55.481 -12.041 -38.733
v -55.740 -12.007 -38.733
v -55.481 -12.041 -38.512
v -54.481 -11.041 -38.512
v -54.481 -11.041 -38.733
v -54.774 -10.334 -38.512
v -54.615 -10.541 -38.733
v -54.615 -10.541 -38.512
v -54.774 -10.334 -38.733
v -55.981 -10.175 -38.512
v -55.981 -10.175 -38.733
v -54.981 -10.175 -38.512
v -54.981 -10.175 -38.733
v -55.740 -10.075 -38.512
v -55.740 -10.075 -38.733
v -56.447 -5.783 -38.512
v -56.447 -5.783 -38.733
v -56.188 -16.748 -38.512
v -56.188 -16.748 -38.733
v -55.981 -16.907 -38.733
v -55.981 -16.907 -38.512
v -54.515 -10.783 -38.733
v -54.515 -10.783 -38.512
v -55.740 -17.007 -38.733
v -55.740 -17.007 -38.512
v -55.481 -17.041 -38.733
v -55.481 -17.041 -38.512
v -55.222 -17.007 -38.733
v -55.222 -17.007 -38.512
v -54.481 -21.041 -38.512
v -54.515 -21.300 -38.733
v -54.515 -21.300 -38.512
v -54.481 -21.041 -38.733
v -55.222 -22.007 -38.512
v -54.981 -21.907 -38.733
v -55.222 -22.007 -38.733
v -54.981 -21.907 -38.512
v -54.981 -20.175 -38.512
v -55.222 -20.075 -38.733
v -54.981 -20.175 -38.733
v -55.222 -20.075 -38.512
v -54.774 -21.748 -38.733
v -54.774 -21.748 -38.512
v -55.740 -20.075 -38.512
v -55.981 -20.175 -38.733
v -55.740 -20.075 -38.733
v -55.981 -20.175 -38.512
v -56.188 -21.748 -38.512
v -55.981 -21.907 -38.733
v -56.188 -21.748 -38.733
v -55.981 -21.907 -38.512
v -55.740 -22.007 -38.733
v -55.740 -22.007 -38.512
v -54.615 -21.541 -38.733
v -54.615 -21.541 -38.512
v -56.347 -15.541 -38.512
v -56.347 -15.541 -38.733
v -55.481 -20.041 -38.512
v -55.481 -20.041 -38.733
v -55.481 -22.041 -38.733
v -55.481 -22.041 -38.512
v -54.615 -20.541 -38.512
v -54.515 -20.783 -38.733
v -54.515 -20.783 -38.512
v -54.615 -20.541 -38.733
v -56.188 -20.334 -38.733
v -56.188 -20.334 -38.512
v -56.347 -20.541 -38.512
v -56.347 -20.541 -38.733
v -54.774 -20.334 -38.512
v -54.774 -20.334 -38.733
v -56.447 -20.783 -38.733
v -56.481 -21.041 -38.512
v -56.481 -21.041 -38.733
v -56.447 -20.783 -38.512
v -56.447 -21.300 -38.512
v -56.447 -21.300 -38.733
v -56.347 -21.541 -38.733
v -56.347 -21.541 -38.512
v -54.774 14.666 -38.512
v -54.615 14.459 -38.733
v -54.615 14.459 -38.512
v -54.774 14.666 -38.733
v -56.481 18.959 -38.733
v -56.447 18.700 -38.512
v -56.447 18.700 -38.733
v -56.481 18.959 -38.512
v -54.981 14.825 -38.733
v -54.981 14.825 -38.512
v -54.615 18.459 -38.512
v -54.774 18.252 -38.733
v -54.774 18.252 -38.512
v -54.615 18.459 -38.733
v -55.222 14.925 -38.733
v -55.222 14.925 -38.512
v -55.481 14.959 -38.733
v -55.481 14.959 -38.512
v -54.515 14.217 -38.512
v -54.481 13.959 -38.733
v -54.481 13.959 -38.512
v -54.515 14.217 -38.733
v -56.481 8.959 -38.733
v -56.481 8.959 -38.512
v -56.347 18.459 -38.512
v -56.347 18.459 -38.733
v -54.481 18.959 -38.512
v -54.515 18.700 -38.733
v -54.515 18.700 -38.512
v -54.481 18.959 -38.733
v -55.481 17.959 -38.512
v -55.222 17.993 -38.733
v -55.481 17.959 -38.733
v -55.222 17.993 -38.512
v -54.515 19.217 -38.512
v -54.515 19.217 -38.733
v -54.615 19.459 -38.512
v -54.615 19.459 -38.733
v -54.774 19.666 -38.512
v -54.774 19.666 -38.733
v -54.981 19.825 -38.733
v -54.981 19.825 -38.512
v -56.481 13.959 -38.733
v -56.447 13.700 -38.512
v -56.447 13.700 -38.733
v -56.481 13.959 -38.512
v -56.188 18.252 -38.512
v -55.981 18.093 -38.733
v -56.188 18.252 -38.733
v -55.981 18.093 -38.512
v -54.981 18.093 -38.733
v -54.981 18.093 -38.512
v -56.347 13.459 -38.512
v -56.347 13.459 -38.733
v -56.188 13.252 -38.512
v -56.188 13.252 -38.733
v -55.222 19.925 -38.733
v -55.222 19.925 -38.512
v -55.481 19.959 -38.733
v -55.481 19.959 -38.512
v -55.740 19.925 -38.733
v -55.740 19.925 -38.512
v -56.188 19.666 -38.733
v -56.347 19.459 -38.512
v -56.347 19.459 -38.733
v -56.188 19.666 -38.512
v -56.447 19.217 -38.512
v -56.447 19.217 -38.733
v -55.981 13.093 -38.733
v -55.981 13.093 -38.512
v -55.981 19.825 -38.512
v -55.981 19.825 -38.733
v -55.740 12.993 -38.733
v -55.740 12.993 -38.512
v -55.222 12.993 -38.512
v -54.981 13.093 -38.733
v -55.222 12.993 -38.733
v -54.981 13.093 -38.512
v -55.481 12.959 -38.733
v -55.481 12.959 -38.512
v -54.774 13.252 -38.733
v -54.774 13.252 -38.512
v -54.615 13.459 -38.512
v -54.615 13.459 -38.733
v -54.515 13.700 -38.512
v -54.515 13.700 -38.733
v -55.740 17.993 -38.733
v -55.740 17.993 -38.512
v -56.447 14.217 -38.733
v -56.447 14.217 -38.512
v -55.481 -30.041 -38.512
v -55.740 -30.075 -38.733
v -55.481 -30.041 -38.733
v -55.740 -30.075 -38.512
v -55.981 -30.175 -38.512
v -56.188 -30.334 -38.733
v -55.981 -30.175 -38.733
v -56.188 -30.334 -38.512
v -56.347 -30.541 -38.512
v -56.347 -30.541 -38.733
v -55.740 -25.075 -38.512
v -55.981 -25.175 -38.733
v -55.740 -25.075 -38.733
v -55.981 -25.175 -38.512
v -54.615 -26.541 -38.512
v -54.774 -26.748 -38.733
v -54.774 -26.748 -38.512
v -54.615 -26.541 -38.733
v -55.222 -27.007 -38.512
v -54.981 -26.907 -38.733
v -55.222 -27.007 -38.733
v -54.981 -26.907 -38.512
v -56.188 -25.334 -38.733
v -56.188 -25.334 -38.512
v -56.347 -25.541 -38.733
v -56.447 -25.783 -38.512
v -56.447 -25.783 -38.733
v -56.347 -25.541 -38.512
v -54.774 -30.334 -38.512
v -54.615 -30.541 -38.733
v -54.615 -30.541 -38.512
v -54.774 -30.334 -38.733
v -56.447 -26.300 -38.733
v -56.347 -26.541 -38.512
v -56.347 -26.541 -38.733
v -56.447 -26.300 -38.512
v -56.447 -30.783 -38.512
v -56.447 -30.783 -38.733
v -54.981 -31.907 -38.512
v -54.774 -31.748 -38.733
v -54.981 -31.907 -38.733
v -54.774 -31.748 -38.512
v -56.481 -26.041 -38.512
v -56.481 -26.041 -38.733
v -54.481 -26.041 -38.512
v -54.515 -26.300 -38.733
v -54.515 -26.300 -38.512
v -54.481 -26.041 -38.733
v -56.347 -31.541 -38.733
v -56.188 -31.748 -38.512
v -56.188 -31.748 -38.733
v -56.347 -31.541 -38.512
v -55.222 -32.007 -38.512
v -55.222 -32.007 -38.733
v -55.481 -25.041 -38.512
v -55.481 -25.041 -38.733
v -54.481 -31.041 -38.512
v -54.515 -31.300 -38.733
v -54.515 -31.300 -38.512
v -54.481 -31.041 -38.733
v -55.981 -31.907 -38.733
v -55.981 -31.907 -38.512
v -55.481 -27.041 -38.512
v -55.481 -27.041 -38.733
v -54.515 -30.783 -38.512
v -54.515 -30.783 -38.733
v -54.615 -31.541 -38.512
v -54.615 -31.541 -38.733
v -55.222 -25.075 -38.512
v -55.222 -25.075 -38.733
v -54.774 -25.334 -38.512
v -54.615 -25.541 -38.733
v -54.615 -25.541 -38.512
v -54.774 -25.334 -38.733
v -54.981 -25.175 -38.512
v -54.981 -25.175 -38.733
v -56.481 -31.041 -38.733
v -56.447 -31.300 -38.512
v -56.447 -31.300 -38.733
v -56.481 -31.041 -38.512
v -56.188 -26.748 -38.512
v -55.981 -26.907 -38.733
v -56.188 -26.748 -38.733
v -55.981 -26.907 -38.512
v -54.515 -25.783 -38.512
v -54.515 -25.783 -38.733
v -55.481 -32.041 -38.512
v -55.481 -32.041 -38.733
v -55.740 -27.007 -38.733
v -55.740 -27.007 -38.512
v -55.740 -32.007 -38.733
v -55.740 -32.007 -38.512
v -54.981 -30.175 -38.733
v -54.981 -30.175 -38.512
v -55.222 -30.075 -38.733
v -55.222 -30.075 -38.512
v -56.447 48.700 -38.733
v -56.347 48.459 -38.512
v -56.347 48.459 -38.733
v -56.447 48.700 -38.512
v -56.481 48.959 -38.733
v -56.481 48.959 -38.512
v -54.981 54.825 -38.512
v -55.222 54.925 -38.733
v -54.981 54.825 -38.733
v -55.222 54.925 -38.512
v -56.188 48.252 -38.512
v -56.188 48.252 -38.733
v -55.981 48.093 -38.733
v -55.981 48.093 -38.512
v -55.740 47.993 -38.512
v -55.481 47.959 -38.733
v -55.740 47.993 -38.733
v -55.481 47.959 -38.512
v -56.347 54.459 -38.733
v -56.447 54.217 -38.512
v -56.447 54.217 -38.733
v -56.347 54.459 -38.512
v -55.222 47.993 -38.733
v -55.222 47.993 -38.512
v -55.740 54.925 -38.512
v -55.981 54.825 -38.733
v -55.740 54.925 -38.733
v -55.981 54.825 -38.512
v -54.774 54.666 -38.512
v -54.774 54.666 -38.733
v -56.188 54.666 -38.733
v -56.188 54.666 -38.512
v -54.981 48.093 -38.512
v -54.774 48.252 -38.733
v -54.981 48.093 -38.733
v -54.774 48.252 -38.512
v -55.481 54.959 -38.733
v -55.481 54.959 -38.512
v -54.615 54.459 -38.733
v -54.615 54.459 -38.512
v -54.515 53.700 -38.512
v -54.615 53.459 -38.733
v -54.615 53.459 -38.512
v -54.515 53.700 -38.733
v -55.481 52.959 -38.512
v -55.222 52.993 -38.733
v -55.481 52.959 -38.733
v -55.222 52.993 -38.512
v -54.774 53.252 -38.733
v -54.774 53.252 -38.512
v -55.740 59.925 -38.512
v -55.981 59.825 -38.733
v -55.740 59.925 -38.733
v -55.981 59.825 -38.512
v -55.481 59.959 -38.512
v -55.481 59.959 -38.733
v -56.188 59.666 -38.733
v -56.188 59.666 -38.512
v -56.481 53.959 -38.733
v -56.447 53.700 -38.512
v -56.447 53.700 -38.733
v -56.481 53.959 -38.512
v -56.347 53.459 -38.733
v -56.188 53.252 -38.512
v -56.188 53.252 -38.733
v -56.347 53.459 -38.512
v -56.347 59.459 -38.733
v -56.447 59.217 -38.512
v -56.447 59.217 -38.733
v -56.347 59.459 -38.512
v -55.981 53.093 -38.733
v -55.981 53.093 -38.512
v -55.740 52.993 -38.733
v -55.740 52.993 -38.512
v -54.981 53.093 -38.733
v -54.981 53.093 -38.512
v -54.481 53.959 -38.512
v -54.481 53.959 -38.733
v -54.515 54.217 -38.512
v -54.515 54.217 -38.733
v -56.188 14.666 -38.733
v -56.347 14.459 -38.512
v -56.347 14.459 -38.733
v -56.188 14.666 -38.512
v -55.981 14.825 -38.512
v -55.981 14.825 -38.733
v -55.481 24.959 -38.512
v -55.740 24.925 -38.733
v -55.481 24.959 -38.733
v -55.740 24.925 -38.512
v -55.981 24.825 -38.512
v -56.188 24.666 -38.733
v -55.981 24.825 -38.733
v -56.188 24.666 -38.512
v -56.347 24.459 -38.512
v -56.347 24.459 -38.733
v -55.740 14.925 -38.733
v -55.740 14.925 -38.512
v -54.615 -5.541 -38.733
v -54.615 -5.541 -38.512
v -54.515 24.217 -38.512
v -54.481 23.959 -38.733
v -54.481 23.959 -38.512
v -54.515 24.217 -38.733
v -56.447 9.217 -38.733
v -56.447 9.217 -38.512
v -54.615 24.459 -38.512
v -54.615 24.459 -38.733
v -54.774 24.666 -38.512
v -54.981 24.825 -38.733
v -54.774 24.666 -38.733
v -54.981 24.825 -38.512
v -55.222 24.925 -38.733
v -55.222 24.925 -38.512
v -54.515 73.700 -38.512
v -54.615 73.459 -38.733
v -54.615 73.459 -38.512
v -54.515 73.700 -38.733
v -54.774 73.252 -38.733
v -54.774 73.252 -38.512
v -55.481 74.959 -38.512
v -55.740 74.925 -38.733
v -55.481 74.959 -38.733
v -55.740 74.925 -38.512
v -56.481 68.959 -38.512
v -56.481 68.959 -38.733
v -55.981 74.825 -38.512
v -56.188 74.666 -38.733
v -55.981 74.825 -38.733
v -56.188 74.666 -38.512
v -54.774 74.666 -38.512
v -54.981 74.825 -38.733
v -54.774 74.666 -38.733
v -54.981 74.825 -38.512
v -56.447 68.700 -38.512
v -56.447 68.700 -38.733
v -56.347 68.459 -38.512
v -56.347 68.459 -38.733
v -56.188 68.252 -38.512
v -56.188 68.252 -38.733
v -54.515 74.217 -38.512
v -54.481 73.959 -38.733
v -54.481 73.959 -38.512
v -54.515 74.217 -38.733
v -55.222 74.925 -38.733
v -55.222 74.925 -38.512
v -54.615 74.459 -38.512
v -54.615 74.459 -38.733
v -56.347 74.459 -38.733
v -56.447 74.217 -38.512
v -56.447 74.217 -38.733
v -56.347 74.459 -38.512
v -55.222 59.925 -38.512
v -55.222 59.925 -38.733
v -56.481 73.959 -38.512
v -56.481 73.959 -38.733
v -56.447 73.700 -38.733
v -56.347 73.459 -38.512
v -56.347 73.459 -38.733
v -56.447 73.700 -38.512
v -56.188 73.252 -38.512
v -56.188 73.252 -38.733
v -55.981 73.093 -38.733
v -55.981 73.093 -38.512
v -55.740 72.993 -38.733
v -55.740 72.993 -38.512
v -55.481 72.959 -38.733
v -55.481 72.959 -38.512
v -56.481 28.959 -38.733
v -56.447 28.700 -38.512
v -56.447 28.700 -38.733
v -56.481 28.959 -38.512
v -55.981 28.093 -38.512
v -55.740 27.993 -38.733
v -55.981 28.093 -38.733
v -55.740 27.993 -38.512
v -55.481 27.959 -38.733
v -55.481 27.959 -38.512
v -56.347 28.459 -38.733
v -56.188 28.252 -38.512
v -56.188 28.252 -38.733
v -56.347 28.459 -38.512
v -56.347 34.459 -38.733
v -56.447 34.217 -38.512
v -56.447 34.217 -38.733
v -56.347 34.459 -38.512
v -56.188 34.666 -38.733
v -56.188 34.666 -38.512
v -55.222 27.993 -38.512
v -54.981 28.093 -38.733
v -55.222 27.993 -38.733
v -54.981 28.093 -38.512
v -54.515 28.700 -38.512
v -54.615 28.459 -38.733
v -54.615 28.459 -38.512
v -54.515 28.700 -38.733
v -54.615 29.459 -38.512
v -54.515 29.217 -38.733
v -54.515 29.217 -38.512
v -54.615 29.459 -38.733
v -54.774 29.666 -38.512
v -54.774 29.666 -38.733
v -54.774 28.252 -38.733
v -54.774 28.252 -38.512
v -54.481 28.959 -38.512
v -54.481 28.959 -38.733
v -55.481 32.959 -38.512
v -55.222 32.993 -38.733
v -55.481 32.959 -38.733
v -55.222 32.993 -38.512
v -54.481 33.959 -38.512
v -54.515 33.700 -38.733
v -54.515 33.700 -38.512
v -54.481 33.959 -38.733
v -54.515 34.217 -38.512
v -54.515 34.217 -38.733
v -54.615 34.459 -38.512
v -54.615 34.459 -38.733
v -54.774 34.666 -38.512
v -54.981 34.825 -38.733
v -54.774 34.666 -38.733
v -54.981 34.825 -38.512
v -55.222 34.925 -38.733
v -55.222 34.925 -38.512
v -55.481 34.959 -38.733
v -55.481 34.959 -38.512
v -55.740 32.993 -38.512
v -55.740 32.993 -38.733
v -54.981 33.093 -38.512
v -54.774 33.252 -38.733
v -54.981 33.093 -38.733
v -54.774 33.252 -38.512
v -56.481 33.959 -38.512
v -56.481 33.959 -38.733
v -56.447 33.700 -38.512
v -56.447 33.700 -38.733
v -56.347 33.459 -38.512
v -56.347 33.459 -38.733
v -56.188 33.252 -38.512
v -55.981 33.093 -38.733
v -56.188 33.252 -38.733
v -55.981 33.093 -38.512
v -54.615 33.459 -38.512
v -54.615 33.459 -38.733
v -54.515 58.700 -38.512
v -54.615 58.459 -38.733
v -54.615 58.459 -38.512
v -54.515 58.700 -38.733
v -54.774 59.666 -38.512
v -54.981 59.825 -38.733
v -54.774 59.666 -38.733
v -54.981 59.825 -38.512
v -55.222 57.993 -38.512
v -54.981 58.093 -38.733
v -55.222 57.993 -38.733
v -54.981 58.093 -38.512
v -54.774 58.252 -38.733
v -54.774 58.252 -38.512
v -54.615 59.459 -38.512
v -54.515 59.217 -38.733
v -54.515 59.217 -38.512
v -54.615 59.459 -38.733
v -56.481 58.959 -38.512
v -56.481 58.959 -38.733
v -56.188 58.252 -38.512
v -55.981 58.093 -38.733
v -56.188 58.252 -38.733
v -55.981 58.093 -38.512
v -55.740 57.993 -38.733
v -55.740 57.993 -38.512
v -56.447 58.700 -38.512
v -56.447 58.700 -38.733
v -56.347 58.459 -38.512
v -56.347 58.459 -38.733
v -55.481 57.959 -38.733
v -55.481 57.959 -38.512
v -54.481 58.959 -38.512
v -54.481 58.959 -38.733
v -54.981 -36.907 -38.512
v -54.774 -36.748 -38.733
v -54.981 -36.907 -38.733
v -54.774 -36.748 -38.512
v -58.783 102.204 -43.306
v -58.783 -101.796 -38.733
v -58.783 -101.796 -43.306
v -58.783 102.204 -38.733
v -56.188 -35.334 -38.733
v -56.347 -35.541 -38.512
v -56.347 -35.541 -38.733
v -56.188 -35.334 -38.512
v -59.004 102.204 -43.528
v -51.958 102.204 -43.528
v -52.179 102.204 -38.733
v -52.179 102.204 -43.306
v -54.515 -35.783 -38.512
v -54.481 -36.041 -38.733
v -54.481 -36.041 -38.512
v -54.515 -35.783 -38.733
v -59.004 -101.796 -38.512
v -56.481 -71.041 -38.512
v -56.447 -71.300 -38.512
v -51.958 -101.796 -38.512
v -56.347 -71.541 -38.512
v -56.188 -71.748 -38.512
v -55.981 -71.907 -38.512
v -55.740 -72.007 -38.512
v -55.481 -72.041 -38.512
v -55.222 -72.007 -38.512
v -54.981 -71.907 -38.512
v -54.774 -71.748 -38.512
v -54.615 -71.541 -38.512
v -54.515 -71.300 -38.512
v -54.481 -71.041 -38.512
v -54.481 -66.041 -38.512
v -54.481 -61.041 -38.512
v -54.481 -56.041 -38.512
v -54.481 -51.041 -38.512
v -54.481 -46.041 -38.512
v -54.481 -41.041 -38.512
v -54.481 -6.041 -38.512
v -54.481 -1.041 -38.512
v -54.481 3.959 -38.512
v -54.481 8.959 -38.512
v -56.481 -66.041 -38.512
v -56.481 -61.041 -38.512
v -56.481 -56.041 -38.512
v -56.481 -51.041 -38.512
v -56.481 -41.041 -38.512
v -56.481 -36.041 -38.512
v -56.481 -6.041 -38.512
v -56.481 -1.041 -38.512
v -56.481 3.959 -38.512
v -56.347 9.459 -38.512
v -56.188 9.666 -38.512
v -55.981 9.825 -38.512
v -55.740 9.925 -38.512
v -55.481 9.959 -38.512
v -55.222 9.925 -38.512
v -54.981 9.825 -38.512
v -54.774 9.666 -38.512
v -54.615 9.459 -38.512
v -54.515 9.217 -38.512
v -56.447 4.217 -38.512
v -56.347 4.459 -38.512
v -56.188 4.666 -38.512
v -56.188 8.252 -38.512
v -55.981 4.825 -38.512
v -55.981 8.093 -38.512
v -55.740 4.925 -38.512
v -55.740 7.993 -38.512
v -55.481 4.959 -38.512
v -55.481 7.959 -38.512
v -55.222 4.925 -38.512
v -55.222 7.993 -38.512
v -54.981 4.825 -38.512
v -54.981 8.093 -38.512
v -54.774 4.666 -38.512
v -54.774 8.252 -38.512
v -54.615 4.459 -38.512
v -54.615 8.459 -38.512
v -54.515 4.217 -38.512
v -54.515 8.700 -38.512
v -56.447 -0.783 -38.512
v -56.447 3.700 -38.512
v -56.347 -0.541 -38.512
v -56.347 3.459 -38.512
v -56.188 -0.334 -38.512
v -56.188 3.252 -38.512
v -55.981 -0.175 -38.512
v -55.981 3.093 -38.512
v -55.740 -0.075 -38.512
v -55.740 2.993 -38.512
v -55.481 -0.041 -38.512
v -55.481 2.959 -38.512
v -55.222 -0.075 -38.512
v -55.222 2.993 -38.512
v -54.981 -0.175 -38.512
v -54.981 3.093 -38.512
v -54.774 -0.334 -38.512
v -54.774 3.252 -38.512
v -54.615 -0.541 -38.512
v -54.615 3.459 -38.512
v -54.515 -0.783 -38.512
v -54.515 3.700 -38.512
v -56.447 -1.300 -38.512
v -56.347 -1.541 -38.512
v -56.188 -1.748 -38.512
v -55.981 -1.907 -38.512
v -55.740 -2.007 -38.512
v -55.481 -2.041 -38.512
v -55.222 -2.007 -38.512
v -54.981 -1.907 -38.512
v -54.774 -1.748 -38.512
v -54.615 -1.541 -38.512
v -54.515 -5.783 -38.512
v -54.515 -1.300 -38.512
v -56.447 -6.300 -38.512
v -56.347 -6.541 -38.512
v -56.188 -6.748 -38.512
v -55.981 -6.907 -38.512
v -55.740 -7.007 -38.512
v -55.481 -7.041 -38.512
v -55.222 -7.007 -38.512
v -54.981 -6.907 -38.512
v -54.774 -6.748 -38.512
v -54.615 -6.541 -38.512
v -54.515 -6.300 -38.512
v -56.447 -35.783 -38.512
v -55.981 -35.175 -38.512
v -55.740 -35.075 -38.512
v -55.481 -35.041 -38.512
v -55.222 -35.075 -38.512
v -54.981 -35.175 -38.512
v -54.774 -35.334 -38.512
v -54.615 -35.541 -38.512
v -56.447 -40.783 -38.512
v -56.447 -36.300 -38.512
v -56.347 -40.541 -38.512
v -56.347 -36.541 -38.512
v -56.188 -40.334 -38.512
v -56.188 -36.748 -38.512
v -55.981 -40.175 -38.512
v -55.981 -36.907 -38.512
v -55.740 -40.075 -38.512
v -55.740 -37.007 -38.512
v -55.481 -40.041 -38.512
v -55.481 -37.041 -38.512
v -55.222 -40.075 -38.512
v -55.222 -37.007 -38.512
v -54.981 -40.175 -38.512
v -54.774 -40.334 -38.512
v -54.615 -40.541 -38.512
v -54.615 -36.541 -38.512
v -54.515 -40.783 -38.512
v -54.515 -36.300 -38.512
v -56.447 -45.783 -38.512
v -56.447 -41.300 -38.512
v -56.347 -45.541 -38.512
v -56.347 -41.541 -38.512
v -56.188 -45.334 -38.512
v -56.188 -41.748 -38.512
v -55.981 -45.175 -38.512
v -55.981 -41.907 -38.512
v -55.740 -45.075 -38.512
v -55.740 -42.007 -38.512
v -55.481 -45.041 -38.512
v -55.481 -42.041 -38.512
v -55.222 -45.075 -38.512
v -55.222 -42.007 -38.512
v -54.981 -45.175 -38.512
v -54.981 -41.907 -38.512
v -54.774 -45.334 -38.512
v -54.774 -41.748 -38.512
v -54.615 -45.541 -38.512
v -54.615 -41.541 -38.512
v -54.515 -45.783 -38.512
v -54.515 -41.300 -38.512
v -56.447 -50.783 -38.512
v -56.347 -50.541 -38.512
v -56.188 -50.334 -38.512
v -55.981 -50.175 -38.512
v -55.740 -50.075 -38.512
v -55.481 -50.041 -38.512
v -55.222 -50.075 -38.512
v -55.222 -47.007 -38.512
v -54.981 -50.175 -38.512
v -54.981 -46.907 -38.512
v -54.774 -50.334 -38.512
v -54.774 -46.748 -38.512
v -54.615 -50.541 -38.512
v -54.615 -46.541 -38.512
v -54.515 -50.783 -38.512
v -54.515 -46.300 -38.512
v -56.447 -55.783 -38.512
v -56.447 -51.300 -38.512
v -56.347 -55.541 -38.512
v -56.347 -51.541 -38.512
v -56.188 -55.334 -38.512
v -56.188 -51.748 -38.512
v -55.981 -55.175 -38.512
v -55.981 -51.907 -38.512
v -55.740 -55.075 -38.512
v -55.740 -52.007 -38.512
v -55.481 -55.041 -38.512
v -55.481 -52.041 -38.512
v -55.222 -55.075 -38.512
v -55.222 -52.007 -38.512
v -54.981 -55.175 -38.512
v -54.981 -51.907 -38.512
v -54.774 -55.334 -38.512
v -54.774 -51.748 -38.512
v -54.615 -55.541 -38.512
v -54.615 -51.541 -38.512
v -54.515 -55.783 -38.512
v -54.515 -51.300 -38.512
v -56.447 -60.783 -38.512
v -56.447 -56.300 -38.512
v -56.347 -60.541 -38.512
v -56.347 -56.541 -38.512
v -56.188 -60.334 -38.512
v -56.188 -56.748 -38.512
v -55.981 -60.175 -38.512
v -55.981 -56.907 -38.512
v -55.740 -60.075 -38.512
v -55.740 -57.007 -38.512
v -55.481 -60.041 -38.512
v -55.481 -57.041 -38.512
v -55.222 -60.075 -38.512
v -55.222 -57.007 -38.512
v -54.981 -60.175 -38.512
v -54.981 -56.907 -38.512
v -54.774 -60.334 -38.512
v -54.774 -56.748 -38.512
v -54.615 -60.541 -38.512
v -54.615 -56.541 -38.512
v -54.515 -60.783 -38.512
v -54.515 -56.300 -38.512
v -56.447 -65.783 -38.512
v -56.447 -61.300 -38.512
v -56.347 -65.541 -38.512
v -56.347 -61.541 -38.512
v -56.188 -65.334 -38.512
v -56.188 -61.748 -38.512
v -55.981 -65.175 -38.512
v -55.981 -61.907 -38.512
v -55.740 -65.075 -38.512
v -55.740 -62.007 -38.512
v -55.481 -65.041 -38.512
v -55.481 -62.041 -38.512
v -55.222 -65.075 -38.512
v -55.222 -62.007 -38.512
v -54.981 -65.175 -38.512
v -54.981 -61.907 -38.512
v -54.774 -65.334 -38.512
v -54.774 -61.748 -38.512
v -54.615 -65.541 -38.512
v -54.615 -61.541 -38.512
v -54.515 -65.783 -38.512
v -54.515 -61.300 -38.512
v -56.447 -70.783 -38.512
v -56.447 -66.300 -38.512
v -56.347 -70.541 -38.512
v -56.347 -66.541 -38.512
v -56.188 -70.334 -38.512
v -56.188 -66.748 -38.512
v -55.981 -70.175 -38.512
v -55.981 -66.907 -38.512
v -55.740 -70.075 -38.512
v -55.740 -67.007 -38.512
v -55.481 -70.041 -38.512
v -55.481 -67.041 -38.512
v -55.222 -70.075 -38.512
v -55.222 -67.007 -38.512
v -54.981 -70.175 -38.512
v -54.981 -66.907 -38.512
v -54.774 -70.334 -38.512
v -54.774 -66.748 -38.512
v -54.615 -70.541 -38.512
v -54.615 -66.541 -38.512
v -54.515 -70.783 -38.512
v -54.515 -66.300 -38.512
v -54.615 -36.541 -38.733
v -56.447 -50.783 -38.733
v -56.481 -51.041 -38.733
v -55.481 -35.041 -38.733
v -55.222 -35.075 -38.733
v -56.447 -51.300 -38.733
v -51.958 -101.796 -43.528
v -52.179 -101.796 -43.306
v -52.179 -101.796 -38.733
v -54.481 8.959 -38.733
v -54.481 3.959 -38.733
v -54.481 -1.041 -38.733
v -54.481 -6.041 -38.733
v -54.481 -41.041 -38.733
v -54.481 -46.041 -38.733
v -54.481 -51.041 -38.733
v -54.481 -56.041 -38.733
v -54.481 -61.041 -38.733
v -54.481 -66.041 -38.733
v -54.481 -71.041 -38.733
v -56.447 -71.300 -38.733
v -56.481 -71.041 -38.733
v -56.481 3.959 -38.733
v -56.481 -1.041 -38.733
v -56.481 -6.041 -38.733
v -56.481 -36.041 -38.733
v -56.481 -41.041 -38.733
v -56.481 -56.041 -38.733
v -56.481 -61.041 -38.733
v -56.481 -66.041 -38.733
v -56.347 -71.541 -38.733
v -56.188 -71.748 -38.733
v -55.981 -71.907 -38.733
v -55.740 -72.007 -38.733
v -55.481 -72.041 -38.733
v -55.222 -72.007 -38.733
v -54.981 -71.907 -38.733
v -54.774 -71.748 -38.733
v -54.615 -71.541 -38.733
v -54.515 -71.300 -38.733
v -56.447 -66.300 -38.733
v -56.447 -70.783 -38.733
v -56.347 -66.541 -38.733
v -56.347 -70.541 -38.733
v -56.188 -66.748 -38.733
v -56.188 -70.334 -38.733
v -55.981 -66.907 -38.733
v -55.981 -70.175 -38.733
v -55.740 -67.007 -38.733
v -55.740 -70.075 -38.733
v -55.481 -67.041 -38.733
v -55.481 -70.041 -38.733
v -55.222 -67.007 -38.733
v -55.222 -70.075 -38.733
v -54.981 -66.907 -38.733
v -54.981 -70.175 -38.733
v -54.774 -66.748 -38.733
v -54.774 -70.334 -38.733
v -54.615 -66.541 -38.733
v -54.615 -70.541 -38.733
v -54.515 -66.300 -38.733
v -54.515 -70.783 -38.733
v -56.447 -61.300 -38.733
v -56.447 -65.783 -38.733
v -56.347 -61.541 -38.733
v -56.347 -65.541 -38.733
v -56.188 -61.748 -38.733
v -56.188 -65.334 -38.733
v -55.981 -61.907 -38.733
v -55.981 -65.175 -38.733
v -55.740 -62.007 -38.733
v -55.740 -65.075 -38.733
v -55.481 -62.041 -38.733
v -55.481 -65.041 -38.733
v -55.222 -62.007 -38.733
v -55.222 -65.075 -38.733
v -54.981 -61.907 -38.733
v -54.981 -65.175 -38.733
v -54.774 -61.748 -38.733
v -54.774 -65.334 -38.733
v -54.615 -61.541 -38.733
v -54.615 -65.541 -38.733
v -54.515 -61.300 -38.733
v -54.515 -65.783 -38.733
v -56.447 -56.300 -38.733
v -56.447 -60.783 -38.733
v -56.347 -56.541 -38.733
v -56.347 -60.541 -38.733
v -56.188 -56.748 -38.733
v -56.188 -60.334 -38.733
v -55.981 -56.907 -38.733
v -55.981 -60.175 -38.733
v -55.740 -57.007 -38.733
v -55.740 -60.075 -38.733
v -55.481 -57.041 -38.733
v -55.481 -60.041 -38.733
v -55.222 -57.007 -38.733
v -55.222 -60.075 -38.733
v -54.981 -56.907 -38.733
v -54.981 -60.175 -38.733
v -54.774 -56.748 -38.733
v -54.774 -60.334 -38.733
v -54.615 -56.541 -38.733
v -54.615 -60.541 -38.733
v -54.515 -56.300 -38.733
v -54.515 -60.783 -38.733
v -56.447 -55.783 -38.733
v -56.347 -51.541 -38.733
v -56.347 -55.541 -38.733
v -56.188 -51.748 -38.733
v -56.188 -55.334 -38.733
v -55.981 -51.907 -38.733
v -55.981 -55.175 -38.733
v -55.740 -52.007 -38.733
v -55.740 -55.075 -38.733
v -55.481 -52.041 -38.733
v -55.481 -55.041 -38.733
v -55.222 -52.007 -38.733
v -55.222 -55.075 -38.733
v -54.981 -51.907 -38.733
v -54.981 -55.175 -38.733
v -54.774 -51.748 -38.733
v -54.774 -55.334 -38.733
v -54.615 -51.541 -38.733
v -54.615 -55.541 -38.733
v -54.515 -51.300 -38.733
v -54.515 -55.783 -38.733
v -56.347 -50.541 -38.733
v -56.188 -50.334 -38.733
v -55.981 -50.175 -38.733
v -55.740 -50.075 -38.733
v -55.481 -50.041 -38.733
v -55.222 -47.007 -38.733
v -55.222 -50.075 -38.733
v -54.981 -46.907 -38.733
v -54.981 -50.175 -38.733
v -54.774 -46.748 -38.733
v -54.774 -50.334 -38.733
v -54.615 -46.541 -38.733
v -54.615 -50.541 -38.733
v -54.515 -46.300 -38.733
v -54.515 -50.783 -38.733
v -56.447 -41.300 -38.733
v -56.447 -45.783 -38.733
v -56.347 -41.541 -38.733
v -56.347 -45.541 -38.733
v -56.188 -41.748 -38.733
v -56.188 -45.334 -38.733
v -55.981 -41.907 -38.733
v -55.981 -45.175 -38.733
v -55.740 -42.007 -38.733
v -55.740 -45.075 -38.733
v -55.481 -42.041 -38.733
v -55.481 -45.041 -38.733
v -55.222 -42.007 -38.733
v -55.222 -45.075 -38.733
v -54.981 -41.907 -38.733
v -54.981 -45.175 -38.733
v -54.774 -41.748 -38.733
v -54.774 -45.334 -38.733
v -54.615 -41.541 -38.733
v -54.615 -45.541 -38.733
v -54.515 -41.300 -38.733
v -54.515 -45.783 -38.733
v -56.447 -36.300 -38.733
v -56.447 -40.783 -38.733
v -56.347 -36.541 -38.733
v -56.347 -40.541 -38.733
v -56.188 -36.748 -38.733
v -56.188 -40.334 -38.733
v -55.981 -36.907 -38.733
v -55.981 -40.175 -38.733
v -55.740 -37.007 -38.733
v -55.740 -40.075 -38.733
v -55.481 -37.041 -38.733
v -55.481 -40.041 -38.733
v -55.222 -37.007 -38.733
v -55.222 -40.075 -38.733
v -54.981 -40.175 -38.733
v -54.774 -40.334 -38.733
v -54.615 -40.541 -38.733
v -54.515 -36.300 -38.733
v -54.515 -40.783 -38.733
v -56.447 -35.783 -38.733
v -55.981 -35.175 -38.733
v -55.740 -35.075 -38.733
v -54.981 -35.175 -38.733
v -54.774 -35.334 -38.733
v -54.615 -35.541 -38.733
v -56.447 -6.300 -38.733
v -56.347 -6.541 -38.733
v -56.188 -6.748 -38.733
v -55.981 -6.907 -38.733
v -55.740 -7.007 -38.733
v -55.481 -7.041 -38.733
v -55.222 -7.007 -38.733
v -54.981 -6.907 -38.733
v -54.774 -6.748 -38.733
v -54.615 -6.541 -38.733
v -54.515 -6.300 -38.733
v -56.447 -1.300 -38.733
v -56.347 -1.541 -38.733
v -56.188 -1.748 -38.733
v -55.981 -1.907 -38.733
v -55.740 -2.007 -38.733
v -55.481 -2.041 -38.733
v -55.222 -2.007 -38.733
v -54.981 -1.907 -38.733
v -54.774 -1.748 -38.733
v -54.615 -1.541 -38.733
v -54.515 -1.300 -38.733
v -54.515 -5.783 -38.733
v -56.447 3.700 -38.733
v -56.447 -0.783 -38.733
v -56.347 3.459 -38.733
v -56.347 -0.541 -38.733
v -56.188 3.252 -38.733
v -56.188 -0.334 -38.733
v -55.981 3.093 -38.733
v -55.981 -0.175 -38.733
v -55.740 2.993 -38.733
v -55.740 -0.075 -38.733
v -55.481 2.959 -38.733
v -55.481 -0.041 -38.733
v -55.222 2.993 -38.733
v -55.222 -0.075 -38.733
v -54.981 3.093 -38.733
v -54.981 -0.175 -38.733
v -54.774 3.252 -38.733
v -54.774 -0.334 -38.733
v -54.615 3.459 -38.733
v -54.615 -0.541 -38.733
v -54.515 3.700 -38.733
v -54.515 -0.783 -38.733
v -56.447 4.217 -38.733
v -56.347 4.459 -38.733
v -56.188 8.252 -38.733
v -56.188 4.666 -38.733
v -55.981 8.093 -38.733
v -55.981 4.825 -38.733
v -55.740 7.993 -38.733
v -55.740 4.925 -38.733
v -55.481 7.959 -38.733
v -55.481 4.959 -38.733
v -55.222 7.993 -38.733
v -55.222 4.925 -38.733
v -54.981 8.093 -38.733
v -54.981 4.825 -38.733
v -54.774 8.252 -38.733
v -54.774 4.666 -38.733
v -54.615 8.459 -38.733
v -54.615 4.459 -38.733
v -54.515 8.700 -38.733
v -54.515 4.217 -38.733
v -56.347 9.459 -38.733
v -56.188 9.666 -38.733
v -55.981 9.825 -38.733
v -55.740 9.925 -38.733
v -55.481 9.959 -38.733
v -55.222 9.925 -38.733
v -54.981 9.825 -38.733
v -54.774 9.666 -38.733
v -54.615 9.459 -38.733
v -54.515 9.217 -38.733
v -31.745 106.796 55.514
v -31.227 106.728 33.530
v -31.745 106.796 33.530
v -31.227 106.728 54.264
v -31.227 106.728 55.514
v -32.263 106.728 55.514
v -32.263 106.728 33.530
v -32.745 106.528 33.530
v -32.300 106.713 33.530
v -32.745 106.528 55.514
v -32.300 106.713 55.514
v -31.190 106.713 55.514
v -30.745 106.528 33.530
v -31.190 106.713 33.530
v -30.745 106.528 53.099
v -30.745 106.528 55.514
v -30.331 106.211 33.530
v -30.331 106.211 52.099
v -30.331 106.211 55.514
v -30.013 105.796 51.332
v -30.013 105.796 33.530
v -30.013 105.796 55.514
v -34.460 102.945 56.031
v -34.460 102.945 54.996
v -34.450 102.880 55.514
v -34.488 103.137 56.514
v -34.488 103.137 54.514
v -34.532 103.441 56.928
v -34.532 103.441 54.099
v -34.590 103.838 57.246
v -34.590 103.838 53.781
v -34.658 104.300 57.445
v -34.658 104.300 53.582
v -34.730 104.796 57.514
v -34.730 104.796 53.514
v -34.802 105.292 57.445
v -34.802 105.292 53.582
v -34.870 105.755 57.246
v -34.870 105.755 53.781
v -34.928 106.151 56.928
v -34.928 106.151 54.099
v -34.972 106.456 56.514
v -34.972 106.456 54.514
v -35.000 106.647 56.031
v -35.000 106.647 54.996
v -35.010 106.713 55.514
v -34.802 105.292 35.462
v -34.730 104.796 31.530
v -34.730 104.796 35.530
v -34.802 105.292 31.598
v -34.870 105.755 35.262
v -34.870 105.755 31.798
v -34.928 106.151 34.944
v -34.928 106.151 32.116
v -34.972 106.456 34.530
v -34.972 106.456 32.530
v -35.000 106.647 34.048
v -35.000 106.647 33.012
v -35.010 106.713 33.530
v -31.227 102.865 54.264
v -31.745 102.796 33.530
v -31.227 102.865 33.530
v -31.745 102.796 55.514
v -31.227 102.865 55.514
v -30.745 103.064 33.530
v -31.190 102.880 33.530
v -30.745 103.064 53.099
v -30.745 103.064 55.514
v -31.190 102.880 55.514
v -30.331 103.382 52.099
v -30.331 103.382 33.530
v -30.331 103.382 55.514
v -30.013 103.796 33.530
v -30.013 103.796 55.514
v -30.013 103.796 51.332
v -32.263 102.865 33.530
v -32.263 102.865 55.514
v -33.477 105.796 55.514
v -33.677 105.314 33.530
v -33.677 105.314 55.514
v -33.477 105.796 33.530
v -33.745 104.796 53.514
v -33.745 104.796 55.514
v -33.745 104.796 35.530
v -33.745 104.796 33.530
v -33.677 104.279 33.530
v -33.677 104.279 55.514
v -33.477 103.796 33.530
v -33.477 103.796 55.514
v -33.159 103.382 33.530
v -33.159 103.382 55.514
v -32.745 103.064 55.514
v -32.745 103.064 33.530
v -32.300 102.880 33.530
v -32.300 102.880 55.514
v -33.159 106.211 55.514
v -33.159 106.211 33.530
v -34.460 102.945 34.048
v -34.460 102.945 33.012
v -34.450 102.880 33.530
v -34.488 103.137 34.530
v -34.488 103.137 32.530
v -34.532 103.441 34.944
v -34.532 103.441 32.116
v -34.590 103.838 35.262
v -34.590 103.838 31.798
v -34.658 104.300 35.462
v -34.658 104.300 31.598
v 30.236 102.945 33.012
v 10.670 102.945 33.012
v 30.236 102.880 33.530
v -10.221 102.880 33.530
v 30.236 103.137 34.530
v 30.236 102.945 34.048
v 30.236 103.441 34.944
v 30.236 103.838 35.262
v 30.236 104.300 35.462
v -29.745 104.796 35.530
v -14.590 104.796 35.530
v -8.933 104.796 35.530
v 30.236 104.796 35.530
v 30.236 105.292 35.462
v 30.236 103.137 32.530
v 30.236 106.151 34.944
v 30.236 105.755 35.262
v 30.236 106.647 34.048
v 30.236 106.456 34.530
v 30.236 106.713 33.530
v -29.745 104.796 33.530
v -29.813 104.279 50.850
v -29.813 104.279 33.530
v -29.813 104.279 55.514
v -29.745 104.796 55.514
v -29.745 104.796 50.685
v -29.745 104.796 53.514
v -29.813 105.314 33.530
v -29.813 105.314 55.514
v -29.813 105.314 50.850
v 30.236 106.456 32.530
v 30.236 106.647 33.012
v -51.758 102.204 28.557
v -51.958 102.204 28.557
v -51.758 102.204 33.530
v -51.758 102.204 55.514
v -51.758 102.204 60.514
v -51.758 100.230 31.598
v -52.748 99.417 31.530
v -52.890 99.892 31.598
v -51.758 99.713 31.530
v -51.758 100.713 31.798
v -53.022 100.335 31.798
v 51.758 102.204 33.530
v 51.958 102.204 28.530
v 51.758 102.204 28.530
v 51.758 102.204 55.514
v 51.758 102.204 60.514
v 51.958 97.222 60.514
v 51.758 97.222 28.530
v 51.958 97.222 28.530
v 51.758 97.222 60.514
v 51.758 97.713 55.514
v 51.758 97.781 56.031
v 51.758 97.981 56.514
v 51.758 98.108 56.680
v 51.758 98.299 56.928
v 51.758 98.713 57.246
v 51.758 99.195 57.445
v 51.758 99.713 57.514
v 51.758 100.230 57.445
v 51.758 100.713 57.246
v 51.758 101.127 56.928
v 51.758 101.445 56.514
v 51.758 101.645 56.031
v 51.758 101.713 55.514
v 51.758 98.299 32.116
v 51.758 97.981 32.530
v 51.758 97.781 33.012
v 51.758 97.713 33.530
v 51.758 98.713 31.798
v 51.758 99.195 31.598
v 51.758 99.713 31.530
v 51.758 100.230 31.598
v 51.758 100.713 31.798
v 51.758 101.127 32.116
v 51.758 101.445 32.530
v 51.758 101.645 33.012
v 51.758 101.713 33.530
v 51.758 97.781 54.996
v 51.758 97.781 34.048
v 51.758 97.981 54.514
v 51.758 97.981 34.530
v 51.758 98.108 54.347
v 51.758 98.299 34.944
v 51.758 98.299 54.099
v 51.758 98.713 53.781
v 51.758 98.713 35.262
v 51.758 99.195 53.582
v 51.758 99.195 35.462
v 51.758 99.713 53.514
v 51.758 99.713 35.530
v 51.758 100.230 53.582
v 51.758 100.230 35.462
v 51.758 100.713 53.781
v 51.758 100.713 35.262
v 51.758 101.127 54.099
v 51.758 101.127 34.944
v 51.758 101.445 54.514
v 51.758 101.445 34.530
v 51.758 101.645 54.996
v 51.758 101.645 34.048
v -53.223 101.007 32.530
v -51.758 101.127 32.116
v -53.136 100.716 32.116
v -51.758 101.445 32.530
v 30.236 105.755 31.798
v 30.236 105.292 31.598
v -10.590 104.796 31.530
v 30.236 104.796 31.530
v 30.236 104.300 31.598
v -52.361 98.119 34.944
v -51.758 98.713 35.262
v -52.474 98.499 35.262
v -51.758 98.299 34.944
v -53.022 100.335 35.262
v -51.758 101.127 34.944
v -53.136 100.716 34.944
v -51.758 100.713 35.262
v -51.758 97.981 32.530
v -52.361 98.119 32.116
v -51.758 98.299 32.116
v -52.273 97.827 32.530
v -51.758 99.195 35.462
v -52.606 98.942 35.462
v 30.236 103.838 31.798
v 30.236 103.441 32.116
v -52.606 98.942 31.598
v -51.758 99.195 31.598
v -51.758 97.713 33.530
v -52.219 97.643 33.012
v -51.758 97.781 33.012
v -52.200 97.581 33.530
v -51.758 97.781 34.048
v -52.219 97.643 34.048
v -51.758 97.981 34.530
v -52.273 97.827 34.530
v -51.758 98.713 31.798
v -52.474 98.499 31.798
v -52.890 99.892 35.462
v -51.758 100.230 35.462
v -53.296 101.253 33.530
v -51.758 101.645 33.012
v -53.278 101.191 33.012
v -51.758 101.713 33.530
v 30.236 106.151 32.116
v -51.758 101.445 34.530
v -53.223 101.007 34.530
v -51.758 101.645 34.048
v -53.278 101.191 34.048
v -52.748 99.417 35.530
v -51.758 99.713 35.530
v -51.758 97.222 60.514
v -51.958 97.222 60.514
v -51.758 97.222 28.557
v -51.758 98.299 56.928
v -51.758 97.981 56.514
v -51.758 97.781 56.031
v -51.758 97.713 55.514
v -51.758 98.713 57.246
v -51.758 99.195 57.445
v -51.758 99.713 57.514
v -51.758 100.230 57.445
v -51.758 100.713 57.246
v -51.758 101.127 56.928
v -51.758 101.445 56.514
v -51.758 101.645 56.031
v -51.758 101.713 55.514
v -51.758 97.781 54.996
v -51.758 97.981 54.514
v -51.758 98.299 54.099
v -51.758 98.713 53.781
v -51.758 99.195 53.582
v -51.758 99.713 53.514
v -51.758 100.230 53.582
v -51.758 100.713 53.781
v -51.758 101.127 54.099
v -51.758 101.445 54.514
v -51.758 101.645 54.996
v -51.958 97.222 28.557
v -31.745 102.880 55.514
v -31.745 106.713 55.514
v 31.366 106.645 54.264
v 31.884 106.713 33.530
v 31.366 106.645 33.530
v 31.884 106.713 55.514
v 31.366 106.645 55.514
v 30.151 105.713 55.514
v 29.952 105.230 50.850
v 29.952 105.230 55.514
v 29.952 105.230 33.530
v 30.151 105.713 33.530
v 30.151 105.713 51.332
v 32.438 106.629 33.530
v 31.329 106.629 33.530
v 32.401 106.645 33.530
v 33.884 104.713 33.530
v 33.815 104.195 55.514
v 33.815 104.195 33.530
v 33.884 104.713 55.514
v 33.616 103.713 55.514
v 33.616 103.713 33.530
v 33.298 103.299 55.514
v 32.884 102.981 33.530
v 33.298 103.299 33.530
v 32.884 102.981 55.514
v 33.815 105.230 33.530
v 33.815 105.230 55.514
v 29.884 104.713 55.514
v 29.952 104.195 50.850
v 29.952 104.195 55.514
v 29.952 104.195 33.530
v 29.884 104.713 33.530
v 29.884 104.713 50.685
v 32.401 106.645 55.514
v 30.151 103.713 55.514
v 30.469 103.299 52.099
v 30.469 103.299 55.514
v 30.469 103.299 33.530
v 30.151 103.713 33.530
v 30.151 103.713 51.332
v 32.639 102.879 33.530
v 32.401 102.781 33.530
v 32.438 102.796 33.530
v 32.438 102.796 55.514
v 32.638 102.879 55.514
v 32.401 102.781 55.514
v 32.884 106.445 55.514
v 33.298 106.127 33.530
v 32.884 106.445 33.530
v 33.298 106.127 55.514
v 31.366 102.781 33.530
v 31.329 102.796 33.530
v 31.884 102.713 33.530
v 33.616 105.713 33.530
v 33.616 105.713 55.514
v 31.127 102.880 33.530
v 30.469 106.127 52.099
v 30.884 106.445 33.530
v 30.469 106.127 33.530
v 30.884 106.445 53.099
v 30.469 106.127 55.514
v 30.884 106.445 55.514
v 31.366 102.781 55.514
v 31.329 102.796 55.514
v 31.366 102.781 54.264
v 30.884 102.981 33.530
v 30.884 102.981 53.099
v 30.884 102.981 55.514
v 31.129 102.879 55.514
v 31.329 106.629 55.514
v 31.884 106.629 55.514
v 32.438 106.629 55.514
v 31.884 102.796 55.514
v 31.884 102.713 55.514
v -32.970 105.796 54.289
v -33.111 105.314 54.148
v -11.216 105.796 32.535
v -11.357 105.314 32.394
v -31.379 102.865 55.880
v -32.111 102.865 55.148
v -31.353 102.880 55.906
v -32.137 102.880 55.121
v -10.357 102.865 33.394
v -9.625 102.865 34.126
v -9.991 102.796 33.760
v -10.384 102.880 33.367
v -9.599 102.880 34.152
v -9.991 106.796 33.760
v -10.357 106.728 33.394
v -32.111 106.728 55.148
v -8.767 103.796 34.985
v -30.379 104.279 56.880
v -30.520 103.796 56.738
v -8.625 104.279 35.126
v -10.991 103.382 32.760
v -11.216 103.796 32.535
v -32.970 103.796 54.289
v -32.745 103.382 54.514
v -31.038 106.528 56.221
v -8.991 106.211 34.760
v -9.284 106.528 34.467
v -30.745 106.211 56.514
v -10.698 106.528 33.053
v -10.991 106.211 32.760
v -32.745 106.211 54.514
v -32.452 106.528 54.806
v -9.284 103.064 34.467
v -31.038 103.064 56.221
v -9.625 106.728 34.126
v -31.379 106.728 55.880
v -30.379 105.314 56.880
v -8.767 105.796 34.985
v -30.520 105.796 56.738
v -8.625 105.314 35.126
v -10.698 103.064 33.053
v -32.452 103.064 54.806
v -30.745 103.382 56.514
v -33.111 104.279 54.148
v -30.331 104.796 56.928
v -33.159 104.796 54.099
v -31.353 106.713 55.906
v -32.137 106.713 55.121
v -9.599 106.713 34.152
v -8.991 103.382 34.760
v -11.357 104.279 32.394
v -11.406 104.796 32.346
v -8.577 104.796 35.174
v -10.384 106.713 33.367
v -26.917 104.796 53.514
v -32.573 104.796 53.514
v -52.219 97.643 56.031
v -52.219 97.643 54.996
v -52.200 97.581 55.514
v -52.273 97.827 56.514
v -52.273 97.827 54.514
v -52.361 98.119 56.928
v -52.361 98.119 54.099
v -52.474 98.499 57.246
v -52.474 98.499 53.781
v -52.606 98.942 57.445
v -52.606 98.942 53.582
v -52.748 99.417 57.514
v -52.748 99.417 53.514
v -52.890 99.892 57.445
v -52.890 99.892 53.582
v -53.022 100.335 57.246
v -53.022 100.335 53.781
v -53.136 100.716 56.928
v -53.136 100.716 54.099
v -53.223 101.007 56.514
v -53.223 101.007 54.514
v -53.278 101.191 56.031
v -53.278 101.191 54.996
v -53.296 101.253 55.514
v 34.678 104.796 31.530
v 34.606 104.300 31.598
v 34.481 103.440 32.116
v 34.436 103.136 32.530
v 34.408 102.944 33.012
v 34.538 103.837 31.798
v 34.399 102.879 55.514
v -29.451 102.945 54.996
v 34.408 102.944 54.996
v -29.451 102.880 55.514
v 53.062 100.739 54.099
v 53.149 101.031 54.514
v 52.147 97.665 56.031
v 52.129 97.602 55.514
v 52.289 98.140 56.928
v 52.237 97.966 56.680
v 53.204 101.214 33.012
v 53.222 101.277 33.530
v 53.062 100.739 32.116
v 53.149 101.031 32.530
v 53.204 101.214 34.048
v 53.149 101.031 34.530
v 52.202 97.848 34.530
v 52.147 97.665 34.048
v 52.534 98.964 31.598
v 52.676 99.440 31.530
v 52.402 98.521 31.798
v 34.875 106.151 32.116
v 34.818 105.754 31.798
v 52.289 98.140 54.099
v 52.402 98.521 53.781
v 52.534 98.964 53.582
v 52.676 99.440 53.514
v 53.204 101.214 54.996
v 53.204 101.214 56.031
v 53.149 101.031 56.514
v 52.949 100.358 31.798
v 52.817 99.915 35.462
v 52.949 100.358 35.262
v 52.402 98.521 57.246
v 52.534 98.964 57.445
v 52.402 98.521 35.262
v 52.534 98.964 35.462
v 53.062 100.739 34.944
v 52.237 97.966 54.347
v 52.289 98.140 34.944
v 52.129 97.602 33.530
v 52.147 97.665 33.012
v 52.202 97.848 32.530
v 52.289 98.140 32.116
v 52.147 97.665 54.996
v 52.202 97.848 54.514
v 52.817 99.915 53.582
v 53.222 101.277 55.514
v 52.817 99.915 31.598
v 52.949 100.358 53.781
v 34.538 103.837 57.246
v -29.451 104.300 57.445
v -29.451 103.838 57.246
v 34.606 104.300 57.445
v 34.481 103.440 56.928
v -29.451 103.441 56.928
v 34.750 105.292 31.598
v 34.920 106.456 32.530
v 34.948 106.647 33.012
v 34.957 106.713 33.530
v 34.948 106.647 34.048
v 52.202 97.848 56.514
v 53.062 100.739 56.928
v 52.949 100.358 57.246
v 52.817 99.915 57.445
v -29.451 103.137 56.514
v 34.436 103.136 56.514
v -29.451 102.945 56.031
v 34.408 102.944 56.031
v 52.676 99.440 35.530
v 52.676 99.440 57.514
v 34.481 103.440 34.944
v 34.538 103.837 35.262
v 34.436 103.136 54.514
v -29.451 103.441 54.099
v 34.481 103.440 54.099
v -29.451 103.137 54.514
v 34.750 105.292 35.462
v 34.818 105.754 35.262
v 34.606 104.300 53.582
v -29.451 103.838 53.781
v -29.451 104.300 53.582
v 34.538 103.837 53.781
v 34.920 106.456 34.530
v 34.875 106.151 34.944
v -29.451 106.456 56.514
v 34.948 106.647 56.031
v -29.451 106.647 56.031
v 34.920 106.456 56.514
v 34.750 105.292 57.445
v -29.451 105.755 57.246
v -29.451 105.292 57.445
v 34.818 105.754 57.246
v 34.678 104.796 57.514
v -29.451 104.796 57.514
v 34.408 102.944 34.048
v 34.399 102.879 33.530
v -29.451 106.713 55.514
v 34.948 106.647 54.996
v -29.451 106.647 54.996
v 34.957 106.713 55.514
v -29.451 106.151 56.928
v 34.875 106.151 56.928
v -29.451 104.796 53.514
v 34.678 104.796 53.514
v 34.875 106.151 54.099
v -29.451 105.755 53.781
v -29.451 106.151 54.099
v 34.818 105.754 53.781
v -29.451 105.292 53.582
v 34.750 105.292 53.582
v 34.920 106.456 54.514
v -29.451 106.456 54.514
v 34.678 104.796 35.530
v 34.606 104.300 35.462
v 34.436 103.136 34.530
v 9.026 106.127 34.656
v 31.176 106.445 56.221
v 9.318 106.445 34.363
v 30.884 106.127 56.514
v 31.518 102.781 55.880
v 9.633 102.796 34.048
v 9.660 102.781 34.022
v 9.318 102.981 34.363
v 31.491 102.796 55.906
v 31.176 102.981 56.221
v 11.026 106.127 32.656
v 11.250 105.713 32.431
v 33.108 105.713 54.289
v 32.884 106.127 54.514
v 32.250 102.781 55.148
v 32.276 102.796 55.121
v 10.733 102.981 32.948
v 11.026 103.299 32.656
v 32.884 103.299 54.514
v 32.591 102.981 54.806
v 11.392 104.195 32.290
v 11.250 103.713 32.431
v 33.250 104.195 54.148
v 33.108 103.713 54.289
v 10.392 102.781 33.290
v 10.026 102.713 33.656
v 10.418 102.796 33.263
v 9.633 106.629 34.048
v 31.518 106.645 55.880
v 9.660 106.645 34.022
v 31.491 106.629 55.906
v 30.469 104.713 56.928
v 8.660 105.230 35.022
v 8.611 104.713 35.070
v 30.518 105.230 56.880
v 8.660 104.195 35.022
v 8.801 105.713 34.880
v 8.801 103.713 34.880
v 9.026 103.299 34.656
v 10.418 106.629 33.263
v 10.733 106.445 32.948
v 11.392 105.230 32.290
v 11.440 104.713 32.241
v 32.276 106.629 55.121
v 32.250 106.645 55.148
v 10.392 106.645 33.290
v 32.591 106.445 54.806
v 30.884 103.299 56.514
v 30.659 103.713 56.738
v 30.518 104.195 56.880
v 33.298 104.713 54.099
v 33.250 105.230 54.148
v 30.659 105.713 56.738
v 10.026 106.713 33.656
v 36.958 102.204 -43.528
v -36.958 97.207 -43.528
v -36.958 102.204 -43.528
v 36.958 97.207 -43.528
v -51.823 84.163 -43.528
v -51.958 97.207 -43.528
v -51.958 82.207 -43.528
v -51.435 86.084 -43.528
v -50.801 87.939 -43.528
v -49.931 89.696 -43.528
v -48.841 91.324 -43.528
v -47.548 92.798 -43.528
v -46.074 94.090 -43.528
v -44.446 95.181 -43.528
v -42.689 96.051 -43.528
v -40.834 96.685 -43.528
v -38.913 97.073 -43.528
v -59.004 82.207 -43.528
v 51.958 102.204 -43.728
v 36.958 97.207 -43.728
v 36.958 102.204 -43.728
v 38.933 97.129 -43.728
v 40.880 96.783 -43.728
v 42.763 96.178 -43.728
v 44.546 95.325 -43.728
v 46.198 94.238 -43.728
v 47.687 92.937 -43.728
v 48.988 91.448 -43.728
v 50.075 89.796 -43.728
v 50.929 88.013 -43.728
v 51.534 86.130 -43.728
v 51.879 84.183 -43.728
v 51.958 82.207 -43.728
v 59.004 102.204 -43.728
v 59.004 82.207 -43.728
v 38.933 97.129 -43.528
v 47.687 92.937 -43.528
v 46.198 94.238 -43.528
v 44.546 95.325 -43.528
v 42.763 96.178 -43.528
v 51.534 86.130 -43.528
v 51.879 84.183 -43.528
v 59.004 82.207 -43.528
v 51.958 82.207 -43.528
v 40.880 96.783 -43.528
v 50.075 89.796 -43.528
v 50.929 88.013 -43.528
v 48.988 91.448 -43.528
v -40.834 96.685 -43.728
v -38.913 97.073 -43.728
v -51.958 82.207 -43.728
v -51.823 84.163 -43.728
v -59.004 82.207 -43.728
v -50.801 87.939 -43.728
v -49.931 89.696 -43.728
v -59.004 102.204 -43.728
v -48.841 91.324 -43.728
v -47.548 92.798 -43.728
v -51.435 86.084 -43.728
v -36.958 97.207 -43.728
v -44.446 95.181 -43.728
v -42.689 96.051 -43.728
v -46.074 94.090 -43.728
v -51.958 102.204 -43.728
v -36.958 102.204 -43.728
v -51.958 97.207 -38.512
v -51.958 97.401 -38.705
v -51.958 102.010 -38.705
v -51.958 102.010 -43.334
v -51.958 97.401 -43.334
v 51.958 97.401 -43.334
v 51.958 102.010 -43.334
v 51.958 97.401 -38.705
v 51.958 102.010 -38.705
v 51.958 97.207 -38.512
f 1 2 3
f 2 1 4
f 5 2 4
f 2 5 6
f 7 8 9
f 8 7 10
f 7 11 12
f 11 7 9
f 13 14 15
f 14 13 16
f 1 5 4
f 5 1 17
f 17 1 16
f 17 16 13
f 11 8 18
f 8 11 9
f 19 2 6
f 2 19 3
f 3 19 20
f 20 21 22
f 21 20 23
f 23 20 19
f 6 24 19
f 24 6 5
f 24 5 12
f 12 5 7
f 19 10 17
f 10 19 24
f 17 10 7
f 17 7 5
f 24 11 18
f 11 24 12
f 13 21 23
f 21 13 15
f 8 24 18
f 24 8 10
f 19 13 23
f 13 19 17
f 1 20 16
f 20 1 3
f 22 16 20
f 16 22 14
f 14 21 15
f 21 14 22
f 25 26 27
f 26 25 28
f 29 26 28
f 26 29 30
f 31 32 33
f 32 31 34
f 31 35 36
f 35 31 33
f 37 38 39
f 38 37 40
f 25 29 28
f 29 25 41
f 41 25 40
f 41 40 37
f 35 32 42
f 32 35 33
f 43 26 30
f 26 43 27
f 27 43 44
f 44 45 46
f 45 44 47
f 47 44 43
f 30 48 43
f 48 30 29
f 48 29 36
f 36 29 31
f 43 34 41
f 34 43 48
f 41 34 31
f 41 31 29
f 48 35 42
f 35 48 36
f 37 45 47
f 45 37 39
f 32 48 42
f 48 32 34
f 43 37 47
f 37 43 41
f 25 44 40
f 44 25 27
f 46 40 44
f 40 46 38
f 38 45 39
f 45 38 46
f 49 50 51
f 50 49 52
f 49 53 52
f 53 49 54
f 55 56 57
f 56 55 58
f 59 60 61
f 60 59 62
f 61 63 64
f 63 61 60
f 65 66 67
f 66 65 68
f 69 70 71
f 70 69 72
f 64 69 71
f 69 64 63
f 73 74 75
f 74 73 76
f 77 78 79
f 78 77 80
f 81 82 83
f 82 81 84
f 85 86 87
f 86 85 88
f 85 89 88
f 89 85 90
f 90 83 89
f 83 90 81
f 84 91 82
f 91 84 92
f 92 93 91
f 93 92 94
f 79 95 96
f 95 79 78
f 94 97 93
f 97 94 98
f 97 99 100
f 99 97 98
f 87 80 77
f 80 87 86
f 101 102 103
f 102 101 104
f 105 103 106
f 103 105 101
f 102 107 108
f 107 102 104
f 109 106 110
f 106 109 105
f 111 112 113
f 112 111 114
f 115 116 117
f 116 115 118
f 108 118 115
f 118 108 107
f 117 119 120
f 119 117 116
f 51 121 122
f 121 51 50
f 123 124 125
f 124 123 126
f 127 123 128
f 123 127 126
f 129 128 130
f 128 129 127
f 131 132 133
f 132 131 134
f 135 133 136
f 133 135 131
f 137 135 136
f 135 137 138
f 139 138 137
f 138 139 140
f 125 141 142
f 141 125 124
f 143 140 139
f 140 143 144
f 142 144 143
f 144 142 141
f 134 145 132
f 145 134 146
f 54 147 53
f 147 54 148
f 148 110 147
f 110 148 109
f 149 150 151
f 150 149 152
f 153 154 155
f 154 153 156
f 157 158 159
f 158 157 160
f 161 162 163
f 162 161 164
f 165 159 166
f 159 165 157
f 146 166 145
f 166 146 165
f 167 163 168
f 163 167 161
f 169 156 153
f 156 169 170
f 152 171 150
f 171 152 172
f 172 130 171
f 130 172 129
f 173 174 175
f 174 173 176
f 155 177 178
f 177 155 154
f 178 176 173
f 176 178 177
f 175 158 160
f 158 175 174
f 169 151 170
f 151 169 149
f 179 180 181
f 180 179 182
f 183 184 185
f 184 183 186
f 187 188 189
f 188 187 190
f 191 192 193
f 192 191 194
f 195 181 196
f 181 195 179
f 185 197 198
f 197 185 184
f 198 199 200
f 199 198 197
f 200 201 202
f 201 200 199
f 195 186 183
f 186 195 196
f 122 58 55
f 58 122 121
f 203 204 205
f 204 203 206
f 207 205 208
f 205 207 203
f 209 210 211
f 210 209 212
f 206 189 204
f 189 206 187
f 193 213 214
f 213 193 192
f 215 194 191
f 194 215 216
f 217 216 215
f 216 217 218
f 212 208 210
f 208 212 207
f 214 209 211
f 209 214 213
f 219 218 217
f 218 219 220
f 221 219 222
f 219 221 220
f 202 188 190
f 188 202 201
f 182 223 180
f 223 182 224
f 225 226 227
f 226 225 228
f 227 229 230
f 229 227 226
f 231 232 233
f 232 231 234
f 235 236 237
f 236 235 238
f 239 240 241
f 240 239 242
f 243 234 231
f 234 243 244
f 245 246 247
f 246 245 248
f 249 244 243
f 244 249 250
f 251 250 249
f 250 251 252
f 164 251 162
f 251 164 252
f 224 253 223
f 253 224 254
f 255 237 256
f 237 255 235
f 238 168 236
f 168 238 167
f 230 257 258
f 257 230 229
f 258 259 260
f 259 258 257
f 260 261 262
f 261 260 259
f 242 261 240
f 261 242 262
f 255 228 225
f 228 255 256
f 254 222 253
f 222 254 221
f 263 241 264
f 241 263 239
f 248 264 246
f 264 248 263
f 265 247 266
f 247 265 245
f 267 265 266
f 265 267 268
f 233 268 267
f 268 233 232
f 269 270 271
f 270 269 272
f 273 274 275
f 274 273 276
f 277 278 279
f 278 277 280
f 281 271 282
f 271 281 269
f 275 283 284
f 283 275 274
f 272 285 270
f 285 272 286
f 287 288 289
f 288 287 290
f 291 292 293
f 292 291 294
f 295 296 297
f 296 295 298
f 285 299 300
f 299 285 286
f 301 302 303
f 302 301 304
f 289 295 297
f 295 289 288
f 305 293 306
f 293 305 291
f 307 282 308
f 282 307 281
f 309 306 310
f 306 309 305
f 311 308 312
f 308 311 307
f 298 310 296
f 310 298 309
f 303 290 287
f 290 303 302
f 300 313 314
f 313 300 299
f 294 283 292
f 283 294 284
f 315 316 317
f 316 315 318
f 319 320 321
f 320 319 322
f 323 322 319
f 322 323 324
f 325 324 323
f 324 325 326
f 321 327 328
f 327 321 320
f 329 326 325
f 326 329 330
f 331 332 333
f 332 331 334
f 318 327 316
f 327 318 328
f 335 336 337
f 336 335 338
f 339 330 329
f 330 339 340
f 341 342 343
f 342 341 344
f 334 337 332
f 337 334 335
f 345 341 346
f 341 345 344
f 339 333 340
f 333 339 331
f 347 348 349
f 348 347 350
f 338 346 336
f 346 338 345
f 343 351 352
f 351 343 342
f 353 354 355
f 354 353 356
f 355 357 358
f 357 355 354
f 359 317 360
f 317 359 315
f 361 362 363
f 362 361 364
f 365 366 367
f 366 365 368
f 369 370 371
f 370 369 372
f 373 374 375
f 374 373 376
f 377 378 379
f 378 377 380
f 381 382 383
f 382 381 384
f 385 383 386
f 383 385 381
f 387 388 389
f 388 387 390
f 391 392 393
f 392 391 394
f 380 363 378
f 363 380 361
f 362 368 365
f 368 362 364
f 393 372 369
f 372 393 392
f 376 395 374
f 395 376 396
f 396 379 395
f 379 396 377
f 384 397 382
f 397 384 398
f 399 388 390
f 388 399 400
f 398 389 397
f 389 398 387
f 373 394 391
f 394 373 375
f 401 402 403
f 402 401 404
f 371 400 399
f 400 371 370
f 405 406 407
f 406 405 408
f 406 409 407
f 409 406 410
f 410 411 409
f 411 410 412
f 412 413 411
f 413 412 414
f 414 415 413
f 415 414 416
f 416 417 415
f 417 416 418
f 418 419 417
f 419 418 420
f 421 419 420
f 419 421 422
f 96 422 421
f 422 96 95
f 423 408 405
f 408 423 424
f 403 424 423
f 424 403 402
f 425 426 427
f 426 425 428
f 429 430 431
f 430 429 432
f 431 433 434
f 433 431 430
f 435 436 437
f 436 435 438
f 439 440 441
f 440 439 442
f 443 444 445
f 444 443 446
f 447 432 429
f 432 447 448
f 434 449 450
f 449 434 433
f 451 448 447
f 448 451 452
f 453 427 454
f 427 453 425
f 451 441 452
f 441 451 439
f 442 455 440
f 455 442 456
f 450 426 428
f 426 450 449
f 457 458 459
f 458 457 460
f 460 461 458
f 461 460 462
f 463 356 353
f 356 463 464
f 446 465 444
f 465 446 466
f 461 464 463
f 464 461 462
f 456 459 455
f 459 456 457
f 466 454 465
f 454 466 453
f 436 445 437
f 445 436 443
f 467 468 469
f 468 467 470
f 471 472 473
f 472 471 474
f 475 476 477
f 476 475 478
f 479 480 481
f 480 479 482
f 483 484 485
f 484 483 486
f 487 488 489
f 488 487 490
f 491 492 493
f 492 491 494
f 494 489 492
f 489 494 487
f 495 496 497
f 496 495 498
f 499 500 501
f 500 499 502
f 503 504 505
f 504 503 506
f 507 508 509
f 508 507 510
f 511 512 513
f 512 511 514
f 515 510 507
f 510 515 516
f 517 516 515
f 516 517 518
f 519 520 521
f 520 519 522
f 469 506 503
f 506 469 468
f 523 524 525
f 524 523 526
f 527 528 529
f 528 527 530
f 531 532 533
f 532 531 534
f 525 486 483
f 486 525 524
f 508 493 509
f 493 508 491
f 521 518 517
f 518 521 520
f 535 522 519
f 522 535 536
f 477 537 538
f 537 477 476
f 504 533 505
f 533 504 531
f 514 539 512
f 539 514 540
f 502 541 500
f 541 502 542
f 543 544 545
f 544 543 546
f 523 547 526
f 547 523 548
f 549 544 550
f 544 549 545
f 548 501 547
f 501 548 499
f 534 551 532
f 551 534 552
f 474 553 472
f 553 474 554
f 471 555 556
f 555 471 473
f 557 558 559
f 558 557 560
f 561 513 562
f 513 561 511
f 563 564 565
f 564 563 566
f 539 567 568
f 567 539 540
f 485 569 570
f 569 485 484
f 570 546 543
f 546 570 569
f 559 111 113
f 111 559 558
f 490 550 488
f 550 490 549
f 571 560 557
f 560 571 572
f 556 530 527
f 530 556 555
f 529 566 563
f 566 529 528
f 554 562 553
f 562 554 561
f 538 572 571
f 572 538 537
f 573 497 574
f 497 573 495
f 552 574 551
f 574 552 573
f 565 496 498
f 496 565 564
f 575 470 467
f 470 575 576
f 482 475 480
f 475 482 478
f 568 576 575
f 576 568 567
f 577 578 579
f 578 577 580
f 581 582 583
f 582 581 584
f 585 586 587
f 586 585 588
f 589 590 591
f 590 589 592
f 593 587 594
f 587 593 585
f 595 596 597
f 596 595 598
f 599 600 601
f 600 599 602
f 603 602 599
f 602 603 604
f 605 606 607
f 606 605 608
f 609 610 611
f 610 609 612
f 613 614 615
f 614 613 616
f 592 617 590
f 617 592 618
f 589 616 613
f 616 589 591
f 619 620 621
f 620 619 622
f 623 624 625
f 624 623 626
f 627 628 629
f 628 627 630
f 631 632 633
f 632 631 634
f 582 634 631
f 634 582 584
f 611 635 636
f 635 611 610
f 637 594 638
f 594 637 593
f 639 638 640
f 638 639 637
f 618 641 617
f 641 618 642
f 643 535 644
f 535 643 536
f 645 580 577
f 580 645 646
f 639 647 648
f 647 639 640
f 648 649 650
f 649 648 647
f 651 652 653
f 652 651 654
f 650 655 656
f 655 650 649
f 657 658 659
f 658 657 660
f 630 661 628
f 661 630 662
f 595 663 664
f 663 595 597
f 665 666 667
f 666 665 668
f 669 665 667
f 665 669 670
f 615 671 672
f 671 615 614
f 601 654 651
f 654 601 600
f 598 629 596
f 629 598 627
f 673 674 675
f 674 673 676
f 668 675 666
f 675 668 673
f 664 612 609
f 612 664 663
f 622 578 620
f 578 622 579
f 660 677 658
f 677 660 678
f 679 607 680
f 607 679 605
f 542 644 541
f 644 542 643
f 676 680 674
f 680 676 679
f 681 603 682
f 603 681 604
f 624 659 625
f 659 624 657
f 672 646 645
f 646 672 671
f 683 626 623
f 626 683 684
f 685 606 608
f 606 685 686
f 633 687 688
f 687 633 632
f 689 583 690
f 583 689 581
f 688 684 683
f 684 688 687
f 642 690 641
f 690 642 689
f 653 670 669
f 670 653 652
f 662 682 661
f 682 662 681
f 678 621 677
f 621 678 619
f 636 686 685
f 686 636 635
f 691 692 693
f 692 691 694
f 695 696 697
f 696 695 698
f 699 700 701
f 700 699 702
f 703 704 705
f 704 703 706
f 707 708 709
f 708 707 710
f 588 711 586
f 711 588 712
f 708 701 709
f 701 708 699
f 706 713 704
f 713 706 714
f 715 716 717
f 716 715 718
f 719 720 721
f 720 719 722
f 723 710 707
f 710 723 724
f 725 726 727
f 726 725 728
f 729 721 730
f 721 729 719
f 731 732 733
f 732 731 734
f 735 736 737
f 736 735 738
f 739 740 741
f 740 739 742
f 743 741 744
f 741 743 739
f 745 744 746
f 744 745 743
f 747 748 749
f 748 747 750
f 751 752 753
f 752 751 754
f 755 754 751
f 754 755 756
f 757 756 755
f 756 757 758
f 759 760 761
f 760 759 762
f 714 763 713
f 763 714 764
f 702 705 700
f 705 702 703
f 765 766 767
f 766 765 768
f 765 734 731
f 734 765 767
f 722 761 720
f 761 722 759
f 769 718 715
f 718 769 770
f 771 772 773
f 772 771 774
f 775 771 776
f 771 775 774
f 742 777 740
f 777 742 778
f 760 758 757
f 758 760 762
f 779 776 780
f 776 779 775
f 781 782 783
f 782 781 784
f 785 783 786
f 783 785 781
f 787 788 789
f 788 787 790
f 789 791 792
f 791 789 788
f 753 750 747
f 750 753 752
f 793 724 723
f 724 793 794
f 795 728 725
f 728 795 796
f 792 797 798
f 797 792 791
f 798 799 800
f 799 798 797
f 712 795 711
f 795 712 796
f 801 746 802
f 746 801 745
f 803 738 735
f 738 803 804
f 748 802 749
f 802 748 801
f 656 698 695
f 698 656 655
f 773 770 769
f 770 773 772
f 727 794 793
f 794 727 726
f 697 763 764
f 763 697 696
f 787 786 790
f 786 787 785
f 800 694 691
f 694 800 799
f 737 777 778
f 777 737 736
f 733 804 803
f 804 733 732
f 768 730 766
f 730 768 729
f 784 780 782
f 780 784 779
f 717 805 806
f 805 717 716
f 807 808 809
f 808 807 810
f 811 812 813
f 812 811 814
f 813 815 816
f 815 813 812
f 817 818 819
f 818 817 820
f 821 822 823
f 822 821 824
f 825 826 827
f 826 825 828
f 829 828 825
f 828 829 830
f 831 832 833
f 832 831 834
f 816 835 836
f 835 816 815
f 837 838 839
f 838 837 840
f 841 839 842
f 839 841 837
f 843 844 845
f 844 843 846
f 820 847 818
f 847 820 848
f 849 850 851
f 850 849 852
f 853 854 855
f 854 853 856
f 857 858 859
f 858 857 860
f 851 861 862
f 861 851 850
f 863 864 865
f 864 863 866
f 867 868 869
f 868 867 870
f 860 869 858
f 869 860 867
f 866 871 864
f 871 866 872
f 873 859 874
f 859 873 857
f 875 692 876
f 692 875 693
f 877 868 870
f 868 877 878
f 806 879 880
f 879 806 805
f 862 878 877
f 878 862 861
f 881 882 883
f 882 881 884
f 836 846 843
f 846 836 835
f 872 885 871
f 885 872 886
f 887 809 888
f 809 887 807
f 889 890 891
f 890 889 892
f 891 893 894
f 893 891 890
f 883 892 889
f 892 883 882
f 811 855 814
f 855 811 853
f 895 896 897
f 896 895 898
f 856 833 854
f 833 856 831
f 845 896 898
f 896 845 844
f 899 881 900
f 881 899 884
f 848 901 847
f 901 848 902
f 823 817 819
f 817 823 822
f 903 904 905
f 904 903 906
f 907 824 821
f 824 907 908
f 827 908 907
f 908 827 826
f 909 829 910
f 829 909 830
f 834 910 832
f 910 834 909
f 911 897 912
f 897 911 895
f 887 913 914
f 913 887 888
f 902 912 901
f 912 902 911
f 886 876 885
f 876 886 875
f 810 905 808
f 905 810 903
f 915 874 916
f 874 915 873
f 906 900 904
f 900 906 899
f 917 918 919
f 918 917 920
f 894 920 917
f 920 894 893
f 914 852 849
f 852 914 913
f 879 865 880
f 865 879 863
f 918 916 919
f 916 918 915
f 921 922 923
f 922 921 924
f 925 926 927
f 926 925 928
f 929 928 925
f 928 929 930
f 840 931 838
f 931 840 932
f 933 934 935
f 934 933 936
f 937 938 939
f 938 937 940
f 941 942 943
f 942 941 944
f 945 946 947
f 946 945 948
f 949 950 951
f 950 949 952
f 953 954 955
f 954 953 956
f 957 958 959
f 958 957 960
f 932 961 931
f 961 932 962
f 963 964 965
f 964 963 966
f 967 960 957
f 960 967 968
f 969 970 971
f 970 969 972
f 969 842 972
f 842 969 841
f 973 974 975
f 974 973 976
f 943 977 978
f 977 943 942
f 966 979 964
f 979 966 980
f 981 953 982
f 953 981 956
f 983 984 985
f 984 983 986
f 971 987 988
f 987 971 970
f 989 985 990
f 985 989 983
f 988 940 937
f 940 988 987
f 955 936 933
f 936 955 954
f 991 975 992
f 975 991 973
f 993 968 967
f 968 993 994
f 995 944 941
f 944 995 996
f 997 952 949
f 952 997 998
f 976 999 974
f 999 976 1000
f 945 1001 1002
f 1001 945 947
f 1000 1003 999
f 1003 1000 1004
f 924 950 922
f 950 924 951
f 1005 1006 1007
f 1006 1005 1008
f 935 930 929
f 930 935 934
f 1009 994 993
f 994 1009 1010
f 1011 1012 1013
f 1012 1011 1014
f 1014 1015 1012
f 1015 1014 1016
f 1016 1009 1015
f 1009 1016 1010
f 926 965 927
f 965 926 963
f 1017 1013 1018
f 1013 1017 1011
f 1019 1018 1020
f 1018 1019 1017
f 1021 1020 1022
f 1020 1021 1019
f 986 982 984
f 982 986 981
f 1007 991 992
f 991 1007 1006
f 1021 1023 1024
f 1023 1021 1022
f 1025 1026 1027
f 1026 1025 1028
f 980 923 979
f 923 980 921
f 978 1008 1005
f 1008 978 977
f 939 1029 1030
f 1029 939 938
f 1004 1031 1003
f 1031 1004 1032
f 948 990 946
f 990 948 989
f 1032 1033 1031
f 1033 1032 1034
f 1030 1033 1034
f 1033 1030 1029
f 1002 1028 1025
f 1028 1002 1001
f 962 995 961
f 995 962 996
f 1027 998 997
f 998 1027 1026
f 1035 1036 1037
f 1036 1035 1038
f 1039 1040 1041
f 1040 1039 1042
f 1043 1044 1045
f 1044 1043 1046
f 1042 1047 1040
f 1047 1042 1048
f 1049 1039 1041
f 1039 1049 1050
f 1024 1051 1052
f 1051 1024 1023
f 1053 1045 1054
f 1045 1053 1043
f 1052 1055 1056
f 1055 1052 1051
f 1046 1057 1044
f 1057 1046 1058
f 1048 1054 1047
f 1054 1048 1053
f 1056 1038 1035
f 1038 1056 1055
f 1037 1057 1058
f 1057 1037 1036
f 959 1050 1049
f 1050 959 958
f 1059 1060 1061
f 1060 1059 1062
f 1063 1064 1065
f 1064 1063 1066
f 1067 1068 1069
f 1068 1067 1070
f 1071 1072 1073
f 1072 1071 1074
f 358 438 435
f 438 358 357
f 1075 1076 1077
f 1076 1075 1078
f 1079 1080 1081
f 1080 1079 1082
f 1083 1084 1085
f 1084 1083 1086
f 1076 1065 1077
f 1065 1076 1063
f 1087 1081 1088
f 1081 1087 1079
f 1082 1085 1080
f 1085 1082 1083
f 1087 1070 1067
f 1070 1087 1088
f 1069 1074 1071
f 1074 1069 1068
f 1089 1090 1091
f 1090 1089 1092
f 1090 1093 1094
f 1093 1090 1092
f 1073 1095 1096
f 1095 1073 1072
f 1086 1091 1084
f 1091 1086 1089
f 352 1062 1059
f 1062 352 351
f 1061 1078 1075
f 1078 1061 1060
f 1094 1097 1098
f 1097 1094 1093
f 1099 1100 1101
f 1100 1099 1102
f 1103 1104 1105
f 1104 1103 1106
f 1107 1108 1109
f 1108 1107 1110
f 1111 1112 1113
f 1112 1111 1114
f 1115 1116 1117
f 1116 1115 1118
f 1119 1120 1121
f 1120 1119 1122
f 1123 1124 1125
f 1124 1123 1126
f 1127 1128 1129
f 1128 1127 1130
f 1106 1131 1104
f 1131 1106 1132
f 1133 1134 1135
f 1134 1133 1136
f 1137 1138 1139
f 1138 1137 1140
f 1141 1142 1143
f 1142 1141 1144
f 1145 1135 1146
f 1135 1145 1133
f 1137 1147 1148
f 1147 1137 1139
f 1149 1150 1151
f 1150 1149 1152
f 1148 1153 1154
f 1153 1148 1147
f 1155 1156 1157
f 1156 1155 1158
f 1159 1160 1161
f 1160 1159 1162
f 1140 1146 1138
f 1146 1140 1145
f 1163 1110 1107
f 1110 1163 1164
f 1165 1166 1167
f 1166 1165 1168
f 1169 1167 1170
f 1167 1169 1165
f 1130 1171 1128
f 1171 1130 1172
f 1172 1173 1171
f 1173 1172 1174
f 1154 1158 1155
f 1158 1154 1153
f 1162 1175 1160
f 1175 1162 1176
f 1177 1178 1179
f 1178 1177 1180
f 1178 1181 1182
f 1181 1178 1180
f 1136 1179 1134
f 1179 1136 1177
f 1126 1183 1124
f 1183 1126 1184
f 1185 1122 1119
f 1122 1185 1186
f 1187 1188 1189
f 1188 1187 1190
f 1191 1170 1192
f 1170 1191 1169
f 1184 1193 1183
f 1193 1184 1194
f 1195 1196 1197
f 1196 1195 1198
f 1143 1193 1194
f 1193 1143 1142
f 1199 1103 1105
f 1103 1199 1200
f 1121 1114 1111
f 1114 1121 1120
f 1201 1144 1141
f 1144 1201 1202
f 1168 1185 1166
f 1185 1168 1186
f 1152 1192 1150
f 1192 1152 1191
f 1173 1203 1204
f 1203 1173 1174
f 1132 1125 1131
f 1125 1132 1123
f 1117 1202 1201
f 1202 1117 1116
f 1149 1118 1115
f 1118 1149 1151
f 1113 1200 1199
f 1200 1113 1112
f 1176 1205 1175
f 1205 1176 1206
f 1182 1207 1208
f 1207 1182 1181
f 1157 1190 1187
f 1190 1157 1156
f 1208 1164 1163
f 1164 1208 1207
f 1209 481 1210
f 481 1209 479
f 1211 1210 1212
f 1210 1211 1209
f 1102 1212 1100
f 1212 1102 1211
f 1198 1188 1196
f 1188 1198 1189
f 1206 1197 1205
f 1197 1206 1195
f 1109 1159 1161
f 1159 1109 1108
f 1213 1214 1215
f 1214 1213 1216
f 1217 1218 1219
f 1218 1217 1220
f 1221 1222 1223
f 1222 1221 1224
f 1225 1226 1227
f 1226 1225 1228
f 1229 1230 1231
f 1230 1229 1232
f 1233 1234 1235
f 1234 1233 1236
f 1237 1235 1238
f 1235 1237 1233
f 1239 1240 1241
f 1240 1239 1242
f 1243 1244 1245
f 1244 1243 1246
f 1247 1248 1249
f 1248 1247 1250
f 1251 1238 1252
f 1238 1251 1237
f 1241 1253 1254
f 1253 1241 1240
f 1255 1220 1217
f 1220 1255 1256
f 1257 1258 1259
f 1258 1257 1260
f 1261 1262 1263
f 1262 1261 1264
f 1259 1265 1266
f 1265 1259 1258
f 1267 1268 1269
f 1268 1267 1270
f 1271 1270 1267
f 1270 1271 1272
f 1273 1263 1274
f 1263 1273 1261
f 1275 1276 1277
f 1276 1275 1278
f 1279 1280 1281
f 1280 1279 1282
f 1283 1284 1285
f 1284 1283 1286
f 1249 1287 1288
f 1287 1249 1248
f 1289 1290 1291
f 1290 1289 1292
f 1293 1294 1295
f 1294 1293 1296
f 120 1297 1298
f 1297 120 119
f 1299 1242 1239
f 1242 1299 1300
f 1301 1295 1302
f 1295 1301 1293
f 1303 1272 1271
f 1272 1303 1304
f 1246 1290 1244
f 1290 1246 1291
f 1305 1306 1307
f 1306 1305 1308
f 1309 1310 1311
f 1310 1309 1312
f 1313 1312 1309
f 1312 1313 1314
f 1228 1315 1226
f 1315 1228 1316
f 1306 1317 1318
f 1317 1306 1308
f 1319 1274 1320
f 1274 1319 1273
f 1298 1321 1322
f 1321 1298 1297
f 57 1292 1289
f 1292 57 56
f 1316 1245 1315
f 1245 1316 1243
f 1229 1250 1247
f 1250 1229 1231
f 1310 1281 1311
f 1281 1310 1279
f 1288 1278 1275
f 1278 1288 1287
f 1282 1252 1280
f 1252 1282 1251
f 1216 1323 1214
f 1323 1216 1324
f 1213 1256 1255
f 1256 1213 1215
f 1254 1314 1313
f 1314 1254 1253
f 1286 1265 1284
f 1265 1286 1266
f 1296 1285 1294
f 1285 1296 1283
f 1232 1320 1230
f 1320 1232 1319
f 1324 1223 1323
f 1223 1324 1221
f 1325 1302 1326
f 1302 1325 1301
f 1269 1325 1326
f 1325 1269 1268
f 1264 1299 1262
f 1299 1264 1300
f 1219 1260 1257
f 1260 1219 1218
f 1318 1304 1303
f 1304 1318 1317
f 1224 1307 1222
f 1307 1224 1305
f 1321 1227 1322
f 1227 1321 1225
f 1277 1234 1236
f 1234 1277 1276
f 1327 1328 1329
f 1328 1327 1330
f 1331 1327 1332
f 1327 1331 1330
f 1333 1334 1335
f 1334 1333 1336
f 1337 1338 1339
f 1338 1337 1340
f 1341 1342 1343
f 1342 1341 1344
f 1345 1346 1347
f 1346 1345 1348
f 1343 1349 1350
f 1349 1343 1342
f 1351 1352 1353
f 1352 1351 1354
f 1339 1355 1356
f 1355 1339 1338
f 1357 1358 1359
f 1358 1357 1360
f 1361 1362 1363
f 1362 1361 1364
f 1365 1366 1367
f 1366 1365 1368
f 1364 1369 1362
f 1369 1364 1370
f 1353 1371 1372
f 1371 1353 1352
f 1373 1360 1357
f 1360 1373 1374
f 1375 1358 1376
f 1358 1375 1359
f 1377 1378 1379
f 1378 1377 1380
f 1381 1382 1383
f 1382 1381 1384
f 1385 1332 1386
f 1332 1385 1331
f 1387 1388 1389
f 1388 1387 1390
f 1391 1348 1345
f 1348 1391 1392
f 1393 1344 1341
f 1344 1393 1394
f 1395 1346 1396
f 1346 1395 1347
f 1397 1396 1398
f 1396 1397 1395
f 1399 1400 1401
f 1400 1399 1402
f 1401 1394 1393
f 1394 1401 1400
f 1378 1403 1379
f 1403 1378 1404
f 1405 1406 1407
f 1406 1405 1408
f 1372 1384 1381
f 1384 1372 1371
f 1409 1410 1411
f 1410 1409 1412
f 1413 1414 1415
f 1414 1413 1416
f 1417 1389 1418
f 1389 1417 1387
f 1417 1340 1337
f 1340 1417 1418
f 1404 1419 1403
f 1419 1404 1420
f 1329 1421 1422
f 1421 1329 1328
f 1423 1411 1424
f 1411 1423 1409
f 1422 1425 1426
f 1425 1422 1421
f 1099 1336 1333
f 1336 1099 1101
f 1427 1363 1428
f 1363 1427 1361
f 1383 1429 1430
f 1429 1383 1382
f 1335 1431 1432
f 1431 1335 1334
f 1432 1392 1391
f 1392 1432 1431
f 1433 1398 1434
f 1398 1433 1397
f 1435 1434 1436
f 1434 1435 1433
f 114 1436 112
f 1436 114 1435
f 1399 1428 1402
f 1428 1399 1427
f 1356 1374 1373
f 1374 1356 1355
f 1350 1410 1412
f 1410 1350 1349
f 1430 1405 1407
f 1405 1430 1429
f 1416 1424 1414
f 1424 1416 1423
f 1437 1386 1438
f 1386 1437 1385
f 1368 1376 1366
f 1376 1368 1375
f 1439 1351 1440
f 1351 1439 1354
f 1370 1440 1369
f 1440 1370 1439
f 1390 1438 1388
f 1438 1390 1437
f 1420 1367 1419
f 1367 1420 1365
f 1408 1415 1406
f 1415 1408 1413
f 1441 1380 1377
f 1380 1441 1442
f 1426 1442 1441
f 1442 1426 1425
f 1443 1444 1445
f 1444 1443 1446
f 1445 1447 1448
f 1447 1445 1444
f 1449 1450 1451
f 1450 1449 1452
f 1453 1454 1455
f 1454 1453 1456
f 1457 1455 1458
f 1455 1457 1453
f 1459 1460 1461
f 1460 1459 1462
f 1463 1464 1465
f 1464 1463 1466
f 1448 1467 1468
f 1467 1448 1447
f 1468 1469 1470
f 1469 1468 1467
f 1470 1471 1472
f 1471 1470 1469
f 1473 1474 1475
f 1474 1473 1476
f 1477 1478 1479
f 1478 1477 1480
f 1481 1482 1483
f 1482 1481 1484
f 1485 1486 1487
f 1486 1485 1488
f 1485 1489 1490
f 1489 1485 1487
f 1456 1473 1454
f 1473 1456 1476
f 1491 1492 1493
f 1492 1491 1494
f 1495 1496 1497
f 1496 1495 1498
f 1499 1464 1466
f 1464 1499 1500
f 1501 1483 1502
f 1483 1501 1481
f 1503 1462 1459
f 1462 1503 1504
f 1505 1506 1507
f 1506 1505 1508
f 1509 1510 1511
f 1510 1509 1512
f 1513 1514 1515
f 1514 1513 1516
f 1517 1518 1519
f 1518 1517 1520
f 1521 1522 1523
f 1522 1521 1524
f 1525 1524 1521
f 1524 1525 1526
f 1527 1520 1517
f 1520 1527 1528
f 1452 1479 1450
f 1479 1452 1477
f 1529 1526 1525
f 1526 1529 1530
f 1484 1531 1482
f 1531 1484 1532
f 1519 1498 1495
f 1498 1519 1518
f 1533 1534 1535
f 1534 1533 1536
f 1480 1535 1478
f 1535 1480 1533
f 1497 1500 1499
f 1500 1497 1496
f 1534 1530 1529
f 1530 1534 1536
f 1488 1537 1486
f 1537 1488 1538
f 1539 1508 1505
f 1508 1539 1540
f 1512 1541 1510
f 1541 1512 1542
f 1538 1458 1537
f 1458 1538 1457
f 1493 1540 1539
f 1540 1493 1492
f 1543 1506 1544
f 1506 1543 1507
f 1542 1515 1541
f 1515 1542 1513
f 1461 1509 1511
f 1509 1461 1460
f 1545 1546 1547
f 1546 1545 1548
f 1527 1451 1528
f 1451 1527 1449
f 1475 1549 1550
f 1549 1475 1474
f 1551 1502 1552
f 1502 1551 1501
f 1553 1551 1552
f 1551 1553 1554
f 1555 1547 1556
f 1547 1555 1545
f 1516 1544 1514
f 1544 1516 1543
f 1557 1556 1558
f 1556 1557 1555
f 1550 1504 1503
f 1504 1550 1549
f 1523 1554 1553
f 1554 1523 1522
f 1443 1558 1446
f 1558 1443 1557
f 1490 1494 1491
f 1494 1490 1489
f 1532 1465 1531
f 1465 1532 1463
f 1559 1560 1561
f 1560 1559 1562
f 1563 1564 1565
f 1564 1563 1566
f 1567 1568 1569
f 1568 1567 1570
f 1571 1561 1572
f 1561 1571 1559
f 1573 1574 1575
f 1574 1573 1576
f 1577 1578 1579
f 1578 1577 1580
f 1581 1582 1583
f 1582 1581 1584
f 1585 1575 1586
f 1575 1585 1573
f 1587 1588 1589
f 1588 1587 1590
f 1591 1592 1593
f 1592 1591 1594
f 1562 1595 1560
f 1595 1562 1596
f 1597 1598 1599
f 1598 1597 1600
f 1601 1602 1603
f 1602 1601 1604
f 1605 1606 1607
f 1606 1605 1608
f 1609 1603 1610
f 1603 1609 1601
f 1611 1612 1613
f 1612 1611 1614
f 1594 1615 1592
f 1615 1594 1616
f 1617 1593 1618
f 1593 1617 1591
f 1583 1619 1620
f 1619 1583 1582
f 1621 1622 1623
f 1622 1621 1624
f 1625 1618 1626
f 1618 1625 1617
f 1613 1570 1567
f 1570 1613 1612
f 1627 1628 1629
f 1628 1627 1630
f 1569 1631 1632
f 1631 1569 1568
f 1633 1634 1635
f 1634 1633 1636
f 1637 1638 1639
f 1638 1637 1640
f 1580 1634 1578
f 1634 1580 1635
f 1576 1641 1574
f 1641 1576 1642
f 1643 1644 1645
f 1644 1643 1646
f 1647 1585 1586
f 1585 1647 1648
f 1649 1650 1651
f 1650 1649 1652
f 1653 1652 1649
f 1652 1653 1654
f 1655 1654 1653
f 1654 1655 1656
f 1595 1624 1621
f 1624 1595 1596
f 1657 1608 1605
f 1608 1657 1658
f 1659 1572 1660
f 1572 1659 1571
f 1589 1602 1604
f 1602 1589 1588
f 1661 1662 1663
f 1662 1661 1664
f 1566 1639 1564
f 1639 1566 1637
f 1611 1565 1614
f 1565 1611 1563
f 1645 1665 1666
f 1665 1645 1644
f 1597 1584 1581
f 1584 1597 1599
f 1651 1648 1647
f 1648 1651 1650
f 1607 1667 1668
f 1667 1607 1606
f 1669 1670 1671
f 1670 1669 1672
f 1673 1669 1674
f 1669 1673 1672
f 1632 1636 1633
f 1636 1632 1631
f 1472 1615 1616
f 1615 1472 1471
f 1642 1579 1641
f 1579 1642 1577
f 1671 1675 1676
f 1675 1671 1670
f 1548 1674 1546
f 1674 1548 1673
f 1600 1660 1598
f 1660 1600 1659
f 1664 1610 1662
f 1610 1664 1609
f 1620 1590 1587
f 1590 1620 1619
f 1630 1626 1628
f 1626 1630 1625
f 1623 1658 1657
f 1658 1623 1622
f 1677 1663 1678
f 1663 1677 1661
f 1666 1627 1629
f 1627 1666 1665
f 1667 1678 1668
f 1678 1667 1677
f 1676 1646 1643
f 1646 1676 1675
f 1679 1680 1681
f 1680 1679 1682
f 1683 1684 1685
f 1684 1683 1686
f 1687 1688 1689
f 1688 1687 1690
f 1691 1692 1693
f 1692 1691 1694
f 1695 1696 1697
f 1696 1695 1698
f 1699 1700 1701
f 1700 1699 1702
f 1703 1704 1705
f 1704 1703 1706
f 1707 1705 1708
f 1705 1707 1703
f 1691 1709 1694
f 1709 1691 1710
f 1706 1711 1704
f 1711 1706 1712
f 1713 1708 1714
f 1708 1713 1707
f 1715 1716 1717
f 1716 1715 1718
f 1710 1719 1709
f 1719 1710 1720
f 1712 1701 1711
f 1701 1712 1699
f 1720 1129 1719
f 1129 1720 1127
f 1721 1713 1714
f 1713 1721 1722
f 1723 1722 1721
f 1722 1723 1724
f 1725 1724 1723
f 1724 1725 1726
f 1727 1726 1725
f 1726 1727 1728
f 1204 1728 1727
f 1728 1204 1203
f 1729 1656 1655
f 1656 1729 1730
f 1731 1732 1733
f 1732 1731 1734
f 1693 1734 1731
f 1734 1693 1692
f 1733 1698 1695
f 1698 1733 1732
f 1697 1700 1702
f 1700 1697 1696
f 1735 1689 1736
f 1689 1735 1687
f 1737 1738 1739
f 1738 1737 1740
f 1741 1742 1743
f 1742 1741 1744
f 1745 1736 1746
f 1736 1745 1735
f 1747 1748 1749
f 1748 1747 1750
f 1751 1749 1752
f 1749 1751 1747
f 1684 1718 1715
f 1718 1684 1686
f 1753 1754 1755
f 1754 1753 1756
f 1690 1685 1688
f 1685 1690 1683
f 1757 1746 1758
f 1746 1757 1745
f 1759 1760 1761
f 1760 1759 1762
f 1761 1763 1764
f 1763 1761 1760
f 1750 1765 1748
f 1765 1750 1766
f 1744 1752 1742
f 1752 1744 1751
f 1767 1729 1768
f 1729 1767 1730
f 1757 1740 1737
f 1740 1757 1758
f 1754 1743 1755
f 1743 1754 1741
f 1764 1765 1766
f 1765 1764 1763
f 1739 1762 1759
f 1762 1739 1738
f 1681 1756 1753
f 1756 1681 1680
f 1640 1768 1638
f 1768 1640 1767
f 1717 1682 1679
f 1682 1717 1716
f 1769 1770 1771
f 1770 1769 1772
f 1773 1774 1775
f 1774 1773 1776
f 1777 1778 1779
f 1778 1777 1780
f 1781 1782 1783
f 1782 1781 1784
f 1785 1784 1781
f 1784 1785 1786
f 1777 1787 1788
f 1787 1777 1779
f 1789 1790 1791
f 1790 1789 1792
f 1793 1794 1795
f 1794 1793 1796
f 1797 1782 1798
f 1782 1797 1783
f 1780 1799 1778
f 1799 1780 1800
f 1801 1792 1789
f 1792 1801 1802
f 1788 1776 1773
f 1776 1788 1787
f 1800 1803 1799
f 1803 1800 1804
f 1805 1806 1807
f 1806 1805 1808
f 1804 1809 1803
f 1809 1804 1810
f 1810 1811 1809
f 1811 1810 1812
f 1813 1814 1815
f 1814 1813 1816
f 1812 1817 1811
f 1817 1812 1818
f 1819 1820 1821
f 1820 1819 1822
f 1823 1824 1825
f 1824 1823 1826
f 1827 1807 1828
f 1807 1827 1805
f 1829 1828 1830
f 1828 1829 1827
f 1831 1832 1833
f 1832 1831 1834
f 1826 1835 1824
f 1835 1826 1836
f 1833 1837 1838
f 1837 1833 1832
f 1839 1830 1840
f 1830 1839 1829
f 1808 1819 1806
f 1819 1808 1822
f 1841 1840 1842
f 1840 1841 1839
f 1843 1802 1801
f 1802 1843 1844
f 1845 1846 1847
f 1846 1845 1848
f 1847 1834 1831
f 1834 1847 1846
f 1837 1849 1838
f 1849 1837 1850
f 1851 1852 1853
f 1852 1851 1854
f 1855 1816 1813
f 1816 1855 1856
f 1857 1858 1859
f 1858 1857 1860
f 1861 1793 1862
f 1793 1861 1796
f 1795 1848 1845
f 1848 1795 1794
f 1863 1771 1864
f 1771 1863 1769
f 1865 1862 1866
f 1862 1865 1861
f 1857 1864 1860
f 1864 1857 1863
f 1821 1867 1868
f 1867 1821 1820
f 1791 1869 1870
f 1869 1791 1790
f 1772 1866 1770
f 1866 1772 1865
f 1869 1871 1870
f 1871 1869 1872
f 1859 1873 1874
f 1873 1859 1858
f 1815 1835 1836
f 1835 1815 1814
f 1872 1875 1871
f 1875 1872 1876
f 1876 1877 1875
f 1877 1876 1878
f 1878 1879 1877
f 1879 1878 1880
f 1880 1798 1879
f 1798 1880 1797
f 1775 1786 1785
f 1786 1775 1774
f 1874 1856 1855
f 1856 1874 1873
f 1850 1853 1849
f 1853 1850 1851
f 1854 1825 1852
f 1825 1854 1823
f 1881 1882 1883
f 1882 1881 1884
f 1885 1886 1887
f 1886 1885 1888
f 1889 1890 1891
f 1890 1889 1892
f 1888 1893 1886
f 1893 1888 1894
f 1895 1896 1897
f 1896 1895 1898
f 1899 1900 1901
f 1900 1899 1902
f 1902 1903 1900
f 1903 1902 1904
f 1883 1905 1906
f 1905 1883 1882
f 1817 1907 1908
f 1907 1817 1818
f 1909 1897 1910
f 1897 1909 1895
f 1904 1911 1903
f 1911 1904 1912
f 1913 1914 1915
f 1914 1913 1916
f 1898 1917 1896
f 1917 1898 1918
f 1917 1919 1920
f 1919 1917 1918
f 1921 1916 1913
f 1916 1921 1922
f 1923 1924 1925
f 1924 1923 1926
f 1921 1891 1922
f 1891 1921 1889
f 1925 1927 1928
f 1927 1925 1924
f 1912 1887 1911
f 1887 1912 1885
f 1908 1844 1843
f 1844 1908 1907
f 1929 1899 1901
f 1899 1929 1930
f 1906 1893 1894
f 1893 1906 1905
f 1928 1930 1929
f 1930 1928 1927
f 1915 1884 1881
f 1884 1915 1914
f 1892 1910 1890
f 1910 1892 1909
f 1931 1932 1933
f 1932 1931 1934
f 1935 1936 1937
f 1936 1935 1938
f 1931 1939 1934
f 1939 1931 1940
f 1941 1942 1943
f 1942 1941 1944
f 1940 1945 1939
f 1945 1940 1946
f 1946 1947 1945
f 1947 1946 1948
f 1949 1950 1951
f 1950 1949 1952
f 1953 280 277
f 280 1953 1954
f 1937 1955 1956
f 1955 1937 1936
f 1957 1958 1959
f 1958 1957 1960
f 1961 1962 1963
f 1962 1961 1964
f 1965 1960 1957
f 1960 1965 1966
f 1967 1966 1965
f 1966 1967 1968
f 1969 1968 1967
f 1968 1969 1970
f 1969 1971 1970
f 1971 1969 1972
f 1973 1974 1975
f 1974 1973 1976
f 1977 1978 1979
f 1978 1977 1980
f 1964 1981 1962
f 1981 1964 1982
f 1975 1983 1984
f 1983 1975 1974
f 1959 1944 1941
f 1944 1959 1958
f 1984 1985 1986
f 1985 1984 1983
f 1972 1987 1971
f 1987 1972 1988
f 1988 1989 1987
f 1989 1988 1990
f 1990 1991 1989
f 1991 1990 1992
f 1993 1994 1995
f 1994 1993 1996
f 1995 1997 1998
f 1997 1995 1994
f 1985 1999 1986
f 1999 1985 2000
f 2001 1993 2002
f 1993 2001 1996
f 1992 2002 1991
f 2002 1992 2001
f 2000 2003 1999
f 2003 2000 2004
f 2005 2006 2007
f 2006 2005 2008
f 2004 2009 2003
f 2009 2004 2010
f 1956 1977 1979
f 1977 1956 1955
f 2010 2007 2009
f 2007 2010 2005
f 2008 2011 2006
f 2011 2008 2012
f 2013 2011 2012
f 2011 2013 2014
f 2015 2014 2013
f 2014 2015 2016
f 1980 2017 1978
f 2017 1980 2018
f 1982 1942 1981
f 1942 1982 1943
f 2019 1976 1973
f 1976 2019 2020
f 1951 2016 2015
f 2016 1951 1950
f 1933 1952 1949
f 1952 1933 1932
f 2018 1963 2017
f 1963 2018 1961
f 1998 1938 1935
f 1938 1998 1997
f 2021 2022 2023
f 2022 2021 2024
f 2025 2026 2027
f 2026 2025 2028
f 2026 2029 2030
f 2029 2026 2028
f 2031 2032 2033
f 2032 2031 2034
f 2035 2036 2037
f 2036 2035 2038
f 2039 2040 2041
f 2040 2039 2042
f 2034 2043 2032
f 2043 2034 2044
f 2045 2046 2047
f 2046 2045 2048
f 2049 2050 2051
f 2050 2049 2052
f 2053 2054 2055
f 2054 2053 2056
f 2030 2057 2058
f 2057 2030 2029
f 2059 2060 2061
f 2060 2059 2062
f 2047 2063 2064
f 2063 2047 2046
f 2065 2066 2067
f 2066 2065 2068
f 2069 2070 2071
f 2070 2069 2072
f 2073 2061 2074
f 2061 2073 2059
f 2024 2027 2022
f 2027 2024 2025
f 2067 2038 2035
f 2038 2067 2066
f 2075 2033 2076
f 2033 2075 2031
f 2077 2078 2079
f 2078 2077 2080
f 2070 2081 2071
f 2081 2070 2082
f 2083 2041 2084
f 2041 2083 2039
f 2085 2080 2077
f 2080 2085 2086
f 2087 2060 2062
f 2060 2087 2088
f 2089 2076 2090
f 2076 2089 2075
f 2042 2036 2040
f 2036 2042 2037
f 2091 2092 2093
f 2092 2091 2094
f 2095 2090 2096
f 2090 2095 2089
f 2097 2098 2099
f 2098 2097 2100
f 2043 2048 2045
f 2048 2043 2044
f 2101 2102 2103
f 2102 2101 2104
f 2105 2068 2065
f 2068 2105 2106
f 2107 2074 2108
f 2074 2107 2073
f 2055 2101 2103
f 2101 2055 2054
f 2104 2109 2102
f 2109 2104 2110
f 2093 2106 2105
f 2106 2093 2092
f 2091 2096 2094
f 2096 2091 2095
f 2064 2056 2053
f 2056 2064 2063
f 2082 2111 2081
f 2111 2082 2112
f 2079 2088 2087
f 2088 2079 2078
f 2112 2108 2111
f 2108 2112 2107
f 2051 2086 2085
f 2086 2051 2050
f 2049 2113 2052
f 2113 2049 2114
f 2114 2115 2113
f 2115 2114 2116
f 2099 2072 2069
f 2072 2099 2098
f 2058 2100 2097
f 2100 2058 2057
f 2110 2084 2109
f 2084 2110 2083
f 2116 2023 2115
f 2023 2116 2021
f 2117 2118 2119
f 2118 2117 2120
f 2121 2120 2117
f 2120 2121 2122
f 2123 2124 2125
f 2124 2123 2126
f 1066 360 1064
f 360 1066 359
f 2119 2127 2128
f 2127 2119 2118
f 2127 2129 2128
f 2129 2127 2130
f 2131 2132 2133
f 2132 2131 2134
f 2135 2136 2137
f 2136 2135 2138
f 2134 2139 2132
f 2139 2134 2140
f 2141 2142 2143
f 2142 2141 2144
f 1098 2122 2121
f 2122 1098 1097
f 2145 2125 2146
f 2125 2145 2123
f 2147 2138 2135
f 2138 2147 2148
f 2149 2150 2151
f 2150 2149 2152
f 2130 2133 2129
f 2133 2130 2131
f 2140 2151 2139
f 2151 2140 2149
f 2126 2153 2124
f 2153 2126 2154
f 2154 2143 2153
f 2143 2154 2141
f 2145 2155 2156
f 2155 2145 2146
f 2144 2147 2142
f 2147 2144 2148
f 2157 2158 2159
f 2158 2157 2160
f 2161 2162 2163
f 2162 2161 2164
f 1096 2150 2152
f 2150 1096 1095
f 2159 2165 2166
f 2165 2159 2158
f 2167 2168 2169
f 2168 2167 2170
f 2171 2169 2172
f 2169 2171 2167
f 2170 2173 2168
f 2173 2170 2174
f 2175 2176 2177
f 2176 2175 2178
f 2137 2178 2175
f 2178 2137 2136
f 2179 2180 2181
f 2180 2179 2182
f 2183 2184 2185
f 2184 2183 2186
f 2177 2182 2179
f 2182 2177 2176
f 2173 2186 2183
f 2186 2173 2174
f 2180 2187 2181
f 2187 2180 2188
f 2188 2189 2187
f 2189 2188 2190
f 2190 2163 2189
f 2163 2190 2161
f 2164 2191 2162
f 2191 2164 2192
f 2192 2165 2191
f 2165 2192 2166
f 2193 2160 2157
f 2160 2193 2194
f 2195 2194 2193
f 2194 2195 2196
f 2197 2198 2199
f 2198 2197 2200
f 2201 2197 2202
f 2197 2201 2200
f 2199 2020 2019
f 2020 2199 2198
f 2203 2204 2205
f 2204 2203 2206
f 2207 2208 2209
f 2208 2207 2210
f 2208 2211 2212
f 2211 2208 2210
f 1948 2213 1947
f 2213 1948 2214
f 1841 2215 2216
f 2215 1841 1842
f 2217 2218 2219
f 2218 2217 2220
f 2212 304 301
f 304 2212 2211
f 2221 1954 1953
f 1954 2221 2222
f 2223 2220 2217
f 2220 2223 2224
f 2225 2226 2227
f 2226 2225 2228
f 2225 2224 2223
f 2224 2225 2227
f 2206 2209 2204
f 2209 2206 2207
f 2228 2229 2226
f 2229 2228 2230
f 2230 2205 2229
f 2205 2230 2203
f 2214 2202 2213
f 2202 2214 2201
f 2231 2232 2233
f 2232 2231 2234
f 76 2235 74
f 2235 76 2236
f 2237 2238 2239
f 2238 2237 2240
f 367 2241 2242
f 2241 367 366
f 2243 2244 2245
f 2244 2243 2246
f 2247 2248 2249
f 2248 2247 2250
f 2242 2251 2252
f 2251 2242 2241
f 2252 2253 2254
f 2253 2252 2251
f 2254 2255 2256
f 2255 2254 2253
f 2257 2258 2259
f 2258 2257 2260
f 2250 2261 2248
f 2261 2250 2262
f 2262 2239 2261
f 2239 2262 2237
f 2263 2260 2257
f 2260 2263 2264
f 2259 2234 2231
f 2234 2259 2258
f 2240 2245 2238
f 2245 2240 2243
f 2265 2266 2267
f 2266 2265 2268
f 2269 2172 2270
f 2172 2269 2171
f 2233 2235 2236
f 2235 2233 2232
f 2247 2264 2263
f 2264 2247 2249
f 2244 2268 2265
f 2268 2244 2246
f 2255 386 2256
f 386 2255 385
f 2267 2271 2272
f 2271 2267 2266
f 2273 2274 2275
f 2274 2273 2276
f 2272 2276 2273
f 2276 2272 2271
f 2275 2277 2278
f 2277 2275 2274
f 2277 2279 2278
f 2279 2277 2280
f 2280 2281 2279
f 2281 2280 2282
f 2282 2283 2281
f 2283 2282 2284
f 2284 75 2283
f 75 2284 73
f 2285 2286 2287
f 2286 2285 2288
f 2289 2290 2291
f 2290 2289 2292
f 2292 2293 2290
f 2293 2292 2294
f 2295 2296 2297
f 2296 2295 2298
f 2299 2300 2301
f 2300 2299 2302
f 2296 2291 2297
f 2291 2296 2289
f 350 2303 348
f 2303 350 2304
f 2287 2298 2295
f 2298 2287 2286
f 2305 2306 2307
f 2306 2305 2308
f 2309 2310 2311
f 2310 2309 2312
f 2313 2314 2315
f 2314 2313 2316
f 2317 2316 2313
f 2316 2317 2318
f 2303 2302 2299
f 2302 2303 2304
f 2219 276 273
f 276 2219 2218
f 314 2288 2285
f 2288 314 313
f 2311 2319 2320
f 2319 2311 2310
f 2321 2312 2309
f 2312 2321 2322
f 2315 2322 2321
f 2322 2315 2314
f 2294 2307 2293
f 2307 2294 2305
f 2308 2319 2306
f 2319 2308 2320
f 2323 2324 2325
f 2324 2323 2326
f 2327 2328 2329
f 2328 2327 2330
f 2331 2330 2327
f 2330 2331 2332
f 2333 2332 2331
f 2332 2333 2334
f 2335 2336 2337
f 2336 2335 2338
f 2335 2334 2333
f 2334 2335 2337
f 2338 2339 2336
f 2339 2338 2340
f 2340 2341 2339
f 2341 2340 2342
f 2342 349 2341
f 349 2342 347
f 2343 2325 2344
f 2325 2343 2323
f 2345 2346 2347
f 2346 2345 2348
f 2317 312 2318
f 312 2317 311
f 2301 2349 2350
f 2349 2301 2300
f 2350 2351 2352
f 2351 2350 2349
f 2352 2353 2354
f 2353 2352 2351
f 2355 2356 2357
f 2356 2355 2358
f 2326 2347 2324
f 2347 2326 2345
f 2359 2346 2348
f 2346 2359 2360
f 2329 2360 2359
f 2360 2329 2328
f 2354 2355 2357
f 2355 2354 2353
f 2358 2344 2356
f 2344 2358 2343
f 2361 2362 2363
f 2362 2361 2364
f 2365 2366 2367
f 2366 2365 2368
f 2368 2270 2366
f 2270 2368 2269
f 100 404 401
f 404 100 99
f 2369 2370 2371
f 2370 2369 2372
f 2372 2373 2370
f 2373 2372 2374
f 2375 2376 2377
f 2376 2375 2378
f 2156 2196 2195
f 2196 2156 2155
f 2185 2379 2380
f 2379 2185 2184
f 2381 2382 2383
f 2382 2381 2384
f 2384 2385 2382
f 2385 2384 2386
f 2363 2373 2374
f 2373 2363 2362
f 2380 2387 2388
f 2387 2380 2379
f 2388 2389 2390
f 2389 2388 2387
f 2386 2391 2385
f 2391 2386 2392
f 2393 2364 2361
f 2364 2393 2394
f 2377 2394 2393
f 2394 2377 2376
f 2365 2378 2375
f 2378 2365 2367
f 2390 2381 2383
f 2381 2390 2389
f 2392 2371 2391
f 2371 2392 2369
f 2395 2396 2397
f 2396 2395 2398
f 2399 2400 2401
f 2400 2399 2402
f 2403 2404 2405
f 2404 2403 2406
f 19 2399 17
f 2399 19 2407
f 2399 2407 2402
f 2402 2407 2408
f 17 2409 2410
f 2409 17 2399
f 2410 2409 2408
f 2410 2408 2407
f 2411 2412 2413
f 2412 2411 2414
f 2415 2416 2407
f 2416 2415 2417
f 2417 2415 2418
f 2417 2418 2419
f 2419 2418 2420
f 2420 2418 2421
f 2421 2418 2422
f 2422 2418 2423
f 2423 2418 2424
f 2424 2418 2425
f 2425 2418 2426
f 2426 2418 2427
f 2427 2418 2428
f 2428 2418 2429
f 2429 2418 2430
f 2430 2418 2431
f 2431 2418 2432
f 2432 2418 2433
f 2433 2418 2434
f 2434 2418 2435
f 2435 2418 2413
f 2413 2418 2077
f 2077 2418 2065
f 2065 2418 1881
f 1881 2418 1775
f 1775 2418 1855
f 1855 2418 2436
f 2436 2418 2437
f 2437 2418 2438
f 2438 2418 2439
f 2439 2418 1951
f 1951 2418 1957
f 1957 2418 2219
f 2219 2418 2321
f 2321 2418 2327
f 2327 2418 431
f 431 2418 323
f 323 2418 1071
f 1071 2418 2193
f 2193 2418 2393
f 2393 2418 79
f 79 2418 369
f 369 2418 2259
f 2407 2266 2410
f 2266 2407 2271
f 2271 2407 2416
f 2271 2416 2440
f 2271 2440 2441
f 2271 2441 2442
f 2271 2442 2443
f 2271 2443 62
f 2271 62 2444
f 2271 2444 2445
f 2271 2445 2100
f 2271 2100 2063
f 2271 2063 1924
f 2271 1924 1802
f 2271 1802 1846
f 2271 1846 2446
f 2271 2446 2447
f 2271 2447 2448
f 2271 2448 1954
f 2271 1954 1976
f 2271 1976 1938
f 2271 1938 302
f 2271 302 2288
f 2271 2288 2349
f 2271 2349 354
f 2271 354 1062
f 2271 1062 2122
f 2271 2122 2178
f 2271 2178 2379
f 2271 2379 402
f 2271 402 2241
f 2410 2266 2268
f 2410 2268 2246
f 2410 2246 2243
f 2410 2243 2240
f 2410 2240 2237
f 2410 2237 2262
f 2410 2262 2250
f 2410 2250 2247
f 2410 2247 2263
f 2410 2263 2257
f 2410 2257 2259
f 2410 2259 2418
f 366 2271 2241
f 2271 366 2276
f 2276 366 368
f 2276 368 2274
f 2274 368 364
f 2274 364 2277
f 2277 364 361
f 2277 361 2280
f 2280 361 380
f 2280 380 2282
f 2282 380 377
f 2282 377 2284
f 2284 377 396
f 2284 396 73
f 73 396 376
f 73 376 76
f 76 376 373
f 76 373 2236
f 2236 373 391
f 2236 391 2233
f 2233 391 393
f 2233 393 2231
f 2231 393 369
f 2231 369 2259
f 404 2241 402
f 2241 404 2251
f 2251 404 99
f 2251 99 2253
f 2253 99 98
f 2253 98 2255
f 2255 98 94
f 2255 94 385
f 385 94 92
f 385 92 381
f 381 92 84
f 381 84 384
f 384 84 81
f 384 81 398
f 398 81 90
f 398 90 387
f 387 90 85
f 387 85 390
f 390 85 87
f 390 87 399
f 399 87 77
f 399 77 371
f 371 77 79
f 371 79 369
f 2184 402 2379
f 402 2184 424
f 424 2184 2186
f 424 2186 408
f 408 2186 2174
f 408 2174 406
f 406 2174 2170
f 406 2170 410
f 410 2170 2167
f 410 2167 412
f 412 2167 2171
f 412 2171 414
f 414 2171 2269
f 414 2269 416
f 416 2269 2368
f 416 2368 418
f 418 2368 2365
f 418 2365 420
f 420 2365 2375
f 420 2375 421
f 421 2375 2377
f 421 2377 96
f 96 2377 2393
f 96 2393 79
f 2136 2379 2178
f 2379 2136 2387
f 2387 2136 2138
f 2387 2138 2389
f 2389 2138 2148
f 2389 2148 2381
f 2381 2148 2144
f 2381 2144 2384
f 2384 2144 2141
f 2384 2141 2386
f 2386 2141 2154
f 2386 2154 2392
f 2392 2154 2126
f 2392 2126 2369
f 2369 2126 2123
f 2369 2123 2372
f 2372 2123 2145
f 2372 2145 2374
f 2374 2145 2156
f 2374 2156 2363
f 2363 2156 2195
f 2363 2195 2361
f 2361 2195 2193
f 2361 2193 2393
f 1097 2178 2122
f 2178 1097 2176
f 2176 1097 1093
f 2176 1093 2182
f 2182 1093 1092
f 2182 1092 2180
f 2180 1092 1089
f 2180 1089 2188
f 2188 1089 1086
f 2188 1086 2190
f 2190 1086 1083
f 2190 1083 2161
f 2161 1083 1082
f 2161 1082 2164
f 2164 1082 1079
f 2164 1079 2192
f 2192 1079 1087
f 2192 1087 2166
f 2166 1087 1067
f 2166 1067 2159
f 2159 1067 1069
f 2159 1069 2157
f 2157 1069 1071
f 2157 1071 2193
f 351 2122 1062
f 2122 351 2120
f 2120 351 342
f 2120 342 2118
f 2118 342 344
f 2118 344 2127
f 2127 344 345
f 2127 345 2130
f 2130 345 338
f 2130 338 2131
f 2131 338 335
f 2131 335 2134
f 2134 335 334
f 2134 334 2140
f 2140 334 331
f 2140 331 2149
f 2149 331 339
f 2149 339 2152
f 2152 339 329
f 2152 329 1096
f 1096 329 325
f 1096 325 1073
f 1073 325 323
f 1073 323 1071
f 356 1062 354
f 1062 356 1060
f 1060 356 464
f 1060 464 1078
f 1078 464 462
f 1078 462 1076
f 1076 462 460
f 1076 460 1063
f 1063 460 457
f 1063 457 1066
f 1066 457 456
f 1066 456 359
f 359 456 442
f 359 442 315
f 315 442 439
f 315 439 318
f 318 439 451
f 318 451 328
f 328 451 447
f 328 447 321
f 321 447 429
f 321 429 319
f 319 429 431
f 319 431 323
f 2300 354 2349
f 354 2300 357
f 357 2300 2302
f 357 2302 438
f 438 2302 2304
f 438 2304 436
f 436 2304 350
f 436 350 443
f 443 350 347
f 443 347 446
f 446 347 2342
f 446 2342 466
f 466 2342 2340
f 466 2340 453
f 453 2340 2338
f 453 2338 425
f 425 2338 2335
f 425 2335 428
f 428 2335 2333
f 428 2333 450
f 450 2333 2331
f 450 2331 434
f 434 2331 2327
f 434 2327 431
f 313 2349 2288
f 2349 313 2351
f 2351 313 299
f 2351 299 2353
f 2353 299 286
f 2353 286 2355
f 2355 286 272
f 2355 272 2358
f 2358 272 269
f 2358 269 2343
f 2343 269 281
f 2343 281 2323
f 2323 281 307
f 2323 307 2326
f 2326 307 311
f 2326 311 2345
f 2345 311 2317
f 2345 2317 2348
f 2348 2317 2313
f 2348 2313 2359
f 2359 2313 2315
f 2359 2315 2329
f 2329 2315 2321
f 2329 2321 2327
f 304 2288 302
f 2288 304 2286
f 2286 304 2211
f 2286 2211 2298
f 2298 2211 2210
f 2298 2210 2296
f 2296 2210 2207
f 2296 2207 2289
f 2289 2207 2206
f 2289 2206 2292
f 2292 2206 2203
f 2292 2203 2294
f 2294 2203 2230
f 2294 2230 2305
f 2305 2230 2228
f 2305 2228 2308
f 2308 2228 2225
f 2308 2225 2320
f 2320 2225 2223
f 2320 2223 2311
f 2311 2223 2217
f 2311 2217 2309
f 2309 2217 2219
f 2309 2219 2321
f 1997 302 1938
f 302 1997 290
f 290 1997 1994
f 290 1994 288
f 288 1994 1996
f 288 1996 295
f 295 1996 2001
f 295 2001 298
f 298 2001 1992
f 298 1992 309
f 309 1992 1990
f 309 1990 305
f 305 1990 1988
f 305 1988 291
f 291 1988 1972
f 291 1972 294
f 294 1972 1969
f 294 1969 284
f 284 1969 1967
f 284 1967 275
f 275 1967 1965
f 275 1965 273
f 273 1965 1957
f 273 1957 2219
f 2020 1938 1976
f 1938 2020 1936
f 1936 2020 2198
f 1936 2198 1955
f 1955 2198 2200
f 1955 2200 1977
f 1977 2200 2201
f 1977 2201 1980
f 1980 2201 2214
f 1980 2214 2018
f 2018 2214 1948
f 2018 1948 1961
f 1961 1948 1946
f 1961 1946 1964
f 1964 1946 1940
f 1964 1940 1982
f 1982 1940 1931
f 1982 1931 1943
f 1943 1931 1933
f 1943 1933 1941
f 1941 1933 1949
f 1941 1949 1959
f 1959 1949 1951
f 1959 1951 1957
f 2222 1976 1954
f 1976 2222 1974
f 1974 2222 2449
f 1974 2449 1983
f 1983 2449 2450
f 1983 2450 1985
f 1985 2450 2451
f 1985 2451 2000
f 2000 2451 2452
f 2000 2452 2004
f 2004 2452 2453
f 2004 2453 2010
f 2010 2453 2454
f 2010 2454 2005
f 2005 2454 2455
f 2005 2455 2008
f 2008 2455 2456
f 2008 2456 2012
f 2012 2456 2457
f 2012 2457 2013
f 2013 2457 2458
f 2013 2458 2015
f 2015 2458 2439
f 2015 2439 1951
f 2459 1954 2448
f 1954 2459 280
f 280 2459 2460
f 280 2460 278
f 278 2460 2461
f 278 2461 2462
f 2462 2461 2463
f 2462 2463 2464
f 2464 2463 2465
f 2464 2465 2466
f 2466 2465 2467
f 2466 2467 2468
f 2468 2467 2469
f 2468 2469 2470
f 2470 2469 2471
f 2470 2471 2472
f 2472 2471 2473
f 2472 2473 2474
f 2474 2473 2475
f 2474 2475 2476
f 2476 2475 2477
f 2476 2477 2478
f 2478 2477 2438
f 2478 2438 2439
f 2479 2448 2447
f 2448 2479 2480
f 2480 2479 2481
f 2480 2481 2482
f 2482 2481 2483
f 2482 2483 2484
f 2484 2483 2485
f 2484 2485 2486
f 2486 2485 2487
f 2486 2487 2488
f 2488 2487 2489
f 2488 2489 2490
f 2490 2489 2491
f 2490 2491 2492
f 2492 2491 2493
f 2492 2493 2494
f 2494 2493 2495
f 2494 2495 2496
f 2496 2495 2497
f 2496 2497 2498
f 2498 2497 2499
f 2498 2499 2500
f 2500 2499 2437
f 2500 2437 2438
f 1867 2447 2446
f 2447 1867 2501
f 2501 1867 1820
f 2501 1820 2502
f 2502 1820 1822
f 2502 1822 2503
f 2503 1822 1808
f 2503 1808 2504
f 2504 1808 1805
f 2504 1805 2505
f 2505 1805 1827
f 2505 1827 2506
f 2506 1827 1829
f 2506 1829 2507
f 2507 1829 1839
f 2507 1839 2508
f 2508 1839 1841
f 2508 1841 2509
f 2509 1841 2216
f 2509 2216 2510
f 2510 2216 2511
f 2510 2511 2512
f 2512 2511 2436
f 2512 2436 2437
f 1848 2446 1846
f 2446 1848 2513
f 2513 1848 1794
f 2513 1794 2514
f 2514 1794 1796
f 2514 1796 2515
f 2515 1796 1861
f 2515 1861 2516
f 2516 1861 1865
f 2516 1865 2517
f 2517 1865 1772
f 2517 1772 2518
f 2518 1772 1769
f 2518 1769 2519
f 2519 1769 1863
f 2519 1863 2520
f 2520 1863 1857
f 2520 1857 2521
f 2521 1857 1859
f 2521 1859 2522
f 2522 1859 1874
f 2522 1874 2523
f 2523 1874 1855
f 2523 1855 2436
f 1844 1846 1802
f 1846 1844 1834
f 1834 1844 1907
f 1834 1907 1832
f 1832 1907 1818
f 1832 1818 1837
f 1837 1818 1812
f 1837 1812 1850
f 1850 1812 1810
f 1850 1810 1851
f 1851 1810 1804
f 1851 1804 1854
f 1854 1804 1800
f 1854 1800 1823
f 1823 1800 1780
f 1823 1780 1826
f 1826 1780 1777
f 1826 1777 1836
f 1836 1777 1788
f 1836 1788 1815
f 1815 1788 1773
f 1815 1773 1813
f 1813 1773 1775
f 1813 1775 1855
f 1926 1802 1924
f 1802 1926 1792
f 1792 1926 1919
f 1792 1919 1790
f 1790 1919 1918
f 1790 1918 1869
f 1869 1918 1898
f 1869 1898 1872
f 1872 1898 1895
f 1872 1895 1876
f 1876 1895 1909
f 1876 1909 1878
f 1878 1909 1892
f 1878 1892 1880
f 1880 1892 1889
f 1880 1889 1797
f 1797 1889 1921
f 1797 1921 1783
f 1783 1921 1913
f 1783 1913 1781
f 1781 1913 1915
f 1781 1915 1785
f 1785 1915 1881
f 1785 1881 1775
f 2046 1924 2063
f 1924 2046 1927
f 1927 2046 2048
f 1927 2048 1930
f 1930 2048 2044
f 1930 2044 1899
f 1899 2044 2034
f 1899 2034 1902
f 1902 2034 2031
f 1902 2031 1904
f 1904 2031 2075
f 1904 2075 1912
f 1912 2075 2089
f 1912 2089 1885
f 1885 2089 2095
f 1885 2095 1888
f 1888 2095 2091
f 1888 2091 1894
f 1894 2091 2093
f 1894 2093 1906
f 1906 2093 2105
f 1906 2105 1883
f 1883 2105 2065
f 1883 2065 1881
f 2057 2063 2100
f 2063 2057 2056
f 2056 2057 2029
f 2056 2029 2054
f 2054 2029 2028
f 2054 2028 2101
f 2101 2028 2025
f 2101 2025 2104
f 2104 2025 2024
f 2104 2024 2110
f 2110 2024 2021
f 2110 2021 2083
f 2083 2021 2116
f 2083 2116 2039
f 2039 2116 2114
f 2039 2114 2042
f 2042 2114 2049
f 2042 2049 2037
f 2037 2049 2051
f 2037 2051 2035
f 2035 2051 2085
f 2035 2085 2067
f 2067 2085 2077
f 2067 2077 2065
f 2524 2100 2445
f 2100 2524 2098
f 2098 2524 2404
f 2098 2404 2072
f 2072 2404 2406
f 2072 2406 2070
f 2070 2406 2525
f 2070 2525 2082
f 2082 2525 2526
f 2082 2526 2112
f 2112 2526 2527
f 2112 2527 2107
f 2107 2527 2528
f 2107 2528 2073
f 2073 2528 2529
f 2073 2529 2059
f 2059 2529 2530
f 2059 2530 2062
f 2062 2530 2531
f 2062 2531 2087
f 2087 2531 2411
f 2087 2411 2079
f 2079 2411 2413
f 2079 2413 2077
f 2532 2445 2444
f 2445 2532 2533
f 2533 2532 2534
f 2533 2534 2535
f 2535 2534 2536
f 2535 2536 2537
f 2537 2536 2538
f 2537 2538 2539
f 2539 2538 2540
f 2539 2540 2541
f 2541 2540 2542
f 2541 2542 2543
f 2543 2542 2544
f 2543 2544 2545
f 2545 2544 2546
f 2545 2546 2395
f 2395 2546 2547
f 2395 2547 2398
f 2398 2547 2548
f 2398 2548 2549
f 2549 2548 2550
f 2549 2550 2551
f 2551 2550 2435
f 2551 2435 2413
f 2552 2444 62
f 2444 2552 2553
f 2553 2552 2554
f 2553 2554 2555
f 2555 2554 2556
f 2555 2556 2557
f 2557 2556 2558
f 2557 2558 2559
f 2559 2558 2560
f 2559 2560 2561
f 2561 2560 2562
f 2561 2562 2563
f 2563 2562 2564
f 2563 2564 2565
f 2565 2564 2566
f 2565 2566 2567
f 2567 2566 2568
f 2567 2568 2569
f 2569 2568 2570
f 2569 2570 2571
f 2571 2570 2572
f 2571 2572 2573
f 2573 2572 2434
f 2573 2434 2435
f 2574 62 2443
f 62 2574 60
f 60 2574 2575
f 60 2575 63
f 63 2575 2576
f 63 2576 69
f 69 2576 2577
f 69 2577 72
f 72 2577 2578
f 72 2578 65
f 65 2578 2579
f 65 2579 68
f 68 2579 2580
f 68 2580 2581
f 2581 2580 2582
f 2581 2582 2583
f 2583 2582 2584
f 2583 2584 2585
f 2585 2584 2586
f 2585 2586 2587
f 2587 2586 2588
f 2587 2588 2589
f 2589 2588 2433
f 2589 2433 2434
f 2590 2443 2442
f 2443 2590 2591
f 2591 2590 2592
f 2591 2592 2593
f 2593 2592 2594
f 2593 2594 2595
f 2595 2594 2596
f 2595 2596 2597
f 2597 2596 2598
f 2597 2598 2599
f 2599 2598 2600
f 2599 2600 2601
f 2601 2600 2602
f 2601 2602 2603
f 2603 2602 2604
f 2603 2604 2605
f 2605 2604 2606
f 2605 2606 2607
f 2607 2606 2608
f 2607 2608 2609
f 2609 2608 2610
f 2609 2610 2611
f 2611 2610 2432
f 2611 2432 2433
f 2612 2442 2441
f 2442 2612 2613
f 2613 2612 2614
f 2613 2614 2615
f 2615 2614 2616
f 2615 2616 2617
f 2617 2616 2618
f 2617 2618 2619
f 2619 2618 2620
f 2619 2620 2621
f 2621 2620 2622
f 2621 2622 2623
f 2623 2622 2624
f 2623 2624 2625
f 2625 2624 2626
f 2625 2626 2627
f 2627 2626 2628
f 2627 2628 2629
f 2629 2628 2630
f 2629 2630 2631
f 2631 2630 2632
f 2631 2632 2633
f 2633 2632 2431
f 2633 2431 2432
f 2634 2441 2440
f 2441 2634 2635
f 2635 2634 2636
f 2635 2636 2637
f 2637 2636 2638
f 2637 2638 2639
f 2639 2638 2640
f 2639 2640 2641
f 2641 2640 2642
f 2641 2642 2643
f 2643 2642 2644
f 2643 2644 2645
f 2645 2644 2646
f 2645 2646 2647
f 2647 2646 2648
f 2647 2648 2649
f 2649 2648 2650
f 2649 2650 2651
f 2651 2650 2652
f 2651 2652 2653
f 2653 2652 2654
f 2653 2654 2655
f 2655 2654 2430
f 2655 2430 2431
f 2656 2440 2416
f 2440 2656 2657
f 2657 2656 2658
f 2657 2658 2659
f 2659 2658 2660
f 2659 2660 2661
f 2661 2660 2662
f 2661 2662 2663
f 2663 2662 2664
f 2663 2664 2665
f 2665 2664 2666
f 2665 2666 2667
f 2667 2666 2668
f 2667 2668 2669
f 2669 2668 2670
f 2669 2670 2671
f 2671 2670 2672
f 2671 2672 2673
f 2673 2672 2674
f 2673 2674 2675
f 2675 2674 2676
f 2675 2676 2677
f 2677 2676 2429
f 2677 2429 2430
f 2549 2396 2398
f 2396 2549 2678
f 2679 2443 2680
f 2443 2679 2574
f 2528 2681 2682
f 2681 2528 2527
f 2680 2591 2683
f 2591 2680 2443
f 2684 2685 2686
f 2685 2684 2418
f 2685 2418 2687
f 2687 2418 2400
f 2686 2401 2415
f 2401 2686 2685
f 2415 2401 2400
f 2415 2400 2418
f 2408 2685 2687
f 2685 2408 2409
f 2402 2272 2400
f 2272 2402 2267
f 2267 2402 2408
f 2267 2408 2265
f 2265 2408 2244
f 2244 2408 2245
f 2245 2408 2238
f 2238 2408 2239
f 2239 2408 2261
f 2261 2408 2248
f 2248 2408 2249
f 2249 2408 2264
f 2264 2408 2260
f 2260 2408 2258
f 2258 2408 372
f 372 2408 78
f 78 2408 2394
f 2394 2408 2194
f 2194 2408 1074
f 1074 2408 324
f 324 2408 430
f 430 2408 2330
f 2330 2408 2322
f 2322 2408 2218
f 2218 2408 1960
f 1960 2408 1950
f 1950 2408 2688
f 2688 2408 2689
f 2689 2408 2690
f 2690 2408 2691
f 2691 2408 1856
f 1856 2408 1774
f 1774 2408 1884
f 1884 2408 2068
f 2068 2408 2080
f 2080 2408 2412
f 2412 2408 2692
f 2692 2408 2693
f 2693 2408 2694
f 2694 2408 2695
f 2695 2408 2696
f 2696 2408 2697
f 2697 2408 2698
f 2400 2699 2687
f 2699 2400 2700
f 2700 2400 2272
f 2700 2272 2242
f 2700 2242 403
f 2700 403 2380
f 2700 2380 2175
f 2700 2175 2121
f 2700 2121 1059
f 2700 1059 355
f 2700 355 2350
f 2700 2350 2285
f 2700 2285 303
f 2700 303 1935
f 2700 1935 1973
f 2700 1973 1953
f 2700 1953 2701
f 2700 2701 2702
f 2700 2702 2703
f 2700 2703 1847
f 2700 1847 1801
f 2700 1801 1925
f 2700 1925 2064
f 2700 2064 2097
f 2700 2097 2704
f 2700 2704 2705
f 2700 2705 59
f 2700 59 2680
f 2700 2680 2706
f 2700 2706 2707
f 2700 2707 2708
f 2687 2699 2709
f 2687 2709 2710
f 2687 2710 2711
f 2687 2711 2712
f 2687 2712 2713
f 2687 2713 2714
f 2687 2714 2715
f 2687 2715 2716
f 2687 2716 2717
f 2687 2717 2718
f 2687 2718 2698
f 2687 2698 2408
f 2719 2700 2708
f 2700 2719 2720
f 2720 2719 2721
f 2720 2721 2722
f 2722 2721 2723
f 2722 2723 2724
f 2724 2723 2725
f 2724 2725 2726
f 2726 2725 2727
f 2726 2727 2728
f 2728 2727 2729
f 2728 2729 2730
f 2730 2729 2731
f 2730 2731 2732
f 2732 2731 2733
f 2732 2733 2734
f 2734 2733 2735
f 2734 2735 2736
f 2736 2735 2737
f 2736 2737 2738
f 2738 2737 2739
f 2738 2739 2740
f 2740 2739 2697
f 2740 2697 2698
f 2741 2708 2707
f 2708 2741 2742
f 2742 2741 2743
f 2742 2743 2744
f 2744 2743 2745
f 2744 2745 2746
f 2746 2745 2747
f 2746 2747 2748
f 2748 2747 2749
f 2748 2749 2750
f 2750 2749 2751
f 2750 2751 2752
f 2752 2751 2753
f 2752 2753 2754
f 2754 2753 2755
f 2754 2755 2756
f 2756 2755 2757
f 2756 2757 2758
f 2758 2757 2759
f 2758 2759 2760
f 2760 2759 2761
f 2760 2761 2762
f 2762 2761 2696
f 2762 2696 2697
f 2763 2707 2706
f 2707 2763 2764
f 2764 2763 2765
f 2764 2765 2766
f 2766 2765 2767
f 2766 2767 2768
f 2768 2767 2769
f 2768 2769 2770
f 2770 2769 2771
f 2770 2771 2772
f 2772 2771 2773
f 2772 2773 2774
f 2774 2773 2775
f 2774 2775 2776
f 2776 2775 2777
f 2776 2777 2778
f 2778 2777 2779
f 2778 2779 2780
f 2780 2779 2781
f 2780 2781 2782
f 2782 2781 2783
f 2782 2783 2784
f 2784 2783 2695
f 2784 2695 2696
f 2683 2706 2680
f 2706 2683 2785
f 2785 2683 2786
f 2785 2786 2787
f 2787 2786 2788
f 2787 2788 2789
f 2789 2788 2790
f 2789 2790 2791
f 2791 2790 2792
f 2791 2792 2793
f 2793 2792 2794
f 2793 2794 2795
f 2795 2794 2796
f 2795 2796 2797
f 2797 2796 2798
f 2797 2798 2799
f 2799 2798 2800
f 2799 2800 2801
f 2801 2800 2802
f 2801 2802 2803
f 2803 2802 2804
f 2803 2804 2805
f 2805 2804 2694
f 2805 2694 2695
f 61 2680 59
f 2680 61 2679
f 2679 61 64
f 2679 64 2806
f 2806 64 71
f 2806 71 2807
f 2807 71 70
f 2807 70 2808
f 2808 70 67
f 2808 67 2809
f 2809 67 66
f 2809 66 2810
f 2810 66 2811
f 2810 2811 2812
f 2812 2811 2813
f 2812 2813 2814
f 2814 2813 2815
f 2814 2815 2816
f 2816 2815 2817
f 2816 2817 2818
f 2818 2817 2819
f 2818 2819 2820
f 2820 2819 2693
f 2820 2693 2694
f 2821 59 2705
f 59 2821 2822
f 2822 2821 2823
f 2822 2823 2824
f 2824 2823 2825
f 2824 2825 2826
f 2826 2825 2827
f 2826 2827 2828
f 2828 2827 2829
f 2828 2829 2830
f 2830 2829 2831
f 2830 2831 2832
f 2832 2831 2833
f 2832 2833 2834
f 2834 2833 2835
f 2834 2835 2836
f 2836 2835 2837
f 2836 2837 2838
f 2838 2837 2839
f 2838 2839 2840
f 2840 2839 2841
f 2840 2841 2842
f 2842 2841 2692
f 2842 2692 2693
f 2843 2705 2704
f 2705 2843 2844
f 2844 2843 2845
f 2844 2845 2846
f 2846 2845 2847
f 2846 2847 2848
f 2848 2847 2849
f 2848 2849 2850
f 2850 2849 2851
f 2850 2851 2852
f 2852 2851 2853
f 2852 2853 2854
f 2854 2853 2855
f 2854 2855 2856
f 2856 2855 2397
f 2856 2397 2857
f 2857 2397 2396
f 2857 2396 2858
f 2858 2396 2678
f 2858 2678 2859
f 2859 2678 2860
f 2859 2860 2861
f 2861 2860 2412
f 2861 2412 2692
f 2099 2704 2097
f 2704 2099 2862
f 2862 2099 2069
f 2862 2069 2405
f 2405 2069 2071
f 2405 2071 2403
f 2403 2071 2081
f 2403 2081 2863
f 2863 2081 2111
f 2863 2111 2864
f 2864 2111 2108
f 2864 2108 2681
f 2681 2108 2074
f 2681 2074 2682
f 2682 2074 2061
f 2682 2061 2865
f 2865 2061 2060
f 2865 2060 2866
f 2866 2060 2088
f 2866 2088 2867
f 2867 2088 2078
f 2867 2078 2414
f 2414 2078 2080
f 2414 2080 2412
f 2053 2097 2064
f 2097 2053 2058
f 2058 2053 2055
f 2058 2055 2030
f 2030 2055 2103
f 2030 2103 2026
f 2026 2103 2102
f 2026 2102 2027
f 2027 2102 2109
f 2027 2109 2022
f 2022 2109 2084
f 2022 2084 2023
f 2023 2084 2041
f 2023 2041 2115
f 2115 2041 2040
f 2115 2040 2113
f 2113 2040 2036
f 2113 2036 2052
f 2052 2036 2038
f 2052 2038 2050
f 2050 2038 2066
f 2050 2066 2086
f 2086 2066 2068
f 2086 2068 2080
f 1928 2064 1925
f 2064 1928 2047
f 2047 1928 1929
f 2047 1929 2045
f 2045 1929 1901
f 2045 1901 2043
f 2043 1901 1900
f 2043 1900 2032
f 2032 1900 1903
f 2032 1903 2033
f 2033 1903 1911
f 2033 1911 2076
f 2076 1911 1887
f 2076 1887 2090
f 2090 1887 1886
f 2090 1886 2096
f 2096 1886 1893
f 2096 1893 2094
f 2094 1893 1905
f 2094 1905 2092
f 2092 1905 1882
f 2092 1882 2106
f 2106 1882 1884
f 2106 1884 2068
f 1789 1925 1801
f 1925 1789 1923
f 1923 1789 1791
f 1923 1791 1920
f 1920 1791 1870
f 1920 1870 1917
f 1917 1870 1871
f 1917 1871 1896
f 1896 1871 1875
f 1896 1875 1897
f 1897 1875 1877
f 1897 1877 1910
f 1910 1877 1879
f 1910 1879 1890
f 1890 1879 1798
f 1890 1798 1891
f 1891 1798 1782
f 1891 1782 1922
f 1922 1782 1784
f 1922 1784 1916
f 1916 1784 1786
f 1916 1786 1914
f 1914 1786 1774
f 1914 1774 1884
f 1831 1801 1847
f 1801 1831 1843
f 1843 1831 1833
f 1843 1833 1908
f 1908 1833 1838
f 1908 1838 1817
f 1817 1838 1849
f 1817 1849 1811
f 1811 1849 1853
f 1811 1853 1809
f 1809 1853 1852
f 1809 1852 1803
f 1803 1852 1825
f 1803 1825 1799
f 1799 1825 1824
f 1799 1824 1778
f 1778 1824 1835
f 1778 1835 1779
f 1779 1835 1814
f 1779 1814 1787
f 1787 1814 1816
f 1787 1816 1776
f 1776 1816 1856
f 1776 1856 1774
f 2868 1847 2703
f 1847 2868 1845
f 1845 2868 2869
f 1845 2869 1795
f 1795 2869 2870
f 1795 2870 1793
f 1793 2870 2871
f 1793 2871 1862
f 1862 2871 2872
f 1862 2872 1866
f 1866 2872 2873
f 1866 2873 1770
f 1770 2873 2874
f 1770 2874 1771
f 1771 2874 2875
f 1771 2875 1864
f 1864 2875 2876
f 1864 2876 1860
f 1860 2876 2877
f 1860 2877 1858
f 1858 2877 2878
f 1858 2878 1873
f 1873 2878 2691
f 1873 2691 1856
f 2879 2703 2702
f 2703 2879 1868
f 1868 2879 2880
f 1868 2880 1821
f 1821 2880 2881
f 1821 2881 1819
f 1819 2881 2882
f 1819 2882 1806
f 1806 2882 2883
f 1806 2883 1807
f 1807 2883 2884
f 1807 2884 1828
f 1828 2884 2885
f 1828 2885 1830
f 1830 2885 2886
f 1830 2886 1840
f 1840 2886 2887
f 1840 2887 1842
f 1842 2887 2888
f 1842 2888 2215
f 2215 2888 2889
f 2215 2889 2890
f 2890 2889 2690
f 2890 2690 2691
f 2891 2702 2701
f 2702 2891 2892
f 2892 2891 2893
f 2892 2893 2894
f 2894 2893 2895
f 2894 2895 2896
f 2896 2895 2897
f 2896 2897 2898
f 2898 2897 2899
f 2898 2899 2900
f 2900 2899 2901
f 2900 2901 2902
f 2902 2901 2903
f 2902 2903 2904
f 2904 2903 2905
f 2904 2905 2906
f 2906 2905 2907
f 2906 2907 2908
f 2908 2907 2909
f 2908 2909 2910
f 2910 2909 2911
f 2910 2911 2912
f 2912 2911 2689
f 2912 2689 2690
f 277 2701 1953
f 2701 277 2913
f 2913 277 279
f 2913 279 2914
f 2914 279 2915
f 2914 2915 2916
f 2916 2915 2917
f 2916 2917 2918
f 2918 2917 2919
f 2918 2919 2920
f 2920 2919 2921
f 2920 2921 2922
f 2922 2921 2923
f 2922 2923 2924
f 2924 2923 2925
f 2924 2925 2926
f 2926 2925 2927
f 2926 2927 2928
f 2928 2927 2929
f 2928 2929 2930
f 2930 2929 2931
f 2930 2931 2932
f 2932 2931 2688
f 2932 2688 2689
f 1975 1953 1973
f 1953 1975 2221
f 2221 1975 1984
f 2221 1984 2933
f 2933 1984 1986
f 2933 1986 2934
f 2934 1986 1999
f 2934 1999 2935
f 2935 1999 2003
f 2935 2003 2936
f 2936 2003 2009
f 2936 2009 2937
f 2937 2009 2007
f 2937 2007 2938
f 2938 2007 2006
f 2938 2006 2939
f 2939 2006 2011
f 2939 2011 2940
f 2940 2011 2014
f 2940 2014 2941
f 2941 2014 2016
f 2941 2016 2942
f 2942 2016 1950
f 2942 1950 2688
f 1937 1973 1935
f 1973 1937 2019
f 2019 1937 1956
f 2019 1956 2199
f 2199 1956 1979
f 2199 1979 2197
f 2197 1979 1978
f 2197 1978 2202
f 2202 1978 2017
f 2202 2017 2213
f 2213 2017 1963
f 2213 1963 1947
f 1947 1963 1962
f 1947 1962 1945
f 1945 1962 1981
f 1945 1981 1939
f 1939 1981 1942
f 1939 1942 1934
f 1934 1942 1944
f 1934 1944 1932
f 1932 1944 1958
f 1932 1958 1952
f 1952 1958 1960
f 1952 1960 1950
f 287 1935 303
f 1935 287 1998
f 1998 287 289
f 1998 289 1995
f 1995 289 297
f 1995 297 1993
f 1993 297 296
f 1993 296 2002
f 2002 296 310
f 2002 310 1991
f 1991 310 306
f 1991 306 1989
f 1989 306 293
f 1989 293 1987
f 1987 293 292
f 1987 292 1971
f 1971 292 283
f 1971 283 1970
f 1970 283 274
f 1970 274 1968
f 1968 274 276
f 1968 276 1966
f 1966 276 2218
f 1966 2218 1960
f 2287 303 2285
f 303 2287 301
f 301 2287 2295
f 301 2295 2212
f 2212 2295 2297
f 2212 2297 2208
f 2208 2297 2291
f 2208 2291 2209
f 2209 2291 2290
f 2209 2290 2204
f 2204 2290 2293
f 2204 2293 2205
f 2205 2293 2307
f 2205 2307 2229
f 2229 2307 2306
f 2229 2306 2226
f 2226 2306 2319
f 2226 2319 2227
f 2227 2319 2310
f 2227 2310 2224
f 2224 2310 2312
f 2224 2312 2220
f 2220 2312 2322
f 2220 2322 2218
f 2352 2285 2350
f 2285 2352 314
f 314 2352 2354
f 314 2354 300
f 300 2354 2357
f 300 2357 285
f 285 2357 2356
f 285 2356 270
f 270 2356 2344
f 270 2344 271
f 271 2344 2325
f 271 2325 282
f 282 2325 2324
f 282 2324 308
f 308 2324 2347
f 308 2347 312
f 312 2347 2346
f 312 2346 2318
f 2318 2346 2360
f 2318 2360 2316
f 2316 2360 2328
f 2316 2328 2314
f 2314 2328 2330
f 2314 2330 2322
f 358 2350 355
f 2350 358 2301
f 2301 358 435
f 2301 435 2299
f 2299 435 437
f 2299 437 2303
f 2303 437 445
f 2303 445 348
f 348 445 444
f 348 444 349
f 349 444 465
f 349 465 2341
f 2341 465 454
f 2341 454 2339
f 2339 454 427
f 2339 427 2336
f 2336 427 426
f 2336 426 2337
f 2337 426 449
f 2337 449 2334
f 2334 449 433
f 2334 433 2332
f 2332 433 430
f 2332 430 2330
f 1061 355 1059
f 355 1061 353
f 353 1061 1075
f 353 1075 463
f 463 1075 1077
f 463 1077 461
f 461 1077 1065
f 461 1065 458
f 458 1065 1064
f 458 1064 459
f 459 1064 360
f 459 360 455
f 455 360 317
f 455 317 440
f 440 317 316
f 440 316 441
f 441 316 327
f 441 327 452
f 452 327 320
f 452 320 448
f 448 320 322
f 448 322 432
f 432 322 324
f 432 324 430
f 2117 1059 2121
f 1059 2117 352
f 352 2117 2119
f 352 2119 343
f 343 2119 2128
f 343 2128 341
f 341 2128 2129
f 341 2129 346
f 346 2129 2133
f 346 2133 336
f 336 2133 2132
f 336 2132 337
f 337 2132 2139
f 337 2139 332
f 332 2139 2151
f 332 2151 333
f 333 2151 2150
f 333 2150 340
f 340 2150 1095
f 340 1095 330
f 330 1095 1072
f 330 1072 326
f 326 1072 1074
f 326 1074 324
f 2177 2121 2175
f 2121 2177 1098
f 1098 2177 2179
f 1098 2179 1094
f 1094 2179 2181
f 1094 2181 1090
f 1090 2181 2187
f 1090 2187 1091
f 1091 2187 2189
f 1091 2189 1084
f 1084 2189 2163
f 1084 2163 1085
f 1085 2163 2162
f 1085 2162 1080
f 1080 2162 2191
f 1080 2191 1081
f 1081 2191 2165
f 1081 2165 1088
f 1088 2165 2158
f 1088 2158 1070
f 1070 2158 2160
f 1070 2160 1068
f 1068 2160 2194
f 1068 2194 1074
f 2388 2175 2380
f 2175 2388 2137
f 2137 2388 2390
f 2137 2390 2135
f 2135 2390 2383
f 2135 2383 2147
f 2147 2383 2382
f 2147 2382 2142
f 2142 2382 2385
f 2142 2385 2143
f 2143 2385 2391
f 2143 2391 2153
f 2153 2391 2371
f 2153 2371 2124
f 2124 2371 2370
f 2124 2370 2125
f 2125 2370 2373
f 2125 2373 2146
f 2146 2373 2362
f 2146 2362 2155
f 2155 2362 2364
f 2155 2364 2196
f 2196 2364 2394
f 2196 2394 2194
f 423 2380 403
f 2380 423 2185
f 2185 423 405
f 2185 405 2183
f 2183 405 407
f 2183 407 2173
f 2173 407 409
f 2173 409 2168
f 2168 409 411
f 2168 411 2169
f 2169 411 413
f 2169 413 2172
f 2172 413 415
f 2172 415 2270
f 2270 415 417
f 2270 417 2366
f 2366 417 419
f 2366 419 2367
f 2367 419 422
f 2367 422 2378
f 2378 422 95
f 2378 95 2376
f 2376 95 78
f 2376 78 2394
f 2252 403 2242
f 403 2252 401
f 401 2252 2254
f 401 2254 100
f 100 2254 2256
f 100 2256 97
f 97 2256 386
f 97 386 93
f 93 386 383
f 93 383 91
f 91 383 382
f 91 382 82
f 82 382 397
f 82 397 83
f 83 397 389
f 83 389 89
f 89 389 388
f 89 388 88
f 88 388 400
f 88 400 86
f 86 400 370
f 86 370 80
f 80 370 372
f 80 372 78
f 2273 2242 2272
f 2242 2273 367
f 367 2273 2275
f 367 2275 365
f 365 2275 2278
f 365 2278 362
f 362 2278 2279
f 362 2279 363
f 363 2279 2281
f 363 2281 378
f 378 2281 2283
f 378 2283 379
f 379 2283 75
f 379 75 395
f 395 75 74
f 395 74 374
f 374 74 2235
f 374 2235 375
f 375 2235 2232
f 375 2232 394
f 394 2232 2234
f 394 2234 392
f 392 2234 2258
f 392 2258 372
f 2527 2864 2681
f 2864 2527 2526
f 2543 2855 2853
f 2855 2543 2545
f 2401 1524 2399
f 1524 2401 1522
f 1522 2401 2685
f 1522 2685 1554
f 1554 2685 1551
f 1551 2685 1501
f 1501 2685 1481
f 1481 2685 1484
f 1484 2685 1532
f 1532 2685 1463
f 1463 2685 1466
f 1466 2685 1499
f 1499 2685 1497
f 1497 2685 1495
f 1495 2685 1493
f 1493 2685 1356
f 1356 2685 1341
f 1341 2685 1219
f 1219 2685 1288
f 1288 2685 55
f 55 2685 178
f 178 2685 230
f 230 2685 198
f 198 2685 1468
f 1468 2685 1056
f 1056 2685 1027
f 1027 2685 937
f 937 2685 836
f 836 2685 851
f 851 2685 798
f 798 2685 803
f 803 2685 656
f 656 2685 672
f 672 2685 611
f 611 2685 485
f 485 2685 529
f 529 2685 1432
f 1432 2685 1155
f 1155 2685 1201
f 1201 2685 1733
f 1733 2685 1759
f 1759 2685 1569
f 1569 2685 1620
f 2399 1622 2409
f 1622 2399 1658
f 1658 2399 1524
f 1658 1524 1504
f 1658 1504 1425
f 1658 1425 1384
f 1658 1384 1272
f 1658 1272 1253
f 1658 1253 116
f 1658 116 144
f 1658 144 234
f 1658 234 194
f 1658 194 1646
f 1658 1646 960
f 1658 960 934
f 1658 934 977
f 1658 977 908
f 1658 908 890
f 1658 890 718
f 1658 718 754
f 1658 754 794
f 1658 794 687
f 1658 687 654
f 1658 654 518
f 1658 518 470
f 1658 470 572
f 1658 572 1164
f 1658 1164 1114
f 1658 1114 1726
f 1658 1726 1682
f 1658 1682 1652
f 2409 1622 1624
f 2409 1624 1596
f 2409 1596 1562
f 2409 1562 1559
f 2409 1559 1571
f 2409 1571 1659
f 2409 1659 1600
f 2409 1600 1597
f 2409 1597 1581
f 2409 1581 1583
f 2409 1583 1620
f 2409 1620 2685
f 1654 1658 1652
f 1658 1654 1608
f 1608 1654 1656
f 1608 1656 1606
f 1606 1656 1730
f 1606 1730 1667
f 1667 1730 1767
f 1667 1767 1677
f 1677 1767 1640
f 1677 1640 1661
f 1661 1640 1637
f 1661 1637 1664
f 1664 1637 1566
f 1664 1566 1609
f 1609 1566 1563
f 1609 1563 1601
f 1601 1563 1604
f 1604 1563 1611
f 1604 1611 1589
f 1589 1611 1613
f 1589 1613 1567
f 1589 1567 1587
f 1587 1567 1569
f 1587 1569 1620
f 1716 1652 1682
f 1652 1716 1650
f 1650 1716 1718
f 1650 1718 1648
f 1648 1718 1686
f 1648 1686 1585
f 1585 1686 1683
f 1585 1683 1573
f 1573 1683 1690
f 1573 1690 1576
f 1576 1690 1687
f 1576 1687 1642
f 1642 1687 1735
f 1642 1735 1577
f 1577 1735 1745
f 1577 1745 1580
f 1580 1745 1635
f 1635 1745 1757
f 1635 1757 1633
f 1633 1757 1737
f 1633 1737 1739
f 1633 1739 1632
f 1632 1739 1759
f 1632 1759 1569
f 1728 1682 1726
f 1682 1728 1680
f 1680 1728 1203
f 1680 1203 1756
f 1756 1203 1174
f 1756 1174 1754
f 1754 1174 1172
f 1754 1172 1741
f 1741 1172 1130
f 1741 1130 1744
f 1744 1130 1127
f 1744 1127 1751
f 1751 1127 1720
f 1751 1720 1747
f 1747 1720 1710
f 1747 1710 1750
f 1750 1710 1766
f 1766 1710 1691
f 1766 1691 1764
f 1764 1691 1693
f 1764 1693 1731
f 1764 1731 1761
f 1761 1731 1733
f 1761 1733 1759
f 1120 1726 1114
f 1726 1120 1724
f 1724 1120 1122
f 1724 1122 1722
f 1722 1122 1186
f 1722 1186 1713
f 1713 1186 1168
f 1713 1168 1707
f 1707 1168 1165
f 1707 1165 1703
f 1703 1165 1169
f 1703 1169 1706
f 1706 1169 1191
f 1706 1191 1712
f 1712 1191 1152
f 1712 1152 1699
f 1699 1152 1702
f 1702 1152 1149
f 1702 1149 1697
f 1697 1149 1115
f 1697 1115 1117
f 1697 1117 1695
f 1695 1117 1201
f 1695 1201 1733
f 1207 1114 1164
f 1114 1207 1112
f 1112 1207 1181
f 1112 1181 1200
f 1200 1181 1180
f 1200 1180 1103
f 1103 1180 1177
f 1103 1177 1106
f 1106 1177 1136
f 1106 1136 1132
f 1132 1136 1133
f 1132 1133 1123
f 1123 1133 1145
f 1123 1145 1126
f 1126 1145 1140
f 1126 1140 1184
f 1184 1140 1194
f 1194 1140 1137
f 1194 1137 1143
f 1143 1137 1148
f 1143 1148 1154
f 1143 1154 1141
f 1141 1154 1155
f 1141 1155 1201
f 537 1164 572
f 1164 537 1110
f 1110 537 476
f 1110 476 1108
f 1108 476 478
f 1108 478 1159
f 1159 478 482
f 1159 482 1162
f 1162 482 479
f 1162 479 1176
f 1176 479 1209
f 1176 1209 1206
f 1206 1209 1211
f 1206 1211 1195
f 1195 1211 1102
f 1195 1102 1198
f 1198 1102 1189
f 1189 1102 1099
f 1189 1099 1187
f 1187 1099 1333
f 1187 1333 1335
f 1187 1335 1157
f 1157 1335 1432
f 1157 1432 1155
f 576 572 470
f 572 576 560
f 560 576 567
f 560 567 558
f 558 567 540
f 558 540 111
f 111 540 514
f 111 514 114
f 114 514 511
f 114 511 1435
f 1435 511 561
f 1435 561 1433
f 1433 561 554
f 1433 554 1397
f 1397 554 474
f 1397 474 1395
f 1395 474 1347
f 1347 474 471
f 1347 471 1345
f 1345 471 556
f 1345 556 527
f 1345 527 1391
f 1391 527 529
f 1391 529 1432
f 520 470 518
f 470 520 468
f 468 520 522
f 468 522 506
f 506 522 536
f 506 536 504
f 504 536 643
f 504 643 531
f 531 643 542
f 531 542 534
f 534 542 502
f 534 502 552
f 552 502 499
f 552 499 573
f 573 499 548
f 573 548 495
f 495 548 498
f 498 548 523
f 498 523 565
f 565 523 525
f 565 525 483
f 565 483 563
f 563 483 485
f 563 485 529
f 600 518 654
f 518 600 516
f 516 600 602
f 516 602 510
f 510 602 604
f 510 604 508
f 508 604 681
f 508 681 491
f 491 681 662
f 491 662 494
f 494 662 630
f 494 630 487
f 487 630 627
f 487 627 490
f 490 627 598
f 490 598 549
f 549 598 545
f 545 598 595
f 545 595 543
f 543 595 664
f 543 664 609
f 543 609 570
f 570 609 611
f 570 611 485
f 632 654 687
f 654 632 652
f 652 632 634
f 652 634 670
f 670 634 584
f 670 584 665
f 665 584 581
f 665 581 668
f 668 581 689
f 668 689 673
f 673 689 642
f 673 642 676
f 676 642 618
f 676 618 679
f 679 618 592
f 679 592 605
f 605 592 608
f 608 592 589
f 608 589 685
f 685 589 613
f 685 613 615
f 685 615 636
f 636 615 672
f 636 672 611
f 726 687 794
f 687 726 684
f 684 726 728
f 684 728 626
f 626 728 796
f 626 796 624
f 624 796 712
f 624 712 657
f 657 712 588
f 657 588 660
f 660 588 585
f 660 585 678
f 678 585 593
f 678 593 619
f 619 593 637
f 619 637 622
f 622 637 579
f 579 637 639
f 579 639 577
f 577 639 648
f 577 648 650
f 577 650 645
f 645 650 656
f 645 656 672
f 756 794 754
f 794 756 724
f 724 756 758
f 724 758 710
f 710 758 762
f 710 762 708
f 708 762 759
f 708 759 699
f 699 759 722
f 699 722 702
f 702 722 719
f 702 719 703
f 703 719 729
f 703 729 706
f 706 729 768
f 706 768 714
f 714 768 764
f 764 768 765
f 764 765 697
f 697 765 731
f 697 731 733
f 697 733 695
f 695 733 803
f 695 803 656
f 770 754 718
f 754 770 752
f 752 770 772
f 752 772 750
f 750 772 774
f 750 774 748
f 748 774 775
f 748 775 801
f 801 775 779
f 801 779 745
f 745 779 784
f 745 784 743
f 743 784 781
f 743 781 739
f 739 781 785
f 739 785 742
f 742 785 778
f 778 785 787
f 778 787 737
f 737 787 789
f 737 789 792
f 737 792 735
f 735 792 798
f 735 798 803
f 892 718 890
f 718 892 716
f 716 892 882
f 716 882 805
f 805 882 884
f 805 884 879
f 879 884 899
f 879 899 863
f 863 899 906
f 863 906 866
f 866 906 903
f 866 903 872
f 872 903 810
f 872 810 886
f 886 810 807
f 886 807 875
f 875 807 693
f 693 807 887
f 693 887 691
f 691 887 914
f 691 914 849
f 691 849 800
f 800 849 851
f 800 851 798
f 826 890 908
f 890 826 893
f 893 826 828
f 893 828 920
f 920 828 830
f 920 830 918
f 918 830 909
f 918 909 915
f 915 909 834
f 915 834 873
f 873 834 831
f 873 831 857
f 857 831 856
f 857 856 860
f 860 856 853
f 860 853 867
f 867 853 870
f 870 853 811
f 870 811 877
f 877 811 813
f 877 813 816
f 877 816 862
f 862 816 836
f 862 836 851
f 942 908 977
f 908 942 824
f 824 942 944
f 824 944 822
f 822 944 996
f 822 996 817
f 817 996 962
f 817 962 820
f 820 962 932
f 820 932 848
f 848 932 840
f 848 840 902
f 902 840 837
f 902 837 911
f 911 837 841
f 911 841 895
f 895 841 898
f 898 841 969
f 898 969 845
f 845 969 971
f 845 971 988
f 845 988 843
f 843 988 937
f 843 937 836
f 936 977 934
f 977 936 1008
f 1008 936 954
f 1008 954 1006
f 1006 954 956
f 1006 956 991
f 991 956 981
f 991 981 973
f 973 981 986
f 973 986 976
f 976 986 983
f 976 983 1000
f 1000 983 989
f 1000 989 1004
f 1004 989 948
f 1004 948 1032
f 1032 948 1034
f 1034 948 945
f 1034 945 1030
f 1030 945 1002
f 1030 1002 1025
f 1030 1025 939
f 939 1025 1027
f 939 1027 937
f 968 934 960
f 934 968 930
f 930 968 994
f 930 994 928
f 928 994 1010
f 928 1010 926
f 926 1010 1016
f 926 1016 963
f 963 1016 1014
f 963 1014 966
f 966 1014 1011
f 966 1011 980
f 980 1011 1017
f 980 1017 921
f 921 1017 1019
f 921 1019 924
f 924 1019 951
f 951 1019 1021
f 951 1021 949
f 949 1021 1024
f 949 1024 1052
f 949 1052 997
f 997 1052 1056
f 997 1056 1027
f 1675 960 1646
f 960 1675 958
f 958 1675 1670
f 958 1670 1050
f 1050 1670 1672
f 1050 1672 1039
f 1039 1672 1673
f 1039 1673 1042
f 1042 1673 1548
f 1042 1548 1048
f 1048 1548 1545
f 1048 1545 1053
f 1053 1545 1555
f 1053 1555 1043
f 1043 1555 1557
f 1043 1557 1046
f 1046 1557 1058
f 1058 1557 1443
f 1058 1443 1037
f 1037 1443 1445
f 1037 1445 1448
f 1037 1448 1035
f 1035 1448 1468
f 1035 1468 1056
f 216 1646 194
f 1646 216 1644
f 1644 216 218
f 1644 218 1665
f 1665 218 220
f 1665 220 1627
f 1627 220 221
f 1627 221 1630
f 1630 221 254
f 1630 254 1625
f 1625 254 224
f 1625 224 1617
f 1617 224 182
f 1617 182 1591
f 1591 182 179
f 1591 179 1594
f 1594 179 1616
f 1616 179 195
f 1616 195 1472
f 1472 195 183
f 1472 183 185
f 1472 185 1470
f 1470 185 198
f 1470 198 1468
f 244 194 234
f 194 244 192
f 192 244 250
f 192 250 213
f 213 250 252
f 213 252 209
f 209 252 164
f 209 164 212
f 212 164 161
f 212 161 207
f 207 161 167
f 207 167 203
f 203 167 238
f 203 238 206
f 206 238 235
f 206 235 187
f 187 235 190
f 190 235 255
f 190 255 202
f 202 255 225
f 202 225 227
f 202 227 200
f 200 227 230
f 200 230 198
f 141 234 144
f 234 141 232
f 232 141 124
f 232 124 268
f 268 124 126
f 268 126 265
f 265 126 127
f 265 127 245
f 245 127 129
f 245 129 248
f 248 129 172
f 248 172 263
f 263 172 152
f 263 152 239
f 239 152 149
f 239 149 242
f 242 149 262
f 262 149 169
f 262 169 260
f 260 169 153
f 260 153 155
f 260 155 258
f 258 155 178
f 258 178 230
f 118 144 116
f 144 118 140
f 140 118 107
f 140 107 138
f 138 107 104
f 138 104 135
f 135 104 101
f 135 101 131
f 131 101 105
f 131 105 134
f 134 105 109
f 134 109 146
f 146 109 148
f 146 148 165
f 165 148 54
f 165 54 157
f 157 54 160
f 160 54 49
f 160 49 175
f 175 49 51
f 175 51 122
f 175 122 173
f 173 122 55
f 173 55 178
f 1240 116 1253
f 116 1240 119
f 119 1240 1242
f 119 1242 1297
f 1297 1242 1300
f 1297 1300 1321
f 1321 1300 1264
f 1321 1264 1225
f 1225 1264 1261
f 1225 1261 1228
f 1228 1261 1273
f 1228 1273 1316
f 1316 1273 1319
f 1316 1319 1243
f 1243 1319 1232
f 1243 1232 1246
f 1246 1232 1291
f 1291 1232 1229
f 1291 1229 1289
f 1289 1229 1247
f 1289 1247 1249
f 1289 1249 57
f 57 1249 1288
f 57 1288 55
f 1304 1253 1272
f 1253 1304 1314
f 1314 1304 1317
f 1314 1317 1312
f 1312 1317 1308
f 1312 1308 1310
f 1310 1308 1305
f 1310 1305 1279
f 1279 1305 1224
f 1279 1224 1282
f 1282 1224 1221
f 1282 1221 1251
f 1251 1221 1324
f 1251 1324 1237
f 1237 1324 1216
f 1237 1216 1233
f 1233 1216 1236
f 1236 1216 1213
f 1236 1213 1277
f 1277 1213 1255
f 1277 1255 1217
f 1277 1217 1275
f 1275 1217 1219
f 1275 1219 1288
f 1371 1272 1384
f 1272 1371 1270
f 1270 1371 1352
f 1270 1352 1268
f 1268 1352 1354
f 1268 1354 1325
f 1325 1354 1439
f 1325 1439 1301
f 1301 1439 1370
f 1301 1370 1293
f 1293 1370 1364
f 1293 1364 1296
f 1296 1364 1361
f 1296 1361 1283
f 1283 1361 1427
f 1283 1427 1286
f 1286 1427 1266
f 1266 1427 1399
f 1266 1399 1259
f 1259 1399 1401
f 1259 1401 1393
f 1259 1393 1257
f 1257 1393 1341
f 1257 1341 1219
f 1421 1384 1425
f 1384 1421 1382
f 1382 1421 1328
f 1382 1328 1429
f 1429 1328 1330
f 1429 1330 1405
f 1405 1330 1331
f 1405 1331 1408
f 1408 1331 1385
f 1408 1385 1413
f 1413 1385 1437
f 1413 1437 1416
f 1416 1437 1390
f 1416 1390 1423
f 1423 1390 1387
f 1423 1387 1409
f 1409 1387 1412
f 1412 1387 1417
f 1412 1417 1350
f 1350 1417 1337
f 1350 1337 1339
f 1350 1339 1343
f 1343 1339 1356
f 1343 1356 1341
f 1549 1425 1504
f 1425 1549 1442
f 1442 1549 1474
f 1442 1474 1380
f 1380 1474 1476
f 1380 1476 1378
f 1378 1476 1456
f 1378 1456 1404
f 1404 1456 1453
f 1404 1453 1420
f 1420 1453 1457
f 1420 1457 1365
f 1365 1457 1538
f 1365 1538 1368
f 1368 1538 1488
f 1368 1488 1375
f 1375 1488 1359
f 1359 1488 1485
f 1359 1485 1357
f 1357 1485 1490
f 1357 1490 1491
f 1357 1491 1373
f 1373 1491 1493
f 1373 1493 1356
f 1526 1504 1524
f 1504 1526 1462
f 1462 1526 1530
f 1462 1530 1460
f 1460 1530 1536
f 1460 1536 1509
f 1509 1536 1533
f 1509 1533 1512
f 1512 1533 1480
f 1512 1480 1542
f 1542 1480 1477
f 1542 1477 1513
f 1513 1477 1452
f 1513 1452 1516
f 1516 1452 1449
f 1516 1449 1543
f 1543 1449 1507
f 1507 1449 1527
f 1507 1527 1505
f 1505 1527 1517
f 1505 1517 1519
f 1505 1519 1539
f 1539 1519 1495
f 1539 1495 1493
f 2529 2682 2865
f 2682 2529 2528
f 2405 2524 2862
f 2524 2405 2404
f 2683 2593 2786
f 2593 2683 2591
f 2704 2533 2843
f 2533 2704 2445
f 2539 2851 2849
f 2851 2539 2541
f 17 2418 2684
f 2418 17 2410
f 2530 2865 2866
f 2865 2530 2529
f 2786 2595 2788
f 2595 2786 2593
f 2595 2790 2788
f 2790 2595 2597
f 2597 2792 2790
f 2792 2597 2599
f 2599 2794 2792
f 2794 2599 2601
f 19 1657 2686
f 1657 19 1623
f 1623 19 17
f 1623 17 1621
f 1621 17 1595
f 1595 17 1560
f 1560 17 1561
f 1561 17 1572
f 1572 17 1660
f 1660 17 1598
f 1598 17 1599
f 1599 17 1584
f 1584 17 1582
f 1582 17 1619
f 1619 17 1568
f 1568 17 1762
f 1762 17 1732
f 1732 17 1202
f 1202 17 1158
f 1158 17 1431
f 1431 17 528
f 528 17 484
f 484 17 610
f 610 17 671
f 671 17 655
f 655 17 804
f 804 17 797
f 797 17 850
f 850 17 835
f 835 17 940
f 940 17 1026
f 1026 17 1055
f 1055 17 1467
f 1467 17 197
f 197 17 229
f 229 17 177
f 177 17 58
f 58 17 1287
f 1287 17 1218
f 1218 17 1344
f 1344 17 1355
f 1355 17 1492
f 1492 17 1498
f 2686 1523 2684
f 1523 2686 1521
f 1521 2686 1657
f 1521 1657 1649
f 1521 1649 1679
f 1521 1679 1725
f 1521 1725 1111
f 1521 1111 1163
f 1521 1163 571
f 1521 571 467
f 1521 467 517
f 1521 517 651
f 1521 651 688
f 1521 688 793
f 1521 793 751
f 1521 751 715
f 1521 715 891
f 1521 891 907
f 1521 907 978
f 1521 978 935
f 1521 935 957
f 1521 957 1643
f 1521 1643 191
f 1521 191 231
f 1521 231 143
f 1521 143 117
f 1521 117 1254
f 1521 1254 1271
f 1521 1271 1381
f 1521 1381 1426
f 1521 1426 1503
f 2684 1523 1553
f 2684 1553 1552
f 2684 1552 1502
f 2684 1502 1483
f 2684 1483 1482
f 2684 1482 1531
f 2684 1531 1465
f 2684 1465 1464
f 2684 1464 1500
f 2684 1500 1496
f 2684 1496 1498
f 2684 1498 17
f 1459 1521 1503
f 1521 1459 1525
f 1525 1459 1461
f 1525 1461 1529
f 1529 1461 1511
f 1529 1511 1534
f 1534 1511 1510
f 1534 1510 1535
f 1535 1510 1541
f 1535 1541 1478
f 1478 1541 1515
f 1478 1515 1479
f 1479 1515 1514
f 1479 1514 1450
f 1450 1514 1544
f 1450 1544 1451
f 1451 1544 1506
f 1451 1506 1528
f 1528 1506 1508
f 1528 1508 1520
f 1520 1508 1540
f 1520 1540 1518
f 1518 1540 1492
f 1518 1492 1498
f 1441 1503 1426
f 1503 1441 1550
f 1550 1441 1377
f 1550 1377 1475
f 1475 1377 1379
f 1475 1379 1473
f 1473 1379 1403
f 1473 1403 1454
f 1454 1403 1419
f 1454 1419 1455
f 1455 1419 1367
f 1455 1367 1458
f 1458 1367 1366
f 1458 1366 1537
f 1537 1366 1376
f 1537 1376 1486
f 1486 1376 1358
f 1486 1358 1487
f 1487 1358 1360
f 1487 1360 1489
f 1489 1360 1374
f 1489 1374 1494
f 1494 1374 1355
f 1494 1355 1492
f 1383 1426 1381
f 1426 1383 1422
f 1422 1383 1430
f 1422 1430 1329
f 1329 1430 1407
f 1329 1407 1327
f 1327 1407 1406
f 1327 1406 1332
f 1332 1406 1415
f 1332 1415 1386
f 1386 1415 1414
f 1386 1414 1438
f 1438 1414 1424
f 1438 1424 1388
f 1388 1424 1411
f 1388 1411 1389
f 1389 1411 1410
f 1389 1410 1418
f 1418 1410 1349
f 1418 1349 1340
f 1340 1349 1342
f 1340 1342 1338
f 1338 1342 1344
f 1338 1344 1355
f 1267 1381 1271
f 1381 1267 1372
f 1372 1267 1269
f 1372 1269 1353
f 1353 1269 1326
f 1353 1326 1351
f 1351 1326 1302
f 1351 1302 1440
f 1440 1302 1295
f 1440 1295 1369
f 1369 1295 1294
f 1369 1294 1362
f 1362 1294 1285
f 1362 1285 1363
f 1363 1285 1284
f 1363 1284 1428
f 1428 1284 1265
f 1428 1265 1402
f 1402 1265 1258
f 1402 1258 1400
f 1400 1258 1260
f 1400 1260 1394
f 1394 1260 1218
f 1394 1218 1344
f 1313 1271 1254
f 1271 1313 1303
f 1303 1313 1309
f 1303 1309 1318
f 1318 1309 1311
f 1318 1311 1306
f 1306 1311 1281
f 1306 1281 1307
f 1307 1281 1280
f 1307 1280 1222
f 1222 1280 1252
f 1222 1252 1223
f 1223 1252 1238
f 1223 1238 1323
f 1323 1238 1235
f 1323 1235 1214
f 1214 1235 1234
f 1214 1234 1215
f 1215 1234 1276
f 1215 1276 1256
f 1256 1276 1278
f 1256 1278 1220
f 1220 1278 1287
f 1220 1287 1218
f 120 1254 117
f 1254 120 1241
f 1241 120 1298
f 1241 1298 1239
f 1239 1298 1322
f 1239 1322 1299
f 1299 1322 1227
f 1299 1227 1262
f 1262 1227 1226
f 1262 1226 1263
f 1263 1226 1315
f 1263 1315 1274
f 1274 1315 1245
f 1274 1245 1320
f 1320 1245 1244
f 1320 1244 1230
f 1230 1244 1290
f 1230 1290 1231
f 1231 1290 1292
f 1231 1292 1250
f 1250 1292 56
f 1250 56 1248
f 1248 56 58
f 1248 58 1287
f 139 117 143
f 117 139 115
f 115 139 137
f 115 137 108
f 108 137 136
f 108 136 102
f 102 136 133
f 102 133 103
f 103 133 132
f 103 132 106
f 106 132 145
f 106 145 110
f 110 145 166
f 110 166 147
f 147 166 159
f 147 159 53
f 53 159 158
f 53 158 52
f 52 158 174
f 52 174 50
f 50 174 176
f 50 176 121
f 121 176 177
f 121 177 58
f 233 143 231
f 143 233 142
f 142 233 267
f 142 267 125
f 125 267 266
f 125 266 123
f 123 266 247
f 123 247 128
f 128 247 246
f 128 246 130
f 130 246 264
f 130 264 171
f 171 264 241
f 171 241 150
f 150 241 240
f 150 240 151
f 151 240 261
f 151 261 170
f 170 261 259
f 170 259 156
f 156 259 257
f 156 257 154
f 154 257 229
f 154 229 177
f 193 231 191
f 231 193 243
f 243 193 214
f 243 214 249
f 249 214 211
f 249 211 251
f 251 211 210
f 251 210 162
f 162 210 208
f 162 208 163
f 163 208 205
f 163 205 168
f 168 205 204
f 168 204 236
f 236 204 189
f 236 189 237
f 237 189 188
f 237 188 256
f 256 188 201
f 256 201 228
f 228 201 199
f 228 199 226
f 226 199 197
f 226 197 229
f 1645 191 1643
f 191 1645 215
f 215 1645 1666
f 215 1666 217
f 217 1666 1629
f 217 1629 219
f 219 1629 1628
f 219 1628 222
f 222 1628 1626
f 222 1626 253
f 253 1626 1618
f 253 1618 223
f 223 1618 1593
f 223 1593 180
f 180 1593 1592
f 180 1592 181
f 181 1592 1615
f 181 1615 196
f 196 1615 1471
f 196 1471 186
f 186 1471 1469
f 186 1469 184
f 184 1469 1467
f 184 1467 197
f 959 1643 957
f 1643 959 1676
f 1676 959 1049
f 1676 1049 1671
f 1671 1049 1041
f 1671 1041 1669
f 1669 1041 1040
f 1669 1040 1674
f 1674 1040 1047
f 1674 1047 1546
f 1546 1047 1054
f 1546 1054 1547
f 1547 1054 1045
f 1547 1045 1556
f 1556 1045 1044
f 1556 1044 1558
f 1558 1044 1057
f 1558 1057 1446
f 1446 1057 1036
f 1446 1036 1444
f 1444 1036 1038
f 1444 1038 1447
f 1447 1038 1055
f 1447 1055 1467
f 929 957 935
f 957 929 967
f 967 929 925
f 967 925 993
f 993 925 927
f 993 927 1009
f 1009 927 965
f 1009 965 1015
f 1015 965 964
f 1015 964 1012
f 1012 964 979
f 1012 979 1013
f 1013 979 923
f 1013 923 1018
f 1018 923 922
f 1018 922 1020
f 1020 922 950
f 1020 950 1022
f 1022 950 952
f 1022 952 1023
f 1023 952 998
f 1023 998 1051
f 1051 998 1026
f 1051 1026 1055
f 1005 935 978
f 935 1005 933
f 933 1005 1007
f 933 1007 955
f 955 1007 992
f 955 992 953
f 953 992 975
f 953 975 982
f 982 975 974
f 982 974 984
f 984 974 999
f 984 999 985
f 985 999 1003
f 985 1003 990
f 990 1003 1031
f 990 1031 946
f 946 1031 1033
f 946 1033 947
f 947 1033 1029
f 947 1029 1001
f 1001 1029 938
f 1001 938 1028
f 1028 938 940
f 1028 940 1026
f 821 978 907
f 978 821 943
f 943 821 823
f 943 823 941
f 941 823 819
f 941 819 995
f 995 819 818
f 995 818 961
f 961 818 847
f 961 847 931
f 931 847 901
f 931 901 838
f 838 901 912
f 838 912 839
f 839 912 897
f 839 897 842
f 842 897 896
f 842 896 972
f 972 896 844
f 972 844 970
f 970 844 846
f 970 846 987
f 987 846 835
f 987 835 940
f 894 907 891
f 907 894 827
f 827 894 917
f 827 917 825
f 825 917 919
f 825 919 829
f 829 919 916
f 829 916 910
f 910 916 874
f 910 874 832
f 832 874 859
f 832 859 833
f 833 859 858
f 833 858 854
f 854 858 869
f 854 869 855
f 855 869 868
f 855 868 814
f 814 868 878
f 814 878 812
f 812 878 861
f 812 861 815
f 815 861 850
f 815 850 835
f 717 891 715
f 891 717 889
f 889 717 806
f 889 806 883
f 883 806 880
f 883 880 881
f 881 880 865
f 881 865 900
f 900 865 864
f 900 864 904
f 904 864 871
f 904 871 905
f 905 871 885
f 905 885 808
f 808 885 876
f 808 876 809
f 809 876 692
f 809 692 888
f 888 692 694
f 888 694 913
f 913 694 799
f 913 799 852
f 852 799 797
f 852 797 850
f 753 715 751
f 715 753 769
f 769 753 747
f 769 747 773
f 773 747 749
f 773 749 771
f 771 749 802
f 771 802 776
f 776 802 746
f 776 746 780
f 780 746 744
f 780 744 782
f 782 744 741
f 782 741 783
f 783 741 740
f 783 740 786
f 786 740 777
f 786 777 790
f 790 777 736
f 790 736 788
f 788 736 738
f 788 738 791
f 791 738 804
f 791 804 797
f 723 751 793
f 751 723 755
f 755 723 707
f 755 707 757
f 757 707 709
f 757 709 760
f 760 709 701
f 760 701 761
f 761 701 700
f 761 700 720
f 720 700 705
f 720 705 721
f 721 705 704
f 721 704 730
f 730 704 713
f 730 713 766
f 766 713 763
f 766 763 767
f 767 763 696
f 767 696 734
f 734 696 698
f 734 698 732
f 732 698 655
f 732 655 804
f 683 793 688
f 793 683 727
f 727 683 623
f 727 623 725
f 725 623 625
f 725 625 795
f 795 625 659
f 795 659 711
f 711 659 658
f 711 658 586
f 586 658 677
f 586 677 587
f 587 677 621
f 587 621 594
f 594 621 620
f 594 620 638
f 638 620 578
f 638 578 640
f 640 578 580
f 640 580 647
f 647 580 646
f 647 646 649
f 649 646 671
f 649 671 655
f 653 688 651
f 688 653 633
f 633 653 669
f 633 669 631
f 631 669 667
f 631 667 582
f 582 667 666
f 582 666 583
f 583 666 675
f 583 675 690
f 690 675 674
f 690 674 641
f 641 674 680
f 641 680 617
f 617 680 607
f 617 607 590
f 590 607 606
f 590 606 591
f 591 606 686
f 591 686 616
f 616 686 635
f 616 635 614
f 614 635 610
f 614 610 671
f 515 651 517
f 651 515 601
f 601 515 507
f 601 507 599
f 599 507 509
f 599 509 603
f 603 509 493
f 603 493 682
f 682 493 492
f 682 492 661
f 661 492 489
f 661 489 628
f 628 489 488
f 628 488 629
f 629 488 550
f 629 550 596
f 596 550 544
f 596 544 597
f 597 544 546
f 597 546 663
f 663 546 569
f 663 569 612
f 612 569 484
f 612 484 610
f 469 517 467
f 517 469 521
f 521 469 503
f 521 503 519
f 519 503 505
f 519 505 535
f 535 505 533
f 535 533 644
f 644 533 532
f 644 532 541
f 541 532 551
f 541 551 500
f 500 551 574
f 500 574 501
f 501 574 497
f 501 497 547
f 547 497 496
f 547 496 526
f 526 496 564
f 526 564 524
f 524 564 566
f 524 566 486
f 486 566 528
f 486 528 484
f 557 467 571
f 467 557 575
f 575 557 559
f 575 559 568
f 568 559 113
f 568 113 539
f 539 113 112
f 539 112 512
f 512 112 1436
f 512 1436 513
f 513 1436 1434
f 513 1434 562
f 562 1434 1398
f 562 1398 553
f 553 1398 1396
f 553 1396 472
f 472 1396 1346
f 472 1346 473
f 473 1346 1348
f 473 1348 555
f 555 1348 1392
f 555 1392 530
f 530 1392 1431
f 530 1431 528
f 1107 571 1163
f 571 1107 538
f 538 1107 1109
f 538 1109 477
f 477 1109 1161
f 477 1161 475
f 475 1161 1160
f 475 1160 480
f 480 1160 1175
f 480 1175 481
f 481 1175 1205
f 481 1205 1210
f 1210 1205 1197
f 1210 1197 1212
f 1212 1197 1196
f 1212 1196 1100
f 1100 1196 1188
f 1100 1188 1101
f 1101 1188 1190
f 1101 1190 1336
f 1336 1190 1156
f 1336 1156 1334
f 1334 1156 1158
f 1334 1158 1431
f 1113 1163 1111
f 1163 1113 1208
f 1208 1113 1199
f 1208 1199 1182
f 1182 1199 1105
f 1182 1105 1178
f 1178 1105 1104
f 1178 1104 1179
f 1179 1104 1131
f 1179 1131 1134
f 1134 1131 1125
f 1134 1125 1135
f 1135 1125 1124
f 1135 1124 1146
f 1146 1124 1183
f 1146 1183 1138
f 1138 1183 1193
f 1138 1193 1139
f 1139 1193 1142
f 1139 1142 1147
f 1147 1142 1144
f 1147 1144 1153
f 1153 1144 1202
f 1153 1202 1158
f 1723 1111 1725
f 1111 1723 1121
f 1121 1723 1721
f 1121 1721 1119
f 1119 1721 1714
f 1119 1714 1185
f 1185 1714 1708
f 1185 1708 1166
f 1166 1708 1705
f 1166 1705 1167
f 1167 1705 1704
f 1167 1704 1170
f 1170 1704 1711
f 1170 1711 1192
f 1192 1711 1701
f 1192 1701 1150
f 1150 1701 1700
f 1150 1700 1151
f 1151 1700 1696
f 1151 1696 1118
f 1118 1696 1698
f 1118 1698 1116
f 1116 1698 1732
f 1116 1732 1202
f 1681 1725 1679
f 1725 1681 1727
f 1727 1681 1753
f 1727 1753 1204
f 1204 1753 1755
f 1204 1755 1173
f 1173 1755 1743
f 1173 1743 1171
f 1171 1743 1742
f 1171 1742 1128
f 1128 1742 1752
f 1128 1752 1129
f 1129 1752 1749
f 1129 1749 1719
f 1719 1749 1748
f 1719 1748 1709
f 1709 1748 1765
f 1709 1765 1694
f 1694 1765 1763
f 1694 1763 1692
f 1692 1763 1760
f 1692 1760 1734
f 1734 1760 1762
f 1734 1762 1732
f 1651 1679 1649
f 1679 1651 1717
f 1717 1651 1647
f 1717 1647 1715
f 1715 1647 1586
f 1715 1586 1684
f 1684 1586 1575
f 1684 1575 1685
f 1685 1575 1574
f 1685 1574 1688
f 1688 1574 1641
f 1688 1641 1689
f 1689 1641 1579
f 1689 1579 1736
f 1736 1579 1578
f 1736 1578 1746
f 1746 1578 1634
f 1746 1634 1758
f 1758 1634 1636
f 1758 1636 1740
f 1740 1636 1631
f 1740 1631 1738
f 1738 1631 1568
f 1738 1568 1762
f 1605 1649 1657
f 1649 1605 1653
f 1653 1605 1607
f 1653 1607 1655
f 1655 1607 1668
f 1655 1668 1729
f 1729 1668 1678
f 1729 1678 1768
f 1768 1678 1663
f 1768 1663 1638
f 1638 1663 1662
f 1638 1662 1639
f 1639 1662 1610
f 1639 1610 1564
f 1564 1610 1603
f 1564 1603 1565
f 1565 1603 1602
f 1565 1602 1614
f 1614 1602 1588
f 1614 1588 1612
f 1612 1588 1590
f 1612 1590 1570
f 1570 1590 1619
f 1570 1619 1568
f 2601 2796 2794
f 2796 2601 2603
f 2537 2849 2847
f 2849 2537 2539
f 2862 2445 2704
f 2445 2862 2524
f 2551 2678 2549
f 2678 2551 2860
f 2845 2537 2847
f 2537 2845 2535
f 2541 2853 2851
f 2853 2541 2543
f 2545 2397 2855
f 2397 2545 2395
f 2530 2867 2531
f 2867 2530 2866
f 2843 2535 2845
f 2535 2843 2533
f 2526 2863 2864
f 2863 2526 2525
f 2531 2414 2411
f 2414 2531 2867
f 2525 2403 2863
f 2403 2525 2406
f 2413 2860 2551
f 2860 2413 2412
f 2407 2686 2415
f 2686 2407 19
f 2610 2695 2432
f 2695 2610 2805
f 2579 2809 2810
f 2809 2579 2578
f 2606 2803 2608
f 2803 2606 2801
f 2606 2799 2801
f 2799 2606 2604
f 2604 2797 2799
f 2797 2604 2602
f 2602 2795 2797
f 2795 2602 2600
f 2785 2442 2706
f 2442 2785 2590
f 2596 2789 2791
f 2789 2596 2594
f 2787 2590 2785
f 2590 2787 2592
f 2603 2798 2796
f 2798 2603 2605
f 2577 2807 2808
f 2807 2577 2576
f 2619 2771 2769
f 2771 2619 2621
f 2764 2441 2707
f 2441 2764 2612
f 2707 2635 2741
f 2635 2707 2441
f 2743 2639 2745
f 2639 2743 2637
f 2741 2637 2743
f 2637 2741 2635
f 2641 2749 2747
f 2749 2641 2643
f 2617 2769 2767
f 2769 2617 2619
f 2639 2747 2745
f 2747 2639 2641
f 2645 2753 2751
f 2753 2645 2647
f 2584 2818 2586
f 2818 2584 2816
f 2649 2757 2755
f 2757 2649 2651
f 2763 2615 2765
f 2615 2763 2613
f 2586 2820 2588
f 2820 2586 2818
f 2765 2617 2767
f 2617 2765 2615
f 2789 2592 2787
f 2592 2789 2594
f 2653 2757 2651
f 2757 2653 2759
f 2806 2574 2679
f 2574 2806 2575
f 2600 2793 2795
f 2793 2600 2598
f 2807 2575 2806
f 2575 2807 2576
f 2706 2613 2763
f 2613 2706 2442
f 2623 2775 2773
f 2775 2623 2625
f 2631 2779 2629
f 2779 2631 2781
f 2655 2759 2653
f 2759 2655 2761
f 2431 2761 2655
f 2761 2431 2696
f 2632 2696 2431
f 2696 2632 2784
f 2630 2784 2632
f 2784 2630 2782
f 2628 2782 2630
f 2782 2628 2780
f 2588 2694 2433
f 2694 2588 2820
f 2598 2791 2793
f 2791 2598 2596
f 2605 2800 2798
f 2800 2605 2607
f 2584 2814 2816
f 2814 2584 2582
f 2433 2804 2611
f 2804 2433 2694
f 2625 2777 2775
f 2777 2625 2627
f 2643 2751 2749
f 2751 2643 2645
f 2628 2778 2780
f 2778 2628 2626
f 2647 2755 2753
f 2755 2647 2649
f 2626 2776 2778
f 2776 2626 2624
f 2624 2774 2776
f 2774 2624 2622
f 2608 2805 2610
f 2805 2608 2803
f 2622 2772 2774
f 2772 2622 2620
f 2578 2808 2809
f 2808 2578 2577
f 2609 2800 2607
f 2800 2609 2802
f 2582 2812 2814
f 2812 2582 2580
f 2633 2781 2631
f 2781 2633 2783
f 2611 2802 2609
f 2802 2611 2804
f 2580 2810 2812
f 2810 2580 2579
f 2621 2773 2771
f 2773 2621 2623
f 2627 2779 2777
f 2779 2627 2629
f 2432 2783 2633
f 2783 2432 2695
f 2652 2762 2654
f 2762 2652 2760
f 2642 2748 2750
f 2748 2642 2640
f 2746 2636 2744
f 2636 2746 2638
f 2420 2711 2710
f 2711 2420 2421
f 2672 2734 2736
f 2734 2672 2670
f 2663 2727 2725
f 2727 2663 2665
f 2664 2726 2728
f 2726 2664 2662
f 2423 2714 2713
f 2714 2423 2424
f 2424 2715 2714
f 2715 2424 2425
f 2724 2658 2722
f 2658 2724 2660
f 2675 2735 2673
f 2735 2675 2737
f 2670 2732 2734
f 2732 2670 2668
f 2668 2730 2732
f 2730 2668 2666
f 2699 2419 2709
f 2419 2699 2417
f 2708 2657 2719
f 2657 2708 2440
f 2640 2746 2748
f 2746 2640 2638
f 2676 2698 2429
f 2698 2676 2740
f 2677 2737 2675
f 2737 2677 2739
f 2742 2440 2708
f 2440 2742 2634
f 2620 2770 2772
f 2770 2620 2618
f 2430 2739 2677
f 2739 2430 2697
f 2644 2750 2752
f 2750 2644 2642
f 2720 2416 2700
f 2416 2720 2656
f 2667 2731 2729
f 2731 2667 2669
f 2719 2659 2721
f 2659 2719 2657
f 2650 2760 2652
f 2760 2650 2758
f 2744 2634 2742
f 2634 2744 2636
f 2661 2725 2723
f 2725 2661 2663
f 2648 2754 2756
f 2754 2648 2646
f 2700 2417 2699
f 2417 2700 2416
f 2669 2733 2731
f 2733 2669 2671
f 2665 2729 2727
f 2729 2665 2667
f 2709 2420 2710
f 2420 2709 2419
f 2421 2712 2711
f 2712 2421 2422
f 2422 2713 2712
f 2713 2422 2423
f 2427 2716 2426
f 2716 2427 2717
f 2650 2756 2758
f 2756 2650 2648
f 2425 2716 2715
f 2716 2425 2426
f 2666 2728 2730
f 2728 2666 2664
f 2721 2661 2723
f 2661 2721 2659
f 2654 2697 2430
f 2697 2654 2762
f 2766 2612 2764
f 2612 2766 2614
f 2429 2718 2428
f 2718 2429 2698
f 2674 2740 2676
f 2740 2674 2738
f 2672 2738 2674
f 2738 2672 2736
f 2428 2717 2427
f 2717 2428 2718
f 2646 2752 2754
f 2752 2646 2644
f 2662 2724 2726
f 2724 2662 2660
f 2671 2735 2733
f 2735 2671 2673
f 2722 2656 2720
f 2656 2722 2658
f 2768 2614 2766
f 2614 2768 2616
f 2618 2768 2770
f 2768 2618 2616
f 2542 2852 2854
f 2852 2542 2540
f 2538 2848 2850
f 2848 2538 2536
f 2540 2850 2852
f 2850 2540 2538
f 2822 62 59
f 62 2822 2552
f 2547 2857 2858
f 2857 2547 2546
f 2544 2854 2856
f 2854 2544 2542
f 2546 2856 2857
f 2856 2546 2544
f 2848 2534 2846
f 2534 2848 2536
f 2846 2532 2844
f 2532 2846 2534
f 2823 2557 2825
f 2557 2823 2555
f 2557 2827 2825
f 2827 2557 2559
f 2565 2835 2833
f 2835 2565 2567
f 2561 2831 2829
f 2831 2561 2563
f 2567 2837 2835
f 2837 2567 2569
f 2559 2829 2827
f 2829 2559 2561
f 2571 2837 2569
f 2837 2571 2839
f 2550 2692 2435
f 2692 2550 2861
f 72 67 70
f 67 72 65
f 2573 2839 2571
f 2839 2573 2841
f 2435 2841 2573
f 2841 2435 2692
f 2844 2444 2705
f 2444 2844 2532
f 2563 2833 2831
f 2833 2563 2565
f 2548 2861 2550
f 2861 2548 2859
f 2547 2859 2548
f 2859 2547 2858
f 2705 2553 2821
f 2553 2705 2444
f 2821 2555 2823
f 2555 2821 2553
f 2518 2874 2873
f 2874 2518 2519
f 2519 2875 2874
f 2875 2519 2520
f 2702 2501 2879
f 2501 2702 2447
f 2896 2481 2894
f 2481 2896 2483
f 2473 2930 2475
f 2930 2473 2928
f 2489 2900 2902
f 2900 2489 2487
f 2485 2896 2898
f 2896 2485 2483
f 2520 2876 2875
f 2876 2520 2521
f 2522 2876 2521
f 2876 2522 2877
f 2892 2447 2702
f 2447 2892 2479
f 2869 2515 2870
f 2515 2869 2514
f 2500 2909 2498
f 2909 2500 2911
f 2916 2460 2914
f 2460 2916 2461
f 2503 2882 2881
f 2882 2503 2504
f 2437 2889 2512
f 2889 2437 2690
f 2463 2916 2918
f 2916 2463 2461
f 2498 2907 2496
f 2907 2498 2909
f 2493 2904 2906
f 2904 2493 2491
f 2473 2926 2928
f 2926 2473 2471
f 2497 2912 2499
f 2912 2497 2910
f 2467 2920 2922
f 2920 2467 2465
f 2491 2902 2904
f 2902 2491 2489
f 2492 2905 2903
f 2905 2492 2494
f 2703 2513 2868
f 2513 2703 2446
f 2523 2877 2522
f 2877 2523 2878
f 2436 2878 2523
f 2878 2436 2691
f 2469 2922 2924
f 2922 2469 2467
f 2486 2899 2897
f 2899 2486 2488
f 2506 2885 2884
f 2885 2506 2507
f 2511 2691 2436
f 2691 2511 2890
f 2216 2890 2511
f 2890 2216 2215
f 2471 2924 2926
f 2924 2471 2469
f 2879 2502 2880
f 2502 2879 2501
f 2495 2906 2908
f 2906 2495 2493
f 2490 2903 2901
f 2903 2490 2492
f 2484 2897 2895
f 2897 2484 2486
f 2505 2884 2883
f 2884 2505 2506
f 2487 2898 2900
f 2898 2487 2485
f 2880 2503 2881
f 2503 2880 2502
f 2488 2901 2899
f 2901 2488 2490
f 2504 2883 2882
f 2883 2504 2505
f 2510 2887 2509
f 2887 2510 2888
f 2438 2911 2500
f 2911 2438 2689
f 2477 2689 2438
f 2689 2477 2932
f 2475 2932 2477
f 2932 2475 2930
f 2508 2887 2886
f 2887 2508 2509
f 2512 2888 2510
f 2888 2512 2889
f 2499 2690 2437
f 2690 2499 2912
f 2495 2910 2497
f 2910 2495 2908
f 1868 2446 2703
f 2446 1868 1867
f 2868 2514 2869
f 2514 2868 2513
f 2515 2871 2870
f 2871 2515 2516
f 2494 2907 2905
f 2907 2494 2496
f 2516 2872 2871
f 2872 2516 2517
f 2465 2918 2920
f 2918 2465 2463
f 2507 2886 2885
f 2886 2507 2508
f 2894 2479 2892
f 2479 2894 2481
f 2914 2459 2913
f 2459 2914 2460
f 2517 2873 2872
f 2873 2517 2518
f 2934 2449 2933
f 2449 2934 2450
f 2439 2931 2478
f 2931 2439 2688
f 2464 2919 2917
f 2919 2464 2466
f 2455 2938 2939
f 2938 2455 2454
f 2453 2936 2937
f 2936 2453 2452
f 2452 2935 2936
f 2935 2452 2451
f 2456 2941 2457
f 2941 2456 2940
f 2454 2937 2938
f 2937 2454 2453
f 2933 2222 2221
f 2222 2933 2449
f 279 2462 2915
f 2462 279 278
f 2478 2929 2476
f 2929 2478 2931
f 2472 2927 2925
f 2927 2472 2474
f 1920 1926 1923
f 1926 1920 1919
f 2913 2448 2701
f 2448 2913 2459
f 2458 2688 2439
f 2688 2458 2942
f 2891 2482 2893
f 2482 2891 2480
f 2893 2484 2895
f 2484 2893 2482
f 2466 2921 2919
f 2921 2466 2468
f 2701 2480 2891
f 2480 2701 2448
f 2456 2939 2940
f 2939 2456 2455
f 2468 2923 2921
f 2923 2468 2470
f 2457 2942 2458
f 2942 2457 2941
f 2470 2925 2923
f 2925 2470 2472
f 2476 2927 2474
f 2927 2476 2929
f 2462 2917 2915
f 2917 2462 2464
f 2451 2934 2935
f 2934 2451 2450
f 2564 2832 2834
f 2832 2564 2562
f 2572 2693 2434
f 2693 2572 2842
f 2568 2836 2838
f 2836 2568 2566
f 2566 2834 2836
f 2834 2566 2564
f 2434 2819 2589
f 2819 2434 2693
f 2560 2828 2830
f 2828 2560 2558
f 68 2811 66
f 2811 68 2581
f 2558 2826 2828
f 2826 2558 2556
f 2581 2813 2811
f 2813 2581 2583
f 2570 2842 2572
f 2842 2570 2840
f 2568 2840 2570
f 2840 2568 2838
f 2824 2552 2822
f 2552 2824 2554
f 2589 2817 2587
f 2817 2589 2819
f 2562 2830 2832
f 2830 2562 2560
f 2587 2815 2585
f 2815 2587 2817
f 2826 2554 2824
f 2554 2826 2556
f 2583 2815 2813
f 2815 2583 2585
f 2943 2944 2945
f 2944 2943 2946
f 2947 2948 2949
f 2948 2947 2950
f 2948 2943 2945
f 2943 2948 2950
f 2947 2944 2946
f 2944 2947 2949
f 2951 2952 2953
f 2952 2951 2954
f 2955 2956 2957
f 2956 2955 2958
f 2959 2943 2960
f 2943 2959 2956
f 2943 2956 2946
f 2946 2956 2947
f 2960 2950 2958
f 2950 2960 2943
f 2958 2950 2947
f 2958 2947 2956
f 2954 2948 2952
f 2948 2954 2955
f 2948 2955 2949
f 2949 2955 2944
f 2952 2945 2957
f 2945 2952 2948
f 2957 2945 2944
f 2957 2944 2955
f 2960 2961 2959
f 2961 2960 2415
f 2962 2963 2964
f 2963 2962 2965
f 2951 2966 2965
f 2966 2951 2967
f 2967 2951 2968
f 2968 2951 2969
f 2969 2951 2970
f 2970 2951 2971
f 2971 2951 2972
f 2971 2972 2973
f 2973 2972 2974
f 2974 2972 2975
f 2975 2972 2976
f 2976 2972 2977
f 2977 2972 2978
f 2963 2979 2953
f 2979 2963 2980
f 2963 2981 2980
f 2981 2963 2965
f 2951 2979 2982
f 2979 2951 2953
f 2981 2979 2980
f 2979 2981 2982
f 2982 2981 2983
f 2982 2983 2984
f 2982 2984 2985
f 2982 2985 2986
f 2982 2986 2987
f 2982 2987 2988
f 2982 2988 2989
f 2989 2988 2990
f 2989 2990 2991
f 2989 2991 2992
f 2989 2992 2993
f 2989 2993 2994
f 2989 2994 2995
f 2977 2995 2994
f 2995 2977 2978
f 2995 2972 2989
f 2972 2995 2978
f 2972 2982 2989
f 2982 2972 2951
f 2981 2966 2983
f 2966 2981 2965
f 2983 2967 2984
f 2967 2983 2966
f 2984 2968 2985
f 2968 2984 2967
f 2985 2969 2986
f 2969 2985 2968
f 2986 2970 2987
f 2970 2986 2969
f 2987 2971 2988
f 2971 2987 2970
f 2971 2990 2988
f 2990 2971 2973
f 2973 2991 2990
f 2991 2973 2974
f 2974 2992 2991
f 2992 2974 2975
f 2975 2993 2992
f 2993 2975 2976
f 2976 2994 2993
f 2994 2976 2977
f 2951 2955 2954
f 2955 2951 2958
f 2958 2951 2965
f 2958 2965 2962
f 2958 2962 2415
f 2958 2415 2960
f 2996 2415 2962
f 2415 2996 2997
f 2415 2997 2998
f 2415 2998 2999
f 2415 2999 3000
f 2415 3000 3001
f 2415 3001 3002
f 2415 3002 3003
f 3003 3002 3004
f 3003 3004 3005
f 3003 3005 3006
f 3003 3006 3007
f 3003 3007 3008
f 3009 3008 3010
f 3008 3009 3003
f 3008 3011 3010
f 3011 3008 3007
f 3007 3012 3011
f 3012 3007 3006
f 3006 3013 3012
f 3013 3006 3005
f 3005 3014 3013
f 3014 3005 3004
f 3004 3015 3014
f 3015 3004 3002
f 3015 3001 3016
f 3001 3015 3002
f 3016 3000 3017
f 3000 3016 3001
f 3017 2999 3018
f 2999 3017 3000
f 3018 2998 3019
f 2998 3018 2999
f 3019 2997 3020
f 2997 3019 2998
f 3020 2996 3021
f 2996 3020 2997
f 3021 2962 3022
f 2962 3021 2996
f 2415 3009 3023
f 3009 2415 3003
f 3023 3024 3025
f 3024 3023 3022
f 3022 3023 3021
f 3021 3023 3020
f 3020 3023 3019
f 3019 3023 3018
f 3018 3023 3017
f 3017 3023 3016
f 3016 3023 3015
f 3015 3023 3009
f 3015 3009 3014
f 3014 3009 3013
f 3013 3009 3012
f 3012 3009 3011
f 3011 3009 3010
f 2962 3024 3022
f 3024 2962 2964
f 2961 3024 2964
f 3024 2961 3025
f 2961 3023 3025
f 3023 2961 2415
f 3026 3027 3028
f 3027 3026 3029
f 3030 3031 3032
f 3031 3030 3033
f 3031 3026 3028
f 3026 3031 3033
f 3030 3027 3029
f 3027 3030 3032
f 3034 3035 3036
f 3035 3034 3037
f 3038 3039 3040
f 3039 3038 3041
f 3042 3026 3043
f 3026 3042 3039
f 3026 3039 3029
f 3029 3039 3030
f 3043 3033 3041
f 3033 3043 3026
f 3041 3033 3030
f 3041 3030 3039
f 3037 3031 3035
f 3031 3037 3038
f 3031 3038 3032
f 3032 3038 3027
f 3035 3028 3040
f 3028 3035 3031
f 3040 3028 3027
f 3040 3027 3038
f 3043 3044 3042
f 3044 3043 3045
f 3046 3047 3048
f 3047 3046 3049
f 3034 3050 3049
f 3050 3034 3051
f 3051 3034 3052
f 3052 3034 3053
f 3053 3034 3054
f 3054 3034 3055
f 3055 3034 3056
f 3055 3056 3057
f 3057 3056 3058
f 3058 3056 3059
f 3059 3056 3060
f 3060 3056 3061
f 3061 3056 3062
f 3047 3063 3036
f 3063 3047 3064
f 3047 3065 3064
f 3065 3047 3049
f 3034 3063 3066
f 3063 3034 3036
f 3065 3063 3064
f 3063 3065 3066
f 3066 3065 3067
f 3066 3067 3068
f 3066 3068 3069
f 3066 3069 3070
f 3066 3070 3071
f 3066 3071 3072
f 3066 3072 3073
f 3073 3072 3074
f 3073 3074 3075
f 3073 3075 3076
f 3073 3076 3077
f 3073 3077 3078
f 3073 3078 3079
f 3061 3079 3078
f 3079 3061 3062
f 3079 3056 3073
f 3056 3079 3062
f 3056 3066 3073
f 3066 3056 3034
f 3065 3050 3067
f 3050 3065 3049
f 3067 3051 3068
f 3051 3067 3050
f 3068 3052 3069
f 3052 3068 3051
f 3069 3053 3070
f 3053 3069 3052
f 3070 3054 3071
f 3054 3070 3053
f 3071 3055 3072
f 3055 3071 3054
f 3055 3074 3072
f 3074 3055 3057
f 3057 3075 3074
f 3075 3057 3058
f 3058 3076 3075
f 3076 3058 3059
f 3059 3077 3076
f 3077 3059 3060
f 3060 3078 3077
f 3078 3060 3061
f 3034 3038 3037
f 3038 3034 3041
f 3041 3034 3049
f 3041 3049 3046
f 3041 3046 3045
f 3041 3045 3043
f 3080 3045 3046
f 3045 3080 3081
f 3045 3081 3082
f 3045 3082 3083
f 3045 3083 3084
f 3045 3084 3085
f 3045 3085 3086
f 3045 3086 3087
f 3087 3086 3088
f 3087 3088 3089
f 3087 3089 3090
f 3087 3090 3091
f 3087 3091 3092
f 3093 3092 3094
f 3092 3093 3087
f 3092 3095 3094
f 3095 3092 3091
f 3091 3096 3095
f 3096 3091 3090
f 3090 3097 3096
f 3097 3090 3089
f 3089 3098 3097
f 3098 3089 3088
f 3088 3099 3098
f 3099 3088 3086
f 3099 3085 3100
f 3085 3099 3086
f 3100 3084 3101
f 3084 3100 3085
f 3101 3083 3102
f 3083 3101 3084
f 3102 3082 3103
f 3082 3102 3083
f 3103 3081 3104
f 3081 3103 3082
f 3104 3080 3105
f 3080 3104 3081
f 3105 3046 3106
f 3046 3105 3080
f 3045 3093 3107
f 3093 3045 3087
f 3107 3108 3109
f 3108 3107 3106
f 3106 3107 3105
f 3105 3107 3104
f 3104 3107 3103
f 3103 3107 3102
f 3102 3107 3101
f 3101 3107 3100
f 3100 3107 3099
f 3099 3107 3093
f 3099 3093 3098
f 3098 3093 3097
f 3097 3093 3096
f 3096 3093 3095
f 3095 3093 3094
f 3046 3108 3106
f 3108 3046 3048
f 3044 3108 3048
f 3108 3044 3109
f 3044 3107 3109
f 3107 3044 3045
f 3110 3111 3112
f 3111 3110 3113
f 3110 3114 3113
f 3114 3110 3115
f 3116 3117 3118
f 3117 3116 3119
f 3120 3121 3122
f 3121 3120 3123
f 3122 3124 3125
f 3124 3122 3121
f 3126 3127 3128
f 3127 3126 3129
f 3130 3131 3132
f 3131 3130 3133
f 3125 3130 3132
f 3130 3125 3124
f 3134 3135 3136
f 3135 3134 3137
f 3138 3139 3140
f 3139 3138 3141
f 3142 3143 3144
f 3143 3142 3145
f 3146 3147 3148
f 3147 3146 3149
f 3146 3150 3149
f 3150 3146 3151
f 3151 3144 3150
f 3144 3151 3142
f 3145 3152 3143
f 3152 3145 3153
f 3153 3154 3152
f 3154 3153 3155
f 3140 3156 3157
f 3156 3140 3139
f 3155 3158 3154
f 3158 3155 3159
f 3158 3160 3161
f 3160 3158 3159
f 3148 3141 3138
f 3141 3148 3147
f 3162 3163 3164
f 3163 3162 3165
f 3166 3164 3167
f 3164 3166 3162
f 3163 3168 3169
f 3168 3163 3165
f 3170 3167 3171
f 3167 3170 3166
f 3172 3173 3174
f 3173 3172 3175
f 3176 3177 3178
f 3177 3176 3179
f 3169 3179 3176
f 3179 3169 3168
f 3178 3180 3181
f 3180 3178 3177
f 3112 3182 3183
f 3182 3112 3111
f 3184 3185 3186
f 3185 3184 3187
f 3188 3184 3189
f 3184 3188 3187
f 3190 3189 3191
f 3189 3190 3188
f 3192 3193 3194
f 3193 3192 3195
f 3196 3194 3197
f 3194 3196 3192
f 3198 3196 3197
f 3196 3198 3199
f 3200 3199 3198
f 3199 3200 3201
f 3186 3202 3203
f 3202 3186 3185
f 3204 3201 3200
f 3201 3204 3205
f 3203 3205 3204
f 3205 3203 3202
f 3195 3206 3193
f 3206 3195 3207
f 3115 3208 3114
f 3208 3115 3209
f 3209 3171 3208
f 3171 3209 3170
f 3210 3211 3212
f 3211 3210 3213
f 3214 3215 3216
f 3215 3214 3217
f 3218 3219 3220
f 3219 3218 3221
f 3222 3223 3224
f 3223 3222 3225
f 3226 3220 3227
f 3220 3226 3218
f 3207 3227 3206
f 3227 3207 3226
f 3228 3224 3229
f 3224 3228 3222
f 3230 3217 3214
f 3217 3230 3231
f 3213 3232 3211
f 3232 3213 3233
f 3233 3191 3232
f 3191 3233 3190
f 3234 3235 3236
f 3235 3234 3237
f 3216 3238 3239
f 3238 3216 3215
f 3239 3237 3234
f 3237 3239 3238
f 3236 3219 3221
f 3219 3236 3235
f 3230 3212 3231
f 3212 3230 3210
f 3240 3241 3242
f 3241 3240 3243
f 3244 3245 3246
f 3245 3244 3247
f 3248 3249 3250
f 3249 3248 3251
f 3252 3253 3254
f 3253 3252 3255
f 3256 3242 3257
f 3242 3256 3240
f 3246 3258 3259
f 3258 3246 3245
f 3259 3260 3261
f 3260 3259 3258
f 3261 3262 3263
f 3262 3261 3260
f 3256 3247 3244
f 3247 3256 3257
f 3183 3119 3116
f 3119 3183 3182
f 3264 3265 3266
f 3265 3264 3267
f 3268 3266 3269
f 3266 3268 3264
f 3270 3271 3272
f 3271 3270 3273
f 3267 3250 3265
f 3250 3267 3248
f 3254 3274 3275
f 3274 3254 3253
f 3276 3255 3252
f 3255 3276 3277
f 3278 3277 3276
f 3277 3278 3279
f 3273 3269 3271
f 3269 3273 3268
f 3275 3270 3272
f 3270 3275 3274
f 3280 3279 3278
f 3279 3280 3281
f 3282 3280 3283
f 3280 3282 3281
f 3263 3249 3251
f 3249 3263 3262
f 3243 3284 3241
f 3284 3243 3285
f 3286 3287 3288
f 3287 3286 3289
f 3288 3290 3291
f 3290 3288 3287
f 3292 3293 3294
f 3293 3292 3295
f 3296 3297 3298
f 3297 3296 3299
f 3300 3301 3302
f 3301 3300 3303
f 3304 3295 3292
f 3295 3304 3305
f 3306 3307 3308
f 3307 3306 3309
f 3310 3305 3304
f 3305 3310 3311
f 3312 3311 3310
f 3311 3312 3313
f 3225 3312 3223
f 3312 3225 3313
f 3285 3314 3284
f 3314 3285 3315
f 3316 3298 3317
f 3298 3316 3296
f 3299 3229 3297
f 3229 3299 3228
f 3291 3318 3319
f 3318 3291 3290
f 3319 3320 3321
f 3320 3319 3318
f 3321 3322 3323
f 3322 3321 3320
f 3303 3322 3301
f 3322 3303 3323
f 3316 3289 3286
f 3289 3316 3317
f 3315 3283 3314
f 3283 3315 3282
f 3324 3302 3325
f 3302 3324 3300
f 3309 3325 3307
f 3325 3309 3324
f 3326 3308 3327
f 3308 3326 3306
f 3328 3326 3327
f 3326 3328 3329
f 3294 3329 3328
f 3329 3294 3293
f 3330 3331 3332
f 3331 3330 3333
f 3334 3335 3336
f 3335 3334 3337
f 3338 3339 3340
f 3339 3338 3341
f 3342 3332 3343
f 3332 3342 3330
f 3336 3344 3345
f 3344 3336 3335
f 3333 3346 3331
f 3346 3333 3347
f 3348 3349 3350
f 3349 3348 3351
f 3352 3353 3354
f 3353 3352 3355
f 3356 3357 3358
f 3357 3356 3359
f 3346 3360 3361
f 3360 3346 3347
f 3362 3363 3364
f 3363 3362 3365
f 3350 3356 3358
f 3356 3350 3349
f 3366 3354 3367
f 3354 3366 3352
f 3368 3343 3369
f 3343 3368 3342
f 3370 3367 3371
f 3367 3370 3366
f 3372 3369 3373
f 3369 3372 3368
f 3359 3371 3357
f 3371 3359 3370
f 3364 3351 3348
f 3351 3364 3363
f 3361 3374 3375
f 3374 3361 3360
f 3355 3344 3353
f 3344 3355 3345
f 3376 3377 3378
f 3377 3376 3379
f 3380 3381 3382
f 3381 3380 3383
f 3384 3383 3380
f 3383 3384 3385
f 3386 3385 3384
f 3385 3386 3387
f 3382 3388 3389
f 3388 3382 3381
f 3390 3387 3386
f 3387 3390 3391
f 3392 3393 3394
f 3393 3392 3395
f 3379 3388 3377
f 3388 3379 3389
f 3396 3397 3398
f 3397 3396 3399
f 3400 3391 3390
f 3391 3400 3401
f 3402 3403 3404
f 3403 3402 3405
f 3395 3398 3393
f 3398 3395 3396
f 3406 3402 3407
f 3402 3406 3405
f 3400 3394 3401
f 3394 3400 3392
f 3408 3409 3410
f 3409 3408 3411
f 3399 3407 3397
f 3407 3399 3406
f 3404 3412 3413
f 3412 3404 3403
f 3414 3415 3416
f 3415 3414 3417
f 3416 3418 3419
f 3418 3416 3415
f 3420 3378 3421
f 3378 3420 3376
f 3422 3423 3424
f 3423 3422 3425
f 3426 3427 3428
f 3427 3426 3429
f 3430 3431 3432
f 3431 3430 3433
f 3434 3435 3436
f 3435 3434 3437
f 3438 3439 3440
f 3439 3438 3441
f 3442 3443 3444
f 3443 3442 3445
f 3446 3444 3447
f 3444 3446 3442
f 3448 3449 3450
f 3449 3448 3451
f 3452 3453 3454
f 3453 3452 3455
f 3441 3424 3439
f 3424 3441 3422
f 3423 3429 3426
f 3429 3423 3425
f 3454 3433 3430
f 3433 3454 3453
f 3437 3456 3435
f 3456 3437 3457
f 3457 3440 3456
f 3440 3457 3438
f 3445 3458 3443
f 3458 3445 3459
f 3460 3449 3451
f 3449 3460 3461
f 3459 3450 3458
f 3450 3459 3448
f 3434 3455 3452
f 3455 3434 3436
f 3462 3463 3464
f 3463 3462 3465
f 3432 3461 3460
f 3461 3432 3431
f 3466 3467 3468
f 3467 3466 3469
f 3467 3470 3468
f 3470 3467 3471
f 3471 3472 3470
f 3472 3471 3473
f 3473 3474 3472
f 3474 3473 3475
f 3475 3476 3474
f 3476 3475 3477
f 3477 3478 3476
f 3478 3477 3479
f 3479 3480 3478
f 3480 3479 3481
f 3482 3480 3481
f 3480 3482 3483
f 3157 3483 3482
f 3483 3157 3156
f 3484 3469 3466
f 3469 3484 3485
f 3464 3485 3484
f 3485 3464 3463
f 3486 3487 3488
f 3487 3486 3489
f 3490 3491 3492
f 3491 3490 3493
f 3492 3494 3495
f 3494 3492 3491
f 3496 3497 3498
f 3497 3496 3499
f 3500 3501 3502
f 3501 3500 3503
f 3504 3505 3506
f 3505 3504 3507
f 3508 3493 3490
f 3493 3508 3509
f 3495 3510 3511
f 3510 3495 3494
f 3512 3509 3508
f 3509 3512 3513
f 3514 3488 3515
f 3488 3514 3486
f 3512 3502 3513
f 3502 3512 3500
f 3503 3516 3501
f 3516 3503 3517
f 3511 3487 3489
f 3487 3511 3510
f 3518 3519 3520
f 3519 3518 3521
f 3521 3522 3519
f 3522 3521 3523
f 3524 3417 3414
f 3417 3524 3525
f 3507 3526 3505
f 3526 3507 3527
f 3522 3525 3524
f 3525 3522 3523
f 3517 3520 3516
f 3520 3517 3518
f 3527 3515 3526
f 3515 3527 3514
f 3497 3506 3498
f 3506 3497 3504
f 3528 3529 3530
f 3529 3528 3531
f 3532 3533 3534
f 3533 3532 3535
f 3536 3537 3538
f 3537 3536 3539
f 3540 3541 3542
f 3541 3540 3543
f 3544 3545 3546
f 3545 3544 3547
f 3548 3549 3550
f 3549 3548 3551
f 3552 3553 3554
f 3553 3552 3555
f 3555 3550 3553
f 3550 3555 3548
f 3556 3557 3558
f 3557 3556 3559
f 3560 3561 3562
f 3561 3560 3563
f 3564 3565 3566
f 3565 3564 3567
f 3568 3569 3570
f 3569 3568 3571
f 3572 3573 3574
f 3573 3572 3575
f 3576 3571 3568
f 3571 3576 3577
f 3578 3577 3576
f 3577 3578 3579
f 3580 3581 3582
f 3581 3580 3583
f 3530 3567 3564
f 3567 3530 3529
f 3584 3585 3586
f 3585 3584 3587
f 3588 3589 3590
f 3589 3588 3591
f 3592 3593 3594
f 3593 3592 3595
f 3586 3547 3544
f 3547 3586 3585
f 3569 3554 3570
f 3554 3569 3552
f 3582 3579 3578
f 3579 3582 3581
f 3596 3583 3580
f 3583 3596 3597
f 3538 3598 3599
f 3598 3538 3537
f 3565 3594 3566
f 3594 3565 3592
f 3575 3600 3573
f 3600 3575 3601
f 3563 3602 3561
f 3602 3563 3603
f 3604 3605 3606
f 3605 3604 3607
f 3584 3608 3587
f 3608 3584 3609
f 3610 3605 3611
f 3605 3610 3606
f 3609 3562 3608
f 3562 3609 3560
f 3595 3612 3593
f 3612 3595 3613
f 3535 3614 3533
f 3614 3535 3615
f 3532 3616 3617
f 3616 3532 3534
f 3618 3619 3620
f 3619 3618 3621
f 3622 3574 3623
f 3574 3622 3572
f 3624 3625 3626
f 3625 3624 3627
f 3600 3628 3629
f 3628 3600 3601
f 3546 3630 3631
f 3630 3546 3545
f 3631 3607 3604
f 3607 3631 3630
f 3620 3172 3174
f 3172 3620 3619
f 3551 3611 3549
f 3611 3551 3610
f 3632 3621 3618
f 3621 3632 3633
f 3617 3591 3588
f 3591 3617 3616
f 3590 3627 3624
f 3627 3590 3589
f 3615 3623 3614
f 3623 3615 3622
f 3599 3633 3632
f 3633 3599 3598
f 3634 3558 3635
f 3558 3634 3556
f 3613 3635 3612
f 3635 3613 3634
f 3626 3557 3559
f 3557 3626 3625
f 3636 3531 3528
f 3531 3636 3637
f 3543 3536 3541
f 3536 3543 3539
f 3629 3637 3636
f 3637 3629 3628
f 3638 3639 3640
f 3639 3638 3641
f 3642 3643 3644
f 3643 3642 3645
f 3646 3647 3648
f 3647 3646 3649
f 3650 3651 3652
f 3651 3650 3653
f 3654 3648 3655
f 3648 3654 3646
f 3656 3657 3658
f 3657 3656 3659
f 3660 3661 3662
f 3661 3660 3663
f 3664 3663 3660
f 3663 3664 3665
f 3666 3667 3668
f 3667 3666 3669
f 3670 3671 3672
f 3671 3670 3673
f 3674 3675 3676
f 3675 3674 3677
f 3653 3678 3651
f 3678 3653 3679
f 3650 3677 3674
f 3677 3650 3652
f 3680 3681 3682
f 3681 3680 3683
f 3684 3685 3686
f 3685 3684 3687
f 3688 3689 3690
f 3689 3688 3691
f 3692 3693 3694
f 3693 3692 3695
f 3643 3695 3692
f 3695 3643 3645
f 3672 3696 3697
f 3696 3672 3671
f 3698 3655 3699
f 3655 3698 3654
f 3700 3699 3701
f 3699 3700 3698
f 3679 3702 3678
f 3702 3679 3703
f 3704 3596 3705
f 3596 3704 3597
f 3706 3641 3638
f 3641 3706 3707
f 3700 3708 3709
f 3708 3700 3701
f 3709 3710 3711
f 3710 3709 3708
f 3712 3713 3714
f 3713 3712 3715
f 3711 3716 3717
f 3716 3711 3710
f 3718 3719 3720
f 3719 3718 3721
f 3691 3722 3689
f 3722 3691 3723
f 3656 3724 3725
f 3724 3656 3658
f 3726 3727 3728
f 3727 3726 3729
f 3730 3726 3728
f 3726 3730 3731
f 3676 3732 3733
f 3732 3676 3675
f 3662 3715 3712
f 3715 3662 3661
f 3659 3690 3657
f 3690 3659 3688
f 3734 3735 3736
f 3735 3734 3737
f 3729 3736 3727
f 3736 3729 3734
f 3725 3673 3670
f 3673 3725 3724
f 3683 3639 3681
f 3639 3683 3640
f 3721 3738 3719
f 3738 3721 3739
f 3740 3668 3741
f 3668 3740 3666
f 3603 3705 3602
f 3705 3603 3704
f 3737 3741 3735
f 3741 3737 3740
f 3742 3664 3743
f 3664 3742 3665
f 3685 3720 3686
f 3720 3685 3718
f 3733 3707 3706
f 3707 3733 3732
f 3744 3687 3684
f 3687 3744 3745
f 3746 3667 3669
f 3667 3746 3747
f 3694 3748 3749
f 3748 3694 3693
f 3750 3644 3751
f 3644 3750 3642
f 3749 3745 3744
f 3745 3749 3748
f 3703 3751 3702
f 3751 3703 3750
f 3714 3731 3730
f 3731 3714 3713
f 3723 3743 3722
f 3743 3723 3742
f 3739 3682 3738
f 3682 3739 3680
f 3697 3747 3746
f 3747 3697 3696
f 3752 3753 3754
f 3753 3752 3755
f 3756 3757 3758
f 3757 3756 3759
f 3760 3761 3762
f 3761 3760 3763
f 3764 3765 3766
f 3765 3764 3767
f 3768 3769 3770
f 3769 3768 3771
f 3649 3772 3647
f 3772 3649 3773
f 3769 3762 3770
f 3762 3769 3760
f 3767 3774 3765
f 3774 3767 3775
f 3776 3777 3778
f 3777 3776 3779
f 3780 3781 3782
f 3781 3780 3783
f 3784 3771 3768
f 3771 3784 3785
f 3786 3787 3788
f 3787 3786 3789
f 3790 3782 3791
f 3782 3790 3780
f 3792 3793 3794
f 3793 3792 3795
f 3796 3797 3798
f 3797 3796 3799
f 3800 3801 3802
f 3801 3800 3803
f 3804 3802 3805
f 3802 3804 3800
f 3806 3805 3807
f 3805 3806 3804
f 3808 3809 3810
f 3809 3808 3811
f 3812 3813 3814
f 3813 3812 3815
f 3816 3815 3812
f 3815 3816 3817
f 3818 3817 3816
f 3817 3818 3819
f 3820 3821 3822
f 3821 3820 3823
f 3775 3824 3774
f 3824 3775 3825
f 3763 3766 3761
f 3766 3763 3764
f 3826 3827 3828
f 3827 3826 3829
f 3826 3795 3792
f 3795 3826 3828
f 3783 3822 3781
f 3822 3783 3820
f 3830 3779 3776
f 3779 3830 3831
f 3832 3833 3834
f 3833 3832 3835
f 3836 3832 3837
f 3832 3836 3835
f 3803 3838 3801
f 3838 3803 3839
f 3821 3819 3818
f 3819 3821 3823
f 3840 3837 3841
f 3837 3840 3836
f 3842 3843 3844
f 3843 3842 3845
f 3846 3844 3847
f 3844 3846 3842
f 3848 3849 3850
f 3849 3848 3851
f 3850 3852 3853
f 3852 3850 3849
f 3814 3811 3808
f 3811 3814 3813
f 3854 3785 3784
f 3785 3854 3855
f 3856 3789 3786
f 3789 3856 3857
f 3853 3858 3859
f 3858 3853 3852
f 3859 3860 3861
f 3860 3859 3858
f 3773 3856 3772
f 3856 3773 3857
f 3862 3807 3863
f 3807 3862 3806
f 3864 3799 3796
f 3799 3864 3865
f 3809 3863 3810
f 3863 3809 3862
f 3717 3759 3756
f 3759 3717 3716
f 3834 3831 3830
f 3831 3834 3833
f 3788 3855 3854
f 3855 3788 3787
f 3758 3824 3825
f 3824 3758 3757
f 3848 3847 3851
f 3847 3848 3846
f 3861 3755 3752
f 3755 3861 3860
f 3798 3838 3839
f 3838 3798 3797
f 3794 3865 3864
f 3865 3794 3793
f 3829 3791 3827
f 3791 3829 3790
f 3845 3841 3843
f 3841 3845 3840
f 3778 3866 3867
f 3866 3778 3777
f 3868 3869 3870
f 3869 3868 3871
f 3872 3873 3874
f 3873 3872 3875
f 3874 3876 3877
f 3876 3874 3873
f 3878 3879 3880
f 3879 3878 3881
f 3882 3883 3884
f 3883 3882 3885
f 3886 3887 3888
f 3887 3886 3889
f 3890 3889 3886
f 3889 3890 3891
f 3892 3893 3894
f 3893 3892 3895
f 3877 3896 3897
f 3896 3877 3876
f 3898 3899 3900
f 3899 3898 3901
f 3902 3900 3903
f 3900 3902 3898
f 3904 3905 3906
f 3905 3904 3907
f 3881 3908 3879
f 3908 3881 3909
f 3910 3911 3912
f 3911 3910 3913
f 3914 3915 3916
f 3915 3914 3917
f 3918 3919 3920
f 3919 3918 3921
f 3912 3922 3923
f 3922 3912 3911
f 3924 3925 3926
f 3925 3924 3927
f 3928 3929 3930
f 3929 3928 3931
f 3921 3930 3919
f 3930 3921 3928
f 3927 3932 3925
f 3932 3927 3933
f 3934 3920 3935
f 3920 3934 3918
f 3936 3753 3937
f 3753 3936 3754
f 3938 3929 3931
f 3929 3938 3939
f 3867 3940 3941
f 3940 3867 3866
f 3923 3939 3938
f 3939 3923 3922
f 3942 3943 3944
f 3943 3942 3945
f 3897 3907 3904
f 3907 3897 3896
f 3933 3946 3932
f 3946 3933 3947
f 3948 3870 3949
f 3870 3948 3868
f 3950 3951 3952
f 3951 3950 3953
f 3952 3954 3955
f 3954 3952 3951
f 3944 3953 3950
f 3953 3944 3943
f 3872 3916 3875
f 3916 3872 3914
f 3956 3957 3958
f 3957 3956 3959
f 3917 3894 3915
f 3894 3917 3892
f 3906 3957 3959
f 3957 3906 3905
f 3960 3942 3961
f 3942 3960 3945
f 3909 3962 3908
f 3962 3909 3963
f 3884 3878 3880
f 3878 3884 3883
f 3964 3965 3966
f 3965 3964 3967
f 3968 3885 3882
f 3885 3968 3969
f 3888 3969 3968
f 3969 3888 3887
f 3970 3890 3971
f 3890 3970 3891
f 3895 3971 3893
f 3971 3895 3970
f 3972 3958 3973
f 3958 3972 3956
f 3948 3974 3975
f 3974 3948 3949
f 3963 3973 3962
f 3973 3963 3972
f 3947 3937 3946
f 3937 3947 3936
f 3871 3966 3869
f 3966 3871 3964
f 3976 3935 3977
f 3935 3976 3934
f 3967 3961 3965
f 3961 3967 3960
f 3978 3979 3980
f 3979 3978 3981
f 3955 3981 3978
f 3981 3955 3954
f 3975 3913 3910
f 3913 3975 3974
f 3940 3926 3941
f 3926 3940 3924
f 3979 3977 3980
f 3977 3979 3976
f 3982 3983 3984
f 3983 3982 3985
f 3986 3987 3988
f 3987 3986 3989
f 3990 3989 3986
f 3989 3990 3991
f 3901 3992 3899
f 3992 3901 3993
f 3994 3995 3996
f 3995 3994 3997
f 3998 3999 4000
f 3999 3998 4001
f 4002 4003 4004
f 4003 4002 4005
f 4006 4007 4008
f 4007 4006 4009
f 4010 4011 4012
f 4011 4010 4013
f 4014 4015 4016
f 4015 4014 4017
f 4018 4019 4020
f 4019 4018 4021
f 3993 4022 3992
f 4022 3993 4023
f 4024 4025 4026
f 4025 4024 4027
f 4028 4021 4018
f 4021 4028 4029
f 4030 4031 4032
f 4031 4030 4033
f 4030 3903 4033
f 3903 4030 3902
f 4034 4035 4036
f 4035 4034 4037
f 4004 4038 4039
f 4038 4004 4003
f 4027 4040 4025
f 4040 4027 4041
f 4042 4014 4043
f 4014 4042 4017
f 4044 4045 4046
f 4045 4044 4047
f 4032 4048 4049
f 4048 4032 4031
f 4050 4046 4051
f 4046 4050 4044
f 4049 4001 3998
f 4001 4049 4048
f 4016 3997 3994
f 3997 4016 4015
f 4052 4036 4053
f 4036 4052 4034
f 4054 4029 4028
f 4029 4054 4055
f 4056 4005 4002
f 4005 4056 4057
f 4058 4013 4010
f 4013 4058 4059
f 4037 4060 4035
f 4060 4037 4061
f 4006 4062 4063
f 4062 4006 4008
f 4061 4064 4060
f 4064 4061 4065
f 3985 4011 3983
f 4011 3985 4012
f 4066 4067 4068
f 4067 4066 4069
f 3996 3991 3990
f 3991 3996 3995
f 4070 4055 4054
f 4055 4070 4071
f 4072 4073 4074
f 4073 4072 4075
f 4075 4076 4073
f 4076 4075 4077
f 4077 4070 4076
f 4070 4077 4071
f 3987 4026 3988
f 4026 3987 4024
f 4078 4074 4079
f 4074 4078 4072
f 4080 4079 4081
f 4079 4080 4078
f 4082 4081 4083
f 4081 4082 4080
f 4047 4043 4045
f 4043 4047 4042
f 4068 4052 4053
f 4052 4068 4067
f 4082 4084 4085
f 4084 4082 4083
f 4086 4087 4088
f 4087 4086 4089
f 4041 3984 4040
f 3984 4041 3982
f 4039 4069 4066
f 4069 4039 4038
f 4000 4090 4091
f 4090 4000 3999
f 4065 4092 4064
f 4092 4065 4093
f 4009 4051 4007
f 4051 4009 4050
f 4093 4094 4092
f 4094 4093 4095
f 4091 4094 4095
f 4094 4091 4090
f 4063 4089 4086
f 4089 4063 4062
f 4023 4056 4022
f 4056 4023 4057
f 4088 4059 4058
f 4059 4088 4087
f 4096 4097 4098
f 4097 4096 4099
f 4100 4101 4102
f 4101 4100 4103
f 4104 4105 4106
f 4105 4104 4107
f 4103 4108 4101
f 4108 4103 4109
f 4110 4100 4102
f 4100 4110 4111
f 4085 4112 4113
f 4112 4085 4084
f 4114 4106 4115
f 4106 4114 4104
f 4113 4116 4117
f 4116 4113 4112
f 4107 4118 4105
f 4118 4107 4119
f 4109 4115 4108
f 4115 4109 4114
f 4117 4099 4096
f 4099 4117 4116
f 4098 4118 4119
f 4118 4098 4097
f 4020 4111 4110
f 4111 4020 4019
f 4120 4121 4122
f 4121 4120 4123
f 4124 4125 4126
f 4125 4124 4127
f 4128 4129 4130
f 4129 4128 4131
f 4132 4133 4134
f 4133 4132 4135
f 3419 3499 3496
f 3499 3419 3418
f 4136 4137 4138
f 4137 4136 4139
f 4140 4141 4142
f 4141 4140 4143
f 4144 4145 4146
f 4145 4144 4147
f 4137 4126 4138
f 4126 4137 4124
f 4148 4142 4149
f 4142 4148 4140
f 4143 4146 4141
f 4146 4143 4144
f 4148 4131 4128
f 4131 4148 4149
f 4130 4135 4132
f 4135 4130 4129
f 4150 4151 4152
f 4151 4150 4153
f 4151 4154 4155
f 4154 4151 4153
f 4134 4156 4157
f 4156 4134 4133
f 4147 4152 4145
f 4152 4147 4150
f 3413 4123 4120
f 4123 3413 3412
f 4122 4139 4136
f 4139 4122 4121
f 4155 4158 4159
f 4158 4155 4154
f 4160 4161 4162
f 4161 4160 4163
f 4164 4165 4166
f 4165 4164 4167
f 4168 4169 4170
f 4169 4168 4171
f 4172 4173 4174
f 4173 4172 4175
f 4176 4177 4178
f 4177 4176 4179
f 4180 4181 4182
f 4181 4180 4183
f 4184 4185 4186
f 4185 4184 4187
f 4188 4189 4190
f 4189 4188 4191
f 4167 4192 4165
f 4192 4167 4193
f 4194 4195 4196
f 4195 4194 4197
f 4198 4199 4200
f 4199 4198 4201
f 4202 4203 4204
f 4203 4202 4205
f 4206 4196 4207
f 4196 4206 4194
f 4198 4208 4209
f 4208 4198 4200
f 4210 4211 4212
f 4211 4210 4213
f 4209 4214 4215
f 4214 4209 4208
f 4216 4217 4218
f 4217 4216 4219
f 4220 4221 4222
f 4221 4220 4223
f 4201 4207 4199
f 4207 4201 4206
f 4224 4171 4168
f 4171 4224 4225
f 4226 4227 4228
f 4227 4226 4229
f 4230 4228 4231
f 4228 4230 4226
f 4191 4232 4189
f 4232 4191 4233
f 4233 4234 4232
f 4234 4233 4235
f 4215 4219 4216
f 4219 4215 4214
f 4223 4236 4221
f 4236 4223 4237
f 4238 4239 4240
f 4239 4238 4241
f 4239 4242 4243
f 4242 4239 4241
f 4197 4240 4195
f 4240 4197 4238
f 4187 4244 4185
f 4244 4187 4245
f 4246 4183 4180
f 4183 4246 4247
f 4248 4249 4250
f 4249 4248 4251
f 4252 4231 4253
f 4231 4252 4230
f 4245 4254 4244
f 4254 4245 4255
f 4256 4257 4258
f 4257 4256 4259
f 4204 4254 4255
f 4254 4204 4203
f 4260 4164 4166
f 4164 4260 4261
f 4182 4175 4172
f 4175 4182 4181
f 4262 4205 4202
f 4205 4262 4263
f 4229 4246 4227
f 4246 4229 4247
f 4213 4253 4211
f 4253 4213 4252
f 4234 4264 4265
f 4264 4234 4235
f 4193 4186 4192
f 4186 4193 4184
f 4178 4263 4262
f 4263 4178 4177
f 4210 4179 4176
f 4179 4210 4212
f 4174 4261 4260
f 4261 4174 4173
f 4237 4266 4236
f 4266 4237 4267
f 4243 4268 4269
f 4268 4243 4242
f 4218 4251 4248
f 4251 4218 4217
f 4269 4225 4224
f 4225 4269 4268
f 4270 3542 4271
f 3542 4270 3540
f 4272 4271 4273
f 4271 4272 4270
f 4163 4273 4161
f 4273 4163 4272
f 4259 4249 4257
f 4249 4259 4250
f 4267 4258 4266
f 4258 4267 4256
f 4170 4220 4222
f 4220 4170 4169
f 4274 4275 4276
f 4275 4274 4277
f 4278 4279 4280
f 4279 4278 4281
f 4282 4283 4284
f 4283 4282 4285
f 4286 4287 4288
f 4287 4286 4289
f 4290 4291 4292
f 4291 4290 4293
f 4294 4295 4296
f 4295 4294 4297
f 4298 4296 4299
f 4296 4298 4294
f 4300 4301 4302
f 4301 4300 4303
f 4304 4305 4306
f 4305 4304 4307
f 4308 4309 4310
f 4309 4308 4311
f 4312 4299 4313
f 4299 4312 4298
f 4302 4314 4315
f 4314 4302 4301
f 4316 4281 4278
f 4281 4316 4317
f 4318 4319 4320
f 4319 4318 4321
f 4322 4323 4324
f 4323 4322 4325
f 4320 4326 4327
f 4326 4320 4319
f 4328 4329 4330
f 4329 4328 4331
f 4332 4331 4328
f 4331 4332 4333
f 4334 4324 4335
f 4324 4334 4322
f 4336 4337 4338
f 4337 4336 4339
f 4340 4341 4342
f 4341 4340 4343
f 4344 4345 4346
f 4345 4344 4347
f 4310 4348 4349
f 4348 4310 4309
f 4350 4351 4352
f 4351 4350 4353
f 4354 4355 4356
f 4355 4354 4357
f 3181 4358 4359
f 4358 3181 3180
f 4360 4303 4300
f 4303 4360 4361
f 4362 4356 4363
f 4356 4362 4354
f 4364 4333 4332
f 4333 4364 4365
f 4307 4351 4305
f 4351 4307 4352
f 4366 4367 4368
f 4367 4366 4369
f 4370 4371 4372
f 4371 4370 4373
f 4374 4373 4370
f 4373 4374 4375
f 4289 4376 4287
f 4376 4289 4377
f 4367 4378 4379
f 4378 4367 4369
f 4380 4335 4381
f 4335 4380 4334
f 4359 4382 4383
f 4382 4359 4358
f 3118 4353 4350
f 4353 3118 3117
f 4377 4306 4376
f 4306 4377 4304
f 4290 4311 4308
f 4311 4290 4292
f 4371 4342 4372
f 4342 4371 4340
f 4349 4339 4336
f 4339 4349 4348
f 4343 4313 4341
f 4313 4343 4312
f 4277 4384 4275
f 4384 4277 4385
f 4274 4317 4316
f 4317 4274 4276
f 4315 4375 4374
f 4375 4315 4314
f 4347 4326 4345
f 4326 4347 4327
f 4357 4346 4355
f 4346 4357 4344
f 4293 4381 4291
f 4381 4293 4380
f 4385 4284 4384
f 4284 4385 4282
f 4386 4363 4387
f 4363 4386 4362
f 4330 4386 4387
f 4386 4330 4329
f 4325 4360 4323
f 4360 4325 4361
f 4280 4321 4318
f 4321 4280 4279
f 4379 4365 4364
f 4365 4379 4378
f 4285 4368 4283
f 4368 4285 4366
f 4382 4288 4383
f 4288 4382 4286
f 4338 4295 4297
f 4295 4338 4337
f 4388 4389 4390
f 4389 4388 4391
f 4392 4388 4393
f 4388 4392 4391
f 4394 4395 4396
f 4395 4394 4397
f 4398 4399 4400
f 4399 4398 4401
f 4402 4403 4404
f 4403 4402 4405
f 4406 4407 4408
f 4407 4406 4409
f 4404 4410 4411
f 4410 4404 4403
f 4412 4413 4414
f 4413 4412 4415
f 4400 4416 4417
f 4416 4400 4399
f 4418 4419 4420
f 4419 4418 4421
f 4422 4423 4424
f 4423 4422 4425
f 4426 4427 4428
f 4427 4426 4429
f 4425 4430 4423
f 4430 4425 4431
f 4414 4432 4433
f 4432 4414 4413
f 4434 4421 4418
f 4421 4434 4435
f 4436 4419 4437
f 4419 4436 4420
f 4438 4439 4440
f 4439 4438 4441
f 4442 4443 4444
f 4443 4442 4445
f 4446 4393 4447
f 4393 4446 4392
f 4448 4449 4450
f 4449 4448 4451
f 4452 4409 4406
f 4409 4452 4453
f 4454 4405 4402
f 4405 4454 4455
f 4456 4407 4457
f 4407 4456 4408
f 4458 4457 4459
f 4457 4458 4456
f 4460 4461 4462
f 4461 4460 4463
f 4462 4455 4454
f 4455 4462 4461
f 4439 4464 4440
f 4464 4439 4465
f 4466 4467 4468
f 4467 4466 4469
f 4433 4445 4442
f 4445 4433 4432
f 4470 4471 4472
f 4471 4470 4473
f 4474 4475 4476
f 4475 4474 4477
f 4478 4450 4479
f 4450 4478 4448
f 4478 4401 4398
f 4401 4478 4479
f 4465 4480 4464
f 4480 4465 4481
f 4390 4482 4483
f 4482 4390 4389
f 4484 4472 4485
f 4472 4484 4470
f 4483 4486 4487
f 4486 4483 4482
f 4160 4397 4394
f 4397 4160 4162
f 4488 4424 4489
f 4424 4488 4422
f 4444 4490 4491
f 4490 4444 4443
f 4396 4492 4493
f 4492 4396 4395
f 4493 4453 4452
f 4453 4493 4492
f 4494 4459 4495
f 4459 4494 4458
f 4496 4495 4497
f 4495 4496 4494
f 3175 4497 3173
f 4497 3175 4496
f 4460 4489 4463
f 4489 4460 4488
f 4417 4435 4434
f 4435 4417 4416
f 4411 4471 4473
f 4471 4411 4410
f 4491 4466 4468
f 4466 4491 4490
f 4477 4485 4475
f 4485 4477 4484
f 4498 4447 4499
f 4447 4498 4446
f 4429 4437 4427
f 4437 4429 4436
f 4500 4412 4501
f 4412 4500 4415
f 4431 4501 4430
f 4501 4431 4500
f 4451 4499 4449
f 4499 4451 4498
f 4481 4428 4480
f 4428 4481 4426
f 4469 4476 4467
f 4476 4469 4474
f 4502 4441 4438
f 4441 4502 4503
f 4487 4503 4502
f 4503 4487 4486
f 4504 4505 4506
f 4505 4504 4507
f 4506 4508 4509
f 4508 4506 4505
f 4510 4511 4512
f 4511 4510 4513
f 4514 4515 4516
f 4515 4514 4517
f 4518 4516 4519
f 4516 4518 4514
f 4520 4521 4522
f 4521 4520 4523
f 4524 4525 4526
f 4525 4524 4527
f 4509 4528 4529
f 4528 4509 4508
f 4529 4530 4531
f 4530 4529 4528
f 4531 4532 4533
f 4532 4531 4530
f 4534 4535 4536
f 4535 4534 4537
f 4538 4539 4540
f 4539 4538 4541
f 4542 4543 4544
f 4543 4542 4545
f 4546 4547 4548
f 4547 4546 4549
f 4546 4550 4551
f 4550 4546 4548
f 4517 4534 4515
f 4534 4517 4537
f 4552 4553 4554
f 4553 4552 4555
f 4556 4557 4558
f 4557 4556 4559
f 4560 4525 4527
f 4525 4560 4561
f 4562 4544 4563
f 4544 4562 4542
f 4564 4523 4520
f 4523 4564 4565
f 4566 4567 4568
f 4567 4566 4569
f 4570 4571 4572
f 4571 4570 4573
f 4574 4575 4576
f 4575 4574 4577
f 4578 4579 4580
f 4579 4578 4581
f 4582 4583 4584
f 4583 4582 4585
f 4586 4585 4582
f 4585 4586 4587
f 4588 4581 4578
f 4581 4588 4589
f 4513 4540 4511
f 4540 4513 4538
f 4590 4587 4586
f 4587 4590 4591
f 4545 4592 4543
f 4592 4545 4593
f 4580 4559 4556
f 4559 4580 4579
f 4594 4595 4596
f 4595 4594 4597
f 4541 4596 4539
f 4596 4541 4594
f 4558 4561 4560
f 4561 4558 4557
f 4595 4591 4590
f 4591 4595 4597
f 4549 4598 4547
f 4598 4549 4599
f 4600 4569 4566
f 4569 4600 4601
f 4573 4602 4571
f 4602 4573 4603
f 4599 4519 4598
f 4519 4599 4518
f 4554 4601 4600
f 4601 4554 4553
f 4604 4567 4605
f 4567 4604 4568
f 4603 4576 4602
f 4576 4603 4574
f 4522 4570 4572
f 4570 4522 4521
f 4606 4607 4608
f 4607 4606 4609
f 4588 4512 4589
f 4512 4588 4510
f 4536 4610 4611
f 4610 4536 4535
f 4612 4563 4613
f 4563 4612 4562
f 4614 4612 4613
f 4612 4614 4615
f 4616 4608 4617
f 4608 4616 4606
f 4577 4605 4575
f 4605 4577 4604
f 4618 4617 4619
f 4617 4618 4616
f 4611 4565 4564
f 4565 4611 4610
f 4584 4615 4614
f 4615 4584 4583
f 4504 4619 4507
f 4619 4504 4618
f 4551 4555 4552
f 4555 4551 4550
f 4593 4526 4592
f 4526 4593 4524
f 4620 4621 4622
f 4621 4620 4623
f 4624 4625 4626
f 4625 4624 4627
f 4628 4629 4630
f 4629 4628 4631
f 4632 4622 4633
f 4622 4632 4620
f 4634 4635 4636
f 4635 4634 4637
f 4638 4639 4640
f 4639 4638 4641
f 4642 4643 4644
f 4643 4642 4645
f 4646 4636 4647
f 4636 4646 4634
f 4648 4649 4650
f 4649 4648 4651
f 4652 4653 4654
f 4653 4652 4655
f 4623 4656 4621
f 4656 4623 4657
f 4658 4659 4660
f 4659 4658 4661
f 4662 4663 4664
f 4663 4662 4665
f 4666 4667 4668
f 4667 4666 4669
f 4670 4664 4671
f 4664 4670 4662
f 4672 4673 4674
f 4673 4672 4675
f 4655 4676 4653
f 4676 4655 4677
f 4678 4654 4679
f 4654 4678 4652
f 4644 4680 4681
f 4680 4644 4643
f 4682 4683 4684
f 4683 4682 4685
f 4686 4679 4687
f 4679 4686 4678
f 4674 4631 4628
f 4631 4674 4673
f 4688 4689 4690
f 4689 4688 4691
f 4630 4692 4693
f 4692 4630 4629
f 4694 4695 4696
f 4695 4694 4697
f 4698 4699 4700
f 4699 4698 4701
f 4641 4695 4639
f 4695 4641 4696
f 4637 4702 4635
f 4702 4637 4703
f 4704 4705 4706
f 4705 4704 4707
f 4708 4646 4647
f 4646 4708 4709
f 4710 4711 4712
f 4711 4710 4713
f 4714 4713 4710
f 4713 4714 4715
f 4716 4715 4714
f 4715 4716 4717
f 4656 4685 4682
f 4685 4656 4657
f 4718 4669 4666
f 4669 4718 4719
f 4720 4633 4721
f 4633 4720 4632
f 4650 4663 4665
f 4663 4650 4649
f 4722 4723 4724
f 4723 4722 4725
f 4627 4700 4625
f 4700 4627 4698
f 4672 4626 4675
f 4626 4672 4624
f 4706 4726 4727
f 4726 4706 4705
f 4658 4645 4642
f 4645 4658 4660
f 4712 4709 4708
f 4709 4712 4711
f 4668 4728 4729
f 4728 4668 4667
f 4730 4731 4732
f 4731 4730 4733
f 4734 4730 4735
f 4730 4734 4733
f 4693 4697 4694
f 4697 4693 4692
f 4533 4676 4677
f 4676 4533 4532
f 4703 4640 4702
f 4640 4703 4638
f 4732 4736 4737
f 4736 4732 4731
f 4609 4735 4607
f 4735 4609 4734
f 4661 4721 4659
f 4721 4661 4720
f 4725 4671 4723
f 4671 4725 4670
f 4681 4651 4648
f 4651 4681 4680
f 4691 4687 4689
f 4687 4691 4686
f 4684 4719 4718
f 4719 4684 4683
f 4738 4724 4739
f 4724 4738 4722
f 4727 4688 4690
f 4688 4727 4726
f 4728 4739 4729
f 4739 4728 4738
f 4737 4707 4704
f 4707 4737 4736
f 4740 4741 4742
f 4741 4740 4743
f 4744 4745 4746
f 4745 4744 4747
f 4748 4749 4750
f 4749 4748 4751
f 4752 4753 4754
f 4753 4752 4755
f 4756 4757 4758
f 4757 4756 4759
f 4760 4761 4762
f 4761 4760 4763
f 4764 4765 4766
f 4765 4764 4767
f 4768 4766 4769
f 4766 4768 4764
f 4752 4770 4755
f 4770 4752 4771
f 4767 4772 4765
f 4772 4767 4773
f 4774 4769 4775
f 4769 4774 4768
f 4776 4777 4778
f 4777 4776 4779
f 4771 4780 4770
f 4780 4771 4781
f 4773 4762 4772
f 4762 4773 4760
f 4781 4190 4780
f 4190 4781 4188
f 4782 4774 4775
f 4774 4782 4783
f 4784 4783 4782
f 4783 4784 4785
f 4786 4785 4784
f 4785 4786 4787
f 4788 4787 4786
f 4787 4788 4789
f 4265 4789 4788
f 4789 4265 4264
f 4790 4717 4716
f 4717 4790 4791
f 4792 4793 4794
f 4793 4792 4795
f 4754 4795 4792
f 4795 4754 4753
f 4794 4759 4756
f 4759 4794 4793
f 4758 4761 4763
f 4761 4758 4757
f 4796 4750 4797
f 4750 4796 4748
f 4798 4799 4800
f 4799 4798 4801
f 4802 4803 4804
f 4803 4802 4805
f 4806 4797 4807
f 4797 4806 4796
f 4808 4809 4810
f 4809 4808 4811
f 4812 4810 4813
f 4810 4812 4808
f 4745 4779 4776
f 4779 4745 4747
f 4814 4815 4816
f 4815 4814 4817
f 4751 4746 4749
f 4746 4751 4744
f 4818 4807 4819
f 4807 4818 4806
f 4820 4821 4822
f 4821 4820 4823
f 4822 4824 4825
f 4824 4822 4821
f 4811 4826 4809
f 4826 4811 4827
f 4805 4813 4803
f 4813 4805 4812
f 4828 4790 4829
f 4790 4828 4791
f 4818 4801 4798
f 4801 4818 4819
f 4815 4804 4816
f 4804 4815 4802
f 4825 4826 4827
f 4826 4825 4824
f 4800 4823 4820
f 4823 4800 4799
f 4742 4817 4814
f 4817 4742 4741
f 4701 4829 4699
f 4829 4701 4828
f 4778 4743 4740
f 4743 4778 4777
f 4830 4831 4832
f 4831 4830 4833
f 4834 4835 4836
f 4835 4834 4837
f 4838 4839 4840
f 4839 4838 4841
f 4842 4843 4844
f 4843 4842 4845
f 4846 4845 4842
f 4845 4846 4847
f 4838 4848 4849
f 4848 4838 4840
f 4850 4851 4852
f 4851 4850 4853
f 4854 4855 4856
f 4855 4854 4857
f 4858 4843 4859
f 4843 4858 4844
f 4841 4860 4839
f 4860 4841 4861
f 4862 4853 4850
f 4853 4862 4863
f 4849 4837 4834
f 4837 4849 4848
f 4861 4864 4860
f 4864 4861 4865
f 4866 4867 4868
f 4867 4866 4869
f 4865 4870 4864
f 4870 4865 4871
f 4871 4872 4870
f 4872 4871 4873
f 4874 4875 4876
f 4875 4874 4877
f 4873 4878 4872
f 4878 4873 4879
f 4880 4881 4882
f 4881 4880 4883
f 4884 4885 4886
f 4885 4884 4887
f 4888 4868 4889
f 4868 4888 4866
f 4890 4889 4891
f 4889 4890 4888
f 4892 4893 4894
f 4893 4892 4895
f 4887 4896 4885
f 4896 4887 4897
f 4894 4898 4899
f 4898 4894 4893
f 4900 4891 4901
f 4891 4900 4890
f 4869 4880 4867
f 4880 4869 4883
f 4902 4901 4903
f 4901 4902 4900
f 4904 4863 4862
f 4863 4904 4905
f 4906 4907 4908
f 4907 4906 4909
f 4908 4895 4892
f 4895 4908 4907
f 4898 4910 4899
f 4910 4898 4911
f 4912 4913 4914
f 4913 4912 4915
f 4916 4877 4874
f 4877 4916 4917
f 4918 4919 4920
f 4919 4918 4921
f 4922 4854 4923
f 4854 4922 4857
f 4856 4909 4906
f 4909 4856 4855
f 4924 4832 4925
f 4832 4924 4830
f 4926 4923 4927
f 4923 4926 4922
f 4918 4925 4921
f 4925 4918 4924
f 4882 4928 4929
f 4928 4882 4881
f 4852 4930 4931
f 4930 4852 4851
f 4833 4927 4831
f 4927 4833 4926
f 4930 4932 4931
f 4932 4930 4933
f 4920 4934 4935
f 4934 4920 4919
f 4876 4896 4897
f 4896 4876 4875
f 4933 4936 4932
f 4936 4933 4937
f 4937 4938 4936
f 4938 4937 4939
f 4939 4940 4938
f 4940 4939 4941
f 4941 4859 4940
f 4859 4941 4858
f 4836 4847 4846
f 4847 4836 4835
f 4935 4917 4916
f 4917 4935 4934
f 4911 4914 4910
f 4914 4911 4912
f 4915 4886 4913
f 4886 4915 4884
f 4942 4943 4944
f 4943 4942 4945
f 4946 4947 4948
f 4947 4946 4949
f 4950 4951 4952
f 4951 4950 4953
f 4949 4954 4947
f 4954 4949 4955
f 4956 4957 4958
f 4957 4956 4959
f 4960 4961 4962
f 4961 4960 4963
f 4963 4964 4961
f 4964 4963 4965
f 4944 4966 4967
f 4966 4944 4943
f 4878 4968 4969
f 4968 4878 4879
f 4970 4958 4971
f 4958 4970 4956
f 4965 4972 4964
f 4972 4965 4973
f 4974 4975 4976
f 4975 4974 4977
f 4959 4978 4957
f 4978 4959 4979
f 4978 4980 4981
f 4980 4978 4979
f 4982 4977 4974
f 4977 4982 4983
f 4984 4985 4986
f 4985 4984 4987
f 4982 4952 4983
f 4952 4982 4950
f 4986 4988 4989
f 4988 4986 4985
f 4973 4948 4972
f 4948 4973 4946
f 4969 4905 4904
f 4905 4969 4968
f 4990 4960 4962
f 4960 4990 4991
f 4967 4954 4955
f 4954 4967 4966
f 4989 4991 4990
f 4991 4989 4988
f 4976 4945 4942
f 4945 4976 4975
f 4953 4971 4951
f 4971 4953 4970
f 4992 4993 4994
f 4993 4992 4995
f 4996 4997 4998
f 4997 4996 4999
f 4992 5000 4995
f 5000 4992 5001
f 5002 5003 5004
f 5003 5002 5005
f 5001 5006 5000
f 5006 5001 5007
f 5007 5008 5006
f 5008 5007 5009
f 5010 5011 5012
f 5011 5010 5013
f 5014 3341 3338
f 3341 5014 5015
f 4998 5016 5017
f 5016 4998 4997
f 5018 5019 5020
f 5019 5018 5021
f 5022 5023 5024
f 5023 5022 5025
f 5026 5021 5018
f 5021 5026 5027
f 5028 5027 5026
f 5027 5028 5029
f 5030 5029 5028
f 5029 5030 5031
f 5030 5032 5031
f 5032 5030 5033
f 5034 5035 5036
f 5035 5034 5037
f 5038 5039 5040
f 5039 5038 5041
f 5025 5042 5023
f 5042 5025 5043
f 5036 5044 5045
f 5044 5036 5035
f 5020 5005 5002
f 5005 5020 5019
f 5045 5046 5047
f 5046 5045 5044
f 5033 5048 5032
f 5048 5033 5049
f 5049 5050 5048
f 5050 5049 5051
f 5051 5052 5050
f 5052 5051 5053
f 5054 5055 5056
f 5055 5054 5057
f 5056 5058 5059
f 5058 5056 5055
f 5046 5060 5047
f 5060 5046 5061
f 5062 5054 5063
f 5054 5062 5057
f 5053 5063 5052
f 5063 5053 5062
f 5061 5064 5060
f 5064 5061 5065
f 5066 5067 5068
f 5067 5066 5069
f 5065 5070 5064
f 5070 5065 5071
f 5017 5038 5040
f 5038 5017 5016
f 5071 5068 5070
f 5068 5071 5066
f 5069 5072 5067
f 5072 5069 5073
f 5074 5072 5073
f 5072 5074 5075
f 5076 5075 5074
f 5075 5076 5077
f 5041 5078 5039
f 5078 5041 5079
f 5043 5003 5042
f 5003 5043 5004
f 5080 5037 5034
f 5037 5080 5081
f 5012 5077 5076
f 5077 5012 5011
f 4994 5013 5010
f 5013 4994 4993
f 5079 5024 5078
f 5024 5079 5022
f 5059 4999 4996
f 4999 5059 5058
f 5082 5083 5084
f 5083 5082 5085
f 5086 5087 5088
f 5087 5086 5089
f 5087 5090 5091
f 5090 5087 5089
f 5092 5093 5094
f 5093 5092 5095
f 5096 5097 5098
f 5097 5096 5099
f 5100 5101 5102
f 5101 5100 5103
f 5095 5104 5093
f 5104 5095 5105
f 5106 5107 5108
f 5107 5106 5109
f 5110 5111 5112
f 5111 5110 5113
f 5114 5115 5116
f 5115 5114 5117
f 5091 5118 5119
f 5118 5091 5090
f 5120 5121 5122
f 5121 5120 5123
f 5108 5124 5125
f 5124 5108 5107
f 5126 5127 5128
f 5127 5126 5129
f 5130 5131 5132
f 5131 5130 5133
f 5134 5122 5135
f 5122 5134 5120
f 5085 5088 5083
f 5088 5085 5086
f 5128 5099 5096
f 5099 5128 5127
f 5136 5094 5137
f 5094 5136 5092
f 5138 5139 5140
f 5139 5138 5141
f 5131 5142 5132
f 5142 5131 5143
f 5144 5102 5145
f 5102 5144 5100
f 5146 5141 5138
f 5141 5146 5147
f 5148 5121 5123
f 5121 5148 5149
f 5150 5137 5151
f 5137 5150 5136
f 5103 5097 5101
f 5097 5103 5098
f 5152 5153 5154
f 5153 5152 5155
f 5156 5151 5157
f 5151 5156 5150
f 5158 5159 5160
f 5159 5158 5161
f 5104 5109 5106
f 5109 5104 5105
f 5162 5163 5164
f 5163 5162 5165
f 5166 5129 5126
f 5129 5166 5167
f 5168 5135 5169
f 5135 5168 5134
f 5116 5162 5164
f 5162 5116 5115
f 5165 5170 5163
f 5170 5165 5171
f 5154 5167 5166
f 5167 5154 5153
f 5152 5157 5155
f 5157 5152 5156
f 5125 5117 5114
f 5117 5125 5124
f 5143 5172 5142
f 5172 5143 5173
f 5140 5149 5148
f 5149 5140 5139
f 5173 5169 5172
f 5169 5173 5168
f 5112 5147 5146
f 5147 5112 5111
f 5110 5174 5113
f 5174 5110 5175
f 5175 5176 5174
f 5176 5175 5177
f 5160 5133 5130
f 5133 5160 5159
f 5119 5161 5158
f 5161 5119 5118
f 5171 5145 5170
f 5145 5171 5144
f 5177 5084 5176
f 5084 5177 5082
f 5178 5179 5180
f 5179 5178 5181
f 5182 5181 5178
f 5181 5182 5183
f 5184 5185 5186
f 5185 5184 5187
f 4127 3421 4125
f 3421 4127 3420
f 5180 5188 5189
f 5188 5180 5179
f 5188 5190 5189
f 5190 5188 5191
f 5192 5193 5194
f 5193 5192 5195
f 5196 5197 5198
f 5197 5196 5199
f 5195 5200 5193
f 5200 5195 5201
f 5202 5203 5204
f 5203 5202 5205
f 4159 5183 5182
f 5183 4159 4158
f 5206 5186 5207
f 5186 5206 5184
f 5208 5199 5196
f 5199 5208 5209
f 5210 5211 5212
f 5211 5210 5213
f 5191 5194 5190
f 5194 5191 5192
f 5201 5212 5200
f 5212 5201 5210
f 5187 5214 5185
f 5214 5187 5215
f 5215 5204 5214
f 5204 5215 5202
f 5206 5216 5217
f 5216 5206 5207
f 5205 5208 5203
f 5208 5205 5209
f 5218 5219 5220
f 5219 5218 5221
f 5222 5223 5224
f 5223 5222 5225
f 4157 5211 5213
f 5211 4157 4156
f 5220 5226 5227
f 5226 5220 5219
f 5228 5229 5230
f 5229 5228 5231
f 5232 5230 5233
f 5230 5232 5228
f 5231 5234 5229
f 5234 5231 5235
f 5236 5237 5238
f 5237 5236 5239
f 5198 5239 5236
f 5239 5198 5197
f 5240 5241 5242
f 5241 5240 5243
f 5244 5245 5246
f 5245 5244 5247
f 5238 5243 5240
f 5243 5238 5237
f 5234 5247 5244
f 5247 5234 5235
f 5241 5248 5242
f 5248 5241 5249
f 5249 5250 5248
f 5250 5249 5251
f 5251 5224 5250
f 5224 5251 5222
f 5225 5252 5223
f 5252 5225 5253
f 5253 5226 5252
f 5226 5253 5227
f 5254 5221 5218
f 5221 5254 5255
f 5256 5255 5254
f 5255 5256 5257
f 5258 5259 5260
f 5259 5258 5261
f 5262 5258 5263
f 5258 5262 5261
f 5260 5081 5080
f 5081 5260 5259
f 5264 5265 5266
f 5265 5264 5267
f 5268 5269 5270
f 5269 5268 5271
f 5269 5272 5273
f 5272 5269 5271
f 5009 5274 5008
f 5274 5009 5275
f 4902 5276 5277
f 5276 4902 4903
f 5278 5279 5280
f 5279 5278 5281
f 5273 3365 3362
f 3365 5273 5272
f 5282 5015 5014
f 5015 5282 5283
f 5284 5281 5278
f 5281 5284 5285
f 5286 5287 5288
f 5287 5286 5289
f 5286 5285 5284
f 5285 5286 5288
f 5267 5270 5265
f 5270 5267 5268
f 5289 5290 5287
f 5290 5289 5291
f 5291 5266 5290
f 5266 5291 5264
f 5275 5263 5274
f 5263 5275 5262
f 5292 5293 5294
f 5293 5292 5295
f 3137 5296 3135
f 5296 3137 5297
f 5298 5299 5300
f 5299 5298 5301
f 3428 5302 5303
f 5302 3428 3427
f 5304 5305 5306
f 5305 5304 5307
f 5308 5309 5310
f 5309 5308 5311
f 5303 5312 5313
f 5312 5303 5302
f 5313 5314 5315
f 5314 5313 5312
f 5315 5316 5317
f 5316 5315 5314
f 5318 5319 5320
f 5319 5318 5321
f 5311 5322 5309
f 5322 5311 5323
f 5323 5300 5322
f 5300 5323 5298
f 5324 5321 5318
f 5321 5324 5325
f 5320 5295 5292
f 5295 5320 5319
f 5301 5306 5299
f 5306 5301 5304
f 5326 5327 5328
f 5327 5326 5329
f 5330 5233 5331
f 5233 5330 5232
f 5294 5296 5297
f 5296 5294 5293
f 5308 5325 5324
f 5325 5308 5310
f 5305 5329 5326
f 5329 5305 5307
f 5316 3447 5317
f 3447 5316 3446
f 5328 5332 5333
f 5332 5328 5327
f 5334 5335 5336
f 5335 5334 5337
f 5333 5337 5334
f 5337 5333 5332
f 5336 5338 5339
f 5338 5336 5335
f 5338 5340 5339
f 5340 5338 5341
f 5341 5342 5340
f 5342 5341 5343
f 5343 5344 5342
f 5344 5343 5345
f 5345 3136 5344
f 3136 5345 3134
f 5346 5347 5348
f 5347 5346 5349
f 5350 5351 5352
f 5351 5350 5353
f 5353 5354 5351
f 5354 5353 5355
f 5356 5357 5358
f 5357 5356 5359
f 5360 5361 5362
f 5361 5360 5363
f 5357 5352 5358
f 5352 5357 5350
f 3411 5364 3409
f 5364 3411 5365
f 5348 5359 5356
f 5359 5348 5347
f 5366 5367 5368
f 5367 5366 5369
f 5370 5371 5372
f 5371 5370 5373
f 5374 5375 5376
f 5375 5374 5377
f 5378 5377 5374
f 5377 5378 5379
f 5364 5363 5360
f 5363 5364 5365
f 5280 3337 3334
f 3337 5280 5279
f 3375 5349 5346
f 5349 3375 3374
f 5372 5380 5381
f 5380 5372 5371
f 5382 5373 5370
f 5373 5382 5383
f 5376 5383 5382
f 5383 5376 5375
f 5355 5368 5354
f 5368 5355 5366
f 5369 5380 5367
f 5380 5369 5381
f 5384 5385 5386
f 5385 5384 5387
f 5388 5389 5390
f 5389 5388 5391
f 5392 5391 5388
f 5391 5392 5393
f 5394 5393 5392
f 5393 5394 5395
f 5396 5397 5398
f 5397 5396 5399
f 5396 5395 5394
f 5395 5396 5398
f 5399 5400 5397
f 5400 5399 5401
f 5401 5402 5400
f 5402 5401 5403
f 5403 3410 5402
f 3410 5403 3408
f 5404 5386 5405
f 5386 5404 5384
f 5406 5407 5408
f 5407 5406 5409
f 5378 3373 5379
f 3373 5378 3372
f 5362 5410 5411
f 5410 5362 5361
f 5411 5412 5413
f 5412 5411 5410
f 5413 5414 5415
f 5414 5413 5412
f 5416 5417 5418
f 5417 5416 5419
f 5387 5408 5385
f 5408 5387 5406
f 5420 5407 5409
f 5407 5420 5421
f 5390 5421 5420
f 5421 5390 5389
f 5415 5416 5418
f 5416 5415 5414
f 5419 5405 5417
f 5405 5419 5404
f 5422 5423 5424
f 5423 5422 5425
f 5426 5427 5428
f 5427 5426 5429
f 5429 5331 5427
f 5331 5429 5330
f 3161 3465 3462
f 3465 3161 3160
f 5430 5431 5432
f 5431 5430 5433
f 5433 5434 5431
f 5434 5433 5435
f 5436 5437 5438
f 5437 5436 5439
f 5217 5257 5256
f 5257 5217 5216
f 5246 5440 5441
f 5440 5246 5245
f 5442 5443 5444
f 5443 5442 5445
f 5445 5446 5443
f 5446 5445 5447
f 5424 5434 5435
f 5434 5424 5423
f 5441 5448 5449
f 5448 5441 5440
f 5449 5450 5451
f 5450 5449 5448
f 5447 5452 5446
f 5452 5447 5453
f 5454 5425 5422
f 5425 5454 5455
f 5438 5455 5454
f 5455 5438 5437
f 5426 5439 5436
f 5439 5426 5428
f 5451 5442 5444
f 5442 5451 5450
f 5453 5432 5452
f 5432 5453 5430
f 5456 5457 5458
f 5457 5456 5459
f 5460 5461 5462
f 5461 5460 5463
f 5464 5465 5466
f 5465 5464 5467
f 43 5460 41
f 5460 43 5468
f 5460 5468 5463
f 5463 5468 5469
f 41 5470 5471
f 5470 41 5460
f 5471 5470 5469
f 5471 5469 5468
f 5472 5473 5474
f 5473 5472 5475
f 5476 5477 5468
f 5477 5476 5478
f 5478 5476 3045
f 5478 3045 5479
f 5479 3045 5480
f 5480 3045 5481
f 5481 3045 5482
f 5482 3045 5483
f 5483 3045 5484
f 5484 3045 5485
f 5485 3045 5486
f 5486 3045 5487
f 5487 3045 5488
f 5488 3045 5489
f 5489 3045 5490
f 5490 3045 5491
f 5491 3045 5492
f 5492 3045 5493
f 5493 3045 5494
f 5494 3045 5495
f 5495 3045 5474
f 5474 3045 5138
f 5138 3045 5126
f 5126 3045 4942
f 4942 3045 4836
f 4836 3045 4916
f 4916 3045 5496
f 5496 3045 5497
f 5497 3045 5498
f 5498 3045 5499
f 5499 3045 5012
f 5012 3045 5018
f 5018 3045 5280
f 5280 3045 5382
f 5382 3045 5388
f 5388 3045 3492
f 3492 3045 3384
f 3384 3045 4132
f 4132 3045 5254
f 5254 3045 5454
f 5454 3045 3140
f 3140 3045 3430
f 3430 3045 5320
f 5468 5327 5471
f 5327 5468 5332
f 5332 5468 5477
f 5332 5477 5500
f 5332 5500 5501
f 5332 5501 5502
f 5332 5502 5503
f 5332 5503 3123
f 5332 3123 5504
f 5332 5504 5505
f 5332 5505 5161
f 5332 5161 5124
f 5332 5124 4985
f 5332 4985 4863
f 5332 4863 4907
f 5332 4907 5506
f 5332 5506 5507
f 5332 5507 5508
f 5332 5508 5015
f 5332 5015 5037
f 5332 5037 4999
f 5332 4999 3363
f 5332 3363 5349
f 5332 5349 5410
f 5332 5410 3415
f 5332 3415 4123
f 5332 4123 5183
f 5332 5183 5239
f 5332 5239 5440
f 5332 5440 3463
f 5332 3463 5302
f 5471 5327 5329
f 5471 5329 5307
f 5471 5307 5304
f 5471 5304 5301
f 5471 5301 5298
f 5471 5298 5323
f 5471 5323 5311
f 5471 5311 5308
f 5471 5308 5324
f 5471 5324 5318
f 5471 5318 5320
f 5471 5320 3045
f 3427 5332 5302
f 5332 3427 5337
f 5337 3427 3429
f 5337 3429 5335
f 5335 3429 3425
f 5335 3425 5338
f 5338 3425 3422
f 5338 3422 5341
f 5341 3422 3441
f 5341 3441 5343
f 5343 3441 3438
f 5343 3438 5345
f 5345 3438 3457
f 5345 3457 3134
f 3134 3457 3437
f 3134 3437 3137
f 3137 3437 3434
f 3137 3434 5297
f 5297 3434 3452
f 5297 3452 5294
f 5294 3452 3454
f 5294 3454 5292
f 5292 3454 3430
f 5292 3430 5320
f 3465 5302 3463
f 5302 3465 5312
f 5312 3465 3160
f 5312 3160 5314
f 5314 3160 3159
f 5314 3159 5316
f 5316 3159 3155
f 5316 3155 3446
f 3446 3155 3153
f 3446 3153 3442
f 3442 3153 3145
f 3442 3145 3445
f 3445 3145 3142
f 3445 3142 3459
f 3459 3142 3151
f 3459 3151 3448
f 3448 3151 3146
f 3448 3146 3451
f 3451 3146 3148
f 3451 3148 3460
f 3460 3148 3138
f 3460 3138 3432
f 3432 3138 3140
f 3432 3140 3430
f 5245 3463 5440
f 3463 5245 3485
f 3485 5245 5247
f 3485 5247 3469
f 3469 5247 5235
f 3469 5235 3467
f 3467 5235 5231
f 3467 5231 3471
f 3471 5231 5228
f 3471 5228 3473
f 3473 5228 5232
f 3473 5232 3475
f 3475 5232 5330
f 3475 5330 3477
f 3477 5330 5429
f 3477 5429 3479
f 3479 5429 5426
f 3479 5426 3481
f 3481 5426 5436
f 3481 5436 3482
f 3482 5436 5438
f 3482 5438 3157
f 3157 5438 5454
f 3157 5454 3140
f 5197 5440 5239
f 5440 5197 5448
f 5448 5197 5199
f 5448 5199 5450
f 5450 5199 5209
f 5450 5209 5442
f 5442 5209 5205
f 5442 5205 5445
f 5445 5205 5202
f 5445 5202 5447
f 5447 5202 5215
f 5447 5215 5453
f 5453 5215 5187
f 5453 5187 5430
f 5430 5187 5184
f 5430 5184 5433
f 5433 5184 5206
f 5433 5206 5435
f 5435 5206 5217
f 5435 5217 5424
f 5424 5217 5256
f 5424 5256 5422
f 5422 5256 5254
f 5422 5254 5454
f 4158 5239 5183
f 5239 4158 5237
f 5237 4158 4154
f 5237 4154 5243
f 5243 4154 4153
f 5243 4153 5241
f 5241 4153 4150
f 5241 4150 5249
f 5249 4150 4147
f 5249 4147 5251
f 5251 4147 4144
f 5251 4144 5222
f 5222 4144 4143
f 5222 4143 5225
f 5225 4143 4140
f 5225 4140 5253
f 5253 4140 4148
f 5253 4148 5227
f 5227 4148 4128
f 5227 4128 5220
f 5220 4128 4130
f 5220 4130 5218
f 5218 4130 4132
f 5218 4132 5254
f 3412 5183 4123
f 5183 3412 5181
f 5181 3412 3403
f 5181 3403 5179
f 5179 3403 3405
f 5179 3405 5188
f 5188 3405 3406
f 5188 3406 5191
f 5191 3406 3399
f 5191 3399 5192
f 5192 3399 3396
f 5192 3396 5195
f 5195 3396 3395
f 5195 3395 5201
f 5201 3395 3392
f 5201 3392 5210
f 5210 3392 3400
f 5210 3400 5213
f 5213 3400 3390
f 5213 3390 4157
f 4157 3390 3386
f 4157 3386 4134
f 4134 3386 3384
f 4134 3384 4132
f 3417 4123 3415
f 4123 3417 4121
f 4121 3417 3525
f 4121 3525 4139
f 4139 3525 3523
f 4139 3523 4137
f 4137 3523 3521
f 4137 3521 4124
f 4124 3521 3518
f 4124 3518 4127
f 4127 3518 3517
f 4127 3517 3420
f 3420 3517 3503
f 3420 3503 3376
f 3376 3503 3500
f 3376 3500 3379
f 3379 3500 3512
f 3379 3512 3389
f 3389 3512 3508
f 3389 3508 3382
f 3382 3508 3490
f 3382 3490 3380
f 3380 3490 3492
f 3380 3492 3384
f 5361 3415 5410
f 3415 5361 3418
f 3418 5361 5363
f 3418 5363 3499
f 3499 5363 5365
f 3499 5365 3497
f 3497 5365 3411
f 3497 3411 3504
f 3504 3411 3408
f 3504 3408 3507
f 3507 3408 5403
f 3507 5403 3527
f 3527 5403 5401
f 3527 5401 3514
f 3514 5401 5399
f 3514 5399 3486
f 3486 5399 5396
f 3486 5396 3489
f 3489 5396 5394
f 3489 5394 3511
f 3511 5394 5392
f 3511 5392 3495
f 3495 5392 5388
f 3495 5388 3492
f 3374 5410 5349
f 5410 3374 5412
f 5412 3374 3360
f 5412 3360 5414
f 5414 3360 3347
f 5414 3347 5416
f 5416 3347 3333
f 5416 3333 5419
f 5419 3333 3330
f 5419 3330 5404
f 5404 3330 3342
f 5404 3342 5384
f 5384 3342 3368
f 5384 3368 5387
f 5387 3368 3372
f 5387 3372 5406
f 5406 3372 5378
f 5406 5378 5409
f 5409 5378 5374
f 5409 5374 5420
f 5420 5374 5376
f 5420 5376 5390
f 5390 5376 5382
f 5390 5382 5388
f 3365 5349 3363
f 5349 3365 5347
f 5347 3365 5272
f 5347 5272 5359
f 5359 5272 5271
f 5359 5271 5357
f 5357 5271 5268
f 5357 5268 5350
f 5350 5268 5267
f 5350 5267 5353
f 5353 5267 5264
f 5353 5264 5355
f 5355 5264 5291
f 5355 5291 5366
f 5366 5291 5289
f 5366 5289 5369
f 5369 5289 5286
f 5369 5286 5381
f 5381 5286 5284
f 5381 5284 5372
f 5372 5284 5278
f 5372 5278 5370
f 5370 5278 5280
f 5370 5280 5382
f 5058 3363 4999
f 3363 5058 3351
f 3351 5058 5055
f 3351 5055 3349
f 3349 5055 5057
f 3349 5057 3356
f 3356 5057 5062
f 3356 5062 3359
f 3359 5062 5053
f 3359 5053 3370
f 3370 5053 5051
f 3370 5051 3366
f 3366 5051 5049
f 3366 5049 3352
f 3352 5049 5033
f 3352 5033 3355
f 3355 5033 5030
f 3355 5030 3345
f 3345 5030 5028
f 3345 5028 3336
f 3336 5028 5026
f 3336 5026 3334
f 3334 5026 5018
f 3334 5018 5280
f 5081 4999 5037
f 4999 5081 4997
f 4997 5081 5259
f 4997 5259 5016
f 5016 5259 5261
f 5016 5261 5038
f 5038 5261 5262
f 5038 5262 5041
f 5041 5262 5275
f 5041 5275 5079
f 5079 5275 5009
f 5079 5009 5022
f 5022 5009 5007
f 5022 5007 5025
f 5025 5007 5001
f 5025 5001 5043
f 5043 5001 4992
f 5043 4992 5004
f 5004 4992 4994
f 5004 4994 5002
f 5002 4994 5010
f 5002 5010 5020
f 5020 5010 5012
f 5020 5012 5018
f 5283 5037 5015
f 5037 5283 5035
f 5035 5283 5509
f 5035 5509 5044
f 5044 5509 5510
f 5044 5510 5046
f 5046 5510 5511
f 5046 5511 5061
f 5061 5511 5512
f 5061 5512 5065
f 5065 5512 5513
f 5065 5513 5071
f 5071 5513 5514
f 5071 5514 5066
f 5066 5514 5515
f 5066 5515 5069
f 5069 5515 5516
f 5069 5516 5073
f 5073 5516 5517
f 5073 5517 5074
f 5074 5517 5518
f 5074 5518 5076
f 5076 5518 5499
f 5076 5499 5012
f 5519 5015 5508
f 5015 5519 3341
f 3341 5519 5520
f 3341 5520 3339
f 3339 5520 5521
f 3339 5521 5522
f 5522 5521 5523
f 5522 5523 5524
f 5524 5523 5525
f 5524 5525 5526
f 5526 5525 5527
f 5526 5527 5528
f 5528 5527 5529
f 5528 5529 5530
f 5530 5529 5531
f 5530 5531 5532
f 5532 5531 5533
f 5532 5533 5534
f 5534 5533 5535
f 5534 5535 5536
f 5536 5535 5537
f 5536 5537 5538
f 5538 5537 5498
f 5538 5498 5499
f 5539 5508 5507
f 5508 5539 5540
f 5540 5539 5541
f 5540 5541 5542
f 5542 5541 5543
f 5542 5543 5544
f 5544 5543 5545
f 5544 5545 5546
f 5546 5545 5547
f 5546 5547 5548
f 5548 5547 5549
f 5548 5549 5550
f 5550 5549 5551
f 5550 5551 5552
f 5552 5551 5553
f 5552 5553 5554
f 5554 5553 5555
f 5554 5555 5556
f 5556 5555 5557
f 5556 5557 5558
f 5558 5557 5559
f 5558 5559 5560
f 5560 5559 5497
f 5560 5497 5498
f 4928 5507 5506
f 5507 4928 5561
f 5561 4928 4881
f 5561 4881 5562
f 5562 4881 4883
f 5562 4883 5563
f 5563 4883 4869
f 5563 4869 5564
f 5564 4869 4866
f 5564 4866 5565
f 5565 4866 4888
f 5565 4888 5566
f 5566 4888 4890
f 5566 4890 5567
f 5567 4890 4900
f 5567 4900 5568
f 5568 4900 4902
f 5568 4902 5569
f 5569 4902 5277
f 5569 5277 5570
f 5570 5277 5571
f 5570 5571 5572
f 5572 5571 5496
f 5572 5496 5497
f 4909 5506 4907
f 5506 4909 5573
f 5573 4909 4855
f 5573 4855 5574
f 5574 4855 4857
f 5574 4857 5575
f 5575 4857 4922
f 5575 4922 5576
f 5576 4922 4926
f 5576 4926 5577
f 5577 4926 4833
f 5577 4833 5578
f 5578 4833 4830
f 5578 4830 5579
f 5579 4830 4924
f 5579 4924 5580
f 5580 4924 4918
f 5580 4918 5581
f 5581 4918 4920
f 5581 4920 5582
f 5582 4920 4935
f 5582 4935 5583
f 5583 4935 4916
f 5583 4916 5496
f 4905 4907 4863
f 4907 4905 4895
f 4895 4905 4968
f 4895 4968 4893
f 4893 4968 4879
f 4893 4879 4898
f 4898 4879 4873
f 4898 4873 4911
f 4911 4873 4871
f 4911 4871 4912
f 4912 4871 4865
f 4912 4865 4915
f 4915 4865 4861
f 4915 4861 4884
f 4884 4861 4841
f 4884 4841 4887
f 4887 4841 4838
f 4887 4838 4897
f 4897 4838 4849
f 4897 4849 4876
f 4876 4849 4834
f 4876 4834 4874
f 4874 4834 4836
f 4874 4836 4916
f 4987 4863 4985
f 4863 4987 4853
f 4853 4987 4980
f 4853 4980 4851
f 4851 4980 4979
f 4851 4979 4930
f 4930 4979 4959
f 4930 4959 4933
f 4933 4959 4956
f 4933 4956 4937
f 4937 4956 4970
f 4937 4970 4939
f 4939 4970 4953
f 4939 4953 4941
f 4941 4953 4950
f 4941 4950 4858
f 4858 4950 4982
f 4858 4982 4844
f 4844 4982 4974
f 4844 4974 4842
f 4842 4974 4976
f 4842 4976 4846
f 4846 4976 4942
f 4846 4942 4836
f 5107 4985 5124
f 4985 5107 4988
f 4988 5107 5109
f 4988 5109 4991
f 4991 5109 5105
f 4991 5105 4960
f 4960 5105 5095
f 4960 5095 4963
f 4963 5095 5092
f 4963 5092 4965
f 4965 5092 5136
f 4965 5136 4973
f 4973 5136 5150
f 4973 5150 4946
f 4946 5150 5156
f 4946 5156 4949
f 4949 5156 5152
f 4949 5152 4955
f 4955 5152 5154
f 4955 5154 4967
f 4967 5154 5166
f 4967 5166 4944
f 4944 5166 5126
f 4944 5126 4942
f 5118 5124 5161
f 5124 5118 5117
f 5117 5118 5090
f 5117 5090 5115
f 5115 5090 5089
f 5115 5089 5162
f 5162 5089 5086
f 5162 5086 5165
f 5165 5086 5085
f 5165 5085 5171
f 5171 5085 5082
f 5171 5082 5144
f 5144 5082 5177
f 5144 5177 5100
f 5100 5177 5175
f 5100 5175 5103
f 5103 5175 5110
f 5103 5110 5098
f 5098 5110 5112
f 5098 5112 5096
f 5096 5112 5146
f 5096 5146 5128
f 5128 5146 5138
f 5128 5138 5126
f 5584 5161 5505
f 5161 5584 5159
f 5159 5584 5465
f 5159 5465 5133
f 5133 5465 5467
f 5133 5467 5131
f 5131 5467 5585
f 5131 5585 5143
f 5143 5585 5586
f 5143 5586 5173
f 5173 5586 5587
f 5173 5587 5168
f 5168 5587 5588
f 5168 5588 5134
f 5134 5588 5589
f 5134 5589 5120
f 5120 5589 5590
f 5120 5590 5123
f 5123 5590 5591
f 5123 5591 5148
f 5148 5591 5472
f 5148 5472 5140
f 5140 5472 5474
f 5140 5474 5138
f 5592 5505 5504
f 5505 5592 5593
f 5593 5592 5594
f 5593 5594 5595
f 5595 5594 5596
f 5595 5596 5597
f 5597 5596 5598
f 5597 5598 5599
f 5599 5598 5600
f 5599 5600 5601
f 5601 5600 5602
f 5601 5602 5603
f 5603 5602 5604
f 5603 5604 5605
f 5605 5604 5606
f 5605 5606 5456
f 5456 5606 5607
f 5456 5607 5459
f 5459 5607 5608
f 5459 5608 5609
f 5609 5608 5610
f 5609 5610 5611
f 5611 5610 5495
f 5611 5495 5474
f 5612 5504 3123
f 5504 5612 5613
f 5613 5612 5614
f 5613 5614 5615
f 5615 5614 5616
f 5615 5616 5617
f 5617 5616 5618
f 5617 5618 5619
f 5619 5618 5620
f 5619 5620 5621
f 5621 5620 5622
f 5621 5622 5623
f 5623 5622 5624
f 5623 5624 5625
f 5625 5624 5626
f 5625 5626 5627
f 5627 5626 5628
f 5627 5628 5629
f 5629 5628 5630
f 5629 5630 5631
f 5631 5630 5632
f 5631 5632 5633
f 5633 5632 5494
f 5633 5494 5495
f 5634 3123 5503
f 3123 5634 3121
f 3121 5634 5635
f 3121 5635 3124
f 3124 5635 5636
f 3124 5636 3130
f 3130 5636 5637
f 3130 5637 3133
f 3133 5637 5638
f 3133 5638 3126
f 3126 5638 5639
f 3126 5639 3129
f 3129 5639 5640
f 3129 5640 5641
f 5641 5640 5642
f 5641 5642 5643
f 5643 5642 5644
f 5643 5644 5645
f 5645 5644 5646
f 5645 5646 5647
f 5647 5646 5648
f 5647 5648 5649
f 5649 5648 5493
f 5649 5493 5494
f 5650 5503 5502
f 5503 5650 5651
f 5651 5650 5652
f 5651 5652 5653
f 5653 5652 5654
f 5653 5654 5655
f 5655 5654 5656
f 5655 5656 5657
f 5657 5656 5658
f 5657 5658 5659
f 5659 5658 5660
f 5659 5660 5661
f 5661 5660 5662
f 5661 5662 5663
f 5663 5662 5664
f 5663 5664 5665
f 5665 5664 5666
f 5665 5666 5667
f 5667 5666 5668
f 5667 5668 5669
f 5669 5668 5670
f 5669 5670 5671
f 5671 5670 5492
f 5671 5492 5493
f 5672 5502 5501
f 5502 5672 5673
f 5673 5672 5674
f 5673 5674 5675
f 5675 5674 5676
f 5675 5676 5677
f 5677 5676 5678
f 5677 5678 5679
f 5679 5678 5680
f 5679 5680 5681
f 5681 5680 5682
f 5681 5682 5683
f 5683 5682 5684
f 5683 5684 5685
f 5685 5684 5686
f 5685 5686 5687
f 5687 5686 5688
f 5687 5688 5689
f 5689 5688 5690
f 5689 5690 5691
f 5691 5690 5692
f 5691 5692 5693
f 5693 5692 5491
f 5693 5491 5492
f 5694 5501 5500
f 5501 5694 5695
f 5695 5694 5696
f 5695 5696 5697
f 5697 5696 5698
f 5697 5698 5699
f 5699 5698 5700
f 5699 5700 5701
f 5701 5700 5702
f 5701 5702 5703
f 5703 5702 5704
f 5703 5704 5705
f 5705 5704 5706
f 5705 5706 5707
f 5707 5706 5708
f 5707 5708 5709
f 5709 5708 5710
f 5709 5710 5711
f 5711 5710 5712
f 5711 5712 5713
f 5713 5712 5714
f 5713 5714 5715
f 5715 5714 5490
f 5715 5490 5491
f 5716 5500 5477
f 5500 5716 5717
f 5717 5716 5718
f 5717 5718 5719
f 5719 5718 5720
f 5719 5720 5721
f 5721 5720 5722
f 5721 5722 5723
f 5723 5722 5724
f 5723 5724 5725
f 5725 5724 5726
f 5725 5726 5727
f 5727 5726 5728
f 5727 5728 5729
f 5729 5728 5730
f 5729 5730 5731
f 5731 5730 5732
f 5731 5732 5733
f 5733 5732 5734
f 5733 5734 5735
f 5735 5734 5736
f 5735 5736 5737
f 5737 5736 5489
f 5737 5489 5490
f 5609 5457 5459
f 5457 5609 5738
f 5739 5503 5740
f 5503 5739 5634
f 5588 5741 5742
f 5741 5588 5587
f 5740 5651 5743
f 5651 5740 5503
f 5744 5745 5746
f 5745 5744 3045
f 5745 3045 5747
f 5747 3045 5461
f 5746 5462 5476
f 5462 5746 5745
f 5476 5462 5461
f 5476 5461 3045
f 5469 5745 5747
f 5745 5469 5470
f 5463 5333 5461
f 5333 5463 5328
f 5328 5463 5469
f 5328 5469 5326
f 5326 5469 5305
f 5305 5469 5306
f 5306 5469 5299
f 5299 5469 5300
f 5300 5469 5322
f 5322 5469 5309
f 5309 5469 5310
f 5310 5469 5325
f 5325 5469 5321
f 5321 5469 5319
f 5319 5469 3433
f 3433 5469 3139
f 3139 5469 5455
f 5455 5469 5255
f 5255 5469 4135
f 4135 5469 3385
f 3385 5469 3491
f 3491 5469 5391
f 5391 5469 5383
f 5383 5469 5279
f 5279 5469 5021
f 5021 5469 5011
f 5011 5469 5748
f 5748 5469 5749
f 5749 5469 5750
f 5750 5469 5751
f 5751 5469 4917
f 4917 5469 4835
f 4835 5469 4945
f 4945 5469 5129
f 5129 5469 5141
f 5141 5469 5473
f 5473 5469 5752
f 5752 5469 5753
f 5753 5469 5754
f 5754 5469 5755
f 5755 5469 5756
f 5756 5469 5757
f 5757 5469 5758
f 5461 5759 5747
f 5759 5461 5760
f 5760 5461 5333
f 5760 5333 5303
f 5760 5303 3464
f 5760 3464 5441
f 5760 5441 5236
f 5760 5236 5182
f 5760 5182 4120
f 5760 4120 3416
f 5760 3416 5411
f 5760 5411 5346
f 5760 5346 3364
f 5760 3364 4996
f 5760 4996 5034
f 5760 5034 5014
f 5760 5014 5761
f 5760 5761 5762
f 5760 5762 5763
f 5760 5763 4908
f 5760 4908 4862
f 5760 4862 4986
f 5760 4986 5125
f 5760 5125 5158
f 5760 5158 5764
f 5760 5764 5765
f 5760 5765 3120
f 5760 3120 5740
f 5760 5740 5766
f 5760 5766 5767
f 5760 5767 5768
f 5747 5759 5769
f 5747 5769 5770
f 5747 5770 5771
f 5747 5771 5772
f 5747 5772 5773
f 5747 5773 5774
f 5747 5774 5775
f 5747 5775 5776
f 5747 5776 5777
f 5747 5777 5778
f 5747 5778 5758
f 5747 5758 5469
f 5779 5760 5768
f 5760 5779 5780
f 5780 5779 5781
f 5780 5781 5782
f 5782 5781 5783
f 5782 5783 5784
f 5784 5783 5785
f 5784 5785 5786
f 5786 5785 5787
f 5786 5787 5788
f 5788 5787 5789
f 5788 5789 5790
f 5790 5789 5791
f 5790 5791 5792
f 5792 5791 5793
f 5792 5793 5794
f 5794 5793 5795
f 5794 5795 5796
f 5796 5795 5797
f 5796 5797 5798
f 5798 5797 5799
f 5798 5799 5800
f 5800 5799 5757
f 5800 5757 5758
f 5801 5768 5767
f 5768 5801 5802
f 5802 5801 5803
f 5802 5803 5804
f 5804 5803 5805
f 5804 5805 5806
f 5806 5805 5807
f 5806 5807 5808
f 5808 5807 5809
f 5808 5809 5810
f 5810 5809 5811
f 5810 5811 5812
f 5812 5811 5813
f 5812 5813 5814
f 5814 5813 5815
f 5814 5815 5816
f 5816 5815 5817
f 5816 5817 5818
f 5818 5817 5819
f 5818 5819 5820
f 5820 5819 5821
f 5820 5821 5822
f 5822 5821 5756
f 5822 5756 5757
f 5823 5767 5766
f 5767 5823 5824
f 5824 5823 5825
f 5824 5825 5826
f 5826 5825 5827
f 5826 5827 5828
f 5828 5827 5829
f 5828 5829 5830
f 5830 5829 5831
f 5830 5831 5832
f 5832 5831 5833
f 5832 5833 5834
f 5834 5833 5835
f 5834 5835 5836
f 5836 5835 5837
f 5836 5837 5838
f 5838 5837 5839
f 5838 5839 5840
f 5840 5839 5841
f 5840 5841 5842
f 5842 5841 5843
f 5842 5843 5844
f 5844 5843 5755
f 5844 5755 5756
f 5743 5766 5740
f 5766 5743 5845
f 5845 5743 5846
f 5845 5846 5847
f 5847 5846 5848
f 5847 5848 5849
f 5849 5848 5850
f 5849 5850 5851
f 5851 5850 5852
f 5851 5852 5853
f 5853 5852 5854
f 5853 5854 5855
f 5855 5854 5856
f 5855 5856 5857
f 5857 5856 5858
f 5857 5858 5859
f 5859 5858 5860
f 5859 5860 5861
f 5861 5860 5862
f 5861 5862 5863
f 5863 5862 5864
f 5863 5864 5865
f 5865 5864 5754
f 5865 5754 5755
f 3122 5740 3120
f 5740 3122 5739
f 5739 3122 3125
f 5739 3125 5866
f 5866 3125 3132
f 5866 3132 5867
f 5867 3132 3131
f 5867 3131 5868
f 5868 3131 3128
f 5868 3128 5869
f 5869 3128 3127
f 5869 3127 5870
f 5870 3127 5871
f 5870 5871 5872
f 5872 5871 5873
f 5872 5873 5874
f 5874 5873 5875
f 5874 5875 5876
f 5876 5875 5877
f 5876 5877 5878
f 5878 5877 5879
f 5878 5879 5880
f 5880 5879 5753
f 5880 5753 5754
f 5881 3120 5765
f 3120 5881 5882
f 5882 5881 5883
f 5882 5883 5884
f 5884 5883 5885
f 5884 5885 5886
f 5886 5885 5887
f 5886 5887 5888
f 5888 5887 5889
f 5888 5889 5890
f 5890 5889 5891
f 5890 5891 5892
f 5892 5891 5893
f 5892 5893 5894
f 5894 5893 5895
f 5894 5895 5896
f 5896 5895 5897
f 5896 5897 5898
f 5898 5897 5899
f 5898 5899 5900
f 5900 5899 5901
f 5900 5901 5902
f 5902 5901 5752
f 5902 5752 5753
f 5903 5765 5764
f 5765 5903 5904
f 5904 5903 5905
f 5904 5905 5906
f 5906 5905 5907
f 5906 5907 5908
f 5908 5907 5909
f 5908 5909 5910
f 5910 5909 5911
f 5910 5911 5912
f 5912 5911 5913
f 5912 5913 5914
f 5914 5913 5915
f 5914 5915 5916
f 5916 5915 5458
f 5916 5458 5917
f 5917 5458 5457
f 5917 5457 5918
f 5918 5457 5738
f 5918 5738 5919
f 5919 5738 5920
f 5919 5920 5921
f 5921 5920 5473
f 5921 5473 5752
f 5160 5764 5158
f 5764 5160 5922
f 5922 5160 5130
f 5922 5130 5466
f 5466 5130 5132
f 5466 5132 5464
f 5464 5132 5142
f 5464 5142 5923
f 5923 5142 5172
f 5923 5172 5924
f 5924 5172 5169
f 5924 5169 5741
f 5741 5169 5135
f 5741 5135 5742
f 5742 5135 5122
f 5742 5122 5925
f 5925 5122 5121
f 5925 5121 5926
f 5926 5121 5149
f 5926 5149 5927
f 5927 5149 5139
f 5927 5139 5475
f 5475 5139 5141
f 5475 5141 5473
f 5114 5158 5125
f 5158 5114 5119
f 5119 5114 5116
f 5119 5116 5091
f 5091 5116 5164
f 5091 5164 5087
f 5087 5164 5163
f 5087 5163 5088
f 5088 5163 5170
f 5088 5170 5083
f 5083 5170 5145
f 5083 5145 5084
f 5084 5145 5102
f 5084 5102 5176
f 5176 5102 5101
f 5176 5101 5174
f 5174 5101 5097
f 5174 5097 5113
f 5113 5097 5099
f 5113 5099 5111
f 5111 5099 5127
f 5111 5127 5147
f 5147 5127 5129
f 5147 5129 5141
f 4989 5125 4986
f 5125 4989 5108
f 5108 4989 4990
f 5108 4990 5106
f 5106 4990 4962
f 5106 4962 5104
f 5104 4962 4961
f 5104 4961 5093
f 5093 4961 4964
f 5093 4964 5094
f 5094 4964 4972
f 5094 4972 5137
f 5137 4972 4948
f 5137 4948 5151
f 5151 4948 4947
f 5151 4947 5157
f 5157 4947 4954
f 5157 4954 5155
f 5155 4954 4966
f 5155 4966 5153
f 5153 4966 4943
f 5153 4943 5167
f 5167 4943 4945
f 5167 4945 5129
f 4850 4986 4862
f 4986 4850 4984
f 4984 4850 4852
f 4984 4852 4981
f 4981 4852 4931
f 4981 4931 4978
f 4978 4931 4932
f 4978 4932 4957
f 4957 4932 4936
f 4957 4936 4958
f 4958 4936 4938
f 4958 4938 4971
f 4971 4938 4940
f 4971 4940 4951
f 4951 4940 4859
f 4951 4859 4952
f 4952 4859 4843
f 4952 4843 4983
f 4983 4843 4845
f 4983 4845 4977
f 4977 4845 4847
f 4977 4847 4975
f 4975 4847 4835
f 4975 4835 4945
f 4892 4862 4908
f 4862 4892 4904
f 4904 4892 4894
f 4904 4894 4969
f 4969 4894 4899
f 4969 4899 4878
f 4878 4899 4910
f 4878 4910 4872
f 4872 4910 4914
f 4872 4914 4870
f 4870 4914 4913
f 4870 4913 4864
f 4864 4913 4886
f 4864 4886 4860
f 4860 4886 4885
f 4860 4885 4839
f 4839 4885 4896
f 4839 4896 4840
f 4840 4896 4875
f 4840 4875 4848
f 4848 4875 4877
f 4848 4877 4837
f 4837 4877 4917
f 4837 4917 4835
f 5928 4908 5763
f 4908 5928 4906
f 4906 5928 5929
f 4906 5929 4856
f 4856 5929 5930
f 4856 5930 4854
f 4854 5930 5931
f 4854 5931 4923
f 4923 5931 5932
f 4923 5932 4927
f 4927 5932 5933
f 4927 5933 4831
f 4831 5933 5934
f 4831 5934 4832
f 4832 5934 5935
f 4832 5935 4925
f 4925 5935 5936
f 4925 5936 4921
f 4921 5936 5937
f 4921 5937 4919
f 4919 5937 5938
f 4919 5938 4934
f 4934 5938 5751
f 4934 5751 4917
f 5939 5763 5762
f 5763 5939 4929
f 4929 5939 5940
f 4929 5940 4882
f 4882 5940 5941
f 4882 5941 4880
f 4880 5941 5942
f 4880 5942 4867
f 4867 5942 5943
f 4867 5943 4868
f 4868 5943 5944
f 4868 5944 4889
f 4889 5944 5945
f 4889 5945 4891
f 4891 5945 5946
f 4891 5946 4901
f 4901 5946 5947
f 4901 5947 4903
f 4903 5947 5948
f 4903 5948 5276
f 5276 5948 5949
f 5276 5949 5950
f 5950 5949 5750
f 5950 5750 5751
f 5951 5762 5761
f 5762 5951 5952
f 5952 5951 5953
f 5952 5953 5954
f 5954 5953 5955
f 5954 5955 5956
f 5956 5955 5957
f 5956 5957 5958
f 5958 5957 5959
f 5958 5959 5960
f 5960 5959 5961
f 5960 5961 5962
f 5962 5961 5963
f 5962 5963 5964
f 5964 5963 5965
f 5964 5965 5966
f 5966 5965 5967
f 5966 5967 5968
f 5968 5967 5969
f 5968 5969 5970
f 5970 5969 5971
f 5970 5971 5972
f 5972 5971 5749
f 5972 5749 5750
f 3338 5761 5014
f 5761 3338 5973
f 5973 3338 3340
f 5973 3340 5974
f 5974 3340 5975
f 5974 5975 5976
f 5976 5975 5977
f 5976 5977 5978
f 5978 5977 5979
f 5978 5979 5980
f 5980 5979 5981
f 5980 5981 5982
f 5982 5981 5983
f 5982 5983 5984
f 5984 5983 5985
f 5984 5985 5986
f 5986 5985 5987
f 5986 5987 5988
f 5988 5987 5989
f 5988 5989 5990
f 5990 5989 5991
f 5990 5991 5992
f 5992 5991 5748
f 5992 5748 5749
f 5036 5014 5034
f 5014 5036 5282
f 5282 5036 5045
f 5282 5045 5993
f 5993 5045 5047
f 5993 5047 5994
f 5994 5047 5060
f 5994 5060 5995
f 5995 5060 5064
f 5995 5064 5996
f 5996 5064 5070
f 5996 5070 5997
f 5997 5070 5068
f 5997 5068 5998
f 5998 5068 5067
f 5998 5067 5999
f 5999 5067 5072
f 5999 5072 6000
f 6000 5072 5075
f 6000 5075 6001
f 6001 5075 5077
f 6001 5077 6002
f 6002 5077 5011
f 6002 5011 5748
f 4998 5034 4996
f 5034 4998 5080
f 5080 4998 5017
f 5080 5017 5260
f 5260 5017 5040
f 5260 5040 5258
f 5258 5040 5039
f 5258 5039 5263
f 5263 5039 5078
f 5263 5078 5274
f 5274 5078 5024
f 5274 5024 5008
f 5008 5024 5023
f 5008 5023 5006
f 5006 5023 5042
f 5006 5042 5000
f 5000 5042 5003
f 5000 5003 4995
f 4995 5003 5005
f 4995 5005 4993
f 4993 5005 5019
f 4993 5019 5013
f 5013 5019 5021
f 5013 5021 5011
f 3348 4996 3364
f 4996 3348 5059
f 5059 3348 3350
f 5059 3350 5056
f 5056 3350 3358
f 5056 3358 5054
f 5054 3358 3357
f 5054 3357 5063
f 5063 3357 3371
f 5063 3371 5052
f 5052 3371 3367
f 5052 3367 5050
f 5050 3367 3354
f 5050 3354 5048
f 5048 3354 3353
f 5048 3353 5032
f 5032 3353 3344
f 5032 3344 5031
f 5031 3344 3335
f 5031 3335 5029
f 5029 3335 3337
f 5029 3337 5027
f 5027 3337 5279
f 5027 5279 5021
f 5348 3364 5346
f 3364 5348 3362
f 3362 5348 5356
f 3362 5356 5273
f 5273 5356 5358
f 5273 5358 5269
f 5269 5358 5352
f 5269 5352 5270
f 5270 5352 5351
f 5270 5351 5265
f 5265 5351 5354
f 5265 5354 5266
f 5266 5354 5368
f 5266 5368 5290
f 5290 5368 5367
f 5290 5367 5287
f 5287 5367 5380
f 5287 5380 5288
f 5288 5380 5371
f 5288 5371 5285
f 5285 5371 5373
f 5285 5373 5281
f 5281 5373 5383
f 5281 5383 5279
f 5413 5346 5411
f 5346 5413 3375
f 3375 5413 5415
f 3375 5415 3361
f 3361 5415 5418
f 3361 5418 3346
f 3346 5418 5417
f 3346 5417 3331
f 3331 5417 5405
f 3331 5405 3332
f 3332 5405 5386
f 3332 5386 3343
f 3343 5386 5385
f 3343 5385 3369
f 3369 5385 5408
f 3369 5408 3373
f 3373 5408 5407
f 3373 5407 5379
f 5379 5407 5421
f 5379 5421 5377
f 5377 5421 5389
f 5377 5389 5375
f 5375 5389 5391
f 5375 5391 5383
f 3419 5411 3416
f 5411 3419 5362
f 5362 3419 3496
f 5362 3496 5360
f 5360 3496 3498
f 5360 3498 5364
f 5364 3498 3506
f 5364 3506 3409
f 3409 3506 3505
f 3409 3505 3410
f 3410 3505 3526
f 3410 3526 5402
f 5402 3526 3515
f 5402 3515 5400
f 5400 3515 3488
f 5400 3488 5397
f 5397 3488 3487
f 5397 3487 5398
f 5398 3487 3510
f 5398 3510 5395
f 5395 3510 3494
f 5395 3494 5393
f 5393 3494 3491
f 5393 3491 5391
f 4122 3416 4120
f 3416 4122 3414
f 3414 4122 4136
f 3414 4136 3524
f 3524 4136 4138
f 3524 4138 3522
f 3522 4138 4126
f 3522 4126 3519
f 3519 4126 4125
f 3519 4125 3520
f 3520 4125 3421
f 3520 3421 3516
f 3516 3421 3378
f 3516 3378 3501
f 3501 3378 3377
f 3501 3377 3502
f 3502 3377 3388
f 3502 3388 3513
f 3513 3388 3381
f 3513 3381 3509
f 3509 3381 3383
f 3509 3383 3493
f 3493 3383 3385
f 3493 3385 3491
f 5178 4120 5182
f 4120 5178 3413
f 3413 5178 5180
f 3413 5180 3404
f 3404 5180 5189
f 3404 5189 3402
f 3402 5189 5190
f 3402 5190 3407
f 3407 5190 5194
f 3407 5194 3397
f 3397 5194 5193
f 3397 5193 3398
f 3398 5193 5200
f 3398 5200 3393
f 3393 5200 5212
f 3393 5212 3394
f 3394 5212 5211
f 3394 5211 3401
f 3401 5211 4156
f 3401 4156 3391
f 3391 4156 4133
f 3391 4133 3387
f 3387 4133 4135
f 3387 4135 3385
f 5238 5182 5236
f 5182 5238 4159
f 4159 5238 5240
f 4159 5240 4155
f 4155 5240 5242
f 4155 5242 4151
f 4151 5242 5248
f 4151 5248 4152
f 4152 5248 5250
f 4152 5250 4145
f 4145 5250 5224
f 4145 5224 4146
f 4146 5224 5223
f 4146 5223 4141
f 4141 5223 5252
f 4141 5252 4142
f 4142 5252 5226
f 4142 5226 4149
f 4149 5226 5219
f 4149 5219 4131
f 4131 5219 5221
f 4131 5221 4129
f 4129 5221 5255
f 4129 5255 4135
f 5449 5236 5441
f 5236 5449 5198
f 5198 5449 5451
f 5198 5451 5196
f 5196 5451 5444
f 5196 5444 5208
f 5208 5444 5443
f 5208 5443 5203
f 5203 5443 5446
f 5203 5446 5204
f 5204 5446 5452
f 5204 5452 5214
f 5214 5452 5432
f 5214 5432 5185
f 5185 5432 5431
f 5185 5431 5186
f 5186 5431 5434
f 5186 5434 5207
f 5207 5434 5423
f 5207 5423 5216
f 5216 5423 5425
f 5216 5425 5257
f 5257 5425 5455
f 5257 5455 5255
f 3484 5441 3464
f 5441 3484 5246
f 5246 3484 3466
f 5246 3466 5244
f 5244 3466 3468
f 5244 3468 5234
f 5234 3468 3470
f 5234 3470 5229
f 5229 3470 3472
f 5229 3472 5230
f 5230 3472 3474
f 5230 3474 5233
f 5233 3474 3476
f 5233 3476 5331
f 5331 3476 3478
f 5331 3478 5427
f 5427 3478 3480
f 5427 3480 5428
f 5428 3480 3483
f 5428 3483 5439
f 5439 3483 3156
f 5439 3156 5437
f 5437 3156 3139
f 5437 3139 5455
f 5313 3464 5303
f 3464 5313 3462
f 3462 5313 5315
f 3462 5315 3161
f 3161 5315 5317
f 3161 5317 3158
f 3158 5317 3447
f 3158 3447 3154
f 3154 3447 3444
f 3154 3444 3152
f 3152 3444 3443
f 3152 3443 3143
f 3143 3443 3458
f 3143 3458 3144
f 3144 3458 3450
f 3144 3450 3150
f 3150 3450 3449
f 3150 3449 3149
f 3149 3449 3461
f 3149 3461 3147
f 3147 3461 3431
f 3147 3431 3141
f 3141 3431 3433
f 3141 3433 3139
f 5334 5303 5333
f 5303 5334 3428
f 3428 5334 5336
f 3428 5336 3426
f 3426 5336 5339
f 3426 5339 3423
f 3423 5339 5340
f 3423 5340 3424
f 3424 5340 5342
f 3424 5342 3439
f 3439 5342 5344
f 3439 5344 3440
f 3440 5344 3136
f 3440 3136 3456
f 3456 3136 3135
f 3456 3135 3435
f 3435 3135 5296
f 3435 5296 3436
f 3436 5296 5293
f 3436 5293 3455
f 3455 5293 5295
f 3455 5295 3453
f 3453 5295 5319
f 3453 5319 3433
f 5587 5924 5741
f 5924 5587 5586
f 5603 5915 5913
f 5915 5603 5605
f 5462 4585 5460
f 4585 5462 4583
f 4583 5462 5745
f 4583 5745 4615
f 4615 5745 4612
f 4612 5745 4562
f 4562 5745 4542
f 4542 5745 4545
f 4545 5745 4593
f 4593 5745 4524
f 4524 5745 4527
f 4527 5745 4560
f 4560 5745 4558
f 4558 5745 4556
f 4556 5745 4554
f 4554 5745 4417
f 4417 5745 4402
f 4402 5745 4280
f 4280 5745 4349
f 4349 5745 3116
f 3116 5745 3239
f 3239 5745 3291
f 3291 5745 3259
f 3259 5745 4529
f 4529 5745 4117
f 4117 5745 4088
f 4088 5745 3998
f 3998 5745 3897
f 3897 5745 3912
f 3912 5745 3859
f 3859 5745 3864
f 3864 5745 3717
f 3717 5745 3733
f 3733 5745 3672
f 3672 5745 3546
f 3546 5745 3590
f 3590 5745 4493
f 4493 5745 4216
f 4216 5745 4262
f 4262 5745 4794
f 4794 5745 4820
f 4820 5745 4630
f 4630 5745 4681
f 5460 4683 5470
f 4683 5460 4719
f 4719 5460 4585
f 4719 4585 4565
f 4719 4565 4486
f 4719 4486 4445
f 4719 4445 4333
f 4719 4333 4314
f 4719 4314 3177
f 4719 3177 3205
f 4719 3205 3295
f 4719 3295 3255
f 4719 3255 4707
f 4719 4707 4021
f 4719 4021 3995
f 4719 3995 4038
f 4719 4038 3969
f 4719 3969 3951
f 4719 3951 3779
f 4719 3779 3815
f 4719 3815 3855
f 4719 3855 3748
f 4719 3748 3715
f 4719 3715 3579
f 4719 3579 3531
f 4719 3531 3633
f 4719 3633 4225
f 4719 4225 4175
f 4719 4175 4787
f 4719 4787 4743
f 4719 4743 4713
f 5470 4683 4685
f 5470 4685 4657
f 5470 4657 4623
f 5470 4623 4620
f 5470 4620 4632
f 5470 4632 4720
f 5470 4720 4661
f 5470 4661 4658
f 5470 4658 4642
f 5470 4642 4644
f 5470 4644 4681
f 5470 4681 5745
f 4715 4719 4713
f 4719 4715 4669
f 4669 4715 4717
f 4669 4717 4667
f 4667 4717 4791
f 4667 4791 4728
f 4728 4791 4828
f 4728 4828 4738
f 4738 4828 4701
f 4738 4701 4722
f 4722 4701 4698
f 4722 4698 4725
f 4725 4698 4627
f 4725 4627 4670
f 4670 4627 4624
f 4670 4624 4662
f 4662 4624 4665
f 4665 4624 4672
f 4665 4672 4650
f 4650 4672 4674
f 4650 4674 4628
f 4650 4628 4648
f 4648 4628 4630
f 4648 4630 4681
f 4777 4713 4743
f 4713 4777 4711
f 4711 4777 4779
f 4711 4779 4709
f 4709 4779 4747
f 4709 4747 4646
f 4646 4747 4744
f 4646 4744 4634
f 4634 4744 4751
f 4634 4751 4637
f 4637 4751 4748
f 4637 4748 4703
f 4703 4748 4796
f 4703 4796 4638
f 4638 4796 4806
f 4638 4806 4641
f 4641 4806 4696
f 4696 4806 4818
f 4696 4818 4694
f 4694 4818 4798
f 4694 4798 4800
f 4694 4800 4693
f 4693 4800 4820
f 4693 4820 4630
f 4789 4743 4787
f 4743 4789 4741
f 4741 4789 4264
f 4741 4264 4817
f 4817 4264 4235
f 4817 4235 4815
f 4815 4235 4233
f 4815 4233 4802
f 4802 4233 4191
f 4802 4191 4805
f 4805 4191 4188
f 4805 4188 4812
f 4812 4188 4781
f 4812 4781 4808
f 4808 4781 4771
f 4808 4771 4811
f 4811 4771 4827
f 4827 4771 4752
f 4827 4752 4825
f 4825 4752 4754
f 4825 4754 4792
f 4825 4792 4822
f 4822 4792 4794
f 4822 4794 4820
f 4181 4787 4175
f 4787 4181 4785
f 4785 4181 4183
f 4785 4183 4783
f 4783 4183 4247
f 4783 4247 4774
f 4774 4247 4229
f 4774 4229 4768
f 4768 4229 4226
f 4768 4226 4764
f 4764 4226 4230
f 4764 4230 4767
f 4767 4230 4252
f 4767 4252 4773
f 4773 4252 4213
f 4773 4213 4760
f 4760 4213 4763
f 4763 4213 4210
f 4763 4210 4758
f 4758 4210 4176
f 4758 4176 4178
f 4758 4178 4756
f 4756 4178 4262
f 4756 4262 4794
f 4268 4175 4225
f 4175 4268 4173
f 4173 4268 4242
f 4173 4242 4261
f 4261 4242 4241
f 4261 4241 4164
f 4164 4241 4238
f 4164 4238 4167
f 4167 4238 4197
f 4167 4197 4193
f 4193 4197 4194
f 4193 4194 4184
f 4184 4194 4206
f 4184 4206 4187
f 4187 4206 4201
f 4187 4201 4245
f 4245 4201 4255
f 4255 4201 4198
f 4255 4198 4204
f 4204 4198 4209
f 4204 4209 4215
f 4204 4215 4202
f 4202 4215 4216
f 4202 4216 4262
f 3598 4225 3633
f 4225 3598 4171
f 4171 3598 3537
f 4171 3537 4169
f 4169 3537 3539
f 4169 3539 4220
f 4220 3539 3543
f 4220 3543 4223
f 4223 3543 3540
f 4223 3540 4237
f 4237 3540 4270
f 4237 4270 4267
f 4267 4270 4272
f 4267 4272 4256
f 4256 4272 4163
f 4256 4163 4259
f 4259 4163 4250
f 4250 4163 4160
f 4250 4160 4248
f 4248 4160 4394
f 4248 4394 4396
f 4248 4396 4218
f 4218 4396 4493
f 4218 4493 4216
f 3637 3633 3531
f 3633 3637 3621
f 3621 3637 3628
f 3621 3628 3619
f 3619 3628 3601
f 3619 3601 3172
f 3172 3601 3575
f 3172 3575 3175
f 3175 3575 3572
f 3175 3572 4496
f 4496 3572 3622
f 4496 3622 4494
f 4494 3622 3615
f 4494 3615 4458
f 4458 3615 3535
f 4458 3535 4456
f 4456 3535 4408
f 4408 3535 3532
f 4408 3532 4406
f 4406 3532 3617
f 4406 3617 3588
f 4406 3588 4452
f 4452 3588 3590
f 4452 3590 4493
f 3581 3531 3579
f 3531 3581 3529
f 3529 3581 3583
f 3529 3583 3567
f 3567 3583 3597
f 3567 3597 3565
f 3565 3597 3704
f 3565 3704 3592
f 3592 3704 3603
f 3592 3603 3595
f 3595 3603 3563
f 3595 3563 3613
f 3613 3563 3560
f 3613 3560 3634
f 3634 3560 3609
f 3634 3609 3556
f 3556 3609 3559
f 3559 3609 3584
f 3559 3584 3626
f 3626 3584 3586
f 3626 3586 3544
f 3626 3544 3624
f 3624 3544 3546
f 3624 3546 3590
f 3661 3579 3715
f 3579 3661 3577
f 3577 3661 3663
f 3577 3663 3571
f 3571 3663 3665
f 3571 3665 3569
f 3569 3665 3742
f 3569 3742 3552
f 3552 3742 3723
f 3552 3723 3555
f 3555 3723 3691
f 3555 3691 3548
f 3548 3691 3688
f 3548 3688 3551
f 3551 3688 3659
f 3551 3659 3610
f 3610 3659 3606
f 3606 3659 3656
f 3606 3656 3604
f 3604 3656 3725
f 3604 3725 3670
f 3604 3670 3631
f 3631 3670 3672
f 3631 3672 3546
f 3693 3715 3748
f 3715 3693 3713
f 3713 3693 3695
f 3713 3695 3731
f 3731 3695 3645
f 3731 3645 3726
f 3726 3645 3642
f 3726 3642 3729
f 3729 3642 3750
f 3729 3750 3734
f 3734 3750 3703
f 3734 3703 3737
f 3737 3703 3679
f 3737 3679 3740
f 3740 3679 3653
f 3740 3653 3666
f 3666 3653 3669
f 3669 3653 3650
f 3669 3650 3746
f 3746 3650 3674
f 3746 3674 3676
f 3746 3676 3697
f 3697 3676 3733
f 3697 3733 3672
f 3787 3748 3855
f 3748 3787 3745
f 3745 3787 3789
f 3745 3789 3687
f 3687 3789 3857
f 3687 3857 3685
f 3685 3857 3773
f 3685 3773 3718
f 3718 3773 3649
f 3718 3649 3721
f 3721 3649 3646
f 3721 3646 3739
f 3739 3646 3654
f 3739 3654 3680
f 3680 3654 3698
f 3680 3698 3683
f 3683 3698 3640
f 3640 3698 3700
f 3640 3700 3638
f 3638 3700 3709
f 3638 3709 3711
f 3638 3711 3706
f 3706 3711 3717
f 3706 3717 3733
f 3817 3855 3815
f 3855 3817 3785
f 3785 3817 3819
f 3785 3819 3771
f 3771 3819 3823
f 3771 3823 3769
f 3769 3823 3820
f 3769 3820 3760
f 3760 3820 3783
f 3760 3783 3763
f 3763 3783 3780
f 3763 3780 3764
f 3764 3780 3790
f 3764 3790 3767
f 3767 3790 3829
f 3767 3829 3775
f 3775 3829 3825
f 3825 3829 3826
f 3825 3826 3758
f 3758 3826 3792
f 3758 3792 3794
f 3758 3794 3756
f 3756 3794 3864
f 3756 3864 3717
f 3831 3815 3779
f 3815 3831 3813
f 3813 3831 3833
f 3813 3833 3811
f 3811 3833 3835
f 3811 3835 3809
f 3809 3835 3836
f 3809 3836 3862
f 3862 3836 3840
f 3862 3840 3806
f 3806 3840 3845
f 3806 3845 3804
f 3804 3845 3842
f 3804 3842 3800
f 3800 3842 3846
f 3800 3846 3803
f 3803 3846 3839
f 3839 3846 3848
f 3839 3848 3798
f 3798 3848 3850
f 3798 3850 3853
f 3798 3853 3796
f 3796 3853 3859
f 3796 3859 3864
f 3953 3779 3951
f 3779 3953 3777
f 3777 3953 3943
f 3777 3943 3866
f 3866 3943 3945
f 3866 3945 3940
f 3940 3945 3960
f 3940 3960 3924
f 3924 3960 3967
f 3924 3967 3927
f 3927 3967 3964
f 3927 3964 3933
f 3933 3964 3871
f 3933 3871 3947
f 3947 3871 3868
f 3947 3868 3936
f 3936 3868 3754
f 3754 3868 3948
f 3754 3948 3752
f 3752 3948 3975
f 3752 3975 3910
f 3752 3910 3861
f 3861 3910 3912
f 3861 3912 3859
f 3887 3951 3969
f 3951 3887 3954
f 3954 3887 3889
f 3954 3889 3981
f 3981 3889 3891
f 3981 3891 3979
f 3979 3891 3970
f 3979 3970 3976
f 3976 3970 3895
f 3976 3895 3934
f 3934 3895 3892
f 3934 3892 3918
f 3918 3892 3917
f 3918 3917 3921
f 3921 3917 3914
f 3921 3914 3928
f 3928 3914 3931
f 3931 3914 3872
f 3931 3872 3938
f 3938 3872 3874
f 3938 3874 3877
f 3938 3877 3923
f 3923 3877 3897
f 3923 3897 3912
f 4003 3969 4038
f 3969 4003 3885
f 3885 4003 4005
f 3885 4005 3883
f 3883 4005 4057
f 3883 4057 3878
f 3878 4057 4023
f 3878 4023 3881
f 3881 4023 3993
f 3881 3993 3909
f 3909 3993 3901
f 3909 3901 3963
f 3963 3901 3898
f 3963 3898 3972
f 3972 3898 3902
f 3972 3902 3956
f 3956 3902 3959
f 3959 3902 4030
f 3959 4030 3906
f 3906 4030 4032
f 3906 4032 4049
f 3906 4049 3904
f 3904 4049 3998
f 3904 3998 3897
f 3997 4038 3995
f 4038 3997 4069
f 4069 3997 4015
f 4069 4015 4067
f 4067 4015 4017
f 4067 4017 4052
f 4052 4017 4042
f 4052 4042 4034
f 4034 4042 4047
f 4034 4047 4037
f 4037 4047 4044
f 4037 4044 4061
f 4061 4044 4050
f 4061 4050 4065
f 4065 4050 4009
f 4065 4009 4093
f 4093 4009 4095
f 4095 4009 4006
f 4095 4006 4091
f 4091 4006 4063
f 4091 4063 4086
f 4091 4086 4000
f 4000 4086 4088
f 4000 4088 3998
f 4029 3995 4021
f 3995 4029 3991
f 3991 4029 4055
f 3991 4055 3989
f 3989 4055 4071
f 3989 4071 3987
f 3987 4071 4077
f 3987 4077 4024
f 4024 4077 4075
f 4024 4075 4027
f 4027 4075 4072
f 4027 4072 4041
f 4041 4072 4078
f 4041 4078 3982
f 3982 4078 4080
f 3982 4080 3985
f 3985 4080 4012
f 4012 4080 4082
f 4012 4082 4010
f 4010 4082 4085
f 4010 4085 4113
f 4010 4113 4058
f 4058 4113 4117
f 4058 4117 4088
f 4736 4021 4707
f 4021 4736 4019
f 4019 4736 4731
f 4019 4731 4111
f 4111 4731 4733
f 4111 4733 4100
f 4100 4733 4734
f 4100 4734 4103
f 4103 4734 4609
f 4103 4609 4109
f 4109 4609 4606
f 4109 4606 4114
f 4114 4606 4616
f 4114 4616 4104
f 4104 4616 4618
f 4104 4618 4107
f 4107 4618 4119
f 4119 4618 4504
f 4119 4504 4098
f 4098 4504 4506
f 4098 4506 4509
f 4098 4509 4096
f 4096 4509 4529
f 4096 4529 4117
f 3277 4707 3255
f 4707 3277 4705
f 4705 3277 3279
f 4705 3279 4726
f 4726 3279 3281
f 4726 3281 4688
f 4688 3281 3282
f 4688 3282 4691
f 4691 3282 3315
f 4691 3315 4686
f 4686 3315 3285
f 4686 3285 4678
f 4678 3285 3243
f 4678 3243 4652
f 4652 3243 3240
f 4652 3240 4655
f 4655 3240 4677
f 4677 3240 3256
f 4677 3256 4533
f 4533 3256 3244
f 4533 3244 3246
f 4533 3246 4531
f 4531 3246 3259
f 4531 3259 4529
f 3305 3255 3295
f 3255 3305 3253
f 3253 3305 3311
f 3253 3311 3274
f 3274 3311 3313
f 3274 3313 3270
f 3270 3313 3225
f 3270 3225 3273
f 3273 3225 3222
f 3273 3222 3268
f 3268 3222 3228
f 3268 3228 3264
f 3264 3228 3299
f 3264 3299 3267
f 3267 3299 3296
f 3267 3296 3248
f 3248 3296 3251
f 3251 3296 3316
f 3251 3316 3263
f 3263 3316 3286
f 3263 3286 3288
f 3263 3288 3261
f 3261 3288 3291
f 3261 3291 3259
f 3202 3295 3205
f 3295 3202 3293
f 3293 3202 3185
f 3293 3185 3329
f 3329 3185 3187
f 3329 3187 3326
f 3326 3187 3188
f 3326 3188 3306
f 3306 3188 3190
f 3306 3190 3309
f 3309 3190 3233
f 3309 3233 3324
f 3324 3233 3213
f 3324 3213 3300
f 3300 3213 3210
f 3300 3210 3303
f 3303 3210 3323
f 3323 3210 3230
f 3323 3230 3321
f 3321 3230 3214
f 3321 3214 3216
f 3321 3216 3319
f 3319 3216 3239
f 3319 3239 3291
f 3179 3205 3177
f 3205 3179 3201
f 3201 3179 3168
f 3201 3168 3199
f 3199 3168 3165
f 3199 3165 3196
f 3196 3165 3162
f 3196 3162 3192
f 3192 3162 3166
f 3192 3166 3195
f 3195 3166 3170
f 3195 3170 3207
f 3207 3170 3209
f 3207 3209 3226
f 3226 3209 3115
f 3226 3115 3218
f 3218 3115 3221
f 3221 3115 3110
f 3221 3110 3236
f 3236 3110 3112
f 3236 3112 3183
f 3236 3183 3234
f 3234 3183 3116
f 3234 3116 3239
f 4301 3177 4314
f 3177 4301 3180
f 3180 4301 4303
f 3180 4303 4358
f 4358 4303 4361
f 4358 4361 4382
f 4382 4361 4325
f 4382 4325 4286
f 4286 4325 4322
f 4286 4322 4289
f 4289 4322 4334
f 4289 4334 4377
f 4377 4334 4380
f 4377 4380 4304
f 4304 4380 4293
f 4304 4293 4307
f 4307 4293 4352
f 4352 4293 4290
f 4352 4290 4350
f 4350 4290 4308
f 4350 4308 4310
f 4350 4310 3118
f 3118 4310 4349
f 3118 4349 3116
f 4365 4314 4333
f 4314 4365 4375
f 4375 4365 4378
f 4375 4378 4373
f 4373 4378 4369
f 4373 4369 4371
f 4371 4369 4366
f 4371 4366 4340
f 4340 4366 4285
f 4340 4285 4343
f 4343 4285 4282
f 4343 4282 4312
f 4312 4282 4385
f 4312 4385 4298
f 4298 4385 4277
f 4298 4277 4294
f 4294 4277 4297
f 4297 4277 4274
f 4297 4274 4338
f 4338 4274 4316
f 4338 4316 4278
f 4338 4278 4336
f 4336 4278 4280
f 4336 4280 4349
f 4432 4333 4445
f 4333 4432 4331
f 4331 4432 4413
f 4331 4413 4329
f 4329 4413 4415
f 4329 4415 4386
f 4386 4415 4500
f 4386 4500 4362
f 4362 4500 4431
f 4362 4431 4354
f 4354 4431 4425
f 4354 4425 4357
f 4357 4425 4422
f 4357 4422 4344
f 4344 4422 4488
f 4344 4488 4347
f 4347 4488 4327
f 4327 4488 4460
f 4327 4460 4320
f 4320 4460 4462
f 4320 4462 4454
f 4320 4454 4318
f 4318 4454 4402
f 4318 4402 4280
f 4482 4445 4486
f 4445 4482 4443
f 4443 4482 4389
f 4443 4389 4490
f 4490 4389 4391
f 4490 4391 4466
f 4466 4391 4392
f 4466 4392 4469
f 4469 4392 4446
f 4469 4446 4474
f 4474 4446 4498
f 4474 4498 4477
f 4477 4498 4451
f 4477 4451 4484
f 4484 4451 4448
f 4484 4448 4470
f 4470 4448 4473
f 4473 4448 4478
f 4473 4478 4411
f 4411 4478 4398
f 4411 4398 4400
f 4411 4400 4404
f 4404 4400 4417
f 4404 4417 4402
f 4610 4486 4565
f 4486 4610 4503
f 4503 4610 4535
f 4503 4535 4441
f 4441 4535 4537
f 4441 4537 4439
f 4439 4537 4517
f 4439 4517 4465
f 4465 4517 4514
f 4465 4514 4481
f 4481 4514 4518
f 4481 4518 4426
f 4426 4518 4599
f 4426 4599 4429
f 4429 4599 4549
f 4429 4549 4436
f 4436 4549 4420
f 4420 4549 4546
f 4420 4546 4418
f 4418 4546 4551
f 4418 4551 4552
f 4418 4552 4434
f 4434 4552 4554
f 4434 4554 4417
f 4587 4565 4585
f 4565 4587 4523
f 4523 4587 4591
f 4523 4591 4521
f 4521 4591 4597
f 4521 4597 4570
f 4570 4597 4594
f 4570 4594 4573
f 4573 4594 4541
f 4573 4541 4603
f 4603 4541 4538
f 4603 4538 4574
f 4574 4538 4513
f 4574 4513 4577
f 4577 4513 4510
f 4577 4510 4604
f 4604 4510 4568
f 4568 4510 4588
f 4568 4588 4566
f 4566 4588 4578
f 4566 4578 4580
f 4566 4580 4600
f 4600 4580 4556
f 4600 4556 4554
f 5589 5742 5925
f 5742 5589 5588
f 5466 5584 5922
f 5584 5466 5465
f 5743 5653 5846
f 5653 5743 5651
f 5764 5593 5903
f 5593 5764 5505
f 5599 5911 5909
f 5911 5599 5601
f 41 3045 5744
f 3045 41 5471
f 5590 5925 5926
f 5925 5590 5589
f 5846 5655 5848
f 5655 5846 5653
f 5655 5850 5848
f 5850 5655 5657
f 5657 5852 5850
f 5852 5657 5659
f 5659 5854 5852
f 5854 5659 5661
f 43 4718 5746
f 4718 43 4684
f 4684 43 41
f 4684 41 4682
f 4682 41 4656
f 4656 41 4621
f 4621 41 4622
f 4622 41 4633
f 4633 41 4721
f 4721 41 4659
f 4659 41 4660
f 4660 41 4645
f 4645 41 4643
f 4643 41 4680
f 4680 41 4629
f 4629 41 4823
f 4823 41 4793
f 4793 41 4263
f 4263 41 4219
f 4219 41 4492
f 4492 41 3589
f 3589 41 3545
f 3545 41 3671
f 3671 41 3732
f 3732 41 3716
f 3716 41 3865
f 3865 41 3858
f 3858 41 3911
f 3911 41 3896
f 3896 41 4001
f 4001 41 4087
f 4087 41 4116
f 4116 41 4528
f 4528 41 3258
f 3258 41 3290
f 3290 41 3238
f 3238 41 3119
f 3119 41 4348
f 4348 41 4279
f 4279 41 4405
f 4405 41 4416
f 4416 41 4553
f 4553 41 4559
f 5746 4584 5744
f 4584 5746 4582
f 4582 5746 4718
f 4582 4718 4710
f 4582 4710 4740
f 4582 4740 4786
f 4582 4786 4172
f 4582 4172 4224
f 4582 4224 3632
f 4582 3632 3528
f 4582 3528 3578
f 4582 3578 3712
f 4582 3712 3749
f 4582 3749 3854
f 4582 3854 3812
f 4582 3812 3776
f 4582 3776 3952
f 4582 3952 3968
f 4582 3968 4039
f 4582 4039 3996
f 4582 3996 4018
f 4582 4018 4704
f 4582 4704 3252
f 4582 3252 3292
f 4582 3292 3204
f 4582 3204 3178
f 4582 3178 4315
f 4582 4315 4332
f 4582 4332 4442
f 4582 4442 4487
f 4582 4487 4564
f 5744 4584 4614
f 5744 4614 4613
f 5744 4613 4563
f 5744 4563 4544
f 5744 4544 4543
f 5744 4543 4592
f 5744 4592 4526
f 5744 4526 4525
f 5744 4525 4561
f 5744 4561 4557
f 5744 4557 4559
f 5744 4559 41
f 4520 4582 4564
f 4582 4520 4586
f 4586 4520 4522
f 4586 4522 4590
f 4590 4522 4572
f 4590 4572 4595
f 4595 4572 4571
f 4595 4571 4596
f 4596 4571 4602
f 4596 4602 4539
f 4539 4602 4576
f 4539 4576 4540
f 4540 4576 4575
f 4540 4575 4511
f 4511 4575 4605
f 4511 4605 4512
f 4512 4605 4567
f 4512 4567 4589
f 4589 4567 4569
f 4589 4569 4581
f 4581 4569 4601
f 4581 4601 4579
f 4579 4601 4553
f 4579 4553 4559
f 4502 4564 4487
f 4564 4502 4611
f 4611 4502 4438
f 4611 4438 4536
f 4536 4438 4440
f 4536 4440 4534
f 4534 4440 4464
f 4534 4464 4515
f 4515 4464 4480
f 4515 4480 4516
f 4516 4480 4428
f 4516 4428 4519
f 4519 4428 4427
f 4519 4427 4598
f 4598 4427 4437
f 4598 4437 4547
f 4547 4437 4419
f 4547 4419 4548
f 4548 4419 4421
f 4548 4421 4550
f 4550 4421 4435
f 4550 4435 4555
f 4555 4435 4416
f 4555 4416 4553
f 4444 4487 4442
f 4487 4444 4483
f 4483 4444 4491
f 4483 4491 4390
f 4390 4491 4468
f 4390 4468 4388
f 4388 4468 4467
f 4388 4467 4393
f 4393 4467 4476
f 4393 4476 4447
f 4447 4476 4475
f 4447 4475 4499
f 4499 4475 4485
f 4499 4485 4449
f 4449 4485 4472
f 4449 4472 4450
f 4450 4472 4471
f 4450 4471 4479
f 4479 4471 4410
f 4479 4410 4401
f 4401 4410 4403
f 4401 4403 4399
f 4399 4403 4405
f 4399 4405 4416
f 4328 4442 4332
f 4442 4328 4433
f 4433 4328 4330
f 4433 4330 4414
f 4414 4330 4387
f 4414 4387 4412
f 4412 4387 4363
f 4412 4363 4501
f 4501 4363 4356
f 4501 4356 4430
f 4430 4356 4355
f 4430 4355 4423
f 4423 4355 4346
f 4423 4346 4424
f 4424 4346 4345
f 4424 4345 4489
f 4489 4345 4326
f 4489 4326 4463
f 4463 4326 4319
f 4463 4319 4461
f 4461 4319 4321
f 4461 4321 4455
f 4455 4321 4279
f 4455 4279 4405
f 4374 4332 4315
f 4332 4374 4364
f 4364 4374 4370
f 4364 4370 4379
f 4379 4370 4372
f 4379 4372 4367
f 4367 4372 4342
f 4367 4342 4368
f 4368 4342 4341
f 4368 4341 4283
f 4283 4341 4313
f 4283 4313 4284
f 4284 4313 4299
f 4284 4299 4384
f 4384 4299 4296
f 4384 4296 4275
f 4275 4296 4295
f 4275 4295 4276
f 4276 4295 4337
f 4276 4337 4317
f 4317 4337 4339
f 4317 4339 4281
f 4281 4339 4348
f 4281 4348 4279
f 3181 4315 3178
f 4315 3181 4302
f 4302 3181 4359
f 4302 4359 4300
f 4300 4359 4383
f 4300 4383 4360
f 4360 4383 4288
f 4360 4288 4323
f 4323 4288 4287
f 4323 4287 4324
f 4324 4287 4376
f 4324 4376 4335
f 4335 4376 4306
f 4335 4306 4381
f 4381 4306 4305
f 4381 4305 4291
f 4291 4305 4351
f 4291 4351 4292
f 4292 4351 4353
f 4292 4353 4311
f 4311 4353 3117
f 4311 3117 4309
f 4309 3117 3119
f 4309 3119 4348
f 3200 3178 3204
f 3178 3200 3176
f 3176 3200 3198
f 3176 3198 3169
f 3169 3198 3197
f 3169 3197 3163
f 3163 3197 3194
f 3163 3194 3164
f 3164 3194 3193
f 3164 3193 3167
f 3167 3193 3206
f 3167 3206 3171
f 3171 3206 3227
f 3171 3227 3208
f 3208 3227 3220
f 3208 3220 3114
f 3114 3220 3219
f 3114 3219 3113
f 3113 3219 3235
f 3113 3235 3111
f 3111 3235 3237
f 3111 3237 3182
f 3182 3237 3238
f 3182 3238 3119
f 3294 3204 3292
f 3204 3294 3203
f 3203 3294 3328
f 3203 3328 3186
f 3186 3328 3327
f 3186 3327 3184
f 3184 3327 3308
f 3184 3308 3189
f 3189 3308 3307
f 3189 3307 3191
f 3191 3307 3325
f 3191 3325 3232
f 3232 3325 3302
f 3232 3302 3211
f 3211 3302 3301
f 3211 3301 3212
f 3212 3301 3322
f 3212 3322 3231
f 3231 3322 3320
f 3231 3320 3217
f 3217 3320 3318
f 3217 3318 3215
f 3215 3318 3290
f 3215 3290 3238
f 3254 3292 3252
f 3292 3254 3304
f 3304 3254 3275
f 3304 3275 3310
f 3310 3275 3272
f 3310 3272 3312
f 3312 3272 3271
f 3312 3271 3223
f 3223 3271 3269
f 3223 3269 3224
f 3224 3269 3266
f 3224 3266 3229
f 3229 3266 3265
f 3229 3265 3297
f 3297 3265 3250
f 3297 3250 3298
f 3298 3250 3249
f 3298 3249 3317
f 3317 3249 3262
f 3317 3262 3289
f 3289 3262 3260
f 3289 3260 3287
f 3287 3260 3258
f 3287 3258 3290
f 4706 3252 4704
f 3252 4706 3276
f 3276 4706 4727
f 3276 4727 3278
f 3278 4727 4690
f 3278 4690 3280
f 3280 4690 4689
f 3280 4689 3283
f 3283 4689 4687
f 3283 4687 3314
f 3314 4687 4679
f 3314 4679 3284
f 3284 4679 4654
f 3284 4654 3241
f 3241 4654 4653
f 3241 4653 3242
f 3242 4653 4676
f 3242 4676 3257
f 3257 4676 4532
f 3257 4532 3247
f 3247 4532 4530
f 3247 4530 3245
f 3245 4530 4528
f 3245 4528 3258
f 4020 4704 4018
f 4704 4020 4737
f 4737 4020 4110
f 4737 4110 4732
f 4732 4110 4102
f 4732 4102 4730
f 4730 4102 4101
f 4730 4101 4735
f 4735 4101 4108
f 4735 4108 4607
f 4607 4108 4115
f 4607 4115 4608
f 4608 4115 4106
f 4608 4106 4617
f 4617 4106 4105
f 4617 4105 4619
f 4619 4105 4118
f 4619 4118 4507
f 4507 4118 4097
f 4507 4097 4505
f 4505 4097 4099
f 4505 4099 4508
f 4508 4099 4116
f 4508 4116 4528
f 3990 4018 3996
f 4018 3990 4028
f 4028 3990 3986
f 4028 3986 4054
f 4054 3986 3988
f 4054 3988 4070
f 4070 3988 4026
f 4070 4026 4076
f 4076 4026 4025
f 4076 4025 4073
f 4073 4025 4040
f 4073 4040 4074
f 4074 4040 3984
f 4074 3984 4079
f 4079 3984 3983
f 4079 3983 4081
f 4081 3983 4011
f 4081 4011 4083
f 4083 4011 4013
f 4083 4013 4084
f 4084 4013 4059
f 4084 4059 4112
f 4112 4059 4087
f 4112 4087 4116
f 4066 3996 4039
f 3996 4066 3994
f 3994 4066 4068
f 3994 4068 4016
f 4016 4068 4053
f 4016 4053 4014
f 4014 4053 4036
f 4014 4036 4043
f 4043 4036 4035
f 4043 4035 4045
f 4045 4035 4060
f 4045 4060 4046
f 4046 4060 4064
f 4046 4064 4051
f 4051 4064 4092
f 4051 4092 4007
f 4007 4092 4094
f 4007 4094 4008
f 4008 4094 4090
f 4008 4090 4062
f 4062 4090 3999
f 4062 3999 4089
f 4089 3999 4001
f 4089 4001 4087
f 3882 4039 3968
f 4039 3882 4004
f 4004 3882 3884
f 4004 3884 4002
f 4002 3884 3880
f 4002 3880 4056
f 4056 3880 3879
f 4056 3879 4022
f 4022 3879 3908
f 4022 3908 3992
f 3992 3908 3962
f 3992 3962 3899
f 3899 3962 3973
f 3899 3973 3900
f 3900 3973 3958
f 3900 3958 3903
f 3903 3958 3957
f 3903 3957 4033
f 4033 3957 3905
f 4033 3905 4031
f 4031 3905 3907
f 4031 3907 4048
f 4048 3907 3896
f 4048 3896 4001
f 3955 3968 3952
f 3968 3955 3888
f 3888 3955 3978
f 3888 3978 3886
f 3886 3978 3980
f 3886 3980 3890
f 3890 3980 3977
f 3890 3977 3971
f 3971 3977 3935
f 3971 3935 3893
f 3893 3935 3920
f 3893 3920 3894
f 3894 3920 3919
f 3894 3919 3915
f 3915 3919 3930
f 3915 3930 3916
f 3916 3930 3929
f 3916 3929 3875
f 3875 3929 3939
f 3875 3939 3873
f 3873 3939 3922
f 3873 3922 3876
f 3876 3922 3911
f 3876 3911 3896
f 3778 3952 3776
f 3952 3778 3950
f 3950 3778 3867
f 3950 3867 3944
f 3944 3867 3941
f 3944 3941 3942
f 3942 3941 3926
f 3942 3926 3961
f 3961 3926 3925
f 3961 3925 3965
f 3965 3925 3932
f 3965 3932 3966
f 3966 3932 3946
f 3966 3946 3869
f 3869 3946 3937
f 3869 3937 3870
f 3870 3937 3753
f 3870 3753 3949
f 3949 3753 3755
f 3949 3755 3974
f 3974 3755 3860
f 3974 3860 3913
f 3913 3860 3858
f 3913 3858 3911
f 3814 3776 3812
f 3776 3814 3830
f 3830 3814 3808
f 3830 3808 3834
f 3834 3808 3810
f 3834 3810 3832
f 3832 3810 3863
f 3832 3863 3837
f 3837 3863 3807
f 3837 3807 3841
f 3841 3807 3805
f 3841 3805 3843
f 3843 3805 3802
f 3843 3802 3844
f 3844 3802 3801
f 3844 3801 3847
f 3847 3801 3838
f 3847 3838 3851
f 3851 3838 3797
f 3851 3797 3849
f 3849 3797 3799
f 3849 3799 3852
f 3852 3799 3865
f 3852 3865 3858
f 3784 3812 3854
f 3812 3784 3816
f 3816 3784 3768
f 3816 3768 3818
f 3818 3768 3770
f 3818 3770 3821
f 3821 3770 3762
f 3821 3762 3822
f 3822 3762 3761
f 3822 3761 3781
f 3781 3761 3766
f 3781 3766 3782
f 3782 3766 3765
f 3782 3765 3791
f 3791 3765 3774
f 3791 3774 3827
f 3827 3774 3824
f 3827 3824 3828
f 3828 3824 3757
f 3828 3757 3795
f 3795 3757 3759
f 3795 3759 3793
f 3793 3759 3716
f 3793 3716 3865
f 3744 3854 3749
f 3854 3744 3788
f 3788 3744 3684
f 3788 3684 3786
f 3786 3684 3686
f 3786 3686 3856
f 3856 3686 3720
f 3856 3720 3772
f 3772 3720 3719
f 3772 3719 3647
f 3647 3719 3738
f 3647 3738 3648
f 3648 3738 3682
f 3648 3682 3655
f 3655 3682 3681
f 3655 3681 3699
f 3699 3681 3639
f 3699 3639 3701
f 3701 3639 3641
f 3701 3641 3708
f 3708 3641 3707
f 3708 3707 3710
f 3710 3707 3732
f 3710 3732 3716
f 3714 3749 3712
f 3749 3714 3694
f 3694 3714 3730
f 3694 3730 3692
f 3692 3730 3728
f 3692 3728 3643
f 3643 3728 3727
f 3643 3727 3644
f 3644 3727 3736
f 3644 3736 3751
f 3751 3736 3735
f 3751 3735 3702
f 3702 3735 3741
f 3702 3741 3678
f 3678 3741 3668
f 3678 3668 3651
f 3651 3668 3667
f 3651 3667 3652
f 3652 3667 3747
f 3652 3747 3677
f 3677 3747 3696
f 3677 3696 3675
f 3675 3696 3671
f 3675 3671 3732
f 3576 3712 3578
f 3712 3576 3662
f 3662 3576 3568
f 3662 3568 3660
f 3660 3568 3570
f 3660 3570 3664
f 3664 3570 3554
f 3664 3554 3743
f 3743 3554 3553
f 3743 3553 3722
f 3722 3553 3550
f 3722 3550 3689
f 3689 3550 3549
f 3689 3549 3690
f 3690 3549 3611
f 3690 3611 3657
f 3657 3611 3605
f 3657 3605 3658
f 3658 3605 3607
f 3658 3607 3724
f 3724 3607 3630
f 3724 3630 3673
f 3673 3630 3545
f 3673 3545 3671
f 3530 3578 3528
f 3578 3530 3582
f 3582 3530 3564
f 3582 3564 3580
f 3580 3564 3566
f 3580 3566 3596
f 3596 3566 3594
f 3596 3594 3705
f 3705 3594 3593
f 3705 3593 3602
f 3602 3593 3612
f 3602 3612 3561
f 3561 3612 3635
f 3561 3635 3562
f 3562 3635 3558
f 3562 3558 3608
f 3608 3558 3557
f 3608 3557 3587
f 3587 3557 3625
f 3587 3625 3585
f 3585 3625 3627
f 3585 3627 3547
f 3547 3627 3589
f 3547 3589 3545
f 3618 3528 3632
f 3528 3618 3636
f 3636 3618 3620
f 3636 3620 3629
f 3629 3620 3174
f 3629 3174 3600
f 3600 3174 3173
f 3600 3173 3573
f 3573 3173 4497
f 3573 4497 3574
f 3574 4497 4495
f 3574 4495 3623
f 3623 4495 4459
f 3623 4459 3614
f 3614 4459 4457
f 3614 4457 3533
f 3533 4457 4407
f 3533 4407 3534
f 3534 4407 4409
f 3534 4409 3616
f 3616 4409 4453
f 3616 4453 3591
f 3591 4453 4492
f 3591 4492 3589
f 4168 3632 4224
f 3632 4168 3599
f 3599 4168 4170
f 3599 4170 3538
f 3538 4170 4222
f 3538 4222 3536
f 3536 4222 4221
f 3536 4221 3541
f 3541 4221 4236
f 3541 4236 3542
f 3542 4236 4266
f 3542 4266 4271
f 4271 4266 4258
f 4271 4258 4273
f 4273 4258 4257
f 4273 4257 4161
f 4161 4257 4249
f 4161 4249 4162
f 4162 4249 4251
f 4162 4251 4397
f 4397 4251 4217
f 4397 4217 4395
f 4395 4217 4219
f 4395 4219 4492
f 4174 4224 4172
f 4224 4174 4269
f 4269 4174 4260
f 4269 4260 4243
f 4243 4260 4166
f 4243 4166 4239
f 4239 4166 4165
f 4239 4165 4240
f 4240 4165 4192
f 4240 4192 4195
f 4195 4192 4186
f 4195 4186 4196
f 4196 4186 4185
f 4196 4185 4207
f 4207 4185 4244
f 4207 4244 4199
f 4199 4244 4254
f 4199 4254 4200
f 4200 4254 4203
f 4200 4203 4208
f 4208 4203 4205
f 4208 4205 4214
f 4214 4205 4263
f 4214 4263 4219
f 4784 4172 4786
f 4172 4784 4182
f 4182 4784 4782
f 4182 4782 4180
f 4180 4782 4775
f 4180 4775 4246
f 4246 4775 4769
f 4246 4769 4227
f 4227 4769 4766
f 4227 4766 4228
f 4228 4766 4765
f 4228 4765 4231
f 4231 4765 4772
f 4231 4772 4253
f 4253 4772 4762
f 4253 4762 4211
f 4211 4762 4761
f 4211 4761 4212
f 4212 4761 4757
f 4212 4757 4179
f 4179 4757 4759
f 4179 4759 4177
f 4177 4759 4793
f 4177 4793 4263
f 4742 4786 4740
f 4786 4742 4788
f 4788 4742 4814
f 4788 4814 4265
f 4265 4814 4816
f 4265 4816 4234
f 4234 4816 4804
f 4234 4804 4232
f 4232 4804 4803
f 4232 4803 4189
f 4189 4803 4813
f 4189 4813 4190
f 4190 4813 4810
f 4190 4810 4780
f 4780 4810 4809
f 4780 4809 4770
f 4770 4809 4826
f 4770 4826 4755
f 4755 4826 4824
f 4755 4824 4753
f 4753 4824 4821
f 4753 4821 4795
f 4795 4821 4823
f 4795 4823 4793
f 4712 4740 4710
f 4740 4712 4778
f 4778 4712 4708
f 4778 4708 4776
f 4776 4708 4647
f 4776 4647 4745
f 4745 4647 4636
f 4745 4636 4746
f 4746 4636 4635
f 4746 4635 4749
f 4749 4635 4702
f 4749 4702 4750
f 4750 4702 4640
f 4750 4640 4797
f 4797 4640 4639
f 4797 4639 4807
f 4807 4639 4695
f 4807 4695 4819
f 4819 4695 4697
f 4819 4697 4801
f 4801 4697 4692
f 4801 4692 4799
f 4799 4692 4629
f 4799 4629 4823
f 4666 4710 4718
f 4710 4666 4714
f 4714 4666 4668
f 4714 4668 4716
f 4716 4668 4729
f 4716 4729 4790
f 4790 4729 4739
f 4790 4739 4829
f 4829 4739 4724
f 4829 4724 4699
f 4699 4724 4723
f 4699 4723 4700
f 4700 4723 4671
f 4700 4671 4625
f 4625 4671 4664
f 4625 4664 4626
f 4626 4664 4663
f 4626 4663 4675
f 4675 4663 4649
f 4675 4649 4673
f 4673 4649 4651
f 4673 4651 4631
f 4631 4651 4680
f 4631 4680 4629
f 5661 5856 5854
f 5856 5661 5663
f 5597 5909 5907
f 5909 5597 5599
f 5922 5505 5764
f 5505 5922 5584
f 5611 5738 5609
f 5738 5611 5920
f 5905 5597 5907
f 5597 5905 5595
f 5601 5913 5911
f 5913 5601 5603
f 5605 5458 5915
f 5458 5605 5456
f 5590 5927 5591
f 5927 5590 5926
f 5903 5595 5905
f 5595 5903 5593
f 5586 5923 5924
f 5923 5586 5585
f 5591 5475 5472
f 5475 5591 5927
f 5585 5464 5923
f 5464 5585 5467
f 5474 5920 5611
f 5920 5474 5473
f 5468 5746 5476
f 5746 5468 43
f 5670 5755 5492
f 5755 5670 5865
f 5639 5869 5870
f 5869 5639 5638
f 5666 5863 5668
f 5863 5666 5861
f 5666 5859 5861
f 5859 5666 5664
f 5664 5857 5859
f 5857 5664 5662
f 5662 5855 5857
f 5855 5662 5660
f 5845 5502 5766
f 5502 5845 5650
f 5656 5849 5851
f 5849 5656 5654
f 5847 5650 5845
f 5650 5847 5652
f 5663 5858 5856
f 5858 5663 5665
f 5637 5867 5868
f 5867 5637 5636
f 5679 5831 5829
f 5831 5679 5681
f 5824 5501 5767
f 5501 5824 5672
f 5767 5695 5801
f 5695 5767 5501
f 5803 5699 5805
f 5699 5803 5697
f 5801 5697 5803
f 5697 5801 5695
f 5701 5809 5807
f 5809 5701 5703
f 5677 5829 5827
f 5829 5677 5679
f 5699 5807 5805
f 5807 5699 5701
f 5705 5813 5811
f 5813 5705 5707
f 5644 5878 5646
f 5878 5644 5876
f 5709 5817 5815
f 5817 5709 5711
f 5823 5675 5825
f 5675 5823 5673
f 5646 5880 5648
f 5880 5646 5878
f 5825 5677 5827
f 5677 5825 5675
f 5849 5652 5847
f 5652 5849 5654
f 5713 5817 5711
f 5817 5713 5819
f 5866 5634 5739
f 5634 5866 5635
f 5660 5853 5855
f 5853 5660 5658
f 5867 5635 5866
f 5635 5867 5636
f 5766 5673 5823
f 5673 5766 5502
f 5683 5835 5833
f 5835 5683 5685
f 5691 5839 5689
f 5839 5691 5841
f 5715 5819 5713
f 5819 5715 5821
f 5491 5821 5715
f 5821 5491 5756
f 5692 5756 5491
f 5756 5692 5844
f 5690 5844 5692
f 5844 5690 5842
f 5688 5842 5690
f 5842 5688 5840
f 5648 5754 5493
f 5754 5648 5880
f 5658 5851 5853
f 5851 5658 5656
f 5665 5860 5858
f 5860 5665 5667
f 5644 5874 5876
f 5874 5644 5642
f 5493 5864 5671
f 5864 5493 5754
f 5685 5837 5835
f 5837 5685 5687
f 5703 5811 5809
f 5811 5703 5705
f 5688 5838 5840
f 5838 5688 5686
f 5707 5815 5813
f 5815 5707 5709
f 5686 5836 5838
f 5836 5686 5684
f 5684 5834 5836
f 5834 5684 5682
f 5668 5865 5670
f 5865 5668 5863
f 5682 5832 5834
f 5832 5682 5680
f 5638 5868 5869
f 5868 5638 5637
f 5669 5860 5667
f 5860 5669 5862
f 5642 5872 5874
f 5872 5642 5640
f 5693 5841 5691
f 5841 5693 5843
f 5671 5862 5669
f 5862 5671 5864
f 5640 5870 5872
f 5870 5640 5639
f 5681 5833 5831
f 5833 5681 5683
f 5687 5839 5837
f 5839 5687 5689
f 5492 5843 5693
f 5843 5492 5755
f 5712 5822 5714
f 5822 5712 5820
f 5702 5808 5810
f 5808 5702 5700
f 5806 5696 5804
f 5696 5806 5698
f 5480 5771 5770
f 5771 5480 5481
f 5732 5794 5796
f 5794 5732 5730
f 5723 5787 5785
f 5787 5723 5725
f 5724 5786 5788
f 5786 5724 5722
f 5483 5774 5773
f 5774 5483 5484
f 5484 5775 5774
f 5775 5484 5485
f 5784 5718 5782
f 5718 5784 5720
f 5735 5795 5733
f 5795 5735 5797
f 5730 5792 5794
f 5792 5730 5728
f 5728 5790 5792
f 5790 5728 5726
f 5759 5479 5769
f 5479 5759 5478
f 5768 5717 5779
f 5717 5768 5500
f 5700 5806 5808
f 5806 5700 5698
f 5736 5758 5489
f 5758 5736 5800
f 5737 5797 5735
f 5797 5737 5799
f 5802 5500 5768
f 5500 5802 5694
f 5680 5830 5832
f 5830 5680 5678
f 5490 5799 5737
f 5799 5490 5757
f 5704 5810 5812
f 5810 5704 5702
f 5780 5477 5760
f 5477 5780 5716
f 5727 5791 5789
f 5791 5727 5729
f 5779 5719 5781
f 5719 5779 5717
f 5710 5820 5712
f 5820 5710 5818
f 5804 5694 5802
f 5694 5804 5696
f 5721 5785 5783
f 5785 5721 5723
f 5708 5814 5816
f 5814 5708 5706
f 5760 5478 5759
f 5478 5760 5477
f 5729 5793 5791
f 5793 5729 5731
f 5725 5789 5787
f 5789 5725 5727
f 5769 5480 5770
f 5480 5769 5479
f 5481 5772 5771
f 5772 5481 5482
f 5482 5773 5772
f 5773 5482 5483
f 5487 5776 5486
f 5776 5487 5777
f 5710 5816 5818
f 5816 5710 5708
f 5485 5776 5775
f 5776 5485 5486
f 5726 5788 5790
f 5788 5726 5724
f 5781 5721 5783
f 5721 5781 5719
f 5714 5757 5490
f 5757 5714 5822
f 5826 5672 5824
f 5672 5826 5674
f 5489 5778 5488
f 5778 5489 5758
f 5734 5800 5736
f 5800 5734 5798
f 5732 5798 5734
f 5798 5732 5796
f 5488 5777 5487
f 5777 5488 5778
f 5706 5812 5814
f 5812 5706 5704
f 5722 5784 5786
f 5784 5722 5720
f 5731 5795 5793
f 5795 5731 5733
f 5782 5716 5780
f 5716 5782 5718
f 5828 5674 5826
f 5674 5828 5676
f 5678 5828 5830
f 5828 5678 5676
f 5602 5912 5914
f 5912 5602 5600
f 5598 5908 5910
f 5908 5598 5596
f 5600 5910 5912
f 5910 5600 5598
f 5882 3123 3120
f 3123 5882 5612
f 5607 5917 5918
f 5917 5607 5606
f 5604 5914 5916
f 5914 5604 5602
f 5606 5916 5917
f 5916 5606 5604
f 5908 5594 5906
f 5594 5908 5596
f 5906 5592 5904
f 5592 5906 5594
f 5883 5617 5885
f 5617 5883 5615
f 5617 5887 5885
f 5887 5617 5619
f 5625 5895 5893
f 5895 5625 5627
f 5621 5891 5889
f 5891 5621 5623
f 5627 5897 5895
f 5897 5627 5629
f 5619 5889 5887
f 5889 5619 5621
f 5631 5897 5629
f 5897 5631 5899
f 5610 5752 5495
f 5752 5610 5921
f 3133 3128 3131
f 3128 3133 3126
f 5633 5899 5631
f 5899 5633 5901
f 5495 5901 5633
f 5901 5495 5752
f 5904 5504 5765
f 5504 5904 5592
f 5623 5893 5891
f 5893 5623 5625
f 5608 5921 5610
f 5921 5608 5919
f 5607 5919 5608
f 5919 5607 5918
f 5765 5613 5881
f 5613 5765 5504
f 5881 5615 5883
f 5615 5881 5613
f 5578 5934 5933
f 5934 5578 5579
f 5579 5935 5934
f 5935 5579 5580
f 5762 5561 5939
f 5561 5762 5507
f 5956 5541 5954
f 5541 5956 5543
f 5533 5990 5535
f 5990 5533 5988
f 5549 5960 5962
f 5960 5549 5547
f 5545 5956 5958
f 5956 5545 5543
f 5580 5936 5935
f 5936 5580 5581
f 5582 5936 5581
f 5936 5582 5937
f 5952 5507 5762
f 5507 5952 5539
f 5929 5575 5930
f 5575 5929 5574
f 5560 5969 5558
f 5969 5560 5971
f 5976 5520 5974
f 5520 5976 5521
f 5563 5942 5941
f 5942 5563 5564
f 5497 5949 5572
f 5949 5497 5750
f 5523 5976 5978
f 5976 5523 5521
f 5558 5967 5556
f 5967 5558 5969
f 5553 5964 5966
f 5964 5553 5551
f 5533 5986 5988
f 5986 5533 5531
f 5557 5972 5559
f 5972 5557 5970
f 5527 5980 5982
f 5980 5527 5525
f 5551 5962 5964
f 5962 5551 5549
f 5552 5965 5963
f 5965 5552 5554
f 5763 5573 5928
f 5573 5763 5506
f 5583 5937 5582
f 5937 5583 5938
f 5496 5938 5583
f 5938 5496 5751
f 5529 5982 5984
f 5982 5529 5527
f 5546 5959 5957
f 5959 5546 5548
f 5566 5945 5944
f 5945 5566 5567
f 5571 5751 5496
f 5751 5571 5950
f 5277 5950 5571
f 5950 5277 5276
f 5531 5984 5986
f 5984 5531 5529
f 5939 5562 5940
f 5562 5939 5561
f 5555 5966 5968
f 5966 5555 5553
f 5550 5963 5961
f 5963 5550 5552
f 5544 5957 5955
f 5957 5544 5546
f 5565 5944 5943
f 5944 5565 5566
f 5547 5958 5960
f 5958 5547 5545
f 5940 5563 5941
f 5563 5940 5562
f 5548 5961 5959
f 5961 5548 5550
f 5564 5943 5942
f 5943 5564 5565
f 5570 5947 5569
f 5947 5570 5948
f 5498 5971 5560
f 5971 5498 5749
f 5537 5749 5498
f 5749 5537 5992
f 5535 5992 5537
f 5992 5535 5990
f 5568 5947 5946
f 5947 5568 5569
f 5572 5948 5570
f 5948 5572 5949
f 5559 5750 5497
f 5750 5559 5972
f 5555 5970 5557
f 5970 5555 5968
f 4929 5506 5763
f 5506 4929 4928
f 5928 5574 5929
f 5574 5928 5573
f 5575 5931 5930
f 5931 5575 5576
f 5554 5967 5965
f 5967 5554 5556
f 5576 5932 5931
f 5932 5576 5577
f 5525 5978 5980
f 5978 5525 5523
f 5567 5946 5945
f 5946 5567 5568
f 5954 5539 5952
f 5539 5954 5541
f 5974 5519 5973
f 5519 5974 5520
f 5577 5933 5932
f 5933 5577 5578
f 5994 5509 5993
f 5509 5994 5510
f 5499 5991 5538
f 5991 5499 5748
f 5524 5979 5977
f 5979 5524 5526
f 5515 5998 5999
f 5998 5515 5514
f 5513 5996 5997
f 5996 5513 5512
f 5512 5995 5996
f 5995 5512 5511
f 5516 6001 5517
f 6001 5516 6000
f 5514 5997 5998
f 5997 5514 5513
f 5993 5283 5282
f 5283 5993 5509
f 3340 5522 5975
f 5522 3340 3339
f 5538 5989 5536
f 5989 5538 5991
f 5532 5987 5985
f 5987 5532 5534
f 4981 4987 4984
f 4987 4981 4980
f 5973 5508 5761
f 5508 5973 5519
f 5518 5748 5499
f 5748 5518 6002
f 5951 5542 5953
f 5542 5951 5540
f 5953 5544 5955
f 5544 5953 5542
f 5526 5981 5979
f 5981 5526 5528
f 5761 5540 5951
f 5540 5761 5508
f 5516 5999 6000
f 5999 5516 5515
f 5528 5983 5981
f 5983 5528 5530
f 5517 6002 5518
f 6002 5517 6001
f 5530 5985 5983
f 5985 5530 5532
f 5536 5987 5534
f 5987 5536 5989
f 5522 5977 5975
f 5977 5522 5524
f 5511 5994 5995
f 5994 5511 5510
f 5624 5892 5894
f 5892 5624 5622
f 5632 5753 5494
f 5753 5632 5902
f 5628 5896 5898
f 5896 5628 5626
f 5626 5894 5896
f 5894 5626 5624
f 5494 5879 5649
f 5879 5494 5753
f 5620 5888 5890
f 5888 5620 5618
f 3129 5871 3127
f 5871 3129 5641
f 5618 5886 5888
f 5886 5618 5616
f 5641 5873 5871
f 5873 5641 5643
f 5630 5902 5632
f 5902 5630 5900
f 5628 5900 5630
f 5900 5628 5898
f 5884 5612 5882
f 5612 5884 5614
f 5649 5877 5647
f 5877 5649 5879
f 5622 5890 5892
f 5890 5622 5620
f 5647 5875 5645
f 5875 5647 5877
f 5886 5614 5884
f 5614 5886 5616
f 5643 5875 5873
f 5875 5643 5645
f 6003 6004 6005
f 6004 6003 6006
f 6003 6007 6006
f 6007 6003 6008
f 6009 6010 6011
f 6010 6009 6012
f 6013 6014 6015
f 6014 6013 6016
f 6015 6017 6018
f 6017 6015 6014
f 6019 6020 6021
f 6020 6019 6022
f 6023 6024 6025
f 6024 6023 6026
f 6018 6023 6025
f 6023 6018 6017
f 6027 6028 6029
f 6028 6027 6030
f 6031 6032 6033
f 6032 6031 6034
f 6035 6036 6037
f 6036 6035 6038
f 6039 6040 6041
f 6040 6039 6042
f 6039 6043 6042
f 6043 6039 6044
f 6044 6037 6043
f 6037 6044 6035
f 6038 6045 6036
f 6045 6038 6046
f 6046 6047 6045
f 6047 6046 6048
f 6033 6049 6050
f 6049 6033 6032
f 6048 6051 6047
f 6051 6048 6052
f 6051 6053 6054
f 6053 6051 6052
f 6041 6034 6031
f 6034 6041 6040
f 6055 6056 6057
f 6056 6055 6058
f 6059 6057 6060
f 6057 6059 6055
f 6056 6061 6062
f 6061 6056 6058
f 6063 6060 6064
f 6060 6063 6059
f 6065 6066 6067
f 6066 6065 6068
f 6069 6070 6071
f 6070 6069 6072
f 6062 6072 6069
f 6072 6062 6061
f 6071 6073 6074
f 6073 6071 6070
f 6005 6075 6076
f 6075 6005 6004
f 6077 6078 6079
f 6078 6077 6080
f 6081 6077 6082
f 6077 6081 6080
f 6083 6082 6084
f 6082 6083 6081
f 6085 6086 6087
f 6086 6085 6088
f 6089 6087 6090
f 6087 6089 6085
f 6091 6089 6090
f 6089 6091 6092
f 6093 6092 6091
f 6092 6093 6094
f 6079 6095 6096
f 6095 6079 6078
f 6097 6094 6093
f 6094 6097 6098
f 6096 6098 6097
f 6098 6096 6095
f 6088 6099 6086
f 6099 6088 6100
f 6008 6101 6007
f 6101 6008 6102
f 6102 6064 6101
f 6064 6102 6063
f 6103 6104 6105
f 6104 6103 6106
f 6107 6108 6109
f 6108 6107 6110
f 6111 6112 6113
f 6112 6111 6114
f 6115 6116 6117
f 6116 6115 6118
f 6119 6113 6120
f 6113 6119 6111
f 6100 6120 6099
f 6120 6100 6119
f 6121 6117 6122
f 6117 6121 6115
f 6123 6110 6107
f 6110 6123 6124
f 6106 6125 6104
f 6125 6106 6126
f 6126 6084 6125
f 6084 6126 6083
f 6127 6128 6129
f 6128 6127 6130
f 6109 6131 6132
f 6131 6109 6108
f 6132 6130 6127
f 6130 6132 6131
f 6129 6112 6114
f 6112 6129 6128
f 6123 6105 6124
f 6105 6123 6103
f 6133 6134 6135
f 6134 6133 6136
f 6137 6138 6139
f 6138 6137 6140
f 6141 6142 6143
f 6142 6141 6144
f 6145 6146 6147
f 6146 6145 6148
f 6149 6135 6150
f 6135 6149 6133
f 6139 6151 6152
f 6151 6139 6138
f 6152 6153 6154
f 6153 6152 6151
f 6154 6155 6156
f 6155 6154 6153
f 6149 6140 6137
f 6140 6149 6150
f 6076 6012 6009
f 6012 6076 6075
f 6157 6158 6159
f 6158 6157 6160
f 6161 6159 6162
f 6159 6161 6157
f 6163 6164 6165
f 6164 6163 6166
f 6160 6143 6158
f 6143 6160 6141
f 6147 6167 6168
f 6167 6147 6146
f 6169 6148 6145
f 6148 6169 6170
f 6171 6170 6169
f 6170 6171 6172
f 6166 6162 6164
f 6162 6166 6161
f 6168 6163 6165
f 6163 6168 6167
f 6173 6172 6171
f 6172 6173 6174
f 6175 6173 6176
f 6173 6175 6174
f 6156 6142 6144
f 6142 6156 6155
f 6136 6177 6134
f 6177 6136 6178
f 6179 6180 6181
f 6180 6179 6182
f 6181 6183 6184
f 6183 6181 6180
f 6185 6186 6187
f 6186 6185 6188
f 6189 6190 6191
f 6190 6189 6192
f 6193 6194 6195
f 6194 6193 6196
f 6197 6188 6185
f 6188 6197 6198
f 6199 6200 6201
f 6200 6199 6202
f 6203 6198 6197
f 6198 6203 6204
f 6205 6204 6203
f 6204 6205 6206
f 6118 6205 6116
f 6205 6118 6206
f 6178 6207 6177
f 6207 6178 6208
f 6209 6191 6210
f 6191 6209 6189
f 6192 6122 6190
f 6122 6192 6121
f 6184 6211 6212
f 6211 6184 6183
f 6212 6213 6214
f 6213 6212 6211
f 6214 6215 6216
f 6215 6214 6213
f 6196 6215 6194
f 6215 6196 6216
f 6209 6182 6179
f 6182 6209 6210
f 6208 6176 6207
f 6176 6208 6175
f 6217 6195 6218
f 6195 6217 6193
f 6202 6218 6200
f 6218 6202 6217
f 6219 6201 6220
f 6201 6219 6199
f 6221 6219 6220
f 6219 6221 6222
f 6187 6222 6221
f 6222 6187 6186
f 6223 6224 6225
f 6224 6223 6226
f 6227 6228 6229
f 6228 6227 6230
f 6231 6232 6233
f 6232 6231 6234
f 6235 6225 6236
f 6225 6235 6223
f 6229 6237 6238
f 6237 6229 6228
f 6226 6239 6224
f 6239 6226 6240
f 6241 6242 6243
f 6242 6241 6244
f 6245 6246 6247
f 6246 6245 6248
f 6249 6250 6251
f 6250 6249 6252
f 6239 6253 6254
f 6253 6239 6240
f 6255 6256 6257
f 6256 6255 6258
f 6243 6249 6251
f 6249 6243 6242
f 6259 6247 6260
f 6247 6259 6245
f 6261 6236 6262
f 6236 6261 6235
f 6263 6260 6264
f 6260 6263 6259
f 6265 6262 6266
f 6262 6265 6261
f 6252 6264 6250
f 6264 6252 6263
f 6257 6244 6241
f 6244 6257 6256
f 6254 6267 6268
f 6267 6254 6253
f 6248 6237 6246
f 6237 6248 6238
f 6269 6270 6271
f 6270 6269 6272
f 6273 6274 6275
f 6274 6273 6276
f 6277 6276 6273
f 6276 6277 6278
f 6279 6278 6277
f 6278 6279 6280
f 6275 6281 6282
f 6281 6275 6274
f 6283 6280 6279
f 6280 6283 6284
f 6285 6286 6287
f 6286 6285 6288
f 6272 6281 6270
f 6281 6272 6282
f 6289 6290 6291
f 6290 6289 6292
f 6293 6284 6283
f 6284 6293 6294
f 6295 6296 6297
f 6296 6295 6298
f 6288 6291 6286
f 6291 6288 6289
f 6299 6295 6300
f 6295 6299 6298
f 6293 6287 6294
f 6287 6293 6285
f 6301 6302 6303
f 6302 6301 6304
f 6292 6300 6290
f 6300 6292 6299
f 6297 6305 6306
f 6305 6297 6296
f 6307 6308 6309
f 6308 6307 6310
f 6309 6311 6312
f 6311 6309 6308
f 6313 6271 6314
f 6271 6313 6269
f 6315 6316 6317
f 6316 6315 6318
f 6319 6320 6321
f 6320 6319 6322
f 6323 6324 6325
f 6324 6323 6326
f 6327 6328 6329
f 6328 6327 6330
f 6331 6332 6333
f 6332 6331 6334
f 6335 6336 6337
f 6336 6335 6338
f 6339 6337 6340
f 6337 6339 6335
f 6341 6342 6343
f 6342 6341 6344
f 6345 6346 6347
f 6346 6345 6348
f 6334 6317 6332
f 6317 6334 6315
f 6316 6322 6319
f 6322 6316 6318
f 6347 6326 6323
f 6326 6347 6346
f 6330 6349 6328
f 6349 6330 6350
f 6350 6333 6349
f 6333 6350 6331
f 6338 6351 6336
f 6351 6338 6352
f 6353 6342 6344
f 6342 6353 6354
f 6352 6343 6351
f 6343 6352 6341
f 6327 6348 6345
f 6348 6327 6329
f 6355 6356 6357
f 6356 6355 6358
f 6325 6354 6353
f 6354 6325 6324
f 6359 6360 6361
f 6360 6359 6362
f 6360 6363 6361
f 6363 6360 6364
f 6364 6365 6363
f 6365 6364 6366
f 6366 6367 6365
f 6367 6366 6368
f 6368 6369 6367
f 6369 6368 6370
f 6370 6371 6369
f 6371 6370 6372
f 6372 6373 6371
f 6373 6372 6374
f 6375 6373 6374
f 6373 6375 6376
f 6050 6376 6375
f 6376 6050 6049
f 6377 6362 6359
f 6362 6377 6378
f 6357 6378 6377
f 6378 6357 6356
f 6379 6380 6381
f 6380 6379 6382
f 6383 6384 6385
f 6384 6383 6386
f 6385 6387 6388
f 6387 6385 6384
f 6389 6390 6391
f 6390 6389 6392
f 6393 6394 6395
f 6394 6393 6396
f 6397 6398 6399
f 6398 6397 6400
f 6401 6386 6383
f 6386 6401 6402
f 6388 6403 6404
f 6403 6388 6387
f 6405 6402 6401
f 6402 6405 6406
f 6407 6381 6408
f 6381 6407 6379
f 6405 6395 6406
f 6395 6405 6393
f 6396 6409 6394
f 6409 6396 6410
f 6404 6380 6382
f 6380 6404 6403
f 6411 6412 6413
f 6412 6411 6414
f 6414 6415 6412
f 6415 6414 6416
f 6417 6310 6307
f 6310 6417 6418
f 6400 6419 6398
f 6419 6400 6420
f 6415 6418 6417
f 6418 6415 6416
f 6410 6413 6409
f 6413 6410 6411
f 6420 6408 6419
f 6408 6420 6407
f 6390 6399 6391
f 6399 6390 6397
f 6421 6422 6423
f 6422 6421 6424
f 6425 6426 6427
f 6426 6425 6428
f 6429 6430 6431
f 6430 6429 6432
f 6433 6434 6435
f 6434 6433 6436
f 6437 6438 6439
f 6438 6437 6440
f 6441 6442 6443
f 6442 6441 6444
f 6445 6446 6447
f 6446 6445 6448
f 6448 6443 6446
f 6443 6448 6441
f 6449 6450 6451
f 6450 6449 6452
f 6453 6454 6455
f 6454 6453 6456
f 6457 6458 6459
f 6458 6457 6460
f 6461 6462 6463
f 6462 6461 6464
f 6465 6466 6467
f 6466 6465 6468
f 6469 6464 6461
f 6464 6469 6470
f 6471 6470 6469
f 6470 6471 6472
f 6473 6474 6475
f 6474 6473 6476
f 6423 6460 6457
f 6460 6423 6422
f 6477 6478 6479
f 6478 6477 6480
f 6481 6482 6483
f 6482 6481 6484
f 6485 6486 6487
f 6486 6485 6488
f 6479 6440 6437
f 6440 6479 6478
f 6462 6447 6463
f 6447 6462 6445
f 6475 6472 6471
f 6472 6475 6474
f 6489 6476 6473
f 6476 6489 6490
f 6431 6491 6492
f 6491 6431 6430
f 6458 6487 6459
f 6487 6458 6485
f 6468 6493 6466
f 6493 6468 6494
f 6456 6495 6454
f 6495 6456 6496
f 6497 6498 6499
f 6498 6497 6500
f 6477 6501 6480
f 6501 6477 6502
f 6503 6498 6504
f 6498 6503 6499
f 6502 6455 6501
f 6455 6502 6453
f 6488 6505 6486
f 6505 6488 6506
f 6428 6507 6426
f 6507 6428 6508
f 6425 6509 6510
f 6509 6425 6427
f 6511 6512 6513
f 6512 6511 6514
f 6515 6467 6516
f 6467 6515 6465
f 6517 6518 6519
f 6518 6517 6520
f 6493 6521 6522
f 6521 6493 6494
f 6439 6523 6524
f 6523 6439 6438
f 6524 6500 6497
f 6500 6524 6523
f 6513 6065 6067
f 6065 6513 6512
f 6444 6504 6442
f 6504 6444 6503
f 6525 6514 6511
f 6514 6525 6526
f 6510 6484 6481
f 6484 6510 6509
f 6483 6520 6517
f 6520 6483 6482
f 6508 6516 6507
f 6516 6508 6515
f 6492 6526 6525
f 6526 6492 6491
f 6527 6451 6528
f 6451 6527 6449
f 6506 6528 6505
f 6528 6506 6527
f 6519 6450 6452
f 6450 6519 6518
f 6529 6424 6421
f 6424 6529 6530
f 6436 6429 6434
f 6429 6436 6432
f 6522 6530 6529
f 6530 6522 6521
f 6531 6532 6533
f 6532 6531 6534
f 6535 6536 6537
f 6536 6535 6538
f 6539 6540 6541
f 6540 6539 6542
f 6543 6544 6545
f 6544 6543 6546
f 6547 6541 6548
f 6541 6547 6539
f 6549 6550 6551
f 6550 6549 6552
f 6553 6554 6555
f 6554 6553 6556
f 6557 6556 6553
f 6556 6557 6558
f 6559 6560 6561
f 6560 6559 6562
f 6563 6564 6565
f 6564 6563 6566
f 6567 6568 6569
f 6568 6567 6570
f 6546 6571 6544
f 6571 6546 6572
f 6543 6570 6567
f 6570 6543 6545
f 6573 6574 6575
f 6574 6573 6576
f 6577 6578 6579
f 6578 6577 6580
f 6581 6582 6583
f 6582 6581 6584
f 6585 6586 6587
f 6586 6585 6588
f 6536 6588 6585
f 6588 6536 6538
f 6565 6589 6590
f 6589 6565 6564
f 6591 6548 6592
f 6548 6591 6547
f 6593 6592 6594
f 6592 6593 6591
f 6572 6595 6571
f 6595 6572 6596
f 6597 6489 6598
f 6489 6597 6490
f 6599 6534 6531
f 6534 6599 6600
f 6593 6601 6602
f 6601 6593 6594
f 6602 6603 6604
f 6603 6602 6601
f 6605 6606 6607
f 6606 6605 6608
f 6604 6609 6610
f 6609 6604 6603
f 6611 6612 6613
f 6612 6611 6614
f 6584 6615 6582
f 6615 6584 6616
f 6549 6617 6618
f 6617 6549 6551
f 6619 6620 6621
f 6620 6619 6622
f 6623 6619 6621
f 6619 6623 6624
f 6569 6625 6626
f 6625 6569 6568
f 6555 6608 6605
f 6608 6555 6554
f 6552 6583 6550
f 6583 6552 6581
f 6627 6628 6629
f 6628 6627 6630
f 6622 6629 6620
f 6629 6622 6627
f 6618 6566 6563
f 6566 6618 6617
f 6576 6532 6574
f 6532 6576 6533
f 6614 6631 6612
f 6631 6614 6632
f 6633 6561 6634
f 6561 6633 6559
f 6496 6598 6495
f 6598 6496 6597
f 6630 6634 6628
f 6634 6630 6633
f 6635 6557 6636
f 6557 6635 6558
f 6578 6613 6579
f 6613 6578 6611
f 6626 6600 6599
f 6600 6626 6625
f 6637 6580 6577
f 6580 6637 6638
f 6639 6560 6562
f 6560 6639 6640
f 6587 6641 6642
f 6641 6587 6586
f 6643 6537 6644
f 6537 6643 6535
f 6642 6638 6637
f 6638 6642 6641
f 6596 6644 6595
f 6644 6596 6643
f 6607 6624 6623
f 6624 6607 6606
f 6616 6636 6615
f 6636 6616 6635
f 6632 6575 6631
f 6575 6632 6573
f 6590 6640 6639
f 6640 6590 6589
f 6645 6646 6647
f 6646 6645 6648
f 6649 6650 6651
f 6650 6649 6652
f 6653 6654 6655
f 6654 6653 6656
f 6657 6658 6659
f 6658 6657 6660
f 6661 6662 6663
f 6662 6661 6664
f 6542 6665 6540
f 6665 6542 6666
f 6662 6655 6663
f 6655 6662 6653
f 6660 6667 6658
f 6667 6660 6668
f 6669 6670 6671
f 6670 6669 6672
f 6673 6674 6675
f 6674 6673 6676
f 6677 6664 6661
f 6664 6677 6678
f 6679 6680 6681
f 6680 6679 6682
f 6683 6675 6684
f 6675 6683 6673
f 6685 6686 6687
f 6686 6685 6688
f 6689 6690 6691
f 6690 6689 6692
f 6693 6694 6695
f 6694 6693 6696
f 6697 6695 6698
f 6695 6697 6693
f 6699 6698 6700
f 6698 6699 6697
f 6701 6702 6703
f 6702 6701 6704
f 6705 6706 6707
f 6706 6705 6708
f 6709 6708 6705
f 6708 6709 6710
f 6711 6710 6709
f 6710 6711 6712
f 6713 6714 6715
f 6714 6713 6716
f 6668 6717 6667
f 6717 6668 6718
f 6656 6659 6654
f 6659 6656 6657
f 6719 6720 6721
f 6720 6719 6722
f 6719 6688 6685
f 6688 6719 6721
f 6676 6715 6674
f 6715 6676 6713
f 6723 6672 6669
f 6672 6723 6724
f 6725 6726 6727
f 6726 6725 6728
f 6729 6725 6730
f 6725 6729 6728
f 6696 6731 6694
f 6731 6696 6732
f 6714 6712 6711
f 6712 6714 6716
f 6733 6730 6734
f 6730 6733 6729
f 6735 6736 6737
f 6736 6735 6738
f 6739 6737 6740
f 6737 6739 6735
f 6741 6742 6743
f 6742 6741 6744
f 6743 6745 6746
f 6745 6743 6742
f 6707 6704 6701
f 6704 6707 6706
f 6747 6678 6677
f 6678 6747 6748
f 6749 6682 6679
f 6682 6749 6750
f 6746 6751 6752
f 6751 6746 6745
f 6752 6753 6754
f 6753 6752 6751
f 6666 6749 6665
f 6749 6666 6750
f 6755 6700 6756
f 6700 6755 6699
f 6757 6692 6689
f 6692 6757 6758
f 6702 6756 6703
f 6756 6702 6755
f 6610 6652 6649
f 6652 6610 6609
f 6727 6724 6723
f 6724 6727 6726
f 6681 6748 6747
f 6748 6681 6680
f 6651 6717 6718
f 6717 6651 6650
f 6741 6740 6744
f 6740 6741 6739
f 6754 6648 6645
f 6648 6754 6753
f 6691 6731 6732
f 6731 6691 6690
f 6687 6758 6757
f 6758 6687 6686
f 6722 6684 6720
f 6684 6722 6683
f 6738 6734 6736
f 6734 6738 6733
f 6671 6759 6760
f 6759 6671 6670
f 6761 6762 6763
f 6762 6761 6764
f 6765 6766 6767
f 6766 6765 6768
f 6767 6769 6770
f 6769 6767 6766
f 6771 6772 6773
f 6772 6771 6774
f 6775 6776 6777
f 6776 6775 6778
f 6779 6780 6781
f 6780 6779 6782
f 6783 6782 6779
f 6782 6783 6784
f 6785 6786 6787
f 6786 6785 6788
f 6770 6789 6790
f 6789 6770 6769
f 6791 6792 6793
f 6792 6791 6794
f 6795 6793 6796
f 6793 6795 6791
f 6797 6798 6799
f 6798 6797 6800
f 6774 6801 6772
f 6801 6774 6802
f 6803 6804 6805
f 6804 6803 6806
f 6807 6808 6809
f 6808 6807 6810
f 6811 6812 6813
f 6812 6811 6814
f 6805 6815 6816
f 6815 6805 6804
f 6817 6818 6819
f 6818 6817 6820
f 6821 6822 6823
f 6822 6821 6824
f 6814 6823 6812
f 6823 6814 6821
f 6820 6825 6818
f 6825 6820 6826
f 6827 6813 6828
f 6813 6827 6811
f 6829 6646 6830
f 6646 6829 6647
f 6831 6822 6824
f 6822 6831 6832
f 6760 6833 6834
f 6833 6760 6759
f 6816 6832 6831
f 6832 6816 6815
f 6835 6836 6837
f 6836 6835 6838
f 6790 6800 6797
f 6800 6790 6789
f 6826 6839 6825
f 6839 6826 6840
f 6841 6763 6842
f 6763 6841 6761
f 6843 6844 6845
f 6844 6843 6846
f 6845 6847 6848
f 6847 6845 6844
f 6837 6846 6843
f 6846 6837 6836
f 6765 6809 6768
f 6809 6765 6807
f 6849 6850 6851
f 6850 6849 6852
f 6810 6787 6808
f 6787 6810 6785
f 6799 6850 6852
f 6850 6799 6798
f 6853 6835 6854
f 6835 6853 6838
f 6802 6855 6801
f 6855 6802 6856
f 6777 6771 6773
f 6771 6777 6776
f 6857 6858 6859
f 6858 6857 6860
f 6861 6778 6775
f 6778 6861 6862
f 6781 6862 6861
f 6862 6781 6780
f 6863 6783 6864
f 6783 6863 6784
f 6788 6864 6786
f 6864 6788 6863
f 6865 6851 6866
f 6851 6865 6849
f 6841 6867 6868
f 6867 6841 6842
f 6856 6866 6855
f 6866 6856 6865
f 6840 6830 6839
f 6830 6840 6829
f 6764 6859 6762
f 6859 6764 6857
f 6869 6828 6870
f 6828 6869 6827
f 6860 6854 6858
f 6854 6860 6853
f 6871 6872 6873
f 6872 6871 6874
f 6848 6874 6871
f 6874 6848 6847
f 6868 6806 6803
f 6806 6868 6867
f 6833 6819 6834
f 6819 6833 6817
f 6872 6870 6873
f 6870 6872 6869
f 6875 6876 6877
f 6876 6875 6878
f 6879 6880 6881
f 6880 6879 6882
f 6883 6882 6879
f 6882 6883 6884
f 6794 6885 6792
f 6885 6794 6886
f 6887 6888 6889
f 6888 6887 6890
f 6891 6892 6893
f 6892 6891 6894
f 6895 6896 6897
f 6896 6895 6898
f 6899 6900 6901
f 6900 6899 6902
f 6903 6904 6905
f 6904 6903 6906
f 6907 6908 6909
f 6908 6907 6910
f 6911 6912 6913
f 6912 6911 6914
f 6886 6915 6885
f 6915 6886 6916
f 6917 6918 6919
f 6918 6917 6920
f 6921 6914 6911
f 6914 6921 6922
f 6923 6924 6925
f 6924 6923 6926
f 6923 6796 6926
f 6796 6923 6795
f 6927 6928 6929
f 6928 6927 6930
f 6897 6931 6932
f 6931 6897 6896
f 6920 6933 6918
f 6933 6920 6934
f 6935 6907 6936
f 6907 6935 6910
f 6937 6938 6939
f 6938 6937 6940
f 6925 6941 6942
f 6941 6925 6924
f 6943 6939 6944
f 6939 6943 6937
f 6942 6894 6891
f 6894 6942 6941
f 6909 6890 6887
f 6890 6909 6908
f 6945 6929 6946
f 6929 6945 6927
f 6947 6922 6921
f 6922 6947 6948
f 6949 6898 6895
f 6898 6949 6950
f 6951 6906 6903
f 6906 6951 6952
f 6930 6953 6928
f 6953 6930 6954
f 6899 6955 6956
f 6955 6899 6901
f 6954 6957 6953
f 6957 6954 6958
f 6878 6904 6876
f 6904 6878 6905
f 6959 6960 6961
f 6960 6959 6962
f 6889 6884 6883
f 6884 6889 6888
f 6963 6948 6947
f 6948 6963 6964
f 6965 6966 6967
f 6966 6965 6968
f 6968 6969 6966
f 6969 6968 6970
f 6970 6963 6969
f 6963 6970 6964
f 6880 6919 6881
f 6919 6880 6917
f 6971 6967 6972
f 6967 6971 6965
f 6973 6972 6974
f 6972 6973 6971
f 6975 6974 6976
f 6974 6975 6973
f 6940 6936 6938
f 6936 6940 6935
f 6961 6945 6946
f 6945 6961 6960
f 6975 6977 6978
f 6977 6975 6976
f 6979 6980 6981
f 6980 6979 6982
f 6934 6877 6933
f 6877 6934 6875
f 6932 6962 6959
f 6962 6932 6931
f 6893 6983 6984
f 6983 6893 6892
f 6958 6985 6957
f 6985 6958 6986
f 6902 6944 6900
f 6944 6902 6943
f 6986 6987 6985
f 6987 6986 6988
f 6984 6987 6988
f 6987 6984 6983
f 6956 6982 6979
f 6982 6956 6955
f 6916 6949 6915
f 6949 6916 6950
f 6981 6952 6951
f 6952 6981 6980
f 6989 6990 6991
f 6990 6989 6992
f 6993 6994 6995
f 6994 6993 6996
f 6997 6998 6999
f 6998 6997 7000
f 6996 7001 6994
f 7001 6996 7002
f 7003 6993 6995
f 6993 7003 7004
f 6978 7005 7006
f 7005 6978 6977
f 7007 6999 7008
f 6999 7007 6997
f 7006 7009 7010
f 7009 7006 7005
f 7000 7011 6998
f 7011 7000 7012
f 7002 7008 7001
f 7008 7002 7007
f 7010 6992 6989
f 6992 7010 7009
f 6991 7011 7012
f 7011 6991 6990
f 6913 7004 7003
f 7004 6913 6912
f 7013 7014 7015
f 7014 7013 7016
f 7017 7018 7019
f 7018 7017 7020
f 7021 7022 7023
f 7022 7021 7024
f 7025 7026 7027
f 7026 7025 7028
f 6312 6392 6389
f 6392 6312 6311
f 7029 7030 7031
f 7030 7029 7032
f 7033 7034 7035
f 7034 7033 7036
f 7037 7038 7039
f 7038 7037 7040
f 7030 7019 7031
f 7019 7030 7017
f 7041 7035 7042
f 7035 7041 7033
f 7036 7039 7034
f 7039 7036 7037
f 7041 7024 7021
f 7024 7041 7042
f 7023 7028 7025
f 7028 7023 7022
f 7043 7044 7045
f 7044 7043 7046
f 7044 7047 7048
f 7047 7044 7046
f 7027 7049 7050
f 7049 7027 7026
f 7040 7045 7038
f 7045 7040 7043
f 6306 7016 7013
f 7016 6306 6305
f 7015 7032 7029
f 7032 7015 7014
f 7048 7051 7052
f 7051 7048 7047
f 7053 7054 7055
f 7054 7053 7056
f 7057 7058 7059
f 7058 7057 7060
f 7061 7062 7063
f 7062 7061 7064
f 7065 7066 7067
f 7066 7065 7068
f 7069 7070 7071
f 7070 7069 7072
f 7073 7074 7075
f 7074 7073 7076
f 7077 7078 7079
f 7078 7077 7080
f 7081 7082 7083
f 7082 7081 7084
f 7060 7085 7058
f 7085 7060 7086
f 7087 7088 7089
f 7088 7087 7090
f 7091 7092 7093
f 7092 7091 7094
f 7095 7096 7097
f 7096 7095 7098
f 7099 7089 7100
f 7089 7099 7087
f 7091 7101 7102
f 7101 7091 7093
f 7103 7104 7105
f 7104 7103 7106
f 7102 7107 7108
f 7107 7102 7101
f 7109 7110 7111
f 7110 7109 7112
f 7113 7114 7115
f 7114 7113 7116
f 7094 7100 7092
f 7100 7094 7099
f 7117 7064 7061
f 7064 7117 7118
f 7119 7120 7121
f 7120 7119 7122
f 7123 7121 7124
f 7121 7123 7119
f 7084 7125 7082
f 7125 7084 7126
f 7126 7127 7125
f 7127 7126 7128
f 7108 7112 7109
f 7112 7108 7107
f 7116 7129 7114
f 7129 7116 7130
f 7131 7132 7133
f 7132 7131 7134
f 7132 7135 7136
f 7135 7132 7134
f 7090 7133 7088
f 7133 7090 7131
f 7080 7137 7078
f 7137 7080 7138
f 7139 7076 7073
f 7076 7139 7140
f 7141 7142 7143
f 7142 7141 7144
f 7145 7124 7146
f 7124 7145 7123
f 7138 7147 7137
f 7147 7138 7148
f 7149 7150 7151
f 7150 7149 7152
f 7097 7147 7148
f 7147 7097 7096
f 7153 7057 7059
f 7057 7153 7154
f 7075 7068 7065
f 7068 7075 7074
f 7155 7098 7095
f 7098 7155 7156
f 7122 7139 7120
f 7139 7122 7140
f 7106 7146 7104
f 7146 7106 7145
f 7127 7157 7158
f 7157 7127 7128
f 7086 7079 7085
f 7079 7086 7077
f 7071 7156 7155
f 7156 7071 7070
f 7103 7072 7069
f 7072 7103 7105
f 7067 7154 7153
f 7154 7067 7066
f 7130 7159 7129
f 7159 7130 7160
f 7136 7161 7162
f 7161 7136 7135
f 7111 7144 7141
f 7144 7111 7110
f 7162 7118 7117
f 7118 7162 7161
f 7163 6435 7164
f 6435 7163 6433
f 7165 7164 7166
f 7164 7165 7163
f 7056 7166 7054
f 7166 7056 7165
f 7152 7142 7150
f 7142 7152 7143
f 7160 7151 7159
f 7151 7160 7149
f 7063 7113 7115
f 7113 7063 7062
f 7167 7168 7169
f 7168 7167 7170
f 7171 7172 7173
f 7172 7171 7174
f 7175 7176 7177
f 7176 7175 7178
f 7179 7180 7181
f 7180 7179 7182
f 7183 7184 7185
f 7184 7183 7186
f 7187 7188 7189
f 7188 7187 7190
f 7191 7189 7192
f 7189 7191 7187
f 7193 7194 7195
f 7194 7193 7196
f 7197 7198 7199
f 7198 7197 7200
f 7201 7202 7203
f 7202 7201 7204
f 7205 7192 7206
f 7192 7205 7191
f 7195 7207 7208
f 7207 7195 7194
f 7209 7174 7171
f 7174 7209 7210
f 7211 7212 7213
f 7212 7211 7214
f 7215 7216 7217
f 7216 7215 7218
f 7213 7219 7220
f 7219 7213 7212
f 7221 7222 7223
f 7222 7221 7224
f 7225 7224 7221
f 7224 7225 7226
f 7227 7217 7228
f 7217 7227 7215
f 7229 7230 7231
f 7230 7229 7232
f 7233 7234 7235
f 7234 7233 7236
f 7237 7238 7239
f 7238 7237 7240
f 7203 7241 7242
f 7241 7203 7202
f 7243 7244 7245
f 7244 7243 7246
f 7247 7248 7249
f 7248 7247 7250
f 6074 7251 7252
f 7251 6074 6073
f 7253 7196 7193
f 7196 7253 7254
f 7255 7249 7256
f 7249 7255 7247
f 7257 7226 7225
f 7226 7257 7258
f 7200 7244 7198
f 7244 7200 7245
f 7259 7260 7261
f 7260 7259 7262
f 7263 7264 7265
f 7264 7263 7266
f 7267 7266 7263
f 7266 7267 7268
f 7182 7269 7180
f 7269 7182 7270
f 7260 7271 7272
f 7271 7260 7262
f 7273 7228 7274
f 7228 7273 7227
f 7252 7275 7276
f 7275 7252 7251
f 6011 7246 7243
f 7246 6011 6010
f 7270 7199 7269
f 7199 7270 7197
f 7183 7204 7201
f 7204 7183 7185
f 7264 7235 7265
f 7235 7264 7233
f 7242 7232 7229
f 7232 7242 7241
f 7236 7206 7234
f 7206 7236 7205
f 7170 7277 7168
f 7277 7170 7278
f 7167 7210 7209
f 7210 7167 7169
f 7208 7268 7267
f 7268 7208 7207
f 7240 7219 7238
f 7219 7240 7220
f 7250 7239 7248
f 7239 7250 7237
f 7186 7274 7184
f 7274 7186 7273
f 7278 7177 7277
f 7177 7278 7175
f 7279 7256 7280
f 7256 7279 7255
f 7223 7279 7280
f 7279 7223 7222
f 7218 7253 7216
f 7253 7218 7254
f 7173 7214 7211
f 7214 7173 7172
f 7272 7258 7257
f 7258 7272 7271
f 7178 7261 7176
f 7261 7178 7259
f 7275 7181 7276
f 7181 7275 7179
f 7231 7188 7190
f 7188 7231 7230
f 7281 7282 7283
f 7282 7281 7284
f 7285 7281 7286
f 7281 7285 7284
f 7287 7288 7289
f 7288 7287 7290
f 7291 7292 7293
f 7292 7291 7294
f 7295 7296 7297
f 7296 7295 7298
f 7299 7300 7301
f 7300 7299 7302
f 7297 7303 7304
f 7303 7297 7296
f 7305 7306 7307
f 7306 7305 7308
f 7293 7309 7310
f 7309 7293 7292
f 7311 7312 7313
f 7312 7311 7314
f 7315 7316 7317
f 7316 7315 7318
f 7319 7320 7321
f 7320 7319 7322
f 7318 7323 7316
f 7323 7318 7324
f 7307 7325 7326
f 7325 7307 7306
f 7327 7314 7311
f 7314 7327 7328
f 7329 7312 7330
f 7312 7329 7313
f 7331 7332 7333
f 7332 7331 7334
f 7335 7336 7337
f 7336 7335 7338
f 7339 7286 7340
f 7286 7339 7285
f 7341 7342 7343
f 7342 7341 7344
f 7345 7302 7299
f 7302 7345 7346
f 7347 7298 7295
f 7298 7347 7348
f 7349 7300 7350
f 7300 7349 7301
f 7351 7350 7352
f 7350 7351 7349
f 7353 7354 7355
f 7354 7353 7356
f 7355 7348 7347
f 7348 7355 7354
f 7332 7357 7333
f 7357 7332 7358
f 7359 7360 7361
f 7360 7359 7362
f 7326 7338 7335
f 7338 7326 7325
f 7363 7364 7365
f 7364 7363 7366
f 7367 7368 7369
f 7368 7367 7370
f 7371 7343 7372
f 7343 7371 7341
f 7371 7294 7291
f 7294 7371 7372
f 7358 7373 7357
f 7373 7358 7374
f 7283 7375 7376
f 7375 7283 7282
f 7377 7365 7378
f 7365 7377 7363
f 7376 7379 7380
f 7379 7376 7375
f 7053 7290 7287
f 7290 7053 7055
f 7381 7317 7382
f 7317 7381 7315
f 7337 7383 7384
f 7383 7337 7336
f 7289 7385 7386
f 7385 7289 7288
f 7386 7346 7345
f 7346 7386 7385
f 7387 7352 7388
f 7352 7387 7351
f 7389 7388 7390
f 7388 7389 7387
f 6068 7390 6066
f 7390 6068 7389
f 7353 7382 7356
f 7382 7353 7381
f 7310 7328 7327
f 7328 7310 7309
f 7304 7364 7366
f 7364 7304 7303
f 7384 7359 7361
f 7359 7384 7383
f 7370 7378 7368
f 7378 7370 7377
f 7391 7340 7392
f 7340 7391 7339
f 7322 7330 7320
f 7330 7322 7329
f 7393 7305 7394
f 7305 7393 7308
f 7324 7394 7323
f 7394 7324 7393
f 7344 7392 7342
f 7392 7344 7391
f 7374 7321 7373
f 7321 7374 7319
f 7362 7369 7360
f 7369 7362 7367
f 7395 7334 7331
f 7334 7395 7396
f 7380 7396 7395
f 7396 7380 7379
f 7397 7398 7399
f 7398 7397 7400
f 7399 7401 7402
f 7401 7399 7398
f 7403 7404 7405
f 7404 7403 7406
f 7407 7408 7409
f 7408 7407 7410
f 7411 7409 7412
f 7409 7411 7407
f 7413 7414 7415
f 7414 7413 7416
f 7417 7418 7419
f 7418 7417 7420
f 7402 7421 7422
f 7421 7402 7401
f 7422 7423 7424
f 7423 7422 7421
f 7424 7425 7426
f 7425 7424 7423
f 7427 7428 7429
f 7428 7427 7430
f 7431 7432 7433
f 7432 7431 7434
f 7435 7436 7437
f 7436 7435 7438
f 7439 7440 7441
f 7440 7439 7442
f 7439 7443 7444
f 7443 7439 7441
f 7410 7427 7408
f 7427 7410 7430
f 7445 7446 7447
f 7446 7445 7448
f 7449 7450 7451
f 7450 7449 7452
f 7453 7418 7420
f 7418 7453 7454
f 7455 7437 7456
f 7437 7455 7435
f 7457 7416 7413
f 7416 7457 7458
f 7459 7460 7461
f 7460 7459 7462
f 7463 7464 7465
f 7464 7463 7466
f 7467 7468 7469
f 7468 7467 7470
f 7471 7472 7473
f 7472 7471 7474
f 7475 7476 7477
f 7476 7475 7478
f 7479 7478 7475
f 7478 7479 7480
f 7481 7474 7471
f 7474 7481 7482
f 7406 7433 7404
f 7433 7406 7431
f 7483 7480 7479
f 7480 7483 7484
f 7438 7485 7436
f 7485 7438 7486
f 7473 7452 7449
f 7452 7473 7472
f 7487 7488 7489
f 7488 7487 7490
f 7434 7489 7432
f 7489 7434 7487
f 7451 7454 7453
f 7454 7451 7450
f 7488 7484 7483
f 7484 7488 7490
f 7442 7491 7440
f 7491 7442 7492
f 7493 7462 7459
f 7462 7493 7494
f 7466 7495 7464
f 7495 7466 7496
f 7492 7412 7491
f 7412 7492 7411
f 7447 7494 7493
f 7494 7447 7446
f 7497 7460 7498
f 7460 7497 7461
f 7496 7469 7495
f 7469 7496 7467
f 7415 7463 7465
f 7463 7415 7414
f 7499 7500 7501
f 7500 7499 7502
f 7481 7405 7482
f 7405 7481 7403
f 7429 7503 7504
f 7503 7429 7428
f 7505 7456 7506
f 7456 7505 7455
f 7507 7505 7506
f 7505 7507 7508
f 7509 7501 7510
f 7501 7509 7499
f 7470 7498 7468
f 7498 7470 7497
f 7511 7510 7512
f 7510 7511 7509
f 7504 7458 7457
f 7458 7504 7503
f 7477 7508 7507
f 7508 7477 7476
f 7397 7512 7400
f 7512 7397 7511
f 7444 7448 7445
f 7448 7444 7443
f 7486 7419 7485
f 7419 7486 7417
f 7513 7514 7515
f 7514 7513 7516
f 7517 7518 7519
f 7518 7517 7520
f 7521 7522 7523
f 7522 7521 7524
f 7525 7515 7526
f 7515 7525 7513
f 7527 7528 7529
f 7528 7527 7530
f 7531 7532 7533
f 7532 7531 7534
f 7535 7536 7537
f 7536 7535 7538
f 7539 7529 7540
f 7529 7539 7527
f 7541 7542 7543
f 7542 7541 7544
f 7545 7546 7547
f 7546 7545 7548
f 7516 7549 7514
f 7549 7516 7550
f 7551 7552 7553
f 7552 7551 7554
f 7555 7556 7557
f 7556 7555 7558
f 7559 7560 7561
f 7560 7559 7562
f 7563 7557 7564
f 7557 7563 7555
f 7565 7566 7567
f 7566 7565 7568
f 7548 7569 7546
f 7569 7548 7570
f 7571 7547 7572
f 7547 7571 7545
f 7537 7573 7574
f 7573 7537 7536
f 7575 7576 7577
f 7576 7575 7578
f 7579 7572 7580
f 7572 7579 7571
f 7567 7524 7521
f 7524 7567 7566
f 7581 7582 7583
f 7582 7581 7584
f 7523 7585 7586
f 7585 7523 7522
f 7587 7588 7589
f 7588 7587 7590
f 7591 7592 7593
f 7592 7591 7594
f 7534 7588 7532
f 7588 7534 7589
f 7530 7595 7528
f 7595 7530 7596
f 7597 7598 7599
f 7598 7597 7600
f 7601 7539 7540
f 7539 7601 7602
f 7603 7604 7605
f 7604 7603 7606
f 7607 7606 7603
f 7606 7607 7608
f 7609 7608 7607
f 7608 7609 7610
f 7549 7578 7575
f 7578 7549 7550
f 7611 7562 7559
f 7562 7611 7612
f 7613 7526 7614
f 7526 7613 7525
f 7543 7556 7558
f 7556 7543 7542
f 7615 7616 7617
f 7616 7615 7618
f 7520 7593 7518
f 7593 7520 7591
f 7565 7519 7568
f 7519 7565 7517
f 7599 7619 7620
f 7619 7599 7598
f 7551 7538 7535
f 7538 7551 7553
f 7605 7602 7601
f 7602 7605 7604
f 7561 7621 7622
f 7621 7561 7560
f 7623 7624 7625
f 7624 7623 7626
f 7627 7623 7628
f 7623 7627 7626
f 7586 7590 7587
f 7590 7586 7585
f 7426 7569 7570
f 7569 7426 7425
f 7596 7533 7595
f 7533 7596 7531
f 7625 7629 7630
f 7629 7625 7624
f 7502 7628 7500
f 7628 7502 7627
f 7554 7614 7552
f 7614 7554 7613
f 7618 7564 7616
f 7564 7618 7563
f 7574 7544 7541
f 7544 7574 7573
f 7584 7580 7582
f 7580 7584 7579
f 7577 7612 7611
f 7612 7577 7576
f 7631 7617 7632
f 7617 7631 7615
f 7620 7581 7583
f 7581 7620 7619
f 7621 7632 7622
f 7632 7621 7631
f 7630 7600 7597
f 7600 7630 7629
f 7633 7634 7635
f 7634 7633 7636
f 7637 7638 7639
f 7638 7637 7640
f 7641 7642 7643
f 7642 7641 7644
f 7645 7646 7647
f 7646 7645 7648
f 7649 7650 7651
f 7650 7649 7652
f 7653 7654 7655
f 7654 7653 7656
f 7657 7658 7659
f 7658 7657 7660
f 7661 7659 7662
f 7659 7661 7657
f 7645 7663 7648
f 7663 7645 7664
f 7660 7665 7658
f 7665 7660 7666
f 7667 7662 7668
f 7662 7667 7661
f 7669 7670 7671
f 7670 7669 7672
f 7664 7673 7663
f 7673 7664 7674
f 7666 7655 7665
f 7655 7666 7653
f 7674 7083 7673
f 7083 7674 7081
f 7675 7667 7668
f 7667 7675 7676
f 7677 7676 7675
f 7676 7677 7678
f 7679 7678 7677
f 7678 7679 7680
f 7681 7680 7679
f 7680 7681 7682
f 7158 7682 7681
f 7682 7158 7157
f 7683 7610 7609
f 7610 7683 7684
f 7685 7686 7687
f 7686 7685 7688
f 7647 7688 7685
f 7688 7647 7646
f 7687 7652 7649
f 7652 7687 7686
f 7651 7654 7656
f 7654 7651 7650
f 7689 7643 7690
f 7643 7689 7641
f 7691 7692 7693
f 7692 7691 7694
f 7695 7696 7697
f 7696 7695 7698
f 7699 7690 7700
f 7690 7699 7689
f 7701 7702 7703
f 7702 7701 7704
f 7705 7703 7706
f 7703 7705 7701
f 7638 7672 7669
f 7672 7638 7640
f 7707 7708 7709
f 7708 7707 7710
f 7644 7639 7642
f 7639 7644 7637
f 7711 7700 7712
f 7700 7711 7699
f 7713 7714 7715
f 7714 7713 7716
f 7715 7717 7718
f 7717 7715 7714
f 7704 7719 7702
f 7719 7704 7720
f 7698 7706 7696
f 7706 7698 7705
f 7721 7683 7722
f 7683 7721 7684
f 7711 7694 7691
f 7694 7711 7712
f 7708 7697 7709
f 7697 7708 7695
f 7718 7719 7720
f 7719 7718 7717
f 7693 7716 7713
f 7716 7693 7692
f 7635 7710 7707
f 7710 7635 7634
f 7594 7722 7592
f 7722 7594 7721
f 7671 7636 7633
f 7636 7671 7670
f 7723 7724 7725
f 7724 7723 7726
f 7727 7728 7729
f 7728 7727 7730
f 7731 7732 7733
f 7732 7731 7734
f 7735 7736 7737
f 7736 7735 7738
f 7739 7738 7735
f 7738 7739 7740
f 7731 7741 7742
f 7741 7731 7733
f 7743 7744 7745
f 7744 7743 7746
f 7747 7748 7749
f 7748 7747 7750
f 7751 7736 7752
f 7736 7751 7737
f 7734 7753 7732
f 7753 7734 7754
f 7755 7746 7743
f 7746 7755 7756
f 7742 7730 7727
f 7730 7742 7741
f 7754 7757 7753
f 7757 7754 7758
f 7759 7760 7761
f 7760 7759 7762
f 7758 7763 7757
f 7763 7758 7764
f 7764 7765 7763
f 7765 7764 7766
f 7767 7768 7769
f 7768 7767 7770
f 7766 7771 7765
f 7771 7766 7772
f 7773 7774 7775
f 7774 7773 7776
f 7777 7778 7779
f 7778 7777 7780
f 7781 7761 7782
f 7761 7781 7759
f 7783 7782 7784
f 7782 7783 7781
f 7785 7786 7787
f 7786 7785 7788
f 7780 7789 7778
f 7789 7780 7790
f 7787 7791 7792
f 7791 7787 7786
f 7793 7784 7794
f 7784 7793 7783
f 7762 7773 7760
f 7773 7762 7776
f 7795 7794 7796
f 7794 7795 7793
f 7797 7756 7755
f 7756 7797 7798
f 7799 7800 7801
f 7800 7799 7802
f 7801 7788 7785
f 7788 7801 7800
f 7791 7803 7792
f 7803 7791 7804
f 7805 7806 7807
f 7806 7805 7808
f 7809 7770 7767
f 7770 7809 7810
f 7811 7812 7813
f 7812 7811 7814
f 7815 7747 7816
f 7747 7815 7750
f 7749 7802 7799
f 7802 7749 7748
f 7817 7725 7818
f 7725 7817 7723
f 7819 7816 7820
f 7816 7819 7815
f 7811 7818 7814
f 7818 7811 7817
f 7775 7821 7822
f 7821 7775 7774
f 7745 7823 7824
f 7823 7745 7744
f 7726 7820 7724
f 7820 7726 7819
f 7823 7825 7824
f 7825 7823 7826
f 7813 7827 7828
f 7827 7813 7812
f 7769 7789 7790
f 7789 7769 7768
f 7826 7829 7825
f 7829 7826 7830
f 7830 7831 7829
f 7831 7830 7832
f 7832 7833 7831
f 7833 7832 7834
f 7834 7752 7833
f 7752 7834 7751
f 7729 7740 7739
f 7740 7729 7728
f 7828 7810 7809
f 7810 7828 7827
f 7804 7807 7803
f 7807 7804 7805
f 7808 7779 7806
f 7779 7808 7777
f 7835 7836 7837
f 7836 7835 7838
f 7839 7840 7841
f 7840 7839 7842
f 7843 7844 7845
f 7844 7843 7846
f 7842 7847 7840
f 7847 7842 7848
f 7849 7850 7851
f 7850 7849 7852
f 7853 7854 7855
f 7854 7853 7856
f 7856 7857 7854
f 7857 7856 7858
f 7837 7859 7860
f 7859 7837 7836
f 7771 7861 7862
f 7861 7771 7772
f 7863 7851 7864
f 7851 7863 7849
f 7858 7865 7857
f 7865 7858 7866
f 7867 7868 7869
f 7868 7867 7870
f 7852 7871 7850
f 7871 7852 7872
f 7871 7873 7874
f 7873 7871 7872
f 7875 7870 7867
f 7870 7875 7876
f 7877 7878 7879
f 7878 7877 7880
f 7875 7845 7876
f 7845 7875 7843
f 7879 7881 7882
f 7881 7879 7878
f 7866 7841 7865
f 7841 7866 7839
f 7862 7798 7797
f 7798 7862 7861
f 7883 7853 7855
f 7853 7883 7884
f 7860 7847 7848
f 7847 7860 7859
f 7882 7884 7883
f 7884 7882 7881
f 7869 7838 7835
f 7838 7869 7868
f 7846 7864 7844
f 7864 7846 7863
f 7885 7886 7887
f 7886 7885 7888
f 7889 7890 7891
f 7890 7889 7892
f 7885 7893 7888
f 7893 7885 7894
f 7895 7896 7897
f 7896 7895 7898
f 7894 7899 7893
f 7899 7894 7900
f 7900 7901 7899
f 7901 7900 7902
f 7903 7904 7905
f 7904 7903 7906
f 7907 6234 6231
f 6234 7907 7908
f 7891 7909 7910
f 7909 7891 7890
f 7911 7912 7913
f 7912 7911 7914
f 7915 7916 7917
f 7916 7915 7918
f 7919 7914 7911
f 7914 7919 7920
f 7921 7920 7919
f 7920 7921 7922
f 7923 7922 7921
f 7922 7923 7924
f 7923 7925 7924
f 7925 7923 7926
f 7927 7928 7929
f 7928 7927 7930
f 7931 7932 7933
f 7932 7931 7934
f 7918 7935 7916
f 7935 7918 7936
f 7929 7937 7938
f 7937 7929 7928
f 7913 7898 7895
f 7898 7913 7912
f 7938 7939 7940
f 7939 7938 7937
f 7926 7941 7925
f 7941 7926 7942
f 7942 7943 7941
f 7943 7942 7944
f 7944 7945 7943
f 7945 7944 7946
f 7947 7948 7949
f 7948 7947 7950
f 7949 7951 7952
f 7951 7949 7948
f 7939 7953 7940
f 7953 7939 7954
f 7955 7947 7956
f 7947 7955 7950
f 7946 7956 7945
f 7956 7946 7955
f 7954 7957 7953
f 7957 7954 7958
f 7959 7960 7961
f 7960 7959 7962
f 7958 7963 7957
f 7963 7958 7964
f 7910 7931 7933
f 7931 7910 7909
f 7964 7961 7963
f 7961 7964 7959
f 7962 7965 7960
f 7965 7962 7966
f 7967 7965 7966
f 7965 7967 7968
f 7969 7968 7967
f 7968 7969 7970
f 7934 7971 7932
f 7971 7934 7972
f 7936 7896 7935
f 7896 7936 7897
f 7973 7930 7927
f 7930 7973 7974
f 7905 7970 7969
f 7970 7905 7904
f 7887 7906 7903
f 7906 7887 7886
f 7972 7917 7971
f 7917 7972 7915
f 7952 7892 7889
f 7892 7952 7951
f 7975 7976 7977
f 7976 7975 7978
f 7979 7980 7981
f 7980 7979 7982
f 7980 7983 7984
f 7983 7980 7982
f 7985 7986 7987
f 7986 7985 7988
f 7989 7990 7991
f 7990 7989 7992
f 7993 7994 7995
f 7994 7993 7996
f 7988 7997 7986
f 7997 7988 7998
f 7999 8000 8001
f 8000 7999 8002
f 8003 8004 8005
f 8004 8003 8006
f 8007 8008 8009
f 8008 8007 8010
f 7984 8011 8012
f 8011 7984 7983
f 8013 8014 8015
f 8014 8013 8016
f 8001 8017 8018
f 8017 8001 8000
f 8019 8020 8021
f 8020 8019 8022
f 8023 8024 8025
f 8024 8023 8026
f 8027 8015 8028
f 8015 8027 8013
f 7978 7981 7976
f 7981 7978 7979
f 8021 7992 7989
f 7992 8021 8020
f 8029 7987 8030
f 7987 8029 7985
f 8031 8032 8033
f 8032 8031 8034
f 8024 8035 8025
f 8035 8024 8036
f 8037 7995 8038
f 7995 8037 7993
f 8039 8034 8031
f 8034 8039 8040
f 8041 8014 8016
f 8014 8041 8042
f 8043 8030 8044
f 8030 8043 8029
f 7996 7990 7994
f 7990 7996 7991
f 8045 8046 8047
f 8046 8045 8048
f 8049 8044 8050
f 8044 8049 8043
f 8051 8052 8053
f 8052 8051 8054
f 7997 8002 7999
f 8002 7997 7998
f 8055 8056 8057
f 8056 8055 8058
f 8059 8022 8019
f 8022 8059 8060
f 8061 8028 8062
f 8028 8061 8027
f 8009 8055 8057
f 8055 8009 8008
f 8058 8063 8056
f 8063 8058 8064
f 8047 8060 8059
f 8060 8047 8046
f 8045 8050 8048
f 8050 8045 8049
f 8018 8010 8007
f 8010 8018 8017
f 8036 8065 8035
f 8065 8036 8066
f 8033 8042 8041
f 8042 8033 8032
f 8066 8062 8065
f 8062 8066 8061
f 8005 8040 8039
f 8040 8005 8004
f 8003 8067 8006
f 8067 8003 8068
f 8068 8069 8067
f 8069 8068 8070
f 8053 8026 8023
f 8026 8053 8052
f 8012 8054 8051
f 8054 8012 8011
f 8064 8038 8063
f 8038 8064 8037
f 8070 7977 8069
f 7977 8070 7975
f 8071 8072 8073
f 8072 8071 8074
f 8075 8074 8071
f 8074 8075 8076
f 8077 8078 8079
f 8078 8077 8080
f 7020 6314 7018
f 6314 7020 6313
f 8073 8081 8082
f 8081 8073 8072
f 8081 8083 8082
f 8083 8081 8084
f 8085 8086 8087
f 8086 8085 8088
f 8089 8090 8091
f 8090 8089 8092
f 8088 8093 8086
f 8093 8088 8094
f 8095 8096 8097
f 8096 8095 8098
f 7052 8076 8075
f 8076 7052 7051
f 8099 8079 8100
f 8079 8099 8077
f 8101 8092 8089
f 8092 8101 8102
f 8103 8104 8105
f 8104 8103 8106
f 8084 8087 8083
f 8087 8084 8085
f 8094 8105 8093
f 8105 8094 8103
f 8080 8107 8078
f 8107 8080 8108
f 8108 8097 8107
f 8097 8108 8095
f 8099 8109 8110
f 8109 8099 8100
f 8098 8101 8096
f 8101 8098 8102
f 8111 8112 8113
f 8112 8111 8114
f 8115 8116 8117
f 8116 8115 8118
f 7050 8104 8106
f 8104 7050 7049
f 8113 8119 8120
f 8119 8113 8112
f 8121 8122 8123
f 8122 8121 8124
f 8125 8123 8126
f 8123 8125 8121
f 8124 8127 8122
f 8127 8124 8128
f 8129 8130 8131
f 8130 8129 8132
f 8091 8132 8129
f 8132 8091 8090
f 8133 8134 8135
f 8134 8133 8136
f 8137 8138 8139
f 8138 8137 8140
f 8131 8136 8133
f 8136 8131 8130
f 8127 8140 8137
f 8140 8127 8128
f 8134 8141 8135
f 8141 8134 8142
f 8142 8143 8141
f 8143 8142 8144
f 8144 8117 8143
f 8117 8144 8115
f 8118 8145 8116
f 8145 8118 8146
f 8146 8119 8145
f 8119 8146 8120
f 8147 8114 8111
f 8114 8147 8148
f 8149 8148 8147
f 8148 8149 8150
f 8151 8152 8153
f 8152 8151 8154
f 8155 8151 8156
f 8151 8155 8154
f 8153 7974 7973
f 7974 8153 8152
f 8157 8158 8159
f 8158 8157 8160
f 8161 8162 8163
f 8162 8161 8164
f 8162 8165 8166
f 8165 8162 8164
f 7902 8167 7901
f 8167 7902 8168
f 7795 8169 8170
f 8169 7795 7796
f 8171 8172 8173
f 8172 8171 8174
f 8166 6258 6255
f 6258 8166 8165
f 8175 7908 7907
f 7908 8175 8176
f 8177 8174 8171
f 8174 8177 8178
f 8179 8180 8181
f 8180 8179 8182
f 8179 8178 8177
f 8178 8179 8181
f 8160 8163 8158
f 8163 8160 8161
f 8182 8183 8180
f 8183 8182 8184
f 8184 8159 8183
f 8159 8184 8157
f 8168 8156 8167
f 8156 8168 8155
f 8185 8186 8187
f 8186 8185 8188
f 6030 8189 6028
f 8189 6030 8190
f 8191 8192 8193
f 8192 8191 8194
f 6321 8195 8196
f 8195 6321 6320
f 8197 8198 8199
f 8198 8197 8200
f 8201 8202 8203
f 8202 8201 8204
f 8196 8205 8206
f 8205 8196 8195
f 8206 8207 8208
f 8207 8206 8205
f 8208 8209 8210
f 8209 8208 8207
f 8211 8212 8213
f 8212 8211 8214
f 8204 8215 8202
f 8215 8204 8216
f 8216 8193 8215
f 8193 8216 8191
f 8217 8214 8211
f 8214 8217 8218
f 8213 8188 8185
f 8188 8213 8212
f 8194 8199 8192
f 8199 8194 8197
f 8219 8220 8221
f 8220 8219 8222
f 8223 8126 8224
f 8126 8223 8125
f 8187 8189 8190
f 8189 8187 8186
f 8201 8218 8217
f 8218 8201 8203
f 8198 8222 8219
f 8222 8198 8200
f 8209 6340 8210
f 6340 8209 6339
f 8221 8225 8226
f 8225 8221 8220
f 8227 8228 8229
f 8228 8227 8230
f 8226 8230 8227
f 8230 8226 8225
f 8229 8231 8232
f 8231 8229 8228
f 8231 8233 8232
f 8233 8231 8234
f 8234 8235 8233
f 8235 8234 8236
f 8236 8237 8235
f 8237 8236 8238
f 8238 6029 8237
f 6029 8238 6027
f 8239 8240 8241
f 8240 8239 8242
f 8243 8244 8245
f 8244 8243 8246
f 8246 8247 8244
f 8247 8246 8248
f 8249 8250 8251
f 8250 8249 8252
f 8253 8254 8255
f 8254 8253 8256
f 8250 8245 8251
f 8245 8250 8243
f 6304 8257 6302
f 8257 6304 8258
f 8241 8252 8249
f 8252 8241 8240
f 8259 8260 8261
f 8260 8259 8262
f 8263 8264 8265
f 8264 8263 8266
f 8267 8268 8269
f 8268 8267 8270
f 8271 8270 8267
f 8270 8271 8272
f 8257 8256 8253
f 8256 8257 8258
f 8173 6230 6227
f 6230 8173 8172
f 6268 8242 8239
f 8242 6268 6267
f 8265 8273 8274
f 8273 8265 8264
f 8275 8266 8263
f 8266 8275 8276
f 8269 8276 8275
f 8276 8269 8268
f 8248 8261 8247
f 8261 8248 8259
f 8262 8273 8260
f 8273 8262 8274
f 8277 8278 8279
f 8278 8277 8280
f 8281 8282 8283
f 8282 8281 8284
f 8285 8284 8281
f 8284 8285 8286
f 8287 8286 8285
f 8286 8287 8288
f 8289 8290 8291
f 8290 8289 8292
f 8289 8288 8287
f 8288 8289 8291
f 8292 8293 8290
f 8293 8292 8294
f 8294 8295 8293
f 8295 8294 8296
f 8296 6303 8295
f 6303 8296 6301
f 8297 8279 8298
f 8279 8297 8277
f 8299 8300 8301
f 8300 8299 8302
f 8271 6266 8272
f 6266 8271 6265
f 8255 8303 8304
f 8303 8255 8254
f 8304 8305 8306
f 8305 8304 8303
f 8306 8307 8308
f 8307 8306 8305
f 8309 8310 8311
f 8310 8309 8312
f 8280 8301 8278
f 8301 8280 8299
f 8313 8300 8302
f 8300 8313 8314
f 8283 8314 8313
f 8314 8283 8282
f 8308 8309 8311
f 8309 8308 8307
f 8312 8298 8310
f 8298 8312 8297
f 8315 8316 8317
f 8316 8315 8318
f 8319 8320 8321
f 8320 8319 8322
f 8322 8224 8320
f 8224 8322 8223
f 6054 6358 6355
f 6358 6054 6053
f 8323 8324 8325
f 8324 8323 8326
f 8326 8327 8324
f 8327 8326 8328
f 8329 8330 8331
f 8330 8329 8332
f 8110 8150 8149
f 8150 8110 8109
f 8139 8333 8334
f 8333 8139 8138
f 8335 8336 8337
f 8336 8335 8338
f 8338 8339 8336
f 8339 8338 8340
f 8317 8327 8328
f 8327 8317 8316
f 8334 8341 8342
f 8341 8334 8333
f 8342 8343 8344
f 8343 8342 8341
f 8340 8345 8339
f 8345 8340 8346
f 8347 8318 8315
f 8318 8347 8348
f 8331 8348 8347
f 8348 8331 8330
f 8319 8332 8329
f 8332 8319 8321
f 8344 8335 8337
f 8335 8344 8343
f 8346 8325 8345
f 8325 8346 8323
f 8349 8350 8351
f 8350 8349 8352
f 8353 8354 8355
f 8354 8353 8356
f 8357 8358 8359
f 8358 8357 8360
f 8361 8353 8362
f 8353 8361 47
f 8353 47 8356
f 8356 47 8363
f 8362 8364 37
f 8364 8362 8353
f 37 8364 8363
f 37 8363 47
f 8365 8366 8367
f 8366 8365 8368
f 8369 8370 47
f 8370 8369 8371
f 8371 8369 8372
f 8371 8372 8373
f 8373 8372 8374
f 8374 8372 8375
f 8375 8372 8376
f 8376 8372 8377
f 8377 8372 8378
f 8378 8372 8379
f 8379 8372 8380
f 8380 8372 8381
f 8381 8372 8382
f 8382 8372 8383
f 8383 8372 8384
f 8384 8372 8385
f 8385 8372 8386
f 8386 8372 8387
f 8387 8372 8388
f 8388 8372 8389
f 8389 8372 8367
f 8367 8372 8031
f 8031 8372 8019
f 8019 8372 7835
f 7835 8372 7729
f 7729 8372 7809
f 7809 8372 8390
f 8390 8372 8391
f 8391 8372 8392
f 8392 8372 8393
f 8393 8372 7905
f 7905 8372 7911
f 7911 8372 8173
f 8173 8372 8275
f 8275 8372 8281
f 8281 8372 6385
f 6385 8372 6277
f 6277 8372 7025
f 7025 8372 8147
f 8147 8372 8347
f 8347 8372 6033
f 6033 8372 6323
f 6323 8372 8213
f 47 8220 37
f 8220 47 8225
f 8225 47 8370
f 8225 8370 8394
f 8225 8394 8395
f 8225 8395 8396
f 8225 8396 8397
f 8225 8397 6016
f 8225 6016 8398
f 8225 8398 8399
f 8225 8399 8054
f 8225 8054 8017
f 8225 8017 7878
f 8225 7878 7756
f 8225 7756 7800
f 8225 7800 8400
f 8225 8400 8401
f 8225 8401 8402
f 8225 8402 7908
f 8225 7908 7930
f 8225 7930 7892
f 8225 7892 6256
f 8225 6256 8242
f 8225 8242 8303
f 8225 8303 6308
f 8225 6308 7016
f 8225 7016 8076
f 8225 8076 8132
f 8225 8132 8333
f 8225 8333 6356
f 8225 6356 8195
f 37 8220 8222
f 37 8222 8200
f 37 8200 8197
f 37 8197 8194
f 37 8194 8191
f 37 8191 8216
f 37 8216 8204
f 37 8204 8201
f 37 8201 8217
f 37 8217 8211
f 37 8211 8213
f 37 8213 8372
f 6320 8225 8195
f 8225 6320 8230
f 8230 6320 6322
f 8230 6322 8228
f 8228 6322 6318
f 8228 6318 8231
f 8231 6318 6315
f 8231 6315 8234
f 8234 6315 6334
f 8234 6334 8236
f 8236 6334 6331
f 8236 6331 8238
f 8238 6331 6350
f 8238 6350 6027
f 6027 6350 6330
f 6027 6330 6030
f 6030 6330 6327
f 6030 6327 8190
f 8190 6327 6345
f 8190 6345 8187
f 8187 6345 6347
f 8187 6347 8185
f 8185 6347 6323
f 8185 6323 8213
f 6358 8195 6356
f 8195 6358 8205
f 8205 6358 6053
f 8205 6053 8207
f 8207 6053 6052
f 8207 6052 8209
f 8209 6052 6048
f 8209 6048 6339
f 6339 6048 6046
f 6339 6046 6335
f 6335 6046 6038
f 6335 6038 6338
f 6338 6038 6035
f 6338 6035 6352
f 6352 6035 6044
f 6352 6044 6341
f 6341 6044 6039
f 6341 6039 6344
f 6344 6039 6041
f 6344 6041 6353
f 6353 6041 6031
f 6353 6031 6325
f 6325 6031 6033
f 6325 6033 6323
f 8138 6356 8333
f 6356 8138 6378
f 6378 8138 8140
f 6378 8140 6362
f 6362 8140 8128
f 6362 8128 6360
f 6360 8128 8124
f 6360 8124 6364
f 6364 8124 8121
f 6364 8121 6366
f 6366 8121 8125
f 6366 8125 6368
f 6368 8125 8223
f 6368 8223 6370
f 6370 8223 8322
f 6370 8322 6372
f 6372 8322 8319
f 6372 8319 6374
f 6374 8319 8329
f 6374 8329 6375
f 6375 8329 8331
f 6375 8331 6050
f 6050 8331 8347
f 6050 8347 6033
f 8090 8333 8132
f 8333 8090 8341
f 8341 8090 8092
f 8341 8092 8343
f 8343 8092 8102
f 8343 8102 8335
f 8335 8102 8098
f 8335 8098 8338
f 8338 8098 8095
f 8338 8095 8340
f 8340 8095 8108
f 8340 8108 8346
f 8346 8108 8080
f 8346 8080 8323
f 8323 8080 8077
f 8323 8077 8326
f 8326 8077 8099
f 8326 8099 8328
f 8328 8099 8110
f 8328 8110 8317
f 8317 8110 8149
f 8317 8149 8315
f 8315 8149 8147
f 8315 8147 8347
f 7051 8132 8076
f 8132 7051 8130
f 8130 7051 7047
f 8130 7047 8136
f 8136 7047 7046
f 8136 7046 8134
f 8134 7046 7043
f 8134 7043 8142
f 8142 7043 7040
f 8142 7040 8144
f 8144 7040 7037
f 8144 7037 8115
f 8115 7037 7036
f 8115 7036 8118
f 8118 7036 7033
f 8118 7033 8146
f 8146 7033 7041
f 8146 7041 8120
f 8120 7041 7021
f 8120 7021 8113
f 8113 7021 7023
f 8113 7023 8111
f 8111 7023 7025
f 8111 7025 8147
f 6305 8076 7016
f 8076 6305 8074
f 8074 6305 6296
f 8074 6296 8072
f 8072 6296 6298
f 8072 6298 8081
f 8081 6298 6299
f 8081 6299 8084
f 8084 6299 6292
f 8084 6292 8085
f 8085 6292 6289
f 8085 6289 8088
f 8088 6289 6288
f 8088 6288 8094
f 8094 6288 6285
f 8094 6285 8103
f 8103 6285 6293
f 8103 6293 8106
f 8106 6293 6283
f 8106 6283 7050
f 7050 6283 6279
f 7050 6279 7027
f 7027 6279 6277
f 7027 6277 7025
f 6310 7016 6308
f 7016 6310 7014
f 7014 6310 6418
f 7014 6418 7032
f 7032 6418 6416
f 7032 6416 7030
f 7030 6416 6414
f 7030 6414 7017
f 7017 6414 6411
f 7017 6411 7020
f 7020 6411 6410
f 7020 6410 6313
f 6313 6410 6396
f 6313 6396 6269
f 6269 6396 6393
f 6269 6393 6272
f 6272 6393 6405
f 6272 6405 6282
f 6282 6405 6401
f 6282 6401 6275
f 6275 6401 6383
f 6275 6383 6273
f 6273 6383 6385
f 6273 6385 6277
f 8254 6308 8303
f 6308 8254 6311
f 6311 8254 8256
f 6311 8256 6392
f 6392 8256 8258
f 6392 8258 6390
f 6390 8258 6304
f 6390 6304 6397
f 6397 6304 6301
f 6397 6301 6400
f 6400 6301 8296
f 6400 8296 6420
f 6420 8296 8294
f 6420 8294 6407
f 6407 8294 8292
f 6407 8292 6379
f 6379 8292 8289
f 6379 8289 6382
f 6382 8289 8287
f 6382 8287 6404
f 6404 8287 8285
f 6404 8285 6388
f 6388 8285 8281
f 6388 8281 6385
f 6267 8303 8242
f 8303 6267 8305
f 8305 6267 6253
f 8305 6253 8307
f 8307 6253 6240
f 8307 6240 8309
f 8309 6240 6226
f 8309 6226 8312
f 8312 6226 6223
f 8312 6223 8297
f 8297 6223 6235
f 8297 6235 8277
f 8277 6235 6261
f 8277 6261 8280
f 8280 6261 6265
f 8280 6265 8299
f 8299 6265 8271
f 8299 8271 8302
f 8302 8271 8267
f 8302 8267 8313
f 8313 8267 8269
f 8313 8269 8283
f 8283 8269 8275
f 8283 8275 8281
f 6258 8242 6256
f 8242 6258 8240
f 8240 6258 8165
f 8240 8165 8252
f 8252 8165 8164
f 8252 8164 8250
f 8250 8164 8161
f 8250 8161 8243
f 8243 8161 8160
f 8243 8160 8246
f 8246 8160 8157
f 8246 8157 8248
f 8248 8157 8184
f 8248 8184 8259
f 8259 8184 8182
f 8259 8182 8262
f 8262 8182 8179
f 8262 8179 8274
f 8274 8179 8177
f 8274 8177 8265
f 8265 8177 8171
f 8265 8171 8263
f 8263 8171 8173
f 8263 8173 8275
f 7951 6256 7892
f 6256 7951 6244
f 6244 7951 7948
f 6244 7948 6242
f 6242 7948 7950
f 6242 7950 6249
f 6249 7950 7955
f 6249 7955 6252
f 6252 7955 7946
f 6252 7946 6263
f 6263 7946 7944
f 6263 7944 6259
f 6259 7944 7942
f 6259 7942 6245
f 6245 7942 7926
f 6245 7926 6248
f 6248 7926 7923
f 6248 7923 6238
f 6238 7923 7921
f 6238 7921 6229
f 6229 7921 7919
f 6229 7919 6227
f 6227 7919 7911
f 6227 7911 8173
f 7974 7892 7930
f 7892 7974 7890
f 7890 7974 8152
f 7890 8152 7909
f 7909 8152 8154
f 7909 8154 7931
f 7931 8154 8155
f 7931 8155 7934
f 7934 8155 8168
f 7934 8168 7972
f 7972 8168 7902
f 7972 7902 7915
f 7915 7902 7900
f 7915 7900 7918
f 7918 7900 7894
f 7918 7894 7936
f 7936 7894 7885
f 7936 7885 7897
f 7897 7885 7887
f 7897 7887 7895
f 7895 7887 7903
f 7895 7903 7913
f 7913 7903 7905
f 7913 7905 7911
f 8176 7930 7908
f 7930 8176 7928
f 7928 8176 8403
f 7928 8403 7937
f 7937 8403 8404
f 7937 8404 7939
f 7939 8404 8405
f 7939 8405 7954
f 7954 8405 8406
f 7954 8406 7958
f 7958 8406 8407
f 7958 8407 7964
f 7964 8407 8408
f 7964 8408 7959
f 7959 8408 8409
f 7959 8409 7962
f 7962 8409 8410
f 7962 8410 7966
f 7966 8410 8411
f 7966 8411 7967
f 7967 8411 8412
f 7967 8412 7969
f 7969 8412 8393
f 7969 8393 7905
f 8413 7908 8402
f 7908 8413 6234
f 6234 8413 8414
f 6234 8414 6232
f 6232 8414 8415
f 6232 8415 8416
f 8416 8415 8417
f 8416 8417 8418
f 8418 8417 8419
f 8418 8419 8420
f 8420 8419 8421
f 8420 8421 8422
f 8422 8421 8423
f 8422 8423 8424
f 8424 8423 8425
f 8424 8425 8426
f 8426 8425 8427
f 8426 8427 8428
f 8428 8427 8429
f 8428 8429 8430
f 8430 8429 8431
f 8430 8431 8432
f 8432 8431 8392
f 8432 8392 8393
f 8433 8402 8401
f 8402 8433 8434
f 8434 8433 8435
f 8434 8435 8436
f 8436 8435 8437
f 8436 8437 8438
f 8438 8437 8439
f 8438 8439 8440
f 8440 8439 8441
f 8440 8441 8442
f 8442 8441 8443
f 8442 8443 8444
f 8444 8443 8445
f 8444 8445 8446
f 8446 8445 8447
f 8446 8447 8448
f 8448 8447 8449
f 8448 8449 8450
f 8450 8449 8451
f 8450 8451 8452
f 8452 8451 8453
f 8452 8453 8454
f 8454 8453 8391
f 8454 8391 8392
f 7821 8401 8400
f 8401 7821 8455
f 8455 7821 7774
f 8455 7774 8456
f 8456 7774 7776
f 8456 7776 8457
f 8457 7776 7762
f 8457 7762 8458
f 8458 7762 7759
f 8458 7759 8459
f 8459 7759 7781
f 8459 7781 8460
f 8460 7781 7783
f 8460 7783 8461
f 8461 7783 7793
f 8461 7793 8462
f 8462 7793 7795
f 8462 7795 8463
f 8463 7795 8170
f 8463 8170 8464
f 8464 8170 8465
f 8464 8465 8466
f 8466 8465 8390
f 8466 8390 8391
f 7802 8400 7800
f 8400 7802 8467
f 8467 7802 7748
f 8467 7748 8468
f 8468 7748 7750
f 8468 7750 8469
f 8469 7750 7815
f 8469 7815 8470
f 8470 7815 7819
f 8470 7819 8471
f 8471 7819 7726
f 8471 7726 8472
f 8472 7726 7723
f 8472 7723 8473
f 8473 7723 7817
f 8473 7817 8474
f 8474 7817 7811
f 8474 7811 8475
f 8475 7811 7813
f 8475 7813 8476
f 8476 7813 7828
f 8476 7828 8477
f 8477 7828 7809
f 8477 7809 8390
f 7798 7800 7756
f 7800 7798 7788
f 7788 7798 7861
f 7788 7861 7786
f 7786 7861 7772
f 7786 7772 7791
f 7791 7772 7766
f 7791 7766 7804
f 7804 7766 7764
f 7804 7764 7805
f 7805 7764 7758
f 7805 7758 7808
f 7808 7758 7754
f 7808 7754 7777
f 7777 7754 7734
f 7777 7734 7780
f 7780 7734 7731
f 7780 7731 7790
f 7790 7731 7742
f 7790 7742 7769
f 7769 7742 7727
f 7769 7727 7767
f 7767 7727 7729
f 7767 7729 7809
f 7880 7756 7878
f 7756 7880 7746
f 7746 7880 7873
f 7746 7873 7744
f 7744 7873 7872
f 7744 7872 7823
f 7823 7872 7852
f 7823 7852 7826
f 7826 7852 7849
f 7826 7849 7830
f 7830 7849 7863
f 7830 7863 7832
f 7832 7863 7846
f 7832 7846 7834
f 7834 7846 7843
f 7834 7843 7751
f 7751 7843 7875
f 7751 7875 7737
f 7737 7875 7867
f 7737 7867 7735
f 7735 7867 7869
f 7735 7869 7739
f 7739 7869 7835
f 7739 7835 7729
f 8000 7878 8017
f 7878 8000 7881
f 7881 8000 8002
f 7881 8002 7884
f 7884 8002 7998
f 7884 7998 7853
f 7853 7998 7988
f 7853 7988 7856
f 7856 7988 7985
f 7856 7985 7858
f 7858 7985 8029
f 7858 8029 7866
f 7866 8029 8043
f 7866 8043 7839
f 7839 8043 8049
f 7839 8049 7842
f 7842 8049 8045
f 7842 8045 7848
f 7848 8045 8047
f 7848 8047 7860
f 7860 8047 8059
f 7860 8059 7837
f 7837 8059 8019
f 7837 8019 7835
f 8011 8017 8054
f 8017 8011 8010
f 8010 8011 7983
f 8010 7983 8008
f 8008 7983 7982
f 8008 7982 8055
f 8055 7982 7979
f 8055 7979 8058
f 8058 7979 7978
f 8058 7978 8064
f 8064 7978 7975
f 8064 7975 8037
f 8037 7975 8070
f 8037 8070 7993
f 7993 8070 8068
f 7993 8068 7996
f 7996 8068 8003
f 7996 8003 7991
f 7991 8003 8005
f 7991 8005 7989
f 7989 8005 8039
f 7989 8039 8021
f 8021 8039 8031
f 8021 8031 8019
f 8478 8054 8399
f 8054 8478 8052
f 8052 8478 8358
f 8052 8358 8026
f 8026 8358 8360
f 8026 8360 8024
f 8024 8360 8479
f 8024 8479 8036
f 8036 8479 8480
f 8036 8480 8066
f 8066 8480 8481
f 8066 8481 8061
f 8061 8481 8482
f 8061 8482 8027
f 8027 8482 8483
f 8027 8483 8013
f 8013 8483 8484
f 8013 8484 8016
f 8016 8484 8485
f 8016 8485 8041
f 8041 8485 8365
f 8041 8365 8033
f 8033 8365 8367
f 8033 8367 8031
f 8486 8399 8398
f 8399 8486 8487
f 8487 8486 8488
f 8487 8488 8489
f 8489 8488 8490
f 8489 8490 8491
f 8491 8490 8492
f 8491 8492 8493
f 8493 8492 8494
f 8493 8494 8495
f 8495 8494 8496
f 8495 8496 8497
f 8497 8496 8498
f 8497 8498 8499
f 8499 8498 8500
f 8499 8500 8349
f 8349 8500 8501
f 8349 8501 8352
f 8352 8501 8502
f 8352 8502 8503
f 8503 8502 8504
f 8503 8504 8505
f 8505 8504 8389
f 8505 8389 8367
f 8506 8398 6016
f 8398 8506 8507
f 8507 8506 8508
f 8507 8508 8509
f 8509 8508 8510
f 8509 8510 8511
f 8511 8510 8512
f 8511 8512 8513
f 8513 8512 8514
f 8513 8514 8515
f 8515 8514 8516
f 8515 8516 8517
f 8517 8516 8518
f 8517 8518 8519
f 8519 8518 8520
f 8519 8520 8521
f 8521 8520 8522
f 8521 8522 8523
f 8523 8522 8524
f 8523 8524 8525
f 8525 8524 8526
f 8525 8526 8527
f 8527 8526 8388
f 8527 8388 8389
f 8528 6016 8397
f 6016 8528 6014
f 6014 8528 8529
f 6014 8529 6017
f 6017 8529 8530
f 6017 8530 6023
f 6023 8530 8531
f 6023 8531 6026
f 6026 8531 8532
f 6026 8532 6019
f 6019 8532 8533
f 6019 8533 6022
f 6022 8533 8534
f 6022 8534 8535
f 8535 8534 8536
f 8535 8536 8537
f 8537 8536 8538
f 8537 8538 8539
f 8539 8538 8540
f 8539 8540 8541
f 8541 8540 8542
f 8541 8542 8543
f 8543 8542 8387
f 8543 8387 8388
f 8544 8397 8396
f 8397 8544 8545
f 8545 8544 8546
f 8545 8546 8547
f 8547 8546 8548
f 8547 8548 8549
f 8549 8548 8550
f 8549 8550 8551
f 8551 8550 8552
f 8551 8552 8553
f 8553 8552 8554
f 8553 8554 8555
f 8555 8554 8556
f 8555 8556 8557
f 8557 8556 8558
f 8557 8558 8559
f 8559 8558 8560
f 8559 8560 8561
f 8561 8560 8562
f 8561 8562 8563
f 8563 8562 8564
f 8563 8564 8565
f 8565 8564 8386
f 8565 8386 8387
f 8566 8396 8395
f 8396 8566 8567
f 8567 8566 8568
f 8567 8568 8569
f 8569 8568 8570
f 8569 8570 8571
f 8571 8570 8572
f 8571 8572 8573
f 8573 8572 8574
f 8573 8574 8575
f 8575 8574 8576
f 8575 8576 8577
f 8577 8576 8578
f 8577 8578 8579
f 8579 8578 8580
f 8579 8580 8581
f 8581 8580 8582
f 8581 8582 8583
f 8583 8582 8584
f 8583 8584 8585
f 8585 8584 8586
f 8585 8586 8587
f 8587 8586 8385
f 8587 8385 8386
f 8588 8395 8394
f 8395 8588 8589
f 8589 8588 8590
f 8589 8590 8591
f 8591 8590 8592
f 8591 8592 8593
f 8593 8592 8594
f 8593 8594 8595
f 8595 8594 8596
f 8595 8596 8597
f 8597 8596 8598
f 8597 8598 8599
f 8599 8598 8600
f 8599 8600 8601
f 8601 8600 8602
f 8601 8602 8603
f 8603 8602 8604
f 8603 8604 8605
f 8605 8604 8606
f 8605 8606 8607
f 8607 8606 8608
f 8607 8608 8609
f 8609 8608 8384
f 8609 8384 8385
f 8610 8394 8370
f 8394 8610 8611
f 8611 8610 8612
f 8611 8612 8613
f 8613 8612 8614
f 8613 8614 8615
f 8615 8614 8616
f 8615 8616 8617
f 8617 8616 8618
f 8617 8618 8619
f 8619 8618 8620
f 8619 8620 8621
f 8621 8620 8622
f 8621 8622 8623
f 8623 8622 8624
f 8623 8624 8625
f 8625 8624 8626
f 8625 8626 8627
f 8627 8626 8628
f 8627 8628 8629
f 8629 8628 8630
f 8629 8630 8631
f 8631 8630 8383
f 8631 8383 8384
f 8503 8350 8352
f 8350 8503 8632
f 8633 8397 8634
f 8397 8633 8528
f 8482 8635 8636
f 8635 8482 8481
f 8634 8545 8637
f 8545 8634 8397
f 3034 8638 8639
f 8638 3034 8372
f 8638 8372 8640
f 8640 8372 8354
f 8639 8355 8369
f 8355 8639 8638
f 8369 8355 8354
f 8369 8354 8372
f 8363 8638 8640
f 8638 8363 8364
f 8356 8226 8354
f 8226 8356 8221
f 8221 8356 8363
f 8221 8363 8219
f 8219 8363 8198
f 8198 8363 8199
f 8199 8363 8192
f 8192 8363 8193
f 8193 8363 8215
f 8215 8363 8202
f 8202 8363 8203
f 8203 8363 8218
f 8218 8363 8214
f 8214 8363 8212
f 8212 8363 6326
f 6326 8363 6032
f 6032 8363 8348
f 8348 8363 8148
f 8148 8363 7028
f 7028 8363 6278
f 6278 8363 6384
f 6384 8363 8284
f 8284 8363 8276
f 8276 8363 8172
f 8172 8363 7914
f 7914 8363 7904
f 7904 8363 8641
f 8641 8363 8642
f 8642 8363 8643
f 8643 8363 8644
f 8644 8363 7810
f 7810 8363 7728
f 7728 8363 7838
f 7838 8363 8022
f 8022 8363 8034
f 8034 8363 8366
f 8366 8363 8645
f 8645 8363 8646
f 8646 8363 8647
f 8647 8363 8648
f 8648 8363 8649
f 8649 8363 8650
f 8650 8363 8651
f 8354 8652 8640
f 8652 8354 8653
f 8653 8354 8226
f 8653 8226 8196
f 8653 8196 6357
f 8653 6357 8334
f 8653 8334 8129
f 8653 8129 8075
f 8653 8075 7013
f 8653 7013 6309
f 8653 6309 8304
f 8653 8304 8239
f 8653 8239 6257
f 8653 6257 7889
f 8653 7889 7927
f 8653 7927 7907
f 8653 7907 8654
f 8653 8654 8655
f 8653 8655 8656
f 8653 8656 7801
f 8653 7801 7755
f 8653 7755 7879
f 8653 7879 8018
f 8653 8018 8051
f 8653 8051 8657
f 8653 8657 8658
f 8653 8658 6013
f 8653 6013 8634
f 8653 8634 8659
f 8653 8659 8660
f 8653 8660 8661
f 8640 8652 8662
f 8640 8662 8663
f 8640 8663 8664
f 8640 8664 8665
f 8640 8665 8666
f 8640 8666 8667
f 8640 8667 8668
f 8640 8668 8669
f 8640 8669 8670
f 8640 8670 8671
f 8640 8671 8651
f 8640 8651 8363
f 8672 8653 8661
f 8653 8672 8673
f 8673 8672 8674
f 8673 8674 8675
f 8675 8674 8676
f 8675 8676 8677
f 8677 8676 8678
f 8677 8678 8679
f 8679 8678 8680
f 8679 8680 8681
f 8681 8680 8682
f 8681 8682 8683
f 8683 8682 8684
f 8683 8684 8685
f 8685 8684 8686
f 8685 8686 8687
f 8687 8686 8688
f 8687 8688 8689
f 8689 8688 8690
f 8689 8690 8691
f 8691 8690 8692
f 8691 8692 8693
f 8693 8692 8650
f 8693 8650 8651
f 8694 8661 8660
f 8661 8694 8695
f 8695 8694 8696
f 8695 8696 8697
f 8697 8696 8698
f 8697 8698 8699
f 8699 8698 8700
f 8699 8700 8701
f 8701 8700 8702
f 8701 8702 8703
f 8703 8702 8704
f 8703 8704 8705
f 8705 8704 8706
f 8705 8706 8707
f 8707 8706 8708
f 8707 8708 8709
f 8709 8708 8710
f 8709 8710 8711
f 8711 8710 8712
f 8711 8712 8713
f 8713 8712 8714
f 8713 8714 8715
f 8715 8714 8649
f 8715 8649 8650
f 8716 8660 8659
f 8660 8716 8717
f 8717 8716 8718
f 8717 8718 8719
f 8719 8718 8720
f 8719 8720 8721
f 8721 8720 8722
f 8721 8722 8723
f 8723 8722 8724
f 8723 8724 8725
f 8725 8724 8726
f 8725 8726 8727
f 8727 8726 8728
f 8727 8728 8729
f 8729 8728 8730
f 8729 8730 8731
f 8731 8730 8732
f 8731 8732 8733
f 8733 8732 8734
f 8733 8734 8735
f 8735 8734 8736
f 8735 8736 8737
f 8737 8736 8648
f 8737 8648 8649
f 8637 8659 8634
f 8659 8637 8738
f 8738 8637 8739
f 8738 8739 8740
f 8740 8739 8741
f 8740 8741 8742
f 8742 8741 8743
f 8742 8743 8744
f 8744 8743 8745
f 8744 8745 8746
f 8746 8745 8747
f 8746 8747 8748
f 8748 8747 8749
f 8748 8749 8750
f 8750 8749 8751
f 8750 8751 8752
f 8752 8751 8753
f 8752 8753 8754
f 8754 8753 8755
f 8754 8755 8756
f 8756 8755 8757
f 8756 8757 8758
f 8758 8757 8647
f 8758 8647 8648
f 6015 8634 6013
f 8634 6015 8633
f 8633 6015 6018
f 8633 6018 8759
f 8759 6018 6025
f 8759 6025 8760
f 8760 6025 6024
f 8760 6024 8761
f 8761 6024 6021
f 8761 6021 8762
f 8762 6021 6020
f 8762 6020 8763
f 8763 6020 8764
f 8763 8764 8765
f 8765 8764 8766
f 8765 8766 8767
f 8767 8766 8768
f 8767 8768 8769
f 8769 8768 8770
f 8769 8770 8771
f 8771 8770 8772
f 8771 8772 8773
f 8773 8772 8646
f 8773 8646 8647
f 8774 6013 8658
f 6013 8774 8775
f 8775 8774 8776
f 8775 8776 8777
f 8777 8776 8778
f 8777 8778 8779
f 8779 8778 8780
f 8779 8780 8781
f 8781 8780 8782
f 8781 8782 8783
f 8783 8782 8784
f 8783 8784 8785
f 8785 8784 8786
f 8785 8786 8787
f 8787 8786 8788
f 8787 8788 8789
f 8789 8788 8790
f 8789 8790 8791
f 8791 8790 8792
f 8791 8792 8793
f 8793 8792 8794
f 8793 8794 8795
f 8795 8794 8645
f 8795 8645 8646
f 8796 8658 8657
f 8658 8796 8797
f 8797 8796 8798
f 8797 8798 8799
f 8799 8798 8800
f 8799 8800 8801
f 8801 8800 8802
f 8801 8802 8803
f 8803 8802 8804
f 8803 8804 8805
f 8805 8804 8806
f 8805 8806 8807
f 8807 8806 8808
f 8807 8808 8809
f 8809 8808 8351
f 8809 8351 8810
f 8810 8351 8350
f 8810 8350 8811
f 8811 8350 8632
f 8811 8632 8812
f 8812 8632 8813
f 8812 8813 8814
f 8814 8813 8366
f 8814 8366 8645
f 8053 8657 8051
f 8657 8053 8815
f 8815 8053 8023
f 8815 8023 8359
f 8359 8023 8025
f 8359 8025 8357
f 8357 8025 8035
f 8357 8035 8816
f 8816 8035 8065
f 8816 8065 8817
f 8817 8065 8062
f 8817 8062 8635
f 8635 8062 8028
f 8635 8028 8636
f 8636 8028 8015
f 8636 8015 8818
f 8818 8015 8014
f 8818 8014 8819
f 8819 8014 8042
f 8819 8042 8820
f 8820 8042 8032
f 8820 8032 8368
f 8368 8032 8034
f 8368 8034 8366
f 8007 8051 8018
f 8051 8007 8012
f 8012 8007 8009
f 8012 8009 7984
f 7984 8009 8057
f 7984 8057 7980
f 7980 8057 8056
f 7980 8056 7981
f 7981 8056 8063
f 7981 8063 7976
f 7976 8063 8038
f 7976 8038 7977
f 7977 8038 7995
f 7977 7995 8069
f 8069 7995 7994
f 8069 7994 8067
f 8067 7994 7990
f 8067 7990 8006
f 8006 7990 7992
f 8006 7992 8004
f 8004 7992 8020
f 8004 8020 8040
f 8040 8020 8022
f 8040 8022 8034
f 7882 8018 7879
f 8018 7882 8001
f 8001 7882 7883
f 8001 7883 7999
f 7999 7883 7855
f 7999 7855 7997
f 7997 7855 7854
f 7997 7854 7986
f 7986 7854 7857
f 7986 7857 7987
f 7987 7857 7865
f 7987 7865 8030
f 8030 7865 7841
f 8030 7841 8044
f 8044 7841 7840
f 8044 7840 8050
f 8050 7840 7847
f 8050 7847 8048
f 8048 7847 7859
f 8048 7859 8046
f 8046 7859 7836
f 8046 7836 8060
f 8060 7836 7838
f 8060 7838 8022
f 7743 7879 7755
f 7879 7743 7877
f 7877 7743 7745
f 7877 7745 7874
f 7874 7745 7824
f 7874 7824 7871
f 7871 7824 7825
f 7871 7825 7850
f 7850 7825 7829
f 7850 7829 7851
f 7851 7829 7831
f 7851 7831 7864
f 7864 7831 7833
f 7864 7833 7844
f 7844 7833 7752
f 7844 7752 7845
f 7845 7752 7736
f 7845 7736 7876
f 7876 7736 7738
f 7876 7738 7870
f 7870 7738 7740
f 7870 7740 7868
f 7868 7740 7728
f 7868 7728 7838
f 7785 7755 7801
f 7755 7785 7797
f 7797 7785 7787
f 7797 7787 7862
f 7862 7787 7792
f 7862 7792 7771
f 7771 7792 7803
f 7771 7803 7765
f 7765 7803 7807
f 7765 7807 7763
f 7763 7807 7806
f 7763 7806 7757
f 7757 7806 7779
f 7757 7779 7753
f 7753 7779 7778
f 7753 7778 7732
f 7732 7778 7789
f 7732 7789 7733
f 7733 7789 7768
f 7733 7768 7741
f 7741 7768 7770
f 7741 7770 7730
f 7730 7770 7810
f 7730 7810 7728
f 8821 7801 8656
f 7801 8821 7799
f 7799 8821 8822
f 7799 8822 7749
f 7749 8822 8823
f 7749 8823 7747
f 7747 8823 8824
f 7747 8824 7816
f 7816 8824 8825
f 7816 8825 7820
f 7820 8825 8826
f 7820 8826 7724
f 7724 8826 8827
f 7724 8827 7725
f 7725 8827 8828
f 7725 8828 7818
f 7818 8828 8829
f 7818 8829 7814
f 7814 8829 8830
f 7814 8830 7812
f 7812 8830 8831
f 7812 8831 7827
f 7827 8831 8644
f 7827 8644 7810
f 8832 8656 8655
f 8656 8832 7822
f 7822 8832 8833
f 7822 8833 7775
f 7775 8833 8834
f 7775 8834 7773
f 7773 8834 8835
f 7773 8835 7760
f 7760 8835 8836
f 7760 8836 7761
f 7761 8836 8837
f 7761 8837 7782
f 7782 8837 8838
f 7782 8838 7784
f 7784 8838 8839
f 7784 8839 7794
f 7794 8839 8840
f 7794 8840 7796
f 7796 8840 8841
f 7796 8841 8169
f 8169 8841 8842
f 8169 8842 8843
f 8843 8842 8643
f 8843 8643 8644
f 8844 8655 8654
f 8655 8844 8845
f 8845 8844 8846
f 8845 8846 8847
f 8847 8846 8848
f 8847 8848 8849
f 8849 8848 8850
f 8849 8850 8851
f 8851 8850 8852
f 8851 8852 8853
f 8853 8852 8854
f 8853 8854 8855
f 8855 8854 8856
f 8855 8856 8857
f 8857 8856 8858
f 8857 8858 8859
f 8859 8858 8860
f 8859 8860 8861
f 8861 8860 8862
f 8861 8862 8863
f 8863 8862 8864
f 8863 8864 8865
f 8865 8864 8642
f 8865 8642 8643
f 6231 8654 7907
f 8654 6231 8866
f 8866 6231 6233
f 8866 6233 8867
f 8867 6233 8868
f 8867 8868 8869
f 8869 8868 8870
f 8869 8870 8871
f 8871 8870 8872
f 8871 8872 8873
f 8873 8872 8874
f 8873 8874 8875
f 8875 8874 8876
f 8875 8876 8877
f 8877 8876 8878
f 8877 8878 8879
f 8879 8878 8880
f 8879 8880 8881
f 8881 8880 8882
f 8881 8882 8883
f 8883 8882 8884
f 8883 8884 8885
f 8885 8884 8641
f 8885 8641 8642
f 7929 7907 7927
f 7907 7929 8175
f 8175 7929 7938
f 8175 7938 8886
f 8886 7938 7940
f 8886 7940 8887
f 8887 7940 7953
f 8887 7953 8888
f 8888 7953 7957
f 8888 7957 8889
f 8889 7957 7963
f 8889 7963 8890
f 8890 7963 7961
f 8890 7961 8891
f 8891 7961 7960
f 8891 7960 8892
f 8892 7960 7965
f 8892 7965 8893
f 8893 7965 7968
f 8893 7968 8894
f 8894 7968 7970
f 8894 7970 8895
f 8895 7970 7904
f 8895 7904 8641
f 7891 7927 7889
f 7927 7891 7973
f 7973 7891 7910
f 7973 7910 8153
f 8153 7910 7933
f 8153 7933 8151
f 8151 7933 7932
f 8151 7932 8156
f 8156 7932 7971
f 8156 7971 8167
f 8167 7971 7917
f 8167 7917 7901
f 7901 7917 7916
f 7901 7916 7899
f 7899 7916 7935
f 7899 7935 7893
f 7893 7935 7896
f 7893 7896 7888
f 7888 7896 7898
f 7888 7898 7886
f 7886 7898 7912
f 7886 7912 7906
f 7906 7912 7914
f 7906 7914 7904
f 6241 7889 6257
f 7889 6241 7952
f 7952 6241 6243
f 7952 6243 7949
f 7949 6243 6251
f 7949 6251 7947
f 7947 6251 6250
f 7947 6250 7956
f 7956 6250 6264
f 7956 6264 7945
f 7945 6264 6260
f 7945 6260 7943
f 7943 6260 6247
f 7943 6247 7941
f 7941 6247 6246
f 7941 6246 7925
f 7925 6246 6237
f 7925 6237 7924
f 7924 6237 6228
f 7924 6228 7922
f 7922 6228 6230
f 7922 6230 7920
f 7920 6230 8172
f 7920 8172 7914
f 8241 6257 8239
f 6257 8241 6255
f 6255 8241 8249
f 6255 8249 8166
f 8166 8249 8251
f 8166 8251 8162
f 8162 8251 8245
f 8162 8245 8163
f 8163 8245 8244
f 8163 8244 8158
f 8158 8244 8247
f 8158 8247 8159
f 8159 8247 8261
f 8159 8261 8183
f 8183 8261 8260
f 8183 8260 8180
f 8180 8260 8273
f 8180 8273 8181
f 8181 8273 8264
f 8181 8264 8178
f 8178 8264 8266
f 8178 8266 8174
f 8174 8266 8276
f 8174 8276 8172
f 8306 8239 8304
f 8239 8306 6268
f 6268 8306 8308
f 6268 8308 6254
f 6254 8308 8311
f 6254 8311 6239
f 6239 8311 8310
f 6239 8310 6224
f 6224 8310 8298
f 6224 8298 6225
f 6225 8298 8279
f 6225 8279 6236
f 6236 8279 8278
f 6236 8278 6262
f 6262 8278 8301
f 6262 8301 6266
f 6266 8301 8300
f 6266 8300 8272
f 8272 8300 8314
f 8272 8314 8270
f 8270 8314 8282
f 8270 8282 8268
f 8268 8282 8284
f 8268 8284 8276
f 6312 8304 6309
f 8304 6312 8255
f 8255 6312 6389
f 8255 6389 8253
f 8253 6389 6391
f 8253 6391 8257
f 8257 6391 6399
f 8257 6399 6302
f 6302 6399 6398
f 6302 6398 6303
f 6303 6398 6419
f 6303 6419 8295
f 8295 6419 6408
f 8295 6408 8293
f 8293 6408 6381
f 8293 6381 8290
f 8290 6381 6380
f 8290 6380 8291
f 8291 6380 6403
f 8291 6403 8288
f 8288 6403 6387
f 8288 6387 8286
f 8286 6387 6384
f 8286 6384 8284
f 7015 6309 7013
f 6309 7015 6307
f 6307 7015 7029
f 6307 7029 6417
f 6417 7029 7031
f 6417 7031 6415
f 6415 7031 7019
f 6415 7019 6412
f 6412 7019 7018
f 6412 7018 6413
f 6413 7018 6314
f 6413 6314 6409
f 6409 6314 6271
f 6409 6271 6394
f 6394 6271 6270
f 6394 6270 6395
f 6395 6270 6281
f 6395 6281 6406
f 6406 6281 6274
f 6406 6274 6402
f 6402 6274 6276
f 6402 6276 6386
f 6386 6276 6278
f 6386 6278 6384
f 8071 7013 8075
f 7013 8071 6306
f 6306 8071 8073
f 6306 8073 6297
f 6297 8073 8082
f 6297 8082 6295
f 6295 8082 8083
f 6295 8083 6300
f 6300 8083 8087
f 6300 8087 6290
f 6290 8087 8086
f 6290 8086 6291
f 6291 8086 8093
f 6291 8093 6286
f 6286 8093 8105
f 6286 8105 6287
f 6287 8105 8104
f 6287 8104 6294
f 6294 8104 7049
f 6294 7049 6284
f 6284 7049 7026
f 6284 7026 6280
f 6280 7026 7028
f 6280 7028 6278
f 8131 8075 8129
f 8075 8131 7052
f 7052 8131 8133
f 7052 8133 7048
f 7048 8133 8135
f 7048 8135 7044
f 7044 8135 8141
f 7044 8141 7045
f 7045 8141 8143
f 7045 8143 7038
f 7038 8143 8117
f 7038 8117 7039
f 7039 8117 8116
f 7039 8116 7034
f 7034 8116 8145
f 7034 8145 7035
f 7035 8145 8119
f 7035 8119 7042
f 7042 8119 8112
f 7042 8112 7024
f 7024 8112 8114
f 7024 8114 7022
f 7022 8114 8148
f 7022 8148 7028
f 8342 8129 8334
f 8129 8342 8091
f 8091 8342 8344
f 8091 8344 8089
f 8089 8344 8337
f 8089 8337 8101
f 8101 8337 8336
f 8101 8336 8096
f 8096 8336 8339
f 8096 8339 8097
f 8097 8339 8345
f 8097 8345 8107
f 8107 8345 8325
f 8107 8325 8078
f 8078 8325 8324
f 8078 8324 8079
f 8079 8324 8327
f 8079 8327 8100
f 8100 8327 8316
f 8100 8316 8109
f 8109 8316 8318
f 8109 8318 8150
f 8150 8318 8348
f 8150 8348 8148
f 6377 8334 6357
f 8334 6377 8139
f 8139 6377 6359
f 8139 6359 8137
f 8137 6359 6361
f 8137 6361 8127
f 8127 6361 6363
f 8127 6363 8122
f 8122 6363 6365
f 8122 6365 8123
f 8123 6365 6367
f 8123 6367 8126
f 8126 6367 6369
f 8126 6369 8224
f 8224 6369 6371
f 8224 6371 8320
f 8320 6371 6373
f 8320 6373 8321
f 8321 6373 6376
f 8321 6376 8332
f 8332 6376 6049
f 8332 6049 8330
f 8330 6049 6032
f 8330 6032 8348
f 8206 6357 8196
f 6357 8206 6355
f 6355 8206 8208
f 6355 8208 6054
f 6054 8208 8210
f 6054 8210 6051
f 6051 8210 6340
f 6051 6340 6047
f 6047 6340 6337
f 6047 6337 6045
f 6045 6337 6336
f 6045 6336 6036
f 6036 6336 6351
f 6036 6351 6037
f 6037 6351 6343
f 6037 6343 6043
f 6043 6343 6342
f 6043 6342 6042
f 6042 6342 6354
f 6042 6354 6040
f 6040 6354 6324
f 6040 6324 6034
f 6034 6324 6326
f 6034 6326 6032
f 8227 8196 8226
f 8196 8227 6321
f 6321 8227 8229
f 6321 8229 6319
f 6319 8229 8232
f 6319 8232 6316
f 6316 8232 8233
f 6316 8233 6317
f 6317 8233 8235
f 6317 8235 6332
f 6332 8235 8237
f 6332 8237 6333
f 6333 8237 6029
f 6333 6029 6349
f 6349 6029 6028
f 6349 6028 6328
f 6328 6028 8189
f 6328 8189 6329
f 6329 8189 8186
f 6329 8186 6348
f 6348 8186 8188
f 6348 8188 6346
f 6346 8188 8212
f 6346 8212 6326
f 8481 8817 8635
f 8817 8481 8480
f 8497 8808 8806
f 8808 8497 8499
f 8355 7478 8353
f 7478 8355 7476
f 7476 8355 8638
f 7476 8638 7508
f 7508 8638 7505
f 7505 8638 7455
f 7455 8638 7435
f 7435 8638 7438
f 7438 8638 7486
f 7486 8638 7417
f 7417 8638 7420
f 7420 8638 7453
f 7453 8638 7451
f 7451 8638 7449
f 7449 8638 7447
f 7447 8638 7310
f 7310 8638 7295
f 7295 8638 7173
f 7173 8638 7242
f 7242 8638 6009
f 6009 8638 6132
f 6132 8638 6184
f 6184 8638 6152
f 6152 8638 7422
f 7422 8638 7010
f 7010 8638 6981
f 6981 8638 6891
f 6891 8638 6790
f 6790 8638 6805
f 6805 8638 6752
f 6752 8638 6757
f 6757 8638 6610
f 6610 8638 6626
f 6626 8638 6565
f 6565 8638 6439
f 6439 8638 6483
f 6483 8638 7386
f 7386 8638 7109
f 7109 8638 7155
f 7155 8638 7687
f 7687 8638 7713
f 7713 8638 7523
f 7523 8638 7574
f 8353 7576 8364
f 7576 8353 7612
f 7612 8353 7478
f 7612 7478 7458
f 7612 7458 7379
f 7612 7379 7338
f 7612 7338 7226
f 7612 7226 7207
f 7612 7207 6070
f 7612 6070 6098
f 7612 6098 6188
f 7612 6188 6148
f 7612 6148 7600
f 7612 7600 6914
f 7612 6914 6888
f 7612 6888 6931
f 7612 6931 6862
f 7612 6862 6844
f 7612 6844 6672
f 7612 6672 6708
f 7612 6708 6748
f 7612 6748 6641
f 7612 6641 6608
f 7612 6608 6472
f 7612 6472 6424
f 7612 6424 6526
f 7612 6526 7118
f 7612 7118 7068
f 7612 7068 7680
f 7612 7680 7636
f 7612 7636 7606
f 8364 7576 7578
f 8364 7578 7550
f 8364 7550 7516
f 8364 7516 7513
f 8364 7513 7525
f 8364 7525 7613
f 8364 7613 7554
f 8364 7554 7551
f 8364 7551 7535
f 8364 7535 7537
f 8364 7537 7574
f 8364 7574 8638
f 7608 7612 7606
f 7612 7608 7562
f 7562 7608 7610
f 7562 7610 7560
f 7560 7610 7684
f 7560 7684 7621
f 7621 7684 7721
f 7621 7721 7631
f 7631 7721 7594
f 7631 7594 7615
f 7615 7594 7591
f 7615 7591 7618
f 7618 7591 7520
f 7618 7520 7563
f 7563 7520 7517
f 7563 7517 7555
f 7555 7517 7558
f 7558 7517 7565
f 7558 7565 7543
f 7543 7565 7567
f 7543 7567 7521
f 7543 7521 7541
f 7541 7521 7523
f 7541 7523 7574
f 7670 7606 7636
f 7606 7670 7604
f 7604 7670 7672
f 7604 7672 7602
f 7602 7672 7640
f 7602 7640 7539
f 7539 7640 7637
f 7539 7637 7527
f 7527 7637 7644
f 7527 7644 7530
f 7530 7644 7641
f 7530 7641 7596
f 7596 7641 7689
f 7596 7689 7531
f 7531 7689 7699
f 7531 7699 7534
f 7534 7699 7589
f 7589 7699 7711
f 7589 7711 7587
f 7587 7711 7691
f 7587 7691 7693
f 7587 7693 7586
f 7586 7693 7713
f 7586 7713 7523
f 7682 7636 7680
f 7636 7682 7634
f 7634 7682 7157
f 7634 7157 7710
f 7710 7157 7128
f 7710 7128 7708
f 7708 7128 7126
f 7708 7126 7695
f 7695 7126 7084
f 7695 7084 7698
f 7698 7084 7081
f 7698 7081 7705
f 7705 7081 7674
f 7705 7674 7701
f 7701 7674 7664
f 7701 7664 7704
f 7704 7664 7720
f 7720 7664 7645
f 7720 7645 7718
f 7718 7645 7647
f 7718 7647 7685
f 7718 7685 7715
f 7715 7685 7687
f 7715 7687 7713
f 7074 7680 7068
f 7680 7074 7678
f 7678 7074 7076
f 7678 7076 7676
f 7676 7076 7140
f 7676 7140 7667
f 7667 7140 7122
f 7667 7122 7661
f 7661 7122 7119
f 7661 7119 7657
f 7657 7119 7123
f 7657 7123 7660
f 7660 7123 7145
f 7660 7145 7666
f 7666 7145 7106
f 7666 7106 7653
f 7653 7106 7656
f 7656 7106 7103
f 7656 7103 7651
f 7651 7103 7069
f 7651 7069 7071
f 7651 7071 7649
f 7649 7071 7155
f 7649 7155 7687
f 7161 7068 7118
f 7068 7161 7066
f 7066 7161 7135
f 7066 7135 7154
f 7154 7135 7134
f 7154 7134 7057
f 7057 7134 7131
f 7057 7131 7060
f 7060 7131 7090
f 7060 7090 7086
f 7086 7090 7087
f 7086 7087 7077
f 7077 7087 7099
f 7077 7099 7080
f 7080 7099 7094
f 7080 7094 7138
f 7138 7094 7148
f 7148 7094 7091
f 7148 7091 7097
f 7097 7091 7102
f 7097 7102 7108
f 7097 7108 7095
f 7095 7108 7109
f 7095 7109 7155
f 6491 7118 6526
f 7118 6491 7064
f 7064 6491 6430
f 7064 6430 7062
f 7062 6430 6432
f 7062 6432 7113
f 7113 6432 6436
f 7113 6436 7116
f 7116 6436 6433
f 7116 6433 7130
f 7130 6433 7163
f 7130 7163 7160
f 7160 7163 7165
f 7160 7165 7149
f 7149 7165 7056
f 7149 7056 7152
f 7152 7056 7143
f 7143 7056 7053
f 7143 7053 7141
f 7141 7053 7287
f 7141 7287 7289
f 7141 7289 7111
f 7111 7289 7386
f 7111 7386 7109
f 6530 6526 6424
f 6526 6530 6514
f 6514 6530 6521
f 6514 6521 6512
f 6512 6521 6494
f 6512 6494 6065
f 6065 6494 6468
f 6065 6468 6068
f 6068 6468 6465
f 6068 6465 7389
f 7389 6465 6515
f 7389 6515 7387
f 7387 6515 6508
f 7387 6508 7351
f 7351 6508 6428
f 7351 6428 7349
f 7349 6428 7301
f 7301 6428 6425
f 7301 6425 7299
f 7299 6425 6510
f 7299 6510 6481
f 7299 6481 7345
f 7345 6481 6483
f 7345 6483 7386
f 6474 6424 6472
f 6424 6474 6422
f 6422 6474 6476
f 6422 6476 6460
f 6460 6476 6490
f 6460 6490 6458
f 6458 6490 6597
f 6458 6597 6485
f 6485 6597 6496
f 6485 6496 6488
f 6488 6496 6456
f 6488 6456 6506
f 6506 6456 6453
f 6506 6453 6527
f 6527 6453 6502
f 6527 6502 6449
f 6449 6502 6452
f 6452 6502 6477
f 6452 6477 6519
f 6519 6477 6479
f 6519 6479 6437
f 6519 6437 6517
f 6517 6437 6439
f 6517 6439 6483
f 6554 6472 6608
f 6472 6554 6470
f 6470 6554 6556
f 6470 6556 6464
f 6464 6556 6558
f 6464 6558 6462
f 6462 6558 6635
f 6462 6635 6445
f 6445 6635 6616
f 6445 6616 6448
f 6448 6616 6584
f 6448 6584 6441
f 6441 6584 6581
f 6441 6581 6444
f 6444 6581 6552
f 6444 6552 6503
f 6503 6552 6499
f 6499 6552 6549
f 6499 6549 6497
f 6497 6549 6618
f 6497 6618 6563
f 6497 6563 6524
f 6524 6563 6565
f 6524 6565 6439
f 6586 6608 6641
f 6608 6586 6606
f 6606 6586 6588
f 6606 6588 6624
f 6624 6588 6538
f 6624 6538 6619
f 6619 6538 6535
f 6619 6535 6622
f 6622 6535 6643
f 6622 6643 6627
f 6627 6643 6596
f 6627 6596 6630
f 6630 6596 6572
f 6630 6572 6633
f 6633 6572 6546
f 6633 6546 6559
f 6559 6546 6562
f 6562 6546 6543
f 6562 6543 6639
f 6639 6543 6567
f 6639 6567 6569
f 6639 6569 6590
f 6590 6569 6626
f 6590 6626 6565
f 6680 6641 6748
f 6641 6680 6638
f 6638 6680 6682
f 6638 6682 6580
f 6580 6682 6750
f 6580 6750 6578
f 6578 6750 6666
f 6578 6666 6611
f 6611 6666 6542
f 6611 6542 6614
f 6614 6542 6539
f 6614 6539 6632
f 6632 6539 6547
f 6632 6547 6573
f 6573 6547 6591
f 6573 6591 6576
f 6576 6591 6533
f 6533 6591 6593
f 6533 6593 6531
f 6531 6593 6602
f 6531 6602 6604
f 6531 6604 6599
f 6599 6604 6610
f 6599 6610 6626
f 6710 6748 6708
f 6748 6710 6678
f 6678 6710 6712
f 6678 6712 6664
f 6664 6712 6716
f 6664 6716 6662
f 6662 6716 6713
f 6662 6713 6653
f 6653 6713 6676
f 6653 6676 6656
f 6656 6676 6673
f 6656 6673 6657
f 6657 6673 6683
f 6657 6683 6660
f 6660 6683 6722
f 6660 6722 6668
f 6668 6722 6718
f 6718 6722 6719
f 6718 6719 6651
f 6651 6719 6685
f 6651 6685 6687
f 6651 6687 6649
f 6649 6687 6757
f 6649 6757 6610
f 6724 6708 6672
f 6708 6724 6706
f 6706 6724 6726
f 6706 6726 6704
f 6704 6726 6728
f 6704 6728 6702
f 6702 6728 6729
f 6702 6729 6755
f 6755 6729 6733
f 6755 6733 6699
f 6699 6733 6738
f 6699 6738 6697
f 6697 6738 6735
f 6697 6735 6693
f 6693 6735 6739
f 6693 6739 6696
f 6696 6739 6732
f 6732 6739 6741
f 6732 6741 6691
f 6691 6741 6743
f 6691 6743 6746
f 6691 6746 6689
f 6689 6746 6752
f 6689 6752 6757
f 6846 6672 6844
f 6672 6846 6670
f 6670 6846 6836
f 6670 6836 6759
f 6759 6836 6838
f 6759 6838 6833
f 6833 6838 6853
f 6833 6853 6817
f 6817 6853 6860
f 6817 6860 6820
f 6820 6860 6857
f 6820 6857 6826
f 6826 6857 6764
f 6826 6764 6840
f 6840 6764 6761
f 6840 6761 6829
f 6829 6761 6647
f 6647 6761 6841
f 6647 6841 6645
f 6645 6841 6868
f 6645 6868 6803
f 6645 6803 6754
f 6754 6803 6805
f 6754 6805 6752
f 6780 6844 6862
f 6844 6780 6847
f 6847 6780 6782
f 6847 6782 6874
f 6874 6782 6784
f 6874 6784 6872
f 6872 6784 6863
f 6872 6863 6869
f 6869 6863 6788
f 6869 6788 6827
f 6827 6788 6785
f 6827 6785 6811
f 6811 6785 6810
f 6811 6810 6814
f 6814 6810 6807
f 6814 6807 6821
f 6821 6807 6824
f 6824 6807 6765
f 6824 6765 6831
f 6831 6765 6767
f 6831 6767 6770
f 6831 6770 6816
f 6816 6770 6790
f 6816 6790 6805
f 6896 6862 6931
f 6862 6896 6778
f 6778 6896 6898
f 6778 6898 6776
f 6776 6898 6950
f 6776 6950 6771
f 6771 6950 6916
f 6771 6916 6774
f 6774 6916 6886
f 6774 6886 6802
f 6802 6886 6794
f 6802 6794 6856
f 6856 6794 6791
f 6856 6791 6865
f 6865 6791 6795
f 6865 6795 6849
f 6849 6795 6852
f 6852 6795 6923
f 6852 6923 6799
f 6799 6923 6925
f 6799 6925 6942
f 6799 6942 6797
f 6797 6942 6891
f 6797 6891 6790
f 6890 6931 6888
f 6931 6890 6962
f 6962 6890 6908
f 6962 6908 6960
f 6960 6908 6910
f 6960 6910 6945
f 6945 6910 6935
f 6945 6935 6927
f 6927 6935 6940
f 6927 6940 6930
f 6930 6940 6937
f 6930 6937 6954
f 6954 6937 6943
f 6954 6943 6958
f 6958 6943 6902
f 6958 6902 6986
f 6986 6902 6988
f 6988 6902 6899
f 6988 6899 6984
f 6984 6899 6956
f 6984 6956 6979
f 6984 6979 6893
f 6893 6979 6981
f 6893 6981 6891
f 6922 6888 6914
f 6888 6922 6884
f 6884 6922 6948
f 6884 6948 6882
f 6882 6948 6964
f 6882 6964 6880
f 6880 6964 6970
f 6880 6970 6917
f 6917 6970 6968
f 6917 6968 6920
f 6920 6968 6965
f 6920 6965 6934
f 6934 6965 6971
f 6934 6971 6875
f 6875 6971 6973
f 6875 6973 6878
f 6878 6973 6905
f 6905 6973 6975
f 6905 6975 6903
f 6903 6975 6978
f 6903 6978 7006
f 6903 7006 6951
f 6951 7006 7010
f 6951 7010 6981
f 7629 6914 7600
f 6914 7629 6912
f 6912 7629 7624
f 6912 7624 7004
f 7004 7624 7626
f 7004 7626 6993
f 6993 7626 7627
f 6993 7627 6996
f 6996 7627 7502
f 6996 7502 7002
f 7002 7502 7499
f 7002 7499 7007
f 7007 7499 7509
f 7007 7509 6997
f 6997 7509 7511
f 6997 7511 7000
f 7000 7511 7012
f 7012 7511 7397
f 7012 7397 6991
f 6991 7397 7399
f 6991 7399 7402
f 6991 7402 6989
f 6989 7402 7422
f 6989 7422 7010
f 6170 7600 6148
f 7600 6170 7598
f 7598 6170 6172
f 7598 6172 7619
f 7619 6172 6174
f 7619 6174 7581
f 7581 6174 6175
f 7581 6175 7584
f 7584 6175 6208
f 7584 6208 7579
f 7579 6208 6178
f 7579 6178 7571
f 7571 6178 6136
f 7571 6136 7545
f 7545 6136 6133
f 7545 6133 7548
f 7548 6133 7570
f 7570 6133 6149
f 7570 6149 7426
f 7426 6149 6137
f 7426 6137 6139
f 7426 6139 7424
f 7424 6139 6152
f 7424 6152 7422
f 6198 6148 6188
f 6148 6198 6146
f 6146 6198 6204
f 6146 6204 6167
f 6167 6204 6206
f 6167 6206 6163
f 6163 6206 6118
f 6163 6118 6166
f 6166 6118 6115
f 6166 6115 6161
f 6161 6115 6121
f 6161 6121 6157
f 6157 6121 6192
f 6157 6192 6160
f 6160 6192 6189
f 6160 6189 6141
f 6141 6189 6144
f 6144 6189 6209
f 6144 6209 6156
f 6156 6209 6179
f 6156 6179 6181
f 6156 6181 6154
f 6154 6181 6184
f 6154 6184 6152
f 6095 6188 6098
f 6188 6095 6186
f 6186 6095 6078
f 6186 6078 6222
f 6222 6078 6080
f 6222 6080 6219
f 6219 6080 6081
f 6219 6081 6199
f 6199 6081 6083
f 6199 6083 6202
f 6202 6083 6126
f 6202 6126 6217
f 6217 6126 6106
f 6217 6106 6193
f 6193 6106 6103
f 6193 6103 6196
f 6196 6103 6216
f 6216 6103 6123
f 6216 6123 6214
f 6214 6123 6107
f 6214 6107 6109
f 6214 6109 6212
f 6212 6109 6132
f 6212 6132 6184
f 6072 6098 6070
f 6098 6072 6094
f 6094 6072 6061
f 6094 6061 6092
f 6092 6061 6058
f 6092 6058 6089
f 6089 6058 6055
f 6089 6055 6085
f 6085 6055 6059
f 6085 6059 6088
f 6088 6059 6063
f 6088 6063 6100
f 6100 6063 6102
f 6100 6102 6119
f 6119 6102 6008
f 6119 6008 6111
f 6111 6008 6114
f 6114 6008 6003
f 6114 6003 6129
f 6129 6003 6005
f 6129 6005 6076
f 6129 6076 6127
f 6127 6076 6009
f 6127 6009 6132
f 7194 6070 7207
f 6070 7194 6073
f 6073 7194 7196
f 6073 7196 7251
f 7251 7196 7254
f 7251 7254 7275
f 7275 7254 7218
f 7275 7218 7179
f 7179 7218 7215
f 7179 7215 7182
f 7182 7215 7227
f 7182 7227 7270
f 7270 7227 7273
f 7270 7273 7197
f 7197 7273 7186
f 7197 7186 7200
f 7200 7186 7245
f 7245 7186 7183
f 7245 7183 7243
f 7243 7183 7201
f 7243 7201 7203
f 7243 7203 6011
f 6011 7203 7242
f 6011 7242 6009
f 7258 7207 7226
f 7207 7258 7268
f 7268 7258 7271
f 7268 7271 7266
f 7266 7271 7262
f 7266 7262 7264
f 7264 7262 7259
f 7264 7259 7233
f 7233 7259 7178
f 7233 7178 7236
f 7236 7178 7175
f 7236 7175 7205
f 7205 7175 7278
f 7205 7278 7191
f 7191 7278 7170
f 7191 7170 7187
f 7187 7170 7190
f 7190 7170 7167
f 7190 7167 7231
f 7231 7167 7209
f 7231 7209 7171
f 7231 7171 7229
f 7229 7171 7173
f 7229 7173 7242
f 7325 7226 7338
f 7226 7325 7224
f 7224 7325 7306
f 7224 7306 7222
f 7222 7306 7308
f 7222 7308 7279
f 7279 7308 7393
f 7279 7393 7255
f 7255 7393 7324
f 7255 7324 7247
f 7247 7324 7318
f 7247 7318 7250
f 7250 7318 7315
f 7250 7315 7237
f 7237 7315 7381
f 7237 7381 7240
f 7240 7381 7220
f 7220 7381 7353
f 7220 7353 7213
f 7213 7353 7355
f 7213 7355 7347
f 7213 7347 7211
f 7211 7347 7295
f 7211 7295 7173
f 7375 7338 7379
f 7338 7375 7336
f 7336 7375 7282
f 7336 7282 7383
f 7383 7282 7284
f 7383 7284 7359
f 7359 7284 7285
f 7359 7285 7362
f 7362 7285 7339
f 7362 7339 7367
f 7367 7339 7391
f 7367 7391 7370
f 7370 7391 7344
f 7370 7344 7377
f 7377 7344 7341
f 7377 7341 7363
f 7363 7341 7366
f 7366 7341 7371
f 7366 7371 7304
f 7304 7371 7291
f 7304 7291 7293
f 7304 7293 7297
f 7297 7293 7310
f 7297 7310 7295
f 7503 7379 7458
f 7379 7503 7396
f 7396 7503 7428
f 7396 7428 7334
f 7334 7428 7430
f 7334 7430 7332
f 7332 7430 7410
f 7332 7410 7358
f 7358 7410 7407
f 7358 7407 7374
f 7374 7407 7411
f 7374 7411 7319
f 7319 7411 7492
f 7319 7492 7322
f 7322 7492 7442
f 7322 7442 7329
f 7329 7442 7313
f 7313 7442 7439
f 7313 7439 7311
f 7311 7439 7444
f 7311 7444 7445
f 7311 7445 7327
f 7327 7445 7447
f 7327 7447 7310
f 7480 7458 7478
f 7458 7480 7416
f 7416 7480 7484
f 7416 7484 7414
f 7414 7484 7490
f 7414 7490 7463
f 7463 7490 7487
f 7463 7487 7466
f 7466 7487 7434
f 7466 7434 7496
f 7496 7434 7431
f 7496 7431 7467
f 7467 7431 7406
f 7467 7406 7470
f 7470 7406 7403
f 7470 7403 7497
f 7497 7403 7461
f 7461 7403 7481
f 7461 7481 7459
f 7459 7481 7471
f 7459 7471 7473
f 7459 7473 7493
f 7493 7473 7449
f 7493 7449 7447
f 8483 8636 8818
f 8636 8483 8482
f 8359 8478 8815
f 8478 8359 8358
f 8637 8547 8739
f 8547 8637 8545
f 8657 8487 8796
f 8487 8657 8399
f 8493 8804 8802
f 8804 8493 8495
f 8362 8372 3034
f 8372 8362 37
f 8484 8818 8819
f 8818 8484 8483
f 8739 8549 8741
f 8549 8739 8547
f 8549 8743 8741
f 8743 8549 8551
f 8551 8745 8743
f 8745 8551 8553
f 8553 8747 8745
f 8747 8553 8555
f 8361 7611 8639
f 7611 8361 7577
f 7577 8361 8362
f 7577 8362 7575
f 7575 8362 7549
f 7549 8362 7514
f 7514 8362 7515
f 7515 8362 7526
f 7526 8362 7614
f 7614 8362 7552
f 7552 8362 7553
f 7553 8362 7538
f 7538 8362 7536
f 7536 8362 7573
f 7573 8362 7522
f 7522 8362 7716
f 7716 8362 7686
f 7686 8362 7156
f 7156 8362 7112
f 7112 8362 7385
f 7385 8362 6482
f 6482 8362 6438
f 6438 8362 6564
f 6564 8362 6625
f 6625 8362 6609
f 6609 8362 6758
f 6758 8362 6751
f 6751 8362 6804
f 6804 8362 6789
f 6789 8362 6894
f 6894 8362 6980
f 6980 8362 7009
f 7009 8362 7421
f 7421 8362 6151
f 6151 8362 6183
f 6183 8362 6131
f 6131 8362 6012
f 6012 8362 7241
f 7241 8362 7172
f 7172 8362 7298
f 7298 8362 7309
f 7309 8362 7446
f 7446 8362 7452
f 8639 7477 3034
f 7477 8639 7475
f 7475 8639 7611
f 7475 7611 7603
f 7475 7603 7633
f 7475 7633 7679
f 7475 7679 7065
f 7475 7065 7117
f 7475 7117 6525
f 7475 6525 6421
f 7475 6421 6471
f 7475 6471 6605
f 7475 6605 6642
f 7475 6642 6747
f 7475 6747 6705
f 7475 6705 6669
f 7475 6669 6845
f 7475 6845 6861
f 7475 6861 6932
f 7475 6932 6889
f 7475 6889 6911
f 7475 6911 7597
f 7475 7597 6145
f 7475 6145 6185
f 7475 6185 6097
f 7475 6097 6071
f 7475 6071 7208
f 7475 7208 7225
f 7475 7225 7335
f 7475 7335 7380
f 7475 7380 7457
f 3034 7477 7507
f 3034 7507 7506
f 3034 7506 7456
f 3034 7456 7437
f 3034 7437 7436
f 3034 7436 7485
f 3034 7485 7419
f 3034 7419 7418
f 3034 7418 7454
f 3034 7454 7450
f 3034 7450 7452
f 3034 7452 8362
f 7413 7475 7457
f 7475 7413 7479
f 7479 7413 7415
f 7479 7415 7483
f 7483 7415 7465
f 7483 7465 7488
f 7488 7465 7464
f 7488 7464 7489
f 7489 7464 7495
f 7489 7495 7432
f 7432 7495 7469
f 7432 7469 7433
f 7433 7469 7468
f 7433 7468 7404
f 7404 7468 7498
f 7404 7498 7405
f 7405 7498 7460
f 7405 7460 7482
f 7482 7460 7462
f 7482 7462 7474
f 7474 7462 7494
f 7474 7494 7472
f 7472 7494 7446
f 7472 7446 7452
f 7395 7457 7380
f 7457 7395 7504
f 7504 7395 7331
f 7504 7331 7429
f 7429 7331 7333
f 7429 7333 7427
f 7427 7333 7357
f 7427 7357 7408
f 7408 7357 7373
f 7408 7373 7409
f 7409 7373 7321
f 7409 7321 7412
f 7412 7321 7320
f 7412 7320 7491
f 7491 7320 7330
f 7491 7330 7440
f 7440 7330 7312
f 7440 7312 7441
f 7441 7312 7314
f 7441 7314 7443
f 7443 7314 7328
f 7443 7328 7448
f 7448 7328 7309
f 7448 7309 7446
f 7337 7380 7335
f 7380 7337 7376
f 7376 7337 7384
f 7376 7384 7283
f 7283 7384 7361
f 7283 7361 7281
f 7281 7361 7360
f 7281 7360 7286
f 7286 7360 7369
f 7286 7369 7340
f 7340 7369 7368
f 7340 7368 7392
f 7392 7368 7378
f 7392 7378 7342
f 7342 7378 7365
f 7342 7365 7343
f 7343 7365 7364
f 7343 7364 7372
f 7372 7364 7303
f 7372 7303 7294
f 7294 7303 7296
f 7294 7296 7292
f 7292 7296 7298
f 7292 7298 7309
f 7221 7335 7225
f 7335 7221 7326
f 7326 7221 7223
f 7326 7223 7307
f 7307 7223 7280
f 7307 7280 7305
f 7305 7280 7256
f 7305 7256 7394
f 7394 7256 7249
f 7394 7249 7323
f 7323 7249 7248
f 7323 7248 7316
f 7316 7248 7239
f 7316 7239 7317
f 7317 7239 7238
f 7317 7238 7382
f 7382 7238 7219
f 7382 7219 7356
f 7356 7219 7212
f 7356 7212 7354
f 7354 7212 7214
f 7354 7214 7348
f 7348 7214 7172
f 7348 7172 7298
f 7267 7225 7208
f 7225 7267 7257
f 7257 7267 7263
f 7257 7263 7272
f 7272 7263 7265
f 7272 7265 7260
f 7260 7265 7235
f 7260 7235 7261
f 7261 7235 7234
f 7261 7234 7176
f 7176 7234 7206
f 7176 7206 7177
f 7177 7206 7192
f 7177 7192 7277
f 7277 7192 7189
f 7277 7189 7168
f 7168 7189 7188
f 7168 7188 7169
f 7169 7188 7230
f 7169 7230 7210
f 7210 7230 7232
f 7210 7232 7174
f 7174 7232 7241
f 7174 7241 7172
f 6074 7208 6071
f 7208 6074 7195
f 7195 6074 7252
f 7195 7252 7193
f 7193 7252 7276
f 7193 7276 7253
f 7253 7276 7181
f 7253 7181 7216
f 7216 7181 7180
f 7216 7180 7217
f 7217 7180 7269
f 7217 7269 7228
f 7228 7269 7199
f 7228 7199 7274
f 7274 7199 7198
f 7274 7198 7184
f 7184 7198 7244
f 7184 7244 7185
f 7185 7244 7246
f 7185 7246 7204
f 7204 7246 6010
f 7204 6010 7202
f 7202 6010 6012
f 7202 6012 7241
f 6093 6071 6097
f 6071 6093 6069
f 6069 6093 6091
f 6069 6091 6062
f 6062 6091 6090
f 6062 6090 6056
f 6056 6090 6087
f 6056 6087 6057
f 6057 6087 6086
f 6057 6086 6060
f 6060 6086 6099
f 6060 6099 6064
f 6064 6099 6120
f 6064 6120 6101
f 6101 6120 6113
f 6101 6113 6007
f 6007 6113 6112
f 6007 6112 6006
f 6006 6112 6128
f 6006 6128 6004
f 6004 6128 6130
f 6004 6130 6075
f 6075 6130 6131
f 6075 6131 6012
f 6187 6097 6185
f 6097 6187 6096
f 6096 6187 6221
f 6096 6221 6079
f 6079 6221 6220
f 6079 6220 6077
f 6077 6220 6201
f 6077 6201 6082
f 6082 6201 6200
f 6082 6200 6084
f 6084 6200 6218
f 6084 6218 6125
f 6125 6218 6195
f 6125 6195 6104
f 6104 6195 6194
f 6104 6194 6105
f 6105 6194 6215
f 6105 6215 6124
f 6124 6215 6213
f 6124 6213 6110
f 6110 6213 6211
f 6110 6211 6108
f 6108 6211 6183
f 6108 6183 6131
f 6147 6185 6145
f 6185 6147 6197
f 6197 6147 6168
f 6197 6168 6203
f 6203 6168 6165
f 6203 6165 6205
f 6205 6165 6164
f 6205 6164 6116
f 6116 6164 6162
f 6116 6162 6117
f 6117 6162 6159
f 6117 6159 6122
f 6122 6159 6158
f 6122 6158 6190
f 6190 6158 6143
f 6190 6143 6191
f 6191 6143 6142
f 6191 6142 6210
f 6210 6142 6155
f 6210 6155 6182
f 6182 6155 6153
f 6182 6153 6180
f 6180 6153 6151
f 6180 6151 6183
f 7599 6145 7597
f 6145 7599 6169
f 6169 7599 7620
f 6169 7620 6171
f 6171 7620 7583
f 6171 7583 6173
f 6173 7583 7582
f 6173 7582 6176
f 6176 7582 7580
f 6176 7580 6207
f 6207 7580 7572
f 6207 7572 6177
f 6177 7572 7547
f 6177 7547 6134
f 6134 7547 7546
f 6134 7546 6135
f 6135 7546 7569
f 6135 7569 6150
f 6150 7569 7425
f 6150 7425 6140
f 6140 7425 7423
f 6140 7423 6138
f 6138 7423 7421
f 6138 7421 6151
f 6913 7597 6911
f 7597 6913 7630
f 7630 6913 7003
f 7630 7003 7625
f 7625 7003 6995
f 7625 6995 7623
f 7623 6995 6994
f 7623 6994 7628
f 7628 6994 7001
f 7628 7001 7500
f 7500 7001 7008
f 7500 7008 7501
f 7501 7008 6999
f 7501 6999 7510
f 7510 6999 6998
f 7510 6998 7512
f 7512 6998 7011
f 7512 7011 7400
f 7400 7011 6990
f 7400 6990 7398
f 7398 6990 6992
f 7398 6992 7401
f 7401 6992 7009
f 7401 7009 7421
f 6883 6911 6889
f 6911 6883 6921
f 6921 6883 6879
f 6921 6879 6947
f 6947 6879 6881
f 6947 6881 6963
f 6963 6881 6919
f 6963 6919 6969
f 6969 6919 6918
f 6969 6918 6966
f 6966 6918 6933
f 6966 6933 6967
f 6967 6933 6877
f 6967 6877 6972
f 6972 6877 6876
f 6972 6876 6974
f 6974 6876 6904
f 6974 6904 6976
f 6976 6904 6906
f 6976 6906 6977
f 6977 6906 6952
f 6977 6952 7005
f 7005 6952 6980
f 7005 6980 7009
f 6959 6889 6932
f 6889 6959 6887
f 6887 6959 6961
f 6887 6961 6909
f 6909 6961 6946
f 6909 6946 6907
f 6907 6946 6929
f 6907 6929 6936
f 6936 6929 6928
f 6936 6928 6938
f 6938 6928 6953
f 6938 6953 6939
f 6939 6953 6957
f 6939 6957 6944
f 6944 6957 6985
f 6944 6985 6900
f 6900 6985 6987
f 6900 6987 6901
f 6901 6987 6983
f 6901 6983 6955
f 6955 6983 6892
f 6955 6892 6982
f 6982 6892 6894
f 6982 6894 6980
f 6775 6932 6861
f 6932 6775 6897
f 6897 6775 6777
f 6897 6777 6895
f 6895 6777 6773
f 6895 6773 6949
f 6949 6773 6772
f 6949 6772 6915
f 6915 6772 6801
f 6915 6801 6885
f 6885 6801 6855
f 6885 6855 6792
f 6792 6855 6866
f 6792 6866 6793
f 6793 6866 6851
f 6793 6851 6796
f 6796 6851 6850
f 6796 6850 6926
f 6926 6850 6798
f 6926 6798 6924
f 6924 6798 6800
f 6924 6800 6941
f 6941 6800 6789
f 6941 6789 6894
f 6848 6861 6845
f 6861 6848 6781
f 6781 6848 6871
f 6781 6871 6779
f 6779 6871 6873
f 6779 6873 6783
f 6783 6873 6870
f 6783 6870 6864
f 6864 6870 6828
f 6864 6828 6786
f 6786 6828 6813
f 6786 6813 6787
f 6787 6813 6812
f 6787 6812 6808
f 6808 6812 6823
f 6808 6823 6809
f 6809 6823 6822
f 6809 6822 6768
f 6768 6822 6832
f 6768 6832 6766
f 6766 6832 6815
f 6766 6815 6769
f 6769 6815 6804
f 6769 6804 6789
f 6671 6845 6669
f 6845 6671 6843
f 6843 6671 6760
f 6843 6760 6837
f 6837 6760 6834
f 6837 6834 6835
f 6835 6834 6819
f 6835 6819 6854
f 6854 6819 6818
f 6854 6818 6858
f 6858 6818 6825
f 6858 6825 6859
f 6859 6825 6839
f 6859 6839 6762
f 6762 6839 6830
f 6762 6830 6763
f 6763 6830 6646
f 6763 6646 6842
f 6842 6646 6648
f 6842 6648 6867
f 6867 6648 6753
f 6867 6753 6806
f 6806 6753 6751
f 6806 6751 6804
f 6707 6669 6705
f 6669 6707 6723
f 6723 6707 6701
f 6723 6701 6727
f 6727 6701 6703
f 6727 6703 6725
f 6725 6703 6756
f 6725 6756 6730
f 6730 6756 6700
f 6730 6700 6734
f 6734 6700 6698
f 6734 6698 6736
f 6736 6698 6695
f 6736 6695 6737
f 6737 6695 6694
f 6737 6694 6740
f 6740 6694 6731
f 6740 6731 6744
f 6744 6731 6690
f 6744 6690 6742
f 6742 6690 6692
f 6742 6692 6745
f 6745 6692 6758
f 6745 6758 6751
f 6677 6705 6747
f 6705 6677 6709
f 6709 6677 6661
f 6709 6661 6711
f 6711 6661 6663
f 6711 6663 6714
f 6714 6663 6655
f 6714 6655 6715
f 6715 6655 6654
f 6715 6654 6674
f 6674 6654 6659
f 6674 6659 6675
f 6675 6659 6658
f 6675 6658 6684
f 6684 6658 6667
f 6684 6667 6720
f 6720 6667 6717
f 6720 6717 6721
f 6721 6717 6650
f 6721 6650 6688
f 6688 6650 6652
f 6688 6652 6686
f 6686 6652 6609
f 6686 6609 6758
f 6637 6747 6642
f 6747 6637 6681
f 6681 6637 6577
f 6681 6577 6679
f 6679 6577 6579
f 6679 6579 6749
f 6749 6579 6613
f 6749 6613 6665
f 6665 6613 6612
f 6665 6612 6540
f 6540 6612 6631
f 6540 6631 6541
f 6541 6631 6575
f 6541 6575 6548
f 6548 6575 6574
f 6548 6574 6592
f 6592 6574 6532
f 6592 6532 6594
f 6594 6532 6534
f 6594 6534 6601
f 6601 6534 6600
f 6601 6600 6603
f 6603 6600 6625
f 6603 6625 6609
f 6607 6642 6605
f 6642 6607 6587
f 6587 6607 6623
f 6587 6623 6585
f 6585 6623 6621
f 6585 6621 6536
f 6536 6621 6620
f 6536 6620 6537
f 6537 6620 6629
f 6537 6629 6644
f 6644 6629 6628
f 6644 6628 6595
f 6595 6628 6634
f 6595 6634 6571
f 6571 6634 6561
f 6571 6561 6544
f 6544 6561 6560
f 6544 6560 6545
f 6545 6560 6640
f 6545 6640 6570
f 6570 6640 6589
f 6570 6589 6568
f 6568 6589 6564
f 6568 6564 6625
f 6469 6605 6471
f 6605 6469 6555
f 6555 6469 6461
f 6555 6461 6553
f 6553 6461 6463
f 6553 6463 6557
f 6557 6463 6447
f 6557 6447 6636
f 6636 6447 6446
f 6636 6446 6615
f 6615 6446 6443
f 6615 6443 6582
f 6582 6443 6442
f 6582 6442 6583
f 6583 6442 6504
f 6583 6504 6550
f 6550 6504 6498
f 6550 6498 6551
f 6551 6498 6500
f 6551 6500 6617
f 6617 6500 6523
f 6617 6523 6566
f 6566 6523 6438
f 6566 6438 6564
f 6423 6471 6421
f 6471 6423 6475
f 6475 6423 6457
f 6475 6457 6473
f 6473 6457 6459
f 6473 6459 6489
f 6489 6459 6487
f 6489 6487 6598
f 6598 6487 6486
f 6598 6486 6495
f 6495 6486 6505
f 6495 6505 6454
f 6454 6505 6528
f 6454 6528 6455
f 6455 6528 6451
f 6455 6451 6501
f 6501 6451 6450
f 6501 6450 6480
f 6480 6450 6518
f 6480 6518 6478
f 6478 6518 6520
f 6478 6520 6440
f 6440 6520 6482
f 6440 6482 6438
f 6511 6421 6525
f 6421 6511 6529
f 6529 6511 6513
f 6529 6513 6522
f 6522 6513 6067
f 6522 6067 6493
f 6493 6067 6066
f 6493 6066 6466
f 6466 6066 7390
f 6466 7390 6467
f 6467 7390 7388
f 6467 7388 6516
f 6516 7388 7352
f 6516 7352 6507
f 6507 7352 7350
f 6507 7350 6426
f 6426 7350 7300
f 6426 7300 6427
f 6427 7300 7302
f 6427 7302 6509
f 6509 7302 7346
f 6509 7346 6484
f 6484 7346 7385
f 6484 7385 6482
f 7061 6525 7117
f 6525 7061 6492
f 6492 7061 7063
f 6492 7063 6431
f 6431 7063 7115
f 6431 7115 6429
f 6429 7115 7114
f 6429 7114 6434
f 6434 7114 7129
f 6434 7129 6435
f 6435 7129 7159
f 6435 7159 7164
f 7164 7159 7151
f 7164 7151 7166
f 7166 7151 7150
f 7166 7150 7054
f 7054 7150 7142
f 7054 7142 7055
f 7055 7142 7144
f 7055 7144 7290
f 7290 7144 7110
f 7290 7110 7288
f 7288 7110 7112
f 7288 7112 7385
f 7067 7117 7065
f 7117 7067 7162
f 7162 7067 7153
f 7162 7153 7136
f 7136 7153 7059
f 7136 7059 7132
f 7132 7059 7058
f 7132 7058 7133
f 7133 7058 7085
f 7133 7085 7088
f 7088 7085 7079
f 7088 7079 7089
f 7089 7079 7078
f 7089 7078 7100
f 7100 7078 7137
f 7100 7137 7092
f 7092 7137 7147
f 7092 7147 7093
f 7093 7147 7096
f 7093 7096 7101
f 7101 7096 7098
f 7101 7098 7107
f 7107 7098 7156
f 7107 7156 7112
f 7677 7065 7679
f 7065 7677 7075
f 7075 7677 7675
f 7075 7675 7073
f 7073 7675 7668
f 7073 7668 7139
f 7139 7668 7662
f 7139 7662 7120
f 7120 7662 7659
f 7120 7659 7121
f 7121 7659 7658
f 7121 7658 7124
f 7124 7658 7665
f 7124 7665 7146
f 7146 7665 7655
f 7146 7655 7104
f 7104 7655 7654
f 7104 7654 7105
f 7105 7654 7650
f 7105 7650 7072
f 7072 7650 7652
f 7072 7652 7070
f 7070 7652 7686
f 7070 7686 7156
f 7635 7679 7633
f 7679 7635 7681
f 7681 7635 7707
f 7681 7707 7158
f 7158 7707 7709
f 7158 7709 7127
f 7127 7709 7697
f 7127 7697 7125
f 7125 7697 7696
f 7125 7696 7082
f 7082 7696 7706
f 7082 7706 7083
f 7083 7706 7703
f 7083 7703 7673
f 7673 7703 7702
f 7673 7702 7663
f 7663 7702 7719
f 7663 7719 7648
f 7648 7719 7717
f 7648 7717 7646
f 7646 7717 7714
f 7646 7714 7688
f 7688 7714 7716
f 7688 7716 7686
f 7605 7633 7603
f 7633 7605 7671
f 7671 7605 7601
f 7671 7601 7669
f 7669 7601 7540
f 7669 7540 7638
f 7638 7540 7529
f 7638 7529 7639
f 7639 7529 7528
f 7639 7528 7642
f 7642 7528 7595
f 7642 7595 7643
f 7643 7595 7533
f 7643 7533 7690
f 7690 7533 7532
f 7690 7532 7700
f 7700 7532 7588
f 7700 7588 7712
f 7712 7588 7590
f 7712 7590 7694
f 7694 7590 7585
f 7694 7585 7692
f 7692 7585 7522
f 7692 7522 7716
f 7559 7603 7611
f 7603 7559 7607
f 7607 7559 7561
f 7607 7561 7609
f 7609 7561 7622
f 7609 7622 7683
f 7683 7622 7632
f 7683 7632 7722
f 7722 7632 7617
f 7722 7617 7592
f 7592 7617 7616
f 7592 7616 7593
f 7593 7616 7564
f 7593 7564 7518
f 7518 7564 7557
f 7518 7557 7519
f 7519 7557 7556
f 7519 7556 7568
f 7568 7556 7542
f 7568 7542 7566
f 7566 7542 7544
f 7566 7544 7524
f 7524 7544 7573
f 7524 7573 7522
f 8555 8749 8747
f 8749 8555 8557
f 8491 8802 8800
f 8802 8491 8493
f 8815 8399 8657
f 8399 8815 8478
f 8505 8632 8503
f 8632 8505 8813
f 8798 8491 8800
f 8491 8798 8489
f 8495 8806 8804
f 8806 8495 8497
f 8499 8351 8808
f 8351 8499 8349
f 8484 8820 8485
f 8820 8484 8819
f 8796 8489 8798
f 8489 8796 8487
f 8480 8816 8817
f 8816 8480 8479
f 8485 8368 8365
f 8368 8485 8820
f 8479 8357 8816
f 8357 8479 8360
f 8367 8813 8505
f 8813 8367 8366
f 47 8639 8369
f 8639 47 8361
f 8564 8648 8386
f 8648 8564 8758
f 8533 8762 8763
f 8762 8533 8532
f 8560 8756 8562
f 8756 8560 8754
f 8560 8752 8754
f 8752 8560 8558
f 8558 8750 8752
f 8750 8558 8556
f 8556 8748 8750
f 8748 8556 8554
f 8738 8396 8659
f 8396 8738 8544
f 8550 8742 8744
f 8742 8550 8548
f 8740 8544 8738
f 8544 8740 8546
f 8557 8751 8749
f 8751 8557 8559
f 8531 8760 8761
f 8760 8531 8530
f 8573 8724 8722
f 8724 8573 8575
f 8717 8395 8660
f 8395 8717 8566
f 8660 8589 8694
f 8589 8660 8395
f 8696 8593 8698
f 8593 8696 8591
f 8694 8591 8696
f 8591 8694 8589
f 8595 8702 8700
f 8702 8595 8597
f 8571 8722 8720
f 8722 8571 8573
f 8593 8700 8698
f 8700 8593 8595
f 8599 8706 8704
f 8706 8599 8601
f 8538 8771 8540
f 8771 8538 8769
f 8603 8710 8708
f 8710 8603 8605
f 8716 8569 8718
f 8569 8716 8567
f 8540 8773 8542
f 8773 8540 8771
f 8718 8571 8720
f 8571 8718 8569
f 8742 8546 8740
f 8546 8742 8548
f 8607 8710 8605
f 8710 8607 8712
f 8759 8528 8633
f 8528 8759 8529
f 8554 8746 8748
f 8746 8554 8552
f 8760 8529 8759
f 8529 8760 8530
f 8659 8567 8716
f 8567 8659 8396
f 8577 8728 8726
f 8728 8577 8579
f 8585 8732 8583
f 8732 8585 8734
f 8609 8712 8607
f 8712 8609 8714
f 8385 8714 8609
f 8714 8385 8649
f 8586 8649 8385
f 8649 8586 8737
f 8584 8737 8586
f 8737 8584 8735
f 8582 8735 8584
f 8735 8582 8733
f 8542 8647 8387
f 8647 8542 8773
f 8552 8744 8746
f 8744 8552 8550
f 8559 8753 8751
f 8753 8559 8561
f 8538 8767 8769
f 8767 8538 8536
f 8387 8757 8565
f 8757 8387 8647
f 8579 8730 8728
f 8730 8579 8581
f 8597 8704 8702
f 8704 8597 8599
f 8582 8731 8733
f 8731 8582 8580
f 8601 8708 8706
f 8708 8601 8603
f 8580 8729 8731
f 8729 8580 8578
f 8578 8727 8729
f 8727 8578 8576
f 8562 8758 8564
f 8758 8562 8756
f 8576 8725 8727
f 8725 8576 8574
f 8532 8761 8762
f 8761 8532 8531
f 8563 8753 8561
f 8753 8563 8755
f 8536 8765 8767
f 8765 8536 8534
f 8587 8734 8585
f 8734 8587 8736
f 8565 8755 8563
f 8755 8565 8757
f 8534 8763 8765
f 8763 8534 8533
f 8575 8726 8724
f 8726 8575 8577
f 8581 8732 8730
f 8732 8581 8583
f 8386 8736 8587
f 8736 8386 8648
f 8606 8715 8608
f 8715 8606 8713
f 8596 8701 8703
f 8701 8596 8594
f 8699 8590 8697
f 8590 8699 8592
f 8374 8664 8663
f 8664 8374 8375
f 8626 8687 8689
f 8687 8626 8624
f 8617 8680 8678
f 8680 8617 8619
f 8618 8679 8681
f 8679 8618 8616
f 8377 8667 8666
f 8667 8377 8378
f 8378 8668 8667
f 8668 8378 8379
f 8677 8612 8675
f 8612 8677 8614
f 8629 8688 8627
f 8688 8629 8690
f 8624 8685 8687
f 8685 8624 8622
f 8622 8683 8685
f 8683 8622 8620
f 8652 8373 8662
f 8373 8652 8371
f 8661 8611 8672
f 8611 8661 8394
f 8594 8699 8701
f 8699 8594 8592
f 8630 8651 8383
f 8651 8630 8693
f 8631 8690 8629
f 8690 8631 8692
f 8695 8394 8661
f 8394 8695 8588
f 8574 8723 8725
f 8723 8574 8572
f 8384 8692 8631
f 8692 8384 8650
f 8598 8703 8705
f 8703 8598 8596
f 8673 8370 8653
f 8370 8673 8610
f 8621 8684 8682
f 8684 8621 8623
f 8672 8613 8674
f 8613 8672 8611
f 8604 8713 8606
f 8713 8604 8711
f 8697 8588 8695
f 8588 8697 8590
f 8615 8678 8676
f 8678 8615 8617
f 8602 8707 8709
f 8707 8602 8600
f 8653 8371 8652
f 8371 8653 8370
f 8623 8686 8684
f 8686 8623 8625
f 8619 8682 8680
f 8682 8619 8621
f 8662 8374 8663
f 8374 8662 8373
f 8375 8665 8664
f 8665 8375 8376
f 8376 8666 8665
f 8666 8376 8377
f 8381 8669 8380
f 8669 8381 8670
f 8604 8709 8711
f 8709 8604 8602
f 8379 8669 8668
f 8669 8379 8380
f 8620 8681 8683
f 8681 8620 8618
f 8674 8615 8676
f 8615 8674 8613
f 8608 8650 8384
f 8650 8608 8715
f 8719 8566 8717
f 8566 8719 8568
f 8383 8671 8382
f 8671 8383 8651
f 8628 8693 8630
f 8693 8628 8691
f 8626 8691 8628
f 8691 8626 8689
f 8382 8670 8381
f 8670 8382 8671
f 8600 8705 8707
f 8705 8600 8598
f 8616 8677 8679
f 8677 8616 8614
f 8625 8688 8686
f 8688 8625 8627
f 8675 8610 8673
f 8610 8675 8612
f 8721 8568 8719
f 8568 8721 8570
f 8572 8721 8723
f 8721 8572 8570
f 8496 8805 8807
f 8805 8496 8494
f 8492 8801 8803
f 8801 8492 8490
f 8494 8803 8805
f 8803 8494 8492
f 8775 6016 6013
f 6016 8775 8506
f 8501 8810 8811
f 8810 8501 8500
f 8498 8807 8809
f 8807 8498 8496
f 8500 8809 8810
f 8809 8500 8498
f 8801 8488 8799
f 8488 8801 8490
f 8799 8486 8797
f 8486 8799 8488
f 8776 8511 8778
f 8511 8776 8509
f 8511 8780 8778
f 8780 8511 8513
f 8519 8788 8786
f 8788 8519 8521
f 8515 8784 8782
f 8784 8515 8517
f 8521 8790 8788
f 8790 8521 8523
f 8513 8782 8780
f 8782 8513 8515
f 8525 8790 8523
f 8790 8525 8792
f 8504 8645 8389
f 8645 8504 8814
f 6026 6021 6024
f 6021 6026 6019
f 8527 8792 8525
f 8792 8527 8794
f 8389 8794 8527
f 8794 8389 8645
f 8797 8398 8658
f 8398 8797 8486
f 8517 8786 8784
f 8786 8517 8519
f 8502 8814 8504
f 8814 8502 8812
f 8501 8812 8502
f 8812 8501 8811
f 8658 8507 8774
f 8507 8658 8398
f 8774 8509 8776
f 8509 8774 8507
f 8472 8827 8826
f 8827 8472 8473
f 8473 8828 8827
f 8828 8473 8474
f 8655 8455 8832
f 8455 8655 8401
f 8849 8435 8847
f 8435 8849 8437
f 8427 8883 8429
f 8883 8427 8881
f 8443 8853 8855
f 8853 8443 8441
f 8439 8849 8851
f 8849 8439 8437
f 8474 8829 8828
f 8829 8474 8475
f 8476 8829 8475
f 8829 8476 8830
f 8845 8401 8655
f 8401 8845 8433
f 8822 8469 8823
f 8469 8822 8468
f 8454 8862 8452
f 8862 8454 8864
f 8869 8414 8867
f 8414 8869 8415
f 8457 8835 8834
f 8835 8457 8458
f 8391 8842 8466
f 8842 8391 8643
f 8417 8869 8871
f 8869 8417 8415
f 8452 8860 8450
f 8860 8452 8862
f 8447 8857 8859
f 8857 8447 8445
f 8427 8879 8881
f 8879 8427 8425
f 8451 8865 8453
f 8865 8451 8863
f 8421 8873 8875
f 8873 8421 8419
f 8445 8855 8857
f 8855 8445 8443
f 8446 8858 8856
f 8858 8446 8448
f 8656 8467 8821
f 8467 8656 8400
f 8477 8830 8476
f 8830 8477 8831
f 8390 8831 8477
f 8831 8390 8644
f 8423 8875 8877
f 8875 8423 8421
f 8440 8852 8850
f 8852 8440 8442
f 8460 8838 8837
f 8838 8460 8461
f 8465 8644 8390
f 8644 8465 8843
f 8170 8843 8465
f 8843 8170 8169
f 8425 8877 8879
f 8877 8425 8423
f 8832 8456 8833
f 8456 8832 8455
f 8449 8859 8861
f 8859 8449 8447
f 8444 8856 8854
f 8856 8444 8446
f 8438 8850 8848
f 8850 8438 8440
f 8459 8837 8836
f 8837 8459 8460
f 8441 8851 8853
f 8851 8441 8439
f 8833 8457 8834
f 8457 8833 8456
f 8442 8854 8852
f 8854 8442 8444
f 8458 8836 8835
f 8836 8458 8459
f 8464 8840 8463
f 8840 8464 8841
f 8392 8864 8454
f 8864 8392 8642
f 8431 8642 8392
f 8642 8431 8885
f 8429 8885 8431
f 8885 8429 8883
f 8462 8840 8839
f 8840 8462 8463
f 8466 8841 8464
f 8841 8466 8842
f 8453 8643 8391
f 8643 8453 8865
f 8449 8863 8451
f 8863 8449 8861
f 7822 8400 8656
f 8400 7822 7821
f 8821 8468 8822
f 8468 8821 8467
f 8469 8824 8823
f 8824 8469 8470
f 8448 8860 8858
f 8860 8448 8450
f 8470 8825 8824
f 8825 8470 8471
f 8419 8871 8873
f 8871 8419 8417
f 8461 8839 8838
f 8839 8461 8462
f 8847 8433 8845
f 8433 8847 8435
f 8867 8413 8866
f 8413 8867 8414
f 8471 8826 8825
f 8826 8471 8472
f 8887 8403 8886
f 8403 8887 8404
f 8393 8884 8432
f 8884 8393 8641
f 8418 8872 8870
f 8872 8418 8420
f 8409 8891 8892
f 8891 8409 8408
f 8407 8889 8890
f 8889 8407 8406
f 8406 8888 8889
f 8888 8406 8405
f 8410 8894 8411
f 8894 8410 8893
f 8408 8890 8891
f 8890 8408 8407
f 8886 8176 8175
f 8176 8886 8403
f 6233 8416 8868
f 8416 6233 6232
f 8432 8882 8430
f 8882 8432 8884
f 8426 8880 8878
f 8880 8426 8428
f 7874 7880 7877
f 7880 7874 7873
f 8866 8402 8654
f 8402 8866 8413
f 8412 8641 8393
f 8641 8412 8895
f 8844 8436 8846
f 8436 8844 8434
f 8846 8438 8848
f 8438 8846 8436
f 8420 8874 8872
f 8874 8420 8422
f 8654 8434 8844
f 8434 8654 8402
f 8410 8892 8893
f 8892 8410 8409
f 8422 8876 8874
f 8876 8422 8424
f 8411 8895 8412
f 8895 8411 8894
f 8424 8878 8876
f 8878 8424 8426
f 8430 8880 8428
f 8880 8430 8882
f 8416 8870 8868
f 8870 8416 8418
f 8405 8887 8888
f 8887 8405 8404
f 8518 8785 8787
f 8785 8518 8516
f 8526 8646 8388
f 8646 8526 8795
f 8522 8789 8791
f 8789 8522 8520
f 8520 8787 8789
f 8787 8520 8518
f 8388 8772 8543
f 8772 8388 8646
f 8514 8781 8783
f 8781 8514 8512
f 6022 8764 6020
f 8764 6022 8535
f 8512 8779 8781
f 8779 8512 8510
f 8535 8766 8764
f 8766 8535 8537
f 8524 8795 8526
f 8795 8524 8793
f 8522 8793 8524
f 8793 8522 8791
f 8777 8506 8775
f 8506 8777 8508
f 8543 8770 8541
f 8770 8543 8772
f 8516 8783 8785
f 8783 8516 8514
f 8541 8768 8539
f 8768 8541 8770
f 8779 8508 8777
f 8508 8779 8510
f 8537 8768 8766
f 8768 8537 8539
f 8896 8897 8898
f 8897 8896 8899
f 8896 8900 8899
f 8900 8896 8901
f 8902 8903 8904
f 8903 8902 8905
f 8906 8907 8908
f 8907 8906 8909
f 8908 8910 8911
f 8910 8908 8907
f 8912 8913 8914
f 8913 8912 8915
f 8916 8917 8918
f 8917 8916 8919
f 8911 8916 8918
f 8916 8911 8910
f 8920 8921 8922
f 8921 8920 8923
f 8924 8925 8926
f 8925 8924 8927
f 8928 8929 8930
f 8929 8928 8931
f 8932 8933 8934
f 8933 8932 8935
f 8932 8936 8935
f 8936 8932 8937
f 8937 8930 8936
f 8930 8937 8928
f 8931 8938 8929
f 8938 8931 8939
f 8939 8940 8938
f 8940 8939 8941
f 8926 8942 8943
f 8942 8926 8925
f 8941 8944 8940
f 8944 8941 8945
f 8944 8946 8947
f 8946 8944 8945
f 8934 8927 8924
f 8927 8934 8933
f 8948 8949 8950
f 8949 8948 8951
f 8952 8950 8953
f 8950 8952 8948
f 8949 8954 8955
f 8954 8949 8951
f 8956 8953 8957
f 8953 8956 8952
f 8958 8959 8960
f 8959 8958 8961
f 8962 8963 8964
f 8963 8962 8965
f 8955 8965 8962
f 8965 8955 8954
f 8964 8966 8967
f 8966 8964 8963
f 8898 8968 8969
f 8968 8898 8897
f 8970 8971 8972
f 8971 8970 8973
f 8974 8970 8975
f 8970 8974 8973
f 8976 8975 8977
f 8975 8976 8974
f 8978 8979 8980
f 8979 8978 8981
f 8982 8980 8983
f 8980 8982 8978
f 8984 8982 8983
f 8982 8984 8985
f 8986 8985 8984
f 8985 8986 8987
f 8972 8988 8989
f 8988 8972 8971
f 8990 8987 8986
f 8987 8990 8991
f 8989 8991 8990
f 8991 8989 8988
f 8981 8992 8979
f 8992 8981 8993
f 8901 8994 8900
f 8994 8901 8995
f 8995 8957 8994
f 8957 8995 8956
f 8996 8997 8998
f 8997 8996 8999
f 9000 9001 9002
f 9001 9000 9003
f 9004 9005 9006
f 9005 9004 9007
f 9008 9009 9010
f 9009 9008 9011
f 9012 9006 9013
f 9006 9012 9004
f 8993 9013 8992
f 9013 8993 9012
f 9014 9010 9015
f 9010 9014 9008
f 9016 9003 9000
f 9003 9016 9017
f 8999 9018 8997
f 9018 8999 9019
f 9019 8977 9018
f 8977 9019 8976
f 9020 9021 9022
f 9021 9020 9023
f 9002 9024 9025
f 9024 9002 9001
f 9025 9023 9020
f 9023 9025 9024
f 9022 9005 9007
f 9005 9022 9021
f 9016 8998 9017
f 8998 9016 8996
f 9026 9027 9028
f 9027 9026 9029
f 9030 9031 9032
f 9031 9030 9033
f 9034 9035 9036
f 9035 9034 9037
f 9038 9039 9040
f 9039 9038 9041
f 9042 9028 9043
f 9028 9042 9026
f 9032 9044 9045
f 9044 9032 9031
f 9045 9046 9047
f 9046 9045 9044
f 9047 9048 9049
f 9048 9047 9046
f 9042 9033 9030
f 9033 9042 9043
f 8969 8905 8902
f 8905 8969 8968
f 9050 9051 9052
f 9051 9050 9053
f 9054 9052 9055
f 9052 9054 9050
f 9056 9057 9058
f 9057 9056 9059
f 9053 9036 9051
f 9036 9053 9034
f 9040 9060 9061
f 9060 9040 9039
f 9062 9041 9038
f 9041 9062 9063
f 9064 9063 9062
f 9063 9064 9065
f 9059 9055 9057
f 9055 9059 9054
f 9061 9056 9058
f 9056 9061 9060
f 9066 9065 9064
f 9065 9066 9067
f 9068 9066 9069
f 9066 9068 9067
f 9049 9035 9037
f 9035 9049 9048
f 9029 9070 9027
f 9070 9029 9071
f 9072 9073 9074
f 9073 9072 9075
f 9074 9076 9077
f 9076 9074 9073
f 9078 9079 9080
f 9079 9078 9081
f 9082 9083 9084
f 9083 9082 9085
f 9086 9087 9088
f 9087 9086 9089
f 9090 9081 9078
f 9081 9090 9091
f 9092 9093 9094
f 9093 9092 9095
f 9096 9091 9090
f 9091 9096 9097
f 9098 9097 9096
f 9097 9098 9099
f 9011 9098 9009
f 9098 9011 9099
f 9071 9100 9070
f 9100 9071 9101
f 9102 9084 9103
f 9084 9102 9082
f 9085 9015 9083
f 9015 9085 9014
f 9077 9104 9105
f 9104 9077 9076
f 9105 9106 9107
f 9106 9105 9104
f 9107 9108 9109
f 9108 9107 9106
f 9089 9108 9087
f 9108 9089 9109
f 9102 9075 9072
f 9075 9102 9103
f 9101 9069 9100
f 9069 9101 9068
f 9110 9088 9111
f 9088 9110 9086
f 9095 9111 9093
f 9111 9095 9110
f 9112 9094 9113
f 9094 9112 9092
f 9114 9112 9113
f 9112 9114 9115
f 9080 9115 9114
f 9115 9080 9079
f 9116 9117 9118
f 9117 9116 9119
f 9120 9121 9122
f 9121 9120 9123
f 9124 9125 9126
f 9125 9124 9127
f 9128 9118 9129
f 9118 9128 9116
f 9122 9130 9131
f 9130 9122 9121
f 9119 9132 9117
f 9132 9119 9133
f 9134 9135 9136
f 9135 9134 9137
f 9138 9139 9140
f 9139 9138 9141
f 9142 9143 9144
f 9143 9142 9145
f 9132 9146 9147
f 9146 9132 9133
f 9148 9149 9150
f 9149 9148 9151
f 9136 9142 9144
f 9142 9136 9135
f 9152 9140 9153
f 9140 9152 9138
f 9154 9129 9155
f 9129 9154 9128
f 9156 9153 9157
f 9153 9156 9152
f 9158 9155 9159
f 9155 9158 9154
f 9145 9157 9143
f 9157 9145 9156
f 9150 9137 9134
f 9137 9150 9149
f 9147 9160 9161
f 9160 9147 9146
f 9141 9130 9139
f 9130 9141 9131
f 9162 9163 9164
f 9163 9162 9165
f 9166 9167 9168
f 9167 9166 9169
f 9170 9169 9166
f 9169 9170 9171
f 9172 9171 9170
f 9171 9172 9173
f 9168 9174 9175
f 9174 9168 9167
f 9176 9173 9172
f 9173 9176 9177
f 9178 9179 9180
f 9179 9178 9181
f 9165 9174 9163
f 9174 9165 9175
f 9182 9183 9184
f 9183 9182 9185
f 9186 9177 9176
f 9177 9186 9187
f 9188 9189 9190
f 9189 9188 9191
f 9181 9184 9179
f 9184 9181 9182
f 9192 9188 9193
f 9188 9192 9191
f 9186 9180 9187
f 9180 9186 9178
f 9194 9195 9196
f 9195 9194 9197
f 9185 9193 9183
f 9193 9185 9192
f 9190 9198 9199
f 9198 9190 9189
f 9200 9201 9202
f 9201 9200 9203
f 9202 9204 9205
f 9204 9202 9201
f 9206 9164 9207
f 9164 9206 9162
f 9208 9209 9210
f 9209 9208 9211
f 9212 9213 9214
f 9213 9212 9215
f 9216 9217 9218
f 9217 9216 9219
f 9220 9221 9222
f 9221 9220 9223
f 9224 9225 9226
f 9225 9224 9227
f 9228 9229 9230
f 9229 9228 9231
f 9232 9230 9233
f 9230 9232 9228
f 9234 9235 9236
f 9235 9234 9237
f 9238 9239 9240
f 9239 9238 9241
f 9227 9210 9225
f 9210 9227 9208
f 9209 9215 9212
f 9215 9209 9211
f 9240 9219 9216
f 9219 9240 9239
f 9223 9242 9221
f 9242 9223 9243
f 9243 9226 9242
f 9226 9243 9224
f 9231 9244 9229
f 9244 9231 9245
f 9246 9235 9237
f 9235 9246 9247
f 9245 9236 9244
f 9236 9245 9234
f 9220 9241 9238
f 9241 9220 9222
f 9248 9249 9250
f 9249 9248 9251
f 9218 9247 9246
f 9247 9218 9217
f 9252 9253 9254
f 9253 9252 9255
f 9253 9256 9254
f 9256 9253 9257
f 9257 9258 9256
f 9258 9257 9259
f 9259 9260 9258
f 9260 9259 9261
f 9261 9262 9260
f 9262 9261 9263
f 9263 9264 9262
f 9264 9263 9265
f 9265 9266 9264
f 9266 9265 9267
f 9268 9266 9267
f 9266 9268 9269
f 8943 9269 9268
f 9269 8943 8942
f 9270 9255 9252
f 9255 9270 9271
f 9250 9271 9270
f 9271 9250 9249
f 9272 9273 9274
f 9273 9272 9275
f 9276 9277 9278
f 9277 9276 9279
f 9278 9280 9281
f 9280 9278 9277
f 9282 9283 9284
f 9283 9282 9285
f 9286 9287 9288
f 9287 9286 9289
f 9290 9291 9292
f 9291 9290 9293
f 9294 9279 9276
f 9279 9294 9295
f 9281 9296 9297
f 9296 9281 9280
f 9298 9295 9294
f 9295 9298 9299
f 9300 9274 9301
f 9274 9300 9272
f 9298 9288 9299
f 9288 9298 9286
f 9289 9302 9287
f 9302 9289 9303
f 9297 9273 9275
f 9273 9297 9296
f 9304 9305 9306
f 9305 9304 9307
f 9307 9308 9305
f 9308 9307 9309
f 9310 9203 9200
f 9203 9310 9311
f 9293 9312 9291
f 9312 9293 9313
f 9308 9311 9310
f 9311 9308 9309
f 9303 9306 9302
f 9306 9303 9304
f 9313 9301 9312
f 9301 9313 9300
f 9283 9292 9284
f 9292 9283 9290
f 9314 9315 9316
f 9315 9314 9317
f 9318 9319 9320
f 9319 9318 9321
f 9322 9323 9324
f 9323 9322 9325
f 9326 9327 9328
f 9327 9326 9329
f 9330 9331 9332
f 9331 9330 9333
f 9334 9335 9336
f 9335 9334 9337
f 9338 9339 9340
f 9339 9338 9341
f 9341 9336 9339
f 9336 9341 9334
f 9342 9343 9344
f 9343 9342 9345
f 9346 9347 9348
f 9347 9346 9349
f 9350 9351 9352
f 9351 9350 9353
f 9354 9355 9356
f 9355 9354 9357
f 9358 9359 9360
f 9359 9358 9361
f 9362 9357 9354
f 9357 9362 9363
f 9364 9363 9362
f 9363 9364 9365
f 9366 9367 9368
f 9367 9366 9369
f 9316 9353 9350
f 9353 9316 9315
f 9370 9371 9372
f 9371 9370 9373
f 9374 9375 9376
f 9375 9374 9377
f 9378 9379 9380
f 9379 9378 9381
f 9372 9333 9330
f 9333 9372 9371
f 9355 9340 9356
f 9340 9355 9338
f 9368 9365 9364
f 9365 9368 9367
f 9382 9369 9366
f 9369 9382 9383
f 9324 9384 9385
f 9384 9324 9323
f 9351 9380 9352
f 9380 9351 9378
f 9361 9386 9359
f 9386 9361 9387
f 9349 9388 9347
f 9388 9349 9389
f 9390 9391 9392
f 9391 9390 9393
f 9370 9394 9373
f 9394 9370 9395
f 9396 9391 9397
f 9391 9396 9392
f 9395 9348 9394
f 9348 9395 9346
f 9381 9398 9379
f 9398 9381 9399
f 9321 9400 9319
f 9400 9321 9401
f 9318 9402 9403
f 9402 9318 9320
f 9404 9405 9406
f 9405 9404 9407
f 9408 9360 9409
f 9360 9408 9358
f 9410 9411 9412
f 9411 9410 9413
f 9386 9414 9415
f 9414 9386 9387
f 9332 9416 9417
f 9416 9332 9331
f 9417 9393 9390
f 9393 9417 9416
f 9406 8958 8960
f 8958 9406 9405
f 9337 9397 9335
f 9397 9337 9396
f 9418 9407 9404
f 9407 9418 9419
f 9403 9377 9374
f 9377 9403 9402
f 9376 9413 9410
f 9413 9376 9375
f 9401 9409 9400
f 9409 9401 9408
f 9385 9419 9418
f 9419 9385 9384
f 9420 9344 9421
f 9344 9420 9342
f 9399 9421 9398
f 9421 9399 9420
f 9412 9343 9345
f 9343 9412 9411
f 9422 9317 9314
f 9317 9422 9423
f 9329 9322 9327
f 9322 9329 9325
f 9415 9423 9422
f 9423 9415 9414
f 9424 9425 9426
f 9425 9424 9427
f 9428 9429 9430
f 9429 9428 9431
f 9432 9433 9434
f 9433 9432 9435
f 9436 9437 9438
f 9437 9436 9439
f 9440 9434 9441
f 9434 9440 9432
f 9442 9443 9444
f 9443 9442 9445
f 9446 9447 9448
f 9447 9446 9449
f 9450 9449 9446
f 9449 9450 9451
f 9452 9453 9454
f 9453 9452 9455
f 9456 9457 9458
f 9457 9456 9459
f 9460 9461 9462
f 9461 9460 9463
f 9439 9464 9437
f 9464 9439 9465
f 9436 9463 9460
f 9463 9436 9438
f 9466 9467 9468
f 9467 9466 9469
f 9470 9471 9472
f 9471 9470 9473
f 9474 9475 9476
f 9475 9474 9477
f 9478 9479 9480
f 9479 9478 9481
f 9429 9481 9478
f 9481 9429 9431
f 9458 9482 9483
f 9482 9458 9457
f 9484 9441 9485
f 9441 9484 9440
f 9486 9485 9487
f 9485 9486 9484
f 9465 9488 9464
f 9488 9465 9489
f 9490 9382 9491
f 9382 9490 9383
f 9492 9427 9424
f 9427 9492 9493
f 9486 9494 9495
f 9494 9486 9487
f 9495 9496 9497
f 9496 9495 9494
f 9498 9499 9500
f 9499 9498 9501
f 9497 9502 9503
f 9502 9497 9496
f 9504 9505 9506
f 9505 9504 9507
f 9477 9508 9475
f 9508 9477 9509
f 9442 9510 9511
f 9510 9442 9444
f 9512 9513 9514
f 9513 9512 9515
f 9516 9512 9514
f 9512 9516 9517
f 9462 9518 9519
f 9518 9462 9461
f 9448 9501 9498
f 9501 9448 9447
f 9445 9476 9443
f 9476 9445 9474
f 9520 9521 9522
f 9521 9520 9523
f 9515 9522 9513
f 9522 9515 9520
f 9511 9459 9456
f 9459 9511 9510
f 9469 9425 9467
f 9425 9469 9426
f 9507 9524 9505
f 9524 9507 9525
f 9526 9454 9527
f 9454 9526 9452
f 9389 9491 9388
f 9491 9389 9490
f 9523 9527 9521
f 9527 9523 9526
f 9528 9450 9529
f 9450 9528 9451
f 9471 9506 9472
f 9506 9471 9504
f 9519 9493 9492
f 9493 9519 9518
f 9530 9473 9470
f 9473 9530 9531
f 9532 9453 9455
f 9453 9532 9533
f 9480 9534 9535
f 9534 9480 9479
f 9536 9430 9537
f 9430 9536 9428
f 9535 9531 9530
f 9531 9535 9534
f 9489 9537 9488
f 9537 9489 9536
f 9500 9517 9516
f 9517 9500 9499
f 9509 9529 9508
f 9529 9509 9528
f 9525 9468 9524
f 9468 9525 9466
f 9483 9533 9532
f 9533 9483 9482
f 9538 9539 9540
f 9539 9538 9541
f 9542 9543 9544
f 9543 9542 9545
f 9546 9547 9548
f 9547 9546 9549
f 9550 9551 9552
f 9551 9550 9553
f 9554 9555 9556
f 9555 9554 9557
f 9435 9558 9433
f 9558 9435 9559
f 9555 9548 9556
f 9548 9555 9546
f 9553 9560 9551
f 9560 9553 9561
f 9562 9563 9564
f 9563 9562 9565
f 9566 9567 9568
f 9567 9566 9569
f 9570 9557 9554
f 9557 9570 9571
f 9572 9573 9574
f 9573 9572 9575
f 9576 9568 9577
f 9568 9576 9566
f 9578 9579 9580
f 9579 9578 9581
f 9582 9583 9584
f 9583 9582 9585
f 9586 9587 9588
f 9587 9586 9589
f 9590 9588 9591
f 9588 9590 9586
f 9592 9591 9593
f 9591 9592 9590
f 9594 9595 9596
f 9595 9594 9597
f 9598 9599 9600
f 9599 9598 9601
f 9602 9601 9598
f 9601 9602 9603
f 9604 9603 9602
f 9603 9604 9605
f 9606 9607 9608
f 9607 9606 9609
f 9561 9610 9560
f 9610 9561 9611
f 9549 9552 9547
f 9552 9549 9550
f 9612 9613 9614
f 9613 9612 9615
f 9612 9581 9578
f 9581 9612 9614
f 9569 9608 9567
f 9608 9569 9606
f 9616 9565 9562
f 9565 9616 9617
f 9618 9619 9620
f 9619 9618 9621
f 9622 9618 9623
f 9618 9622 9621
f 9589 9624 9587
f 9624 9589 9625
f 9607 9605 9604
f 9605 9607 9609
f 9626 9623 9627
f 9623 9626 9622
f 9628 9629 9630
f 9629 9628 9631
f 9632 9630 9633
f 9630 9632 9628
f 9634 9635 9636
f 9635 9634 9637
f 9636 9638 9639
f 9638 9636 9635
f 9600 9597 9594
f 9597 9600 9599
f 9640 9571 9570
f 9571 9640 9641
f 9642 9575 9572
f 9575 9642 9643
f 9639 9644 9645
f 9644 9639 9638
f 9645 9646 9647
f 9646 9645 9644
f 9559 9642 9558
f 9642 9559 9643
f 9648 9593 9649
f 9593 9648 9592
f 9650 9585 9582
f 9585 9650 9651
f 9595 9649 9596
f 9649 9595 9648
f 9503 9545 9542
f 9545 9503 9502
f 9620 9617 9616
f 9617 9620 9619
f 9574 9641 9640
f 9641 9574 9573
f 9544 9610 9611
f 9610 9544 9543
f 9634 9633 9637
f 9633 9634 9632
f 9647 9541 9538
f 9541 9647 9646
f 9584 9624 9625
f 9624 9584 9583
f 9580 9651 9650
f 9651 9580 9579
f 9615 9577 9613
f 9577 9615 9576
f 9631 9627 9629
f 9627 9631 9626
f 9564 9652 9653
f 9652 9564 9563
f 9654 9655 9656
f 9655 9654 9657
f 9658 9659 9660
f 9659 9658 9661
f 9660 9662 9663
f 9662 9660 9659
f 9664 9665 9666
f 9665 9664 9667
f 9668 9669 9670
f 9669 9668 9671
f 9672 9673 9674
f 9673 9672 9675
f 9676 9675 9672
f 9675 9676 9677
f 9678 9679 9680
f 9679 9678 9681
f 9663 9682 9683
f 9682 9663 9662
f 9684 9685 9686
f 9685 9684 9687
f 9688 9686 9689
f 9686 9688 9684
f 9690 9691 9692
f 9691 9690 9693
f 9667 9694 9665
f 9694 9667 9695
f 9696 9697 9698
f 9697 9696 9699
f 9700 9701 9702
f 9701 9700 9703
f 9704 9705 9706
f 9705 9704 9707
f 9698 9708 9709
f 9708 9698 9697
f 9710 9711 9712
f 9711 9710 9713
f 9714 9715 9716
f 9715 9714 9717
f 9707 9716 9705
f 9716 9707 9714
f 9713 9718 9711
f 9718 9713 9719
f 9720 9706 9721
f 9706 9720 9704
f 9722 9539 9723
f 9539 9722 9540
f 9724 9715 9717
f 9715 9724 9725
f 9653 9726 9727
f 9726 9653 9652
f 9709 9725 9724
f 9725 9709 9708
f 9728 9729 9730
f 9729 9728 9731
f 9683 9693 9690
f 9693 9683 9682
f 9719 9732 9718
f 9732 9719 9733
f 9734 9656 9735
f 9656 9734 9654
f 9736 9737 9738
f 9737 9736 9739
f 9738 9740 9741
f 9740 9738 9737
f 9730 9739 9736
f 9739 9730 9729
f 9658 9702 9661
f 9702 9658 9700
f 9742 9743 9744
f 9743 9742 9745
f 9703 9680 9701
f 9680 9703 9678
f 9692 9743 9745
f 9743 9692 9691
f 9746 9728 9747
f 9728 9746 9731
f 9695 9748 9694
f 9748 9695 9749
f 9670 9664 9666
f 9664 9670 9669
f 9750 9751 9752
f 9751 9750 9753
f 9754 9671 9668
f 9671 9754 9755
f 9674 9755 9754
f 9755 9674 9673
f 9756 9676 9757
f 9676 9756 9677
f 9681 9757 9679
f 9757 9681 9756
f 9758 9744 9759
f 9744 9758 9742
f 9734 9760 9761
f 9760 9734 9735
f 9749 9759 9748
f 9759 9749 9758
f 9733 9723 9732
f 9723 9733 9722
f 9657 9752 9655
f 9752 9657 9750
f 9762 9721 9763
f 9721 9762 9720
f 9753 9747 9751
f 9747 9753 9746
f 9764 9765 9766
f 9765 9764 9767
f 9741 9767 9764
f 9767 9741 9740
f 9761 9699 9696
f 9699 9761 9760
f 9726 9712 9727
f 9712 9726 9710
f 9765 9763 9766
f 9763 9765 9762
f 9768 9769 9770
f 9769 9768 9771
f 9772 9773 9774
f 9773 9772 9775
f 9776 9775 9772
f 9775 9776 9777
f 9687 9778 9685
f 9778 9687 9779
f 9780 9781 9782
f 9781 9780 9783
f 9784 9785 9786
f 9785 9784 9787
f 9788 9789 9790
f 9789 9788 9791
f 9792 9793 9794
f 9793 9792 9795
f 9796 9797 9798
f 9797 9796 9799
f 9800 9801 9802
f 9801 9800 9803
f 9804 9805 9806
f 9805 9804 9807
f 9779 9808 9778
f 9808 9779 9809
f 9810 9811 9812
f 9811 9810 9813
f 9814 9807 9804
f 9807 9814 9815
f 9816 9817 9818
f 9817 9816 9819
f 9816 9689 9819
f 9689 9816 9688
f 9820 9821 9822
f 9821 9820 9823
f 9790 9824 9825
f 9824 9790 9789
f 9813 9826 9811
f 9826 9813 9827
f 9828 9800 9829
f 9800 9828 9803
f 9830 9831 9832
f 9831 9830 9833
f 9818 9834 9835
f 9834 9818 9817
f 9836 9832 9837
f 9832 9836 9830
f 9835 9787 9784
f 9787 9835 9834
f 9802 9783 9780
f 9783 9802 9801
f 9838 9822 9839
f 9822 9838 9820
f 9840 9815 9814
f 9815 9840 9841
f 9842 9791 9788
f 9791 9842 9843
f 9844 9799 9796
f 9799 9844 9845
f 9823 9846 9821
f 9846 9823 9847
f 9792 9848 9849
f 9848 9792 9794
f 9847 9850 9846
f 9850 9847 9851
f 9771 9797 9769
f 9797 9771 9798
f 9852 9853 9854
f 9853 9852 9855
f 9782 9777 9776
f 9777 9782 9781
f 9856 9841 9840
f 9841 9856 9857
f 9858 9859 9860
f 9859 9858 9861
f 9861 9862 9859
f 9862 9861 9863
f 9863 9856 9862
f 9856 9863 9857
f 9773 9812 9774
f 9812 9773 9810
f 9864 9860 9865
f 9860 9864 9858
f 9866 9865 9867
f 9865 9866 9864
f 9868 9867 9869
f 9867 9868 9866
f 9833 9829 9831
f 9829 9833 9828
f 9854 9838 9839
f 9838 9854 9853
f 9868 9870 9871
f 9870 9868 9869
f 9872 9873 9874
f 9873 9872 9875
f 9827 9770 9826
f 9770 9827 9768
f 9825 9855 9852
f 9855 9825 9824
f 9786 9876 9877
f 9876 9786 9785
f 9851 9878 9850
f 9878 9851 9879
f 9795 9837 9793
f 9837 9795 9836
f 9879 9880 9878
f 9880 9879 9881
f 9877 9880 9881
f 9880 9877 9876
f 9849 9875 9872
f 9875 9849 9848
f 9809 9842 9808
f 9842 9809 9843
f 9874 9845 9844
f 9845 9874 9873
f 9882 9883 9884
f 9883 9882 9885
f 9886 9887 9888
f 9887 9886 9889
f 9890 9891 9892
f 9891 9890 9893
f 9889 9894 9887
f 9894 9889 9895
f 9896 9886 9888
f 9886 9896 9897
f 9871 9898 9899
f 9898 9871 9870
f 9900 9892 9901
f 9892 9900 9890
f 9899 9902 9903
f 9902 9899 9898
f 9893 9904 9891
f 9904 9893 9905
f 9895 9901 9894
f 9901 9895 9900
f 9903 9885 9882
f 9885 9903 9902
f 9884 9904 9905
f 9904 9884 9883
f 9806 9897 9896
f 9897 9806 9805
f 9906 9907 9908
f 9907 9906 9909
f 9910 9911 9912
f 9911 9910 9913
f 9914 9915 9916
f 9915 9914 9917
f 9918 9919 9920
f 9919 9918 9921
f 9205 9285 9282
f 9285 9205 9204
f 9922 9923 9924
f 9923 9922 9925
f 9926 9927 9928
f 9927 9926 9929
f 9930 9931 9932
f 9931 9930 9933
f 9923 9912 9924
f 9912 9923 9910
f 9934 9928 9935
f 9928 9934 9926
f 9929 9932 9927
f 9932 9929 9930
f 9934 9917 9914
f 9917 9934 9935
f 9916 9921 9918
f 9921 9916 9915
f 9936 9937 9938
f 9937 9936 9939
f 9937 9940 9941
f 9940 9937 9939
f 9920 9942 9943
f 9942 9920 9919
f 9933 9938 9931
f 9938 9933 9936
f 9199 9909 9906
f 9909 9199 9198
f 9908 9925 9922
f 9925 9908 9907
f 9941 9944 9945
f 9944 9941 9940
f 9946 9947 9948
f 9947 9946 9949
f 9950 9951 9952
f 9951 9950 9953
f 9954 9955 9956
f 9955 9954 9957
f 9958 9959 9960
f 9959 9958 9961
f 9962 9963 9964
f 9963 9962 9965
f 9966 9967 9968
f 9967 9966 9969
f 9970 9971 9972
f 9971 9970 9973
f 9974 9975 9976
f 9975 9974 9977
f 9953 9978 9951
f 9978 9953 9979
f 9980 9981 9982
f 9981 9980 9983
f 9984 9985 9986
f 9985 9984 9987
f 9988 9989 9990
f 9989 9988 9991
f 9992 9982 9993
f 9982 9992 9980
f 9984 9994 9995
f 9994 9984 9986
f 9996 9997 9998
f 9997 9996 9999
f 9995 10000 10001
f 10000 9995 9994
f 10002 10003 10004
f 10003 10002 10005
f 10006 10007 10008
f 10007 10006 10009
f 9987 9993 9985
f 9993 9987 9992
f 10010 9957 9954
f 9957 10010 10011
f 10012 10013 10014
f 10013 10012 10015
f 10016 10014 10017
f 10014 10016 10012
f 9977 10018 9975
f 10018 9977 10019
f 10019 10020 10018
f 10020 10019 10021
f 10001 10005 10002
f 10005 10001 10000
f 10009 10022 10007
f 10022 10009 10023
f 10024 10025 10026
f 10025 10024 10027
f 10025 10028 10029
f 10028 10025 10027
f 9983 10026 9981
f 10026 9983 10024
f 9973 10030 9971
f 10030 9973 10031
f 10032 9969 9966
f 9969 10032 10033
f 10034 10035 10036
f 10035 10034 10037
f 10038 10017 10039
f 10017 10038 10016
f 10031 10040 10030
f 10040 10031 10041
f 10042 10043 10044
f 10043 10042 10045
f 9990 10040 10041
f 10040 9990 9989
f 10046 9950 9952
f 9950 10046 10047
f 9968 9961 9958
f 9961 9968 9967
f 10048 9991 9988
f 9991 10048 10049
f 10015 10032 10013
f 10032 10015 10033
f 9999 10039 9997
f 10039 9999 10038
f 10020 10050 10051
f 10050 10020 10021
f 9979 9972 9978
f 9972 9979 9970
f 9964 10049 10048
f 10049 9964 9963
f 9996 9965 9962
f 9965 9996 9998
f 9960 10047 10046
f 10047 9960 9959
f 10023 10052 10022
f 10052 10023 10053
f 10029 10054 10055
f 10054 10029 10028
f 10004 10037 10034
f 10037 10004 10003
f 10055 10011 10010
f 10011 10055 10054
f 10056 9328 10057
f 9328 10056 9326
f 10058 10057 10059
f 10057 10058 10056
f 9949 10059 9947
f 10059 9949 10058
f 10045 10035 10043
f 10035 10045 10036
f 10053 10044 10052
f 10044 10053 10042
f 9956 10006 10008
f 10006 9956 9955
f 10060 10061 10062
f 10061 10060 10063
f 10064 10065 10066
f 10065 10064 10067
f 10068 10069 10070
f 10069 10068 10071
f 10072 10073 10074
f 10073 10072 10075
f 10076 10077 10078
f 10077 10076 10079
f 10080 10081 10082
f 10081 10080 10083
f 10084 10082 10085
f 10082 10084 10080
f 10086 10087 10088
f 10087 10086 10089
f 10090 10091 10092
f 10091 10090 10093
f 10094 10095 10096
f 10095 10094 10097
f 10098 10085 10099
f 10085 10098 10084
f 10088 10100 10101
f 10100 10088 10087
f 10102 10067 10064
f 10067 10102 10103
f 10104 10105 10106
f 10105 10104 10107
f 10108 10109 10110
f 10109 10108 10111
f 10106 10112 10113
f 10112 10106 10105
f 10114 10115 10116
f 10115 10114 10117
f 10118 10117 10114
f 10117 10118 10119
f 10120 10110 10121
f 10110 10120 10108
f 10122 10123 10124
f 10123 10122 10125
f 10126 10127 10128
f 10127 10126 10129
f 10130 10131 10132
f 10131 10130 10133
f 10096 10134 10135
f 10134 10096 10095
f 10136 10137 10138
f 10137 10136 10139
f 10140 10141 10142
f 10141 10140 10143
f 8967 10144 10145
f 10144 8967 8966
f 10146 10089 10086
f 10089 10146 10147
f 10148 10142 10149
f 10142 10148 10140
f 10150 10119 10118
f 10119 10150 10151
f 10093 10137 10091
f 10137 10093 10138
f 10152 10153 10154
f 10153 10152 10155
f 10156 10157 10158
f 10157 10156 10159
f 10160 10159 10156
f 10159 10160 10161
f 10075 10162 10073
f 10162 10075 10163
f 10153 10164 10165
f 10164 10153 10155
f 10166 10121 10167
f 10121 10166 10120
f 10145 10168 10169
f 10168 10145 10144
f 8904 10139 10136
f 10139 8904 8903
f 10163 10092 10162
f 10092 10163 10090
f 10076 10097 10094
f 10097 10076 10078
f 10157 10128 10158
f 10128 10157 10126
f 10135 10125 10122
f 10125 10135 10134
f 10129 10099 10127
f 10099 10129 10098
f 10063 10170 10061
f 10170 10063 10171
f 10060 10103 10102
f 10103 10060 10062
f 10101 10161 10160
f 10161 10101 10100
f 10133 10112 10131
f 10112 10133 10113
f 10143 10132 10141
f 10132 10143 10130
f 10079 10167 10077
f 10167 10079 10166
f 10171 10070 10170
f 10070 10171 10068
f 10172 10149 10173
f 10149 10172 10148
f 10116 10172 10173
f 10172 10116 10115
f 10111 10146 10109
f 10146 10111 10147
f 10066 10107 10104
f 10107 10066 10065
f 10165 10151 10150
f 10151 10165 10164
f 10071 10154 10069
f 10154 10071 10152
f 10168 10074 10169
f 10074 10168 10072
f 10124 10081 10083
f 10081 10124 10123
f 10174 10175 10176
f 10175 10174 10177
f 10178 10174 10179
f 10174 10178 10177
f 10180 10181 10182
f 10181 10180 10183
f 10184 10185 10186
f 10185 10184 10187
f 10188 10189 10190
f 10189 10188 10191
f 10192 10193 10194
f 10193 10192 10195
f 10190 10196 10197
f 10196 10190 10189
f 10198 10199 10200
f 10199 10198 10201
f 10186 10202 10203
f 10202 10186 10185
f 10204 10205 10206
f 10205 10204 10207
f 10208 10209 10210
f 10209 10208 10211
f 10212 10213 10214
f 10213 10212 10215
f 10211 10216 10209
f 10216 10211 10217
f 10200 10218 10219
f 10218 10200 10199
f 10220 10207 10204
f 10207 10220 10221
f 10222 10205 10223
f 10205 10222 10206
f 10224 10225 10226
f 10225 10224 10227
f 10228 10229 10230
f 10229 10228 10231
f 10232 10179 10233
f 10179 10232 10178
f 10234 10235 10236
f 10235 10234 10237
f 10238 10195 10192
f 10195 10238 10239
f 10240 10191 10188
f 10191 10240 10241
f 10242 10193 10243
f 10193 10242 10194
f 10244 10243 10245
f 10243 10244 10242
f 10246 10247 10248
f 10247 10246 10249
f 10248 10241 10240
f 10241 10248 10247
f 10225 10250 10226
f 10250 10225 10251
f 10252 10253 10254
f 10253 10252 10255
f 10219 10231 10228
f 10231 10219 10218
f 10256 10257 10258
f 10257 10256 10259
f 10260 10261 10262
f 10261 10260 10263
f 10264 10236 10265
f 10236 10264 10234
f 10264 10187 10184
f 10187 10264 10265
f 10251 10266 10250
f 10266 10251 10267
f 10176 10268 10269
f 10268 10176 10175
f 10270 10258 10271
f 10258 10270 10256
f 10269 10272 10273
f 10272 10269 10268
f 9946 10183 10180
f 10183 9946 9948
f 10274 10210 10275
f 10210 10274 10208
f 10230 10276 10277
f 10276 10230 10229
f 10182 10278 10279
f 10278 10182 10181
f 10279 10239 10238
f 10239 10279 10278
f 10280 10245 10281
f 10245 10280 10244
f 10282 10281 10283
f 10281 10282 10280
f 8961 10283 8959
f 10283 8961 10282
f 10246 10275 10249
f 10275 10246 10274
f 10203 10221 10220
f 10221 10203 10202
f 10197 10257 10259
f 10257 10197 10196
f 10277 10252 10254
f 10252 10277 10276
f 10263 10271 10261
f 10271 10263 10270
f 10284 10233 10285
f 10233 10284 10232
f 10215 10223 10213
f 10223 10215 10222
f 10286 10198 10287
f 10198 10286 10201
f 10217 10287 10216
f 10287 10217 10286
f 10237 10285 10235
f 10285 10237 10284
f 10267 10214 10266
f 10214 10267 10212
f 10255 10262 10253
f 10262 10255 10260
f 10288 10227 10224
f 10227 10288 10289
f 10273 10289 10288
f 10289 10273 10272
f 10290 10291 10292
f 10291 10290 10293
f 10292 10294 10295
f 10294 10292 10291
f 10296 10297 10298
f 10297 10296 10299
f 10300 10301 10302
f 10301 10300 10303
f 10304 10302 10305
f 10302 10304 10300
f 10306 10307 10308
f 10307 10306 10309
f 10310 10311 10312
f 10311 10310 10313
f 10295 10314 10315
f 10314 10295 10294
f 10315 10316 10317
f 10316 10315 10314
f 10317 10318 10319
f 10318 10317 10316
f 10320 10321 10322
f 10321 10320 10323
f 10324 10325 10326
f 10325 10324 10327
f 10328 10329 10330
f 10329 10328 10331
f 10332 10333 10334
f 10333 10332 10335
f 10332 10336 10337
f 10336 10332 10334
f 10303 10320 10301
f 10320 10303 10323
f 10338 10339 10340
f 10339 10338 10341
f 10342 10343 10344
f 10343 10342 10345
f 10346 10311 10313
f 10311 10346 10347
f 10348 10330 10349
f 10330 10348 10328
f 10350 10309 10306
f 10309 10350 10351
f 10352 10353 10354
f 10353 10352 10355
f 10356 10357 10358
f 10357 10356 10359
f 10360 10361 10362
f 10361 10360 10363
f 10364 10365 10366
f 10365 10364 10367
f 10368 10369 10370
f 10369 10368 10371
f 10372 10371 10368
f 10371 10372 10373
f 10374 10367 10364
f 10367 10374 10375
f 10299 10326 10297
f 10326 10299 10324
f 10376 10373 10372
f 10373 10376 10377
f 10331 10378 10329
f 10378 10331 10379
f 10366 10345 10342
f 10345 10366 10365
f 10380 10381 10382
f 10381 10380 10383
f 10327 10382 10325
f 10382 10327 10380
f 10344 10347 10346
f 10347 10344 10343
f 10381 10377 10376
f 10377 10381 10383
f 10335 10384 10333
f 10384 10335 10385
f 10386 10355 10352
f 10355 10386 10387
f 10359 10388 10357
f 10388 10359 10389
f 10385 10305 10384
f 10305 10385 10304
f 10340 10387 10386
f 10387 10340 10339
f 10390 10353 10391
f 10353 10390 10354
f 10389 10362 10388
f 10362 10389 10360
f 10308 10356 10358
f 10356 10308 10307
f 10392 10393 10394
f 10393 10392 10395
f 10374 10298 10375
f 10298 10374 10296
f 10322 10396 10397
f 10396 10322 10321
f 10398 10349 10399
f 10349 10398 10348
f 10400 10398 10399
f 10398 10400 10401
f 10402 10394 10403
f 10394 10402 10392
f 10363 10391 10361
f 10391 10363 10390
f 10404 10403 10405
f 10403 10404 10402
f 10397 10351 10350
f 10351 10397 10396
f 10370 10401 10400
f 10401 10370 10369
f 10290 10405 10293
f 10405 10290 10404
f 10337 10341 10338
f 10341 10337 10336
f 10379 10312 10378
f 10312 10379 10310
f 10406 10407 10408
f 10407 10406 10409
f 10410 10411 10412
f 10411 10410 10413
f 10414 10415 10416
f 10415 10414 10417
f 10418 10408 10419
f 10408 10418 10406
f 10420 10421 10422
f 10421 10420 10423
f 10424 10425 10426
f 10425 10424 10427
f 10428 10429 10430
f 10429 10428 10431
f 10432 10422 10433
f 10422 10432 10420
f 10434 10435 10436
f 10435 10434 10437
f 10438 10439 10440
f 10439 10438 10441
f 10409 10442 10407
f 10442 10409 10443
f 10444 10445 10446
f 10445 10444 10447
f 10448 10449 10450
f 10449 10448 10451
f 10452 10453 10454
f 10453 10452 10455
f 10456 10450 10457
f 10450 10456 10448
f 10458 10459 10460
f 10459 10458 10461
f 10441 10462 10439
f 10462 10441 10463
f 10464 10440 10465
f 10440 10464 10438
f 10430 10466 10467
f 10466 10430 10429
f 10468 10469 10470
f 10469 10468 10471
f 10472 10465 10473
f 10465 10472 10464
f 10460 10417 10414
f 10417 10460 10459
f 10474 10475 10476
f 10475 10474 10477
f 10416 10478 10479
f 10478 10416 10415
f 10480 10481 10482
f 10481 10480 10483
f 10484 10485 10486
f 10485 10484 10487
f 10427 10481 10425
f 10481 10427 10482
f 10423 10488 10421
f 10488 10423 10489
f 10490 10491 10492
f 10491 10490 10493
f 10494 10432 10433
f 10432 10494 10495
f 10496 10497 10498
f 10497 10496 10499
f 10500 10499 10496
f 10499 10500 10501
f 10502 10501 10500
f 10501 10502 10503
f 10442 10471 10468
f 10471 10442 10443
f 10504 10455 10452
f 10455 10504 10505
f 10506 10419 10507
f 10419 10506 10418
f 10436 10449 10451
f 10449 10436 10435
f 10508 10509 10510
f 10509 10508 10511
f 10413 10486 10411
f 10486 10413 10484
f 10458 10412 10461
f 10412 10458 10410
f 10492 10512 10513
f 10512 10492 10491
f 10444 10431 10428
f 10431 10444 10446
f 10498 10495 10494
f 10495 10498 10497
f 10454 10514 10515
f 10514 10454 10453
f 10516 10517 10518
f 10517 10516 10519
f 10520 10516 10521
f 10516 10520 10519
f 10479 10483 10480
f 10483 10479 10478
f 10319 10462 10463
f 10462 10319 10318
f 10489 10426 10488
f 10426 10489 10424
f 10518 10522 10523
f 10522 10518 10517
f 10395 10521 10393
f 10521 10395 10520
f 10447 10507 10445
f 10507 10447 10506
f 10511 10457 10509
f 10457 10511 10456
f 10467 10437 10434
f 10437 10467 10466
f 10477 10473 10475
f 10473 10477 10472
f 10470 10505 10504
f 10505 10470 10469
f 10524 10510 10525
f 10510 10524 10508
f 10513 10474 10476
f 10474 10513 10512
f 10514 10525 10515
f 10525 10514 10524
f 10523 10493 10490
f 10493 10523 10522
f 10526 10527 10528
f 10527 10526 10529
f 10530 10531 10532
f 10531 10530 10533
f 10534 10535 10536
f 10535 10534 10537
f 10538 10539 10540
f 10539 10538 10541
f 10542 10543 10544
f 10543 10542 10545
f 10546 10547 10548
f 10547 10546 10549
f 10550 10551 10552
f 10551 10550 10553
f 10554 10552 10555
f 10552 10554 10550
f 10538 10556 10541
f 10556 10538 10557
f 10553 10558 10551
f 10558 10553 10559
f 10560 10555 10561
f 10555 10560 10554
f 10562 10563 10564
f 10563 10562 10565
f 10557 10566 10556
f 10566 10557 10567
f 10559 10548 10558
f 10548 10559 10546
f 10567 9976 10566
f 9976 10567 9974
f 10568 10560 10561
f 10560 10568 10569
f 10570 10569 10568
f 10569 10570 10571
f 10572 10571 10570
f 10571 10572 10573
f 10574 10573 10572
f 10573 10574 10575
f 10051 10575 10574
f 10575 10051 10050
f 10576 10503 10502
f 10503 10576 10577
f 10578 10579 10580
f 10579 10578 10581
f 10540 10581 10578
f 10581 10540 10539
f 10580 10545 10542
f 10545 10580 10579
f 10544 10547 10549
f 10547 10544 10543
f 10582 10536 10583
f 10536 10582 10534
f 10584 10585 10586
f 10585 10584 10587
f 10588 10589 10590
f 10589 10588 10591
f 10592 10583 10593
f 10583 10592 10582
f 10594 10595 10596
f 10595 10594 10597
f 10598 10596 10599
f 10596 10598 10594
f 10531 10565 10562
f 10565 10531 10533
f 10600 10601 10602
f 10601 10600 10603
f 10537 10532 10535
f 10532 10537 10530
f 10604 10593 10605
f 10593 10604 10592
f 10606 10607 10608
f 10607 10606 10609
f 10608 10610 10611
f 10610 10608 10607
f 10597 10612 10595
f 10612 10597 10613
f 10591 10599 10589
f 10599 10591 10598
f 10614 10576 10615
f 10576 10614 10577
f 10604 10587 10584
f 10587 10604 10605
f 10601 10590 10602
f 10590 10601 10588
f 10611 10612 10613
f 10612 10611 10610
f 10586 10609 10606
f 10609 10586 10585
f 10528 10603 10600
f 10603 10528 10527
f 10487 10615 10485
f 10615 10487 10614
f 10564 10529 10526
f 10529 10564 10563
f 10616 10617 10618
f 10617 10616 10619
f 10620 10621 10622
f 10621 10620 10623
f 10624 10625 10626
f 10625 10624 10627
f 10628 10629 10630
f 10629 10628 10631
f 10632 10631 10628
f 10631 10632 10633
f 10624 10634 10635
f 10634 10624 10626
f 10636 10637 10638
f 10637 10636 10639
f 10640 10641 10642
f 10641 10640 10643
f 10644 10629 10645
f 10629 10644 10630
f 10627 10646 10625
f 10646 10627 10647
f 10648 10639 10636
f 10639 10648 10649
f 10635 10623 10620
f 10623 10635 10634
f 10647 10650 10646
f 10650 10647 10651
f 10652 10653 10654
f 10653 10652 10655
f 10651 10656 10650
f 10656 10651 10657
f 10657 10658 10656
f 10658 10657 10659
f 10660 10661 10662
f 10661 10660 10663
f 10659 10664 10658
f 10664 10659 10665
f 10666 10667 10668
f 10667 10666 10669
f 10670 10671 10672
f 10671 10670 10673
f 10674 10654 10675
f 10654 10674 10652
f 10676 10675 10677
f 10675 10676 10674
f 10678 10679 10680
f 10679 10678 10681
f 10673 10682 10671
f 10682 10673 10683
f 10680 10684 10685
f 10684 10680 10679
f 10686 10677 10687
f 10677 10686 10676
f 10655 10666 10653
f 10666 10655 10669
f 10688 10687 10689
f 10687 10688 10686
f 10690 10649 10648
f 10649 10690 10691
f 10692 10693 10694
f 10693 10692 10695
f 10694 10681 10678
f 10681 10694 10693
f 10684 10696 10685
f 10696 10684 10697
f 10698 10699 10700
f 10699 10698 10701
f 10702 10663 10660
f 10663 10702 10703
f 10704 10705 10706
f 10705 10704 10707
f 10708 10640 10709
f 10640 10708 10643
f 10642 10695 10692
f 10695 10642 10641
f 10710 10618 10711
f 10618 10710 10616
f 10712 10709 10713
f 10709 10712 10708
f 10704 10711 10707
f 10711 10704 10710
f 10668 10714 10715
f 10714 10668 10667
f 10638 10716 10717
f 10716 10638 10637
f 10619 10713 10617
f 10713 10619 10712
f 10716 10718 10717
f 10718 10716 10719
f 10706 10720 10721
f 10720 10706 10705
f 10662 10682 10683
f 10682 10662 10661
f 10719 10722 10718
f 10722 10719 10723
f 10723 10724 10722
f 10724 10723 10725
f 10725 10726 10724
f 10726 10725 10727
f 10727 10645 10726
f 10645 10727 10644
f 10622 10633 10632
f 10633 10622 10621
f 10721 10703 10702
f 10703 10721 10720
f 10697 10700 10696
f 10700 10697 10698
f 10701 10672 10699
f 10672 10701 10670
f 10728 10729 10730
f 10729 10728 10731
f 10732 10733 10734
f 10733 10732 10735
f 10736 10737 10738
f 10737 10736 10739
f 10735 10740 10733
f 10740 10735 10741
f 10742 10743 10744
f 10743 10742 10745
f 10746 10747 10748
f 10747 10746 10749
f 10749 10750 10747
f 10750 10749 10751
f 10730 10752 10753
f 10752 10730 10729
f 10664 10754 10755
f 10754 10664 10665
f 10756 10744 10757
f 10744 10756 10742
f 10751 10758 10750
f 10758 10751 10759
f 10760 10761 10762
f 10761 10760 10763
f 10745 10764 10743
f 10764 10745 10765
f 10764 10766 10767
f 10766 10764 10765
f 10768 10763 10760
f 10763 10768 10769
f 10770 10771 10772
f 10771 10770 10773
f 10768 10738 10769
f 10738 10768 10736
f 10772 10774 10775
f 10774 10772 10771
f 10759 10734 10758
f 10734 10759 10732
f 10755 10691 10690
f 10691 10755 10754
f 10776 10746 10748
f 10746 10776 10777
f 10753 10740 10741
f 10740 10753 10752
f 10775 10777 10776
f 10777 10775 10774
f 10762 10731 10728
f 10731 10762 10761
f 10739 10757 10737
f 10757 10739 10756
f 10778 10779 10780
f 10779 10778 10781
f 10782 10783 10784
f 10783 10782 10785
f 10778 10786 10781
f 10786 10778 10787
f 10788 10789 10790
f 10789 10788 10791
f 10787 10792 10786
f 10792 10787 10793
f 10793 10794 10792
f 10794 10793 10795
f 10796 10797 10798
f 10797 10796 10799
f 10800 9127 9124
f 9127 10800 10801
f 10784 10802 10803
f 10802 10784 10783
f 10804 10805 10806
f 10805 10804 10807
f 10808 10809 10810
f 10809 10808 10811
f 10812 10807 10804
f 10807 10812 10813
f 10814 10813 10812
f 10813 10814 10815
f 10816 10815 10814
f 10815 10816 10817
f 10816 10818 10817
f 10818 10816 10819
f 10820 10821 10822
f 10821 10820 10823
f 10824 10825 10826
f 10825 10824 10827
f 10811 10828 10809
f 10828 10811 10829
f 10822 10830 10831
f 10830 10822 10821
f 10806 10791 10788
f 10791 10806 10805
f 10831 10832 10833
f 10832 10831 10830
f 10819 10834 10818
f 10834 10819 10835
f 10835 10836 10834
f 10836 10835 10837
f 10837 10838 10836
f 10838 10837 10839
f 10840 10841 10842
f 10841 10840 10843
f 10842 10844 10845
f 10844 10842 10841
f 10832 10846 10833
f 10846 10832 10847
f 10848 10840 10849
f 10840 10848 10843
f 10839 10849 10838
f 10849 10839 10848
f 10847 10850 10846
f 10850 10847 10851
f 10852 10853 10854
f 10853 10852 10855
f 10851 10856 10850
f 10856 10851 10857
f 10803 10824 10826
f 10824 10803 10802
f 10857 10854 10856
f 10854 10857 10852
f 10855 10858 10853
f 10858 10855 10859
f 10860 10858 10859
f 10858 10860 10861
f 10862 10861 10860
f 10861 10862 10863
f 10827 10864 10825
f 10864 10827 10865
f 10829 10789 10828
f 10789 10829 10790
f 10866 10823 10820
f 10823 10866 10867
f 10798 10863 10862
f 10863 10798 10797
f 10780 10799 10796
f 10799 10780 10779
f 10865 10810 10864
f 10810 10865 10808
f 10845 10785 10782
f 10785 10845 10844
f 10868 10869 10870
f 10869 10868 10871
f 10872 10873 10874
f 10873 10872 10875
f 10873 10876 10877
f 10876 10873 10875
f 10878 10879 10880
f 10879 10878 10881
f 10882 10883 10884
f 10883 10882 10885
f 10886 10887 10888
f 10887 10886 10889
f 10881 10890 10879
f 10890 10881 10891
f 10892 10893 10894
f 10893 10892 10895
f 10896 10897 10898
f 10897 10896 10899
f 10900 10901 10902
f 10901 10900 10903
f 10877 10904 10905
f 10904 10877 10876
f 10906 10907 10908
f 10907 10906 10909
f 10894 10910 10911
f 10910 10894 10893
f 10912 10913 10914
f 10913 10912 10915
f 10916 10917 10918
f 10917 10916 10919
f 10920 10908 10921
f 10908 10920 10906
f 10871 10874 10869
f 10874 10871 10872
f 10914 10885 10882
f 10885 10914 10913
f 10922 10880 10923
f 10880 10922 10878
f 10924 10925 10926
f 10925 10924 10927
f 10917 10928 10918
f 10928 10917 10929
f 10930 10888 10931
f 10888 10930 10886
f 10932 10927 10924
f 10927 10932 10933
f 10934 10907 10909
f 10907 10934 10935
f 10936 10923 10937
f 10923 10936 10922
f 10889 10883 10887
f 10883 10889 10884
f 10938 10939 10940
f 10939 10938 10941
f 10942 10937 10943
f 10937 10942 10936
f 10944 10945 10946
f 10945 10944 10947
f 10890 10895 10892
f 10895 10890 10891
f 10948 10949 10950
f 10949 10948 10951
f 10952 10915 10912
f 10915 10952 10953
f 10954 10921 10955
f 10921 10954 10920
f 10902 10948 10950
f 10948 10902 10901
f 10951 10956 10949
f 10956 10951 10957
f 10940 10953 10952
f 10953 10940 10939
f 10938 10943 10941
f 10943 10938 10942
f 10911 10903 10900
f 10903 10911 10910
f 10929 10958 10928
f 10958 10929 10959
f 10926 10935 10934
f 10935 10926 10925
f 10959 10955 10958
f 10955 10959 10954
f 10898 10933 10932
f 10933 10898 10897
f 10896 10960 10899
f 10960 10896 10961
f 10961 10962 10960
f 10962 10961 10963
f 10946 10919 10916
f 10919 10946 10945
f 10905 10947 10944
f 10947 10905 10904
f 10957 10931 10956
f 10931 10957 10930
f 10963 10870 10962
f 10870 10963 10868
f 10964 10965 10966
f 10965 10964 10967
f 10968 10967 10964
f 10967 10968 10969
f 10970 10971 10972
f 10971 10970 10973
f 9913 9207 9911
f 9207 9913 9206
f 10966 10974 10975
f 10974 10966 10965
f 10974 10976 10975
f 10976 10974 10977
f 10978 10979 10980
f 10979 10978 10981
f 10982 10983 10984
f 10983 10982 10985
f 10981 10986 10979
f 10986 10981 10987
f 10988 10989 10990
f 10989 10988 10991
f 9945 10969 10968
f 10969 9945 9944
f 10992 10972 10993
f 10972 10992 10970
f 10994 10985 10982
f 10985 10994 10995
f 10996 10997 10998
f 10997 10996 10999
f 10977 10980 10976
f 10980 10977 10978
f 10987 10998 10986
f 10998 10987 10996
f 10973 11000 10971
f 11000 10973 11001
f 11001 10990 11000
f 10990 11001 10988
f 10992 11002 11003
f 11002 10992 10993
f 10991 10994 10989
f 10994 10991 10995
f 11004 11005 11006
f 11005 11004 11007
f 11008 11009 11010
f 11009 11008 11011
f 9943 10997 10999
f 10997 9943 9942
f 11006 11012 11013
f 11012 11006 11005
f 11014 11015 11016
f 11015 11014 11017
f 11018 11016 11019
f 11016 11018 11014
f 11017 11020 11015
f 11020 11017 11021
f 11022 11023 11024
f 11023 11022 11025
f 10984 11025 11022
f 11025 10984 10983
f 11026 11027 11028
f 11027 11026 11029
f 11030 11031 11032
f 11031 11030 11033
f 11024 11029 11026
f 11029 11024 11023
f 11020 11033 11030
f 11033 11020 11021
f 11027 11034 11028
f 11034 11027 11035
f 11035 11036 11034
f 11036 11035 11037
f 11037 11010 11036
f 11010 11037 11008
f 11011 11038 11009
f 11038 11011 11039
f 11039 11012 11038
f 11012 11039 11013
f 11040 11007 11004
f 11007 11040 11041
f 11042 11041 11040
f 11041 11042 11043
f 11044 11045 11046
f 11045 11044 11047
f 11048 11044 11049
f 11044 11048 11047
f 11046 10867 10866
f 10867 11046 11045
f 11050 11051 11052
f 11051 11050 11053
f 11054 11055 11056
f 11055 11054 11057
f 11055 11058 11059
f 11058 11055 11057
f 10795 11060 10794
f 11060 10795 11061
f 10688 11062 11063
f 11062 10688 10689
f 11064 11065 11066
f 11065 11064 11067
f 11059 9151 9148
f 9151 11059 11058
f 11068 10801 10800
f 10801 11068 11069
f 11070 11067 11064
f 11067 11070 11071
f 11072 11073 11074
f 11073 11072 11075
f 11072 11071 11070
f 11071 11072 11074
f 11053 11056 11051
f 11056 11053 11054
f 11075 11076 11073
f 11076 11075 11077
f 11077 11052 11076
f 11052 11077 11050
f 11061 11049 11060
f 11049 11061 11048
f 11078 11079 11080
f 11079 11078 11081
f 8923 11082 8921
f 11082 8923 11083
f 11084 11085 11086
f 11085 11084 11087
f 9214 11088 11089
f 11088 9214 9213
f 11090 11091 11092
f 11091 11090 11093
f 11094 11095 11096
f 11095 11094 11097
f 11089 11098 11099
f 11098 11089 11088
f 11099 11100 11101
f 11100 11099 11098
f 11101 11102 11103
f 11102 11101 11100
f 11104 11105 11106
f 11105 11104 11107
f 11097 11108 11095
f 11108 11097 11109
f 11109 11086 11108
f 11086 11109 11084
f 11110 11107 11104
f 11107 11110 11111
f 11106 11081 11078
f 11081 11106 11105
f 11087 11092 11085
f 11092 11087 11090
f 11112 11113 11114
f 11113 11112 11115
f 11116 11019 11117
f 11019 11116 11018
f 11080 11082 11083
f 11082 11080 11079
f 11094 11111 11110
f 11111 11094 11096
f 11091 11115 11112
f 11115 11091 11093
f 11102 9233 11103
f 9233 11102 9232
f 11114 11118 11119
f 11118 11114 11113
f 11120 11121 11122
f 11121 11120 11123
f 11119 11123 11120
f 11123 11119 11118
f 11122 11124 11125
f 11124 11122 11121
f 11124 11126 11125
f 11126 11124 11127
f 11127 11128 11126
f 11128 11127 11129
f 11129 11130 11128
f 11130 11129 11131
f 11131 8922 11130
f 8922 11131 8920
f 11132 11133 11134
f 11133 11132 11135
f 11136 11137 11138
f 11137 11136 11139
f 11139 11140 11137
f 11140 11139 11141
f 11142 11143 11144
f 11143 11142 11145
f 11146 11147 11148
f 11147 11146 11149
f 11143 11138 11144
f 11138 11143 11136
f 9197 11150 9195
f 11150 9197 11151
f 11134 11145 11142
f 11145 11134 11133
f 11152 11153 11154
f 11153 11152 11155
f 11156 11157 11158
f 11157 11156 11159
f 11160 11161 11162
f 11161 11160 11163
f 11164 11163 11160
f 11163 11164 11165
f 11150 11149 11146
f 11149 11150 11151
f 11066 9123 9120
f 9123 11066 11065
f 9161 11135 11132
f 11135 9161 9160
f 11158 11166 11167
f 11166 11158 11157
f 11168 11159 11156
f 11159 11168 11169
f 11162 11169 11168
f 11169 11162 11161
f 11141 11154 11140
f 11154 11141 11152
f 11155 11166 11153
f 11166 11155 11167
f 11170 11171 11172
f 11171 11170 11173
f 11174 11175 11176
f 11175 11174 11177
f 11178 11177 11174
f 11177 11178 11179
f 11180 11179 11178
f 11179 11180 11181
f 11182 11183 11184
f 11183 11182 11185
f 11182 11181 11180
f 11181 11182 11184
f 11185 11186 11183
f 11186 11185 11187
f 11187 11188 11186
f 11188 11187 11189
f 11189 9196 11188
f 9196 11189 9194
f 11190 11172 11191
f 11172 11190 11170
f 11192 11193 11194
f 11193 11192 11195
f 11164 9159 11165
f 9159 11164 9158
f 11148 11196 11197
f 11196 11148 11147
f 11197 11198 11199
f 11198 11197 11196
f 11199 11200 11201
f 11200 11199 11198
f 11202 11203 11204
f 11203 11202 11205
f 11173 11194 11171
f 11194 11173 11192
f 11206 11193 11195
f 11193 11206 11207
f 11176 11207 11206
f 11207 11176 11175
f 11201 11202 11204
f 11202 11201 11200
f 11205 11191 11203
f 11191 11205 11190
f 11208 11209 11210
f 11209 11208 11211
f 11212 11213 11214
f 11213 11212 11215
f 11215 11117 11213
f 11117 11215 11116
f 8947 9251 9248
f 9251 8947 8946
f 11216 11217 11218
f 11217 11216 11219
f 11219 11220 11217
f 11220 11219 11221
f 11222 11223 11224
f 11223 11222 11225
f 11003 11043 11042
f 11043 11003 11002
f 11032 11226 11227
f 11226 11032 11031
f 11228 11229 11230
f 11229 11228 11231
f 11231 11232 11229
f 11232 11231 11233
f 11210 11220 11221
f 11220 11210 11209
f 11227 11234 11235
f 11234 11227 11226
f 11235 11236 11237
f 11236 11235 11234
f 11233 11238 11232
f 11238 11233 11239
f 11240 11211 11208
f 11211 11240 11241
f 11224 11241 11240
f 11241 11224 11223
f 11212 11225 11222
f 11225 11212 11214
f 11237 11228 11230
f 11228 11237 11236
f 11239 11218 11238
f 11218 11239 11216
f 11242 11243 11244
f 11243 11242 11245
f 11246 11247 11248
f 11247 11246 11249
f 11250 11251 11252
f 11251 11250 11253
f 11254 11246 11255
f 11246 11254 23
f 11246 23 11249
f 11249 23 11256
f 11255 11257 13
f 11257 11255 11246
f 13 11257 11256
f 13 11256 23
f 11258 11259 11260
f 11259 11258 11261
f 11262 11263 23
f 11263 11262 11264
f 11264 11262 11265
f 11264 11265 11266
f 11266 11265 11267
f 11267 11265 11268
f 11268 11265 11269
f 11269 11265 11270
f 11270 11265 11271
f 11271 11265 11272
f 11272 11265 11273
f 11273 11265 11274
f 11274 11265 11275
f 11275 11265 11276
f 11276 11265 11277
f 11277 11265 11278
f 11278 11265 11279
f 11279 11265 11280
f 11280 11265 11281
f 11281 11265 11282
f 11282 11265 11260
f 11260 11265 10924
f 10924 11265 10912
f 10912 11265 10728
f 10728 11265 10622
f 10622 11265 10702
f 10702 11265 11283
f 11283 11265 11284
f 11284 11265 11285
f 11285 11265 11286
f 11286 11265 10798
f 10798 11265 10804
f 10804 11265 11066
f 11066 11265 11168
f 11168 11265 11174
f 11174 11265 9278
f 9278 11265 9170
f 9170 11265 9918
f 9918 11265 11040
f 11040 11265 11240
f 11240 11265 8926
f 8926 11265 9216
f 9216 11265 11106
f 23 11113 13
f 11113 23 11118
f 11118 23 11263
f 11118 11263 11287
f 11118 11287 11288
f 11118 11288 11289
f 11118 11289 11290
f 11118 11290 8909
f 11118 8909 11291
f 11118 11291 11292
f 11118 11292 10947
f 11118 10947 10910
f 11118 10910 10771
f 11118 10771 10649
f 11118 10649 10693
f 11118 10693 11293
f 11118 11293 11294
f 11118 11294 11295
f 11118 11295 10801
f 11118 10801 10823
f 11118 10823 10785
f 11118 10785 9149
f 11118 9149 11135
f 11118 11135 11196
f 11118 11196 9201
f 11118 9201 9909
f 11118 9909 10969
f 11118 10969 11025
f 11118 11025 11226
f 11118 11226 9249
f 11118 9249 11088
f 13 11113 11115
f 13 11115 11093
f 13 11093 11090
f 13 11090 11087
f 13 11087 11084
f 13 11084 11109
f 13 11109 11097
f 13 11097 11094
f 13 11094 11110
f 13 11110 11104
f 13 11104 11106
f 13 11106 11265
f 9213 11118 11088
f 11118 9213 11123
f 11123 9213 9215
f 11123 9215 11121
f 11121 9215 9211
f 11121 9211 11124
f 11124 9211 9208
f 11124 9208 11127
f 11127 9208 9227
f 11127 9227 11129
f 11129 9227 9224
f 11129 9224 11131
f 11131 9224 9243
f 11131 9243 8920
f 8920 9243 9223
f 8920 9223 8923
f 8923 9223 9220
f 8923 9220 11083
f 11083 9220 9238
f 11083 9238 11080
f 11080 9238 9240
f 11080 9240 11078
f 11078 9240 9216
f 11078 9216 11106
f 9251 11088 9249
f 11088 9251 11098
f 11098 9251 8946
f 11098 8946 11100
f 11100 8946 8945
f 11100 8945 11102
f 11102 8945 8941
f 11102 8941 9232
f 9232 8941 8939
f 9232 8939 9228
f 9228 8939 8931
f 9228 8931 9231
f 9231 8931 8928
f 9231 8928 9245
f 9245 8928 8937
f 9245 8937 9234
f 9234 8937 8932
f 9234 8932 9237
f 9237 8932 8934
f 9237 8934 9246
f 9246 8934 8924
f 9246 8924 9218
f 9218 8924 8926
f 9218 8926 9216
f 11031 9249 11226
f 9249 11031 9271
f 9271 11031 11033
f 9271 11033 9255
f 9255 11033 11021
f 9255 11021 9253
f 9253 11021 11017
f 9253 11017 9257
f 9257 11017 11014
f 9257 11014 9259
f 9259 11014 11018
f 9259 11018 9261
f 9261 11018 11116
f 9261 11116 9263
f 9263 11116 11215
f 9263 11215 9265
f 9265 11215 11212
f 9265 11212 9267
f 9267 11212 11222
f 9267 11222 9268
f 9268 11222 11224
f 9268 11224 8943
f 8943 11224 11240
f 8943 11240 8926
f 10983 11226 11025
f 11226 10983 11234
f 11234 10983 10985
f 11234 10985 11236
f 11236 10985 10995
f 11236 10995 11228
f 11228 10995 10991
f 11228 10991 11231
f 11231 10991 10988
f 11231 10988 11233
f 11233 10988 11001
f 11233 11001 11239
f 11239 11001 10973
f 11239 10973 11216
f 11216 10973 10970
f 11216 10970 11219
f 11219 10970 10992
f 11219 10992 11221
f 11221 10992 11003
f 11221 11003 11210
f 11210 11003 11042
f 11210 11042 11208
f 11208 11042 11040
f 11208 11040 11240
f 9944 11025 10969
f 11025 9944 11023
f 11023 9944 9940
f 11023 9940 11029
f 11029 9940 9939
f 11029 9939 11027
f 11027 9939 9936
f 11027 9936 11035
f 11035 9936 9933
f 11035 9933 11037
f 11037 9933 9930
f 11037 9930 11008
f 11008 9930 9929
f 11008 9929 11011
f 11011 9929 9926
f 11011 9926 11039
f 11039 9926 9934
f 11039 9934 11013
f 11013 9934 9914
f 11013 9914 11006
f 11006 9914 9916
f 11006 9916 11004
f 11004 9916 9918
f 11004 9918 11040
f 9198 10969 9909
f 10969 9198 10967
f 10967 9198 9189
f 10967 9189 10965
f 10965 9189 9191
f 10965 9191 10974
f 10974 9191 9192
f 10974 9192 10977
f 10977 9192 9185
f 10977 9185 10978
f 10978 9185 9182
f 10978 9182 10981
f 10981 9182 9181
f 10981 9181 10987
f 10987 9181 9178
f 10987 9178 10996
f 10996 9178 9186
f 10996 9186 10999
f 10999 9186 9176
f 10999 9176 9943
f 9943 9176 9172
f 9943 9172 9920
f 9920 9172 9170
f 9920 9170 9918
f 9203 9909 9201
f 9909 9203 9907
f 9907 9203 9311
f 9907 9311 9925
f 9925 9311 9309
f 9925 9309 9923
f 9923 9309 9307
f 9923 9307 9910
f 9910 9307 9304
f 9910 9304 9913
f 9913 9304 9303
f 9913 9303 9206
f 9206 9303 9289
f 9206 9289 9162
f 9162 9289 9286
f 9162 9286 9165
f 9165 9286 9298
f 9165 9298 9175
f 9175 9298 9294
f 9175 9294 9168
f 9168 9294 9276
f 9168 9276 9166
f 9166 9276 9278
f 9166 9278 9170
f 11147 9201 11196
f 9201 11147 9204
f 9204 11147 11149
f 9204 11149 9285
f 9285 11149 11151
f 9285 11151 9283
f 9283 11151 9197
f 9283 9197 9290
f 9290 9197 9194
f 9290 9194 9293
f 9293 9194 11189
f 9293 11189 9313
f 9313 11189 11187
f 9313 11187 9300
f 9300 11187 11185
f 9300 11185 9272
f 9272 11185 11182
f 9272 11182 9275
f 9275 11182 11180
f 9275 11180 9297
f 9297 11180 11178
f 9297 11178 9281
f 9281 11178 11174
f 9281 11174 9278
f 9160 11196 11135
f 11196 9160 11198
f 11198 9160 9146
f 11198 9146 11200
f 11200 9146 9133
f 11200 9133 11202
f 11202 9133 9119
f 11202 9119 11205
f 11205 9119 9116
f 11205 9116 11190
f 11190 9116 9128
f 11190 9128 11170
f 11170 9128 9154
f 11170 9154 11173
f 11173 9154 9158
f 11173 9158 11192
f 11192 9158 11164
f 11192 11164 11195
f 11195 11164 11160
f 11195 11160 11206
f 11206 11160 11162
f 11206 11162 11176
f 11176 11162 11168
f 11176 11168 11174
f 9151 11135 9149
f 11135 9151 11133
f 11133 9151 11058
f 11133 11058 11145
f 11145 11058 11057
f 11145 11057 11143
f 11143 11057 11054
f 11143 11054 11136
f 11136 11054 11053
f 11136 11053 11139
f 11139 11053 11050
f 11139 11050 11141
f 11141 11050 11077
f 11141 11077 11152
f 11152 11077 11075
f 11152 11075 11155
f 11155 11075 11072
f 11155 11072 11167
f 11167 11072 11070
f 11167 11070 11158
f 11158 11070 11064
f 11158 11064 11156
f 11156 11064 11066
f 11156 11066 11168
f 10844 9149 10785
f 9149 10844 9137
f 9137 10844 10841
f 9137 10841 9135
f 9135 10841 10843
f 9135 10843 9142
f 9142 10843 10848
f 9142 10848 9145
f 9145 10848 10839
f 9145 10839 9156
f 9156 10839 10837
f 9156 10837 9152
f 9152 10837 10835
f 9152 10835 9138
f 9138 10835 10819
f 9138 10819 9141
f 9141 10819 10816
f 9141 10816 9131
f 9131 10816 10814
f 9131 10814 9122
f 9122 10814 10812
f 9122 10812 9120
f 9120 10812 10804
f 9120 10804 11066
f 10867 10785 10823
f 10785 10867 10783
f 10783 10867 11045
f 10783 11045 10802
f 10802 11045 11047
f 10802 11047 10824
f 10824 11047 11048
f 10824 11048 10827
f 10827 11048 11061
f 10827 11061 10865
f 10865 11061 10795
f 10865 10795 10808
f 10808 10795 10793
f 10808 10793 10811
f 10811 10793 10787
f 10811 10787 10829
f 10829 10787 10778
f 10829 10778 10790
f 10790 10778 10780
f 10790 10780 10788
f 10788 10780 10796
f 10788 10796 10806
f 10806 10796 10798
f 10806 10798 10804
f 11069 10823 10801
f 10823 11069 10821
f 10821 11069 11296
f 10821 11296 10830
f 10830 11296 11297
f 10830 11297 10832
f 10832 11297 11298
f 10832 11298 10847
f 10847 11298 11299
f 10847 11299 10851
f 10851 11299 11300
f 10851 11300 10857
f 10857 11300 11301
f 10857 11301 10852
f 10852 11301 11302
f 10852 11302 10855
f 10855 11302 11303
f 10855 11303 10859
f 10859 11303 11304
f 10859 11304 10860
f 10860 11304 11305
f 10860 11305 10862
f 10862 11305 11286
f 10862 11286 10798
f 11306 10801 11295
f 10801 11306 9127
f 9127 11306 11307
f 9127 11307 9125
f 9125 11307 11308
f 9125 11308 11309
f 11309 11308 11310
f 11309 11310 11311
f 11311 11310 11312
f 11311 11312 11313
f 11313 11312 11314
f 11313 11314 11315
f 11315 11314 11316
f 11315 11316 11317
f 11317 11316 11318
f 11317 11318 11319
f 11319 11318 11320
f 11319 11320 11321
f 11321 11320 11322
f 11321 11322 11323
f 11323 11322 11324
f 11323 11324 11325
f 11325 11324 11285
f 11325 11285 11286
f 11326 11295 11294
f 11295 11326 11327
f 11327 11326 11328
f 11327 11328 11329
f 11329 11328 11330
f 11329 11330 11331
f 11331 11330 11332
f 11331 11332 11333
f 11333 11332 11334
f 11333 11334 11335
f 11335 11334 11336
f 11335 11336 11337
f 11337 11336 11338
f 11337 11338 11339
f 11339 11338 11340
f 11339 11340 11341
f 11341 11340 11342
f 11341 11342 11343
f 11343 11342 11344
f 11343 11344 11345
f 11345 11344 11346
f 11345 11346 11347
f 11347 11346 11284
f 11347 11284 11285
f 10714 11294 11293
f 11294 10714 11348
f 11348 10714 10667
f 11348 10667 11349
f 11349 10667 10669
f 11349 10669 11350
f 11350 10669 10655
f 11350 10655 11351
f 11351 10655 10652
f 11351 10652 11352
f 11352 10652 10674
f 11352 10674 11353
f 11353 10674 10676
f 11353 10676 11354
f 11354 10676 10686
f 11354 10686 11355
f 11355 10686 10688
f 11355 10688 11356
f 11356 10688 11063
f 11356 11063 11357
f 11357 11063 11358
f 11357 11358 11359
f 11359 11358 11283
f 11359 11283 11284
f 10695 11293 10693
f 11293 10695 11360
f 11360 10695 10641
f 11360 10641 11361
f 11361 10641 10643
f 11361 10643 11362
f 11362 10643 10708
f 11362 10708 11363
f 11363 10708 10712
f 11363 10712 11364
f 11364 10712 10619
f 11364 10619 11365
f 11365 10619 10616
f 11365 10616 11366
f 11366 10616 10710
f 11366 10710 11367
f 11367 10710 10704
f 11367 10704 11368
f 11368 10704 10706
f 11368 10706 11369
f 11369 10706 10721
f 11369 10721 11370
f 11370 10721 10702
f 11370 10702 11283
f 10691 10693 10649
f 10693 10691 10681
f 10681 10691 10754
f 10681 10754 10679
f 10679 10754 10665
f 10679 10665 10684
f 10684 10665 10659
f 10684 10659 10697
f 10697 10659 10657
f 10697 10657 10698
f 10698 10657 10651
f 10698 10651 10701
f 10701 10651 10647
f 10701 10647 10670
f 10670 10647 10627
f 10670 10627 10673
f 10673 10627 10624
f 10673 10624 10683
f 10683 10624 10635
f 10683 10635 10662
f 10662 10635 10620
f 10662 10620 10660
f 10660 10620 10622
f 10660 10622 10702
f 10773 10649 10771
f 10649 10773 10639
f 10639 10773 10766
f 10639 10766 10637
f 10637 10766 10765
f 10637 10765 10716
f 10716 10765 10745
f 10716 10745 10719
f 10719 10745 10742
f 10719 10742 10723
f 10723 10742 10756
f 10723 10756 10725
f 10725 10756 10739
f 10725 10739 10727
f 10727 10739 10736
f 10727 10736 10644
f 10644 10736 10768
f 10644 10768 10630
f 10630 10768 10760
f 10630 10760 10628
f 10628 10760 10762
f 10628 10762 10632
f 10632 10762 10728
f 10632 10728 10622
f 10893 10771 10910
f 10771 10893 10774
f 10774 10893 10895
f 10774 10895 10777
f 10777 10895 10891
f 10777 10891 10746
f 10746 10891 10881
f 10746 10881 10749
f 10749 10881 10878
f 10749 10878 10751
f 10751 10878 10922
f 10751 10922 10759
f 10759 10922 10936
f 10759 10936 10732
f 10732 10936 10942
f 10732 10942 10735
f 10735 10942 10938
f 10735 10938 10741
f 10741 10938 10940
f 10741 10940 10753
f 10753 10940 10952
f 10753 10952 10730
f 10730 10952 10912
f 10730 10912 10728
f 10904 10910 10947
f 10910 10904 10903
f 10903 10904 10876
f 10903 10876 10901
f 10901 10876 10875
f 10901 10875 10948
f 10948 10875 10872
f 10948 10872 10951
f 10951 10872 10871
f 10951 10871 10957
f 10957 10871 10868
f 10957 10868 10930
f 10930 10868 10963
f 10930 10963 10886
f 10886 10963 10961
f 10886 10961 10889
f 10889 10961 10896
f 10889 10896 10884
f 10884 10896 10898
f 10884 10898 10882
f 10882 10898 10932
f 10882 10932 10914
f 10914 10932 10924
f 10914 10924 10912
f 11371 10947 11292
f 10947 11371 10945
f 10945 11371 11251
f 10945 11251 10919
f 10919 11251 11253
f 10919 11253 10917
f 10917 11253 11372
f 10917 11372 10929
f 10929 11372 11373
f 10929 11373 10959
f 10959 11373 11374
f 10959 11374 10954
f 10954 11374 11375
f 10954 11375 10920
f 10920 11375 11376
f 10920 11376 10906
f 10906 11376 11377
f 10906 11377 10909
f 10909 11377 11378
f 10909 11378 10934
f 10934 11378 11258
f 10934 11258 10926
f 10926 11258 11260
f 10926 11260 10924
f 11379 11292 11291
f 11292 11379 11380
f 11380 11379 11381
f 11380 11381 11382
f 11382 11381 11383
f 11382 11383 11384
f 11384 11383 11385
f 11384 11385 11386
f 11386 11385 11387
f 11386 11387 11388
f 11388 11387 11389
f 11388 11389 11390
f 11390 11389 11391
f 11390 11391 11392
f 11392 11391 11393
f 11392 11393 11242
f 11242 11393 11394
f 11242 11394 11245
f 11245 11394 11395
f 11245 11395 11396
f 11396 11395 11397
f 11396 11397 11398
f 11398 11397 11282
f 11398 11282 11260
f 11399 11291 8909
f 11291 11399 11400
f 11400 11399 11401
f 11400 11401 11402
f 11402 11401 11403
f 11402 11403 11404
f 11404 11403 11405
f 11404 11405 11406
f 11406 11405 11407
f 11406 11407 11408
f 11408 11407 11409
f 11408 11409 11410
f 11410 11409 11411
f 11410 11411 11412
f 11412 11411 11413
f 11412 11413 11414
f 11414 11413 11415
f 11414 11415 11416
f 11416 11415 11417
f 11416 11417 11418
f 11418 11417 11419
f 11418 11419 11420
f 11420 11419 11281
f 11420 11281 11282
f 11421 8909 11290
f 8909 11421 8907
f 8907 11421 11422
f 8907 11422 8910
f 8910 11422 11423
f 8910 11423 8916
f 8916 11423 11424
f 8916 11424 8919
f 8919 11424 11425
f 8919 11425 8912
f 8912 11425 11426
f 8912 11426 8915
f 8915 11426 11427
f 8915 11427 11428
f 11428 11427 11429
f 11428 11429 11430
f 11430 11429 11431
f 11430 11431 11432
f 11432 11431 11433
f 11432 11433 11434
f 11434 11433 11435
f 11434 11435 11436
f 11436 11435 11280
f 11436 11280 11281
f 11437 11290 11289
f 11290 11437 11438
f 11438 11437 11439
f 11438 11439 11440
f 11440 11439 11441
f 11440 11441 11442
f 11442 11441 11443
f 11442 11443 11444
f 11444 11443 11445
f 11444 11445 11446
f 11446 11445 11447
f 11446 11447 11448
f 11448 11447 11449
f 11448 11449 11450
f 11450 11449 11451
f 11450 11451 11452
f 11452 11451 11453
f 11452 11453 11454
f 11454 11453 11455
f 11454 11455 11456
f 11456 11455 11457
f 11456 11457 11458
f 11458 11457 11279
f 11458 11279 11280
f 11459 11289 11288
f 11289 11459 11460
f 11460 11459 11461
f 11460 11461 11462
f 11462 11461 11463
f 11462 11463 11464
f 11464 11463 11465
f 11464 11465 11466
f 11466 11465 11467
f 11466 11467 11468
f 11468 11467 11469
f 11468 11469 11470
f 11470 11469 11471
f 11470 11471 11472
f 11472 11471 11473
f 11472 11473 11474
f 11474 11473 11475
f 11474 11475 11476
f 11476 11475 11477
f 11476 11477 11478
f 11478 11477 11479
f 11478 11479 11480
f 11480 11479 11278
f 11480 11278 11279
f 11481 11288 11287
f 11288 11481 11482
f 11482 11481 11483
f 11482 11483 11484
f 11484 11483 11485
f 11484 11485 11486
f 11486 11485 11487
f 11486 11487 11488
f 11488 11487 11489
f 11488 11489 11490
f 11490 11489 11491
f 11490 11491 11492
f 11492 11491 11493
f 11492 11493 11494
f 11494 11493 11495
f 11494 11495 11496
f 11496 11495 11497
f 11496 11497 11498
f 11498 11497 11499
f 11498 11499 11500
f 11500 11499 11501
f 11500 11501 11502
f 11502 11501 11277
f 11502 11277 11278
f 11503 11287 11263
f 11287 11503 11504
f 11504 11503 11505
f 11504 11505 11506
f 11506 11505 11507
f 11506 11507 11508
f 11508 11507 11509
f 11508 11509 11510
f 11510 11509 11511
f 11510 11511 11512
f 11512 11511 11513
f 11512 11513 11514
f 11514 11513 11515
f 11514 11515 11516
f 11516 11515 11517
f 11516 11517 11518
f 11518 11517 11519
f 11518 11519 11520
f 11520 11519 11521
f 11520 11521 11522
f 11522 11521 11523
f 11522 11523 11524
f 11524 11523 11276
f 11524 11276 11277
f 11396 11243 11245
f 11243 11396 11525
f 11526 11290 11527
f 11290 11526 11421
f 11375 11528 11529
f 11528 11375 11374
f 11527 11438 11530
f 11438 11527 11290
f 11531 11532 2951
f 11532 11531 11265
f 11532 11265 11533
f 11533 11265 11247
f 2951 11248 11262
f 11248 2951 11532
f 11262 11248 11247
f 11262 11247 11265
f 11256 11532 11533
f 11532 11256 11257
f 11249 11119 11247
f 11119 11249 11114
f 11114 11249 11256
f 11114 11256 11112
f 11112 11256 11091
f 11091 11256 11092
f 11092 11256 11085
f 11085 11256 11086
f 11086 11256 11108
f 11108 11256 11095
f 11095 11256 11096
f 11096 11256 11111
f 11111 11256 11107
f 11107 11256 11105
f 11105 11256 9219
f 9219 11256 8925
f 8925 11256 11241
f 11241 11256 11041
f 11041 11256 9921
f 9921 11256 9171
f 9171 11256 9277
f 9277 11256 11177
f 11177 11256 11169
f 11169 11256 11065
f 11065 11256 10807
f 10807 11256 10797
f 10797 11256 11534
f 11534 11256 11535
f 11535 11256 11536
f 11536 11256 11537
f 11537 11256 10703
f 10703 11256 10621
f 10621 11256 10731
f 10731 11256 10915
f 10915 11256 10927
f 10927 11256 11259
f 11259 11256 11538
f 11538 11256 11539
f 11539 11256 11540
f 11540 11256 11541
f 11541 11256 11542
f 11542 11256 11543
f 11543 11256 11544
f 11247 11545 11533
f 11545 11247 11546
f 11546 11247 11119
f 11546 11119 11089
f 11546 11089 9250
f 11546 9250 11227
f 11546 11227 11022
f 11546 11022 10968
f 11546 10968 9906
f 11546 9906 9202
f 11546 9202 11197
f 11546 11197 11132
f 11546 11132 9150
f 11546 9150 10782
f 11546 10782 10820
f 11546 10820 10800
f 11546 10800 11547
f 11546 11547 11548
f 11546 11548 11549
f 11546 11549 10694
f 11546 10694 10648
f 11546 10648 10772
f 11546 10772 10911
f 11546 10911 10944
f 11546 10944 11550
f 11546 11550 11551
f 11546 11551 8906
f 11546 8906 11527
f 11546 11527 11552
f 11546 11552 11553
f 11546 11553 11554
f 11533 11545 11555
f 11533 11555 11556
f 11533 11556 11557
f 11533 11557 11558
f 11533 11558 11559
f 11533 11559 11560
f 11533 11560 11561
f 11533 11561 11562
f 11533 11562 11563
f 11533 11563 11564
f 11533 11564 11544
f 11533 11544 11256
f 11565 11546 11554
f 11546 11565 11566
f 11566 11565 11567
f 11566 11567 11568
f 11568 11567 11569
f 11568 11569 11570
f 11570 11569 11571
f 11570 11571 11572
f 11572 11571 11573
f 11572 11573 11574
f 11574 11573 11575
f 11574 11575 11576
f 11576 11575 11577
f 11576 11577 11578
f 11578 11577 11579
f 11578 11579 11580
f 11580 11579 11581
f 11580 11581 11582
f 11582 11581 11583
f 11582 11583 11584
f 11584 11583 11585
f 11584 11585 11586
f 11586 11585 11543
f 11586 11543 11544
f 11587 11554 11553
f 11554 11587 11588
f 11588 11587 11589
f 11588 11589 11590
f 11590 11589 11591
f 11590 11591 11592
f 11592 11591 11593
f 11592 11593 11594
f 11594 11593 11595
f 11594 11595 11596
f 11596 11595 11597
f 11596 11597 11598
f 11598 11597 11599
f 11598 11599 11600
f 11600 11599 11601
f 11600 11601 11602
f 11602 11601 11603
f 11602 11603 11604
f 11604 11603 11605
f 11604 11605 11606
f 11606 11605 11607
f 11606 11607 11608
f 11608 11607 11542
f 11608 11542 11543
f 11609 11553 11552
f 11553 11609 11610
f 11610 11609 11611
f 11610 11611 11612
f 11612 11611 11613
f 11612 11613 11614
f 11614 11613 11615
f 11614 11615 11616
f 11616 11615 11617
f 11616 11617 11618
f 11618 11617 11619
f 11618 11619 11620
f 11620 11619 11621
f 11620 11621 11622
f 11622 11621 11623
f 11622 11623 11624
f 11624 11623 11625
f 11624 11625 11626
f 11626 11625 11627
f 11626 11627 11628
f 11628 11627 11629
f 11628 11629 11630
f 11630 11629 11541
f 11630 11541 11542
f 11530 11552 11527
f 11552 11530 11631
f 11631 11530 11632
f 11631 11632 11633
f 11633 11632 11634
f 11633 11634 11635
f 11635 11634 11636
f 11635 11636 11637
f 11637 11636 11638
f 11637 11638 11639
f 11639 11638 11640
f 11639 11640 11641
f 11641 11640 11642
f 11641 11642 11643
f 11643 11642 11644
f 11643 11644 11645
f 11645 11644 11646
f 11645 11646 11647
f 11647 11646 11648
f 11647 11648 11649
f 11649 11648 11650
f 11649 11650 11651
f 11651 11650 11540
f 11651 11540 11541
f 8908 11527 8906
f 11527 8908 11526
f 11526 8908 8911
f 11526 8911 11652
f 11652 8911 8918
f 11652 8918 11653
f 11653 8918 8917
f 11653 8917 11654
f 11654 8917 8914
f 11654 8914 11655
f 11655 8914 8913
f 11655 8913 11656
f 11656 8913 11657
f 11656 11657 11658
f 11658 11657 11659
f 11658 11659 11660
f 11660 11659 11661
f 11660 11661 11662
f 11662 11661 11663
f 11662 11663 11664
f 11664 11663 11665
f 11664 11665 11666
f 11666 11665 11539
f 11666 11539 11540
f 11667 8906 11551
f 8906 11667 11668
f 11668 11667 11669
f 11668 11669 11670
f 11670 11669 11671
f 11670 11671 11672
f 11672 11671 11673
f 11672 11673 11674
f 11674 11673 11675
f 11674 11675 11676
f 11676 11675 11677
f 11676 11677 11678
f 11678 11677 11679
f 11678 11679 11680
f 11680 11679 11681
f 11680 11681 11682
f 11682 11681 11683
f 11682 11683 11684
f 11684 11683 11685
f 11684 11685 11686
f 11686 11685 11687
f 11686 11687 11688
f 11688 11687 11538
f 11688 11538 11539
f 11689 11551 11550
f 11551 11689 11690
f 11690 11689 11691
f 11690 11691 11692
f 11692 11691 11693
f 11692 11693 11694
f 11694 11693 11695
f 11694 11695 11696
f 11696 11695 11697
f 11696 11697 11698
f 11698 11697 11699
f 11698 11699 11700
f 11700 11699 11701
f 11700 11701 11702
f 11702 11701 11244
f 11702 11244 11703
f 11703 11244 11243
f 11703 11243 11704
f 11704 11243 11525
f 11704 11525 11705
f 11705 11525 11706
f 11705 11706 11707
f 11707 11706 11259
f 11707 11259 11538
f 10946 11550 10944
f 11550 10946 11708
f 11708 10946 10916
f 11708 10916 11252
f 11252 10916 10918
f 11252 10918 11250
f 11250 10918 10928
f 11250 10928 11709
f 11709 10928 10958
f 11709 10958 11710
f 11710 10958 10955
f 11710 10955 11528
f 11528 10955 10921
f 11528 10921 11529
f 11529 10921 10908
f 11529 10908 11711
f 11711 10908 10907
f 11711 10907 11712
f 11712 10907 10935
f 11712 10935 11713
f 11713 10935 10925
f 11713 10925 11261
f 11261 10925 10927
f 11261 10927 11259
f 10900 10944 10911
f 10944 10900 10905
f 10905 10900 10902
f 10905 10902 10877
f 10877 10902 10950
f 10877 10950 10873
f 10873 10950 10949
f 10873 10949 10874
f 10874 10949 10956
f 10874 10956 10869
f 10869 10956 10931
f 10869 10931 10870
f 10870 10931 10888
f 10870 10888 10962
f 10962 10888 10887
f 10962 10887 10960
f 10960 10887 10883
f 10960 10883 10899
f 10899 10883 10885
f 10899 10885 10897
f 10897 10885 10913
f 10897 10913 10933
f 10933 10913 10915
f 10933 10915 10927
f 10775 10911 10772
f 10911 10775 10894
f 10894 10775 10776
f 10894 10776 10892
f 10892 10776 10748
f 10892 10748 10890
f 10890 10748 10747
f 10890 10747 10879
f 10879 10747 10750
f 10879 10750 10880
f 10880 10750 10758
f 10880 10758 10923
f 10923 10758 10734
f 10923 10734 10937
f 10937 10734 10733
f 10937 10733 10943
f 10943 10733 10740
f 10943 10740 10941
f 10941 10740 10752
f 10941 10752 10939
f 10939 10752 10729
f 10939 10729 10953
f 10953 10729 10731
f 10953 10731 10915
f 10636 10772 10648
f 10772 10636 10770
f 10770 10636 10638
f 10770 10638 10767
f 10767 10638 10717
f 10767 10717 10764
f 10764 10717 10718
f 10764 10718 10743
f 10743 10718 10722
f 10743 10722 10744
f 10744 10722 10724
f 10744 10724 10757
f 10757 10724 10726
f 10757 10726 10737
f 10737 10726 10645
f 10737 10645 10738
f 10738 10645 10629
f 10738 10629 10769
f 10769 10629 10631
f 10769 10631 10763
f 10763 10631 10633
f 10763 10633 10761
f 10761 10633 10621
f 10761 10621 10731
f 10678 10648 10694
f 10648 10678 10690
f 10690 10678 10680
f 10690 10680 10755
f 10755 10680 10685
f 10755 10685 10664
f 10664 10685 10696
f 10664 10696 10658
f 10658 10696 10700
f 10658 10700 10656
f 10656 10700 10699
f 10656 10699 10650
f 10650 10699 10672
f 10650 10672 10646
f 10646 10672 10671
f 10646 10671 10625
f 10625 10671 10682
f 10625 10682 10626
f 10626 10682 10661
f 10626 10661 10634
f 10634 10661 10663
f 10634 10663 10623
f 10623 10663 10703
f 10623 10703 10621
f 11714 10694 11549
f 10694 11714 10692
f 10692 11714 11715
f 10692 11715 10642
f 10642 11715 11716
f 10642 11716 10640
f 10640 11716 11717
f 10640 11717 10709
f 10709 11717 11718
f 10709 11718 10713
f 10713 11718 11719
f 10713 11719 10617
f 10617 11719 11720
f 10617 11720 10618
f 10618 11720 11721
f 10618 11721 10711
f 10711 11721 11722
f 10711 11722 10707
f 10707 11722 11723
f 10707 11723 10705
f 10705 11723 11724
f 10705 11724 10720
f 10720 11724 11537
f 10720 11537 10703
f 11725 11549 11548
f 11549 11725 10715
f 10715 11725 11726
f 10715 11726 10668
f 10668 11726 11727
f 10668 11727 10666
f 10666 11727 11728
f 10666 11728 10653
f 10653 11728 11729
f 10653 11729 10654
f 10654 11729 11730
f 10654 11730 10675
f 10675 11730 11731
f 10675 11731 10677
f 10677 11731 11732
f 10677 11732 10687
f 10687 11732 11733
f 10687 11733 10689
f 10689 11733 11734
f 10689 11734 11062
f 11062 11734 11735
f 11062 11735 11736
f 11736 11735 11536
f 11736 11536 11537
f 11737 11548 11547
f 11548 11737 11738
f 11738 11737 11739
f 11738 11739 11740
f 11740 11739 11741
f 11740 11741 11742
f 11742 11741 11743
f 11742 11743 11744
f 11744 11743 11745
f 11744 11745 11746
f 11746 11745 11747
f 11746 11747 11748
f 11748 11747 11749
f 11748 11749 11750
f 11750 11749 11751
f 11750 11751 11752
f 11752 11751 11753
f 11752 11753 11754
f 11754 11753 11755
f 11754 11755 11756
f 11756 11755 11757
f 11756 11757 11758
f 11758 11757 11535
f 11758 11535 11536
f 9124 11547 10800
f 11547 9124 11759
f 11759 9124 9126
f 11759 9126 11760
f 11760 9126 11761
f 11760 11761 11762
f 11762 11761 11763
f 11762 11763 11764
f 11764 11763 11765
f 11764 11765 11766
f 11766 11765 11767
f 11766 11767 11768
f 11768 11767 11769
f 11768 11769 11770
f 11770 11769 11771
f 11770 11771 11772
f 11772 11771 11773
f 11772 11773 11774
f 11774 11773 11775
f 11774 11775 11776
f 11776 11775 11777
f 11776 11777 11778
f 11778 11777 11534
f 11778 11534 11535
f 10822 10800 10820
f 10800 10822 11068
f 11068 10822 10831
f 11068 10831 11779
f 11779 10831 10833
f 11779 10833 11780
f 11780 10833 10846
f 11780 10846 11781
f 11781 10846 10850
f 11781 10850 11782
f 11782 10850 10856
f 11782 10856 11783
f 11783 10856 10854
f 11783 10854 11784
f 11784 10854 10853
f 11784 10853 11785
f 11785 10853 10858
f 11785 10858 11786
f 11786 10858 10861
f 11786 10861 11787
f 11787 10861 10863
f 11787 10863 11788
f 11788 10863 10797
f 11788 10797 11534
f 10784 10820 10782
f 10820 10784 10866
f 10866 10784 10803
f 10866 10803 11046
f 11046 10803 10826
f 11046 10826 11044
f 11044 10826 10825
f 11044 10825 11049
f 11049 10825 10864
f 11049 10864 11060
f 11060 10864 10810
f 11060 10810 10794
f 10794 10810 10809
f 10794 10809 10792
f 10792 10809 10828
f 10792 10828 10786
f 10786 10828 10789
f 10786 10789 10781
f 10781 10789 10791
f 10781 10791 10779
f 10779 10791 10805
f 10779 10805 10799
f 10799 10805 10807
f 10799 10807 10797
f 9134 10782 9150
f 10782 9134 10845
f 10845 9134 9136
f 10845 9136 10842
f 10842 9136 9144
f 10842 9144 10840
f 10840 9144 9143
f 10840 9143 10849
f 10849 9143 9157
f 10849 9157 10838
f 10838 9157 9153
f 10838 9153 10836
f 10836 9153 9140
f 10836 9140 10834
f 10834 9140 9139
f 10834 9139 10818
f 10818 9139 9130
f 10818 9130 10817
f 10817 9130 9121
f 10817 9121 10815
f 10815 9121 9123
f 10815 9123 10813
f 10813 9123 11065
f 10813 11065 10807
f 11134 9150 11132
f 9150 11134 9148
f 9148 11134 11142
f 9148 11142 11059
f 11059 11142 11144
f 11059 11144 11055
f 11055 11144 11138
f 11055 11138 11056
f 11056 11138 11137
f 11056 11137 11051
f 11051 11137 11140
f 11051 11140 11052
f 11052 11140 11154
f 11052 11154 11076
f 11076 11154 11153
f 11076 11153 11073
f 11073 11153 11166
f 11073 11166 11074
f 11074 11166 11157
f 11074 11157 11071
f 11071 11157 11159
f 11071 11159 11067
f 11067 11159 11169
f 11067 11169 11065
f 11199 11132 11197
f 11132 11199 9161
f 9161 11199 11201
f 9161 11201 9147
f 9147 11201 11204
f 9147 11204 9132
f 9132 11204 11203
f 9132 11203 9117
f 9117 11203 11191
f 9117 11191 9118
f 9118 11191 11172
f 9118 11172 9129
f 9129 11172 11171
f 9129 11171 9155
f 9155 11171 11194
f 9155 11194 9159
f 9159 11194 11193
f 9159 11193 11165
f 11165 11193 11207
f 11165 11207 11163
f 11163 11207 11175
f 11163 11175 11161
f 11161 11175 11177
f 11161 11177 11169
f 9205 11197 9202
f 11197 9205 11148
f 11148 9205 9282
f 11148 9282 11146
f 11146 9282 9284
f 11146 9284 11150
f 11150 9284 9292
f 11150 9292 9195
f 9195 9292 9291
f 9195 9291 9196
f 9196 9291 9312
f 9196 9312 11188
f 11188 9312 9301
f 11188 9301 11186
f 11186 9301 9274
f 11186 9274 11183
f 11183 9274 9273
f 11183 9273 11184
f 11184 9273 9296
f 11184 9296 11181
f 11181 9296 9280
f 11181 9280 11179
f 11179 9280 9277
f 11179 9277 11177
f 9908 9202 9906
f 9202 9908 9200
f 9200 9908 9922
f 9200 9922 9310
f 9310 9922 9924
f 9310 9924 9308
f 9308 9924 9912
f 9308 9912 9305
f 9305 9912 9911
f 9305 9911 9306
f 9306 9911 9207
f 9306 9207 9302
f 9302 9207 9164
f 9302 9164 9287
f 9287 9164 9163
f 9287 9163 9288
f 9288 9163 9174
f 9288 9174 9299
f 9299 9174 9167
f 9299 9167 9295
f 9295 9167 9169
f 9295 9169 9279
f 9279 9169 9171
f 9279 9171 9277
f 10964 9906 10968
f 9906 10964 9199
f 9199 10964 10966
f 9199 10966 9190
f 9190 10966 10975
f 9190 10975 9188
f 9188 10975 10976
f 9188 10976 9193
f 9193 10976 10980
f 9193 10980 9183
f 9183 10980 10979
f 9183 10979 9184
f 9184 10979 10986
f 9184 10986 9179
f 9179 10986 10998
f 9179 10998 9180
f 9180 10998 10997
f 9180 10997 9187
f 9187 10997 9942
f 9187 9942 9177
f 9177 9942 9919
f 9177 9919 9173
f 9173 9919 9921
f 9173 9921 9171
f 11024 10968 11022
f 10968 11024 9945
f 9945 11024 11026
f 9945 11026 9941
f 9941 11026 11028
f 9941 11028 9937
f 9937 11028 11034
f 9937 11034 9938
f 9938 11034 11036
f 9938 11036 9931
f 9931 11036 11010
f 9931 11010 9932
f 9932 11010 11009
f 9932 11009 9927
f 9927 11009 11038
f 9927 11038 9928
f 9928 11038 11012
f 9928 11012 9935
f 9935 11012 11005
f 9935 11005 9917
f 9917 11005 11007
f 9917 11007 9915
f 9915 11007 11041
f 9915 11041 9921
f 11235 11022 11227
f 11022 11235 10984
f 10984 11235 11237
f 10984 11237 10982
f 10982 11237 11230
f 10982 11230 10994
f 10994 11230 11229
f 10994 11229 10989
f 10989 11229 11232
f 10989 11232 10990
f 10990 11232 11238
f 10990 11238 11000
f 11000 11238 11218
f 11000 11218 10971
f 10971 11218 11217
f 10971 11217 10972
f 10972 11217 11220
f 10972 11220 10993
f 10993 11220 11209
f 10993 11209 11002
f 11002 11209 11211
f 11002 11211 11043
f 11043 11211 11241
f 11043 11241 11041
f 9270 11227 9250
f 11227 9270 11032
f 11032 9270 9252
f 11032 9252 11030
f 11030 9252 9254
f 11030 9254 11020
f 11020 9254 9256
f 11020 9256 11015
f 11015 9256 9258
f 11015 9258 11016
f 11016 9258 9260
f 11016 9260 11019
f 11019 9260 9262
f 11019 9262 11117
f 11117 9262 9264
f 11117 9264 11213
f 11213 9264 9266
f 11213 9266 11214
f 11214 9266 9269
f 11214 9269 11225
f 11225 9269 8942
f 11225 8942 11223
f 11223 8942 8925
f 11223 8925 11241
f 11099 9250 11089
f 9250 11099 9248
f 9248 11099 11101
f 9248 11101 8947
f 8947 11101 11103
f 8947 11103 8944
f 8944 11103 9233
f 8944 9233 8940
f 8940 9233 9230
f 8940 9230 8938
f 8938 9230 9229
f 8938 9229 8929
f 8929 9229 9244
f 8929 9244 8930
f 8930 9244 9236
f 8930 9236 8936
f 8936 9236 9235
f 8936 9235 8935
f 8935 9235 9247
f 8935 9247 8933
f 8933 9247 9217
f 8933 9217 8927
f 8927 9217 9219
f 8927 9219 8925
f 11120 11089 11119
f 11089 11120 9214
f 9214 11120 11122
f 9214 11122 9212
f 9212 11122 11125
f 9212 11125 9209
f 9209 11125 11126
f 9209 11126 9210
f 9210 11126 11128
f 9210 11128 9225
f 9225 11128 11130
f 9225 11130 9226
f 9226 11130 8922
f 9226 8922 9242
f 9242 8922 8921
f 9242 8921 9221
f 9221 8921 11082
f 9221 11082 9222
f 9222 11082 11079
f 9222 11079 9241
f 9241 11079 11081
f 9241 11081 9239
f 9239 11081 11105
f 9239 11105 9219
f 11374 11710 11528
f 11710 11374 11373
f 11390 11701 11699
f 11701 11390 11392
f 11248 10371 11246
f 10371 11248 10369
f 10369 11248 11532
f 10369 11532 10401
f 10401 11532 10398
f 10398 11532 10348
f 10348 11532 10328
f 10328 11532 10331
f 10331 11532 10379
f 10379 11532 10310
f 10310 11532 10313
f 10313 11532 10346
f 10346 11532 10344
f 10344 11532 10342
f 10342 11532 10340
f 10340 11532 10203
f 10203 11532 10188
f 10188 11532 10066
f 10066 11532 10135
f 10135 11532 8902
f 8902 11532 9025
f 9025 11532 9077
f 9077 11532 9045
f 9045 11532 10315
f 10315 11532 9903
f 9903 11532 9874
f 9874 11532 9784
f 9784 11532 9683
f 9683 11532 9698
f 9698 11532 9645
f 9645 11532 9650
f 9650 11532 9503
f 9503 11532 9519
f 9519 11532 9458
f 9458 11532 9332
f 9332 11532 9376
f 9376 11532 10279
f 10279 11532 10002
f 10002 11532 10048
f 10048 11532 10580
f 10580 11532 10606
f 10606 11532 10416
f 10416 11532 10467
f 11246 10469 11257
f 10469 11246 10505
f 10505 11246 10371
f 10505 10371 10351
f 10505 10351 10272
f 10505 10272 10231
f 10505 10231 10119
f 10505 10119 10100
f 10505 10100 8963
f 10505 8963 8991
f 10505 8991 9081
f 10505 9081 9041
f 10505 9041 10493
f 10505 10493 9807
f 10505 9807 9781
f 10505 9781 9824
f 10505 9824 9755
f 10505 9755 9737
f 10505 9737 9565
f 10505 9565 9601
f 10505 9601 9641
f 10505 9641 9534
f 10505 9534 9501
f 10505 9501 9365
f 10505 9365 9317
f 10505 9317 9419
f 10505 9419 10011
f 10505 10011 9961
f 10505 9961 10573
f 10505 10573 10529
f 10505 10529 10499
f 11257 10469 10471
f 11257 10471 10443
f 11257 10443 10409
f 11257 10409 10406
f 11257 10406 10418
f 11257 10418 10506
f 11257 10506 10447
f 11257 10447 10444
f 11257 10444 10428
f 11257 10428 10430
f 11257 10430 10467
f 11257 10467 11532
f 10501 10505 10499
f 10505 10501 10455
f 10455 10501 10503
f 10455 10503 10453
f 10453 10503 10577
f 10453 10577 10514
f 10514 10577 10614
f 10514 10614 10524
f 10524 10614 10487
f 10524 10487 10508
f 10508 10487 10484
f 10508 10484 10511
f 10511 10484 10413
f 10511 10413 10456
f 10456 10413 10410
f 10456 10410 10448
f 10448 10410 10451
f 10451 10410 10458
f 10451 10458 10436
f 10436 10458 10460
f 10436 10460 10414
f 10436 10414 10434
f 10434 10414 10416
f 10434 10416 10467
f 10563 10499 10529
f 10499 10563 10497
f 10497 10563 10565
f 10497 10565 10495
f 10495 10565 10533
f 10495 10533 10432
f 10432 10533 10530
f 10432 10530 10420
f 10420 10530 10537
f 10420 10537 10423
f 10423 10537 10534
f 10423 10534 10489
f 10489 10534 10582
f 10489 10582 10424
f 10424 10582 10592
f 10424 10592 10427
f 10427 10592 10482
f 10482 10592 10604
f 10482 10604 10480
f 10480 10604 10584
f 10480 10584 10586
f 10480 10586 10479
f 10479 10586 10606
f 10479 10606 10416
f 10575 10529 10573
f 10529 10575 10527
f 10527 10575 10050
f 10527 10050 10603
f 10603 10050 10021
f 10603 10021 10601
f 10601 10021 10019
f 10601 10019 10588
f 10588 10019 9977
f 10588 9977 10591
f 10591 9977 9974
f 10591 9974 10598
f 10598 9974 10567
f 10598 10567 10594
f 10594 10567 10557
f 10594 10557 10597
f 10597 10557 10613
f 10613 10557 10538
f 10613 10538 10611
f 10611 10538 10540
f 10611 10540 10578
f 10611 10578 10608
f 10608 10578 10580
f 10608 10580 10606
f 9967 10573 9961
f 10573 9967 10571
f 10571 9967 9969
f 10571 9969 10569
f 10569 9969 10033
f 10569 10033 10560
f 10560 10033 10015
f 10560 10015 10554
f 10554 10015 10012
f 10554 10012 10550
f 10550 10012 10016
f 10550 10016 10553
f 10553 10016 10038
f 10553 10038 10559
f 10559 10038 9999
f 10559 9999 10546
f 10546 9999 10549
f 10549 9999 9996
f 10549 9996 10544
f 10544 9996 9962
f 10544 9962 9964
f 10544 9964 10542
f 10542 9964 10048
f 10542 10048 10580
f 10054 9961 10011
f 9961 10054 9959
f 9959 10054 10028
f 9959 10028 10047
f 10047 10028 10027
f 10047 10027 9950
f 9950 10027 10024
f 9950 10024 9953
f 9953 10024 9983
f 9953 9983 9979
f 9979 9983 9980
f 9979 9980 9970
f 9970 9980 9992
f 9970 9992 9973
f 9973 9992 9987
f 9973 9987 10031
f 10031 9987 10041
f 10041 9987 9984
f 10041 9984 9990
f 9990 9984 9995
f 9990 9995 10001
f 9990 10001 9988
f 9988 10001 10002
f 9988 10002 10048
f 9384 10011 9419
f 10011 9384 9957
f 9957 9384 9323
f 9957 9323 9955
f 9955 9323 9325
f 9955 9325 10006
f 10006 9325 9329
f 10006 9329 10009
f 10009 9329 9326
f 10009 9326 10023
f 10023 9326 10056
f 10023 10056 10053
f 10053 10056 10058
f 10053 10058 10042
f 10042 10058 9949
f 10042 9949 10045
f 10045 9949 10036
f 10036 9949 9946
f 10036 9946 10034
f 10034 9946 10180
f 10034 10180 10182
f 10034 10182 10004
f 10004 10182 10279
f 10004 10279 10002
f 9423 9419 9317
f 9419 9423 9407
f 9407 9423 9414
f 9407 9414 9405
f 9405 9414 9387
f 9405 9387 8958
f 8958 9387 9361
f 8958 9361 8961
f 8961 9361 9358
f 8961 9358 10282
f 10282 9358 9408
f 10282 9408 10280
f 10280 9408 9401
f 10280 9401 10244
f 10244 9401 9321
f 10244 9321 10242
f 10242 9321 10194
f 10194 9321 9318
f 10194 9318 10192
f 10192 9318 9403
f 10192 9403 9374
f 10192 9374 10238
f 10238 9374 9376
f 10238 9376 10279
f 9367 9317 9365
f 9317 9367 9315
f 9315 9367 9369
f 9315 9369 9353
f 9353 9369 9383
f 9353 9383 9351
f 9351 9383 9490
f 9351 9490 9378
f 9378 9490 9389
f 9378 9389 9381
f 9381 9389 9349
f 9381 9349 9399
f 9399 9349 9346
f 9399 9346 9420
f 9420 9346 9395
f 9420 9395 9342
f 9342 9395 9345
f 9345 9395 9370
f 9345 9370 9412
f 9412 9370 9372
f 9412 9372 9330
f 9412 9330 9410
f 9410 9330 9332
f 9410 9332 9376
f 9447 9365 9501
f 9365 9447 9363
f 9363 9447 9449
f 9363 9449 9357
f 9357 9449 9451
f 9357 9451 9355
f 9355 9451 9528
f 9355 9528 9338
f 9338 9528 9509
f 9338 9509 9341
f 9341 9509 9477
f 9341 9477 9334
f 9334 9477 9474
f 9334 9474 9337
f 9337 9474 9445
f 9337 9445 9396
f 9396 9445 9392
f 9392 9445 9442
f 9392 9442 9390
f 9390 9442 9511
f 9390 9511 9456
f 9390 9456 9417
f 9417 9456 9458
f 9417 9458 9332
f 9479 9501 9534
f 9501 9479 9499
f 9499 9479 9481
f 9499 9481 9517
f 9517 9481 9431
f 9517 9431 9512
f 9512 9431 9428
f 9512 9428 9515
f 9515 9428 9536
f 9515 9536 9520
f 9520 9536 9489
f 9520 9489 9523
f 9523 9489 9465
f 9523 9465 9526
f 9526 9465 9439
f 9526 9439 9452
f 9452 9439 9455
f 9455 9439 9436
f 9455 9436 9532
f 9532 9436 9460
f 9532 9460 9462
f 9532 9462 9483
f 9483 9462 9519
f 9483 9519 9458
f 9573 9534 9641
f 9534 9573 9531
f 9531 9573 9575
f 9531 9575 9473
f 9473 9575 9643
f 9473 9643 9471
f 9471 9643 9559
f 9471 9559 9504
f 9504 9559 9435
f 9504 9435 9507
f 9507 9435 9432
f 9507 9432 9525
f 9525 9432 9440
f 9525 9440 9466
f 9466 9440 9484
f 9466 9484 9469
f 9469 9484 9426
f 9426 9484 9486
f 9426 9486 9424
f 9424 9486 9495
f 9424 9495 9497
f 9424 9497 9492
f 9492 9497 9503
f 9492 9503 9519
f 9603 9641 9601
f 9641 9603 9571
f 9571 9603 9605
f 9571 9605 9557
f 9557 9605 9609
f 9557 9609 9555
f 9555 9609 9606
f 9555 9606 9546
f 9546 9606 9569
f 9546 9569 9549
f 9549 9569 9566
f 9549 9566 9550
f 9550 9566 9576
f 9550 9576 9553
f 9553 9576 9615
f 9553 9615 9561
f 9561 9615 9611
f 9611 9615 9612
f 9611 9612 9544
f 9544 9612 9578
f 9544 9578 9580
f 9544 9580 9542
f 9542 9580 9650
f 9542 9650 9503
f 9617 9601 9565
f 9601 9617 9599
f 9599 9617 9619
f 9599 9619 9597
f 9597 9619 9621
f 9597 9621 9595
f 9595 9621 9622
f 9595 9622 9648
f 9648 9622 9626
f 9648 9626 9592
f 9592 9626 9631
f 9592 9631 9590
f 9590 9631 9628
f 9590 9628 9586
f 9586 9628 9632
f 9586 9632 9589
f 9589 9632 9625
f 9625 9632 9634
f 9625 9634 9584
f 9584 9634 9636
f 9584 9636 9639
f 9584 9639 9582
f 9582 9639 9645
f 9582 9645 9650
f 9739 9565 9737
f 9565 9739 9563
f 9563 9739 9729
f 9563 9729 9652
f 9652 9729 9731
f 9652 9731 9726
f 9726 9731 9746
f 9726 9746 9710
f 9710 9746 9753
f 9710 9753 9713
f 9713 9753 9750
f 9713 9750 9719
f 9719 9750 9657
f 9719 9657 9733
f 9733 9657 9654
f 9733 9654 9722
f 9722 9654 9540
f 9540 9654 9734
f 9540 9734 9538
f 9538 9734 9761
f 9538 9761 9696
f 9538 9696 9647
f 9647 9696 9698
f 9647 9698 9645
f 9673 9737 9755
f 9737 9673 9740
f 9740 9673 9675
f 9740 9675 9767
f 9767 9675 9677
f 9767 9677 9765
f 9765 9677 9756
f 9765 9756 9762
f 9762 9756 9681
f 9762 9681 9720
f 9720 9681 9678
f 9720 9678 9704
f 9704 9678 9703
f 9704 9703 9707
f 9707 9703 9700
f 9707 9700 9714
f 9714 9700 9717
f 9717 9700 9658
f 9717 9658 9724
f 9724 9658 9660
f 9724 9660 9663
f 9724 9663 9709
f 9709 9663 9683
f 9709 9683 9698
f 9789 9755 9824
f 9755 9789 9671
f 9671 9789 9791
f 9671 9791 9669
f 9669 9791 9843
f 9669 9843 9664
f 9664 9843 9809
f 9664 9809 9667
f 9667 9809 9779
f 9667 9779 9695
f 9695 9779 9687
f 9695 9687 9749
f 9749 9687 9684
f 9749 9684 9758
f 9758 9684 9688
f 9758 9688 9742
f 9742 9688 9745
f 9745 9688 9816
f 9745 9816 9692
f 9692 9816 9818
f 9692 9818 9835
f 9692 9835 9690
f 9690 9835 9784
f 9690 9784 9683
f 9783 9824 9781
f 9824 9783 9855
f 9855 9783 9801
f 9855 9801 9853
f 9853 9801 9803
f 9853 9803 9838
f 9838 9803 9828
f 9838 9828 9820
f 9820 9828 9833
f 9820 9833 9823
f 9823 9833 9830
f 9823 9830 9847
f 9847 9830 9836
f 9847 9836 9851
f 9851 9836 9795
f 9851 9795 9879
f 9879 9795 9881
f 9881 9795 9792
f 9881 9792 9877
f 9877 9792 9849
f 9877 9849 9872
f 9877 9872 9786
f 9786 9872 9874
f 9786 9874 9784
f 9815 9781 9807
f 9781 9815 9777
f 9777 9815 9841
f 9777 9841 9775
f 9775 9841 9857
f 9775 9857 9773
f 9773 9857 9863
f 9773 9863 9810
f 9810 9863 9861
f 9810 9861 9813
f 9813 9861 9858
f 9813 9858 9827
f 9827 9858 9864
f 9827 9864 9768
f 9768 9864 9866
f 9768 9866 9771
f 9771 9866 9798
f 9798 9866 9868
f 9798 9868 9796
f 9796 9868 9871
f 9796 9871 9899
f 9796 9899 9844
f 9844 9899 9903
f 9844 9903 9874
f 10522 9807 10493
f 9807 10522 9805
f 9805 10522 10517
f 9805 10517 9897
f 9897 10517 10519
f 9897 10519 9886
f 9886 10519 10520
f 9886 10520 9889
f 9889 10520 10395
f 9889 10395 9895
f 9895 10395 10392
f 9895 10392 9900
f 9900 10392 10402
f 9900 10402 9890
f 9890 10402 10404
f 9890 10404 9893
f 9893 10404 9905
f 9905 10404 10290
f 9905 10290 9884
f 9884 10290 10292
f 9884 10292 10295
f 9884 10295 9882
f 9882 10295 10315
f 9882 10315 9903
f 9063 10493 9041
f 10493 9063 10491
f 10491 9063 9065
f 10491 9065 10512
f 10512 9065 9067
f 10512 9067 10474
f 10474 9067 9068
f 10474 9068 10477
f 10477 9068 9101
f 10477 9101 10472
f 10472 9101 9071
f 10472 9071 10464
f 10464 9071 9029
f 10464 9029 10438
f 10438 9029 9026
f 10438 9026 10441
f 10441 9026 10463
f 10463 9026 9042
f 10463 9042 10319
f 10319 9042 9030
f 10319 9030 9032
f 10319 9032 10317
f 10317 9032 9045
f 10317 9045 10315
f 9091 9041 9081
f 9041 9091 9039
f 9039 9091 9097
f 9039 9097 9060
f 9060 9097 9099
f 9060 9099 9056
f 9056 9099 9011
f 9056 9011 9059
f 9059 9011 9008
f 9059 9008 9054
f 9054 9008 9014
f 9054 9014 9050
f 9050 9014 9085
f 9050 9085 9053
f 9053 9085 9082
f 9053 9082 9034
f 9034 9082 9037
f 9037 9082 9102
f 9037 9102 9049
f 9049 9102 9072
f 9049 9072 9074
f 9049 9074 9047
f 9047 9074 9077
f 9047 9077 9045
f 8988 9081 8991
f 9081 8988 9079
f 9079 8988 8971
f 9079 8971 9115
f 9115 8971 8973
f 9115 8973 9112
f 9112 8973 8974
f 9112 8974 9092
f 9092 8974 8976
f 9092 8976 9095
f 9095 8976 9019
f 9095 9019 9110
f 9110 9019 8999
f 9110 8999 9086
f 9086 8999 8996
f 9086 8996 9089
f 9089 8996 9109
f 9109 8996 9016
f 9109 9016 9107
f 9107 9016 9000
f 9107 9000 9002
f 9107 9002 9105
f 9105 9002 9025
f 9105 9025 9077
f 8965 8991 8963
f 8991 8965 8987
f 8987 8965 8954
f 8987 8954 8985
f 8985 8954 8951
f 8985 8951 8982
f 8982 8951 8948
f 8982 8948 8978
f 8978 8948 8952
f 8978 8952 8981
f 8981 8952 8956
f 8981 8956 8993
f 8993 8956 8995
f 8993 8995 9012
f 9012 8995 8901
f 9012 8901 9004
f 9004 8901 9007
f 9007 8901 8896
f 9007 8896 9022
f 9022 8896 8898
f 9022 8898 8969
f 9022 8969 9020
f 9020 8969 8902
f 9020 8902 9025
f 10087 8963 10100
f 8963 10087 8966
f 8966 10087 10089
f 8966 10089 10144
f 10144 10089 10147
f 10144 10147 10168
f 10168 10147 10111
f 10168 10111 10072
f 10072 10111 10108
f 10072 10108 10075
f 10075 10108 10120
f 10075 10120 10163
f 10163 10120 10166
f 10163 10166 10090
f 10090 10166 10079
f 10090 10079 10093
f 10093 10079 10138
f 10138 10079 10076
f 10138 10076 10136
f 10136 10076 10094
f 10136 10094 10096
f 10136 10096 8904
f 8904 10096 10135
f 8904 10135 8902
f 10151 10100 10119
f 10100 10151 10161
f 10161 10151 10164
f 10161 10164 10159
f 10159 10164 10155
f 10159 10155 10157
f 10157 10155 10152
f 10157 10152 10126
f 10126 10152 10071
f 10126 10071 10129
f 10129 10071 10068
f 10129 10068 10098
f 10098 10068 10171
f 10098 10171 10084
f 10084 10171 10063
f 10084 10063 10080
f 10080 10063 10083
f 10083 10063 10060
f 10083 10060 10124
f 10124 10060 10102
f 10124 10102 10064
f 10124 10064 10122
f 10122 10064 10066
f 10122 10066 10135
f 10218 10119 10231
f 10119 10218 10117
f 10117 10218 10199
f 10117 10199 10115
f 10115 10199 10201
f 10115 10201 10172
f 10172 10201 10286
f 10172 10286 10148
f 10148 10286 10217
f 10148 10217 10140
f 10140 10217 10211
f 10140 10211 10143
f 10143 10211 10208
f 10143 10208 10130
f 10130 10208 10274
f 10130 10274 10133
f 10133 10274 10113
f 10113 10274 10246
f 10113 10246 10106
f 10106 10246 10248
f 10106 10248 10240
f 10106 10240 10104
f 10104 10240 10188
f 10104 10188 10066
f 10268 10231 10272
f 10231 10268 10229
f 10229 10268 10175
f 10229 10175 10276
f 10276 10175 10177
f 10276 10177 10252
f 10252 10177 10178
f 10252 10178 10255
f 10255 10178 10232
f 10255 10232 10260
f 10260 10232 10284
f 10260 10284 10263
f 10263 10284 10237
f 10263 10237 10270
f 10270 10237 10234
f 10270 10234 10256
f 10256 10234 10259
f 10259 10234 10264
f 10259 10264 10197
f 10197 10264 10184
f 10197 10184 10186
f 10197 10186 10190
f 10190 10186 10203
f 10190 10203 10188
f 10396 10272 10351
f 10272 10396 10289
f 10289 10396 10321
f 10289 10321 10227
f 10227 10321 10323
f 10227 10323 10225
f 10225 10323 10303
f 10225 10303 10251
f 10251 10303 10300
f 10251 10300 10267
f 10267 10300 10304
f 10267 10304 10212
f 10212 10304 10385
f 10212 10385 10215
f 10215 10385 10335
f 10215 10335 10222
f 10222 10335 10206
f 10206 10335 10332
f 10206 10332 10204
f 10204 10332 10337
f 10204 10337 10338
f 10204 10338 10220
f 10220 10338 10340
f 10220 10340 10203
f 10373 10351 10371
f 10351 10373 10309
f 10309 10373 10377
f 10309 10377 10307
f 10307 10377 10383
f 10307 10383 10356
f 10356 10383 10380
f 10356 10380 10359
f 10359 10380 10327
f 10359 10327 10389
f 10389 10327 10324
f 10389 10324 10360
f 10360 10324 10299
f 10360 10299 10363
f 10363 10299 10296
f 10363 10296 10390
f 10390 10296 10354
f 10354 10296 10374
f 10354 10374 10352
f 10352 10374 10364
f 10352 10364 10366
f 10352 10366 10386
f 10386 10366 10342
f 10386 10342 10340
f 11376 11529 11711
f 11529 11376 11375
f 11252 11371 11708
f 11371 11252 11251
f 11530 11440 11632
f 11440 11530 11438
f 11550 11380 11689
f 11380 11550 11292
f 11386 11697 11695
f 11697 11386 11388
f 11255 11265 11531
f 11265 11255 13
f 11377 11711 11712
f 11711 11377 11376
f 11632 11442 11634
f 11442 11632 11440
f 11442 11636 11634
f 11636 11442 11444
f 11444 11638 11636
f 11638 11444 11446
f 11446 11640 11638
f 11640 11446 11448
f 11254 10504 2951
f 10504 11254 10470
f 10470 11254 11255
f 10470 11255 10468
f 10468 11255 10442
f 10442 11255 10407
f 10407 11255 10408
f 10408 11255 10419
f 10419 11255 10507
f 10507 11255 10445
f 10445 11255 10446
f 10446 11255 10431
f 10431 11255 10429
f 10429 11255 10466
f 10466 11255 10415
f 10415 11255 10609
f 10609 11255 10579
f 10579 11255 10049
f 10049 11255 10005
f 10005 11255 10278
f 10278 11255 9375
f 9375 11255 9331
f 9331 11255 9457
f 9457 11255 9518
f 9518 11255 9502
f 9502 11255 9651
f 9651 11255 9644
f 9644 11255 9697
f 9697 11255 9682
f 9682 11255 9787
f 9787 11255 9873
f 9873 11255 9902
f 9902 11255 10314
f 10314 11255 9044
f 9044 11255 9076
f 9076 11255 9024
f 9024 11255 8905
f 8905 11255 10134
f 10134 11255 10065
f 10065 11255 10191
f 10191 11255 10202
f 10202 11255 10339
f 10339 11255 10345
f 2951 10370 11531
f 10370 2951 10368
f 10368 2951 10504
f 10368 10504 10496
f 10368 10496 10526
f 10368 10526 10572
f 10368 10572 9958
f 10368 9958 10010
f 10368 10010 9418
f 10368 9418 9314
f 10368 9314 9364
f 10368 9364 9498
f 10368 9498 9535
f 10368 9535 9640
f 10368 9640 9598
f 10368 9598 9562
f 10368 9562 9738
f 10368 9738 9754
f 10368 9754 9825
f 10368 9825 9782
f 10368 9782 9804
f 10368 9804 10490
f 10368 10490 9038
f 10368 9038 9078
f 10368 9078 8990
f 10368 8990 8964
f 10368 8964 10101
f 10368 10101 10118
f 10368 10118 10228
f 10368 10228 10273
f 10368 10273 10350
f 11531 10370 10400
f 11531 10400 10399
f 11531 10399 10349
f 11531 10349 10330
f 11531 10330 10329
f 11531 10329 10378
f 11531 10378 10312
f 11531 10312 10311
f 11531 10311 10347
f 11531 10347 10343
f 11531 10343 10345
f 11531 10345 11255
f 10306 10368 10350
f 10368 10306 10372
f 10372 10306 10308
f 10372 10308 10376
f 10376 10308 10358
f 10376 10358 10381
f 10381 10358 10357
f 10381 10357 10382
f 10382 10357 10388
f 10382 10388 10325
f 10325 10388 10362
f 10325 10362 10326
f 10326 10362 10361
f 10326 10361 10297
f 10297 10361 10391
f 10297 10391 10298
f 10298 10391 10353
f 10298 10353 10375
f 10375 10353 10355
f 10375 10355 10367
f 10367 10355 10387
f 10367 10387 10365
f 10365 10387 10339
f 10365 10339 10345
f 10288 10350 10273
f 10350 10288 10397
f 10397 10288 10224
f 10397 10224 10322
f 10322 10224 10226
f 10322 10226 10320
f 10320 10226 10250
f 10320 10250 10301
f 10301 10250 10266
f 10301 10266 10302
f 10302 10266 10214
f 10302 10214 10305
f 10305 10214 10213
f 10305 10213 10384
f 10384 10213 10223
f 10384 10223 10333
f 10333 10223 10205
f 10333 10205 10334
f 10334 10205 10207
f 10334 10207 10336
f 10336 10207 10221
f 10336 10221 10341
f 10341 10221 10202
f 10341 10202 10339
f 10230 10273 10228
f 10273 10230 10269
f 10269 10230 10277
f 10269 10277 10176
f 10176 10277 10254
f 10176 10254 10174
f 10174 10254 10253
f 10174 10253 10179
f 10179 10253 10262
f 10179 10262 10233
f 10233 10262 10261
f 10233 10261 10285
f 10285 10261 10271
f 10285 10271 10235
f 10235 10271 10258
f 10235 10258 10236
f 10236 10258 10257
f 10236 10257 10265
f 10265 10257 10196
f 10265 10196 10187
f 10187 10196 10189
f 10187 10189 10185
f 10185 10189 10191
f 10185 10191 10202
f 10114 10228 10118
f 10228 10114 10219
f 10219 10114 10116
f 10219 10116 10200
f 10200 10116 10173
f 10200 10173 10198
f 10198 10173 10149
f 10198 10149 10287
f 10287 10149 10142
f 10287 10142 10216
f 10216 10142 10141
f 10216 10141 10209
f 10209 10141 10132
f 10209 10132 10210
f 10210 10132 10131
f 10210 10131 10275
f 10275 10131 10112
f 10275 10112 10249
f 10249 10112 10105
f 10249 10105 10247
f 10247 10105 10107
f 10247 10107 10241
f 10241 10107 10065
f 10241 10065 10191
f 10160 10118 10101
f 10118 10160 10150
f 10150 10160 10156
f 10150 10156 10165
f 10165 10156 10158
f 10165 10158 10153
f 10153 10158 10128
f 10153 10128 10154
f 10154 10128 10127
f 10154 10127 10069
f 10069 10127 10099
f 10069 10099 10070
f 10070 10099 10085
f 10070 10085 10170
f 10170 10085 10082
f 10170 10082 10061
f 10061 10082 10081
f 10061 10081 10062
f 10062 10081 10123
f 10062 10123 10103
f 10103 10123 10125
f 10103 10125 10067
f 10067 10125 10134
f 10067 10134 10065
f 8967 10101 8964
f 10101 8967 10088
f 10088 8967 10145
f 10088 10145 10086
f 10086 10145 10169
f 10086 10169 10146
f 10146 10169 10074
f 10146 10074 10109
f 10109 10074 10073
f 10109 10073 10110
f 10110 10073 10162
f 10110 10162 10121
f 10121 10162 10092
f 10121 10092 10167
f 10167 10092 10091
f 10167 10091 10077
f 10077 10091 10137
f 10077 10137 10078
f 10078 10137 10139
f 10078 10139 10097
f 10097 10139 8903
f 10097 8903 10095
f 10095 8903 8905
f 10095 8905 10134
f 8986 8964 8990
f 8964 8986 8962
f 8962 8986 8984
f 8962 8984 8955
f 8955 8984 8983
f 8955 8983 8949
f 8949 8983 8980
f 8949 8980 8950
f 8950 8980 8979
f 8950 8979 8953
f 8953 8979 8992
f 8953 8992 8957
f 8957 8992 9013
f 8957 9013 8994
f 8994 9013 9006
f 8994 9006 8900
f 8900 9006 9005
f 8900 9005 8899
f 8899 9005 9021
f 8899 9021 8897
f 8897 9021 9023
f 8897 9023 8968
f 8968 9023 9024
f 8968 9024 8905
f 9080 8990 9078
f 8990 9080 8989
f 8989 9080 9114
f 8989 9114 8972
f 8972 9114 9113
f 8972 9113 8970
f 8970 9113 9094
f 8970 9094 8975
f 8975 9094 9093
f 8975 9093 8977
f 8977 9093 9111
f 8977 9111 9018
f 9018 9111 9088
f 9018 9088 8997
f 8997 9088 9087
f 8997 9087 8998
f 8998 9087 9108
f 8998 9108 9017
f 9017 9108 9106
f 9017 9106 9003
f 9003 9106 9104
f 9003 9104 9001
f 9001 9104 9076
f 9001 9076 9024
f 9040 9078 9038
f 9078 9040 9090
f 9090 9040 9061
f 9090 9061 9096
f 9096 9061 9058
f 9096 9058 9098
f 9098 9058 9057
f 9098 9057 9009
f 9009 9057 9055
f 9009 9055 9010
f 9010 9055 9052
f 9010 9052 9015
f 9015 9052 9051
f 9015 9051 9083
f 9083 9051 9036
f 9083 9036 9084
f 9084 9036 9035
f 9084 9035 9103
f 9103 9035 9048
f 9103 9048 9075
f 9075 9048 9046
f 9075 9046 9073
f 9073 9046 9044
f 9073 9044 9076
f 10492 9038 10490
f 9038 10492 9062
f 9062 10492 10513
f 9062 10513 9064
f 9064 10513 10476
f 9064 10476 9066
f 9066 10476 10475
f 9066 10475 9069
f 9069 10475 10473
f 9069 10473 9100
f 9100 10473 10465
f 9100 10465 9070
f 9070 10465 10440
f 9070 10440 9027
f 9027 10440 10439
f 9027 10439 9028
f 9028 10439 10462
f 9028 10462 9043
f 9043 10462 10318
f 9043 10318 9033
f 9033 10318 10316
f 9033 10316 9031
f 9031 10316 10314
f 9031 10314 9044
f 9806 10490 9804
f 10490 9806 10523
f 10523 9806 9896
f 10523 9896 10518
f 10518 9896 9888
f 10518 9888 10516
f 10516 9888 9887
f 10516 9887 10521
f 10521 9887 9894
f 10521 9894 10393
f 10393 9894 9901
f 10393 9901 10394
f 10394 9901 9892
f 10394 9892 10403
f 10403 9892 9891
f 10403 9891 10405
f 10405 9891 9904
f 10405 9904 10293
f 10293 9904 9883
f 10293 9883 10291
f 10291 9883 9885
f 10291 9885 10294
f 10294 9885 9902
f 10294 9902 10314
f 9776 9804 9782
f 9804 9776 9814
f 9814 9776 9772
f 9814 9772 9840
f 9840 9772 9774
f 9840 9774 9856
f 9856 9774 9812
f 9856 9812 9862
f 9862 9812 9811
f 9862 9811 9859
f 9859 9811 9826
f 9859 9826 9860
f 9860 9826 9770
f 9860 9770 9865
f 9865 9770 9769
f 9865 9769 9867
f 9867 9769 9797
f 9867 9797 9869
f 9869 9797 9799
f 9869 9799 9870
f 9870 9799 9845
f 9870 9845 9898
f 9898 9845 9873
f 9898 9873 9902
f 9852 9782 9825
f 9782 9852 9780
f 9780 9852 9854
f 9780 9854 9802
f 9802 9854 9839
f 9802 9839 9800
f 9800 9839 9822
f 9800 9822 9829
f 9829 9822 9821
f 9829 9821 9831
f 9831 9821 9846
f 9831 9846 9832
f 9832 9846 9850
f 9832 9850 9837
f 9837 9850 9878
f 9837 9878 9793
f 9793 9878 9880
f 9793 9880 9794
f 9794 9880 9876
f 9794 9876 9848
f 9848 9876 9785
f 9848 9785 9875
f 9875 9785 9787
f 9875 9787 9873
f 9668 9825 9754
f 9825 9668 9790
f 9790 9668 9670
f 9790 9670 9788
f 9788 9670 9666
f 9788 9666 9842
f 9842 9666 9665
f 9842 9665 9808
f 9808 9665 9694
f 9808 9694 9778
f 9778 9694 9748
f 9778 9748 9685
f 9685 9748 9759
f 9685 9759 9686
f 9686 9759 9744
f 9686 9744 9689
f 9689 9744 9743
f 9689 9743 9819
f 9819 9743 9691
f 9819 9691 9817
f 9817 9691 9693
f 9817 9693 9834
f 9834 9693 9682
f 9834 9682 9787
f 9741 9754 9738
f 9754 9741 9674
f 9674 9741 9764
f 9674 9764 9672
f 9672 9764 9766
f 9672 9766 9676
f 9676 9766 9763
f 9676 9763 9757
f 9757 9763 9721
f 9757 9721 9679
f 9679 9721 9706
f 9679 9706 9680
f 9680 9706 9705
f 9680 9705 9701
f 9701 9705 9716
f 9701 9716 9702
f 9702 9716 9715
f 9702 9715 9661
f 9661 9715 9725
f 9661 9725 9659
f 9659 9725 9708
f 9659 9708 9662
f 9662 9708 9697
f 9662 9697 9682
f 9564 9738 9562
f 9738 9564 9736
f 9736 9564 9653
f 9736 9653 9730
f 9730 9653 9727
f 9730 9727 9728
f 9728 9727 9712
f 9728 9712 9747
f 9747 9712 9711
f 9747 9711 9751
f 9751 9711 9718
f 9751 9718 9752
f 9752 9718 9732
f 9752 9732 9655
f 9655 9732 9723
f 9655 9723 9656
f 9656 9723 9539
f 9656 9539 9735
f 9735 9539 9541
f 9735 9541 9760
f 9760 9541 9646
f 9760 9646 9699
f 9699 9646 9644
f 9699 9644 9697
f 9600 9562 9598
f 9562 9600 9616
f 9616 9600 9594
f 9616 9594 9620
f 9620 9594 9596
f 9620 9596 9618
f 9618 9596 9649
f 9618 9649 9623
f 9623 9649 9593
f 9623 9593 9627
f 9627 9593 9591
f 9627 9591 9629
f 9629 9591 9588
f 9629 9588 9630
f 9630 9588 9587
f 9630 9587 9633
f 9633 9587 9624
f 9633 9624 9637
f 9637 9624 9583
f 9637 9583 9635
f 9635 9583 9585
f 9635 9585 9638
f 9638 9585 9651
f 9638 9651 9644
f 9570 9598 9640
f 9598 9570 9602
f 9602 9570 9554
f 9602 9554 9604
f 9604 9554 9556
f 9604 9556 9607
f 9607 9556 9548
f 9607 9548 9608
f 9608 9548 9547
f 9608 9547 9567
f 9567 9547 9552
f 9567 9552 9568
f 9568 9552 9551
f 9568 9551 9577
f 9577 9551 9560
f 9577 9560 9613
f 9613 9560 9610
f 9613 9610 9614
f 9614 9610 9543
f 9614 9543 9581
f 9581 9543 9545
f 9581 9545 9579
f 9579 9545 9502
f 9579 9502 9651
f 9530 9640 9535
f 9640 9530 9574
f 9574 9530 9470
f 9574 9470 9572
f 9572 9470 9472
f 9572 9472 9642
f 9642 9472 9506
f 9642 9506 9558
f 9558 9506 9505
f 9558 9505 9433
f 9433 9505 9524
f 9433 9524 9434
f 9434 9524 9468
f 9434 9468 9441
f 9441 9468 9467
f 9441 9467 9485
f 9485 9467 9425
f 9485 9425 9487
f 9487 9425 9427
f 9487 9427 9494
f 9494 9427 9493
f 9494 9493 9496
f 9496 9493 9518
f 9496 9518 9502
f 9500 9535 9498
f 9535 9500 9480
f 9480 9500 9516
f 9480 9516 9478
f 9478 9516 9514
f 9478 9514 9429
f 9429 9514 9513
f 9429 9513 9430
f 9430 9513 9522
f 9430 9522 9537
f 9537 9522 9521
f 9537 9521 9488
f 9488 9521 9527
f 9488 9527 9464
f 9464 9527 9454
f 9464 9454 9437
f 9437 9454 9453
f 9437 9453 9438
f 9438 9453 9533
f 9438 9533 9463
f 9463 9533 9482
f 9463 9482 9461
f 9461 9482 9457
f 9461 9457 9518
f 9362 9498 9364
f 9498 9362 9448
f 9448 9362 9354
f 9448 9354 9446
f 9446 9354 9356
f 9446 9356 9450
f 9450 9356 9340
f 9450 9340 9529
f 9529 9340 9339
f 9529 9339 9508
f 9508 9339 9336
f 9508 9336 9475
f 9475 9336 9335
f 9475 9335 9476
f 9476 9335 9397
f 9476 9397 9443
f 9443 9397 9391
f 9443 9391 9444
f 9444 9391 9393
f 9444 9393 9510
f 9510 9393 9416
f 9510 9416 9459
f 9459 9416 9331
f 9459 9331 9457
f 9316 9364 9314
f 9364 9316 9368
f 9368 9316 9350
f 9368 9350 9366
f 9366 9350 9352
f 9366 9352 9382
f 9382 9352 9380
f 9382 9380 9491
f 9491 9380 9379
f 9491 9379 9388
f 9388 9379 9398
f 9388 9398 9347
f 9347 9398 9421
f 9347 9421 9348
f 9348 9421 9344
f 9348 9344 9394
f 9394 9344 9343
f 9394 9343 9373
f 9373 9343 9411
f 9373 9411 9371
f 9371 9411 9413
f 9371 9413 9333
f 9333 9413 9375
f 9333 9375 9331
f 9404 9314 9418
f 9314 9404 9422
f 9422 9404 9406
f 9422 9406 9415
f 9415 9406 8960
f 9415 8960 9386
f 9386 8960 8959
f 9386 8959 9359
f 9359 8959 10283
f 9359 10283 9360
f 9360 10283 10281
f 9360 10281 9409
f 9409 10281 10245
f 9409 10245 9400
f 9400 10245 10243
f 9400 10243 9319
f 9319 10243 10193
f 9319 10193 9320
f 9320 10193 10195
f 9320 10195 9402
f 9402 10195 10239
f 9402 10239 9377
f 9377 10239 10278
f 9377 10278 9375
f 9954 9418 10010
f 9418 9954 9385
f 9385 9954 9956
f 9385 9956 9324
f 9324 9956 10008
f 9324 10008 9322
f 9322 10008 10007
f 9322 10007 9327
f 9327 10007 10022
f 9327 10022 9328
f 9328 10022 10052
f 9328 10052 10057
f 10057 10052 10044
f 10057 10044 10059
f 10059 10044 10043
f 10059 10043 9947
f 9947 10043 10035
f 9947 10035 9948
f 9948 10035 10037
f 9948 10037 10183
f 10183 10037 10003
f 10183 10003 10181
f 10181 10003 10005
f 10181 10005 10278
f 9960 10010 9958
f 10010 9960 10055
f 10055 9960 10046
f 10055 10046 10029
f 10029 10046 9952
f 10029 9952 10025
f 10025 9952 9951
f 10025 9951 10026
f 10026 9951 9978
f 10026 9978 9981
f 9981 9978 9972
f 9981 9972 9982
f 9982 9972 9971
f 9982 9971 9993
f 9993 9971 10030
f 9993 10030 9985
f 9985 10030 10040
f 9985 10040 9986
f 9986 10040 9989
f 9986 9989 9994
f 9994 9989 9991
f 9994 9991 10000
f 10000 9991 10049
f 10000 10049 10005
f 10570 9958 10572
f 9958 10570 9968
f 9968 10570 10568
f 9968 10568 9966
f 9966 10568 10561
f 9966 10561 10032
f 10032 10561 10555
f 10032 10555 10013
f 10013 10555 10552
f 10013 10552 10014
f 10014 10552 10551
f 10014 10551 10017
f 10017 10551 10558
f 10017 10558 10039
f 10039 10558 10548
f 10039 10548 9997
f 9997 10548 10547
f 9997 10547 9998
f 9998 10547 10543
f 9998 10543 9965
f 9965 10543 10545
f 9965 10545 9963
f 9963 10545 10579
f 9963 10579 10049
f 10528 10572 10526
f 10572 10528 10574
f 10574 10528 10600
f 10574 10600 10051
f 10051 10600 10602
f 10051 10602 10020
f 10020 10602 10590
f 10020 10590 10018
f 10018 10590 10589
f 10018 10589 9975
f 9975 10589 10599
f 9975 10599 9976
f 9976 10599 10596
f 9976 10596 10566
f 10566 10596 10595
f 10566 10595 10556
f 10556 10595 10612
f 10556 10612 10541
f 10541 10612 10610
f 10541 10610 10539
f 10539 10610 10607
f 10539 10607 10581
f 10581 10607 10609
f 10581 10609 10579
f 10498 10526 10496
f 10526 10498 10564
f 10564 10498 10494
f 10564 10494 10562
f 10562 10494 10433
f 10562 10433 10531
f 10531 10433 10422
f 10531 10422 10532
f 10532 10422 10421
f 10532 10421 10535
f 10535 10421 10488
f 10535 10488 10536
f 10536 10488 10426
f 10536 10426 10583
f 10583 10426 10425
f 10583 10425 10593
f 10593 10425 10481
f 10593 10481 10605
f 10605 10481 10483
f 10605 10483 10587
f 10587 10483 10478
f 10587 10478 10585
f 10585 10478 10415
f 10585 10415 10609
f 10452 10496 10504
f 10496 10452 10500
f 10500 10452 10454
f 10500 10454 10502
f 10502 10454 10515
f 10502 10515 10576
f 10576 10515 10525
f 10576 10525 10615
f 10615 10525 10510
f 10615 10510 10485
f 10485 10510 10509
f 10485 10509 10486
f 10486 10509 10457
f 10486 10457 10411
f 10411 10457 10450
f 10411 10450 10412
f 10412 10450 10449
f 10412 10449 10461
f 10461 10449 10435
f 10461 10435 10459
f 10459 10435 10437
f 10459 10437 10417
f 10417 10437 10466
f 10417 10466 10415
f 11448 11642 11640
f 11642 11448 11450
f 11384 11695 11693
f 11695 11384 11386
f 11708 11292 11550
f 11292 11708 11371
f 11398 11525 11396
f 11525 11398 11706
f 11691 11384 11693
f 11384 11691 11382
f 11388 11699 11697
f 11699 11388 11390
f 11392 11244 11701
f 11244 11392 11242
f 11377 11713 11378
f 11713 11377 11712
f 11689 11382 11691
f 11382 11689 11380
f 11373 11709 11710
f 11709 11373 11372
f 11378 11261 11258
f 11261 11378 11713
f 11372 11250 11709
f 11250 11372 11253
f 11260 11706 11398
f 11706 11260 11259
f 23 2951 11262
f 2951 23 11254
f 11457 11541 11279
f 11541 11457 11651
f 11426 11655 11656
f 11655 11426 11425
f 11453 11649 11455
f 11649 11453 11647
f 11453 11645 11647
f 11645 11453 11451
f 11451 11643 11645
f 11643 11451 11449
f 11449 11641 11643
f 11641 11449 11447
f 11631 11289 11552
f 11289 11631 11437
f 11443 11635 11637
f 11635 11443 11441
f 11633 11437 11631
f 11437 11633 11439
f 11450 11644 11642
f 11644 11450 11452
f 11424 11653 11654
f 11653 11424 11423
f 11466 11617 11615
f 11617 11466 11468
f 11610 11288 11553
f 11288 11610 11459
f 11553 11482 11587
f 11482 11553 11288
f 11589 11486 11591
f 11486 11589 11484
f 11587 11484 11589
f 11484 11587 11482
f 11488 11595 11593
f 11595 11488 11490
f 11464 11615 11613
f 11615 11464 11466
f 11486 11593 11591
f 11593 11486 11488
f 11492 11599 11597
f 11599 11492 11494
f 11431 11664 11433
f 11664 11431 11662
f 11496 11603 11601
f 11603 11496 11498
f 11609 11462 11611
f 11462 11609 11460
f 11433 11666 11435
f 11666 11433 11664
f 11611 11464 11613
f 11464 11611 11462
f 11635 11439 11633
f 11439 11635 11441
f 11500 11603 11498
f 11603 11500 11605
f 11652 11421 11526
f 11421 11652 11422
f 11447 11639 11641
f 11639 11447 11445
f 11653 11422 11652
f 11422 11653 11423
f 11552 11460 11609
f 11460 11552 11289
f 11470 11621 11619
f 11621 11470 11472
f 11478 11625 11476
f 11625 11478 11627
f 11502 11605 11500
f 11605 11502 11607
f 11278 11607 11502
f 11607 11278 11542
f 11479 11542 11278
f 11542 11479 11630
f 11477 11630 11479
f 11630 11477 11628
f 11475 11628 11477
f 11628 11475 11626
f 11435 11540 11280
f 11540 11435 11666
f 11445 11637 11639
f 11637 11445 11443
f 11452 11646 11644
f 11646 11452 11454
f 11431 11660 11662
f 11660 11431 11429
f 11280 11650 11458
f 11650 11280 11540
f 11472 11623 11621
f 11623 11472 11474
f 11490 11597 11595
f 11597 11490 11492
f 11475 11624 11626
f 11624 11475 11473
f 11494 11601 11599
f 11601 11494 11496
f 11473 11622 11624
f 11622 11473 11471
f 11471 11620 11622
f 11620 11471 11469
f 11455 11651 11457
f 11651 11455 11649
f 11469 11618 11620
f 11618 11469 11467
f 11425 11654 11655
f 11654 11425 11424
f 11456 11646 11454
f 11646 11456 11648
f 11429 11658 11660
f 11658 11429 11427
f 11480 11627 11478
f 11627 11480 11629
f 11458 11648 11456
f 11648 11458 11650
f 11427 11656 11658
f 11656 11427 11426
f 11468 11619 11617
f 11619 11468 11470
f 11474 11625 11623
f 11625 11474 11476
f 11279 11629 11480
f 11629 11279 11541
f 11499 11608 11501
f 11608 11499 11606
f 11489 11594 11596
f 11594 11489 11487
f 11592 11483 11590
f 11483 11592 11485
f 11267 11557 11556
f 11557 11267 11268
f 11519 11580 11582
f 11580 11519 11517
f 11510 11573 11571
f 11573 11510 11512
f 11511 11572 11574
f 11572 11511 11509
f 11270 11560 11559
f 11560 11270 11271
f 11271 11561 11560
f 11561 11271 11272
f 11570 11505 11568
f 11505 11570 11507
f 11522 11581 11520
f 11581 11522 11583
f 11517 11578 11580
f 11578 11517 11515
f 11515 11576 11578
f 11576 11515 11513
f 11545 11266 11555
f 11266 11545 11264
f 11554 11504 11565
f 11504 11554 11287
f 11487 11592 11594
f 11592 11487 11485
f 11523 11544 11276
f 11544 11523 11586
f 11524 11583 11522
f 11583 11524 11585
f 11588 11287 11554
f 11287 11588 11481
f 11467 11616 11618
f 11616 11467 11465
f 11277 11585 11524
f 11585 11277 11543
f 11491 11596 11598
f 11596 11491 11489
f 11566 11263 11546
f 11263 11566 11503
f 11514 11577 11575
f 11577 11514 11516
f 11565 11506 11567
f 11506 11565 11504
f 11497 11606 11499
f 11606 11497 11604
f 11590 11481 11588
f 11481 11590 11483
f 11508 11571 11569
f 11571 11508 11510
f 11495 11600 11602
f 11600 11495 11493
f 11546 11264 11545
f 11264 11546 11263
f 11516 11579 11577
f 11579 11516 11518
f 11512 11575 11573
f 11575 11512 11514
f 11555 11267 11556
f 11267 11555 11266
f 11268 11558 11557
f 11558 11268 11269
f 11269 11559 11558
f 11559 11269 11270
f 11274 11562 11273
f 11562 11274 11563
f 11497 11602 11604
f 11602 11497 11495
f 11272 11562 11561
f 11562 11272 11273
f 11513 11574 11576
f 11574 11513 11511
f 11567 11508 11569
f 11508 11567 11506
f 11501 11543 11277
f 11543 11501 11608
f 11612 11459 11610
f 11459 11612 11461
f 11276 11564 11275
f 11564 11276 11544
f 11521 11586 11523
f 11586 11521 11584
f 11519 11584 11521
f 11584 11519 11582
f 11275 11563 11274
f 11563 11275 11564
f 11493 11598 11600
f 11598 11493 11491
f 11509 11570 11572
f 11570 11509 11507
f 11518 11581 11579
f 11581 11518 11520
f 11568 11503 11566
f 11503 11568 11505
f 11614 11461 11612
f 11461 11614 11463
f 11465 11614 11616
f 11614 11465 11463
f 11389 11698 11700
f 11698 11389 11387
f 11385 11694 11696
f 11694 11385 11383
f 11387 11696 11698
f 11696 11387 11385
f 11668 8909 8906
f 8909 11668 11399
f 11394 11703 11704
f 11703 11394 11393
f 11391 11700 11702
f 11700 11391 11389
f 11393 11702 11703
f 11702 11393 11391
f 11694 11381 11692
f 11381 11694 11383
f 11692 11379 11690
f 11379 11692 11381
f 11669 11404 11671
f 11404 11669 11402
f 11404 11673 11671
f 11673 11404 11406
f 11412 11681 11679
f 11681 11412 11414
f 11408 11677 11675
f 11677 11408 11410
f 11414 11683 11681
f 11683 11414 11416
f 11406 11675 11673
f 11675 11406 11408
f 11418 11683 11416
f 11683 11418 11685
f 11397 11538 11282
f 11538 11397 11707
f 8919 8914 8917
f 8914 8919 8912
f 11420 11685 11418
f 11685 11420 11687
f 11282 11687 11420
f 11687 11282 11538
f 11690 11291 11551
f 11291 11690 11379
f 11410 11679 11677
f 11679 11410 11412
f 11395 11707 11397
f 11707 11395 11705
f 11394 11705 11395
f 11705 11394 11704
f 11551 11400 11667
f 11400 11551 11291
f 11667 11402 11669
f 11402 11667 11400
f 11365 11720 11719
f 11720 11365 11366
f 11366 11721 11720
f 11721 11366 11367
f 11548 11348 11725
f 11348 11548 11294
f 11742 11328 11740
f 11328 11742 11330
f 11320 11776 11322
f 11776 11320 11774
f 11336 11746 11748
f 11746 11336 11334
f 11332 11742 11744
f 11742 11332 11330
f 11367 11722 11721
f 11722 11367 11368
f 11369 11722 11368
f 11722 11369 11723
f 11738 11294 11548
f 11294 11738 11326
f 11715 11362 11716
f 11362 11715 11361
f 11347 11755 11345
f 11755 11347 11757
f 11762 11307 11760
f 11307 11762 11308
f 11350 11728 11727
f 11728 11350 11351
f 11284 11735 11359
f 11735 11284 11536
f 11310 11762 11764
f 11762 11310 11308
f 11345 11753 11343
f 11753 11345 11755
f 11340 11750 11752
f 11750 11340 11338
f 11320 11772 11774
f 11772 11320 11318
f 11344 11758 11346
f 11758 11344 11756
f 11314 11766 11768
f 11766 11314 11312
f 11338 11748 11750
f 11748 11338 11336
f 11339 11751 11749
f 11751 11339 11341
f 11549 11360 11714
f 11360 11549 11293
f 11370 11723 11369
f 11723 11370 11724
f 11283 11724 11370
f 11724 11283 11537
f 11316 11768 11770
f 11768 11316 11314
f 11333 11745 11743
f 11745 11333 11335
f 11353 11731 11730
f 11731 11353 11354
f 11358 11537 11283
f 11537 11358 11736
f 11063 11736 11358
f 11736 11063 11062
f 11318 11770 11772
f 11770 11318 11316
f 11725 11349 11726
f 11349 11725 11348
f 11342 11752 11754
f 11752 11342 11340
f 11337 11749 11747
f 11749 11337 11339
f 11331 11743 11741
f 11743 11331 11333
f 11352 11730 11729
f 11730 11352 11353
f 11334 11744 11746
f 11744 11334 11332
f 11726 11350 11727
f 11350 11726 11349
f 11335 11747 11745
f 11747 11335 11337
f 11351 11729 11728
f 11729 11351 11352
f 11357 11733 11356
f 11733 11357 11734
f 11285 11757 11347
f 11757 11285 11535
f 11324 11535 11285
f 11535 11324 11778
f 11322 11778 11324
f 11778 11322 11776
f 11355 11733 11732
f 11733 11355 11356
f 11359 11734 11357
f 11734 11359 11735
f 11346 11536 11284
f 11536 11346 11758
f 11342 11756 11344
f 11756 11342 11754
f 10715 11293 11549
f 11293 10715 10714
f 11714 11361 11715
f 11361 11714 11360
f 11362 11717 11716
f 11717 11362 11363
f 11341 11753 11751
f 11753 11341 11343
f 11363 11718 11717
f 11718 11363 11364
f 11312 11764 11766
f 11764 11312 11310
f 11354 11732 11731
f 11732 11354 11355
f 11740 11326 11738
f 11326 11740 11328
f 11760 11306 11759
f 11306 11760 11307
f 11364 11719 11718
f 11719 11364 11365
f 11780 11296 11779
f 11296 11780 11297
f 11286 11777 11325
f 11777 11286 11534
f 11311 11765 11763
f 11765 11311 11313
f 11302 11784 11785
f 11784 11302 11301
f 11300 11782 11783
f 11782 11300 11299
f 11299 11781 11782
f 11781 11299 11298
f 11303 11787 11304
f 11787 11303 11786
f 11301 11783 11784
f 11783 11301 11300
f 11779 11069 11068
f 11069 11779 11296
f 9126 11309 11761
f 11309 9126 9125
f 11325 11775 11323
f 11775 11325 11777
f 11319 11773 11771
f 11773 11319 11321
f 10767 10773 10770
f 10773 10767 10766
f 11759 11295 11547
f 11295 11759 11306
f 11305 11534 11286
f 11534 11305 11788
f 11737 11329 11739
f 11329 11737 11327
f 11739 11331 11741
f 11331 11739 11329
f 11313 11767 11765
f 11767 11313 11315
f 11547 11327 11737
f 11327 11547 11295
f 11303 11785 11786
f 11785 11303 11302
f 11315 11769 11767
f 11769 11315 11317
f 11304 11788 11305
f 11788 11304 11787
f 11317 11771 11769
f 11771 11317 11319
f 11323 11773 11321
f 11773 11323 11775
f 11309 11763 11761
f 11763 11309 11311
f 11298 11780 11781
f 11780 11298 11297
f 11411 11678 11680
f 11678 11411 11409
f 11419 11539 11281
f 11539 11419 11688
f 11415 11682 11684
f 11682 11415 11413
f 11413 11680 11682
f 11680 11413 11411
f 11281 11665 11436
f 11665 11281 11539
f 11407 11674 11676
f 11674 11407 11405
f 8915 11657 8913
f 11657 8915 11428
f 11405 11672 11674
f 11672 11405 11403
f 11428 11659 11657
f 11659 11428 11430
f 11417 11688 11419
f 11688 11417 11686
f 11415 11686 11417
f 11686 11415 11684
f 11670 11399 11668
f 11399 11670 11401
f 11436 11663 11434
f 11663 11436 11665
f 11409 11676 11678
f 11676 11409 11407
f 11434 11661 11432
f 11661 11434 11663
f 11672 11401 11670
f 11401 11672 11403
f 11430 11661 11659
f 11661 11430 11432
f 11789 11790 11791
f 11790 11789 11792
f 11792 11789 11793
f 11794 11791 11795
f 11791 11794 11789
f 11796 11795 11797
f 11795 11796 11798
f 11795 11798 11799
f 11794 11795 11799
f 11793 11800 11792
f 11790 11801 11802
f 11801 11790 11792
f 11801 11792 11803
f 11803 11792 11804
f 11804 11792 11800
f 11803 11805 11801
f 11805 11803 11806
f 11806 11803 11807
f 11807 11803 11804
f 11805 11808 11809
f 11808 11805 11810
f 11810 11805 11807
f 11807 11805 11806
f 11811 11812 11813
f 11812 11811 11814
f 11812 11814 11815
f 11815 11814 11816
f 11815 11816 11817
f 11817 11816 11818
f 11817 11818 11819
f 11819 11818 11820
f 11819 11820 11821
f 11821 11820 11822
f 11821 11822 11823
f 11824 11823 11822
f 11823 11824 11825
f 11825 11824 11826
f 11825 11826 11827
f 11827 11826 11828
f 11827 11828 11829
f 11829 11828 11830
f 11829 11830 11831
f 11831 11830 11832
f 11831 11832 11833
f 11833 11832 11834
f 11835 11836 11837
f 11836 11835 11838
f 11838 11835 11839
f 11838 11839 11840
f 11840 11839 11841
f 11840 11841 11842
f 11842 11841 11843
f 11842 11843 11844
f 11844 11843 11845
f 11844 11845 11846
f 11846 11845 11847
f 11848 11849 11850
f 11849 11848 11851
f 11851 11848 11852
f 11853 11850 11854
f 11850 11853 11855
f 11850 11855 11848
f 11848 11855 11856
f 11848 11856 11857
f 11852 11848 11857
f 11858 11853 11859
f 11853 11858 11855
f 11855 11858 11860
f 11855 11860 11856
f 11861 11858 11859
f 11858 11861 11860
f 11860 11861 11862
f 11862 11861 11863
f 11851 11864 11849
f 11864 11851 11865
f 11866 11867 11868
f 11867 11866 11869
f 11868 11870 11871
f 11870 11868 11872
f 11872 11868 11873
f 11873 11868 11867
f 11871 11874 11875
f 11874 11871 11873
f 11873 11871 11870
f 11873 11870 11872
f 11875 11876 11877
f 11876 11875 11874
f 11877 11878 11879
f 11878 11877 11876
f 11880 11878 11881
f 11878 11880 11879
f 11864 11881 11882
f 11881 11864 11865
f 11881 11865 11883
f 11880 11881 11883
f 11884 11796 11885
f 11796 11884 11798
f 11884 11869 11866
f 11869 11884 11885
f 11886 11887 11888
f 11887 11886 11889
f 11887 11889 11890
f 11890 11889 11891
f 11890 11891 11892
f 11892 11891 11893
f 11892 11893 11894
f 11894 11893 11895
f 11894 11895 11896
f 11896 11895 11837
f 11896 11837 11836
f 11795 11802 11797
f 11802 11795 11791
f 11802 11791 11790
f 11897 11887 11898
f 11887 11897 11899
f 11887 11899 11888
f 11888 11899 11900
f 11888 11900 11882
f 11882 11900 11854
f 11901 11886 11902
f 11886 11901 11889
f 11903 11889 11901
f 11889 11903 11891
f 11891 11904 11893
f 11904 11891 11903
f 11893 11905 11895
f 11905 11893 11904
f 11902 11900 11899
f 11900 11902 11854
f 11854 11902 11882
f 11882 11886 11888
f 11886 11882 11902
f 11895 11872 11837
f 11872 11895 11905
f 11872 11905 11906
f 11906 11905 11907
f 11907 11905 11908
f 11908 11905 11909
f 11837 11910 11835
f 11910 11837 11872
f 11910 11872 11906
f 11910 11906 11907
f 11910 11907 11908
f 11910 11908 11909
f 11897 11890 11911
f 11890 11897 11898
f 11887 11890 11898
f 11839 11912 11841
f 11912 11839 11913
f 11843 11914 11845
f 11914 11843 11915
f 11845 11797 11847
f 11797 11845 11802
f 11802 11914 11916
f 11914 11802 11845
f 11917 11918 11919
f 11918 11917 11920
f 11920 11917 11921
f 11921 11917 11906
f 11921 11906 11922
f 11921 11922 11923
f 11841 11915 11843
f 11915 11841 11912
f 11919 11863 11861
f 11863 11919 11862
f 11862 11919 11920
f 11920 11919 11918
f 11924 11906 11917
f 11906 11924 11922
f 11922 11924 11923
f 11923 11924 11921
f 11921 11924 11925
f 11925 11924 11926
f 11846 11927 11844
f 11927 11846 11928
f 11809 11926 11924
f 11926 11809 11925
f 11925 11809 11810
f 11810 11809 11808
f 11835 11913 11839
f 11913 11835 11910
f 11847 11928 11846
f 11928 11847 11916
f 11916 11847 11797
f 11916 11797 11802
f 2410 11929 11930
f 11929 2410 11931
f 11931 2410 11932
f 11932 2410 11933
f 11934 11935 11936
f 11935 11934 11937
f 11938 11936 11939
f 11936 11938 11934
f 11940 11941 11942
f 11941 11940 5468
f 5468 11940 11943
f 5468 11943 11944
f 11945 11946 11947
f 11946 11945 11948
f 11941 11945 11947
f 11945 11941 5468
f 11948 11949 11946
f 11949 11948 11950
f 11950 11948 11951
f 11951 11948 11952
f 11952 11948 11953
f 11953 11948 11944
f 11953 11944 11954
f 11954 11944 11955
f 11955 11944 11956
f 11956 11944 11957
f 11957 11944 11958
f 11958 11944 11959
f 11959 11944 11960
f 11960 11944 11961
f 11961 11944 11962
f 11962 11944 11943
f 11946 11963 11942
f 11963 11946 11964
f 11964 11946 11965
f 11965 11946 11966
f 11966 11946 11949
f 11942 11963 11967
f 11942 11967 11968
f 11942 11968 11969
f 11942 11969 11970
f 11942 11970 11971
f 11942 11971 11972
f 11942 11972 11973
f 11942 11973 11974
f 11942 11974 11975
f 11942 11975 11940
f 11976 11966 11949
f 11966 11976 11977
f 11977 11976 11978
f 11977 11978 11979
f 11979 11978 11980
f 11979 11980 11981
f 11981 11980 11982
f 11981 11982 11983
f 11981 11983 11984
f 11984 11983 11985
f 11984 11985 11986
f 11986 11985 11987
f 11986 11987 11988
f 11988 11987 11989
f 11988 11989 11990
f 11990 11989 11991
f 11990 11991 11992
f 11992 11991 11993
f 11992 11993 11994
f 11994 11993 11995
f 11994 11995 11996
f 11996 11995 11997
f 11996 11997 11998
f 11998 11997 11962
f 11998 11962 11975
f 11975 11962 11943
f 11975 11943 11940
f 11945 11944 11948
f 11944 11945 5468
f 11942 11947 11946
f 11947 11942 11941
f 11999 12000 12001
f 12000 11999 12002
f 12000 11939 12001
f 11939 12000 11938
f 12003 11838 11840
f 11838 12003 12004
f 12004 11836 11838
f 11836 12004 12005
f 12005 12004 12006
f 12005 11896 11836
f 11896 12005 12007
f 12007 12005 12006
f 12008 12009 12010
f 12009 12008 12011
f 12012 12013 12014
f 12013 12012 12015
f 12016 12017 12018
f 12017 12016 12019
f 12010 12020 12021
f 12020 12010 12009
f 12007 11894 11896
f 11894 12007 12022
f 12022 11892 11894
f 11892 12022 12023
f 11937 12024 11935
f 12024 11937 12025
f 12026 12027 12028
f 12027 12026 12029
f 12030 12029 12026
f 12029 12030 12031
f 12028 12019 12016
f 12019 12028 12027
f 12032 12031 12030
f 12031 12032 12033
f 12034 12017 12035
f 12017 12034 12018
f 12036 12015 12012
f 12015 12036 12037
f 12038 12039 12040
f 12039 12038 12041
f 11844 12042 11842
f 12042 11844 11927
f 11911 11892 12023
f 11892 11911 11890
f 12011 12033 12032
f 12033 12011 12008
f 12025 12035 12024
f 12035 12025 12034
f 12014 12043 12044
f 12043 12014 12013
f 12044 12045 12046
f 12045 12044 12043
f 12047 12037 12036
f 12037 12047 12048
f 12046 12041 12038
f 12041 12046 12045
f 12021 12048 12047
f 12048 12021 12020
f 12040 12002 11999
f 12002 12040 12039
f 12042 11840 11842
f 11840 12042 12003
f 12049 2410 12050
f 2410 12049 11933
f 12051 12026 12049
f 12026 12051 12028
f 12028 12051 12016
f 12016 12051 12018
f 12018 12051 11929
f 12018 11929 12034
f 12034 11929 12025
f 12025 11929 11937
f 11937 11929 11934
f 11934 11929 11938
f 11938 11929 12000
f 12000 11929 12002
f 12002 11929 12039
f 12039 11929 12041
f 12041 11929 11931
f 12049 12052 11933
f 12052 12049 12053
f 12053 12049 12054
f 12054 12049 12055
f 12055 12049 12026
f 11933 12052 12056
f 11933 12056 12057
f 11933 12057 12058
f 11933 12058 12059
f 11933 12059 12060
f 11933 12060 12061
f 11933 12061 12062
f 11933 12062 12063
f 11933 12063 12064
f 11933 12064 11932
f 12030 12055 12026
f 12055 12030 12065
f 12065 12030 12032
f 12065 12032 12066
f 12066 12032 12011
f 12066 12011 12067
f 12067 12011 12009
f 12067 12009 12068
f 12068 12009 12020
f 12068 12020 12069
f 12069 12020 12048
f 12069 12048 12070
f 12070 12048 12037
f 12070 12037 12071
f 12071 12037 12015
f 12071 12015 12072
f 12072 12015 12013
f 12072 12013 12073
f 12073 12013 12043
f 12073 12043 12074
f 12074 12043 12045
f 12074 12045 12075
f 12075 12045 12041
f 12075 12041 12064
f 12064 12041 11931
f 12064 11931 11932
f 12049 12076 12051
f 12076 12049 12050
f 11929 12076 11930
f 12076 11929 12051
f 11875 11868 11871
f 11868 11875 11877
f 11868 11877 11866
f 11866 11877 11879
f 11866 11879 11884
f 11884 11879 11880
f 11884 11880 11798
f 11798 11880 11883
f 11798 11883 11799
f 11799 11883 12077
f 11799 12077 12078
f 12078 12077 11800
f 11800 12077 11857
f 11800 11857 11804
f 11804 11857 11856
f 11804 11856 11860
f 11804 11860 11807
f 11807 11860 11862
f 11807 11862 11810
f 11810 11862 11920
f 11810 11920 11925
f 11925 11920 11921
f 11867 11874 11873
f 11874 11867 11869
f 11874 11869 11876
f 11876 11869 11885
f 11876 11885 11878
f 11878 11885 11881
f 11881 11885 11796
f 11881 11796 11882
f 11882 11796 11797
f 11882 11797 11854
f 11854 11797 11802
f 11854 11802 11801
f 11854 11801 11853
f 11853 11801 11859
f 11859 11801 11805
f 11859 11805 11809
f 11859 11809 11861
f 11861 11809 11924
f 11861 11924 11919
f 11919 11924 11917
f 11854 11864 11882
f 11864 11854 11849
f 11849 11854 11850
f 12078 11794 11799
f 11794 12078 11789
f 11789 12078 11793
f 11793 12078 11800
f 11865 12077 11883
f 12077 11865 11851
f 12077 11851 11852
f 12077 11852 11857
f 12079 12080 12081
f 12080 12079 12082
f 12082 12079 12083
f 12084 12085 12086
f 12085 12084 12087
f 12087 12084 12088
f 12088 12084 12089
f 12081 12090 12091
f 12090 12081 12080
f 12090 12080 12092
f 12093 12094 12095
f 12094 12093 12096
f 12095 12097 12098
f 12097 12095 12094
f 12099 12100 12101
f 12100 12099 12102
f 12103 12096 12093
f 12096 12103 12104
f 12105 12106 12107
f 12106 12105 12108
f 12108 12105 12109
f 12109 12105 12110
f 12082 12092 12080
f 12092 12082 12111
f 12112 12113 12114
f 12113 12112 12115
f 12115 12112 12116
f 12116 12112 12117
f 12118 12119 12120
f 12119 12118 12100
f 12119 12100 12102
f 12119 12102 12121
f 12121 12102 12122
f 12123 12119 12121
f 12124 12125 12126
f 12125 12124 12127
f 12120 12128 12129
f 12128 12120 12130
f 12130 12120 12119
f 12131 12104 12103
f 12104 12131 12132
f 12107 12117 12112
f 12117 12107 12116
f 12116 12107 12108
f 12108 12107 12106
f 12118 12129 12133
f 12129 12118 12120
f 12134 12135 12136
f 12135 12134 12137
f 12137 12134 12138
f 12137 12138 12139
f 12140 12141 12142
f 12128 12133 12129
f 12133 12128 12143
f 12143 12128 12142
f 12143 12142 12144
f 12144 12142 12145
f 12145 12142 12141
f 12145 12141 12146
f 12107 12086 12105
f 12086 12107 12112
f 12086 12112 12084
f 12084 12112 12114
f 12084 12114 12138
f 12138 12114 12145
f 12138 12145 12139
f 12139 12145 12146
f 12139 12146 12147
f 12147 12146 12122
f 12147 12122 12148
f 12148 12122 12149
f 12149 12122 12124
f 12124 12122 12102
f 12124 12102 12099
f 12124 12099 12127
f 12127 12099 12097
f 12127 12097 12132
f 12132 12097 12094
f 12132 12094 12104
f 12104 12094 12096
f 12125 12132 12131
f 12132 12125 12127
f 12098 12099 12101
f 12099 12098 12097
f 12144 12115 12143
f 12115 12144 12113
f 12113 12144 12114
f 12114 12144 12145
f 12140 12150 12141
f 12150 12140 12151
f 12150 12151 12121
f 12121 12151 12123
f 12138 12089 12084
f 12089 12138 12088
f 12088 12138 12136
f 12136 12138 12134
f 12135 12081 12091
f 12081 12135 12137
f 12081 12137 12079
f 12079 12137 12139
f 12079 12139 12147
f 12083 12079 12147
f 12086 12110 12105
f 12110 12086 12109
f 12109 12086 12087
f 12087 12086 12085
f 12148 12083 12147
f 12083 12148 12082
f 12082 12148 12149
f 12082 12149 12111
f 12092 12126 12090
f 12126 12092 12111
f 12126 12111 12149
f 12124 12126 12149
f 12151 12128 12130
f 12128 12151 12142
f 12142 12151 12140
f 12123 12130 12119
f 12130 12123 12151
f 12152 11926 12153
f 11926 12152 11808
f 11926 11808 12154
f 11926 12154 12155
f 12156 12157 11851
f 12157 12156 12158
f 12157 12158 12159
f 12159 12158 12077
f 12160 12161 12162
f 12161 12160 12163
f 12161 12163 12164
f 12164 12163 11900
f 12141 12122 12146
f 12122 12141 12150
f 12122 12150 12121
f 11792 12165 12166
f 12165 11792 11789
f 11789 11792 12167
f 12168 12169 12170
f 12169 12168 12171
f 12172 11863 12173
f 11863 12172 11858
f 11863 11858 12174
f 12174 11858 12175
f 12176 12177 12178
f 12177 12176 12179
f 11806 12180 12181
f 12180 11806 11803
f 11803 11806 12182
f 11803 12182 12183
f 12164 12156 12161
f 12156 12164 12184
f 12156 12184 12158
f 12158 12184 12185
f 11789 12186 12165
f 12186 11789 12187
f 12188 12189 12190
f 12189 12188 12191
f 12163 11855 12192
f 11855 12163 12160
f 11855 12160 11848
f 11855 11848 12193
f 12193 11848 12159
f 12159 11848 12157
f 12185 12077 12158
f 12077 12185 12159
f 12159 12185 12193
f 12193 12185 12194
f 12193 12194 12175
f 12175 12194 12170
f 12175 12170 12174
f 12174 12170 12169
f 12174 12169 12195
f 12195 12169 12196
f 12195 12196 12197
f 12197 12196 12188
f 12197 12188 12153
f 12153 12188 12190
f 12153 12190 12152
f 12152 12190 12179
f 12152 12179 12182
f 12182 12179 12176
f 12182 12176 12183
f 12183 12176 12198
f 12183 12198 12199
f 12199 12198 12078
f 12187 12200 12186
f 12200 12187 12178
f 12178 12187 12198
f 12178 12198 12176
f 12168 12194 12201
f 12194 12168 12170
f 11808 12181 12154
f 12181 11808 11806
f 11806 11808 12152
f 11806 12152 12182
f 12192 11900 12163
f 11900 12192 12164
f 12164 12192 12184
f 12184 12192 12172
f 12184 12172 12201
f 12201 12172 12173
f 12201 12173 12168
f 12168 12173 12202
f 12168 12202 12171
f 12171 12202 12203
f 12171 12203 12204
f 12204 12203 12155
f 12204 12155 12191
f 12191 12155 12154
f 12191 12154 12189
f 12189 12154 12181
f 12189 12181 12177
f 12177 12181 12180
f 12177 12180 12178
f 12178 12180 12205
f 12178 12205 12200
f 12200 12205 12166
f 12200 12166 12186
f 12186 12166 12165
f 12196 12191 12188
f 12191 12196 12206
f 12191 12206 11908
f 12191 11908 12204
f 12207 12195 12197
f 12195 12207 11918
f 11918 12207 11922
f 11918 11922 12202
f 12202 11922 11907
f 12202 11907 12203
f 11918 12174 12195
f 12174 11918 11863
f 11863 11918 12173
f 12173 11918 12202
f 12153 12207 12197
f 12207 12153 11926
f 12207 11926 11922
f 11922 11926 12155
f 11922 12155 11907
f 11907 12155 12203
f 12201 12185 12184
f 12185 12201 12194
f 12179 12189 12177
f 12189 12179 12190
f 12192 11858 12172
f 11858 12192 11855
f 11858 11855 12175
f 12175 11855 12193
f 12187 12078 12198
f 12078 12187 12199
f 12199 12187 12167
f 12167 12187 11789
f 12087 12108 12109
f 12108 12087 12088
f 12108 12088 12116
f 12116 12088 12136
f 12116 12136 12115
f 12115 12136 12135
f 12115 12135 12143
f 12143 12135 12091
f 12143 12091 12133
f 12133 12091 12118
f 12118 12091 12090
f 12118 12090 12126
f 12118 12126 12100
f 12100 12126 12125
f 12100 12125 12101
f 12101 12125 12131
f 12101 12131 12098
f 12098 12131 12103
f 12098 12103 12095
f 12095 12103 12093
f 12162 11848 12160
f 11848 12162 11851
f 11848 11851 12157
f 11803 12205 12180
f 12205 11803 12166
f 12166 11803 11792
f 11792 11803 12183
f 11792 12183 12199
f 11792 12199 12167
f 12161 11851 12162
f 11851 12161 12156
f 12196 12169 12206
f 12204 12169 12171
f 12169 12204 11908
f 12169 11908 12206
f 12208 12209 12210
f 12209 12208 12211
f 12209 12211 12212
f 12212 12211 12213
f 12212 12213 12214
f 12214 12213 12215
f 12214 12215 12216
f 12216 12215 12217
f 12216 12217 12218
f 12218 12217 12219
f 12218 12219 12220
f 12220 12219 12221
f 12220 12221 12222
f 12222 12221 12223
f 12222 12223 12224
f 12224 12223 12225
f 12224 12225 12226
f 12226 12225 12227
f 12226 12227 12228
f 12228 12227 12229
f 12228 12229 12230
f 12230 12229 12231
f 12232 11968 12233
f 11968 12232 11969
f 11964 12234 11963
f 12234 11964 12235
f 11965 12235 11964
f 12235 11965 12236
f 12237 11963 12234
f 11963 12237 11967
f 12233 11967 12237
f 11967 12233 11968
f 12002 11842 12000
f 11842 12002 11844
f 11812 12066 11815
f 12066 11812 12065
f 11836 12025 11937
f 12025 11836 11896
f 12031 12027 12029
f 12027 12031 12033
f 12027 12033 12019
f 12019 12033 12008
f 12019 12008 12017
f 12017 12008 12010
f 12017 12010 12035
f 12035 12010 12021
f 12035 12021 12024
f 12024 12021 12047
f 12024 12047 11935
f 11935 12047 12036
f 11935 12036 11936
f 11936 12036 12012
f 11936 12012 11939
f 11939 12012 12014
f 11939 12014 12001
f 12001 12014 12044
f 12001 12044 11999
f 11999 12044 12046
f 11999 12046 12040
f 12040 12046 12038
f 11896 12034 12025
f 12034 11896 11894
f 11823 12069 12070
f 12069 11823 11821
f 11819 12067 12068
f 12067 11819 11817
f 11811 12055 11813
f 12055 11811 12054
f 11816 12056 12052
f 12056 11816 11818
f 11842 11938 12000
f 11938 11842 11840
f 11840 11934 11938
f 11934 11840 11838
f 11815 12067 11817
f 12067 11815 12066
f 11813 12065 11812
f 12065 11813 12055
f 11838 11937 11934
f 11937 11838 11836
f 11818 12057 12056
f 12057 11818 11820
f 11820 12058 12057
f 12058 11820 11822
f 11814 12054 11811
f 12054 11814 12053
f 11816 12053 11814
f 12053 11816 12052
f 11821 12068 12069
f 12068 11821 11819
f 12039 11844 12002
f 11844 12039 11846
f 2410 12076 12050
f 12076 2410 11930
f 12075 11831 12074
f 11831 12075 11833
f 12074 11829 12073
f 11829 12074 11831
f 11822 12059 12058
f 12059 11822 11824
f 11824 12060 12059
f 12060 11824 11826
f 11829 12072 12073
f 12072 11829 11827
f 11827 12071 12072
f 12071 11827 11825
f 11825 12070 12071
f 12070 11825 11823
f 12064 11833 12075
f 11833 12064 11834
f 11826 12061 12060
f 12061 11826 11828
f 12061 11830 12062
f 11830 12061 11828
f 12062 11832 12063
f 11832 12062 11830
f 12063 11834 12064
f 11834 12063 11832
f 12238 12239 12240
f 12239 12238 12122
f 12239 12146 12241
f 12146 12239 12122
f 11995 12242 11993
f 12242 11995 12243
f 12244 11949 12245
f 11949 12244 11950
f 12246 11952 12247
f 11952 12246 11953
f 11975 12248 11974
f 12248 11975 12249
f 11973 12250 11972
f 12250 11973 12251
f 11996 12252 11998
f 12252 11996 12253
f 12254 11977 12255
f 11977 12254 11979
f 11969 12256 11968
f 12256 11969 12257
f 12256 11967 11968
f 11967 12256 12258
f 12259 12003 12042
f 12003 12259 12260
f 11983 12261 11982
f 12261 11983 12262
f 11987 12263 11985
f 12263 11987 12264
f 11997 12243 11995
f 12243 11997 12265
f 11960 12266 11961
f 12266 11960 12267
f 11972 12268 11971
f 12268 11972 12250
f 11998 12249 11975
f 12249 11998 12252
f 12269 11992 11990
f 11992 12269 12270
f 12271 11955 11954
f 11955 12271 12272
f 12273 11986 11984
f 11986 12273 12274
f 11994 12253 11996
f 12253 11994 12275
f 12276 11982 12261
f 11982 12276 11980
f 12263 11983 11985
f 11983 12263 12262
f 12277 11984 11981
f 11984 12277 12273
f 12278 11965 12279
f 11965 12278 11966
f 12280 11963 12281
f 11963 12280 11964
f 12282 11978 12283
f 11978 12282 11976
f 11989 12264 11987
f 12264 11989 12284
f 11961 12285 11962
f 12285 11961 12266
f 11970 12257 11969
f 12257 11970 12286
f 12287 11989 11991
f 11989 12287 12284
f 12288 12289 12290
f 12289 12288 12291
f 12292 12290 12293
f 12290 12292 12288
f 12279 11964 12280
f 11964 12279 11965
f 12260 12004 12003
f 12004 12260 12294
f 11928 12295 11927
f 12295 11928 12296
f 11916 12296 11928
f 12296 11916 12297
f 12297 11916 12080
f 11914 12080 11916
f 12080 12298 12297
f 12298 12080 11914
f 12270 11994 11992
f 11994 12270 12275
f 12246 11954 11953
f 11954 12246 12271
f 12299 11950 12244
f 11950 12299 11951
f 12042 12295 12259
f 12295 12042 11927
f 12245 11976 12282
f 11976 12245 11949
f 11993 12287 11991
f 12287 11993 12242
f 11974 12251 11973
f 12251 11974 12248
f 11959 12267 11960
f 12267 11959 12300
f 12301 11959 11958
f 11959 12301 12300
f 12302 11958 11957
f 11958 12302 12301
f 12292 12303 12304
f 12303 12292 12293
f 12304 12305 12306
f 12305 12304 12303
f 12268 11970 11971
f 11970 12268 12286
f 12307 11990 11988
f 11990 12307 12269
f 12308 11957 11956
f 11957 12308 12302
f 12277 11979 12254
f 11979 12277 11981
f 12238 12146 12122
f 12146 12238 12241
f 12241 12238 12306
f 12241 12306 12305
f 12255 11966 12278
f 11966 12255 11977
f 12272 11956 11955
f 11956 12272 12308
f 11967 12281 11963
f 12281 11967 12258
f 11962 12265 11997
f 12265 11962 12285
f 12274 11988 11986
f 11988 12274 12307
f 12309 11904 11903
f 11904 12309 12310
f 12236 11911 12235
f 11911 12236 11897
f 12311 12312 12313
f 12312 12311 12314
f 12315 11913 11910
f 11913 12315 12316
f 12317 12318 12319
f 12318 12317 12320
f 11912 12321 11915
f 12321 11912 12322
f 12316 11912 11913
f 11912 12316 12322
f 12232 12007 12006
f 12007 12232 12233
f 12323 12324 12325
f 12324 12323 12326
f 12327 12328 12329
f 12328 12327 12330
f 11915 12298 11914
f 12298 11915 12321
f 12240 12314 12311
f 12314 12240 12239
f 12331 12329 12332
f 12329 12331 12327
f 12333 12118 12334
f 12118 12333 12133
f 12133 12333 11899
f 11899 12333 11902
f 12335 12336 12337
f 12336 12335 12338
f 12338 12335 12082
f 12291 12332 12289
f 12332 12291 12331
f 12233 12022 12007
f 12022 12233 12237
f 12330 12339 12328
f 12339 12330 12340
f 12320 12312 12318
f 12312 12320 12313
f 12206 12319 12341
f 12319 12206 12317
f 12317 12206 12342
f 12343 12344 12345
f 12344 12343 12346
f 12346 12347 12344
f 12347 12346 12348
f 12337 12349 12350
f 12349 12337 12336
f 12325 12082 12335
f 12082 12325 12338
f 12338 12325 12324
f 12350 12343 12345
f 12343 12350 12349
f 12339 12326 12323
f 12326 12339 12340
f 12334 11897 12236
f 11897 12334 11899
f 11899 12334 12118
f 11899 12118 12133
f 12351 11910 11909
f 11910 12351 12315
f 12348 12341 12347
f 12341 12348 12206
f 12206 12348 12342
f 12310 11905 11904
f 11905 12310 12352
f 12237 12023 12022
f 12023 12237 12234
f 12353 11902 12333
f 11902 12353 11901
f 12352 11909 11905
f 11909 12352 12351
f 12235 12023 12234
f 12023 12235 11911
f 12309 11901 12353
f 11901 12309 11903
f 12294 12006 12004
f 12006 12294 12232
f 12041 11846 12039
f 11846 12041 11847
f 12045 11847 12041
f 11847 12045 11845
f 11887 12016 11890
f 12016 11887 12028
f 11886 12026 11888
f 12026 11886 12030
f 11889 12030 11886
f 12030 11889 12032
f 11891 12032 11889
f 12032 11891 12011
f 11891 12009 12011
f 12009 11891 11893
f 11893 12020 12009
f 12020 11893 11895
f 11895 12048 12020
f 12048 11895 11837
f 11837 12037 12048
f 12037 11837 11835
f 11835 12015 12037
f 12015 11835 11839
f 11894 12018 12034
f 12018 11894 11892
f 11839 12013 12015
f 12013 11839 11841
f 12013 11843 12043
f 11843 12013 11841
f 12043 11845 12045
f 11845 12043 11843
f 11890 12018 11892
f 12018 11890 12016
f 11888 12028 11887
f 12028 11888 12026
f 12338 11997 12336
f 11997 12338 11962
f 12324 11962 12338
f 11962 12324 11961
f 12317 11983 12320
f 11983 12317 11985
f 12283 11980 12276
f 11980 12283 11978
f 11955 12331 12291
f 12331 11955 11956
f 11953 12288 12292
f 12288 11953 11954
f 12320 11982 12313
f 11982 12320 11983
f 12342 11985 12317
f 11985 12342 11987
f 12247 11951 12299
f 11951 12247 11952
f 12348 11987 12342
f 11987 12348 11989
f 12346 11989 12348
f 11989 12346 11991
f 12343 11991 12346
f 11991 12343 11993
f 12349 11993 12343
f 11993 12349 11995
f 11954 12291 12288
f 12291 11954 11955
f 12336 11995 12349
f 11995 12336 11997
f 12213 12056 12215
f 12056 12213 12052
f 11828 12323 11830
f 12323 11828 12339
f 12230 12074 12228
f 12074 12230 12075
f 12069 12216 12218
f 12216 12069 12068
f 12054 12210 12055
f 12210 12054 12208
f 12053 12208 12054
f 12208 12053 12211
f 12055 12209 12065
f 12209 12055 12210
f 12073 12224 12226
f 12224 12073 12072
f 12066 12214 12067
f 12214 12066 12212
f 12231 12075 12230
f 12075 12231 12064
f 12071 12220 12222
f 12220 12071 12070
f 12070 12218 12220
f 12218 12070 12069
f 12068 12214 12216
f 12214 12068 12067
f 12228 12073 12226
f 12073 12228 12074
f 12065 12212 12066
f 12212 12065 12209
f 12052 12211 12053
f 12211 12052 12213
f 12215 12057 12217
f 12057 12215 12056
f 12219 12059 12221
f 12059 12219 12058
f 11824 12328 11826
f 12328 11824 12329
f 12217 12058 12219
f 12058 12217 12057
f 11826 12339 11828
f 12339 11826 12328
f 12072 12222 12224
f 12222 12072 12071
f 11870 11821 11823
f 11821 11870 12319
f 12319 11870 12207
f 12319 12207 11923
f 12319 11923 12341
f 12347 11823 11825
f 11823 12347 11870
f 11870 12347 12207
f 12207 12347 11923
f 11923 12347 12341
f 12345 11827 11829
f 11827 12345 12344
f 12344 11825 11827
f 11825 12344 12347
f 12319 11819 11821
f 11819 12319 12318
f 12318 11817 11819
f 11817 12318 12312
f 12293 11814 12303
f 11814 12293 11816
f 11816 12290 11818
f 12290 11816 12293
f 11818 12289 11820
f 12289 11818 12290
f 11820 12332 11822
f 12332 11820 12289
f 11834 12337 11833
f 12337 11834 12335
f 12335 11834 11799
f 12335 11799 11800
f 11800 11799 12078
f 11822 12329 11824
f 12329 11822 12332
f 12241 11812 12239
f 11812 12241 11813
f 11813 12241 11857
f 11813 11857 11883
f 11883 11857 12077
f 12239 11815 12314
f 11815 12239 11812
f 11830 12325 11832
f 12325 11830 12323
f 11831 12345 11829
f 12345 11831 12350
f 11832 11799 11834
f 11799 11832 12078
f 12078 11832 11800
f 11800 12325 12335
f 12325 11800 11832
f 11833 12350 11831
f 12350 11833 12337
f 12314 11817 12312
f 11817 12314 11815
f 12305 11857 12241
f 11857 12305 12077
f 12077 12305 11883
f 11883 11811 11813
f 11811 11883 12305
f 12303 11811 12305
f 11811 12303 11814
f 12227 12063 12229
f 12063 12227 12062
f 12221 12060 12223
f 12060 12221 12059
f 12223 12061 12225
f 12061 12223 12060
f 12229 12064 12231
f 12064 12229 12063
f 12225 12062 12227
f 12062 12225 12061
f 11952 12304 11951
f 12304 11952 12292
f 12292 11952 11953
f 11950 12238 11949
f 12238 11950 12306
f 12282 12244 12245
f 12244 12282 12283
f 12244 12283 12299
f 12299 12283 12276
f 12299 12276 12247
f 12247 12276 12261
f 12247 12261 12246
f 12246 12261 12262
f 12246 12262 12271
f 12271 12262 12263
f 12271 12263 12272
f 12272 12263 12264
f 12272 12264 12308
f 12308 12264 12284
f 12308 12284 12302
f 12302 12284 12287
f 12302 12287 12301
f 12301 12287 12242
f 12301 12242 12300
f 12300 12242 12243
f 12300 12243 12267
f 12267 12243 12265
f 12267 12265 12266
f 12266 12265 12285
f 11957 12330 12327
f 12330 11957 11958
f 11956 12327 12331
f 12327 11956 11957
f 11951 12306 11950
f 12306 11951 12304
f 11976 12311 11978
f 12311 11976 12240
f 11980 12313 11982
f 12313 11980 12311
f 12311 11980 11978
f 12340 11960 12326
f 11960 12340 11959
f 11949 12240 11976
f 12240 11949 12238
f 12279 12255 12278
f 12255 12279 12280
f 12255 12280 12254
f 12254 12280 12281
f 12254 12281 12277
f 12277 12281 12258
f 12277 12258 12273
f 12273 12258 12256
f 12273 12256 12274
f 12274 12256 12257
f 12274 12257 12307
f 12307 12257 12286
f 12307 12286 12269
f 12269 12286 12268
f 12269 12268 12270
f 12270 12268 12250
f 12270 12250 12275
f 12275 12250 12251
f 12275 12251 12253
f 12253 12251 12248
f 12253 12248 12252
f 12252 12248 12249
f 12326 11961 12324
f 11961 12326 11960
f 11958 12340 12330
f 12340 11958 11959
f 12354 12355 12356
f 12355 12354 12357
f 12358 12359 12360
f 12359 12358 12361
f 12361 12358 12362
f 12361 12362 12363
f 12364 12089 12365
f 12089 12364 12134
f 12089 12134 12366
f 12366 12134 12367
f 12368 12358 12151
f 12358 12368 12369
f 12358 12369 12362
f 12362 12369 12150
f 12113 12370 12371
f 12370 12113 12144
f 12144 12113 12372
f 12144 12372 12373
f 12374 12117 12375
f 12117 12374 12106
f 12117 12106 12376
f 12117 12376 12377
f 12360 12378 12379
f 12378 12360 12359
f 12378 12359 12380
f 12381 12382 12383
f 12382 12381 12356
f 12382 12356 12384
f 12384 12356 12355
f 12385 12386 12387
f 12386 12385 12388
f 12386 12389 12387
f 12389 12386 12390
f 12389 12390 12391
f 12391 12390 12354
f 12391 12354 12392
f 12392 12354 12356
f 12392 12356 12361
f 12361 12356 12381
f 12361 12381 12359
f 12359 12381 12380
f 12380 12381 12393
f 12380 12393 12394
f 12380 12394 11898
f 11898 12394 12370
f 12370 12394 12364
f 12370 12364 12371
f 12371 12364 12365
f 12371 12365 12375
f 12375 12365 12395
f 12375 12395 12374
f 12374 12395 12396
f 12397 12384 12148
f 12384 12397 12398
f 12384 12398 12382
f 12382 12398 12082
f 12393 12137 12394
f 12137 12393 12399
f 12137 12399 12079
f 12137 12079 12400
f 12400 12079 12397
f 12397 12079 12398
f 12394 12134 12364
f 12134 12394 12137
f 12134 12137 12367
f 12367 12137 12400
f 12373 12150 12369
f 12150 12373 12362
f 12362 12373 12363
f 12363 12373 12372
f 12363 12372 12401
f 12401 12372 12377
f 12401 12377 12402
f 12402 12377 12376
f 12402 12376 12403
f 12403 12376 12404
f 12403 12404 12385
f 12385 12404 12405
f 12385 12405 12388
f 12388 12405 12366
f 12388 12366 12406
f 12406 12366 12367
f 12406 12367 12357
f 12357 12367 12400
f 12357 12400 12355
f 12355 12400 12397
f 12355 12397 12148
f 12384 12355 12148
f 12089 12395 12365
f 12395 12089 12085
f 12085 12089 12405
f 12405 12089 12366
f 12363 12392 12361
f 12392 12363 12401
f 12388 12390 12386
f 12390 12388 12406
f 12085 12396 12395
f 12396 12085 12110
f 12110 12085 12404
f 12404 12085 12405
f 12389 12385 12387
f 12385 12389 12403
f 12391 12403 12389
f 12403 12391 12402
f 12390 12357 12354
f 12357 12390 12406
f 12396 12106 12374
f 12106 12396 12110
f 12106 12110 12404
f 12106 12404 12376
f 12407 12079 12399
f 12079 12407 12082
f 12079 12082 12398
f 12117 12371 12375
f 12371 12117 12113
f 12113 12117 12377
f 12113 12377 12372
f 12144 11898 12370
f 11898 12144 12380
f 12380 12144 12378
f 12378 12144 12142
f 12142 12144 12373
f 12142 12373 12369
f 12142 12369 12368
f 12383 12082 12407
f 12082 12383 12382
f 12383 12393 12381
f 12393 12383 12399
f 12399 12383 12407
f 12401 12391 12392
f 12391 12401 12402
f 12142 12379 12378
f 12379 12142 12151
f 12151 12142 12368
f 12151 12360 12379
f 12360 12151 12358
f 11977 12334 11966
f 12334 11977 12333
f 11966 12236 11965
f 12236 11966 12334
f 12259 11971 12260
f 11971 12259 11972
f 12294 11969 12232
f 11969 12294 11970
f 12322 11996 12321
f 11996 12322 11994
f 11981 12310 12309
f 12310 11981 11984
f 12296 11973 12295
f 11973 12296 11974
f 12298 11975 12297
f 11975 12298 11998
f 12295 11972 12259
f 11972 12295 11973
f 12297 11974 12296
f 11974 12297 11975
f 12260 11970 12294
f 11970 12260 11971
f 12321 11998 12298
f 11998 12321 11996
f 11992 12322 12316
f 12322 11992 11994
f 11988 12315 12351
f 12315 11988 11990
f 11990 12316 12315
f 12316 11990 11992
f 11984 12352 12310
f 12352 11984 11986
f 11986 12351 12352
f 12351 11986 11988
f 11981 12353 11979
f 12353 11981 12309
f 11979 12333 11977
f 12333 11979 12353
f 12408 12409 12410
f 12409 12408 12411
f 12412 12413 12414
f 12413 12412 12415
f 12413 12415 12416
f 12413 12416 12417
f 12413 12417 12418
f 12413 12418 12419
f 12413 12419 12420
f 12413 12420 12421
f 12413 12421 12422
f 12413 12422 12423
f 12413 12423 12424
f 12413 12424 12409
f 12414 11254 12425
f 11254 12414 11255
f 11255 12414 12413
f 12426 12427 12428
f 12427 12426 12429
f 12429 12426 12430
f 12430 12426 12431
f 12431 12426 12432
f 12432 12426 12433
f 12433 12426 12434
f 12434 12426 12435
f 12435 12426 12436
f 12436 12426 12437
f 12437 12426 12438
f 12438 12426 12439
f 12439 12426 12440
f 12440 12426 12441
f 12440 12441 12442
f 12443 12427 12429
f 12427 12443 12411
f 12444 12433 12434
f 12433 12444 12445
f 12446 12431 12432
f 12431 12446 12447
f 12408 12427 12411
f 12427 12408 12428
f 12445 12432 12433
f 12432 12445 12446
f 12448 12439 12449
f 12439 12448 12438
f 12450 12440 12442
f 12440 12450 12451
f 12441 12450 12442
f 12450 12441 8362
f 12447 12430 12431
f 12430 12447 12452
f 8361 12441 12426
f 12441 8361 8362
f 12449 12440 12451
f 12440 12449 12439
f 12453 12437 12454
f 12437 12453 12436
f 12444 12435 12455
f 12435 12444 12434
f 12452 12429 12430
f 12429 12452 12443
f 12454 12438 12448
f 12438 12454 12437
f 12455 12436 12453
f 12436 12455 12435
f 12424 12456 12457
f 12456 12424 12423
f 12458 12412 12414
f 12412 12458 12459
f 12414 12460 12458
f 12460 12414 12425
f 12461 12417 12416
f 12417 12461 12462
f 11254 12460 12425
f 12460 11254 12463
f 12464 12419 12418
f 12419 12464 12465
f 12459 12415 12412
f 12415 12459 12466
f 12409 12457 12467
f 12457 12409 12424
f 12462 12418 12417
f 12418 12462 12464
f 12422 12468 12469
f 12468 12422 12421
f 12423 12469 12456
f 12469 12423 12422
f 12420 12465 12470
f 12465 12420 12419
f 12463 11255 12471
f 11255 12463 11254
f 12421 12470 12468
f 12470 12421 12420
f 12467 12410 12409
f 12410 12467 12472
f 12466 12416 12415
f 12416 12466 12461
f 12471 12460 12463
f 12460 12471 12458
f 12458 12471 12459
f 12459 12471 12466
f 12466 12471 12461
f 12461 12471 12462
f 12462 12471 12464
f 12464 12471 12465
f 12465 12471 12472
f 12465 12472 12470
f 12470 12472 12468
f 12468 12472 12469
f 12469 12472 12456
f 12456 12472 12457
f 12457 12472 12467
f 12473 12474 12413
f 12474 12473 13
f 12474 13 12475
f 12475 13 12476
f 12413 12477 11255
f 12477 12413 12474
f 11255 12477 12476
f 11255 12476 13
f 12478 12476 12477
f 12476 12478 12479
f 11255 12472 12471
f 12472 11255 12410
f 12410 11255 13
f 12410 13 12408
f 12408 13 8361
f 8361 13 47
f 12408 12426 12428
f 12426 12408 8361
f 12474 12478 12477
f 12478 12474 12480
f 12481 12478 12480
f 12478 12481 12479
f 12479 12475 12476
f 12475 12479 12481
f 12482 13 12473
f 13 12482 47
f 12475 12480 12474
f 12480 12475 12481
