# portadiscos-ttp.obj (EXERSUITE3D, cm)
v -2.528 49.197 0.619
v -2.528 49.197 -0.697
v -2.614 49.197 -0.039
v -2.274 49.197 1.232
v -2.274 49.197 -1.310
v -2.150 49.197 -0.039
v -2.079 49.197 0.498
v -1.870 49.197 1.758
v -1.872 49.197 0.999
v -1.541 49.197 1.430
v -1.343 49.197 2.162
v -1.111 49.197 1.760
v -0.730 49.197 2.416
v -0.610 49.197 1.967
v -0.072 49.197 2.503
v -0.072 49.197 2.038
v 0.585 49.197 2.416
v 0.465 49.197 1.967
v 0.966 49.197 1.760
v 1.199 49.197 2.162
v 1.397 49.197 1.430
v 1.725 49.197 1.758
v 1.727 49.197 0.999
v 2.129 49.197 1.232
v 1.934 49.197 0.498
v 2.005 49.197 -0.039
v -2.079 49.197 -0.577
v -1.870 49.197 -1.837
v -1.872 49.197 -1.078
v -1.541 49.197 -1.508
v -1.343 49.197 -2.241
v -1.111 49.197 -1.838
v -0.730 49.197 -2.495
v -0.610 49.197 -2.046
v -0.072 49.197 -2.581
v -0.072 49.197 -2.117
v 0.465 49.197 -2.046
v 0.585 49.197 -2.495
v 0.966 49.197 -1.838
v 1.199 49.197 -2.241
v 1.397 49.197 -1.508
v 1.725 49.197 -1.837
v 1.727 49.197 -1.078
v 2.129 49.197 -1.310
v 1.934 49.197 -0.577
v 2.383 49.197 0.619
v 2.383 49.197 -0.697
v 2.469 49.197 -0.039
v -2.463 -38.818 -0.697
v -2.463 -38.818 0.619
v -2.550 -38.818 -0.039
v -2.209 -38.818 -1.310
v -2.209 -38.818 1.232
v -2.066 -38.818 -0.039
v -1.995 -38.818 -0.572
v -1.805 -38.818 -1.837
v -1.790 -38.818 -1.068
v -1.279 -38.818 -2.241
v -1.463 -38.818 -1.494
v -1.037 -38.818 -1.821
v -0.666 -38.818 -2.495
v -0.541 -38.818 -2.027
v -0.008 -38.818 -2.581
v -0.008 -38.818 -2.097
v 0.650 -38.818 -2.495
v 0.525 -38.818 -2.027
v 1.021 -38.818 -1.821
v 1.263 -38.818 -2.241
v 1.447 -38.818 -1.494
v 1.789 -38.818 -1.837
v 1.774 -38.818 -1.068
v 1.979 -38.818 -0.572
v 2.193 -38.818 -1.310
v 2.050 -38.818 -0.039
v -1.995 -38.818 0.493
v -1.805 -38.818 1.758
v -1.790 -38.818 0.990
v -1.279 -38.818 2.162
v -1.463 -38.818 1.416
v -1.037 -38.818 1.743
v -0.666 -38.818 2.416
v -0.541 -38.818 1.948
v -0.008 -38.818 2.503
v -0.008 -38.818 2.018
v 0.525 -38.818 1.948
v 0.650 -38.818 2.416
v 1.021 -38.818 1.743
v 1.263 -38.818 2.162
v 1.447 -38.818 1.416
v 1.789 -38.818 1.758
v 1.774 -38.818 0.990
v 1.979 -38.818 0.493
v 2.193 -38.818 1.232
v 2.447 -38.818 -0.697
v 2.447 -38.818 0.619
v 2.534 -38.818 -0.039
v 2.383 18.694 -0.697
v 2.469 18.694 -0.039
v 2.129 18.694 -1.310
v 1.725 18.694 -1.837
v 1.199 18.694 -2.241
v 0.585 18.694 -2.495
v -0.072 18.694 -2.581
v -0.730 18.694 -2.495
v -1.343 18.694 -2.241
v -1.870 18.694 -1.837
v -2.274 18.694 -1.310
v -2.528 18.694 -0.697
v -2.614 18.694 -0.039
v -2.528 18.694 0.619
v -2.274 18.694 1.232
v -1.870 18.694 1.758
v -1.343 18.694 2.162
v -0.730 18.694 2.416
v -0.072 18.694 2.503
v 0.585 18.694 2.416
v 1.199 18.694 2.162
v 1.725 18.694 1.758
v 2.129 18.694 1.232
v 2.383 18.694 0.619
v -2.463 -8.315 -0.697
v -2.550 -8.315 -0.039
v -2.209 -8.315 -1.310
v -1.805 -8.315 -1.837
v -1.279 -8.315 -2.241
v -0.666 -8.315 -2.495
v -0.008 -8.315 -2.581
v 0.650 -8.315 -2.495
v 1.263 -8.315 -2.241
v 1.789 -8.315 -1.837
v 2.193 -8.315 -1.310
v 2.447 -8.315 -0.697
v 2.534 -8.315 -0.039
v 2.447 -8.315 0.619
v 2.193 -8.315 1.232
v 1.789 -8.315 1.758
v 1.263 -8.315 2.162
v 0.650 -8.315 2.416
v -0.008 -8.315 2.503
v -0.666 -8.315 2.416
v -1.279 -8.315 2.162
v -1.805 -8.315 1.758
v -2.209 -8.315 1.232
v -2.463 -8.315 0.619
v 0.465 17.982 1.967
v -0.072 17.982 2.038
v 0.966 17.982 1.760
v 1.397 17.982 1.430
v 1.727 17.982 0.999
v 1.934 17.982 0.498
v 2.005 17.982 -0.039
v 2.005 18.186 -0.039
v 1.934 17.982 -0.577
v 1.727 17.982 -1.078
v 1.397 17.982 -1.508
v 0.966 17.982 -1.838
v 0.465 17.982 -2.046
v -0.072 17.982 -2.117
v -0.072 18.186 -2.117
v -0.610 17.982 -2.046
v -1.111 17.982 -1.838
v -1.541 17.982 -1.508
v -1.872 17.982 -1.078
v -2.079 17.982 -0.577
v -2.150 18.186 -0.039
v -2.150 17.982 -0.039
v -2.079 17.982 0.498
v -1.872 17.982 0.999
v -1.541 17.982 1.430
v -1.111 17.982 1.760
v -0.610 17.982 1.967
v -0.072 18.186 2.038
v 1.021 -7.806 1.743
v 0.525 -7.806 1.948
v -0.008 -7.806 2.018
v -0.541 -7.806 1.948
v -1.037 -7.806 1.743
v -1.463 -7.806 1.416
v -1.790 -7.806 0.990
v -1.995 -7.806 0.493
v -2.066 -7.806 -0.039
v -1.995 -7.806 -0.572
v -1.790 -7.806 -1.068
v -1.463 -7.806 -1.494
v -1.037 -7.806 -1.821
v -0.541 -7.806 -2.027
v -0.008 -7.806 -2.097
v 0.525 -7.806 -2.027
v 1.021 -7.806 -1.821
v 1.447 -7.806 -1.494
v 1.774 -7.806 -1.068
v 1.979 -7.806 -0.572
v 2.005 -7.806 -0.377
v 2.050 -7.806 -0.039
v 2.005 -7.806 0.299
v 1.979 -7.806 0.493
v 1.774 -7.806 0.990
v 1.447 -7.806 1.416
v -2.985 18.694 0.741
v -2.985 18.694 -0.820
v -3.088 18.694 -0.039
v -2.684 18.694 1.468
v -2.684 18.694 -1.547
v -2.204 18.694 2.093
v -1.580 18.694 2.572
v -0.853 18.694 2.873
v -0.072 18.694 2.976
v 0.708 18.694 2.873
v 1.435 18.694 2.572
v 2.060 18.694 2.093
v 2.539 18.694 1.468
v -2.204 18.694 -2.171
v -1.580 18.694 -2.650
v -0.853 18.694 -2.952
v -0.072 18.694 -3.054
v 0.708 18.694 -2.952
v 1.435 18.694 -2.650
v 2.060 18.694 -2.171
v 2.539 18.694 -1.547
v 2.840 18.694 0.741
v 2.840 18.694 -0.820
v 2.943 18.694 -0.039
v 2.840 18.186 0.741
v 2.539 18.186 1.468
v 2.060 18.186 2.093
v 1.435 18.186 2.572
v 0.708 18.186 2.873
v -0.072 18.186 2.976
v -0.853 18.186 2.873
v -1.580 18.186 2.572
v -2.204 18.186 2.093
v -2.684 18.186 1.468
v -2.985 18.186 0.741
v -3.088 18.186 -0.039
v -2.985 18.186 -0.820
v -2.684 18.186 -1.547
v -2.204 18.186 -2.171
v -1.580 18.186 -2.650
v -0.853 18.186 -2.952
v -0.072 18.186 -3.054
v 0.708 18.186 -2.952
v 1.435 18.186 -2.650
v 2.060 18.186 -2.171
v 2.539 18.186 -1.547
v 2.840 18.186 -0.820
v 2.943 18.186 -0.039
v -2.908 -8.315 -0.816
v -2.908 -8.315 0.738
v -3.011 -8.315 -0.039
v -2.608 -8.315 -1.541
v -2.608 -8.315 1.462
v -2.131 -8.315 -2.163
v -1.509 -8.315 -2.640
v -0.785 -8.315 -2.940
v -0.008 -8.315 -3.042
v 0.769 -8.315 -2.940
v 1.493 -8.315 -2.640
v 2.115 -8.315 -2.163
v 2.592 -8.315 -1.541
v -2.131 -8.315 2.084
v -1.509 -8.315 2.561
v -0.785 -8.315 2.861
v -0.008 -8.315 2.963
v 0.769 -8.315 2.861
v 1.493 -8.315 2.561
v 2.115 -8.315 2.084
v 2.592 -8.315 1.462
v 2.892 -8.315 -0.816
v 2.892 -8.315 0.738
v 2.995 -8.315 -0.039
v -2.908 -7.806 0.738
v -2.908 -7.806 -0.816
v -3.011 -7.806 -0.039
v -2.608 -7.806 1.462
v -2.608 -7.806 -1.541
v -2.131 -7.806 2.084
v -2.131 -7.806 -2.163
v -1.509 -7.806 2.561
v -0.785 -7.806 2.861
v -0.008 -7.806 2.963
v 0.769 -7.806 2.861
v 1.493 -7.806 2.561
v 2.115 -7.806 2.084
v -1.509 -7.806 -2.640
v -0.785 -7.806 -2.940
v -0.008 -7.806 -3.042
v 0.769 -7.806 -2.940
v 1.493 -7.806 -2.640
v 2.115 -7.806 -2.163
v 2.592 -7.806 1.462
v 2.592 -7.806 -1.541
v 2.892 -7.806 0.738
v 2.892 -7.806 -0.816
v 2.995 -7.806 -0.039
v -2.150 18.186 -2.117
v 2.005 18.186 -2.117
v 2.005 18.186 2.038
v -2.150 18.186 2.038
v -2.150 -7.806 -2.117
v -2.150 -7.806 2.038
v 2.005 -7.806 -2.117
v 2.005 -7.806 2.038
v -0.797 9.121 -4.106
v 0.652 9.121 -4.106
v -0.072 9.026 -4.106
v -1.473 9.401 -4.106
v 1.328 9.401 -4.106
v -2.053 9.846 -4.106
v -0.072 9.762 -4.106
v -0.607 9.832 -4.106
v -1.105 10.039 -4.106
v -2.498 10.426 -4.106
v -1.532 10.367 -4.106
v -1.860 10.794 -4.106
v -2.777 11.102 -4.106
v -2.066 11.292 -4.106
v -2.873 11.826 -4.106
v -2.137 11.826 -4.106
v -2.777 12.551 -4.106
v -2.066 12.361 -4.106
v -1.860 12.859 -4.106
v -2.498 13.227 -4.106
v -1.532 13.286 -4.106
v -2.053 13.807 -4.106
v -1.105 13.614 -4.106
v -0.607 13.820 -4.106
v -1.473 14.252 -4.106
v -0.072 13.891 -4.106
v 1.908 9.846 -4.106
v 0.462 9.832 -4.106
v 0.960 10.039 -4.106
v 2.353 10.426 -4.106
v 1.387 10.367 -4.106
v 1.715 10.794 -4.106
v 2.633 11.102 -4.106
v 1.922 11.292 -4.106
v 2.728 11.826 -4.106
v 1.992 11.826 -4.106
v 1.922 12.361 -4.106
v 2.633 12.551 -4.106
v 1.715 12.859 -4.106
v 2.353 13.227 -4.106
v 1.387 13.286 -4.106
v 1.908 13.807 -4.106
v 0.960 13.614 -4.106
v 0.462 13.820 -4.106
v 1.328 14.252 -4.106
v -0.797 14.532 -4.106
v 0.652 14.532 -4.106
v -0.072 14.627 -4.106
v -0.607 9.832 4.028
v -1.105 10.039 4.028
v -0.607 13.820 4.028
v -0.072 13.891 4.028
v -0.072 13.891 -2.117
v -0.072 13.891 2.038
v 1.922 12.361 4.028
v 1.715 12.859 4.028
v -1.532 10.367 4.028
v 1.387 13.286 4.028
v -2.066 11.292 4.028
v -1.860 10.794 4.028
v 0.960 10.039 4.028
v 0.462 9.832 4.028
v 1.992 11.826 4.028
v -0.072 9.762 4.028
v -0.072 9.762 2.038
v -0.072 9.762 -2.117
v 1.715 10.794 4.028
v 1.922 11.292 4.028
v -1.532 13.286 4.028
v -1.105 13.614 4.028
v 1.387 10.367 4.028
v 0.462 13.820 4.028
v -1.860 12.859 4.028
v -2.066 12.361 4.028
v -2.137 11.826 4.028
v 0.960 13.614 4.028
v 2.633 11.102 4.028
v 2.353 10.426 4.028
v 1.908 9.846 4.028
v 0.652 9.121 4.028
v 1.328 9.401 4.028
v -0.072 9.026 -2.117
v -0.072 9.026 2.038
v -0.072 9.026 4.028
v -0.797 9.121 4.028
v -2.498 13.227 4.028
v -2.053 13.807 4.028
v 1.908 13.807 4.028
v 1.328 14.252 4.028
v -0.797 14.532 4.028
v -1.473 14.252 4.028
v -2.873 11.826 4.028
v -2.777 12.551 4.028
v 2.633 12.551 4.028
v 2.728 11.826 4.028
v 2.353 13.227 4.028
v 0.652 14.532 4.028
v -0.072 14.627 4.028
v -0.072 14.627 2.038
v -0.072 14.627 -2.117
v -2.777 11.102 4.028
v -2.498 10.426 4.028
v -2.053 9.846 4.028
v -1.473 9.401 4.028
v -0.072 -3.495 2.038
v -0.072 -7.806 2.038
v -0.599 -3.426 2.038
v -1.089 -3.223 2.038
v -1.510 -2.900 2.038
v -1.834 -2.479 2.038
v -2.037 -1.988 2.038
v -2.106 -1.462 2.038
v -2.037 -0.935 2.038
v -2.106 11.826 2.038
v -1.834 -0.445 2.038
v -1.510 -0.024 2.038
v -1.089 0.299 2.038
v -2.037 11.300 2.038
v -0.599 0.503 2.038
v -0.072 0.572 2.038
v -1.834 10.810 2.038
v -1.510 10.389 2.038
v -1.089 10.065 2.038
v -0.599 9.862 2.038
v -0.072 9.793 2.038
v -2.037 12.353 2.038
v -1.834 12.843 2.038
v -1.510 13.264 2.038
v -1.089 13.588 2.038
v -0.599 13.791 2.038
v -0.072 13.860 2.038
v -2.106 -1.462 -2.117
v -2.037 -0.935 -2.117
v -1.834 -0.445 -2.117
v -1.510 -0.024 -2.117
v -1.089 0.299 -2.117
v -0.599 0.503 -2.117
v -0.072 0.572 -2.117
v 0.454 0.503 -2.117
v 0.454 0.503 2.038
v 0.944 0.299 -2.117
v 0.944 0.299 2.038
v 1.365 -0.024 -2.117
v 1.365 -0.024 2.038
v 1.689 -0.445 2.038
v 1.689 -0.445 -2.117
v 1.892 -0.935 2.038
v 1.892 -0.935 -2.117
v 1.961 -1.462 2.038
v 1.961 -1.462 -2.117
v 1.892 -1.988 2.038
v 1.892 -1.988 -2.117
v 1.689 -2.479 2.038
v 1.689 -2.479 -2.117
v 1.365 -2.900 2.038
v 1.365 -2.900 -2.117
v 0.944 -3.223 -2.117
v 0.944 -3.223 2.038
v 0.454 -3.426 -2.117
v 0.454 -3.426 2.038
v -0.072 -3.495 -2.117
v -0.599 -3.426 -2.117
v -1.089 -3.223 -2.117
v -1.510 -2.900 -2.117
v -1.834 -2.479 -2.117
v -2.037 -1.988 -2.117
v -0.599 9.862 -2.117
v -0.072 9.793 -2.117
v -1.089 10.065 -2.117
v -1.510 10.389 -2.117
v -1.834 10.810 -2.117
v -2.037 11.300 -2.117
v -2.106 11.826 -2.117
v -2.037 12.353 -2.117
v -1.834 12.843 -2.117
v -1.510 13.264 -2.117
v -1.089 13.588 -2.117
v -0.599 13.791 -2.117
v -0.072 13.860 -2.117
v 0.454 13.791 -2.117
v 0.454 13.791 2.038
v 0.944 13.588 -2.117
v 0.944 13.588 2.038
v 1.365 13.264 -2.117
v 1.365 13.264 2.038
v 1.689 12.843 2.038
v 1.689 12.843 -2.117
v 1.892 12.353 2.038
v 1.892 12.353 -2.117
v 1.961 11.826 2.038
v 1.961 11.826 -2.117
v 1.892 11.300 2.038
v 1.892 11.300 -2.117
v 1.689 10.810 2.038
v 1.689 10.810 -2.117
v 1.365 10.389 2.038
v 1.365 10.389 -2.117
v 0.944 10.065 -2.117
v 0.944 10.065 2.038
v 0.454 9.862 -2.117
v 0.454 9.862 2.038
v 0.692 -4.176 -4.106
v -0.035 -4.272 4.028
v -0.035 -4.272 -4.106
v 0.692 -4.176 4.028
v 0.692 1.253 4.028
v -0.035 1.349 -4.106
v -0.035 1.349 4.028
v 0.692 1.253 -4.106
v -0.762 1.253 -4.106
v -0.762 1.253 4.028
v -1.440 0.972 -4.106
v -1.440 0.972 4.028
v -0.762 -4.176 -4.106
v -1.440 -3.896 -4.106
v 1.370 -3.896 -4.106
v -2.022 -3.449 -4.106
v -0.035 -3.526 -4.106
v -0.569 -3.456 -4.106
v -1.067 -3.249 -4.106
v -2.469 -2.867 -4.106
v -1.495 -2.921 -4.106
v -1.823 -2.494 -4.106
v -2.750 -2.189 -4.106
v -2.029 -1.996 -4.106
v -2.845 -1.462 -4.106
v -2.099 -1.462 -4.106
v -2.750 -0.734 -4.106
v -2.029 -0.927 -4.106
v -1.823 -0.430 -4.106
v -2.469 -0.057 -4.106
v -1.495 -0.002 -4.106
v -2.022 0.525 -4.106
v -1.067 0.326 -4.106
v -0.569 0.532 -4.106
v -0.035 0.603 -4.106
v 1.952 -3.449 -4.106
v 0.499 -3.456 -4.106
v 0.997 -3.249 -4.106
v 2.399 -2.867 -4.106
v 1.425 -2.921 -4.106
v 1.753 -2.494 -4.106
v 2.679 -2.189 -4.106
v 1.959 -1.996 -4.106
v 2.775 -1.462 -4.106
v 2.029 -1.462 -4.106
v 1.959 -0.927 -4.106
v 2.679 -0.734 -4.106
v 1.753 -0.430 -4.106
v 2.399 -0.057 -4.106
v 1.425 -0.002 -4.106
v 1.952 0.525 -4.106
v 0.997 0.326 -4.106
v 0.499 0.532 -4.106
v 1.370 0.972 -4.106
v -2.469 -2.867 4.028
v -2.750 -2.189 4.028
v -2.022 -3.449 4.028
v -1.440 -3.896 4.028
v -0.762 -4.176 4.028
v 1.370 -3.896 4.028
v 1.952 -3.449 4.028
v 2.399 -2.867 4.028
v 2.679 -2.189 4.028
v 2.775 -1.462 4.028
v 2.679 -0.734 4.028
v 1.952 0.525 4.028
v 2.399 -0.057 4.028
v 1.370 0.972 4.028
v -2.845 -1.462 4.028
v 2.029 -1.462 4.028
v 1.959 -0.927 4.028
v -2.099 -1.462 4.028
v -2.029 -1.996 4.028
v -0.035 0.603 4.028
v 0.499 0.532 4.028
v -0.035 -3.526 4.028
v -0.569 -3.456 4.028
v -2.469 -0.057 4.028
v -2.022 0.525 4.028
v -2.750 -0.734 4.028
v -1.495 -0.002 4.028
v -1.067 0.326 4.028
v 1.959 -1.996 4.028
v 0.499 -3.456 4.028
v -1.067 -3.249 4.028
v -1.495 -2.921 4.028
v -1.823 -2.494 4.028
v 1.425 -2.921 4.028
v 0.997 -3.249 4.028
v 1.753 -0.430 4.028
v -1.823 -0.430 4.028
v 1.753 -2.494 4.028
v -2.029 -0.927 4.028
v -0.569 0.532 4.028
v 0.997 0.326 4.028
v 1.425 -0.002 4.028
v 0.334 4.485 -3.133
v 0.138 4.404 -2.117
v 0.138 4.404 -3.133
v 0.334 4.485 -2.117
v -0.072 4.376 -3.133
v -0.283 4.404 -2.117
v -0.283 4.404 -3.133
v -0.072 4.376 -2.117
v -0.858 5.400 -3.133
v -0.886 5.190 -2.117
v -0.858 5.400 -2.117
v -0.886 5.190 -3.133
v 0.503 4.614 -3.133
v 0.503 4.614 -2.117
v -0.479 4.485 -2.117
v -0.479 4.485 -3.133
v -0.276 4.837 -3.133
v -0.360 4.902 -3.133
v -0.425 4.986 -3.133
v -0.465 5.084 -3.133
v -0.479 5.190 -3.133
v -0.178 4.797 -3.133
v -0.072 4.783 -3.133
v 0.320 5.084 -3.133
v 0.334 5.190 -3.133
v 0.280 4.986 -3.133
v 0.215 4.902 -3.133
v 0.131 4.837 -3.133
v 0.033 4.797 -3.133
v -0.777 4.783 -3.133
v -0.648 4.614 -2.117
v -0.777 4.783 -2.117
v -0.648 4.614 -3.133
v 0.632 4.783 -2.117
v 0.632 4.783 -3.133
v -0.858 4.979 -3.133
v -0.858 4.979 -2.117
v 0.741 5.190 -3.133
v 0.713 5.400 -2.117
v 0.741 5.190 -2.117
v 0.713 5.400 -3.133
v -0.072 5.596 -3.133
v -0.178 5.582 -2.117
v -0.178 5.582 -3.133
v -0.072 5.596 -2.117
v 0.215 5.477 -3.133
v 0.131 5.542 -2.117
v 0.131 5.542 -3.133
v 0.215 5.477 -2.117
v 0.280 5.393 -3.133
v 0.320 5.295 -2.117
v 0.280 5.393 -2.117
v 0.320 5.295 -3.133
v 0.334 5.190 -2.117
v 0.138 5.975 -2.117
v -0.072 6.003 -3.133
v -0.072 6.003 -2.117
v 0.138 5.975 -3.133
v 0.713 4.979 -3.133
v 0.713 4.979 -2.117
v 0.280 4.986 -2.117
v 0.320 5.084 -2.117
v 0.215 4.902 -2.117
v 0.632 5.596 -2.117
v 0.632 5.596 -3.133
v 0.334 5.894 -3.133
v 0.503 5.765 -3.133
v 0.131 4.837 -2.117
v -0.479 5.894 -3.133
v -0.777 5.596 -3.133
v -0.648 5.765 -3.133
v 0.503 5.765 -2.117
v 0.334 5.894 -2.117
v -0.777 5.596 -2.117
v -0.648 5.765 -2.117
v -0.479 5.894 -2.117
v -0.283 5.975 -3.133
v -0.283 5.975 -2.117
v -0.276 5.542 -2.117
v -0.276 5.542 -3.133
v 0.033 5.582 -3.133
v 0.033 5.582 -2.117
v -0.178 4.797 -2.117
v 0.033 4.797 -2.117
v -0.072 4.783 -2.117
v -0.276 4.837 -2.117
v -0.360 4.902 -2.117
v -0.425 4.986 -2.117
v -0.465 5.084 -2.117
v -0.479 5.190 -2.117
v -0.465 5.295 -2.117
v -0.425 5.393 -2.117
v -0.360 5.477 -2.117
v -0.465 5.295 -3.133
v -0.425 5.393 -3.133
v -0.360 5.477 -3.133
v 1.273 -43.497 -3.894
v 1.025 -44.497 -3.968
v 1.025 -43.497 -3.968
v 1.273 -44.497 -3.894
v -4.022 -44.497 0.766
v -3.963 -43.497 1.017
v -4.022 -43.497 0.766
v -3.963 -44.497 1.017
v 0.000 -43.497 -4.103
v -0.259 -44.497 -4.094
v -0.259 -43.497 -4.094
v 0.000 -44.497 -4.103
v -3.803 -44.497 -1.516
v -3.893 -43.497 -1.274
v -3.803 -43.497 -1.516
v -3.893 -44.497 -1.274
v -3.967 -43.497 -1.026
v -3.967 -44.497 -1.026
v 4.080 -44.497 0.240
v 4.090 -43.497 -0.016
v 4.080 -43.497 0.240
v 4.090 -44.497 -0.016
v 4.084 -43.497 -0.272
v 4.084 -44.497 -0.272
v 0.772 -44.497 -4.027
v 0.772 -43.497 -4.027
v 0.517 -43.497 -4.069
v 0.259 -44.497 -4.094
v 0.259 -43.497 -4.094
v 0.517 -44.497 -4.069
v 1.516 -43.497 -3.803
v 1.516 -44.497 -3.803
v 3.892 -44.497 -1.275
v 3.803 -43.497 -1.516
v 3.892 -43.497 -1.275
v 3.803 -44.497 -1.516
v 4.061 -43.497 -0.527
v 4.061 -44.497 -0.527
v -3.888 -44.497 1.264
v -25.683 -44.497 1.506
v -3.796 -44.497 1.506
v 25.672 -44.497 -1.516
v 1.516 -44.497 -25.672
v 25.909 -44.497 -0.000
v 3.778 -44.497 1.478
v 25.714 -44.497 1.478
v 3.871 -44.497 1.240
v 3.948 -44.497 0.995
v 4.008 -44.497 0.747
v 4.052 -44.497 0.494
v 25.026 -44.497 -6.706
v 4.021 -44.497 -0.780
v 3.964 -44.497 -1.030
v 24.990 -44.497 -6.696
v 22.405 -44.497 -12.936
v 22.438 -44.497 -12.955
v 18.294 -44.497 -18.294
v 18.320 -44.497 -18.320
v 12.936 -44.497 -22.405
v 12.955 -44.497 -22.438
v 6.696 -44.497 -24.990
v 6.706 -44.497 -25.026
v 0.000 -44.497 -25.909
v -1.516 -44.497 -25.672
v 0.000 -44.497 25.909
v -1.506 -44.497 25.683
v -6.706 -44.497 25.026
v 1.478 -44.497 25.714
v -6.699 -44.497 25.000
v -12.955 -44.497 22.438
v -12.941 -44.497 22.414
v -18.320 -44.497 18.320
v -18.301 -44.497 18.301
v -22.438 -44.497 12.955
v -22.414 -44.497 12.941
v -25.026 -44.497 6.706
v -25.000 -44.497 6.699
v -25.909 -44.497 -0.000
v -4.065 -44.497 0.511
v -4.090 -44.497 0.254
v -4.099 -44.497 -0.004
v -25.672 -44.497 -1.516
v -25.026 -44.497 -6.706
v -4.092 -44.497 -0.262
v -4.067 -44.497 -0.520
v -4.025 -44.497 -0.775
v -24.990 -44.497 -6.696
v -22.405 -44.497 -12.936
v -22.438 -44.497 -12.955
v -18.294 -44.497 -18.294
v -18.320 -44.497 -18.320
v -12.936 -44.497 -22.405
v -12.955 -44.497 -22.438
v -6.696 -44.497 -24.990
v -6.706 -44.497 -25.026
v -1.273 -44.497 -3.894
v -1.516 -44.497 -3.803
v -1.025 -44.497 -3.968
v -0.772 -44.497 -4.027
v -0.517 -44.497 -4.069
v 1.478 -44.497 3.778
v 1.240 -44.497 3.870
v 0.997 -44.497 3.946
v 0.749 -44.497 4.007
v 0.497 -44.497 4.050
v 0.243 -44.497 4.077
v -0.012 -44.497 4.087
v -1.266 -44.497 3.886
v -1.506 -44.497 3.796
v -1.022 -44.497 3.959
v -0.773 -44.497 4.016
v -0.521 -44.497 4.056
v -0.267 -44.497 4.080
v -4.067 -43.497 -0.520
v -4.025 -43.497 -0.775
v -0.772 -43.497 -4.027
v -1.025 -43.497 -3.968
v -1.273 -43.497 -3.894
v 4.052 -43.497 0.494
v 4.008 -43.497 0.747
v 3.948 -43.497 0.995
v 3.871 -43.497 1.240
v -0.517 -43.497 -4.069
v -3.888 -43.497 1.264
v -1.516 -43.497 -3.803
v -3.796 -43.497 1.506
v -0.773 -43.497 4.016
v -0.521 -43.497 4.056
v 0.749 -43.497 4.007
v 0.997 -43.497 3.946
v 3.964 -43.497 -1.030
v -4.092 -43.497 -0.262
v 1.240 -43.497 3.870
v 0.243 -43.497 4.077
v 0.497 -43.497 4.050
v -4.099 -43.497 -0.004
v -4.090 -43.497 0.254
v -4.065 -43.497 0.511
v -1.506 -43.497 3.796
v -1.266 -43.497 3.886
v 7.092 -43.097 26.466
v -7.092 -43.097 26.466
v 0.000 -43.097 27.400
v 0.000 -43.097 25.909
v 6.706 -43.097 25.026
v 13.700 -43.097 23.729
v 12.955 -43.097 22.438
v 19.375 -43.097 19.375
v 18.320 -43.097 18.320
v 23.729 -43.097 13.700
v 22.438 -43.097 12.955
v 26.466 -43.097 7.092
v 25.026 -43.097 6.706
v 27.400 -43.097 -0.000
v 25.909 -43.097 -0.000
v 26.466 -43.097 -7.092
v 25.026 -43.097 -6.706
v 22.438 -43.097 -12.955
v 23.729 -43.097 -13.700
v 18.320 -43.097 -18.320
v 19.375 -43.097 -19.375
v 12.955 -43.097 -22.438
v 13.700 -43.097 -23.729
v 6.706 -43.097 -25.026
v 7.092 -43.097 -26.466
v 0.000 -43.097 -25.909
v -6.706 -43.097 25.026
v -13.700 -43.097 23.729
v -12.955 -43.097 22.438
v -19.375 -43.097 19.375
v -18.320 -43.097 18.320
v -23.729 -43.097 13.700
v -22.438 -43.097 12.955
v -26.466 -43.097 7.092
v -25.026 -43.097 6.706
v -27.400 -43.097 -0.000
v -25.909 -43.097 -0.000
v -25.026 -43.097 -6.706
v -26.466 -43.097 -7.092
v -22.438 -43.097 -12.955
v -23.729 -43.097 -13.700
v -18.320 -43.097 -18.320
v -19.375 -43.097 -19.375
v -12.955 -43.097 -22.438
v -13.700 -43.097 -23.729
v -6.706 -43.097 -25.026
v -7.092 -43.097 -26.466
v 0.000 -43.097 -27.400
v 4.021 -43.497 -0.780
v -1.022 -43.497 3.959
v 3.778 -43.497 1.478
v -0.267 -43.497 4.080
v 2.893 -43.497 2.893
v 0.673 -43.497 2.511
v 0.000 -43.497 2.600
v 3.543 -43.497 2.045
v 1.300 -43.497 2.252
v 1.838 -43.497 1.838
v 2.252 -43.497 1.300
v 2.511 -43.497 0.673
v 2.600 -43.497 -0.000
v 2.511 -43.497 -0.673
v 2.252 -43.497 -1.300
v 1.838 -43.497 -1.838
v 3.575 -43.497 -2.064
v 1.300 -43.497 -2.252
v 2.919 -43.497 -2.919
v 0.673 -43.497 -2.511
v 0.000 -43.497 -2.600
v -0.012 -43.497 4.087
v 1.478 -43.497 3.778
v -2.059 -43.497 3.567
v 2.045 -43.497 3.543
v -2.912 -43.497 2.912
v -0.673 -43.497 2.511
v -3.567 -43.497 2.059
v -1.300 -43.497 2.252
v -1.838 -43.497 1.838
v -2.252 -43.497 1.300
v -2.511 -43.497 0.673
v -2.600 -43.497 -0.000
v -2.511 -43.497 -0.673
v -2.252 -43.497 -1.300
v -1.838 -43.497 -1.838
v -3.575 -43.497 -2.064
v -1.300 -43.497 -2.252
v -2.919 -43.497 -2.919
v -0.673 -43.497 -2.511
v 2.064 -43.497 -3.575
v -2.064 -43.497 -3.575
v 13.700 -49.197 -23.729
v 19.375 -49.197 -19.375
v 7.092 -49.197 -26.466
v 26.466 -49.197 -7.092
v 23.729 -49.197 -13.700
v 2.511 -49.197 -0.673
v 2.600 -49.197 -0.000
v -1.300 -49.197 -2.252
v -1.838 -49.197 -1.838
v 2.252 -49.197 -1.300
v -2.511 -49.197 0.673
v -2.600 -49.197 -0.000
v -19.375 -49.197 -19.375
v -13.700 -49.197 -23.729
v 19.375 -49.197 19.375
v 13.700 -49.197 23.729
v 1.838 -49.197 -1.838
v 1.300 -49.197 -2.252
v -26.466 -49.197 -7.092
v -27.400 -49.197 -0.000
v 27.400 -49.197 -0.000
v -2.252 -49.197 1.300
v -1.838 -49.197 1.838
v 1.300 -49.197 2.252
v 1.838 -49.197 1.838
v -26.466 -49.197 7.092
v -23.729 -49.197 13.700
v 23.729 -49.197 13.700
v 2.511 -49.197 0.673
v -0.673 -49.197 -2.511
v -7.092 -49.197 -26.466
v 0.000 -49.197 -27.400
v 0.673 -49.197 2.511
v 7.092 -49.197 26.466
v 0.000 -49.197 27.400
v -23.729 -49.197 -13.700
v -7.092 -49.197 26.466
v -13.700 -49.197 23.729
v 26.466 -49.197 7.092
v -19.375 -49.197 19.375
v 0.000 -49.197 2.600
v -0.673 -49.197 2.511
v -1.300 -49.197 2.252
v -2.511 -49.197 -0.673
v -2.252 -49.197 -1.300
v 0.000 -49.197 -2.600
v 2.252 -49.197 1.300
v 0.673 -49.197 -2.511
v 3.575 -46.097 -2.064
v 2.919 -46.097 -2.919
v -3.575 -46.097 -2.064
v -3.803 -46.097 -1.516
v 1.516 -46.097 -3.803
v 1.516 -46.097 -25.672
v -6.699 -46.097 25.000
v -1.506 -46.097 25.683
v -18.301 -46.097 18.301
v -12.941 -46.097 22.414
v -6.696 -46.097 -24.990
v -12.936 -46.097 -22.405
v -24.990 -46.097 -6.696
v -22.405 -46.097 -12.936
v 18.294 -46.097 -18.294
v 22.405 -46.097 -12.936
v -25.000 -46.097 6.699
v -25.683 -46.097 1.506
v -3.796 -46.097 1.506
v 6.696 -46.097 -24.990
v 12.936 -46.097 -22.405
v -1.506 -46.097 3.796
v -2.059 -46.097 3.567
v -25.672 -46.097 -1.516
v 3.803 -46.097 -1.516
v 25.672 -46.097 -1.516
v -2.064 -46.097 -3.575
v -1.516 -46.097 -3.803
v -2.912 -46.097 2.912
v 2.064 -46.097 -3.575
v -3.567 -46.097 2.059
v 6.706 -46.097 25.026
v 1.478 -46.097 3.778
v 1.478 -46.097 25.714
v 12.955 -46.097 22.438
v 18.320 -46.097 18.320
v 22.438 -46.097 12.955
v 25.026 -46.097 6.706
v 25.714 -46.097 1.478
v 2.045 -46.097 3.543
v 2.893 -46.097 2.893
v 3.543 -46.097 2.045
v 3.778 -46.097 1.478
v -1.516 -46.097 -25.672
v -22.414 -46.097 12.941
v -18.294 -46.097 -18.294
v 24.990 -46.097 -6.696
v -2.919 -46.097 -2.919
v 5.649 -45.897 22.513
v 5.758 -46.097 22.596
v 5.758 -45.897 22.596
v 5.649 -46.097 22.513
v 5.894 -45.897 22.871
v 5.905 -46.097 23.098
v 5.905 -45.897 23.098
v 5.894 -46.097 22.871
v 3.608 -45.897 22.007
v 3.791 -46.097 22.798
v 3.791 -45.897 22.798
v 3.608 -46.097 22.007
v 5.217 -45.897 21.602
v 5.363 -46.097 21.466
v 5.217 -46.097 21.602
v 5.363 -45.897 21.466
v 5.418 -45.897 21.072
v 5.431 -46.097 21.287
v 5.431 -45.897 21.287
v 5.418 -46.097 21.072
v 2.850 -45.897 20.364
v 3.210 -46.097 20.281
v 2.850 -46.097 20.364
v 3.210 -45.897 20.281
v 5.892 -45.897 22.862
v 5.892 -46.097 22.862
v 4.998 -46.097 21.686
v 4.998 -45.897 21.686
v 4.070 -45.897 21.901
v 5.340 -45.897 20.893
v 5.340 -46.097 20.893
v 5.204 -45.897 20.777
v 5.204 -46.097 20.777
v 5.015 -46.097 20.728
v 5.015 -45.897 20.728
v 4.783 -46.097 20.751
v 4.783 -45.897 20.751
v 5.423 -45.897 23.526
v 5.665 -46.097 23.434
v 5.423 -46.097 23.526
v 5.665 -45.897 23.434
v 3.392 -46.097 21.072
v 3.392 -45.897 21.072
v 3.854 -45.897 20.966
v 3.671 -45.897 20.175
v 4.627 -46.097 19.954
v 3.671 -46.097 20.175
v 4.627 -45.897 19.954
v 5.027 -46.097 19.898
v 5.027 -45.897 19.898
v 5.381 -46.097 19.927
v 5.381 -45.897 19.927
v 5.684 -46.097 20.037
v 5.684 -45.897 20.037
v 5.930 -45.897 20.226
v 5.930 -46.097 20.226
v 6.114 -45.897 20.491
v 6.114 -46.097 20.491
v 4.033 -45.897 23.847
v 4.033 -46.097 23.847
v 4.494 -45.897 23.740
v 6.233 -45.897 20.827
v 6.233 -46.097 20.827
v 6.263 -45.897 21.073
v 6.263 -46.097 21.073
v 5.839 -45.897 22.713
v 5.839 -46.097 22.713
v 3.856 -46.097 24.721
v 4.215 -46.097 24.638
v 4.677 -46.097 24.531
v 5.684 -45.897 24.299
v 4.677 -45.897 24.531
v 6.068 -45.897 24.173
v 5.828 -45.897 23.289
v 6.375 -45.897 23.992
v 5.878 -45.897 21.969
v 6.130 -45.897 22.029
v 6.601 -45.897 23.760
v 6.347 -45.897 22.144
v 6.740 -45.897 23.481
v 6.524 -45.897 22.312
v 6.790 -45.897 23.160
v 6.658 -45.897 22.530
v 6.749 -45.897 22.803
v 6.747 -45.897 22.794
v 5.181 -45.897 22.477
v 4.252 -45.897 22.692
v 5.514 -45.897 22.465
v 5.597 -45.897 21.968
v 5.832 -45.897 21.845
v 6.019 -45.897 21.690
v 6.154 -45.897 21.508
v 6.236 -45.897 21.301
v 5.828 -46.097 23.289
v 5.181 -46.097 22.477
v 5.514 -46.097 22.465
v 5.597 -46.097 21.968
v 5.832 -46.097 21.845
v 6.019 -46.097 21.690
v 6.154 -46.097 21.508
v 6.236 -46.097 21.301
v 5.878 -46.097 21.969
v 5.684 -46.097 24.299
v 6.068 -46.097 24.173
v 6.375 -46.097 23.992
v 6.130 -46.097 22.029
v 6.601 -46.097 23.760
v 6.347 -46.097 22.144
v 6.740 -46.097 23.481
v 6.524 -46.097 22.312
v 6.790 -46.097 23.160
v 6.658 -46.097 22.530
v 6.749 -46.097 22.803
v 6.747 -46.097 22.794
v 4.215 -45.897 24.638
v 3.856 -45.897 24.721
v 10.321 -46.097 17.370
v 10.356 -46.097 18.327
v 9.901 -46.097 17.655
v 11.645 -46.097 17.455
v 11.246 -46.097 16.744
v 11.872 -46.097 17.379
v 11.556 -46.097 16.584
v 12.101 -46.097 17.446
v 12.301 -46.097 17.645
v 11.876 -46.097 16.518
v 13.188 -46.097 18.459
v 13.283 -46.097 18.154
v 12.194 -46.097 16.545
v 13.286 -46.097 17.827
v 12.498 -46.097 16.663
v 12.777 -46.097 16.870
v 13.198 -46.097 17.492
v 13.019 -46.097 17.159
v 12.234 -46.097 18.325
v 11.401 -46.097 19.870
v 10.946 -46.097 19.198
v 12.746 -46.097 18.960
v 12.387 -46.097 18.144
v 13.008 -46.097 18.732
v 12.409 -46.097 17.906
v 12.769 -46.097 18.606
v 14.088 -46.097 20.223
v 12.103 -46.097 19.228
v 14.933 -46.097 19.651
v 12.132 -46.097 21.547
v 9.624 -46.097 17.843
v 12.830 -46.097 21.075
v 12.777 -45.897 16.870
v 12.498 -45.897 16.663
v 9.624 -45.897 17.843
v 9.901 -45.897 17.655
v 12.244 -45.897 19.299
v 14.088 -45.897 20.223
v 12.103 -45.897 19.228
v 10.321 -45.897 17.370
v 11.246 -45.897 16.744
v 13.286 -45.897 17.827
v 13.198 -45.897 17.492
v 10.356 -45.897 18.327
v 12.746 -45.897 18.960
v 11.401 -45.897 19.870
v 11.821 -45.897 19.585
v 12.194 -45.897 16.545
v 13.008 -45.897 18.732
v 12.132 -45.897 21.547
v 12.830 -45.897 21.075
v 11.366 -45.897 18.913
v 10.946 -45.897 19.198
v 10.776 -45.897 18.042
v 11.876 -45.897 16.518
v 11.645 -45.897 17.455
v 13.019 -45.897 17.159
v 11.556 -45.897 16.584
v 13.283 -45.897 18.154
v 13.188 -45.897 18.459
v 14.933 -45.897 19.651
v 12.769 -45.897 18.606
v 13.013 -45.897 18.723
v 12.234 -45.897 18.325
v 12.387 -45.897 18.144
v 12.409 -45.897 17.906
v 12.301 -45.897 17.645
v 11.872 -45.897 17.379
v 12.101 -45.897 17.446
v 20.569 -46.097 12.612
v 19.714 -46.097 15.290
v 19.045 -46.097 14.830
v 20.018 -46.097 14.846
v 21.238 -46.097 13.072
v 18.882 -46.097 11.863
v 18.218 -46.097 14.262
v 17.549 -46.097 13.802
v 19.551 -46.097 12.323
v 16.029 -46.097 12.757
v 19.541 -46.097 15.540
v 15.856 -46.097 13.008
v 16.334 -46.097 12.314
v 19.551 -45.897 12.323
v 18.882 -45.897 11.863
v 19.349 -45.897 14.386
v 18.218 -45.897 14.262
v 19.045 -45.897 14.830
v 18.523 -45.897 13.818
v 17.854 -45.897 13.359
v 16.698 -45.897 13.217
v 17.549 -45.897 13.802
v 17.003 -45.897 12.773
v 19.541 -45.897 15.540
v 16.029 -45.897 12.757
v 15.856 -45.897 13.008
v 19.714 -45.897 15.290
v 20.018 -45.897 14.846
v 16.334 -45.897 12.314
v 21.238 -45.897 13.072
v 18.222 -46.097 10.999
v 16.698 -46.097 13.217
v 18.222 -45.897 10.999
v 17.553 -45.897 10.540
v 20.569 -45.897 12.612
v 17.553 -46.097 10.540
v 23.966 -46.097 5.094
v 23.976 -46.097 7.836
v 23.200 -46.097 7.599
v 24.113 -46.097 7.389
v 24.742 -46.097 5.331
v 19.591 -46.097 6.888
v 23.867 -46.097 8.195
v 19.837 -46.097 6.082
v 23.976 -45.897 7.836
v 23.867 -45.897 8.195
v 24.113 -45.897 7.389
v 23.966 -45.897 5.094
v 23.337 -45.897 7.152
v 24.742 -45.897 5.331
v 23.200 -45.897 7.599
v 19.591 -45.897 6.888
v 19.837 -45.897 6.082
v 7.603 -46.097 23.596
v 8.066 -46.097 22.610
v 8.433 -46.097 23.232
v 7.740 -46.097 21.867
v 8.375 -46.097 22.475
v 7.371 -46.097 18.815
v 8.309 -46.097 21.617
v 8.186 -46.097 20.006
v 7.861 -46.097 18.600
v 9.288 -46.097 21.187
v 9.894 -46.097 20.921
v 11.224 -46.097 22.007
v 10.220 -46.097 21.665
v 10.393 -46.097 22.372
v 9.875 -46.097 21.816
v 9.894 -45.897 20.921
v 10.220 -45.897 21.665
v 9.875 -45.897 21.816
v 10.393 -45.897 22.372
v 9.288 -45.897 21.187
v 8.186 -45.897 20.006
v 7.740 -45.897 21.867
v 8.309 -45.897 21.617
v 7.603 -45.897 23.596
v 8.066 -45.897 22.610
v 8.433 -45.897 23.232
v 8.375 -45.897 22.475
v 11.224 -45.897 22.007
v 7.371 -45.897 18.815
v 7.861 -45.897 18.600
v 13.482 -46.097 15.116
v 13.690 -46.097 16.033
v 13.136 -46.097 15.439
v 14.733 -46.097 15.060
v 14.200 -46.097 14.447
v 14.923 -46.097 14.924
v 14.518 -46.097 14.199
v 15.111 -46.097 14.872
v 15.287 -46.097 14.904
v 14.839 -46.097 14.047
v 15.444 -46.097 15.020
v 16.046 -46.097 15.706
v 15.563 -46.097 15.200
v 16.189 -46.097 15.482
v 15.157 -46.097 13.990
v 16.273 -46.097 15.255
v 16.300 -46.097 15.029
v 15.464 -46.097 14.031
v 16.267 -46.097 14.809
v 15.756 -46.097 14.169
v 16.176 -46.097 14.598
v 16.027 -46.097 14.400
v 15.387 -46.097 15.762
v 14.898 -46.097 17.328
v 14.344 -46.097 16.735
v 15.941 -46.097 16.355
v 15.534 -46.097 15.579
v 16.224 -46.097 16.178
v 15.593 -46.097 15.389
v 16.364 -46.097 16.153
v 16.500 -46.097 16.170
v 16.291 -46.097 15.567
v 16.629 -46.097 16.231
v 16.749 -46.097 16.334
v 16.755 -46.097 16.340
v 16.675 -46.097 17.143
v 16.185 -46.097 18.709
v 15.632 -46.097 18.116
v 16.532 -46.097 18.386
v 17.287 -46.097 17.682
v 16.839 -46.097 16.942
v 17.557 -46.097 17.381
v 16.907 -46.097 16.735
v 16.879 -46.097 16.531
v 17.733 -46.097 17.071
v 16.539 -46.097 15.493
v 17.812 -46.097 16.757
v 16.784 -46.097 15.484
v 17.793 -46.097 16.445
v 17.021 -46.097 15.541
v 17.676 -46.097 16.142
v 17.246 -46.097 15.663
v 17.462 -46.097 15.854
v 17.456 -46.097 15.847
v 15.915 -46.097 18.961
v 12.866 -46.097 15.691
v 17.287 -45.897 17.682
v 15.978 -45.897 17.793
v 16.532 -45.897 18.386
v 16.675 -45.897 17.143
v 16.839 -45.897 16.942
v 17.557 -45.897 17.381
v 16.907 -45.897 16.735
v 16.879 -45.897 16.531
v 17.733 -45.897 17.071
v 16.755 -45.897 16.340
v 16.749 -45.897 16.334
v 16.291 -45.897 15.567
v 16.539 -45.897 15.493
v 17.812 -45.897 16.757
v 16.784 -45.897 15.484
v 17.793 -45.897 16.445
v 17.021 -45.897 15.541
v 17.676 -45.897 16.142
v 17.246 -45.897 15.663
v 17.462 -45.897 15.854
v 17.456 -45.897 15.847
v 15.244 -45.897 17.006
v 15.387 -45.897 15.762
v 14.690 -45.897 16.412
v 15.941 -45.897 16.355
v 16.224 -45.897 16.178
v 15.534 -45.897 15.579
v 15.593 -45.897 15.389
v 16.364 -45.897 16.153
v 15.563 -45.897 15.200
v 16.046 -45.897 15.706
v 16.500 -45.897 16.170
v 16.629 -45.897 16.231
v 15.444 -45.897 15.020
v 16.189 -45.897 15.482
v 14.839 -45.897 14.047
v 15.157 -45.897 13.990
v 16.273 -45.897 15.255
v 16.300 -45.897 15.029
v 15.464 -45.897 14.031
v 16.267 -45.897 14.809
v 15.756 -45.897 14.169
v 16.176 -45.897 14.598
v 16.027 -45.897 14.400
v 14.733 -45.897 15.060
v 13.482 -45.897 15.116
v 14.036 -45.897 15.710
v 14.200 -45.897 14.447
v 14.923 -45.897 14.924
v 14.518 -45.897 14.199
v 15.111 -45.897 14.872
v 15.287 -45.897 14.904
v 14.898 -45.897 17.328
v 13.690 -45.897 16.033
v 14.344 -45.897 16.735
v 13.136 -45.897 15.439
v 15.632 -45.897 18.116
v 16.185 -45.897 18.709
v 12.866 -45.897 15.691
v 15.915 -45.897 18.961
v 17.886 -46.097 10.049
v 22.077 -46.097 11.649
v 21.915 -46.097 11.987
v 18.251 -46.097 9.290
v 22.280 -46.097 11.228
v 22.482 -46.097 8.936
v 21.346 -46.097 11.297
v 23.213 -46.097 9.288
v 22.077 -45.897 11.649
v 21.915 -45.897 11.987
v 17.886 -45.897 10.049
v 21.346 -45.897 11.297
v 18.251 -45.897 9.290
v 21.549 -45.897 10.876
v 22.280 -45.897 11.228
v 23.213 -45.897 9.288
v 22.482 -45.897 8.936
v 4.231 -46.097 -6.690
v 5.931 -46.097 -3.042
v 5.383 -46.097 -3.590
v 6.057 -46.097 -4.316
v 4.905 -46.097 -7.364
v 8.051 -46.097 -5.162
v 7.477 -46.097 -5.736
v 6.429 -46.097 -6.288
v 7.695 -46.097 -3.831
v 5.834 -46.097 -5.692
v 8.291 -46.097 -4.427
v 7.208 -45.897 -4.318
v 5.383 -45.897 -3.590
v 5.931 -45.897 -3.042
v 6.057 -45.897 -4.316
v 6.634 -45.897 -4.892
v 4.231 -45.897 -6.690
v 4.905 -45.897 -7.364
v 7.477 -45.897 -5.736
v 7.229 -45.897 -5.488
v 8.051 -45.897 -5.162
v 7.804 -45.897 -4.914
v 5.834 -45.897 -5.692
v 6.429 -45.897 -6.288
v 8.291 -45.897 -4.427
v 7.695 -45.897 -3.831
v 5.901 -46.097 -8.365
v 7.071 -46.097 -8.386
v 7.719 -46.097 -6.547
v 7.599 -46.097 -10.063
v 8.275 -46.097 -7.103
v 8.173 -46.097 -9.489
v 7.630 -46.097 -7.828
v 8.220 -46.097 -7.257
v 7.710 -46.097 -8.115
v 8.218 -46.097 -7.411
v 8.269 -46.097 -7.560
v 7.904 -46.097 -8.384
v 8.371 -46.097 -7.695
v 8.520 -46.097 -7.793
v 8.160 -46.097 -8.584
v 8.688 -46.097 -7.810
v 8.869 -46.097 -7.745
v 9.054 -46.097 -7.599
v 9.319 -46.097 -7.334
v 8.673 -46.097 -6.645
v 8.080 -46.097 -6.047
v 8.077 -46.097 -6.049
v 8.399 -46.097 -5.818
v 8.730 -46.097 -5.681
v 9.061 -46.097 -5.636
v 9.382 -46.097 -5.681
v 8.675 -46.097 -6.643
v 9.682 -46.097 -5.814
v 8.865 -46.097 -6.523
v 9.053 -46.097 -6.478
v 9.952 -46.097 -6.027
v 9.228 -46.097 -6.509
v 9.382 -46.097 -6.614
v 10.197 -46.097 -6.330
v 9.495 -46.097 -6.779
v 9.522 -46.097 -6.959
v 9.463 -46.097 -7.147
v 10.342 -46.097 -6.646
v 8.437 -46.097 -8.692
v 10.386 -46.097 -6.970
v 8.731 -46.097 -8.707
v 10.329 -46.097 -7.296
v 9.034 -46.097 -8.628
v 10.172 -46.097 -7.618
v 9.342 -46.097 -8.456
v 9.915 -46.097 -7.930
v 9.650 -46.097 -8.195
v 9.682 -45.897 -5.814
v 8.675 -45.897 -6.643
v 9.382 -45.897 -5.681
v 8.865 -45.897 -6.523
v 9.053 -45.897 -6.478
v 9.952 -45.897 -6.027
v 9.228 -45.897 -6.509
v 9.382 -45.897 -6.614
v 10.197 -45.897 -6.330
v 9.495 -45.897 -6.779
v 9.522 -45.897 -6.959
v 9.463 -45.897 -7.147
v 10.342 -45.897 -6.646
v 9.319 -45.897 -7.334
v 9.054 -45.897 -7.599
v 8.160 -45.897 -8.584
v 8.437 -45.897 -8.692
v 10.386 -45.897 -6.970
v 8.731 -45.897 -8.707
v 10.329 -45.897 -7.296
v 9.034 -45.897 -8.628
v 10.172 -45.897 -7.618
v 9.342 -45.897 -8.456
v 9.915 -45.897 -7.930
v 9.650 -45.897 -8.195
v 8.220 -45.897 -7.257
v 7.630 -45.897 -7.828
v 8.275 -45.897 -7.103
v 7.710 -45.897 -8.115
v 8.218 -45.897 -7.411
v 8.269 -45.897 -7.560
v 7.904 -45.897 -8.384
v 8.371 -45.897 -7.695
v 8.520 -45.897 -7.793
v 8.688 -45.897 -7.810
v 8.869 -45.897 -7.745
v 5.901 -45.897 -8.365
v 7.719 -45.897 -6.547
v 7.071 -45.897 -8.386
v 7.599 -45.897 -10.063
v 8.173 -45.897 -9.489
v 8.399 -45.897 -5.818
v 8.077 -45.897 -6.049
v 8.080 -45.897 -6.047
v 8.673 -45.897 -6.645
v 8.730 -45.897 -5.681
v 9.061 -45.897 -5.636
v 8.917 -46.097 -11.380
v 11.483 -46.097 -7.623
v 8.321 -46.097 -10.785
v 11.748 -46.097 -7.888
v 12.078 -46.097 -8.219
v 13.026 -46.097 -10.315
v 11.174 -46.097 -8.462
v 13.600 -46.097 -9.741
v 11.748 -45.897 -7.888
v 8.321 -45.897 -10.785
v 11.483 -45.897 -7.623
v 11.174 -45.897 -8.462
v 8.917 -45.897 -11.380
v 11.504 -45.897 -8.793
v 12.078 -45.897 -8.219
v 13.600 -45.897 -9.741
v 13.026 -45.897 -10.315
v 11.470 -46.097 -13.933
v 11.709 -46.097 -13.024
v 11.135 -46.097 -13.598
v 12.718 -46.097 -14.033
v 12.163 -46.097 -14.627
v 12.903 -46.097 -14.176
v 12.473 -46.097 -14.886
v 13.088 -46.097 -14.234
v 13.266 -46.097 -14.209
v 12.788 -46.097 -15.050
v 13.426 -46.097 -14.098
v 14.053 -46.097 -13.433
v 13.552 -46.097 -13.923
v 14.187 -46.097 -13.662
v 13.104 -46.097 -15.117
v 14.264 -46.097 -13.892
v 14.282 -46.097 -14.119
v 13.412 -46.097 -15.087
v 14.242 -46.097 -14.338
v 13.709 -46.097 -14.960
v 14.143 -46.097 -14.545
v 13.987 -46.097 -14.738
v 13.396 -46.097 -13.355
v 12.961 -46.097 -11.772
v 12.387 -46.097 -12.346
v 13.970 -46.097 -12.781
v 13.537 -46.097 -13.542
v 14.246 -46.097 -12.968
v 13.588 -46.097 -13.734
v 14.386 -46.097 -12.998
v 14.522 -46.097 -12.985
v 14.292 -46.097 -13.581
v 14.653 -46.097 -12.929
v 14.777 -46.097 -12.831
v 14.783 -46.097 -12.824
v 14.731 -46.097 -12.020
v 14.296 -46.097 -10.437
v 13.722 -46.097 -11.011
v 14.631 -46.097 -10.772
v 15.362 -46.097 -11.502
v 14.888 -46.097 -12.226
v 15.621 -46.097 -11.812
v 14.949 -46.097 -12.435
v 14.914 -46.097 -12.638
v 15.786 -46.097 -12.128
v 14.538 -46.097 -13.664
v 15.854 -46.097 -12.445
v 14.782 -46.097 -13.681
v 15.824 -46.097 -12.756
v 15.021 -46.097 -13.632
v 15.696 -46.097 -13.054
v 15.250 -46.097 -13.519
v 15.473 -46.097 -13.335
v 15.466 -46.097 -13.342
v 14.035 -46.097 -10.176
v 10.874 -46.097 -13.337
v 15.362 -45.897 -11.502
v 14.057 -45.897 -11.346
v 14.631 -45.897 -10.772
v 14.731 -45.897 -12.020
v 14.888 -45.897 -12.226
v 15.621 -45.897 -11.812
v 14.949 -45.897 -12.435
v 14.914 -45.897 -12.638
v 15.786 -45.897 -12.128
v 14.783 -45.897 -12.824
v 14.777 -45.897 -12.831
v 14.292 -45.897 -13.581
v 14.538 -45.897 -13.664
v 15.854 -45.897 -12.445
v 14.782 -45.897 -13.681
v 15.824 -45.897 -12.756
v 15.021 -45.897 -13.632
v 15.696 -45.897 -13.054
v 15.250 -45.897 -13.519
v 15.473 -45.897 -13.335
v 15.466 -45.897 -13.342
v 13.970 -45.897 -12.781
v 12.722 -45.897 -12.681
v 13.296 -45.897 -12.107
v 13.396 -45.897 -13.355
v 14.246 -45.897 -12.968
v 13.537 -45.897 -13.542
v 13.588 -45.897 -13.734
v 14.386 -45.897 -12.998
v 13.552 -45.897 -13.923
v 14.053 -45.897 -13.433
v 14.522 -45.897 -12.985
v 14.653 -45.897 -12.929
v 13.426 -45.897 -14.098
v 14.187 -45.897 -13.662
v 12.788 -45.897 -15.050
v 13.104 -45.897 -15.117
v 14.264 -45.897 -13.892
v 14.282 -45.897 -14.119
v 13.412 -45.897 -15.087
v 14.242 -45.897 -14.338
v 13.709 -45.897 -14.960
v 14.143 -45.897 -14.545
v 13.987 -45.897 -14.738
v 12.718 -45.897 -14.033
v 11.470 -45.897 -13.933
v 12.044 -45.897 -13.359
v 12.163 -45.897 -14.627
v 12.903 -45.897 -14.176
v 12.473 -45.897 -14.886
v 13.088 -45.897 -14.234
v 13.266 -45.897 -14.209
v 13.722 -45.897 -11.011
v 12.961 -45.897 -11.772
v 12.387 -45.897 -12.346
v 11.709 -45.897 -13.024
v 11.135 -45.897 -13.598
v 14.296 -45.897 -10.437
v 10.874 -45.897 -13.337
v 14.035 -45.897 -10.176
v 14.319 -46.097 -16.620
v 15.067 -46.097 -16.059
v 15.175 -46.097 -15.877
v 14.522 -46.097 -16.993
v 15.071 -46.097 -16.280
v 15.185 -46.097 -16.529
v 14.835 -46.097 -17.364
v 15.405 -46.097 -16.795
v 15.221 -46.097 -17.672
v 15.609 -46.097 -16.964
v 15.856 -46.097 -17.107
v 15.681 -46.097 -17.906
v 16.135 -46.097 -17.218
v 16.434 -46.097 -17.293
v 16.181 -46.097 -18.049
v 14.390 -46.097 -15.548
v 14.642 -46.097 -15.227
v 14.640 -46.097 -15.229
v 14.985 -46.097 -14.957
v 14.253 -46.097 -15.890
v 15.321 -46.097 -14.839
v 14.229 -46.097 -16.250
v 15.643 -46.097 -14.840
v 15.939 -46.097 -14.930
v 15.177 -46.097 -15.875
v 15.319 -46.097 -15.772
v 16.590 -46.097 -15.331
v 15.471 -46.097 -15.737
v 15.628 -46.097 -15.756
v 15.781 -46.097 -15.814
v 16.184 -46.097 -16.060
v 16.645 -46.097 -15.373
v 16.659 -46.097 -15.382
v 16.673 -46.097 -15.392
v 17.032 -46.097 -15.625
v 16.204 -46.097 -16.074
v 16.225 -46.097 -16.088
v 16.255 -46.097 -16.108
v 16.286 -46.097 -16.127
v 16.929 -46.097 -16.486
v 17.181 -46.097 -15.685
v 17.327 -46.097 -15.703
v 17.468 -46.097 -15.670
v 17.599 -46.097 -15.575
v 17.601 -46.097 -15.573
v 18.474 -46.097 -14.776
v 18.574 -46.097 -15.153
v 17.223 -46.097 -16.561
v 18.558 -46.097 -15.516
v 17.535 -46.097 -16.552
v 18.427 -46.097 -15.859
v 17.856 -46.097 -16.433
v 18.182 -46.097 -16.175
v 18.177 -46.097 -16.179
v 16.140 -46.097 -13.981
v 16.908 -46.097 -13.342
v 16.355 -46.097 -13.213
v 16.470 -46.097 -14.045
v 17.448 -46.097 -13.615
v 16.793 -46.097 -14.171
v 17.097 -46.097 -14.353
v 17.936 -46.097 -14.011
v 17.366 -46.097 -14.581
v 17.600 -46.097 -14.865
v 18.261 -46.097 -14.393
v 17.720 -46.097 -15.132
v 17.721 -46.097 -15.372
v 16.908 -45.897 -13.342
v 16.140 -45.897 -13.981
v 16.355 -45.897 -13.213
v 16.470 -45.897 -14.045
v 17.448 -45.897 -13.615
v 16.793 -45.897 -14.171
v 17.097 -45.897 -14.353
v 17.936 -45.897 -14.011
v 17.366 -45.897 -14.581
v 18.261 -45.897 -14.393
v 17.600 -45.897 -14.865
v 17.720 -45.897 -15.132
v 18.474 -45.897 -14.776
v 17.721 -45.897 -15.372
v 17.601 -45.897 -15.573
v 17.599 -45.897 -15.575
v 14.985 -45.897 -14.957
v 14.640 -45.897 -15.229
v 14.642 -45.897 -15.227
v 14.390 -45.897 -15.548
v 14.253 -45.897 -15.890
v 15.321 -45.897 -14.839
v 14.229 -45.897 -16.250
v 15.643 -45.897 -14.840
v 14.319 -45.897 -16.620
v 15.939 -45.897 -14.930
v 15.177 -45.897 -15.875
v 15.319 -45.897 -15.772
v 16.590 -45.897 -15.331
v 15.471 -45.897 -15.737
v 15.628 -45.897 -15.756
v 15.781 -45.897 -15.814
v 16.184 -45.897 -16.060
v 16.645 -45.897 -15.373
v 16.659 -45.897 -15.382
v 16.673 -45.897 -15.392
v 17.032 -45.897 -15.625
v 16.204 -45.897 -16.074
v 16.225 -45.897 -16.088
v 16.255 -45.897 -16.108
v 16.286 -45.897 -16.127
v 16.929 -45.897 -16.486
v 17.181 -45.897 -15.685
v 17.327 -45.897 -15.703
v 17.468 -45.897 -15.670
v 18.574 -45.897 -15.153
v 17.223 -45.897 -16.561
v 18.558 -45.897 -15.516
v 17.535 -45.897 -16.552
v 18.427 -45.897 -15.859
v 17.856 -45.897 -16.433
v 18.182 -45.897 -16.175
v 18.177 -45.897 -16.179
v 15.067 -45.897 -16.059
v 14.522 -45.897 -16.993
v 15.175 -45.897 -15.877
v 15.071 -45.897 -16.280
v 15.185 -45.897 -16.529
v 14.835 -45.897 -17.364
v 15.405 -45.897 -16.795
v 15.609 -45.897 -16.964
v 15.221 -45.897 -17.672
v 15.856 -45.897 -17.107
v 15.681 -45.897 -17.906
v 16.135 -45.897 -17.218
v 16.434 -45.897 -17.293
v 16.181 -45.897 -18.049
v -4.787 -45.897 -20.640
v -3.726 -46.097 -20.806
v -4.787 -46.097 -20.640
v -3.726 -45.897 -20.806
v -4.374 -45.897 -20.705
v -3.370 -46.097 -20.913
v -3.370 -45.897 -20.913
v -3.122 -46.097 -21.103
v -3.122 -45.897 -21.103
v -2.991 -45.897 -21.368
v -2.991 -46.097 -21.368
v -2.985 -45.897 -21.698
v -2.985 -46.097 -21.698
v -4.248 -45.897 -19.903
v -3.622 -45.897 -20.001
v -3.106 -45.897 -20.133
v -2.693 -45.897 -20.349
v -3.189 -45.897 -22.998
v -3.339 -45.897 -24.381
v -2.959 -45.897 -24.207
v -2.387 -45.897 -20.640
v -2.660 -45.897 -23.933
v -2.192 -45.897 -20.994
v -2.446 -45.897 -23.565
v -2.105 -45.897 -21.403
v -2.322 -45.897 -23.109
v -2.126 -45.897 -21.857
v -4.167 -45.897 -23.620
v -4.940 -45.897 -24.320
v -4.814 -45.897 -23.518
v -4.311 -45.897 -24.419
v -3.791 -45.897 -24.453
v -3.795 -45.897 -23.627
v -3.501 -45.897 -23.522
v -3.295 -45.897 -23.310
v -3.295 -46.097 -23.310
v -3.501 -46.097 -23.522
v -3.189 -46.097 -22.998
v -3.795 -46.097 -23.627
v -4.167 -46.097 -23.620
v -5.772 -45.897 -24.190
v -5.080 -46.097 -19.773
v -5.080 -45.897 -19.773
v -5.772 -46.097 -24.190
v -5.227 -45.897 -23.454
v -5.353 -45.897 -24.256
v -2.959 -46.097 -24.207
v -3.339 -46.097 -24.381
v -5.353 -46.097 -24.256
v -2.126 -46.097 -21.857
v -2.105 -46.097 -21.403
v -4.248 -46.097 -19.903
v -3.622 -46.097 -20.001
v -5.227 -46.097 -23.454
v -4.311 -46.097 -24.419
v -4.940 -46.097 -24.320
v -3.791 -46.097 -24.453
v -2.192 -46.097 -20.994
v -2.446 -46.097 -23.565
v -2.322 -46.097 -23.109
v -2.660 -46.097 -23.933
v -2.387 -46.097 -20.640
v -2.693 -46.097 -20.349
v -3.106 -46.097 -20.133
v -4.661 -45.897 -19.838
v -4.661 -46.097 -19.838
v -11.704 -45.897 -17.297
v -9.798 -46.097 -18.677
v -11.704 -46.097 -17.297
v -9.798 -45.897 -18.677
v -11.431 -45.897 -17.495
v -10.104 -45.897 -18.456
v -13.185 -45.897 -20.860
v -11.949 -46.097 -16.236
v -11.949 -45.897 -16.236
v -13.185 -46.097 -20.860
v -11.676 -45.897 -18.320
v -12.180 -45.897 -17.955
v -12.180 -46.097 -17.955
v -10.274 -45.897 -19.334
v -10.274 -46.097 -19.334
v -11.214 -45.897 -16.768
v -9.480 -45.897 -18.023
v -8.745 -45.897 -18.554
v -12.137 -45.897 -19.869
v -12.752 -45.897 -21.174
v -10.810 -45.897 -18.946
v -12.752 -46.097 -21.174
v -9.480 -46.097 -18.023
v -8.745 -46.097 -18.554
v -12.137 -46.097 -19.869
v -11.214 -46.097 -16.768
v -11.431 -46.097 -17.495
v -11.676 -46.097 -18.320
v -10.810 -46.097 -18.946
v -10.104 -46.097 -18.456
v -7.808 -45.897 -22.733
v -7.597 -46.097 -22.622
v -7.597 -45.897 -22.622
v -7.808 -46.097 -22.733
v -7.328 -46.097 -23.487
v -7.053 -45.897 -23.311
v -7.053 -46.097 -23.311
v -7.328 -45.897 -23.487
v -6.531 -46.097 -22.361
v -6.511 -45.897 -22.014
v -6.511 -46.097 -22.014
v -6.531 -45.897 -22.361
v -7.386 -45.897 -22.110
v -7.455 -46.097 -21.881
v -7.455 -45.897 -21.881
v -7.386 -46.097 -22.110
v -8.297 -45.897 -23.479
v -7.961 -46.097 -23.574
v -8.297 -46.097 -23.479
v -7.961 -45.897 -23.574
v -9.795 -45.897 -22.852
v -9.327 -46.097 -23.048
v -9.795 -46.097 -22.852
v -9.327 -45.897 -23.048
v -6.962 -45.897 -21.182
v -7.264 -46.097 -21.011
v -6.962 -46.097 -21.182
v -7.264 -45.897 -21.011
v -7.948 -45.897 -20.875
v -7.171 -46.097 -21.353
v -7.948 -46.097 -20.875
v -7.171 -45.897 -21.353
v -8.046 -45.897 -22.704
v -9.481 -46.097 -22.103
v -8.046 -46.097 -22.704
v -9.481 -45.897 -22.103
v -9.013 -45.897 -22.299
v -6.640 -46.097 -22.722
v -6.640 -45.897 -22.722
v -7.600 -45.897 -18.921
v -8.377 -46.097 -18.595
v -7.600 -46.097 -18.921
v -8.377 -45.897 -18.595
v -8.762 -45.897 -20.384
v -8.608 -45.897 -21.329
v -9.076 -45.897 -21.133
v -8.294 -45.897 -20.580
v -7.823 -45.897 -20.777
v -6.199 -46.097 -19.507
v -6.199 -45.897 -19.507
v -6.955 -45.897 -21.190
v -5.257 -45.897 -19.901
v -6.821 -46.097 -23.054
v -6.821 -45.897 -23.054
v -8.762 -46.097 -20.384
v -5.257 -46.097 -19.901
v -7.440 -46.097 -22.387
v -7.440 -45.897 -22.387
v -7.640 -45.897 -21.734
v -6.731 -45.897 -21.414
v -7.634 -45.897 -23.576
v -6.579 -45.897 -21.695
v -7.640 -46.097 -21.734
v -9.076 -46.097 -21.133
v -6.731 -46.097 -21.414
v -10.104 -45.897 -22.723
v -10.104 -46.097 -22.723
v -7.634 -46.097 -23.576
v -6.579 -46.097 -21.695
v -15.934 -45.897 -18.420
v -15.517 -46.097 -18.610
v -15.934 -46.097 -18.420
v -15.517 -45.897 -18.610
v -15.104 -46.097 -18.674
v -15.104 -45.897 -18.674
v -13.968 -46.097 -18.107
v -13.115 -45.897 -17.170
v -13.115 -46.097 -17.170
v -13.968 -45.897 -18.107
v -12.848 -45.897 -16.802
v -12.848 -46.097 -16.802
v -12.758 -45.897 -15.599
v -12.984 -46.097 -15.191
v -12.758 -46.097 -15.599
v -12.984 -45.897 -15.191
v -17.443 -45.897 -17.111
v -17.129 -46.097 -17.396
v -17.443 -46.097 -17.111
v -17.129 -45.897 -17.396
v -15.179 -45.897 -17.803
v -14.891 -46.097 -17.739
v -14.891 -45.897 -17.739
v -15.179 -46.097 -17.803
v -16.820 -46.097 -17.678
v -16.820 -45.897 -17.678
v -13.634 -45.897 -15.697
v -13.532 -46.097 -15.992
v -13.634 -46.097 -15.697
v -13.532 -45.897 -15.992
v -14.704 -45.897 -18.610
v -14.704 -46.097 -18.610
v -13.811 -45.897 -14.371
v -13.811 -46.097 -14.371
v -14.357 -45.897 -14.971
v -16.274 -45.897 -17.077
v -14.120 -45.897 -14.089
v -14.434 -46.097 -13.804
v -14.120 -46.097 -14.089
v -14.434 -45.897 -13.804
v -14.667 -45.897 -14.690
v -16.583 -46.097 -16.796
v -16.583 -45.897 -16.796
v -13.342 -46.097 -14.797
v -13.342 -45.897 -14.797
v -14.667 -46.097 -14.690
v -15.789 -45.897 -17.518
v -15.789 -46.097 -17.518
v -14.630 -45.897 -17.538
v -13.745 -46.097 -16.564
v -13.745 -45.897 -16.564
v -14.630 -46.097 -17.538
v -14.323 -46.097 -18.420
v -14.323 -45.897 -18.420
v -13.873 -46.097 -15.412
v -13.873 -45.897 -15.412
v -12.695 -46.097 -16.413
v -12.663 -45.897 -16.010
v -12.663 -46.097 -16.010
v -12.695 -45.897 -16.413
v -15.483 -45.897 -17.729
v -15.483 -46.097 -17.729
v -16.349 -46.097 -18.106
v -16.349 -45.897 -18.106
v -13.568 -45.897 -16.286
v -13.568 -46.097 -16.286
v -19.956 -46.097 -8.624
v -19.229 -45.897 -8.263
v -19.229 -46.097 -8.263
v -19.956 -45.897 -8.624
v -19.079 -45.897 -8.565
v -19.679 -45.897 -9.181
v -18.183 -46.097 -10.370
v -18.183 -45.897 -10.370
v -18.350 -45.897 -10.032
v -18.910 -45.897 -10.731
v -18.910 -46.097 -10.731
v -18.549 -45.897 -8.021
v -18.952 -45.897 -7.209
v -17.597 -45.897 -9.938
v -17.194 -45.897 -10.751
v -22.197 -45.897 -10.728
v -20.808 -45.897 -10.337
v -21.959 -45.897 -11.207
v -19.204 -45.897 -10.138
v -21.959 -46.097 -11.207
v -22.197 -46.097 -10.728
v -17.194 -46.097 -10.751
v -17.597 -46.097 -9.938
v -20.808 -46.097 -10.337
v -18.549 -46.097 -8.021
v -18.952 -46.097 -7.209
v -19.079 -46.097 -8.565
v -19.679 -46.097 -9.181
v -19.204 -46.097 -10.138
v -18.350 -46.097 -10.032
v -14.979 -45.897 -13.461
v -15.620 -46.097 -12.646
v -14.979 -46.097 -13.461
v -15.620 -45.897 -12.646
v -18.989 -45.897 -15.591
v -18.490 -46.097 -16.224
v -18.989 -46.097 -15.591
v -18.490 -45.897 -16.224
v -19.313 -46.097 -13.537
v -16.599 -45.897 -11.402
v -16.599 -46.097 -11.402
v -19.132 -45.897 -13.395
v -19.313 -45.897 -13.537
v -19.296 -46.097 -13.430
v -19.296 -45.897 -13.430
v -16.416 -45.897 -13.566
v -16.234 -46.097 -13.423
v -16.234 -45.897 -13.423
v -19.972 -45.897 -14.341
v -16.251 -45.897 -13.530
v -20.609 -45.897 -13.532
v -17.098 -45.897 -10.769
v -16.251 -46.097 -13.530
v -17.098 -46.097 -10.769
v -19.972 -46.097 -14.341
v -20.609 -46.097 -13.532
v -19.132 -46.097 -13.395
v -16.416 -46.097 -13.566
v -22.744 -46.097 -8.248
v -18.963 -45.897 -6.650
v -18.963 -46.097 -6.650
v -22.333 -45.897 -8.074
v -22.744 -45.897 -8.248
v -23.883 -45.897 -6.493
v -22.607 -46.097 -9.512
v -23.883 -46.097 -6.493
v -22.607 -45.897 -9.512
v -19.291 -45.897 -5.874
v -22.661 -45.897 -7.298
v -21.859 -45.897 -9.196
v -23.135 -46.097 -6.177
v -21.859 -46.097 -9.196
v -23.135 -45.897 -6.177
v -23.072 -45.897 -7.472
v -19.291 -46.097 -5.874
v -23.072 -46.097 -7.472
v -21.172 -46.097 -5.421
v -21.166 -45.897 -5.421
v -21.166 -46.097 -5.421
v -21.172 -45.897 -5.421
v -20.769 -45.897 -5.371
v -20.769 -46.097 -5.371
v -19.850 -45.897 -4.217
v -19.810 -46.097 -3.718
v -19.850 -46.097 -4.217
v -19.810 -45.897 -3.718
v -20.434 -46.097 -5.221
v -20.166 -45.897 -4.976
v -20.166 -46.097 -4.976
v -20.434 -45.897 -5.221
v -19.970 -46.097 -4.639
v -19.970 -45.897 -4.639
v -21.579 -46.097 -5.374
v -21.579 -45.897 -5.374
v -23.536 -45.897 -3.553
v -23.440 -46.097 -3.297
v -23.536 -46.097 -3.553
v -23.440 -45.897 -3.297
v -21.151 -45.897 -4.585
v -20.924 -46.097 -4.528
v -20.924 -45.897 -4.528
v -21.151 -46.097 -4.585
v -21.154 -45.897 -4.585
v -21.154 -46.097 -4.585
v -22.905 -46.097 -3.112
v -22.773 -45.897 -3.195
v -22.773 -46.097 -3.195
v -22.905 -45.897 -3.112
v -22.493 -45.897 -3.952
v -22.488 -46.097 -3.976
v -22.493 -46.097 -3.952
v -22.488 -45.897 -3.976
v -23.743 -45.897 -2.442
v -23.404 -46.097 -2.296
v -23.404 -45.897 -2.296
v -23.743 -46.097 -2.442
v -22.608 -45.897 -3.469
v -22.498 -46.097 -3.927
v -22.608 -46.097 -3.469
v -22.498 -45.897 -3.927
v -22.481 -45.897 -4.011
v -22.473 -46.097 -4.047
v -22.481 -46.097 -4.011
v -22.473 -45.897 -4.047
v -24.014 -45.897 -2.679
v -24.014 -46.097 -2.679
v -22.272 -46.097 -4.756
v -22.272 -45.897 -4.756
v -21.527 -45.897 -4.367
v -21.590 -46.097 -4.219
v -21.527 -46.097 -4.367
v -21.590 -45.897 -4.219
v -23.287 -46.097 -3.137
v -23.287 -45.897 -3.137
v -22.018 -45.897 -2.682
v -22.244 -46.097 -2.454
v -22.018 -46.097 -2.682
v -22.244 -45.897 -2.454
v -21.314 -45.897 -4.560
v -21.314 -46.097 -4.560
v -21.437 -45.897 -4.483
v -21.437 -46.097 -4.483
v -24.212 -45.897 -3.004
v -24.333 -46.097 -3.412
v -24.212 -46.097 -3.004
v -24.333 -45.897 -3.412
v -24.373 -46.097 -3.896
v -24.373 -45.897 -3.896
v -24.318 -46.097 -4.387
v -24.318 -45.897 -4.387
v -23.469 -45.897 -4.436
v -23.543 -46.097 -4.160
v -23.469 -46.097 -4.436
v -23.543 -45.897 -4.160
v -21.683 -45.897 -3.784
v -21.686 -46.097 -3.767
v -21.683 -46.097 -3.784
v -21.686 -45.897 -3.767
v -22.999 -45.897 -2.248
v -22.566 -46.097 -2.299
v -22.566 -45.897 -2.299
v -22.999 -46.097 -2.248
v -23.906 -46.097 -5.332
v -23.193 -45.897 -4.975
v -23.193 -46.097 -4.975
v -23.906 -45.897 -5.332
v -23.568 -45.897 -3.896
v -23.568 -46.097 -3.896
v -23.002 -45.897 -2.248
v -23.002 -46.097 -2.248
v -22.676 -46.097 -3.319
v -22.676 -45.897 -3.319
v -22.117 -46.097 -5.017
v -22.117 -45.897 -5.017
v -21.890 -46.097 -5.231
v -21.890 -45.897 -5.231
v -21.695 -46.097 -3.699
v -21.695 -45.897 -3.699
v -24.158 -46.097 -4.877
v -24.158 -45.897 -4.877
v -21.680 -46.097 -3.801
v -21.680 -45.897 -3.801
v -23.082 -45.897 -3.084
v -23.082 -46.097 -3.084
v -21.872 -46.097 -2.955
v -21.872 -45.897 -2.955
v -23.351 -46.097 -4.711
v -23.351 -45.897 -4.711
v -23.079 -45.897 -3.084
v -23.079 -46.097 -3.084
v -20.645 -45.897 -3.366
v -20.616 -46.097 -3.718
v -20.645 -46.097 -3.366
v -20.616 -45.897 -3.718
v -20.731 -45.897 -3.023
v -20.731 -46.097 -3.023
v -20.651 -46.097 -4.084
v -20.651 -45.897 -4.084
v -20.756 -46.097 -4.357
v -20.756 -45.897 -4.357
v -21.058 -46.097 -2.426
v -20.064 -46.097 -2.517
v -20.364 -46.097 -2.036
v -20.871 -46.097 -2.705
v -19.875 -46.097 -3.092
v -20.064 -45.897 -2.517
v -20.364 -45.897 -2.036
v -19.875 -45.897 -3.092
v -21.058 -45.897 -2.426
v -20.871 -45.897 -2.705
v -17.778 -46.097 14.856
v -16.077 -46.097 18.505
v -16.625 -46.097 17.957
v -15.951 -46.097 17.231
v -17.104 -46.097 14.182
v -13.957 -46.097 16.385
v -14.531 -46.097 15.811
v -15.580 -46.097 15.258
v -14.314 -46.097 17.715
v -16.175 -46.097 15.854
v -13.718 -46.097 17.120
v -14.801 -45.897 17.228
v -16.625 -45.897 17.957
v -16.077 -45.897 18.505
v -15.951 -45.897 17.231
v -15.375 -45.897 16.654
v -17.778 -45.897 14.856
v -17.104 -45.897 14.182
v -14.531 -45.897 15.811
v -14.779 -45.897 16.059
v -13.957 -45.897 16.385
v -14.205 -45.897 16.633
v -16.175 -45.897 15.854
v -15.580 -45.897 15.258
v -13.718 -45.897 17.120
v -14.314 -45.897 17.715
v -16.108 -46.097 13.182
v -14.938 -46.097 13.160
v -14.290 -46.097 15.000
v -14.410 -46.097 11.484
v -13.733 -46.097 14.443
v -13.836 -46.097 12.058
v -14.379 -46.097 13.719
v -13.789 -46.097 14.290
v -14.299 -46.097 13.432
v -13.791 -46.097 14.135
v -13.740 -46.097 13.987
v -14.105 -46.097 13.162
v -13.638 -46.097 13.852
v -13.489 -46.097 13.753
v -13.849 -46.097 12.963
v -13.320 -46.097 13.736
v -13.140 -46.097 13.801
v -12.955 -46.097 13.947
v -12.690 -46.097 14.213
v -13.336 -46.097 14.902
v -13.929 -46.097 15.500
v -13.931 -46.097 15.498
v -13.610 -46.097 15.728
v -13.279 -46.097 15.865
v -12.947 -46.097 15.911
v -12.627 -46.097 15.865
v -13.333 -46.097 14.904
v -12.327 -46.097 15.733
v -13.143 -46.097 15.023
v -12.956 -46.097 15.068
v -12.057 -46.097 15.519
v -12.781 -46.097 15.038
v -12.627 -46.097 14.932
v -11.812 -46.097 15.217
v -12.513 -46.097 14.768
v -12.486 -46.097 14.588
v -12.545 -46.097 14.400
v -11.667 -46.097 14.901
v -13.571 -46.097 12.855
v -11.623 -46.097 14.577
v -13.278 -46.097 12.840
v -11.680 -46.097 14.251
v -12.975 -46.097 12.919
v -11.837 -46.097 13.929
v -12.666 -46.097 13.090
v -12.094 -46.097 13.617
v -12.359 -46.097 13.351
v -12.327 -45.897 15.733
v -13.333 -45.897 14.904
v -12.627 -45.897 15.865
v -13.143 -45.897 15.023
v -12.956 -45.897 15.068
v -12.057 -45.897 15.519
v -12.781 -45.897 15.038
v -12.627 -45.897 14.932
v -11.812 -45.897 15.217
v -12.513 -45.897 14.768
v -12.486 -45.897 14.588
v -12.545 -45.897 14.400
v -11.667 -45.897 14.901
v -12.690 -45.897 14.213
v -12.955 -45.897 13.947
v -13.849 -45.897 12.963
v -13.571 -45.897 12.855
v -11.623 -45.897 14.577
v -13.278 -45.897 12.840
v -11.680 -45.897 14.251
v -12.975 -45.897 12.919
v -11.837 -45.897 13.929
v -12.666 -45.897 13.090
v -12.094 -45.897 13.617
v -12.359 -45.897 13.351
v -13.789 -45.897 14.290
v -14.379 -45.897 13.719
v -13.733 -45.897 14.443
v -14.299 -45.897 13.432
v -13.791 -45.897 14.135
v -13.740 -45.897 13.987
v -14.105 -45.897 13.162
v -13.638 -45.897 13.852
v -13.489 -45.897 13.753
v -13.320 -45.897 13.736
v -13.140 -45.897 13.801
v -16.108 -45.897 13.182
v -14.290 -45.897 15.000
v -14.938 -45.897 13.160
v -14.410 -45.897 11.484
v -13.836 -45.897 12.058
v -13.610 -45.897 15.728
v -13.931 -45.897 15.498
v -13.929 -45.897 15.500
v -13.336 -45.897 14.902
v -13.279 -45.897 15.865
v -12.947 -45.897 15.911
v -13.092 -46.097 10.166
v -10.526 -46.097 13.923
v -13.688 -46.097 10.762
v -10.261 -46.097 13.658
v -9.930 -46.097 13.328
v -8.982 -46.097 11.231
v -10.835 -46.097 13.084
v -8.408 -46.097 11.805
v -10.261 -45.897 13.658
v -13.688 -45.897 10.762
v -10.526 -45.897 13.923
v -10.835 -45.897 13.084
v -13.092 -45.897 10.166
v -10.505 -45.897 12.754
v -9.930 -45.897 13.328
v -8.408 -45.897 11.805
v -8.982 -45.897 11.231
v -10.539 -46.097 7.613
v -10.300 -46.097 8.522
v -10.874 -46.097 7.948
v -9.291 -46.097 7.513
v -9.846 -46.097 6.920
v -9.106 -46.097 7.371
v -9.536 -46.097 6.661
v -8.920 -46.097 7.312
v -8.743 -46.097 7.338
v -9.221 -46.097 6.497
v -8.582 -46.097 7.448
v -7.956 -46.097 8.113
v -8.457 -46.097 7.624
v -7.822 -46.097 7.885
v -8.905 -46.097 6.429
v -7.745 -46.097 7.655
v -7.727 -46.097 7.428
v -8.597 -46.097 6.460
v -7.767 -46.097 7.209
v -8.300 -46.097 6.587
v -7.865 -46.097 7.001
v -8.021 -46.097 6.809
v -8.613 -46.097 8.192
v -9.048 -46.097 9.775
v -9.622 -46.097 9.201
v -8.039 -46.097 8.766
v -8.472 -46.097 8.004
v -7.763 -46.097 8.579
v -8.420 -46.097 7.812
v -7.623 -46.097 8.548
v -7.486 -46.097 8.561
v -7.716 -46.097 7.966
v -7.355 -46.097 8.617
v -7.232 -46.097 8.716
v -7.226 -46.097 8.722
v -7.278 -46.097 9.527
v -7.713 -46.097 11.110
v -8.287 -46.097 10.536
v -7.378 -46.097 10.775
v -6.647 -46.097 10.044
v -7.121 -46.097 9.321
v -6.388 -46.097 9.734
v -7.060 -46.097 9.111
v -7.095 -46.097 8.909
v -6.223 -46.097 9.418
v -7.471 -46.097 7.883
v -6.155 -46.097 9.101
v -7.226 -46.097 7.866
v -6.185 -46.097 8.791
v -6.987 -46.097 7.914
v -6.313 -46.097 8.492
v -6.758 -46.097 8.028
v -6.536 -46.097 8.211
v -6.543 -46.097 8.205
v -7.974 -46.097 11.371
v -11.135 -46.097 8.209
v -6.647 -45.897 10.044
v -7.952 -45.897 10.201
v -7.378 -45.897 10.775
v -7.278 -45.897 9.527
v -7.121 -45.897 9.321
v -6.388 -45.897 9.734
v -7.060 -45.897 9.111
v -7.095 -45.897 8.909
v -6.223 -45.897 9.418
v -7.226 -45.897 8.722
v -7.232 -45.897 8.716
v -7.716 -45.897 7.966
v -7.471 -45.897 7.883
v -6.155 -45.897 9.101
v -7.226 -45.897 7.866
v -6.185 -45.897 8.791
v -6.987 -45.897 7.914
v -6.313 -45.897 8.492
v -6.758 -45.897 8.028
v -6.536 -45.897 8.211
v -6.543 -45.897 8.205
v -8.039 -45.897 8.766
v -9.287 -45.897 8.866
v -8.713 -45.897 9.440
v -8.613 -45.897 8.192
v -7.763 -45.897 8.579
v -8.472 -45.897 8.004
v -8.420 -45.897 7.812
v -7.623 -45.897 8.548
v -8.457 -45.897 7.624
v -7.956 -45.897 8.113
v -7.486 -45.897 8.561
v -7.355 -45.897 8.617
v -8.582 -45.897 7.448
v -7.822 -45.897 7.885
v -9.221 -45.897 6.497
v -8.905 -45.897 6.429
v -7.745 -45.897 7.655
v -7.727 -45.897 7.428
v -8.597 -45.897 6.460
v -7.767 -45.897 7.209
v -8.300 -45.897 6.587
v -7.865 -45.897 7.001
v -8.021 -45.897 6.809
v -9.291 -45.897 7.513
v -10.539 -45.897 7.613
v -9.965 -45.897 8.187
v -9.846 -45.897 6.920
v -9.106 -45.897 7.371
v -9.536 -45.897 6.661
v -8.920 -45.897 7.312
v -8.743 -45.897 7.338
v -8.287 -45.897 10.536
v -9.048 -45.897 9.775
v -9.622 -45.897 9.201
v -10.300 -45.897 8.522
v -10.874 -45.897 7.948
v -7.713 -45.897 11.110
v -11.135 -45.897 8.209
v -7.974 -45.897 11.371
v -7.690 -46.097 4.927
v -6.942 -46.097 5.487
v -6.834 -46.097 5.669
v -7.487 -46.097 4.553
v -6.937 -46.097 5.266
v -6.824 -46.097 5.017
v -7.173 -46.097 4.182
v -6.604 -46.097 4.752
v -6.787 -46.097 3.874
v -6.400 -46.097 4.582
v -6.153 -46.097 4.440
v -6.328 -46.097 3.641
v -5.874 -46.097 4.329
v -5.575 -46.097 4.254
v -5.827 -46.097 3.497
v -7.619 -46.097 5.999
v -7.367 -46.097 6.320
v -7.369 -46.097 6.317
v -7.024 -46.097 6.589
v -7.756 -46.097 5.656
v -6.687 -46.097 6.708
v -7.780 -46.097 5.297
v -6.366 -46.097 6.706
v -6.070 -46.097 6.616
v -6.832 -46.097 5.672
v -6.690 -46.097 5.775
v -5.419 -46.097 6.215
v -6.537 -46.097 5.810
v -6.381 -46.097 5.791
v -6.228 -46.097 5.732
v -5.825 -46.097 5.487
v -5.364 -46.097 6.174
v -5.350 -46.097 6.164
v -5.336 -46.097 6.154
v -4.977 -46.097 5.922
v -5.805 -46.097 5.473
v -5.784 -46.097 5.458
v -5.754 -46.097 5.439
v -5.723 -46.097 5.419
v -5.079 -46.097 5.061
v -4.828 -46.097 5.862
v -4.682 -46.097 5.843
v -4.541 -46.097 5.877
v -4.410 -46.097 5.972
v -4.408 -46.097 5.974
v -3.535 -46.097 6.771
v -3.435 -46.097 6.394
v -4.786 -46.097 4.985
v -3.451 -46.097 6.030
v -4.474 -46.097 4.994
v -3.582 -46.097 5.687
v -4.153 -46.097 5.113
v -3.827 -46.097 5.372
v -3.831 -46.097 5.367
v -5.869 -46.097 7.565
v -5.101 -46.097 8.205
v -5.653 -46.097 8.333
v -5.539 -46.097 7.502
v -4.561 -46.097 7.932
v -5.215 -46.097 7.375
v -4.912 -46.097 7.194
v -4.073 -46.097 7.535
v -4.642 -46.097 6.965
v -4.408 -46.097 6.682
v -3.748 -46.097 7.154
v -4.289 -46.097 6.414
v -4.288 -46.097 6.174
v -5.101 -45.897 8.205
v -5.869 -45.897 7.565
v -5.653 -45.897 8.333
v -5.539 -45.897 7.502
v -4.561 -45.897 7.932
v -5.215 -45.897 7.375
v -4.912 -45.897 7.194
v -4.073 -45.897 7.535
v -4.642 -45.897 6.965
v -3.748 -45.897 7.154
v -4.408 -45.897 6.682
v -4.289 -45.897 6.414
v -3.535 -45.897 6.771
v -4.288 -45.897 6.174
v -4.408 -45.897 5.974
v -4.410 -45.897 5.972
v -7.024 -45.897 6.589
v -7.369 -45.897 6.317
v -7.367 -45.897 6.320
v -7.619 -45.897 5.999
v -7.756 -45.897 5.656
v -6.687 -45.897 6.708
v -7.780 -45.897 5.297
v -6.366 -45.897 6.706
v -7.690 -45.897 4.927
v -6.070 -45.897 6.616
v -6.832 -45.897 5.672
v -6.690 -45.897 5.775
v -5.419 -45.897 6.215
v -6.537 -45.897 5.810
v -6.381 -45.897 5.791
v -6.228 -45.897 5.732
v -5.825 -45.897 5.487
v -5.364 -45.897 6.174
v -5.350 -45.897 6.164
v -5.336 -45.897 6.154
v -4.977 -45.897 5.922
v -5.805 -45.897 5.473
v -5.784 -45.897 5.458
v -5.754 -45.897 5.439
v -5.723 -45.897 5.419
v -5.079 -45.897 5.061
v -4.828 -45.897 5.862
v -4.682 -45.897 5.843
v -4.541 -45.897 5.877
v -3.435 -45.897 6.394
v -4.786 -45.897 4.985
v -3.451 -45.897 6.030
v -4.474 -45.897 4.994
v -3.582 -45.897 5.687
v -4.153 -45.897 5.113
v -3.827 -45.897 5.372
v -3.831 -45.897 5.367
v -6.942 -45.897 5.487
v -7.487 -45.897 4.553
v -6.834 -45.897 5.669
v -6.937 -45.897 5.266
v -6.824 -45.897 5.017
v -7.173 -45.897 4.182
v -6.604 -45.897 4.752
v -6.400 -45.897 4.582
v -6.787 -45.897 3.874
v -6.153 -45.897 4.440
v -6.328 -45.897 3.641
v -5.874 -45.897 4.329
v -5.575 -45.897 4.254
v -5.827 -45.897 3.497
f 1 2 3
f 2 1 4
f 2 4 5
f 5 4 6
f 6 4 7
f 7 4 8
f 7 8 9
f 9 8 10
f 10 8 11
f 10 11 12
f 12 11 13
f 12 13 14
f 14 13 15
f 14 15 16
f 16 15 17
f 16 17 18
f 18 17 19
f 19 17 20
f 19 20 21
f 21 20 22
f 21 22 23
f 23 22 24
f 23 24 25
f 25 24 26
f 5 27 28
f 27 5 6
f 28 27 29
f 28 29 30
f 28 30 31
f 31 30 32
f 31 32 33
f 33 32 34
f 33 34 35
f 35 34 36
f 35 36 37
f 35 37 38
f 38 37 39
f 38 39 40
f 40 39 41
f 40 41 42
f 42 41 43
f 42 43 44
f 44 43 45
f 44 45 26
f 44 26 24
f 44 24 46
f 44 46 47
f 47 46 48
f 49 50 51
f 50 49 52
f 50 52 53
f 53 52 54
f 54 52 55
f 55 52 56
f 55 56 57
f 57 56 58
f 57 58 59
f 59 58 60
f 60 58 61
f 60 61 62
f 62 61 63
f 62 63 64
f 64 63 65
f 64 65 66
f 66 65 67
f 67 65 68
f 67 68 69
f 69 68 70
f 69 70 71
f 71 70 72
f 72 70 73
f 72 73 74
f 53 75 76
f 75 53 54
f 76 75 77
f 76 77 78
f 78 77 79
f 78 79 80
f 78 80 81
f 81 80 82
f 81 82 83
f 83 82 84
f 83 84 85
f 83 85 86
f 86 85 87
f 86 87 88
f 88 87 89
f 88 89 90
f 90 89 91
f 90 91 92
f 90 92 93
f 93 92 74
f 93 74 73
f 93 73 94
f 93 94 95
f 95 94 96
f 97 48 98
f 48 97 47
f 99 47 97
f 47 99 44
f 100 44 99
f 44 100 42
f 40 100 101
f 100 40 42
f 38 101 102
f 101 38 40
f 35 102 103
f 102 35 38
f 33 103 104
f 103 33 35
f 31 104 105
f 104 31 33
f 28 105 106
f 105 28 31
f 28 107 5
f 107 28 106
f 5 108 2
f 108 5 107
f 2 109 3
f 109 2 108
f 3 110 1
f 110 3 109
f 1 111 4
f 111 1 110
f 4 112 8
f 112 4 111
f 11 112 113
f 112 11 8
f 13 113 114
f 113 13 11
f 15 114 115
f 114 15 13
f 17 115 116
f 115 17 15
f 20 116 117
f 116 20 17
f 22 117 118
f 117 22 20
f 119 22 118
f 22 119 24
f 120 24 119
f 24 120 46
f 98 46 120
f 46 98 48
f 121 51 122
f 51 121 49
f 123 49 121
f 49 123 52
f 124 52 123
f 52 124 56
f 56 125 58
f 125 56 124
f 58 126 61
f 126 58 125
f 61 127 63
f 127 61 126
f 63 128 65
f 128 63 127
f 65 129 68
f 129 65 128
f 68 130 70
f 130 68 129
f 70 131 73
f 131 70 130
f 73 132 94
f 132 73 131
f 94 133 96
f 133 94 132
f 96 134 95
f 134 96 133
f 95 135 93
f 135 95 134
f 93 136 90
f 136 93 135
f 136 88 90
f 88 136 137
f 137 86 88
f 86 137 138
f 138 83 86
f 83 138 139
f 139 81 83
f 81 139 140
f 140 78 81
f 78 140 141
f 141 76 78
f 76 141 142
f 143 76 142
f 76 143 53
f 144 53 143
f 53 144 50
f 122 50 144
f 50 122 51
f 16 145 146
f 145 16 18
f 18 147 145
f 147 18 19
f 19 148 147
f 148 19 21
f 23 148 21
f 148 23 149
f 25 149 23
f 149 25 150
f 26 150 25
f 150 26 151
f 151 26 152
f 45 152 26
f 152 45 151
f 151 45 153
f 43 153 45
f 153 43 154
f 41 154 43
f 154 41 155
f 41 156 155
f 156 41 39
f 39 157 156
f 157 39 37
f 37 158 157
f 158 37 36
f 159 160 158
f 160 159 34
f 34 159 36
f 34 161 160
f 161 34 32
f 32 162 161
f 162 32 30
f 162 29 163
f 29 162 30
f 163 27 164
f 27 163 29
f 164 165 166
f 165 164 6
f 6 164 27
f 166 7 167
f 7 166 6
f 6 166 165
f 167 9 168
f 9 167 7
f 168 10 169
f 10 168 9
f 10 170 169
f 170 10 12
f 12 171 170
f 171 12 14
f 14 146 171
f 146 14 172
f 172 14 16
f 85 173 87
f 173 85 174
f 84 174 85
f 174 84 175
f 82 175 84
f 175 82 176
f 80 176 82
f 176 80 177
f 79 177 80
f 177 79 178
f 77 178 79
f 178 77 179
f 75 179 77
f 179 75 180
f 54 180 75
f 180 54 181
f 55 181 54
f 181 55 182
f 57 182 55
f 182 57 183
f 59 183 57
f 183 59 184
f 185 59 60
f 59 185 184
f 186 60 62
f 60 186 185
f 187 62 64
f 62 187 186
f 188 64 66
f 64 188 187
f 189 66 67
f 66 189 188
f 190 67 69
f 67 190 189
f 190 71 191
f 71 190 69
f 191 72 192
f 72 191 71
f 193 74 194
f 74 193 72
f 72 193 192
f 195 92 196
f 92 195 74
f 74 195 194
f 196 91 197
f 91 196 92
f 197 89 198
f 89 197 91
f 87 198 89
f 198 87 173
f 199 200 201
f 200 199 202
f 200 202 203
f 203 202 109
f 109 202 110
f 110 202 204
f 110 204 111
f 111 204 112
f 112 204 205
f 112 205 113
f 113 205 206
f 113 206 114
f 114 206 207
f 114 207 115
f 115 207 208
f 115 208 116
f 116 208 117
f 117 208 209
f 117 209 118
f 118 209 210
f 118 210 119
f 119 210 211
f 119 211 120
f 120 211 98
f 203 108 212
f 108 203 109
f 212 108 107
f 212 107 106
f 212 106 213
f 213 106 105
f 213 105 214
f 214 105 104
f 214 104 215
f 215 104 103
f 215 103 102
f 215 102 216
f 216 102 101
f 216 101 217
f 217 101 100
f 217 100 218
f 218 100 99
f 218 99 219
f 219 99 97
f 219 97 98
f 219 98 211
f 219 211 220
f 219 220 221
f 221 220 222
f 223 211 224
f 211 223 220
f 224 210 225
f 210 224 211
f 210 226 225
f 226 210 209
f 209 227 226
f 227 209 208
f 208 228 227
f 228 208 207
f 207 229 228
f 229 207 206
f 206 230 229
f 230 206 205
f 205 231 230
f 231 205 204
f 202 231 204
f 231 202 232
f 199 232 202
f 232 199 233
f 201 233 199
f 233 201 234
f 200 234 201
f 234 200 235
f 203 235 200
f 235 203 236
f 212 236 203
f 236 212 237
f 212 238 237
f 238 212 213
f 213 239 238
f 239 213 214
f 214 240 239
f 240 214 215
f 215 241 240
f 241 215 216
f 216 242 241
f 242 216 217
f 217 243 242
f 243 217 218
f 243 219 244
f 219 243 218
f 244 221 245
f 221 244 219
f 245 222 246
f 222 245 221
f 246 220 223
f 220 246 222
f 247 248 249
f 248 247 250
f 248 250 251
f 251 250 122
f 122 250 121
f 121 250 252
f 121 252 123
f 123 252 124
f 124 252 253
f 124 253 125
f 125 253 254
f 125 254 126
f 126 254 255
f 126 255 127
f 127 255 256
f 127 256 128
f 128 256 129
f 129 256 257
f 129 257 130
f 130 257 258
f 130 258 131
f 131 258 259
f 131 259 132
f 132 259 133
f 251 144 260
f 144 251 122
f 260 144 143
f 260 143 142
f 260 142 261
f 261 142 141
f 261 141 262
f 262 141 140
f 262 140 263
f 263 140 139
f 263 139 138
f 263 138 264
f 264 138 137
f 264 137 265
f 265 137 136
f 265 136 266
f 266 136 135
f 266 135 267
f 267 135 134
f 267 134 133
f 267 133 259
f 267 259 268
f 267 268 269
f 269 268 270
f 271 272 273
f 272 271 274
f 272 274 275
f 275 274 276
f 275 276 277
f 277 276 181
f 181 276 180
f 180 276 278
f 180 278 179
f 179 278 178
f 178 278 279
f 178 279 177
f 177 279 176
f 176 279 280
f 176 280 175
f 175 280 281
f 175 281 174
f 174 281 173
f 173 281 282
f 173 282 198
f 198 282 197
f 197 282 283
f 197 283 196
f 196 283 195
f 195 283 194
f 277 182 284
f 182 277 181
f 284 182 183
f 284 183 184
f 284 184 285
f 285 184 185
f 285 185 186
f 285 186 286
f 286 186 187
f 286 187 188
f 286 188 287
f 287 188 189
f 287 189 288
f 288 189 190
f 288 190 191
f 288 191 289
f 289 191 192
f 289 192 193
f 289 193 194
f 289 194 283
f 289 283 290
f 289 290 291
f 291 290 292
f 291 292 293
f 293 292 294
f 259 293 268
f 293 259 291
f 258 291 259
f 291 258 289
f 288 258 257
f 258 288 289
f 287 257 256
f 257 287 288
f 286 256 255
f 256 286 287
f 285 255 254
f 255 285 286
f 284 254 253
f 254 284 285
f 277 253 252
f 253 277 284
f 277 250 275
f 250 277 252
f 275 247 272
f 247 275 250
f 272 249 273
f 249 272 247
f 273 248 271
f 248 273 249
f 271 251 274
f 251 271 248
f 274 260 276
f 260 274 251
f 278 260 261
f 260 278 276
f 279 261 262
f 261 279 278
f 280 262 263
f 262 280 279
f 281 263 264
f 263 281 280
f 282 264 265
f 264 282 281
f 283 265 266
f 265 283 282
f 267 283 266
f 283 267 290
f 269 290 267
f 290 269 292
f 270 292 269
f 292 270 294
f 268 294 270
f 294 268 293
f 235 233 234
f 233 235 236
f 233 236 232
f 232 236 237
f 232 237 231
f 231 237 295
f 295 237 238
f 295 238 159
f 159 238 239
f 159 239 240
f 159 240 241
f 159 241 296
f 296 241 242
f 296 242 243
f 296 243 152
f 152 243 297
f 231 298 230
f 298 231 295
f 298 295 165
f 230 298 297
f 230 297 229
f 229 297 228
f 228 297 227
f 227 297 226
f 226 297 225
f 225 297 243
f 225 243 244
f 225 244 224
f 224 244 245
f 224 245 223
f 223 245 246
f 299 181 300
f 181 299 182
f 182 299 183
f 183 299 184
f 184 299 185
f 185 299 186
f 186 299 187
f 187 299 301
f 187 301 188
f 188 301 189
f 189 301 190
f 190 301 191
f 191 301 192
f 192 301 193
f 300 175 302
f 175 300 176
f 176 300 177
f 177 300 178
f 178 300 179
f 179 300 180
f 180 300 181
f 302 175 174
f 302 174 173
f 302 173 198
f 302 198 197
f 302 197 196
f 302 196 195
f 182 180 181
f 180 182 183
f 180 183 179
f 179 183 184
f 179 184 178
f 178 184 185
f 178 185 177
f 177 185 186
f 177 186 176
f 176 186 187
f 176 187 175
f 175 187 188
f 175 188 174
f 174 188 189
f 174 189 173
f 173 189 190
f 173 190 198
f 198 190 191
f 198 191 197
f 197 191 192
f 197 192 196
f 196 192 193
f 196 193 195
f 303 304 305
f 304 303 306
f 304 306 307
f 307 306 308
f 307 308 309
f 309 308 310
f 310 308 311
f 311 308 312
f 311 312 313
f 313 312 314
f 314 312 315
f 314 315 316
f 316 315 317
f 316 317 318
f 318 317 319
f 318 319 320
f 320 319 321
f 321 319 322
f 321 322 323
f 323 322 324
f 323 324 325
f 325 324 326
f 326 324 327
f 326 327 328
f 309 329 307
f 329 309 330
f 329 330 331
f 329 331 332
f 332 331 333
f 332 333 334
f 332 334 335
f 335 334 336
f 335 336 337
f 337 336 338
f 337 338 339
f 337 339 340
f 340 339 341
f 340 341 342
f 342 341 343
f 342 343 344
f 344 343 345
f 344 345 346
f 344 346 347
f 347 346 328
f 347 328 327
f 347 327 348
f 347 348 349
f 349 348 350
f 351 311 352
f 311 351 310
f 328 353 326
f 353 328 354
f 354 328 355
f 354 355 356
f 341 357 358
f 357 341 339
f 352 313 359
f 313 352 311
f 343 358 360
f 358 343 341
f 314 361 362
f 361 314 316
f 363 330 364
f 330 363 331
f 339 365 357
f 365 339 338
f 366 310 351
f 310 366 309
f 309 366 367
f 309 367 368
f 336 369 370
f 369 336 334
f 325 371 323
f 371 325 372
f 364 367 366
f 367 364 368
f 368 364 309
f 309 364 330
f 334 373 369
f 373 334 333
f 346 355 328
f 355 346 356
f 356 346 354
f 354 346 374
f 338 370 365
f 370 338 336
f 320 375 376
f 375 320 321
f 318 376 377
f 376 318 320
f 316 377 361
f 377 316 318
f 343 378 345
f 378 343 360
f 373 331 363
f 331 373 333
f 313 362 359
f 362 313 314
f 345 374 346
f 374 345 378
f 332 379 380
f 379 332 335
f 329 380 381
f 380 329 332
f 307 382 304
f 382 307 383
f 304 384 305
f 384 304 385
f 385 304 386
f 386 304 382
f 329 383 307
f 383 329 381
f 305 387 303
f 387 305 386
f 386 305 384
f 386 384 385
f 324 388 389
f 388 324 322
f 390 347 391
f 347 390 344
f 392 327 393
f 327 392 348
f 319 394 395
f 394 319 317
f 337 396 397
f 396 337 340
f 393 324 389
f 324 393 327
f 322 395 388
f 395 322 319
f 340 398 396
f 398 340 342
f 391 349 399
f 349 391 347
f 342 390 398
f 390 342 344
f 400 348 392
f 348 400 350
f 350 400 401
f 350 401 402
f 317 403 394
f 403 317 315
f 335 397 379
f 397 335 337
f 315 404 403
f 404 315 312
f 312 405 404
f 405 312 308
f 399 401 400
f 401 399 402
f 402 399 350
f 350 399 349
f 306 405 308
f 405 306 406
f 303 406 306
f 406 303 387
f 326 372 325
f 372 326 353
f 321 371 375
f 371 321 323
f 387 382 386
f 382 387 406
f 382 406 383
f 383 406 405
f 383 405 366
f 366 405 351
f 351 405 352
f 352 405 404
f 352 404 359
f 359 404 362
f 362 404 403
f 362 403 361
f 361 403 394
f 361 394 377
f 377 394 395
f 377 395 376
f 376 395 375
f 375 395 388
f 375 388 371
f 371 388 389
f 371 389 372
f 372 389 353
f 353 389 393
f 353 393 354
f 366 381 383
f 381 366 364
f 381 364 363
f 381 363 380
f 380 363 373
f 380 373 369
f 380 369 379
f 379 369 370
f 379 370 397
f 397 370 365
f 397 365 357
f 397 357 396
f 396 357 358
f 396 358 398
f 398 358 360
f 398 360 390
f 390 360 378
f 390 378 374
f 390 374 391
f 391 374 354
f 391 354 393
f 391 393 392
f 391 392 399
f 399 392 400
f 195 297 302
f 297 195 152
f 152 195 193
f 152 193 296
f 296 193 301
f 407 300 408
f 300 407 409
f 300 409 410
f 300 410 411
f 300 411 412
f 300 412 413
f 300 413 414
f 300 414 298
f 298 414 415
f 298 415 416
f 416 415 417
f 416 417 418
f 416 418 419
f 416 419 420
f 420 419 421
f 420 421 422
f 420 422 423
f 423 422 424
f 424 422 385
f 424 385 425
f 425 385 426
f 426 385 367
f 426 367 427
f 298 416 428
f 298 428 429
f 298 429 430
f 298 430 431
f 298 431 432
f 298 432 433
f 298 433 356
f 298 356 401
f 298 401 146
f 298 146 172
f 165 300 298
f 300 165 299
f 299 165 295
f 434 415 414
f 415 434 435
f 435 417 415
f 417 435 436
f 436 418 417
f 418 436 437
f 438 418 437
f 418 438 419
f 439 419 438
f 419 439 421
f 440 421 439
f 421 440 422
f 441 422 440
f 422 441 442
f 443 442 441
f 442 443 444
f 445 444 443
f 444 445 446
f 445 447 446
f 447 445 448
f 448 449 447
f 449 448 450
f 450 451 449
f 451 450 452
f 452 453 451
f 453 452 454
f 454 455 453
f 455 454 456
f 456 457 455
f 457 456 458
f 457 459 460
f 459 457 458
f 460 461 462
f 461 460 459
f 462 463 407
f 463 462 461
f 407 464 409
f 464 407 463
f 409 465 410
f 465 409 464
f 410 466 411
f 466 410 465
f 466 412 411
f 412 466 467
f 467 413 412
f 413 467 468
f 468 414 413
f 414 468 434
f 427 469 426
f 469 427 470
f 426 471 425
f 471 426 469
f 425 472 424
f 472 425 471
f 472 423 424
f 423 472 473
f 473 420 423
f 420 473 474
f 474 416 420
f 416 474 475
f 475 428 416
f 428 475 476
f 476 429 428
f 429 476 477
f 477 430 429
f 430 477 478
f 479 430 478
f 430 479 431
f 480 431 479
f 431 480 432
f 481 432 480
f 432 481 433
f 482 433 481
f 433 482 483
f 484 483 482
f 483 484 485
f 486 485 484
f 485 486 487
f 486 488 487
f 488 486 489
f 489 490 488
f 490 489 491
f 491 492 490
f 492 491 493
f 493 494 492
f 494 493 495
f 495 496 494
f 496 495 497
f 497 498 496
f 498 497 499
f 498 500 501
f 500 498 499
f 501 502 503
f 502 501 500
f 503 470 427
f 470 503 502
f 302 453 408
f 453 302 451
f 451 302 297
f 408 453 455
f 408 455 457
f 408 457 460
f 408 460 462
f 408 462 407
f 451 297 449
f 449 297 492
f 449 492 447
f 447 492 446
f 446 492 444
f 444 492 494
f 444 494 442
f 442 494 422
f 422 494 496
f 422 496 498
f 422 498 385
f 385 498 501
f 385 501 503
f 385 503 367
f 367 503 427
f 492 297 490
f 490 297 488
f 488 297 487
f 487 297 485
f 485 297 483
f 483 297 433
f 433 297 356
f 356 297 172
f 299 467 301
f 467 299 468
f 468 299 434
f 434 299 295
f 301 467 466
f 301 466 465
f 301 465 464
f 301 464 463
f 434 295 435
f 435 295 475
f 435 475 436
f 436 475 437
f 437 475 438
f 438 475 474
f 438 474 439
f 439 474 440
f 440 474 473
f 440 473 472
f 440 472 471
f 440 471 469
f 440 469 470
f 475 295 476
f 476 295 477
f 477 295 478
f 478 295 479
f 479 295 480
f 480 295 481
f 481 295 355
f 355 295 402
f 402 295 158
f 158 295 159
f 301 452 296
f 452 301 454
f 454 301 456
f 456 301 458
f 458 301 459
f 459 301 461
f 461 301 463
f 296 452 450
f 296 450 493
f 493 450 448
f 493 448 445
f 493 445 443
f 493 443 495
f 495 443 441
f 495 441 440
f 495 440 497
f 497 440 499
f 499 440 500
f 500 440 502
f 502 440 470
f 296 493 491
f 296 491 489
f 296 489 486
f 296 486 484
f 296 484 482
f 296 482 481
f 296 481 355
f 296 355 402
f 296 402 158
f 296 158 159
f 504 505 506
f 505 504 507
f 508 509 510
f 509 508 511
f 510 512 513
f 512 510 509
f 513 514 515
f 514 513 512
f 516 504 506
f 504 516 517
f 504 517 518
f 518 517 519
f 518 519 520
f 520 519 521
f 521 519 522
f 522 519 523
f 522 523 524
f 524 523 525
f 525 523 526
f 525 526 527
f 527 526 528
f 527 528 529
f 529 528 530
f 529 530 531
f 531 530 532
f 532 530 533
f 532 533 534
f 534 533 535
f 534 535 536
f 536 535 537
f 537 535 514
f 537 514 538
f 520 539 518
f 539 520 540
f 539 540 541
f 539 541 542
f 542 541 543
f 542 543 544
f 542 544 545
f 545 544 546
f 545 546 547
f 547 546 548
f 547 548 549
f 547 549 550
f 550 549 551
f 550 551 552
f 552 551 553
f 552 553 554
f 554 553 555
f 554 555 556
f 554 556 557
f 557 556 538
f 557 538 514
f 557 514 512
f 557 512 511
f 511 512 509
f 526 558 559
f 558 526 523
f 517 560 519
f 560 517 561
f 516 561 517
f 561 516 562
f 539 563 518
f 563 539 564
f 506 562 516
f 562 506 505
f 523 560 558
f 560 523 519
f 518 507 504
f 507 518 563
f 539 565 564
f 565 539 542
f 542 566 565
f 566 542 545
f 545 567 566
f 567 545 547
f 547 568 567
f 568 547 550
f 552 569 570
f 569 552 554
f 569 557 571
f 557 569 554
f 528 559 572
f 559 528 526
f 550 570 568
f 570 550 552
f 571 511 508
f 511 571 557
f 549 573 574
f 573 549 548
f 527 575 576
f 575 527 529
f 556 577 538
f 577 556 578
f 579 521 580
f 521 579 520
f 535 581 582
f 581 535 533
f 530 572 583
f 572 530 528
f 515 535 582
f 535 515 514
f 533 583 581
f 583 533 530
f 536 584 534
f 584 536 585
f 548 586 573
f 586 548 546
f 587 520 579
f 520 587 540
f 588 524 589
f 524 588 522
f 525 576 590
f 576 525 527
f 524 590 589
f 590 524 525
f 591 541 592
f 541 591 543
f 551 574 593
f 574 551 549
f 532 584 594
f 584 532 534
f 546 595 586
f 595 546 544
f 544 591 595
f 591 544 543
f 529 596 575
f 596 529 531
f 531 594 596
f 594 531 532
f 538 597 537
f 597 538 577
f 592 540 587
f 540 592 541
f 555 578 556
f 578 555 598
f 553 593 599
f 593 553 551
f 580 522 588
f 522 580 521
f 537 585 536
f 585 537 597
f 553 598 555
f 598 553 599
f 562 507 505
f 507 562 561
f 507 561 563
f 563 561 560
f 563 560 579
f 579 560 580
f 580 560 588
f 588 560 558
f 588 558 589
f 589 558 590
f 590 558 559
f 590 559 576
f 576 559 572
f 576 572 575
f 575 572 583
f 575 583 596
f 596 583 594
f 594 583 581
f 594 581 584
f 584 581 582
f 584 582 585
f 585 582 597
f 597 582 515
f 597 515 577
f 579 564 563
f 564 579 587
f 564 587 592
f 564 592 565
f 565 592 591
f 565 591 595
f 565 595 566
f 566 595 586
f 566 586 567
f 567 586 573
f 567 573 574
f 567 574 568
f 568 574 593
f 568 593 570
f 570 593 599
f 570 599 569
f 569 599 598
f 569 598 578
f 569 578 571
f 571 578 577
f 571 577 515
f 571 515 513
f 571 513 508
f 508 513 510
f 600 601 602
f 601 600 603
f 604 605 606
f 605 604 607
f 608 609 610
f 609 608 611
f 612 603 600
f 603 612 613
f 606 614 615
f 614 606 605
f 606 602 604
f 602 606 615
f 602 615 600
f 600 615 616
f 616 615 617
f 617 615 618
f 618 615 619
f 619 615 620
f 600 616 621
f 600 621 622
f 600 623 624
f 623 600 625
f 625 600 626
f 626 600 627
f 627 600 628
f 628 600 622
f 602 607 604
f 607 602 601
f 629 630 631
f 630 629 632
f 612 633 613
f 633 612 634
f 635 631 636
f 631 635 629
f 637 638 639
f 638 637 640
f 641 642 643
f 642 641 644
f 645 646 647
f 646 645 648
f 649 650 651
f 650 649 652
f 652 653 650
f 653 652 624
f 654 655 656
f 655 654 657
f 658 639 659
f 639 658 637
f 623 660 661
f 660 623 625
f 625 662 660
f 662 625 626
f 640 663 638
f 663 640 664
f 665 612 600
f 612 665 634
f 634 665 658
f 658 665 637
f 637 665 640
f 640 665 664
f 664 665 666
f 662 627 667
f 627 662 626
f 624 661 653
f 661 624 623
f 632 668 615
f 668 632 629
f 668 629 635
f 668 635 611
f 668 611 608
f 668 608 669
f 668 669 670
f 615 630 632
f 630 615 614
f 671 665 672
f 665 671 666
f 670 673 674
f 673 670 669
f 675 670 674
f 670 675 668
f 656 676 677
f 676 656 655
f 677 668 675
f 668 677 676
f 643 678 679
f 678 643 642
f 680 644 641
f 644 680 681
f 647 681 680
f 681 647 646
f 682 683 684
f 683 682 685
f 683 685 667
f 667 685 686
f 667 686 662
f 662 686 687
f 662 687 660
f 660 687 688
f 660 688 661
f 661 688 689
f 661 689 653
f 653 689 690
f 653 690 650
f 650 690 691
f 650 691 651
f 651 691 692
f 651 692 648
f 648 692 678
f 648 678 646
f 646 678 642
f 646 642 681
f 681 642 644
f 668 693 620
f 693 668 694
f 694 668 695
f 695 668 679
f 679 668 643
f 643 668 641
f 652 665 624
f 665 652 649
f 665 649 645
f 665 645 647
f 665 647 680
f 665 680 641
f 665 641 668
f 665 668 676
f 665 676 657
f 657 676 655
f 672 657 654
f 657 672 665
f 634 659 633
f 659 634 658
f 664 671 663
f 671 664 666
f 611 636 609
f 636 611 635
f 669 610 673
f 610 669 608
f 645 651 648
f 651 645 649
f 679 692 695
f 692 679 678
f 617 687 686
f 687 617 618
f 682 616 685
f 616 682 621
f 620 690 689
f 690 620 693
f 683 622 684
f 622 683 628
f 618 688 687
f 688 618 619
f 684 621 682
f 621 684 622
f 693 691 690
f 691 693 694
f 667 628 683
f 628 667 627
f 619 689 688
f 689 619 620
f 685 617 686
f 617 685 616
f 694 692 691
f 692 694 695
f 696 697 698
f 697 696 699
f 700 701 702
f 701 700 703
f 704 705 706
f 705 704 707
f 708 709 710
f 709 708 711
f 711 712 709
f 712 711 713
f 714 715 716
f 715 714 717
f 717 718 715
f 718 717 719
f 698 720 721
f 720 698 697
f 722 723 724
f 723 722 725
f 726 699 696
f 699 726 727
f 728 729 730
f 729 728 731
f 719 732 718
f 732 719 733
f 734 735 736
f 731 728 737
f 738 699 727
f 699 738 697
f 697 738 720
f 720 738 725
f 725 738 723
f 723 738 707
f 739 740 741
f 740 739 742
f 742 739 743
f 743 739 744
f 744 739 745
f 745 739 714
f 714 739 717
f 717 739 737
f 737 739 746
f 717 737 719
f 719 737 733
f 733 737 747
f 747 737 748
f 748 737 728
f 737 746 749
f 749 746 750
f 750 746 751
f 750 751 752
f 752 751 753
f 752 753 754
f 754 753 755
f 754 755 756
f 756 755 757
f 756 757 738
f 738 757 758
f 738 758 759
f 760 761 762
f 761 760 763
f 762 761 764
f 762 764 765
f 765 764 766
f 765 766 767
f 767 766 768
f 767 768 769
f 769 768 770
f 769 770 771
f 771 770 772
f 771 772 773
f 773 772 735
f 773 735 734
f 773 734 703
f 773 703 700
f 773 700 774
f 773 774 775
f 773 775 776
f 773 776 777
f 773 777 778
f 777 776 779
f 777 779 780
f 777 780 781
f 777 781 713
f 777 713 711
f 777 711 708
f 778 777 782
f 778 782 783
f 778 783 784
f 784 783 785
f 784 785 786
f 786 785 787
f 786 787 788
f 788 787 789
f 788 789 790
f 790 789 759
f 790 759 758
f 791 759 792
f 759 791 793
f 759 793 794
f 759 794 795
f 759 795 705
f 759 705 707
f 759 707 738
f 796 761 763
f 761 796 797
f 761 797 798
f 761 798 799
f 761 799 800
f 761 800 801
f 761 801 802
f 761 803 804
f 803 761 805
f 805 761 806
f 806 761 807
f 807 761 808
f 808 761 802
f 781 809 810
f 809 781 780
f 811 793 812
f 793 811 794
f 812 791 813
f 791 812 793
f 744 814 815
f 814 744 745
f 742 816 817
f 816 742 743
f 706 795 818
f 795 706 705
f 703 819 701
f 819 703 734
f 813 792 820
f 792 813 791
f 734 821 819
f 821 734 736
f 807 822 806
f 822 807 823
f 798 824 799
f 824 798 825
f 826 728 730
f 728 826 748
f 818 794 811
f 794 818 795
f 780 827 809
f 827 780 779
f 797 825 798
f 825 797 828
f 724 707 704
f 707 724 723
f 713 810 712
f 810 713 781
f 743 815 816
f 815 743 744
f 800 829 801
f 829 800 830
f 779 831 827
f 831 779 776
f 776 832 831
f 832 776 775
f 774 702 833
f 702 774 700
f 803 834 804
f 834 803 835
f 836 837 838
f 837 836 839
f 839 836 840
f 840 836 841
f 840 841 842
f 842 841 843
f 842 843 844
f 844 843 845
f 844 845 846
f 846 845 847
f 846 847 848
f 848 847 849
f 848 849 850
f 850 849 851
f 850 851 852
f 852 851 853
f 853 851 854
f 853 854 855
f 855 854 856
f 855 856 857
f 857 856 858
f 857 858 859
f 859 858 860
f 859 860 861
f 837 862 863
f 862 837 839
f 863 862 864
f 863 864 865
f 865 864 866
f 865 866 867
f 867 866 868
f 867 868 869
f 869 868 870
f 869 870 871
f 871 870 872
f 871 872 873
f 871 873 874
f 874 873 875
f 874 875 876
f 876 875 877
f 876 877 878
f 878 877 879
f 878 879 880
f 880 879 881
f 880 881 882
f 882 881 861
f 882 861 860
f 882 860 883
f 747 826 884
f 826 747 748
f 805 835 803
f 835 805 885
f 806 885 805
f 885 806 822
f 740 817 886
f 817 740 742
f 808 823 807
f 823 808 887
f 888 889 890
f 889 888 891
f 889 891 892
f 892 891 893
f 893 891 886
f 893 886 894
f 894 886 817
f 894 817 895
f 895 817 816
f 895 816 815
f 895 815 814
f 895 814 896
f 896 814 716
f 896 716 715
f 896 715 897
f 897 715 718
f 897 718 732
f 897 732 884
f 897 884 898
f 898 884 826
f 898 826 730
f 898 730 729
f 898 729 899
f 899 729 900
f 899 900 901
f 901 900 902
f 901 902 903
f 903 902 904
f 829 887 905
f 887 829 823
f 823 829 830
f 823 830 822
f 822 830 824
f 822 824 885
f 885 824 825
f 885 825 835
f 835 825 828
f 835 828 834
f 834 828 906
f 834 906 907
f 907 906 908
f 907 908 909
f 909 908 888
f 909 888 890
f 909 890 910
f 909 910 911
f 911 910 912
f 911 912 913
f 911 913 821
f 821 913 914
f 821 914 819
f 819 914 915
f 819 915 701
f 701 915 702
f 702 915 833
f 833 915 916
f 833 916 832
f 832 916 831
f 831 916 917
f 831 917 827
f 827 917 809
f 809 917 810
f 810 917 918
f 810 918 712
f 712 918 709
f 709 918 710
f 710 918 919
f 710 919 920
f 920 919 921
f 920 921 922
f 922 921 923
f 922 923 904
f 922 904 902
f 922 902 924
f 922 924 925
f 925 924 726
f 925 726 820
f 820 726 696
f 820 696 813
f 813 696 698
f 813 698 812
f 812 698 721
f 812 721 811
f 811 721 722
f 811 722 818
f 818 722 724
f 818 724 706
f 706 724 704
f 745 716 814
f 716 745 714
f 733 884 732
f 884 733 747
f 721 725 722
f 725 721 720
f 775 833 832
f 833 775 774
f 802 887 808
f 887 802 905
f 801 905 802
f 905 801 829
f 799 830 800
f 830 799 824
f 796 828 797
f 828 796 906
f 856 926 858
f 926 856 927
f 858 928 860
f 928 858 926
f 929 854 851
f 854 929 930
f 931 896 897
f 896 931 932
f 933 919 934
f 919 933 921
f 935 897 898
f 897 935 931
f 936 916 915
f 916 936 937
f 880 938 878
f 938 880 939
f 940 841 941
f 841 940 843
f 942 901 943
f 901 942 899
f 944 871 874
f 871 944 945
f 946 851 849
f 851 946 929
f 947 915 914
f 915 947 936
f 948 914 913
f 914 948 947
f 893 949 892
f 949 893 950
f 930 856 854
f 856 930 927
f 951 867 869
f 867 951 952
f 940 845 843
f 845 940 953
f 932 895 896
f 895 932 954
f 955 921 933
f 921 955 923
f 883 956 882
f 956 883 957
f 892 958 889
f 958 892 949
f 945 869 871
f 869 945 951
f 860 957 883
f 957 860 928
f 959 838 960
f 838 959 836
f 941 836 959
f 836 941 841
f 961 874 876
f 874 961 944
f 960 837 962
f 837 960 838
f 962 863 963
f 863 962 837
f 964 849 847
f 849 964 946
f 962 959 960
f 959 962 963
f 959 963 941
f 941 963 965
f 941 965 940
f 940 965 952
f 940 952 953
f 953 952 951
f 953 951 964
f 964 951 945
f 964 945 966
f 966 945 967
f 967 945 968
f 968 945 948
f 948 945 947
f 947 945 936
f 936 945 937
f 937 945 944
f 937 944 969
f 969 944 970
f 970 944 934
f 934 944 933
f 933 944 955
f 955 944 971
f 966 946 964
f 946 966 958
f 946 958 949
f 946 949 950
f 946 950 972
f 946 972 954
f 946 954 932
f 946 932 931
f 946 931 929
f 929 931 935
f 929 935 942
f 929 942 943
f 929 943 973
f 929 973 971
f 929 971 944
f 929 944 961
f 929 961 930
f 930 961 938
f 930 938 927
f 927 938 939
f 927 939 926
f 926 939 956
f 926 956 928
f 928 956 957
f 882 939 880
f 939 882 956
f 952 865 867
f 865 952 965
f 954 894 895
f 894 954 972
f 942 898 899
f 898 942 935
f 943 903 973
f 903 943 901
f 963 865 965
f 865 963 863
f 972 893 894
f 893 972 950
f 973 904 971
f 904 973 903
f 971 923 955
f 923 971 904
f 953 847 845
f 847 953 964
f 938 876 878
f 876 938 961
f 970 919 918
f 919 970 934
f 969 918 917
f 918 969 970
f 937 917 916
f 917 937 969
f 974 902 900
f 902 974 975
f 790 879 788
f 879 790 881
f 788 877 786
f 877 788 879
f 976 710 920
f 710 976 708
f 708 976 977
f 784 877 875
f 877 784 786
f 778 875 873
f 875 778 784
f 910 968 912
f 968 910 967
f 978 738 727
f 738 978 979
f 761 980 764
f 980 761 981
f 773 873 872
f 873 773 778
f 766 982 768
f 982 766 983
f 889 966 890
f 966 889 958
f 757 861 758
f 861 757 859
f 771 872 870
f 872 771 773
f 769 870 868
f 870 769 771
f 984 787 985
f 787 984 789
f 986 783 782
f 783 986 987
f 988 750 752
f 750 988 989
f 767 868 866
f 868 767 769
f 990 735 772
f 735 990 991
f 992 735 991
f 735 992 736
f 993 738 979
f 738 993 756
f 994 756 993
f 756 994 754
f 995 907 996
f 907 995 834
f 834 995 804
f 708 997 777
f 997 708 977
f 737 998 731
f 998 737 999
f 820 1000 925
f 1000 820 1001
f 1001 820 792
f 996 909 1002
f 909 996 907
f 902 1003 924
f 1003 902 975
f 988 754 994
f 754 988 752
f 995 761 804
f 761 995 981
f 1004 909 911
f 909 1004 1002
f 1005 1006 1007
f 1006 1005 1008
f 1006 1008 1009
f 1006 1009 1010
f 1006 1010 1011
f 1006 1011 1012
f 1006 1012 1013
f 1013 1012 1014
f 1014 1012 1015
f 1015 1012 1016
f 1015 886 891
f 886 1015 740
f 740 1015 1016
f 997 782 777
f 782 997 986
f 1017 789 984
f 789 1017 759
f 1018 772 770
f 772 1018 990
f 1014 908 1013
f 908 1014 888
f 1013 796 1006
f 796 1013 906
f 906 1013 908
f 842 1005 840
f 1005 842 1008
f 1017 792 759
f 792 1017 1001
f 985 785 1019
f 785 985 787
f 1020 737 749
f 737 1020 999
f 982 770 768
f 770 982 1018
f 731 900 729
f 900 731 974
f 974 731 998
f 764 983 766
f 983 764 980
f 1007 796 763
f 796 1007 1006
f 1020 998 999
f 998 1020 974
f 974 1020 975
f 975 1020 1003
f 1003 1020 978
f 978 1020 979
f 979 1020 989
f 979 989 988
f 979 988 994
f 979 994 993
f 925 1021 922
f 1021 925 1000
f 890 967 910
f 967 890 966
f 976 997 977
f 997 976 986
f 986 976 1021
f 986 1021 1000
f 986 1000 1001
f 986 1001 1017
f 986 1017 987
f 987 1017 1019
f 1019 1017 985
f 985 1017 984
f 1021 920 922
f 920 1021 976
f 987 785 783
f 785 987 1019
f 989 749 750
f 749 989 1020
f 995 980 981
f 980 995 983
f 983 995 982
f 982 995 1018
f 1018 995 990
f 990 995 991
f 991 995 996
f 991 996 1002
f 991 1002 1004
f 991 1004 992
f 924 727 726
f 727 924 978
f 978 924 1003
f 736 911 821
f 911 736 1004
f 1004 736 992
f 1014 891 888
f 891 1014 1015
f 1010 844 846
f 844 1010 1009
f 1011 846 848
f 846 1011 1010
f 912 948 913
f 948 912 968
f 844 1008 842
f 1008 844 1009
f 1012 740 1016
f 740 1012 741
f 758 881 790
f 881 758 861
f 753 853 855
f 853 753 751
f 739 848 850
f 848 739 741
f 848 741 1011
f 1011 741 1012
f 753 857 755
f 857 753 855
f 755 859 757
f 859 755 857
f 862 765 864
f 765 862 762
f 839 762 862
f 762 839 760
f 840 760 839
f 760 840 763
f 763 840 1007
f 1007 840 1005
f 746 850 852
f 850 746 739
f 864 767 866
f 767 864 765
f 751 852 853
f 852 751 746
f 1022 1023 1024
f 1023 1022 1025
f 1026 1027 1028
f 1027 1026 1029
f 1030 1031 1032
f 1031 1030 1033
f 1034 1035 1036
f 1035 1034 1037
f 1038 1039 1040
f 1039 1038 1041
f 1042 1043 1044
f 1043 1042 1045
f 1046 1029 1026
f 1029 1046 1047
f 1030 1048 1033
f 1048 1030 1049
f 1049 1030 1050
f 1051 1041 1038
f 1041 1051 1052
f 1053 1052 1051
f 1052 1053 1054
f 1053 1055 1054
f 1055 1053 1056
f 1056 1057 1055
f 1057 1056 1058
f 1059 1060 1061
f 1060 1059 1062
f 1058 1063 1057
f 1063 1058 1064
f 1064 1058 1065
f 1045 1063 1064
f 1063 1045 1043
f 1066 1067 1068
f 1067 1066 1069
f 1069 1070 1067
f 1070 1069 1071
f 1049 1036 1048
f 1036 1049 1034
f 1071 1072 1070
f 1072 1071 1073
f 1073 1074 1072
f 1074 1073 1075
f 1074 1076 1077
f 1076 1074 1075
f 1077 1078 1079
f 1078 1077 1076
f 1080 1061 1081
f 1061 1080 1059
f 1059 1080 1082
f 1079 1083 1084
f 1083 1079 1078
f 1065 1045 1064
f 1045 1065 1066
f 1084 1085 1086
f 1085 1084 1083
f 1040 1035 1037
f 1035 1040 1039
f 1087 1047 1046
f 1047 1087 1088
f 1043 1089 1044
f 1089 1043 1090
f 1090 1043 1091
f 1091 1043 1068
f 1092 1082 1093
f 1082 1092 1059
f 1059 1092 1062
f 1062 1092 1094
f 1062 1094 1095
f 1095 1094 1028
f 1028 1094 1096
f 1028 1096 1026
f 1026 1096 1097
f 1097 1096 1098
f 1098 1096 1099
f 1098 1099 1100
f 1100 1099 1101
f 1100 1101 1102
f 1102 1101 1103
f 1102 1103 1104
f 1104 1103 1105
f 1104 1105 1106
f 1107 1050 1108
f 1050 1107 1049
f 1049 1107 1109
f 1049 1109 1034
f 1034 1109 1037
f 1037 1109 1022
f 1037 1022 1040
f 1040 1022 1110
f 1110 1022 1024
f 1110 1024 1097
f 1097 1024 1087
f 1097 1087 1046
f 1097 1046 1026
f 1110 1038 1040
f 1038 1110 1111
f 1038 1111 1073
f 1073 1111 1075
f 1075 1111 1112
f 1075 1112 1113
f 1075 1113 1076
f 1076 1113 1114
f 1076 1114 1078
f 1078 1114 1085
f 1078 1085 1083
f 1058 1066 1065
f 1066 1058 1069
f 1069 1058 1056
f 1069 1056 1071
f 1071 1056 1053
f 1071 1053 1051
f 1071 1051 1073
f 1073 1051 1038
f 1062 1115 1060
f 1115 1062 1095
f 1107 1031 1116
f 1031 1107 1032
f 1032 1107 1108
f 1024 1088 1087
f 1088 1024 1023
f 1028 1115 1095
f 1115 1028 1027
f 1022 1117 1025
f 1117 1022 1109
f 1109 1116 1117
f 1116 1109 1107
f 1068 1063 1043
f 1063 1068 1057
f 1057 1068 1067
f 1057 1067 1055
f 1055 1067 1070
f 1055 1070 1054
f 1054 1070 1052
f 1052 1070 1072
f 1052 1072 1041
f 1041 1118 1039
f 1118 1041 1119
f 1119 1041 1072
f 1119 1072 1074
f 1119 1074 1120
f 1120 1074 1121
f 1121 1074 1077
f 1121 1077 1122
f 1122 1077 1079
f 1122 1079 1086
f 1086 1079 1084
f 1048 1031 1033
f 1031 1048 1116
f 1116 1048 1036
f 1116 1036 1117
f 1117 1036 1035
f 1117 1035 1025
f 1025 1035 1039
f 1025 1039 1118
f 1025 1118 1023
f 1023 1118 1123
f 1023 1123 1088
f 1088 1123 1047
f 1047 1123 1029
f 1081 1091 1090
f 1091 1081 1061
f 1091 1061 1124
f 1124 1061 1060
f 1124 1060 1125
f 1125 1060 1115
f 1125 1115 1027
f 1125 1027 1126
f 1126 1027 1029
f 1126 1029 1123
f 1126 1123 1127
f 1126 1127 1128
f 1128 1127 1129
f 1128 1129 1130
f 1130 1129 1131
f 1130 1131 1132
f 1132 1131 1133
f 1132 1133 1134
f 1134 1133 1135
f 1133 1106 1135
f 1106 1133 1104
f 1080 1032 1136
f 1032 1080 1108
f 1108 1080 1082
f 1050 1064 1030
f 1064 1050 1065
f 1136 1042 1137
f 1042 1136 1045
f 1045 1136 1032
f 1045 1032 1030
f 1045 1030 1064
f 1098 1129 1127
f 1129 1098 1100
f 1129 1102 1131
f 1102 1129 1100
f 1135 1105 1134
f 1105 1135 1106
f 1099 1126 1128
f 1126 1099 1096
f 1112 1119 1120
f 1119 1112 1111
f 1097 1127 1123
f 1127 1097 1098
f 1132 1101 1130
f 1101 1132 1103
f 1096 1125 1126
f 1125 1096 1094
f 1092 1091 1124
f 1091 1092 1093
f 1122 1113 1121
f 1113 1122 1114
f 1134 1103 1132
f 1103 1134 1105
f 1111 1118 1119
f 1118 1111 1110
f 1131 1104 1133
f 1104 1131 1102
f 1130 1099 1128
f 1099 1130 1101
f 1080 1090 1136
f 1090 1080 1081
f 1045 1068 1043
f 1068 1045 1066
f 1068 1093 1091
f 1093 1068 1082
f 1082 1068 1108
f 1108 1068 1050
f 1050 1068 1065
f 1065 1068 1066
f 1093 1090 1091
f 1090 1093 1136
f 1094 1124 1125
f 1124 1094 1092
f 1136 1089 1090
f 1089 1136 1137
f 1042 1089 1137
f 1089 1042 1044
f 1086 1114 1122
f 1114 1086 1085
f 1113 1120 1121
f 1120 1113 1112
f 1110 1123 1118
f 1123 1110 1097
f 1093 1080 1136
f 1080 1093 1082
f 1108 1030 1032
f 1030 1108 1050
f 1138 1139 1140
f 1139 1138 1141
f 1141 1138 1142
f 1141 1142 1143
f 1143 1142 1144
f 1143 1144 1145
f 1145 1144 1146
f 1146 1144 1147
f 1146 1147 1148
f 1148 1147 1149
f 1149 1147 1150
f 1149 1150 1151
f 1151 1150 1152
f 1151 1152 1153
f 1151 1153 1154
f 1154 1153 1155
f 1156 1157 1158
f 1157 1156 1159
f 1159 1156 1160
f 1159 1160 1161
f 1161 1160 1162
f 1161 1162 1146
f 1161 1146 1148
f 1163 1164 1165
f 1164 1163 1166
f 1140 1167 1168
f 1167 1140 1169
f 1169 1140 1138
f 1152 1170 1153
f 1170 1152 1171
f 1172 1140 1168
f 1140 1172 1173
f 1174 1164 1175
f 1164 1174 1165
f 1165 1174 1176
f 1177 1142 1138
f 1142 1177 1178
f 1154 1179 1151
f 1179 1154 1180
f 1173 1139 1181
f 1139 1173 1140
f 1182 1157 1159
f 1157 1182 1183
f 1183 1182 1174
f 1183 1174 1184
f 1150 1171 1152
f 1171 1150 1185
f 1186 1159 1161
f 1159 1186 1182
f 1187 1183 1172
f 1183 1187 1188
f 1183 1188 1184
f 1189 1181 1190
f 1181 1189 1191
f 1183 1173 1172
f 1173 1183 1190
f 1173 1190 1181
f 1190 1157 1183
f 1157 1190 1158
f 1192 1150 1147
f 1150 1192 1185
f 1172 1167 1187
f 1167 1172 1168
f 1193 1139 1141
f 1139 1193 1181
f 1181 1193 1191
f 1153 1194 1155
f 1194 1153 1170
f 1178 1144 1142
f 1144 1178 1195
f 1173 1138 1140
f 1138 1173 1177
f 1196 1148 1149
f 1148 1196 1197
f 1188 1167 1169
f 1167 1188 1187
f 1195 1147 1144
f 1147 1195 1192
f 1198 1164 1166
f 1164 1198 1175
f 1138 1188 1169
f 1188 1138 1184
f 1184 1138 1189
f 1189 1138 1191
f 1191 1138 1177
f 1174 1199 1176
f 1199 1174 1182
f 1199 1182 1186
f 1199 1186 1200
f 1191 1173 1181
f 1173 1191 1177
f 1163 1198 1166
f 1198 1163 1200
f 1200 1163 1199
f 1176 1163 1165
f 1163 1176 1199
f 1155 1180 1154
f 1180 1155 1194
f 1197 1161 1148
f 1161 1197 1186
f 1186 1197 1200
f 1175 1182 1174
f 1182 1175 1186
f 1186 1175 1200
f 1200 1175 1198
f 1151 1196 1149
f 1196 1151 1179
f 1184 1190 1183
f 1190 1184 1189
f 1174 1189 1184
f 1189 1174 1176
f 1176 1201 1189
f 1201 1176 1199
f 1201 1199 1202
f 1202 1199 1203
f 1203 1199 1200
f 1203 1200 1204
f 1204 1200 1197
f 1193 1177 1191
f 1177 1193 1178
f 1178 1193 1205
f 1178 1205 1195
f 1195 1205 1206
f 1195 1206 1204
f 1195 1204 1192
f 1192 1204 1197
f 1192 1197 1196
f 1192 1196 1185
f 1185 1196 1179
f 1185 1179 1171
f 1171 1179 1180
f 1171 1180 1170
f 1170 1180 1194
f 1190 1156 1158
f 1156 1190 1201
f 1201 1190 1189
f 1201 1160 1156
f 1160 1201 1202
f 1203 1160 1202
f 1160 1203 1162
f 1206 1146 1204
f 1146 1206 1145
f 1204 1162 1203
f 1162 1204 1146
f 1205 1141 1143
f 1141 1205 1193
f 1205 1145 1206
f 1145 1205 1143
f 1207 1208 1209
f 1208 1207 1210
f 1210 1207 1211
f 1212 1213 1214
f 1213 1212 1215
f 1216 1217 1218
f 1217 1216 1208
f 1208 1216 1219
f 1208 1219 1210
f 1212 1220 1215
f 1220 1212 1221
f 1222 1223 1224
f 1223 1222 1225
f 1226 1227 1228
f 1227 1226 1229
f 1230 1231 1232
f 1231 1230 1233
f 1231 1233 1224
f 1231 1224 1223
f 1231 1223 1228
f 1231 1228 1227
f 1225 1228 1223
f 1228 1225 1226
f 1232 1216 1218
f 1216 1232 1231
f 1219 1234 1210
f 1234 1219 1222
f 1222 1219 1225
f 1225 1219 1226
f 1226 1219 1229
f 1229 1219 1235
f 1236 1210 1211
f 1210 1236 1234
f 1227 1237 1238
f 1237 1227 1239
f 1239 1227 1229
f 1216 1227 1238
f 1227 1216 1231
f 1235 1239 1229
f 1239 1235 1240
f 1234 1208 1210
f 1208 1234 1233
f 1233 1217 1208
f 1217 1233 1230
f 1236 1222 1234
f 1222 1236 1241
f 1224 1207 1209
f 1207 1224 1241
f 1241 1224 1222
f 1224 1208 1233
f 1208 1224 1209
f 1240 1237 1239
f 1237 1240 1242
f 1228 1212 1214
f 1212 1228 1221
f 1221 1228 1226
f 1220 1213 1215
f 1213 1220 1223
f 1223 1220 1225
f 1225 1221 1226
f 1221 1225 1220
f 1231 1219 1216
f 1219 1231 1235
f 1240 1219 1242
f 1219 1240 1235
f 1207 1236 1211
f 1236 1207 1241
f 1228 1213 1223
f 1213 1228 1214
f 1232 1217 1230
f 1217 1232 1218
f 1234 1224 1233
f 1224 1234 1222
f 1235 1227 1231
f 1227 1235 1229
f 1243 1244 1245
f 1244 1243 1246
f 1246 1243 1247
f 1248 1244 1249
f 1244 1248 1250
f 1244 1250 1246
f 1251 1249 1244
f 1249 1251 1252
f 1253 1254 1255
f 1254 1253 1256
f 1253 1257 1251
f 1257 1253 1255
f 1251 1258 1252
f 1258 1251 1257
f 1258 1257 1259
f 1259 1257 1255
f 1257 1243 1245
f 1243 1257 1254
f 1254 1257 1255
f 1250 1253 1246
f 1253 1250 1255
f 1255 1250 1259
f 1243 1256 1247
f 1256 1243 1254
f 1258 1249 1252
f 1249 1258 1248
f 1256 1246 1247
f 1246 1256 1253
f 1258 1250 1248
f 1250 1258 1259
f 1253 1244 1246
f 1244 1253 1251
f 1257 1244 1251
f 1244 1257 1245
f 1260 1261 1262
f 1261 1260 1263
f 1262 1261 1264
f 1265 1263 1260
f 1263 1265 1266
f 1266 1265 1267
f 1267 1265 1268
f 1267 1268 1269
f 1269 1268 1270
f 1270 1268 1271
f 1270 1271 1272
f 1272 1273 1274
f 1273 1272 1271
f 1275 1272 1276
f 1272 1275 1270
f 1277 1273 1278
f 1273 1277 1267
f 1267 1277 1279
f 1267 1279 1280
f 1277 1275 1279
f 1275 1277 1276
f 1275 1263 1270
f 1263 1275 1281
f 1281 1275 1279
f 1281 1279 1282
f 1283 1284 1281
f 1284 1283 1285
f 1284 1285 1286
f 1278 1276 1277
f 1276 1278 1287
f 1281 1288 1283
f 1288 1281 1282
f 1288 1282 1280
f 1288 1280 1289
f 1289 1280 1279
f 1289 1279 1275
f 1289 1275 1287
f 1287 1275 1276
f 1267 1285 1262
f 1285 1267 1286
f 1286 1267 1282
f 1282 1267 1280
f 1284 1282 1281
f 1282 1284 1286
f 1284 1272 1261
f 1272 1284 1276
f 1276 1284 1286
f 1276 1286 1277
f 1288 1268 1265
f 1268 1288 1289
f 1268 1287 1271
f 1287 1268 1289
f 1287 1273 1271
f 1273 1287 1278
f 1263 1284 1261
f 1284 1263 1281
f 1285 1260 1262
f 1260 1285 1283
f 1288 1260 1283
f 1260 1288 1265
f 1290 1291 1292
f 1291 1290 1293
f 1293 1290 1294
f 1293 1294 1295
f 1295 1294 1296
f 1295 1296 1297
f 1297 1296 1298
f 1298 1296 1299
f 1298 1299 1300
f 1300 1301 1302
f 1301 1300 1303
f 1303 1300 1299
f 1303 1299 1304
f 1303 1304 1305
f 1305 1304 1306
f 1306 1304 1307
f 1306 1307 1308
f 1308 1307 1309
f 1308 1309 1310
f 1310 1309 1311
f 1312 1313 1314
f 1313 1312 1315
f 1315 1312 1316
f 1315 1316 1317
f 1317 1316 1318
f 1317 1318 1319
f 1319 1318 1302
f 1319 1302 1301
f 1319 1301 1320
f 1320 1301 1321
f 1320 1321 1322
f 1322 1321 1323
f 1323 1321 1324
f 1325 1326 1327
f 1326 1325 1328
f 1328 1325 1329
f 1329 1325 1330
f 1329 1330 1331
f 1331 1330 1332
f 1331 1332 1333
f 1331 1333 1334
f 1334 1333 1324
f 1334 1324 1321
f 1334 1321 1335
f 1334 1335 1336
f 1336 1335 1337
f 1336 1337 1338
f 1338 1337 1339
f 1338 1339 1340
f 1340 1339 1341
f 1340 1341 1342
f 1342 1341 1343
f 1292 1344 1345
f 1344 1292 1326
f 1326 1292 1290
f 1326 1290 1328
f 1346 1347 1348
f 1347 1346 1349
f 1349 1346 1350
f 1350 1346 1351
f 1350 1351 1352
f 1352 1351 1353
f 1353 1351 1354
f 1353 1354 1355
f 1355 1354 1356
f 1356 1354 1357
f 1357 1354 1358
f 1358 1354 1359
f 1358 1359 1360
f 1360 1359 1361
f 1360 1361 1362
f 1362 1361 1363
f 1362 1363 1364
f 1364 1363 1365
f 1364 1365 1366
f 1367 1368 1369
f 1368 1367 1370
f 1368 1370 1371
f 1368 1371 1372
f 1372 1371 1373
f 1373 1371 1374
f 1373 1374 1375
f 1375 1374 1376
f 1376 1374 1377
f 1376 1377 1357
f 1357 1377 1378
f 1357 1378 1356
f 1376 1379 1375
f 1379 1376 1380
f 1379 1380 1381
f 1381 1380 1382
f 1382 1380 1383
f 1382 1383 1384
f 1382 1384 1385
f 1385 1384 1386
f 1385 1386 1387
f 1387 1386 1388
f 1387 1388 1389
f 1390 1391 1392
f 1391 1390 1393
f 1393 1390 1394
f 1393 1394 1395
f 1395 1394 1396
f 1395 1396 1397
f 1395 1397 1381
f 1381 1397 1379
f 1377 1322 1378
f 1322 1377 1320
f 1374 1320 1377
f 1320 1374 1319
f 1370 1313 1315
f 1313 1370 1398
f 1398 1370 1367
f 1397 1300 1379
f 1300 1397 1298
f 1396 1295 1297
f 1295 1396 1394
f 1353 1332 1352
f 1332 1353 1333
f 1390 1291 1293
f 1291 1390 1399
f 1399 1390 1392
f 1355 1333 1353
f 1333 1355 1324
f 1400 1312 1314
f 1312 1400 1368
f 1368 1400 1369
f 1394 1293 1295
f 1293 1394 1390
f 1349 1330 1325
f 1330 1349 1350
f 1401 1291 1399
f 1291 1401 1292
f 1391 1294 1290
f 1294 1391 1393
f 1393 1296 1294
f 1296 1393 1395
f 1371 1315 1317
f 1315 1371 1370
f 1402 1325 1327
f 1325 1402 1349
f 1349 1402 1347
f 1368 1316 1312
f 1316 1368 1372
f 1379 1302 1375
f 1302 1379 1300
f 1396 1298 1397
f 1298 1396 1297
f 1395 1299 1296
f 1299 1395 1381
f 1381 1304 1299
f 1304 1381 1382
f 1304 1385 1307
f 1385 1304 1382
f 1307 1387 1309
f 1387 1307 1385
f 1309 1389 1311
f 1389 1309 1387
f 1378 1323 1356
f 1323 1378 1322
f 1374 1317 1319
f 1317 1374 1371
f 1356 1324 1355
f 1324 1356 1323
f 1350 1332 1330
f 1332 1350 1352
f 1400 1313 1398
f 1313 1400 1314
f 1372 1318 1316
f 1318 1372 1373
f 1375 1318 1373
f 1318 1375 1302
f 1367 1400 1398
f 1400 1367 1369
f 1341 1366 1343
f 1366 1341 1364
f 1338 1359 1336
f 1359 1338 1361
f 1359 1334 1336
f 1334 1359 1354
f 1380 1301 1303
f 1301 1380 1376
f 1354 1331 1334
f 1331 1354 1351
f 1342 1363 1340
f 1363 1342 1365
f 1357 1335 1321
f 1335 1357 1358
f 1376 1321 1301
f 1321 1376 1357
f 1384 1305 1306
f 1305 1384 1383
f 1351 1329 1331
f 1329 1351 1346
f 1392 1401 1399
f 1401 1392 1391
f 1348 1326 1328
f 1326 1348 1403
f 1404 1344 1405
f 1344 1404 1345
f 1308 1384 1306
f 1384 1308 1386
f 1339 1364 1341
f 1364 1339 1362
f 1346 1328 1329
f 1328 1346 1348
f 1403 1344 1326
f 1344 1403 1405
f 1404 1292 1345
f 1292 1404 1401
f 1340 1361 1338
f 1361 1340 1363
f 1402 1326 1403
f 1326 1402 1327
f 1311 1388 1310
f 1388 1311 1389
f 1290 1348 1328
f 1348 1290 1347
f 1347 1290 1367
f 1367 1290 1369
f 1369 1290 1392
f 1392 1290 1391
f 1343 1365 1342
f 1365 1343 1366
f 1310 1386 1308
f 1386 1310 1388
f 1337 1362 1339
f 1362 1337 1360
f 1348 1402 1403
f 1402 1348 1347
f 1347 1398 1402
f 1398 1347 1367
f 1369 1399 1400
f 1399 1369 1392
f 1405 1401 1404
f 1401 1405 1403
f 1401 1403 1402
f 1401 1402 1398
f 1401 1398 1400
f 1401 1400 1399
f 1358 1337 1335
f 1337 1358 1360
f 1383 1303 1305
f 1303 1383 1380
f 1401 1290 1292
f 1290 1401 1391
f 1406 1407 1408
f 1407 1406 1409
f 1407 1409 1410
f 1411 1407 1412
f 1407 1411 1410
f 1410 1411 1413
f 1414 1408 1407
f 1408 1414 1415
f 1414 1416 1415
f 1416 1414 1417
f 1416 1417 1418
f 1418 1417 1419
f 1416 1408 1415
f 1408 1416 1406
f 1416 1409 1406
f 1409 1416 1418
f 1409 1420 1410
f 1420 1409 1419
f 1419 1409 1418
f 1417 1407 1414
f 1407 1417 1412
f 1421 1419 1420
f 1419 1421 1422
f 1421 1410 1413
f 1410 1421 1420
f 1420 1407 1410
f 1407 1420 1414
f 1417 1411 1412
f 1411 1417 1422
f 1422 1417 1419
f 1411 1421 1413
f 1421 1411 1422
f 1420 1417 1414
f 1417 1420 1419
f 1423 1424 1425
f 1424 1423 1426
f 1426 1423 1427
f 1426 1428 1424
f 1428 1426 1429
f 1430 1431 1432
f 1431 1430 1433
f 1434 1435 1436
f 1435 1434 1437
f 1437 1434 1438
f 1437 1439 1435
f 1439 1437 1440
f 1439 1425 1435
f 1425 1439 1423
f 1439 1427 1423
f 1427 1439 1440
f 1427 1437 1426
f 1437 1427 1440
f 1437 1429 1426
f 1429 1437 1441
f 1441 1437 1438
f 1441 1438 1442
f 1429 1443 1428
f 1443 1429 1441
f 1443 1424 1428
f 1424 1443 1436
f 1436 1443 1444
f 1436 1444 1434
f 1435 1424 1436
f 1424 1435 1425
f 1442 1445 1438
f 1445 1442 1446
f 1445 1430 1432
f 1430 1445 1446
f 1430 1447 1433
f 1447 1430 1444
f 1444 1430 1442
f 1442 1430 1446
f 1447 1431 1433
f 1431 1447 1448
f 1434 1431 1448
f 1431 1434 1432
f 1432 1434 1438
f 1432 1438 1445
f 1443 1442 1444
f 1442 1443 1441
f 1447 1434 1448
f 1434 1447 1444
f 1444 1438 1434
f 1438 1444 1442
f 1449 1450 1451
f 1450 1449 1452
f 1451 1450 1453
f 1450 1452 1454
f 1453 1455 1456
f 1455 1453 1450
f 1456 1455 1457
f 1456 1457 1458
f 1458 1457 1459
f 1459 1457 1460
f 1459 1460 1461
f 1461 1460 1462
f 1462 1460 1463
f 1462 1463 1464
f 1464 1463 1465
f 1465 1463 1466
f 1466 1463 1467
f 1468 1469 1470
f 1469 1468 1471
f 1471 1468 1472
f 1472 1468 1473
f 1473 1468 1474
f 1474 1468 1475
f 1474 1475 1476
f 1476 1475 1477
f 1476 1477 1478
f 1476 1478 1479
f 1479 1478 1480
f 1479 1480 1481
f 1479 1481 1482
f 1482 1481 1483
f 1482 1483 1484
f 1482 1484 1485
f 1482 1485 1486
f 1486 1485 1467
f 1486 1467 1463
f 1486 1463 1487
f 1486 1487 1488
f 1488 1487 1489
f 1488 1489 1490
f 1490 1489 1491
f 1490 1491 1492
f 1492 1491 1493
f 1492 1493 1494
f 1494 1493 1495
f 1496 1497 1498
f 1497 1496 1499
f 1499 1496 1500
f 1500 1496 1501
f 1500 1501 1502
f 1502 1501 1503
f 1503 1501 1504
f 1503 1504 1505
f 1505 1504 1506
f 1506 1504 1507
f 1507 1504 1508
f 1507 1508 1509
f 1509 1508 1510
f 1510 1508 1511
f 1511 1508 1512
f 1512 1508 1513
f 1512 1513 1514
f 1514 1513 1515
f 1514 1515 1516
f 1516 1515 1517
f 1516 1517 1518
f 1518 1517 1519
f 1518 1519 1520
f 1521 1522 1523
f 1522 1521 1524
f 1524 1521 1525
f 1524 1525 1526
f 1524 1526 1527
f 1527 1526 1528
f 1527 1528 1529
f 1527 1529 1511
f 1511 1529 1530
f 1511 1530 1531
f 1511 1531 1510
f 1523 1532 1533
f 1532 1523 1534
f 1532 1534 1535
f 1534 1523 1522
f 1535 1534 1536
f 1537 1538 1539
f 1538 1537 1540
f 1540 1537 1541
f 1540 1541 1542
f 1540 1542 1498
f 1540 1498 1497
f 1501 1476 1479
f 1476 1501 1496
f 1496 1474 1476
f 1474 1496 1498
f 1498 1473 1474
f 1473 1498 1542
f 1541 1473 1542
f 1473 1541 1472
f 1537 1472 1541
f 1472 1537 1471
f 1539 1471 1537
f 1471 1539 1469
f 1538 1469 1539
f 1469 1538 1470
f 1538 1468 1470
f 1468 1538 1540
f 1468 1497 1475
f 1497 1468 1540
f 1475 1499 1477
f 1499 1475 1497
f 1477 1500 1478
f 1500 1477 1499
f 1500 1480 1478
f 1480 1500 1502
f 1502 1481 1480
f 1481 1502 1503
f 1503 1483 1481
f 1483 1503 1505
f 1505 1484 1483
f 1484 1505 1506
f 1507 1484 1506
f 1484 1507 1485
f 1509 1485 1507
f 1485 1509 1467
f 1510 1467 1509
f 1467 1510 1466
f 1531 1466 1510
f 1466 1531 1465
f 1530 1465 1531
f 1465 1530 1464
f 1530 1462 1464
f 1462 1530 1529
f 1529 1461 1462
f 1461 1529 1528
f 1528 1459 1461
f 1459 1528 1526
f 1526 1458 1459
f 1458 1526 1525
f 1458 1521 1456
f 1521 1458 1525
f 1456 1523 1453
f 1523 1456 1521
f 1523 1451 1453
f 1451 1523 1533
f 1532 1451 1533
f 1451 1532 1449
f 1532 1452 1449
f 1452 1532 1535
f 1452 1536 1454
f 1536 1452 1535
f 1536 1450 1454
f 1450 1536 1534
f 1450 1522 1455
f 1522 1450 1534
f 1522 1457 1455
f 1457 1522 1524
f 1524 1460 1457
f 1460 1524 1527
f 1527 1463 1460
f 1463 1527 1511
f 1511 1487 1463
f 1487 1511 1512
f 1512 1489 1487
f 1489 1512 1514
f 1489 1516 1491
f 1516 1489 1514
f 1491 1518 1493
f 1518 1491 1516
f 1493 1520 1495
f 1520 1493 1518
f 1495 1519 1494
f 1519 1495 1520
f 1494 1517 1492
f 1517 1494 1519
f 1492 1515 1490
f 1515 1492 1517
f 1490 1513 1488
f 1513 1490 1515
f 1513 1486 1488
f 1486 1513 1508
f 1508 1482 1486
f 1482 1508 1504
f 1504 1479 1482
f 1479 1504 1501
f 1543 1544 1545
f 1544 1543 1546
f 1546 1543 1547
f 1548 1546 1549
f 1546 1548 1547
f 1547 1548 1550
f 1551 1552 1553
f 1552 1551 1554
f 1552 1554 1555
f 1555 1554 1556
f 1552 1543 1545
f 1543 1552 1555
f 1543 1557 1547
f 1557 1543 1556
f 1556 1543 1555
f 1551 1544 1546
f 1544 1551 1553
f 1552 1544 1553
f 1544 1552 1545
f 1558 1556 1557
f 1556 1558 1559
f 1554 1548 1549
f 1548 1554 1559
f 1559 1554 1556
f 1548 1558 1550
f 1558 1548 1559
f 1558 1547 1550
f 1547 1558 1557
f 1557 1546 1547
f 1546 1557 1551
f 1554 1546 1551
f 1546 1554 1549
f 1557 1554 1551
f 1554 1557 1556
f 1560 1561 1562
f 1561 1560 1563
f 1563 1560 1564
f 1563 1564 1565
f 1565 1564 1566
f 1565 1566 1567
f 1567 1566 1568
f 1568 1566 1569
f 1568 1569 1570
f 1570 1571 1572
f 1571 1570 1573
f 1573 1570 1569
f 1573 1569 1574
f 1573 1574 1575
f 1575 1574 1576
f 1576 1574 1577
f 1576 1577 1578
f 1578 1577 1579
f 1578 1579 1580
f 1580 1579 1581
f 1582 1583 1584
f 1583 1582 1585
f 1585 1582 1586
f 1585 1586 1587
f 1587 1586 1588
f 1587 1588 1589
f 1589 1588 1572
f 1589 1572 1571
f 1589 1571 1590
f 1590 1571 1591
f 1590 1591 1592
f 1592 1591 1593
f 1593 1591 1594
f 1595 1596 1597
f 1596 1595 1598
f 1598 1595 1599
f 1599 1595 1600
f 1599 1600 1601
f 1601 1600 1602
f 1601 1602 1603
f 1601 1603 1604
f 1604 1603 1594
f 1604 1594 1591
f 1604 1591 1605
f 1604 1605 1606
f 1606 1605 1607
f 1606 1607 1608
f 1608 1607 1609
f 1608 1609 1610
f 1610 1609 1611
f 1610 1611 1612
f 1612 1611 1613
f 1562 1614 1615
f 1614 1562 1596
f 1596 1562 1560
f 1596 1560 1598
f 1616 1617 1618
f 1617 1616 1619
f 1619 1616 1620
f 1620 1616 1621
f 1620 1621 1622
f 1622 1621 1623
f 1623 1621 1624
f 1623 1624 1625
f 1625 1624 1626
f 1626 1624 1627
f 1627 1624 1628
f 1628 1624 1629
f 1628 1629 1630
f 1630 1629 1631
f 1630 1631 1632
f 1632 1631 1633
f 1632 1633 1634
f 1634 1633 1635
f 1634 1635 1636
f 1637 1638 1639
f 1638 1637 1640
f 1640 1637 1641
f 1640 1641 1642
f 1642 1641 1643
f 1643 1641 1644
f 1643 1644 1645
f 1645 1644 1646
f 1646 1644 1647
f 1646 1647 1627
f 1627 1647 1648
f 1627 1648 1626
f 1646 1649 1645
f 1649 1646 1650
f 1649 1650 1651
f 1651 1650 1652
f 1652 1650 1653
f 1652 1653 1654
f 1652 1654 1655
f 1655 1654 1656
f 1655 1656 1657
f 1657 1656 1658
f 1657 1658 1659
f 1660 1661 1662
f 1661 1660 1663
f 1663 1660 1664
f 1663 1664 1665
f 1665 1664 1666
f 1665 1666 1667
f 1665 1667 1651
f 1651 1667 1649
f 1668 1595 1597
f 1595 1668 1619
f 1619 1668 1617
f 1619 1600 1595
f 1600 1619 1620
f 1620 1602 1600
f 1602 1620 1622
f 1623 1602 1622
f 1602 1623 1603
f 1625 1603 1623
f 1603 1625 1594
f 1626 1594 1625
f 1594 1626 1593
f 1648 1593 1626
f 1593 1648 1592
f 1647 1592 1648
f 1592 1647 1590
f 1644 1590 1647
f 1590 1644 1589
f 1644 1587 1589
f 1587 1644 1641
f 1641 1585 1587
f 1585 1641 1637
f 1637 1583 1585
f 1583 1637 1669
f 1669 1637 1639
f 1670 1583 1669
f 1583 1670 1584
f 1670 1582 1584
f 1582 1670 1640
f 1640 1670 1638
f 1640 1586 1582
f 1586 1640 1642
f 1642 1588 1586
f 1588 1642 1643
f 1645 1588 1643
f 1588 1645 1572
f 1649 1572 1645
f 1572 1649 1570
f 1667 1570 1649
f 1570 1667 1568
f 1666 1568 1667
f 1568 1666 1567
f 1666 1565 1567
f 1565 1666 1664
f 1664 1563 1565
f 1563 1664 1660
f 1660 1561 1563
f 1561 1660 1671
f 1671 1660 1662
f 1672 1561 1671
f 1561 1672 1562
f 1661 1564 1560
f 1564 1661 1663
f 1663 1566 1564
f 1566 1663 1665
f 1665 1569 1566
f 1569 1665 1651
f 1651 1574 1569
f 1574 1651 1652
f 1574 1655 1577
f 1655 1574 1652
f 1577 1657 1579
f 1657 1577 1655
f 1579 1659 1581
f 1659 1579 1657
f 1581 1658 1580
f 1658 1581 1659
f 1580 1656 1578
f 1656 1580 1658
f 1578 1654 1576
f 1654 1578 1656
f 1654 1575 1576
f 1575 1654 1653
f 1653 1573 1575
f 1573 1653 1650
f 1650 1571 1573
f 1571 1650 1646
f 1646 1591 1571
f 1591 1646 1627
f 1627 1605 1591
f 1605 1627 1628
f 1628 1607 1605
f 1607 1628 1630
f 1607 1632 1609
f 1632 1607 1630
f 1609 1634 1611
f 1634 1609 1632
f 1611 1636 1613
f 1636 1611 1634
f 1613 1635 1612
f 1635 1613 1636
f 1612 1633 1610
f 1633 1612 1635
f 1610 1631 1608
f 1631 1610 1633
f 1608 1629 1606
f 1629 1608 1631
f 1629 1604 1606
f 1604 1629 1624
f 1624 1601 1604
f 1601 1624 1621
f 1621 1599 1601
f 1599 1621 1616
f 1616 1598 1599
f 1598 1616 1618
f 1668 1596 1673
f 1596 1668 1597
f 1662 1672 1671
f 1672 1662 1661
f 1674 1562 1615
f 1562 1674 1672
f 1672 1560 1562
f 1560 1672 1661
f 1560 1618 1598
f 1618 1560 1617
f 1617 1560 1639
f 1639 1560 1638
f 1638 1560 1662
f 1662 1560 1661
f 1618 1596 1598
f 1596 1618 1673
f 1673 1614 1596
f 1614 1673 1675
f 1674 1614 1675
f 1614 1674 1615
f 1618 1668 1673
f 1668 1618 1617
f 1617 1669 1668
f 1669 1617 1639
f 1638 1671 1670
f 1671 1638 1662
f 1673 1674 1675
f 1674 1673 1672
f 1672 1673 1668
f 1672 1668 1669
f 1672 1669 1670
f 1672 1670 1671
f 1639 1670 1669
f 1670 1639 1638
f 1676 1677 1678
f 1677 1676 1679
f 1677 1679 1680
f 1680 1679 1681
f 1681 1679 1682
f 1681 1682 1683
f 1683 1682 1684
f 1683 1684 1685
f 1685 1684 1686
f 1686 1684 1687
f 1686 1687 1688
f 1688 1687 1689
f 1689 1687 1690
f 1691 1692 1693
f 1692 1691 1694
f 1694 1691 1695
f 1694 1695 1696
f 1696 1695 1697
f 1696 1697 1698
f 1698 1697 1676
f 1698 1676 1699
f 1699 1676 1700
f 1699 1700 1701
f 1699 1701 1702
f 1700 1676 1678
f 1702 1701 1703
f 1702 1703 1704
f 1702 1704 1705
f 1702 1705 1706
f 1702 1706 1707
f 1707 1706 1708
f 1708 1706 1709
f 1709 1706 1710
f 1710 1706 1711
f 1710 1711 1712
f 1710 1712 1713
f 1710 1713 1714
f 1710 1714 1715
f 1710 1715 1716
f 1716 1715 1717
f 1717 1715 1718
f 1718 1715 1719
f 1719 1715 1720
f 1720 1715 1721
f 1721 1715 1722
f 1722 1715 1723
f 1722 1723 1724
f 1724 1723 1725
f 1724 1725 1726
f 1726 1725 1727
f 1726 1727 1728
f 1728 1727 1729
f 1730 1731 1732
f 1731 1730 1733
f 1731 1733 1734
f 1734 1733 1735
f 1734 1735 1736
f 1734 1736 1737
f 1737 1736 1738
f 1737 1738 1739
f 1737 1739 1740
f 1740 1739 1741
f 1740 1741 1721
f 1721 1741 1742
f 1721 1742 1720
f 1743 1744 1745
f 1744 1743 1746
f 1746 1743 1747
f 1746 1747 1748
f 1748 1747 1749
f 1749 1747 1750
f 1749 1750 1751
f 1751 1750 1752
f 1751 1752 1753
f 1753 1752 1754
f 1754 1752 1755
f 1754 1755 1756
f 1756 1755 1757
f 1757 1755 1758
f 1759 1760 1761
f 1760 1759 1762
f 1762 1759 1763
f 1763 1759 1764
f 1763 1764 1765
f 1765 1764 1766
f 1765 1766 1767
f 1767 1766 1768
f 1767 1768 1769
f 1769 1768 1770
f 1770 1768 1771
f 1770 1771 1772
f 1772 1771 1773
f 1773 1771 1774
f 1774 1771 1775
f 1775 1771 1776
f 1775 1776 1777
f 1775 1777 1778
f 1775 1778 1779
f 1775 1779 1780
f 1780 1779 1781
f 1781 1779 1782
f 1782 1779 1783
f 1783 1779 1784
f 1784 1779 1785
f 1784 1785 1786
f 1784 1786 1787
f 1784 1787 1758
f 1784 1758 1755
f 1784 1755 1788
f 1784 1788 1789
f 1789 1788 1790
f 1789 1790 1791
f 1791 1790 1792
f 1791 1792 1793
f 1793 1792 1794
f 1793 1794 1795
f 1767 1796 1797
f 1796 1767 1798
f 1798 1767 1769
f 1797 1796 1799
f 1797 1799 1800
f 1797 1800 1801
f 1801 1800 1802
f 1801 1802 1803
f 1801 1803 1804
f 1804 1803 1805
f 1804 1805 1806
f 1806 1805 1807
f 1806 1807 1808
f 1806 1808 1809
f 1750 1734 1737
f 1734 1750 1747
f 1747 1731 1734
f 1731 1747 1743
f 1743 1732 1731
f 1732 1743 1745
f 1744 1732 1745
f 1732 1744 1730
f 1744 1733 1730
f 1733 1744 1746
f 1746 1735 1733
f 1735 1746 1748
f 1748 1736 1735
f 1736 1748 1749
f 1749 1738 1736
f 1738 1749 1751
f 1751 1739 1738
f 1739 1751 1753
f 1753 1741 1739
f 1741 1753 1754
f 1754 1742 1741
f 1742 1754 1756
f 1757 1742 1756
f 1742 1757 1720
f 1758 1720 1757
f 1720 1758 1719
f 1787 1719 1758
f 1719 1787 1718
f 1786 1718 1787
f 1718 1786 1717
f 1786 1716 1717
f 1716 1786 1785
f 1785 1710 1716
f 1710 1785 1779
f 1779 1709 1710
f 1709 1779 1778
f 1778 1708 1709
f 1708 1778 1777
f 1777 1707 1708
f 1707 1777 1776
f 1776 1702 1707
f 1702 1776 1771
f 1771 1699 1702
f 1699 1771 1768
f 1768 1698 1699
f 1698 1768 1766
f 1766 1696 1698
f 1696 1766 1764
f 1759 1696 1764
f 1696 1759 1694
f 1761 1694 1759
f 1694 1761 1692
f 1760 1692 1761
f 1692 1760 1693
f 1762 1693 1760
f 1693 1762 1691
f 1763 1691 1762
f 1691 1763 1695
f 1765 1695 1763
f 1695 1765 1697
f 1765 1676 1697
f 1676 1765 1767
f 1767 1679 1676
f 1679 1767 1797
f 1797 1682 1679
f 1682 1797 1801
f 1801 1684 1682
f 1684 1801 1804
f 1804 1687 1684
f 1687 1804 1806
f 1806 1690 1687
f 1690 1806 1809
f 1690 1808 1689
f 1808 1690 1809
f 1808 1688 1689
f 1688 1808 1807
f 1807 1686 1688
f 1686 1807 1805
f 1805 1685 1686
f 1685 1805 1803
f 1803 1683 1685
f 1683 1803 1802
f 1802 1681 1683
f 1681 1802 1800
f 1800 1680 1681
f 1680 1800 1799
f 1799 1677 1680
f 1677 1799 1796
f 1677 1798 1678
f 1798 1677 1796
f 1678 1769 1700
f 1769 1678 1798
f 1700 1770 1701
f 1770 1700 1769
f 1701 1772 1703
f 1772 1701 1770
f 1772 1704 1703
f 1704 1772 1773
f 1773 1705 1704
f 1705 1773 1774
f 1774 1706 1705
f 1706 1774 1775
f 1775 1711 1706
f 1711 1775 1780
f 1780 1712 1711
f 1712 1780 1781
f 1781 1713 1712
f 1713 1781 1782
f 1782 1714 1713
f 1714 1782 1783
f 1783 1715 1714
f 1715 1783 1784
f 1784 1723 1715
f 1723 1784 1789
f 1723 1791 1725
f 1791 1723 1789
f 1725 1793 1727
f 1793 1725 1791
f 1727 1795 1729
f 1795 1727 1793
f 1729 1794 1728
f 1794 1729 1795
f 1728 1792 1726
f 1792 1728 1794
f 1726 1790 1724
f 1790 1726 1792
f 1724 1788 1722
f 1788 1724 1790
f 1788 1721 1722
f 1721 1788 1755
f 1755 1740 1721
f 1740 1755 1752
f 1752 1737 1740
f 1737 1752 1750
f 1810 1811 1812
f 1811 1810 1813
f 1813 1810 1814
f 1813 1815 1811
f 1815 1813 1816
f 1816 1817 1815
f 1817 1816 1818
f 1819 1817 1818
f 1817 1819 1820
f 1821 1820 1819
f 1820 1821 1822
f 1823 1813 1814
f 1813 1823 1824
f 1813 1824 1825
f 1813 1825 1816
f 1816 1825 1818
f 1818 1825 1826
f 1818 1826 1819
f 1819 1826 1821
f 1821 1826 1827
f 1827 1826 1828
f 1828 1826 1829
f 1829 1826 1830
f 1829 1830 1831
f 1831 1830 1832
f 1831 1832 1833
f 1833 1832 1834
f 1833 1834 1835
f 1835 1834 1836
f 1837 1838 1839
f 1838 1837 1840
f 1840 1837 1841
f 1841 1837 1842
f 1841 1842 1843
f 1841 1843 1828
f 1828 1843 1844
f 1828 1844 1827
f 1843 1845 1844
f 1845 1843 1846
f 1827 1822 1821
f 1822 1827 1847
f 1844 1847 1827
f 1847 1844 1845
f 1843 1848 1846
f 1848 1843 1842
f 1842 1849 1848
f 1849 1842 1837
f 1850 1851 1852
f 1851 1850 1853
f 1854 1838 1855
f 1838 1854 1839
f 1828 1856 1857
f 1856 1828 1829
f 1850 1858 1853
f 1858 1850 1855
f 1859 1834 1860
f 1834 1859 1836
f 1824 1861 1862
f 1861 1824 1823
f 1837 1863 1849
f 1863 1837 1854
f 1854 1837 1839
f 1838 1864 1865
f 1864 1838 1840
f 1841 1857 1866
f 1857 1841 1828
f 1860 1832 1867
f 1832 1860 1834
f 1868 1835 1869
f 1835 1868 1833
f 1840 1866 1864
f 1866 1840 1841
f 1870 1833 1868
f 1833 1870 1831
f 1856 1831 1870
f 1831 1856 1829
f 1867 1830 1871
f 1830 1867 1832
f 1830 1872 1871
f 1872 1830 1826
f 1826 1873 1872
f 1873 1826 1825
f 1825 1862 1873
f 1862 1825 1824
f 1865 1823 1861
f 1823 1865 1814
f 1814 1865 1839
f 1839 1865 1838
f 1874 1850 1852
f 1850 1874 1855
f 1855 1874 1854
f 1854 1874 1810
f 1854 1810 1814
f 1854 1814 1839
f 1823 1810 1874
f 1810 1823 1814
f 1810 1875 1874
f 1875 1810 1812
f 1869 1836 1859
f 1836 1869 1835
f 1855 1865 1858
f 1865 1855 1838
f 1855 1863 1854
f 1863 1855 1858
f 1823 1875 1861
f 1875 1823 1874
f 1874 1851 1875
f 1851 1874 1852
f 1865 1863 1858
f 1863 1865 1849
f 1849 1865 1864
f 1849 1864 1866
f 1849 1866 1848
f 1848 1866 1846
f 1846 1866 1857
f 1846 1857 1845
f 1845 1857 1847
f 1847 1857 1822
f 1811 1875 1812
f 1875 1811 1861
f 1861 1811 1862
f 1862 1811 1873
f 1873 1811 1815
f 1873 1815 1817
f 1873 1817 1872
f 1872 1817 1820
f 1872 1820 1822
f 1872 1822 1857
f 1872 1857 1856
f 1872 1856 1871
f 1871 1856 1870
f 1871 1870 1867
f 1867 1870 1868
f 1867 1868 1860
f 1860 1868 1869
f 1860 1869 1859
f 1853 1875 1851
f 1875 1853 1858
f 1875 1858 1865
f 1875 1865 1861
f 1876 1877 1878
f 1877 1876 1879
f 1879 1876 1880
f 1879 1880 1881
f 1882 1883 1884
f 1883 1882 1885
f 1876 1886 1887
f 1886 1876 1880
f 1888 1876 1878
f 1876 1888 1887
f 1889 1877 1879
f 1877 1889 1890
f 1884 1876 1887
f 1876 1884 1891
f 1876 1891 1880
f 1892 1879 1881
f 1879 1892 1893
f 1887 1882 1884
f 1882 1887 1886
f 1882 1886 1894
f 1882 1894 1895
f 1895 1894 1896
f 1895 1896 1889
f 1895 1889 1893
f 1893 1889 1879
f 1889 1888 1890
f 1888 1889 1887
f 1887 1889 1896
f 1887 1896 1886
f 1881 1889 1896
f 1889 1881 1879
f 1882 1897 1885
f 1897 1882 1895
f 1893 1898 1899
f 1898 1893 1892
f 1881 1898 1892
f 1898 1881 1900
f 1900 1881 1896
f 1900 1896 1894
f 1900 1891 1901
f 1891 1900 1880
f 1880 1900 1886
f 1886 1900 1894
f 1891 1883 1901
f 1883 1891 1884
f 1897 1893 1899
f 1893 1897 1895
f 1883 1878 1901
f 1878 1883 1888
f 1901 1878 1902
f 1885 1888 1883
f 1888 1885 1903
f 1903 1885 1900
f 1900 1885 1897
f 1900 1897 1904
f 1904 1897 1890
f 1890 1897 1899
f 1890 1899 1877
f 1877 1898 1905
f 1898 1877 1899
f 1906 1907 1908
f 1907 1906 1909
f 1910 1911 1912
f 1911 1910 1913
f 1914 1915 1916
f 1915 1914 1917
f 1918 1919 1920
f 1919 1918 1921
f 1922 1923 1924
f 1923 1922 1925
f 1926 1927 1928
f 1927 1926 1929
f 1930 1931 1932
f 1931 1930 1933
f 1934 1935 1936
f 1935 1934 1937
f 1938 1939 1940
f 1939 1938 1941
f 1941 1938 1942
f 1943 1917 1914
f 1917 1943 1944
f 1945 1946 1947
f 1946 1945 1948
f 1949 1950 1951
f 1950 1949 1952
f 1953 1954 1955
f 1954 1953 1936
f 1936 1953 1934
f 1955 1933 1953
f 1933 1955 1930
f 1930 1955 1956
f 1956 1955 1957
f 1958 1944 1943
f 1944 1958 1959
f 1933 1960 1931
f 1960 1933 1949
f 1949 1933 1953
f 1949 1953 1952
f 1935 1957 1961
f 1957 1935 1956
f 1956 1935 1937
f 1908 1962 1963
f 1962 1908 1907
f 1953 1950 1952
f 1950 1953 1934
f 1934 1964 1950
f 1964 1934 1937
f 1964 1937 1920
f 1920 1937 1918
f 1918 1937 1956
f 1918 1956 1963
f 1963 1956 1965
f 1942 1922 1929
f 1922 1942 1938
f 1922 1938 1906
f 1922 1906 1925
f 1925 1906 1908
f 1925 1908 1963
f 1925 1963 1966
f 1966 1963 1965
f 1966 1965 1967
f 1966 1967 1913
f 1913 1967 1915
f 1913 1915 1911
f 1911 1915 1959
f 1959 1915 1917
f 1959 1917 1944
f 1951 1968 1969
f 1968 1951 1964
f 1964 1951 1950
f 1964 1919 1968
f 1919 1964 1920
f 1963 1921 1918
f 1921 1963 1962
f 1929 1924 1927
f 1924 1929 1922
f 1912 1959 1958
f 1959 1912 1911
f 1965 1932 1970
f 1932 1965 1930
f 1930 1965 1956
f 1941 1929 1926
f 1929 1941 1942
f 1971 1946 1948
f 1946 1971 1972
f 1948 1949 1971
f 1949 1948 1945
f 1971 1949 1951
f 1949 1945 1952
f 1951 1926 1971
f 1926 1951 1941
f 1941 1951 1950
f 1941 1950 1942
f 1925 1973 1923
f 1973 1925 1966
f 1957 1954 1961
f 1954 1957 1955
f 1967 1970 1974
f 1970 1967 1965
f 1966 1910 1973
f 1910 1966 1913
f 1916 1967 1974
f 1967 1916 1915
f 1971 1928 1972
f 1928 1971 1926
f 1951 1960 1949
f 1960 1951 1969
f 1906 1940 1909
f 1940 1906 1938
f 1953 1937 1934
f 1937 1953 1933
f 1937 1933 1930
f 1937 1930 1956
f 1927 1945 1947
f 1945 1927 1952
f 1952 1927 1950
f 1950 1927 1942
f 1942 1927 1929
f 1926 1939 1941
f 1939 1926 1928
f 1935 1954 1936
f 1954 1935 1961
f 1972 1947 1946
f 1947 1972 1928
f 1947 1928 1927
f 1927 1939 1928
f 1939 1927 1940
f 1940 1927 1924
f 1940 1924 1909
f 1909 1924 1923
f 1909 1923 1907
f 1907 1923 1962
f 1962 1923 1973
f 1962 1973 1970
f 1970 1973 1974
f 1974 1973 1910
f 1974 1910 1916
f 1916 1910 1912
f 1916 1912 1958
f 1916 1958 1914
f 1914 1958 1943
f 1968 1960 1969
f 1960 1968 1931
f 1931 1968 1919
f 1931 1919 1932
f 1932 1919 1921
f 1932 1921 1962
f 1932 1962 1970
f 1975 1976 1977
f 1976 1975 1978
f 1978 1979 1976
f 1979 1978 1980
f 1981 1982 1983
f 1982 1981 1984
f 1983 1985 1986
f 1985 1983 1982
f 1987 1988 1989
f 1988 1987 1990
f 1991 1992 1993
f 1992 1991 1994
f 1995 1996 1997
f 1996 1995 1998
f 1994 1999 1992
f 1999 1994 2000
f 2001 2002 2003
f 2002 2001 2004
f 1979 2005 2006
f 2005 1979 1980
f 1999 2007 2008
f 2007 1999 2009
f 2009 1999 2010
f 2010 1999 2000
f 2011 2012 2013
f 2012 2011 2014
f 1991 2012 2014
f 2012 1991 1993
f 2007 2015 2011
f 2015 2007 2009
f 1994 2016 2017
f 2016 1994 1992
f 1990 2018 1988
f 2018 1990 2019
f 2015 2013 2011
f 2013 2015 2020
f 2021 2016 2022
f 2016 2021 2017
f 2017 2021 2010
f 2011 1991 2014
f 1991 2011 1994
f 1994 2011 2015
f 1994 2015 2017
f 2017 2015 2009
f 2017 2009 2010
f 2023 2024 2025
f 2024 2023 2026
f 2027 1984 1981
f 1984 2027 2028
f 2015 2029 2020
f 2029 2015 2030
f 2030 2015 2009
f 2031 2032 2033
f 2032 2031 2034
f 2030 2003 2029
f 2003 2030 2001
f 2035 2022 2036
f 2022 2035 2021
f 1986 2034 2031
f 2034 1986 1985
f 2032 1989 2033
f 1989 2032 1987
f 2000 2037 1999
f 2037 2000 2038
f 2039 2002 2004
f 2002 2039 2040
f 2006 2028 2027
f 2028 2006 2005
f 2017 2000 1994
f 2000 2017 2010
f 2019 2008 2018
f 2008 2019 2007
f 2007 2013 2008
f 2013 2007 2011
f 1995 2036 1998
f 2036 1995 2035
f 2019 2009 2007
f 2009 2019 2030
f 2030 2019 1990
f 2030 1990 2001
f 2001 1990 2004
f 2004 1990 1987
f 2004 1987 2039
f 2039 1987 2025
f 2025 1987 2023
f 2023 1987 1978
f 1978 1987 1980
f 1980 1987 2032
f 1980 2032 2005
f 2005 2032 2034
f 2005 2034 2028
f 2028 2034 1985
f 2028 1985 1984
f 1984 1985 1982
f 2021 2000 2010
f 2000 2021 2038
f 2038 2021 1975
f 1975 2021 2035
f 1975 2035 1995
f 1975 1995 1978
f 1978 1995 1997
f 1978 1997 2023
f 1997 2026 2023
f 2026 1997 1996
f 2038 1977 2037
f 1977 2038 1975
f 2025 2040 2039
f 2040 2025 2024
f 1993 2013 2012
f 2013 1993 1992
f 2013 1992 1999
f 2013 1999 2008
f 1999 2016 1992
f 2016 1999 2022
f 2022 1999 2037
f 2022 2037 1977
f 2022 1977 2036
f 2036 1977 1998
f 1998 1977 1976
f 1998 1976 1996
f 1996 1976 2026
f 2020 2008 2013
f 2008 2020 2029
f 2008 2029 2018
f 2018 2029 1988
f 1988 2029 2003
f 1988 2003 2002
f 1988 2002 1989
f 1989 2002 2040
f 1989 2040 2024
f 1989 2024 2026
f 1989 2026 1976
f 1989 1976 1979
f 1989 1979 2033
f 2033 1979 2006
f 2033 2006 2031
f 2031 2006 2027
f 2031 2027 1986
f 1986 2027 1981
f 1986 1981 1983
f 2041 2042 2043
f 2042 2041 2044
f 2045 2044 2042
f 2044 2045 2046
f 2042 2047 2043
f 2047 2042 2048
f 2048 2042 2045
f 2048 2045 2049
f 2050 2047 2048
f 2047 2050 2051
f 2052 2042 2053
f 2042 2052 2045
f 2054 2048 2049
f 2048 2054 2055
f 2048 2055 2050
f 2053 2044 2056
f 2044 2053 2042
f 2056 2044 2046
f 2056 2046 2057
f 2056 2057 2058
f 2058 2057 2059
f 2058 2059 2050
f 2058 2050 2055
f 2049 2050 2059
f 2050 2049 2048
f 2056 2060 2061
f 2060 2056 2058
f 2060 2055 2062
f 2055 2060 2058
f 2055 2063 2062
f 2063 2055 2054
f 2049 2063 2054
f 2063 2049 2064
f 2064 2049 2059
f 2064 2059 2057
f 2064 2052 2065
f 2052 2064 2045
f 2045 2064 2046
f 2046 2064 2057
f 2052 2066 2065
f 2066 2052 2053
f 2056 2066 2053
f 2066 2056 2061
f 2050 2041 2051
f 2041 2050 2044
f 2044 2050 2059
f 2044 2059 2046
f 2066 2043 2065
f 2043 2066 2041
f 2065 2043 2067
f 2061 2041 2066
f 2041 2061 2068
f 2068 2061 2064
f 2064 2061 2060
f 2064 2060 2069
f 2069 2060 2051
f 2051 2060 2062
f 2047 2063 2070
f 2063 2047 2062
f 2062 2047 2051
f 2071 2072 2073
f 2072 2071 2074
f 2075 2076 2077
f 2076 2075 2078
f 2076 2071 2073
f 2071 2076 2078
f 2079 2080 2081
f 2080 2079 2082
f 2082 2079 2083
f 2083 2084 2085
f 2084 2083 2079
f 2086 2087 2088
f 2087 2086 2077
f 2077 2086 2075
f 2074 2083 2082
f 2083 2074 2089
f 2089 2074 2086
f 2086 2074 2088
f 2088 2074 2071
f 2088 2071 2090
f 2090 2075 2086
f 2075 2090 2078
f 2078 2090 2071
f 2090 2086 2088
f 2085 2089 2091
f 2089 2085 2083
f 2083 2085 2082
f 2080 2091 2092
f 2091 2080 2085
f 2085 2080 2082
f 2093 2088 2087
f 2088 2093 2090
f 2080 2094 2081
f 2094 2080 2092
f 2091 2095 2096
f 2095 2091 2089
f 2082 2072 2074
f 2072 2082 2084
f 2084 2082 2085
f 2091 2094 2092
f 2094 2091 2096
f 2095 2090 2093
f 2090 2095 2086
f 2086 2095 2089
f 2079 2097 2084
f 2096 2084 2094
f 2084 2096 2095
f 2084 2095 2079
f 2077 2093 2098
f 2093 2077 2076
f 2093 2076 2073
f 2087 2073 2072
f 2073 2087 2093
f 2093 2087 2098
f 2079 2072 2097
f 2072 2079 2095
f 2072 2095 2098
f 2072 2098 2087
f 2084 2081 2094
f 2081 2084 2097
f 2099 2100 2101
f 2100 2099 2102
f 2102 2099 2103
f 2104 2105 2106
f 2105 2104 2107
f 2108 2102 2109
f 2102 2108 2100
f 2110 2111 2112
f 2111 2110 2113
f 2113 2110 2102
f 2113 2102 2109
f 2104 2111 2113
f 2111 2104 2106
f 2104 2114 2107
f 2114 2104 2113
f 2114 2113 2109
f 2107 2114 2103
f 2107 2103 2102
f 2107 2102 2110
f 2102 2114 2109
f 2114 2102 2103
f 2100 2115 2101
f 2115 2100 2108
f 2114 2099 2116
f 2099 2114 2103
f 2105 2110 2112
f 2110 2105 2107
f 2109 2115 2108
f 2115 2109 2116
f 2116 2109 2114
f 2105 2111 2106
f 2111 2105 2112
f 2116 2101 2115
f 2101 2116 2099
f 2117 2118 2119
f 2118 2117 2120
f 2119 2121 2122
f 2121 2119 2118
f 2123 2124 2125
f 2124 2123 2126
f 2127 2128 2129
f 2128 2127 2130
f 2122 2130 2127
f 2130 2122 2121
f 2128 2131 2129
f 2131 2128 2132
f 2132 2125 2131
f 2125 2132 2123
f 2133 2120 2117
f 2120 2133 2134
f 2135 2136 2137
f 2136 2135 2138
f 2139 2140 2141
f 2140 2139 2142
f 2143 2142 2139
f 2142 2143 2144
f 2145 2146 2147
f 2146 2145 2148
f 2149 2150 2151
f 2150 2149 2152
f 2153 2154 2155
f 2154 2153 2156
f 2157 2158 2159
f 2158 2157 2160
f 2161 2162 2163
f 2162 2161 2164
f 2165 2156 2153
f 2156 2165 2166
f 2164 2167 2162
f 2167 2164 2168
f 2169 2170 2171
f 2170 2169 2172
f 2138 2173 2136
f 2173 2138 2174
f 2160 2151 2158
f 2151 2160 2149
f 2175 2176 2177
f 2176 2175 2178
f 2179 2144 2143
f 2144 2179 2180
f 2181 2171 2182
f 2171 2181 2169
f 2183 2184 2185
f 2184 2183 2186
f 2186 2187 2184
f 2187 2186 2188
f 2165 2185 2166
f 2185 2165 2183
f 2188 2189 2187
f 2189 2188 2190
f 2191 2192 2193
f 2192 2191 2194
f 2195 2196 2197
f 2196 2195 2198
f 2199 2200 2201
f 2200 2199 2202
f 2203 2204 2205
f 2204 2203 2206
f 2207 2137 2208
f 2137 2207 2135
f 2209 2202 2199
f 2202 2209 2210
f 2146 2211 2147
f 2211 2146 2212
f 2212 2159 2211
f 2159 2212 2157
f 2168 2213 2167
f 2213 2168 2214
f 2215 2134 2133
f 2134 2215 2216
f 2213 2216 2215
f 2216 2213 2214
f 2201 2176 2178
f 2176 2201 2200
f 2198 2217 2196
f 2217 2198 2218
f 2190 2219 2189
f 2219 2190 2220
f 2172 2221 2170
f 2221 2172 2222
f 2220 2203 2219
f 2203 2220 2206
f 2194 2208 2192
f 2208 2194 2207
f 2173 2223 2224
f 2223 2173 2174
f 2181 2180 2179
f 2180 2181 2182
f 2218 2225 2217
f 2225 2218 2226
f 2204 2227 2205
f 2227 2204 2228
f 2224 2229 2230
f 2229 2224 2223
f 2230 2148 2145
f 2148 2230 2229
f 2152 2163 2150
f 2163 2152 2161
f 2222 2197 2221
f 2197 2222 2195
f 2226 2177 2225
f 2177 2226 2175
f 2155 2210 2209
f 2210 2155 2154
f 2228 2193 2227
f 2193 2228 2191
f 2231 2232 2233
f 2232 2231 2234
f 2235 2233 2236
f 2233 2235 2231
f 2234 2237 2232
f 2237 2234 2238
f 2238 2239 2237
f 2239 2238 2240
f 2240 2140 2239
f 2140 2240 2141
f 2185 2173 2224
f 2173 2185 2184
f 2173 2184 2136
f 2136 2184 2137
f 2137 2184 2187
f 2137 2187 2208
f 2208 2187 2189
f 2208 2189 2192
f 2192 2189 2193
f 2193 2189 2219
f 2193 2219 2227
f 2227 2219 2205
f 2205 2219 2203
f 2210 2200 2202
f 2200 2210 2154
f 2200 2154 2156
f 2200 2156 2176
f 2176 2156 2166
f 2176 2166 2177
f 2177 2166 2185
f 2177 2185 2225
f 2225 2185 2230
f 2225 2230 2145
f 2225 2145 2217
f 2230 2185 2224
f 2217 2145 2147
f 2217 2147 2211
f 2217 2211 2159
f 2217 2159 2158
f 2217 2158 2196
f 2196 2158 2197
f 2197 2158 2221
f 2221 2158 2170
f 2170 2158 2151
f 2170 2151 2150
f 2170 2150 2163
f 2170 2163 2162
f 2170 2162 2167
f 2170 2167 2171
f 2171 2167 2182
f 2182 2167 2180
f 2180 2167 2144
f 2144 2167 2131
f 2131 2167 2129
f 2129 2167 2213
f 2129 2213 2127
f 2127 2213 2215
f 2127 2215 2122
f 2122 2215 2133
f 2122 2133 2119
f 2119 2133 2117
f 2241 2242 2243
f 2242 2241 2244
f 2242 2244 2245
f 2245 2244 2236
f 2245 2236 2233
f 2245 2233 2124
f 2124 2233 2232
f 2124 2232 2237
f 2124 2237 2125
f 2125 2237 2239
f 2125 2239 2131
f 2131 2239 2140
f 2131 2140 2142
f 2131 2142 2144
f 2246 2243 2242
f 2243 2246 2247
f 2248 2242 2245
f 2242 2248 2246
f 2246 2249 2247
f 2249 2246 2250
f 2250 2246 2248
f 2250 2248 2235
f 2235 2248 2231
f 2231 2248 2126
f 2231 2126 2234
f 2234 2126 2123
f 2234 2123 2238
f 2238 2123 2240
f 2240 2123 2132
f 2240 2132 2141
f 2141 2132 2139
f 2139 2132 2143
f 2201 2209 2199
f 2209 2201 2155
f 2155 2201 2153
f 2153 2201 2178
f 2153 2178 2165
f 2165 2178 2175
f 2165 2175 2183
f 2183 2175 2226
f 2183 2226 2229
f 2229 2226 2148
f 2148 2226 2218
f 2183 2229 2223
f 2148 2218 2146
f 2146 2218 2212
f 2212 2218 2157
f 2157 2218 2160
f 2160 2218 2198
f 2160 2198 2195
f 2160 2195 2222
f 2160 2222 2172
f 2160 2172 2149
f 2149 2172 2152
f 2152 2172 2161
f 2161 2172 2164
f 2164 2172 2168
f 2168 2172 2169
f 2168 2169 2181
f 2168 2181 2179
f 2168 2179 2143
f 2168 2143 2132
f 2168 2132 2128
f 2168 2128 2214
f 2214 2128 2130
f 2214 2130 2216
f 2216 2130 2121
f 2216 2121 2134
f 2134 2121 2118
f 2134 2118 2120
f 2183 2174 2186
f 2174 2183 2223
f 2186 2174 2138
f 2186 2138 2135
f 2186 2135 2188
f 2188 2135 2207
f 2188 2207 2190
f 2190 2207 2194
f 2190 2194 2191
f 2190 2191 2220
f 2220 2191 2228
f 2220 2228 2204
f 2220 2204 2206
f 2249 2243 2247
f 2243 2249 2241
f 2249 2244 2241
f 2244 2249 2250
f 2250 2236 2244
f 2236 2250 2235
f 2126 2245 2124
f 2245 2126 2248
f 2251 2252 2253
f 2252 2251 2254
f 2254 2251 2255
f 2254 2256 2252
f 2256 2254 2257
f 2258 2259 2260
f 2259 2258 2261
f 2262 2263 2264
f 2263 2262 2265
f 2265 2262 2266
f 2265 2267 2263
f 2267 2265 2268
f 2267 2253 2263
f 2253 2267 2251
f 2267 2255 2251
f 2255 2267 2268
f 2255 2265 2254
f 2265 2255 2268
f 2265 2257 2254
f 2257 2265 2269
f 2269 2265 2266
f 2269 2266 2270
f 2257 2271 2256
f 2271 2257 2269
f 2271 2252 2256
f 2252 2271 2264
f 2264 2271 2272
f 2264 2272 2262
f 2263 2252 2264
f 2252 2263 2253
f 2270 2273 2266
f 2273 2270 2274
f 2273 2258 2260
f 2258 2273 2274
f 2258 2275 2261
f 2275 2258 2272
f 2272 2258 2270
f 2270 2258 2274
f 2275 2259 2261
f 2259 2275 2276
f 2262 2259 2276
f 2259 2262 2260
f 2260 2262 2266
f 2260 2266 2273
f 2271 2270 2272
f 2270 2271 2269
f 2275 2262 2276
f 2262 2275 2272
f 2272 2266 2262
f 2266 2272 2270
f 2277 2278 2279
f 2278 2277 2280
f 2279 2278 2281
f 2278 2280 2282
f 2281 2283 2284
f 2283 2281 2278
f 2284 2283 2285
f 2284 2285 2286
f 2286 2285 2287
f 2287 2285 2288
f 2287 2288 2289
f 2289 2288 2290
f 2290 2288 2291
f 2290 2291 2292
f 2292 2291 2293
f 2293 2291 2294
f 2294 2291 2295
f 2296 2297 2298
f 2297 2296 2299
f 2299 2296 2300
f 2300 2296 2301
f 2301 2296 2302
f 2302 2296 2303
f 2302 2303 2304
f 2304 2303 2305
f 2304 2305 2306
f 2304 2306 2307
f 2307 2306 2308
f 2307 2308 2309
f 2307 2309 2310
f 2310 2309 2311
f 2310 2311 2312
f 2310 2312 2313
f 2310 2313 2314
f 2314 2313 2295
f 2314 2295 2291
f 2314 2291 2315
f 2314 2315 2316
f 2316 2315 2317
f 2316 2317 2318
f 2318 2317 2319
f 2318 2319 2320
f 2320 2319 2321
f 2320 2321 2322
f 2322 2321 2323
f 2324 2325 2326
f 2325 2324 2327
f 2327 2324 2328
f 2328 2324 2329
f 2328 2329 2330
f 2330 2329 2331
f 2331 2329 2332
f 2331 2332 2333
f 2333 2332 2334
f 2334 2332 2335
f 2335 2332 2336
f 2335 2336 2337
f 2337 2336 2338
f 2338 2336 2339
f 2339 2336 2340
f 2340 2336 2341
f 2340 2341 2342
f 2342 2341 2343
f 2342 2343 2344
f 2344 2343 2345
f 2344 2345 2346
f 2346 2345 2347
f 2346 2347 2348
f 2349 2350 2351
f 2350 2349 2352
f 2352 2349 2353
f 2352 2353 2354
f 2352 2354 2355
f 2355 2354 2356
f 2355 2356 2357
f 2355 2357 2339
f 2339 2357 2358
f 2339 2358 2359
f 2339 2359 2338
f 2351 2360 2361
f 2360 2351 2362
f 2360 2362 2363
f 2362 2351 2350
f 2363 2362 2364
f 2365 2366 2367
f 2366 2365 2368
f 2368 2365 2369
f 2368 2369 2370
f 2368 2370 2326
f 2368 2326 2325
f 2329 2304 2307
f 2304 2329 2324
f 2324 2302 2304
f 2302 2324 2326
f 2326 2301 2302
f 2301 2326 2370
f 2369 2301 2370
f 2301 2369 2300
f 2365 2300 2369
f 2300 2365 2299
f 2367 2299 2365
f 2299 2367 2297
f 2366 2297 2367
f 2297 2366 2298
f 2366 2296 2298
f 2296 2366 2368
f 2296 2325 2303
f 2325 2296 2368
f 2303 2327 2305
f 2327 2303 2325
f 2305 2328 2306
f 2328 2305 2327
f 2328 2308 2306
f 2308 2328 2330
f 2330 2309 2308
f 2309 2330 2331
f 2331 2311 2309
f 2311 2331 2333
f 2333 2312 2311
f 2312 2333 2334
f 2335 2312 2334
f 2312 2335 2313
f 2337 2313 2335
f 2313 2337 2295
f 2338 2295 2337
f 2295 2338 2294
f 2359 2294 2338
f 2294 2359 2293
f 2358 2293 2359
f 2293 2358 2292
f 2358 2290 2292
f 2290 2358 2357
f 2357 2289 2290
f 2289 2357 2356
f 2356 2287 2289
f 2287 2356 2354
f 2354 2286 2287
f 2286 2354 2353
f 2286 2349 2284
f 2349 2286 2353
f 2284 2351 2281
f 2351 2284 2349
f 2351 2279 2281
f 2279 2351 2361
f 2360 2279 2361
f 2279 2360 2277
f 2360 2280 2277
f 2280 2360 2363
f 2280 2364 2282
f 2364 2280 2363
f 2364 2278 2282
f 2278 2364 2362
f 2278 2350 2283
f 2350 2278 2362
f 2350 2285 2283
f 2285 2350 2352
f 2352 2288 2285
f 2288 2352 2355
f 2355 2291 2288
f 2291 2355 2339
f 2339 2315 2291
f 2315 2339 2340
f 2340 2317 2315
f 2317 2340 2342
f 2317 2344 2319
f 2344 2317 2342
f 2319 2346 2321
f 2346 2319 2344
f 2321 2348 2323
f 2348 2321 2346
f 2323 2347 2322
f 2347 2323 2348
f 2322 2345 2320
f 2345 2322 2347
f 2320 2343 2318
f 2343 2320 2345
f 2318 2341 2316
f 2341 2318 2343
f 2341 2314 2316
f 2314 2341 2336
f 2336 2310 2314
f 2310 2336 2332
f 2332 2307 2310
f 2307 2332 2329
f 2371 2372 2373
f 2372 2371 2374
f 2374 2371 2375
f 2376 2374 2377
f 2374 2376 2375
f 2375 2376 2378
f 2379 2380 2381
f 2380 2379 2382
f 2380 2382 2383
f 2383 2382 2384
f 2380 2371 2373
f 2371 2380 2383
f 2371 2385 2375
f 2385 2371 2384
f 2384 2371 2383
f 2379 2372 2374
f 2372 2379 2381
f 2380 2372 2381
f 2372 2380 2373
f 2386 2384 2385
f 2384 2386 2387
f 2382 2376 2377
f 2376 2382 2387
f 2387 2382 2384
f 2376 2386 2378
f 2386 2376 2387
f 2386 2375 2378
f 2375 2386 2385
f 2385 2374 2375
f 2374 2385 2379
f 2382 2374 2379
f 2374 2382 2377
f 2385 2382 2379
f 2382 2385 2384
f 2388 2389 2390
f 2389 2388 2391
f 2391 2388 2392
f 2391 2392 2393
f 2393 2392 2394
f 2393 2394 2395
f 2395 2394 2396
f 2396 2394 2397
f 2396 2397 2398
f 2398 2399 2400
f 2399 2398 2401
f 2401 2398 2397
f 2401 2397 2402
f 2401 2402 2403
f 2403 2402 2404
f 2404 2402 2405
f 2404 2405 2406
f 2406 2405 2407
f 2406 2407 2408
f 2408 2407 2409
f 2410 2411 2412
f 2411 2410 2413
f 2413 2410 2414
f 2413 2414 2415
f 2415 2414 2416
f 2415 2416 2417
f 2417 2416 2400
f 2417 2400 2399
f 2417 2399 2418
f 2418 2399 2419
f 2418 2419 2420
f 2420 2419 2421
f 2421 2419 2422
f 2423 2424 2425
f 2424 2423 2426
f 2426 2423 2427
f 2427 2423 2428
f 2427 2428 2429
f 2429 2428 2430
f 2429 2430 2431
f 2429 2431 2432
f 2432 2431 2422
f 2432 2422 2419
f 2432 2419 2433
f 2432 2433 2434
f 2434 2433 2435
f 2434 2435 2436
f 2436 2435 2437
f 2436 2437 2438
f 2438 2437 2439
f 2438 2439 2440
f 2440 2439 2441
f 2390 2442 2443
f 2442 2390 2424
f 2424 2390 2388
f 2424 2388 2426
f 2444 2445 2446
f 2445 2444 2447
f 2447 2444 2448
f 2448 2444 2449
f 2448 2449 2450
f 2450 2449 2451
f 2451 2449 2452
f 2451 2452 2453
f 2453 2452 2454
f 2454 2452 2455
f 2455 2452 2456
f 2456 2452 2457
f 2456 2457 2458
f 2458 2457 2459
f 2458 2459 2460
f 2460 2459 2461
f 2460 2461 2462
f 2462 2461 2463
f 2462 2463 2464
f 2465 2466 2467
f 2466 2465 2468
f 2468 2465 2469
f 2468 2469 2470
f 2470 2469 2471
f 2471 2469 2472
f 2471 2472 2473
f 2473 2472 2474
f 2474 2472 2475
f 2474 2475 2455
f 2455 2475 2476
f 2455 2476 2454
f 2474 2477 2473
f 2477 2474 2478
f 2477 2478 2479
f 2479 2478 2480
f 2480 2478 2481
f 2480 2481 2482
f 2480 2482 2483
f 2483 2482 2484
f 2483 2484 2485
f 2485 2484 2486
f 2485 2486 2487
f 2488 2489 2490
f 2489 2488 2491
f 2491 2488 2492
f 2491 2492 2493
f 2493 2492 2494
f 2493 2494 2495
f 2493 2495 2479
f 2479 2495 2477
f 2496 2423 2425
f 2423 2496 2447
f 2447 2496 2445
f 2447 2428 2423
f 2428 2447 2448
f 2448 2430 2428
f 2430 2448 2450
f 2451 2430 2450
f 2430 2451 2431
f 2453 2431 2451
f 2431 2453 2422
f 2454 2422 2453
f 2422 2454 2421
f 2476 2421 2454
f 2421 2476 2420
f 2475 2420 2476
f 2420 2475 2418
f 2472 2418 2475
f 2418 2472 2417
f 2472 2415 2417
f 2415 2472 2469
f 2469 2413 2415
f 2413 2469 2465
f 2465 2411 2413
f 2411 2465 2497
f 2497 2465 2467
f 2498 2411 2497
f 2411 2498 2412
f 2498 2410 2412
f 2410 2498 2468
f 2468 2498 2466
f 2468 2414 2410
f 2414 2468 2470
f 2470 2416 2414
f 2416 2470 2471
f 2473 2416 2471
f 2416 2473 2400
f 2477 2400 2473
f 2400 2477 2398
f 2495 2398 2477
f 2398 2495 2396
f 2494 2396 2495
f 2396 2494 2395
f 2494 2393 2395
f 2393 2494 2492
f 2492 2391 2393
f 2391 2492 2488
f 2488 2389 2391
f 2389 2488 2499
f 2499 2488 2490
f 2500 2389 2499
f 2389 2500 2390
f 2489 2392 2388
f 2392 2489 2491
f 2491 2394 2392
f 2394 2491 2493
f 2493 2397 2394
f 2397 2493 2479
f 2479 2402 2397
f 2402 2479 2480
f 2402 2483 2405
f 2483 2402 2480
f 2405 2485 2407
f 2485 2405 2483
f 2407 2487 2409
f 2487 2407 2485
f 2409 2486 2408
f 2486 2409 2487
f 2408 2484 2406
f 2484 2408 2486
f 2406 2482 2404
f 2482 2406 2484
f 2482 2403 2404
f 2403 2482 2481
f 2481 2401 2403
f 2401 2481 2478
f 2478 2399 2401
f 2399 2478 2474
f 2474 2419 2399
f 2419 2474 2455
f 2455 2433 2419
f 2433 2455 2456
f 2456 2435 2433
f 2435 2456 2458
f 2435 2460 2437
f 2460 2435 2458
f 2437 2462 2439
f 2462 2437 2460
f 2439 2464 2441
f 2464 2439 2462
f 2441 2463 2440
f 2463 2441 2464
f 2440 2461 2438
f 2461 2440 2463
f 2438 2459 2436
f 2459 2438 2461
f 2436 2457 2434
f 2457 2436 2459
f 2457 2432 2434
f 2432 2457 2452
f 2452 2429 2432
f 2429 2452 2449
f 2449 2427 2429
f 2427 2449 2444
f 2444 2426 2427
f 2426 2444 2446
f 2496 2424 2501
f 2424 2496 2425
f 2490 2500 2499
f 2500 2490 2489
f 2502 2390 2443
f 2390 2502 2500
f 2500 2388 2390
f 2388 2500 2489
f 2388 2446 2426
f 2446 2388 2445
f 2445 2388 2467
f 2467 2388 2466
f 2466 2388 2490
f 2490 2388 2489
f 2446 2424 2426
f 2424 2446 2501
f 2501 2442 2424
f 2442 2501 2503
f 2502 2442 2503
f 2442 2502 2443
f 2446 2496 2501
f 2496 2446 2445
f 2445 2497 2496
f 2497 2445 2467
f 2466 2499 2498
f 2499 2466 2490
f 2501 2502 2503
f 2502 2501 2500
f 2500 2501 2496
f 2500 2496 2497
f 2500 2497 2498
f 2500 2498 2499
f 2467 2498 2497
f 2498 2467 2466
f 2504 2505 2506
f 2505 2504 2507
f 2505 2507 2508
f 2508 2507 2509
f 2509 2507 2510
f 2509 2510 2511
f 2511 2510 2512
f 2511 2512 2513
f 2513 2512 2514
f 2514 2512 2515
f 2514 2515 2516
f 2516 2515 2517
f 2517 2515 2518
f 2519 2520 2521
f 2520 2519 2522
f 2522 2519 2523
f 2522 2523 2524
f 2524 2523 2525
f 2524 2525 2526
f 2526 2525 2504
f 2526 2504 2527
f 2527 2504 2528
f 2527 2528 2529
f 2527 2529 2530
f 2528 2504 2506
f 2530 2529 2531
f 2530 2531 2532
f 2530 2532 2533
f 2530 2533 2534
f 2530 2534 2535
f 2535 2534 2536
f 2536 2534 2537
f 2537 2534 2538
f 2538 2534 2539
f 2538 2539 2540
f 2538 2540 2541
f 2538 2541 2542
f 2538 2542 2543
f 2538 2543 2544
f 2544 2543 2545
f 2545 2543 2546
f 2546 2543 2547
f 2547 2543 2548
f 2548 2543 2549
f 2549 2543 2550
f 2550 2543 2551
f 2550 2551 2552
f 2552 2551 2553
f 2552 2553 2554
f 2554 2553 2555
f 2554 2555 2556
f 2556 2555 2557
f 2558 2559 2560
f 2559 2558 2561
f 2559 2561 2562
f 2562 2561 2563
f 2562 2563 2564
f 2562 2564 2565
f 2565 2564 2566
f 2565 2566 2567
f 2565 2567 2568
f 2568 2567 2569
f 2568 2569 2549
f 2549 2569 2570
f 2549 2570 2548
f 2571 2572 2573
f 2572 2571 2574
f 2574 2571 2575
f 2574 2575 2576
f 2576 2575 2577
f 2577 2575 2578
f 2577 2578 2579
f 2579 2578 2580
f 2579 2580 2581
f 2581 2580 2582
f 2582 2580 2583
f 2582 2583 2584
f 2584 2583 2585
f 2585 2583 2586
f 2587 2588 2589
f 2588 2587 2590
f 2590 2587 2591
f 2591 2587 2592
f 2591 2592 2593
f 2593 2592 2594
f 2593 2594 2595
f 2595 2594 2596
f 2595 2596 2597
f 2597 2596 2598
f 2598 2596 2599
f 2598 2599 2600
f 2600 2599 2601
f 2601 2599 2602
f 2602 2599 2603
f 2603 2599 2604
f 2603 2604 2605
f 2603 2605 2606
f 2603 2606 2607
f 2603 2607 2608
f 2608 2607 2609
f 2609 2607 2610
f 2610 2607 2611
f 2611 2607 2612
f 2612 2607 2613
f 2612 2613 2614
f 2612 2614 2615
f 2612 2615 2586
f 2612 2586 2583
f 2612 2583 2616
f 2612 2616 2617
f 2617 2616 2618
f 2617 2618 2619
f 2619 2618 2620
f 2619 2620 2621
f 2621 2620 2622
f 2621 2622 2623
f 2595 2624 2625
f 2624 2595 2626
f 2626 2595 2597
f 2625 2624 2627
f 2625 2627 2628
f 2625 2628 2629
f 2629 2628 2630
f 2629 2630 2631
f 2629 2631 2632
f 2632 2631 2633
f 2632 2633 2634
f 2634 2633 2635
f 2634 2635 2636
f 2634 2636 2637
f 2578 2562 2565
f 2562 2578 2575
f 2575 2559 2562
f 2559 2575 2571
f 2571 2560 2559
f 2560 2571 2573
f 2572 2560 2573
f 2560 2572 2558
f 2572 2561 2558
f 2561 2572 2574
f 2574 2563 2561
f 2563 2574 2576
f 2576 2564 2563
f 2564 2576 2577
f 2577 2566 2564
f 2566 2577 2579
f 2579 2567 2566
f 2567 2579 2581
f 2581 2569 2567
f 2569 2581 2582
f 2582 2570 2569
f 2570 2582 2584
f 2585 2570 2584
f 2570 2585 2548
f 2586 2548 2585
f 2548 2586 2547
f 2615 2547 2586
f 2547 2615 2546
f 2614 2546 2615
f 2546 2614 2545
f 2614 2544 2545
f 2544 2614 2613
f 2613 2538 2544
f 2538 2613 2607
f 2607 2537 2538
f 2537 2607 2606
f 2606 2536 2537
f 2536 2606 2605
f 2605 2535 2536
f 2535 2605 2604
f 2604 2530 2535
f 2530 2604 2599
f 2599 2527 2530
f 2527 2599 2596
f 2596 2526 2527
f 2526 2596 2594
f 2594 2524 2526
f 2524 2594 2592
f 2587 2524 2592
f 2524 2587 2522
f 2589 2522 2587
f 2522 2589 2520
f 2588 2520 2589
f 2520 2588 2521
f 2590 2521 2588
f 2521 2590 2519
f 2591 2519 2590
f 2519 2591 2523
f 2593 2523 2591
f 2523 2593 2525
f 2593 2504 2525
f 2504 2593 2595
f 2595 2507 2504
f 2507 2595 2625
f 2625 2510 2507
f 2510 2625 2629
f 2629 2512 2510
f 2512 2629 2632
f 2632 2515 2512
f 2515 2632 2634
f 2634 2518 2515
f 2518 2634 2637
f 2518 2636 2517
f 2636 2518 2637
f 2636 2516 2517
f 2516 2636 2635
f 2635 2514 2516
f 2514 2635 2633
f 2633 2513 2514
f 2513 2633 2631
f 2631 2511 2513
f 2511 2631 2630
f 2630 2509 2511
f 2509 2630 2628
f 2628 2508 2509
f 2508 2628 2627
f 2627 2505 2508
f 2505 2627 2624
f 2505 2626 2506
f 2626 2505 2624
f 2506 2597 2528
f 2597 2506 2626
f 2528 2598 2529
f 2598 2528 2597
f 2529 2600 2531
f 2600 2529 2598
f 2600 2532 2531
f 2532 2600 2601
f 2601 2533 2532
f 2533 2601 2602
f 2602 2534 2533
f 2534 2602 2603
f 2603 2539 2534
f 2539 2603 2608
f 2608 2540 2539
f 2540 2608 2609
f 2609 2541 2540
f 2541 2609 2610
f 2610 2542 2541
f 2542 2610 2611
f 2611 2543 2542
f 2543 2611 2612
f 2612 2551 2543
f 2551 2612 2617
f 2551 2619 2553
f 2619 2551 2617
f 2553 2621 2555
f 2621 2553 2619
f 2555 2623 2557
f 2623 2555 2621
f 2557 2622 2556
f 2622 2557 2623
f 2556 2620 2554
f 2620 2556 2622
f 2554 2618 2552
f 2618 2554 2620
f 2552 2616 2550
f 2616 2552 2618
f 2616 2549 2550
f 2549 2616 2583
f 2583 2568 2549
f 2568 2583 2580
f 2580 2565 2568
f 2565 2580 2578
