ISO-10303-21;
HEADER;
FILE_DESCRIPTION(('Open CASCADE Model'),'2;1');
FILE_NAME('barra_olimpica','2000-01-01T00:00:00',('Author'),(
    'Open CASCADE'),'Open CASCADE STEP processor 7.9','cadgen','Unknown'
  );
FILE_SCHEMA(('AUTOMOTIVE_DESIGN { 1 0 10303 214 1 1 1 1 }'));
ENDSEC;
DATA;
#1 = APPLICATION_PROTOCOL_DEFINITION('international standard',
  'automotive_design',2000,#2);
#2 = APPLICATION_CONTEXT(
  'core data for automotive mechanical design processes');
#3 = SHAPE_DEFINITION_REPRESENTATION(#4,#10);
#4 = PRODUCT_DEFINITION_SHAPE('','',#5);
#5 = PRODUCT_DEFINITION('design','',#6,#9);
#6 = PRODUCT_DEFINITION_FORMATION('','',#7);
#7 = PRODUCT('=>[0:1:1:2]','=>[0:1:1:2]','',(#8));
#8 = PRODUCT_CONTEXT('',#2,'mechanical');
#9 = PRODUCT_DEFINITION_CONTEXT('part definition',#2,'design');
#10 = SHAPE_REPRESENTATION('',(#11,#15),#19);
#11 = AXIS2_PLACEMENT_3D('',#12,#13,#14);
#12 = CARTESIAN_POINT('',(0.,0.,0.));
#13 = DIRECTION('',(0.,0.,1.));
#14 = DIRECTION('',(1.,0.,-0.));
#15 = AXIS2_PLACEMENT_3D('',#16,#17,#18);
#16 = CARTESIAN_POINT('',(0.,0.,0.));
#17 = DIRECTION('',(0.,0.,1.));
#18 = DIRECTION('',(1.,0.,0.));
#19 = ( GEOMETRIC_REPRESENTATION_CONTEXT(3) 
GLOBAL_UNCERTAINTY_ASSIGNED_CONTEXT((#23)) GLOBAL_UNIT_ASSIGNED_CONTEXT(
(#20,#21,#22)) REPRESENTATION_CONTEXT('Context #1',
  '3D Context with UNIT and UNCERTAINTY') );
#20 = ( LENGTH_UNIT() NAMED_UNIT(*) SI_UNIT(.MILLI.,.METRE.) );
#21 = ( NAMED_UNIT(*) PLANE_ANGLE_UNIT() SI_UNIT($,.RADIAN.) );
#22 = ( NAMED_UNIT(*) SI_UNIT($,.STERADIAN.) SOLID_ANGLE_UNIT() );
#23 = UNCERTAINTY_MEASURE_WITH_UNIT(LENGTH_MEASURE(1.E-07),#20,
  'distance_accuracy_value','confusion accuracy');
#24 = PRODUCT_RELATED_PRODUCT_CATEGORY('part',$,(#7));
#25 = SHAPE_DEFINITION_REPRESENTATION(#26,#32);
#26 = PRODUCT_DEFINITION_SHAPE('','',#27);
#27 = PRODUCT_DEFINITION('design','',#28,#31);
#28 = PRODUCT_DEFINITION_FORMATION('','',#29);
#29 = PRODUCT('barra_olimpica','barra_olimpica','',(#30));
#30 = PRODUCT_CONTEXT('',#2,'mechanical');
#31 = PRODUCT_DEFINITION_CONTEXT('part definition',#2,'design');
#32 = ADVANCED_BREP_SHAPE_REPRESENTATION('',(#11,#33),#17937);
#33 = MANIFOLD_SOLID_BREP('',#34);
#34 = CLOSED_SHELL('',(#35,#123,#176,#211,#215,#270,#305,#360,#415,#470,
    #525,#580,#635,#690,#745,#800,#855,#910,#965,#1020,#1075,#1130,#1185
    ,#1240,#1295,#1350,#1405,#1460,#1515,#1570,#1625,#1680,#1735,#1790,
    #1845,#1900,#1955,#2010,#2065,#2120,#2175,#2230,#2285,#2340,#2395,
    #2450,#2505,#2560,#2615,#2670,#2725,#2780,#2835,#2890,#2945,#3000,
    #3055,#3110,#3165,#3220,#3275,#3330,#3385,#3440,#3495,#3550,#3605,
    #3660,#3715,#3770,#3825,#3880,#3935,#3990,#4045,#4100,#4155,#4210,
    #4265,#4320,#4375,#4430,#4485,#4540,#4595,#4650,#4705,#4760,#4815,
    #4870,#4925,#4980,#5035,#5090,#5145,#5200,#5255,#5310,#5365,#5420,
    #5475,#5530,#5585,#5640,#5695,#5750,#5805,#5860,#5915,#5970,#6025,
    #6080,#6135,#6190,#6245,#6300,#6355,#6410,#6465,#6520,#6575,#6630,
    #6685,#6740,#6795,#6850,#6905,#6960,#7015,#7070,#7125,#7180,#7235,
    #7290,#7345,#7400,#7455,#7510,#7565,#7620,#7675,#7730,#7785,#7840,
    #7895,#7950,#8005,#8060,#8115,#8170,#8225,#8280,#8335,#8390,#8445,
    #8500,#8555,#8610,#8665,#8720,#8775,#8830,#8885,#8940,#8975,#9030,
    #9085,#9140,#9195,#9250,#9305,#9360,#9415,#9470,#9525,#9580,#9635,
    #9690,#9745,#9800,#9855,#9910,#9965,#10020,#10075,#10130,#10185,
    #10240,#10295,#10350,#10405,#10460,#10515,#10570,#10625,#10680,
    #10735,#10790,#10845,#10900,#10955,#11010,#11065,#11120,#11175,
    #11230,#11285,#11340,#11395,#11450,#11505,#11560,#11615,#11670,
    #11725,#11780,#11835,#11890,#11945,#12000,#12055,#12110,#12165,
    #12220,#12275,#12330,#12385,#12440,#12495,#12550,#12605,#12660,
    #12715,#12770,#12825,#12880,#12935,#12990,#13045,#13100,#13155,
    #13210,#13265,#13320,#13375,#13430,#13485,#13540,#13595,#13650,
    #13705,#13760,#13815,#13870,#13925,#13980,#14035,#14070,#14125,
    #14180,#14235,#14290,#14345,#14400,#14455,#14510,#14565,#14620,
    #14675,#14730,#14785,#14840,#14895,#14950,#15005,#15060,#15115,
    #15170,#15225,#15280,#15335,#15390,#15445,#15500,#15555,#15610,
    #15665,#15720,#15775,#15830,#15885,#15940,#15995,#16050,#16105,
    #16160,#16215,#16270,#16325,#16380,#16435,#16490,#16545,#16600,
    #16655,#16710,#16765,#16820,#16875,#16930,#16985,#17040,#17095,
    #17150,#17205,#17260,#17315,#17370,#17425,#17480,#17535,#17590,
    #17645,#17700,#17735,#17790,#17825,#17880,#17933));
#35 = ADVANCED_FACE('',(#36),#50,.T.);
#36 = FACE_BOUND('',#37,.T.);
#37 = EDGE_LOOP('',(#38,#68,#95,#96));
#38 = ORIENTED_EDGE('',*,*,#39,.T.);
#39 = EDGE_CURVE('',#40,#42,#44,.T.);
#40 = VERTEX_POINT('',#41);
#41 = CARTESIAN_POINT('',(24.7,0.,-1.0985E+03));
#42 = VERTEX_POINT('',#43);
#43 = CARTESIAN_POINT('',(24.7,-6.049755187788E-15,-667.));
#44 = SEAM_CURVE('',#45,(#49,#61),.PCURVE_S1.);
#45 = LINE('',#46,#47);
#46 = CARTESIAN_POINT('',(24.7,-6.049755187788E-15,-1.1E+03));
#47 = VECTOR('',#48,1.);
#48 = DIRECTION('',(0.,0.,1.));
#49 = PCURVE('',#50,#55);
#50 = CYLINDRICAL_SURFACE('',#51,24.7);
#51 = AXIS2_PLACEMENT_3D('',#52,#53,#54);
#52 = CARTESIAN_POINT('',(0.,0.,-1.1E+03));
#53 = DIRECTION('',(0.,0.,1.));
#54 = DIRECTION('',(1.,0.,0.));
#55 = DEFINITIONAL_REPRESENTATION('',(#56),#60);
#56 = LINE('',#57,#58);
#57 = CARTESIAN_POINT('',(6.28318530718,-0.));
#58 = VECTOR('',#59,1.);
#59 = DIRECTION('',(0.,1.));
#60 = ( GEOMETRIC_REPRESENTATION_CONTEXT(2) 
PARAMETRIC_REPRESENTATION_CONTEXT() REPRESENTATION_CONTEXT('2D SPACE',''
  ) );
#61 = PCURVE('',#50,#62);
#62 = DEFINITIONAL_REPRESENTATION('',(#63),#67);
#63 = LINE('',#64,#65);
#64 = CARTESIAN_POINT('',(0.,-0.));
#65 = VECTOR('',#66,1.);
#66 = DIRECTION('',(0.,1.));
#67 = ( GEOMETRIC_REPRESENTATION_CONTEXT(2) 
PARAMETRIC_REPRESENTATION_CONTEXT() REPRESENTATION_CONTEXT('2D SPACE',''
  ) );
#68 = ORIENTED_EDGE('',*,*,#69,.F.);
#69 = EDGE_CURVE('',#42,#42,#70,.T.);
#70 = SURFACE_CURVE('',#71,(#76,#83),.PCURVE_S1.);
#71 = CIRCLE('',#72,24.7);
#72 = AXIS2_PLACEMENT_3D('',#73,#74,#75);
#73 = CARTESIAN_POINT('',(0.,0.,-667.));
#74 = DIRECTION('',(0.,0.,1.));
#75 = DIRECTION('',(1.,0.,0.));
#76 = PCURVE('',#50,#77);
#77 = DEFINITIONAL_REPRESENTATION('',(#78),#82);
#78 = LINE('',#79,#80);
#79 = CARTESIAN_POINT('',(0.,433.));
#80 = VECTOR('',#81,1.);
#81 = DIRECTION('',(1.,0.));
#82 = ( GEOMETRIC_REPRESENTATION_CONTEXT(2) 
PARAMETRIC_REPRESENTATION_CONTEXT() REPRESENTATION_CONTEXT('2D SPACE',''
  ) );
#83 = PCURVE('',#84,#89);
#84 = PLANE('',#85);
#85 = AXIS2_PLACEMENT_3D('',#86,#87,#88);
#86 = CARTESIAN_POINT('',(0.,0.,-667.));
#87 = DIRECTION('',(0.,0.,1.));
#88 = DIRECTION('',(1.,0.,0.));
#89 = DEFINITIONAL_REPRESENTATION('',(#90),#94);
#90 = CIRCLE('',#91,24.7);
#91 = AXIS2_PLACEMENT_2D('',#92,#93);
#92 = CARTESIAN_POINT('',(0.,0.));
#93 = DIRECTION('',(1.,0.));
#94 = ( GEOMETRIC_REPRESENTATION_CONTEXT(2) 
PARAMETRIC_REPRESENTATION_CONTEXT() REPRESENTATION_CONTEXT('2D SPACE',''
  ) );
#95 = ORIENTED_EDGE('',*,*,#39,.F.);
#96 = ORIENTED_EDGE('',*,*,#97,.T.);
#97 = EDGE_CURVE('',#40,#40,#98,.T.);
#98 = SURFACE_CURVE('',#99,(#104,#111),.PCURVE_S1.);
#99 = CIRCLE('',#100,24.7);
#100 = AXIS2_PLACEMENT_3D('',#101,#102,#103);
#101 = CARTESIAN_POINT('',(0.,0.,-1.0985E+03));
#102 = DIRECTION('',(0.,0.,1.));
#103 = DIRECTION('',(1.,0.,-0.));
#104 = PCURVE('',#50,#105);
#105 = DEFINITIONAL_REPRESENTATION('',(#106),#110);
#106 = LINE('',#107,#108);
#107 = CARTESIAN_POINT('',(0.,1.5));
#108 = VECTOR('',#109,1.);
#109 = DIRECTION('',(1.,0.));
#110 = ( GEOMETRIC_REPRESENTATION_CONTEXT(2) 
PARAMETRIC_REPRESENTATION_CONTEXT() REPRESENTATION_CONTEXT('2D SPACE',''
  ) );
#111 = PCURVE('',#112,#117);
#112 = CONICAL_SURFACE('',#113,24.7,0.785398163397);
#113 = AXIS2_PLACEMENT_3D('',#114,#115,#116);
#114 = CARTESIAN_POINT('',(0.,0.,-1.0985E+03));
#115 = DIRECTION('',(0.,0.,1.));
#116 = DIRECTION('',(1.,0.,-0.));
#117 = DEFINITIONAL_REPRESENTATION('',(#118),#122);
#118 = LINE('',#119,#120);
#119 = CARTESIAN_POINT('',(0.,-0.));
#120 = VECTOR('',#121,1.);
#121 = DIRECTION('',(1.,-0.));
#122 = ( GEOMETRIC_REPRESENTATION_CONTEXT(2) 
PARAMETRIC_REPRESENTATION_CONTEXT() REPRESENTATION_CONTEXT('2D SPACE',''
  ) );
#123 = ADVANCED_FACE('',(#124),#112,.T.);
#124 = FACE_BOUND('',#125,.F.);
#125 = EDGE_LOOP('',(#126,#147,#148,#149));
#126 = ORIENTED_EDGE('',*,*,#127,.F.);
#127 = EDGE_CURVE('',#40,#128,#130,.T.);
#128 = VERTEX_POINT('',#129);
#129 = CARTESIAN_POINT('',(23.2,0.,-1.1E+03));
#130 = SEAM_CURVE('',#131,(#135,#141),.PCURVE_S1.);
#131 = LINE('',#132,#133);
#132 = CARTESIAN_POINT('',(24.7,0.,-1.0985E+03));
#133 = VECTOR('',#134,1.);
#134 = DIRECTION('',(-0.707106781187,-0.,-0.707106781187));
#135 = PCURVE('',#112,#136);
#136 = DEFINITIONAL_REPRESENTATION('',(#137),#140);
#137 = B_SPLINE_CURVE_WITH_KNOTS('',1,(#138,#139),.UNSPECIFIED.,.F.,.F.,
  (2,2),(0.,2.12132034356),.PIECEWISE_BEZIER_KNOTS.);
#138 = CARTESIAN_POINT('',(0.,0.));
#139 = CARTESIAN_POINT('',(0.,-1.5));
#140 = ( GEOMETRIC_REPRESENTATION_CONTEXT(2) 
PARAMETRIC_REPRESENTATION_CONTEXT() REPRESENTATION_CONTEXT('2D SPACE',''
  ) );
#141 = PCURVE('',#112,#142);
#142 = DEFINITIONAL_REPRESENTATION('',(#143),#146);
#143 = B_SPLINE_CURVE_WITH_KNOTS('',1,(#144,#145),.UNSPECIFIED.,.F.,.F.,
  (2,2),(0.,2.12132034356),.PIECEWISE_BEZIER_KNOTS.);
#144 = CARTESIAN_POINT('',(6.28318530718,0.));
#145 = CARTESIAN_POINT('',(6.28318530718,-1.5));
#146 = ( GEOMETRIC_REPRESENTATION_CONTEXT(2) 
PARAMETRIC_REPRESENTATION_CONTEXT() REPRESENTATION_CONTEXT('2D SPACE',''
  ) );
#147 = ORIENTED_EDGE('',*,*,#97,.T.);
#148 = ORIENTED_EDGE('',*,*,#127,.T.);
#149 = ORIENTED_EDGE('',*,*,#150,.F.);
#150 = EDGE_CURVE('',#128,#128,#151,.T.);
#151 = SURFACE_CURVE('',#152,(#157,#164),.PCURVE_S1.);
#152 = CIRCLE('',#153,23.2);
#153 = AXIS2_PLACEMENT_3D('',#154,#155,#156);
#154 = CARTESIAN_POINT('',(0.,0.,-1.1E+03));
#155 = DIRECTION('',(0.,0.,1.));
#156 = DIRECTION('',(1.,0.,-0.));
#157 = PCURVE('',#112,#158);
#158 = DEFINITIONAL_REPRESENTATION('',(#159),#163);
#159 = LINE('',#160,#161);
#160 = CARTESIAN_POINT('',(0.,-1.5));
#161 = VECTOR('',#162,1.);
#162 = DIRECTION('',(1.,-0.));
#163 = ( GEOMETRIC_REPRESENTATION_CONTEXT(2) 
PARAMETRIC_REPRESENTATION_CONTEXT() REPRESENTATION_CONTEXT('2D SPACE',''
  ) );
#164 = PCURVE('',#165,#170);
#165 = PLANE('',#166);
#166 = AXIS2_PLACEMENT_3D('',#167,#168,#169);
#167 = CARTESIAN_POINT('',(0.,0.,-1.1E+03));
#168 = DIRECTION('',(0.,0.,1.));
#169 = DIRECTION('',(1.,0.,0.));
#170 = DEFINITIONAL_REPRESENTATION('',(#171),#175);
#171 = CIRCLE('',#172,23.2);
#172 = AXIS2_PLACEMENT_2D('',#173,#174);
#173 = CARTESIAN_POINT('',(0.,0.));
#174 = DIRECTION('',(1.,0.));
#175 = ( GEOMETRIC_REPRESENTATION_CONTEXT(2) 
PARAMETRIC_REPRESENTATION_CONTEXT() REPRESENTATION_CONTEXT('2D SPACE',''
  ) );
#176 = ADVANCED_FACE('',(#177,#208),#84,.F.);
#177 = FACE_BOUND('',#178,.F.);
#178 = EDGE_LOOP('',(#179));
#179 = ORIENTED_EDGE('',*,*,#180,.T.);
#180 = EDGE_CURVE('',#181,#181,#183,.T.);
#181 = VERTEX_POINT('',#182);
#182 = CARTESIAN_POINT('',(31.,-7.592810154714E-15,-667.));
#183 = SURFACE_CURVE('',#184,(#189,#196),.PCURVE_S1.);
#184 = CIRCLE('',#185,31.);
#185 = AXIS2_PLACEMENT_3D('',#186,#187,#188);
#186 = CARTESIAN_POINT('',(0.,0.,-667.));
#187 = DIRECTION('',(0.,0.,1.));
#188 = DIRECTION('',(1.,0.,0.));
#189 = PCURVE('',#84,#190);
#190 = DEFINITIONAL_REPRESENTATION('',(#191),#195);
#191 = CIRCLE('',#192,31.);
#192 = AXIS2_PLACEMENT_2D('',#193,#194);
#193 = CARTESIAN_POINT('',(0.,0.));
#194 = DIRECTION('',(1.,0.));
#195 = ( GEOMETRIC_REPRESENTATION_CONTEXT(2) 
PARAMETRIC_REPRESENTATION_CONTEXT() REPRESENTATION_CONTEXT('2D SPACE',''
  ) );
#196 = PCURVE('',#197,#202);
#197 = CYLINDRICAL_SURFACE('',#198,31.);
#198 = AXIS2_PLACEMENT_3D('',#199,#200,#201);
#199 = CARTESIAN_POINT('',(0.,0.,-667.));
#200 = DIRECTION('',(0.,0.,1.));
#201 = DIRECTION('',(1.,0.,0.));
#202 = DEFINITIONAL_REPRESENTATION('',(#203),#207);
#203 = LINE('',#204,#205);
#204 = CARTESIAN_POINT('',(0.,0.));
#205 = VECTOR('',#206,1.);
#206 = DIRECTION('',(1.,0.));
#207 = ( GEOMETRIC_REPRESENTATION_CONTEXT(2) 
PARAMETRIC_REPRESENTATION_CONTEXT() REPRESENTATION_CONTEXT('2D SPACE',''
  ) );
#208 = FACE_BOUND('',#209,.F.);
#209 = EDGE_LOOP('',(#210));
#210 = ORIENTED_EDGE('',*,*,#69,.F.);
#211 = ADVANCED_FACE('',(#212),#165,.F.);
#212 = FACE_BOUND('',#213,.F.);
#213 = EDGE_LOOP('',(#214));
#214 = ORIENTED_EDGE('',*,*,#150,.T.);
#215 = ADVANCED_FACE('',(#216),#197,.T.);
#216 = FACE_BOUND('',#217,.T.);
#217 = EDGE_LOOP('',(#218,#247,#268,#269));
#218 = ORIENTED_EDGE('',*,*,#219,.F.);
#219 = EDGE_CURVE('',#220,#220,#222,.T.);
#220 = VERTEX_POINT('',#221);
#221 = CARTESIAN_POINT('',(31.,-7.592810154714E-15,-655.));
#222 = SURFACE_CURVE('',#223,(#228,#235),.PCURVE_S1.);
#223 = CIRCLE('',#224,31.);
#224 = AXIS2_PLACEMENT_3D('',#225,#226,#227);
#225 = CARTESIAN_POINT('',(0.,0.,-655.));
#226 = DIRECTION('',(0.,0.,1.));
#227 = DIRECTION('',(1.,0.,0.));
#228 = PCURVE('',#197,#229);
#229 = DEFINITIONAL_REPRESENTATION('',(#230),#234);
#230 = LINE('',#231,#232);
#231 = CARTESIAN_POINT('',(0.,12.));
#232 = VECTOR('',#233,1.);
#233 = DIRECTION('',(1.,0.));
#234 = ( GEOMETRIC_REPRESENTATION_CONTEXT(2) 
PARAMETRIC_REPRESENTATION_CONTEXT() REPRESENTATION_CONTEXT('2D SPACE',''
  ) );
#235 = PCURVE('',#236,#241);
#236 = PLANE('',#237);
#237 = AXIS2_PLACEMENT_3D('',#238,#239,#240);
#238 = CARTESIAN_POINT('',(0.,0.,-655.));
#239 = DIRECTION('',(0.,0.,1.));
#240 = DIRECTION('',(1.,0.,0.));
#241 = DEFINITIONAL_REPRESENTATION('',(#242),#246);
#242 = CIRCLE('',#243,31.);
#243 = AXIS2_PLACEMENT_2D('',#244,#245);
#244 = CARTESIAN_POINT('',(0.,0.));
#245 = DIRECTION('',(1.,0.));
#246 = ( GEOMETRIC_REPRESENTATION_CONTEXT(2) 
PARAMETRIC_REPRESENTATION_CONTEXT() REPRESENTATION_CONTEXT('2D SPACE',''
  ) );
#247 = ORIENTED_EDGE('',*,*,#248,.F.);
#248 = EDGE_CURVE('',#181,#220,#249,.T.);
#249 = SEAM_CURVE('',#250,(#254,#261),.PCURVE_S1.);
#250 = LINE('',#251,#252);
#251 = CARTESIAN_POINT('',(31.,-7.592810154714E-15,-667.));
#252 = VECTOR('',#253,1.);
#253 = DIRECTION('',(0.,0.,1.));
#254 = PCURVE('',#197,#255);
#255 = DEFINITIONAL_REPRESENTATION('',(#256),#260);
#256 = LINE('',#257,#258);
#257 = CARTESIAN_POINT('',(6.28318530718,-0.));
#258 = VECTOR('',#259,1.);
#259 = DIRECTION('',(0.,1.));
#260 = ( GEOMETRIC_REPRESENTATION_CONTEXT(2) 
PARAMETRIC_REPRESENTATION_CONTEXT() REPRESENTATION_CONTEXT('2D SPACE',''
  ) );
#261 = PCURVE('',#197,#262);
#262 = DEFINITIONAL_REPRESENTATION('',(#263),#267);
#263 = LINE('',#264,#265);
#264 = CARTESIAN_POINT('',(0.,-0.));
#265 = VECTOR('',#266,1.);
#266 = DIRECTION('',(0.,1.));
#267 = ( GEOMETRIC_REPRESENTATION_CONTEXT(2) 
PARAMETRIC_REPRESENTATION_CONTEXT() REPRESENTATION_CONTEXT('2D SPACE',''
  ) );
#268 = ORIENTED_EDGE('',*,*,#180,.T.);
#269 = ORIENTED_EDGE('',*,*,#248,.T.);
#270 = ADVANCED_FACE('',(#271,#274),#236,.T.);
#271 = FACE_BOUND('',#272,.T.);
#272 = EDGE_LOOP('',(#273));
#273 = ORIENTED_EDGE('',*,*,#219,.T.);
#274 = FACE_BOUND('',#275,.T.);
#275 = EDGE_LOOP('',(#276));
#276 = ORIENTED_EDGE('',*,*,#277,.F.);
#277 = EDGE_CURVE('',#278,#278,#280,.T.);
#278 = VERTEX_POINT('',#279);
#279 = CARTESIAN_POINT('',(14.,-3.429011037613E-15,-655.));
#280 = SURFACE_CURVE('',#281,(#286,#293),.PCURVE_S1.);
#281 = CIRCLE('',#282,14.);
#282 = AXIS2_PLACEMENT_3D('',#283,#284,#285);
#283 = CARTESIAN_POINT('',(0.,0.,-655.));
#284 = DIRECTION('',(0.,0.,1.));
#285 = DIRECTION('',(1.,0.,0.));
#286 = PCURVE('',#236,#287);
#287 = DEFINITIONAL_REPRESENTATION('',(#288),#292);
#288 = CIRCLE('',#289,14.);
#289 = AXIS2_PLACEMENT_2D('',#290,#291);
#290 = CARTESIAN_POINT('',(0.,0.));
#291 = DIRECTION('',(1.,0.));
#292 = ( GEOMETRIC_REPRESENTATION_CONTEXT(2) 
PARAMETRIC_REPRESENTATION_CONTEXT() REPRESENTATION_CONTEXT('2D SPACE',''
  ) );
#293 = PCURVE('',#294,#299);
#294 = CYLINDRICAL_SURFACE('',#295,14.);
#295 = AXIS2_PLACEMENT_3D('',#296,#297,#298);
#296 = CARTESIAN_POINT('',(0.,0.,-655.));
#297 = DIRECTION('',(0.,0.,1.));
#298 = DIRECTION('',(1.,0.,0.));
#299 = DEFINITIONAL_REPRESENTATION('',(#300),#304);
#300 = LINE('',#301,#302);
#301 = CARTESIAN_POINT('',(0.,0.));
#302 = VECTOR('',#303,1.);
#303 = DIRECTION('',(1.,0.));
#304 = ( GEOMETRIC_REPRESENTATION_CONTEXT(2) 
PARAMETRIC_REPRESENTATION_CONTEXT() REPRESENTATION_CONTEXT('2D SPACE',''
  ) );
#305 = ADVANCED_FACE('',(#306),#294,.T.);
#306 = FACE_BOUND('',#307,.T.);
#307 = EDGE_LOOP('',(#308,#337,#358,#359));
#308 = ORIENTED_EDGE('',*,*,#309,.F.);
#309 = EDGE_CURVE('',#310,#310,#312,.T.);
#310 = VERTEX_POINT('',#311);
#311 = CARTESIAN_POINT('',(14.,0.,-600.));
#312 = SURFACE_CURVE('',#313,(#318,#325),.PCURVE_S1.);
#313 = CIRCLE('',#314,14.);
#314 = AXIS2_PLACEMENT_3D('',#315,#316,#317);
#315 = CARTESIAN_POINT('',(0.,0.,-600.));
#316 = DIRECTION('',(0.,0.,1.));
#317 = DIRECTION('',(1.,0.,-0.));
#318 = PCURVE('',#294,#319);
#319 = DEFINITIONAL_REPRESENTATION('',(#320),#324);
#320 = LINE('',#321,#322);
#321 = CARTESIAN_POINT('',(0.,55.));
#322 = VECTOR('',#323,1.);
#323 = DIRECTION('',(1.,0.));
#324 = ( GEOMETRIC_REPRESENTATION_CONTEXT(2) 
PARAMETRIC_REPRESENTATION_CONTEXT() REPRESENTATION_CONTEXT('2D SPACE',''
  ) );
#325 = PCURVE('',#326,#331);
#326 = CONICAL_SURFACE('',#327,14.,9.966865249116E-02);
#327 = AXIS2_PLACEMENT_3D('',#328,#329,#330);
#328 = CARTESIAN_POINT('',(0.,0.,-600.));
#329 = DIRECTION('',(-0.,-0.,-1.));
#330 = DIRECTION('',(1.,0.,-0.));
#331 = DEFINITIONAL_REPRESENTATION('',(#332),#336);
#332 = LINE('',#333,#334);
#333 = CARTESIAN_POINT('',(-0.,-0.));
#334 = VECTOR('',#335,1.);
#335 = DIRECTION('',(-1.,-0.));
#336 = ( GEOMETRIC_REPRESENTATION_CONTEXT(2) 
PARAMETRIC_REPRESENTATION_CONTEXT() REPRESENTATION_CONTEXT('2D SPACE',''
  ) );
#337 = ORIENTED_EDGE('',*,*,#338,.F.);
#338 = EDGE_CURVE('',#278,#310,#339,.T.);
#339 = SEAM_CURVE('',#340,(#344,#351),.PCURVE_S1.);
#340 = LINE('',#341,#342);
#341 = CARTESIAN_POINT('',(14.,-3.429011037613E-15,-655.));
#342 = VECTOR('',#343,1.);
#343 = DIRECTION('',(0.,0.,1.));
#344 = PCURVE('',#294,#345);
#345 = DEFINITIONAL_REPRESENTATION('',(#346),#350);
#346 = LINE('',#347,#348);
#347 = CARTESIAN_POINT('',(6.28318530718,-0.));
#348 = VECTOR('',#349,1.);
#349 = DIRECTION('',(0.,1.));
#350 = ( GEOMETRIC_REPRESENTATION_CONTEXT(2) 
PARAMETRIC_REPRESENTATION_CONTEXT() REPRESENTATION_CONTEXT('2D SPACE',''
  ) );
#351 = PCURVE('',#294,#352);
#352 = DEFINITIONAL_REPRESENTATION('',(#353),#357);
#353 = LINE('',#354,#355);
#354 = CARTESIAN_POINT('',(0.,-0.));
#355 = VECTOR('',#356,1.);
#356 = DIRECTION('',(0.,1.));
#357 = ( GEOMETRIC_REPRESENTATION_CONTEXT(2) 
PARAMETRIC_REPRESENTATION_CONTEXT() REPRESENTATION_CONTEXT('2D SPACE',''
  ) );
#358 = ORIENTED_EDGE('',*,*,#277,.T.);
#359 = ORIENTED_EDGE('',*,*,#338,.T.);
#360 = ADVANCED_FACE('',(#361),#326,.T.);
#361 = FACE_BOUND('',#362,.T.);
#362 = EDGE_LOOP('',(#363,#364,#387,#414));
#363 = ORIENTED_EDGE('',*,*,#309,.T.);
#364 = ORIENTED_EDGE('',*,*,#365,.T.);
#365 = EDGE_CURVE('',#310,#366,#368,.T.);
#366 = VERTEX_POINT('',#367);
#367 = CARTESIAN_POINT('',(13.7,0.,-597.));
#368 = SEAM_CURVE('',#369,(#373,#380),.PCURVE_S1.);
#369 = LINE('',#370,#371);
#370 = CARTESIAN_POINT('',(14.,0.,-600.));
#371 = VECTOR('',#372,1.);
#372 = DIRECTION('',(-9.9503719021E-02,0.,0.99503719021));
#373 = PCURVE('',#326,#374);
#374 = DEFINITIONAL_REPRESENTATION('',(#375),#379);
#375 = LINE('',#376,#377);
#376 = CARTESIAN_POINT('',(-0.,-0.));
#377 = VECTOR('',#378,1.);
#378 = DIRECTION('',(-0.,-1.));
#379 = ( GEOMETRIC_REPRESENTATION_CONTEXT(2) 
PARAMETRIC_REPRESENTATION_CONTEXT() REPRESENTATION_CONTEXT('2D SPACE',''
  ) );
#380 = PCURVE('',#326,#381);
#381 = DEFINITIONAL_REPRESENTATION('',(#382),#386);
#382 = LINE('',#383,#384);
#383 = CARTESIAN_POINT('',(-6.28318530718,-0.));
#384 = VECTOR('',#385,1.);
#385 = DIRECTION('',(-0.,-1.));
#386 = ( GEOMETRIC_REPRESENTATION_CONTEXT(2) 
PARAMETRIC_REPRESENTATION_CONTEXT() REPRESENTATION_CONTEXT('2D SPACE',''
  ) );
#387 = ORIENTED_EDGE('',*,*,#388,.F.);
#388 = EDGE_CURVE('',#366,#366,#389,.T.);
#389 = SURFACE_CURVE('',#390,(#395,#402),.PCURVE_S1.);
#390 = CIRCLE('',#391,13.7);
#391 = AXIS2_PLACEMENT_3D('',#392,#393,#394);
#392 = CARTESIAN_POINT('',(0.,0.,-597.));
#393 = DIRECTION('',(0.,0.,1.));
#394 = DIRECTION('',(1.,0.,-0.));
#395 = PCURVE('',#326,#396);
#396 = DEFINITIONAL_REPRESENTATION('',(#397),#401);
#397 = LINE('',#398,#399);
#398 = CARTESIAN_POINT('',(-0.,-3.));
#399 = VECTOR('',#400,1.);
#400 = DIRECTION('',(-1.,-0.));
#401 = ( GEOMETRIC_REPRESENTATION_CONTEXT(2) 
PARAMETRIC_REPRESENTATION_CONTEXT() REPRESENTATION_CONTEXT('2D SPACE',''
  ) );
#402 = PCURVE('',#403,#408);
#403 = CONICAL_SURFACE('',#404,13.7,9.966865249116E-02);
#404 = AXIS2_PLACEMENT_3D('',#405,#406,#407);
#405 = CARTESIAN_POINT('',(0.,0.,-597.));
#406 = DIRECTION('',(0.,0.,1.));
#407 = DIRECTION('',(1.,0.,-0.));
#408 = DEFINITIONAL_REPRESENTATION('',(#409),#413);
#409 = LINE('',#410,#411);
#410 = CARTESIAN_POINT('',(0.,0.));
#411 = VECTOR('',#412,1.);
#412 = DIRECTION('',(1.,0.));
#413 = ( GEOMETRIC_REPRESENTATION_CONTEXT(2) 
PARAMETRIC_REPRESENTATION_CONTEXT() REPRESENTATION_CONTEXT('2D SPACE',''
  ) );
#414 = ORIENTED_EDGE('',*,*,#365,.F.);
#415 = ADVANCED_FACE('',(#416),#403,.T.);
#416 = FACE_BOUND('',#417,.T.);
#417 = EDGE_LOOP('',(#418,#419,#442,#469));
#418 = ORIENTED_EDGE('',*,*,#388,.T.);
#419 = ORIENTED_EDGE('',*,*,#420,.T.);
#420 = EDGE_CURVE('',#366,#421,#423,.T.);
#421 = VERTEX_POINT('',#422);
#422 = CARTESIAN_POINT('',(14.,0.,-594.));
#423 = SEAM_CURVE('',#424,(#428,#435),.PCURVE_S1.);
#424 = LINE('',#425,#426);
#425 = CARTESIAN_POINT('',(13.7,0.,-597.));
#426 = VECTOR('',#427,1.);
#427 = DIRECTION('',(9.9503719021E-02,0.,0.99503719021));
#428 = PCURVE('',#403,#429);
#429 = DEFINITIONAL_REPRESENTATION('',(#430),#434);
#430 = LINE('',#431,#432);
#431 = CARTESIAN_POINT('',(0.,0.));
#432 = VECTOR('',#433,1.);
#433 = DIRECTION('',(0.,1.));
#434 = ( GEOMETRIC_REPRESENTATION_CONTEXT(2) 
PARAMETRIC_REPRESENTATION_CONTEXT() REPRESENTATION_CONTEXT('2D SPACE',''
  ) );
#435 = PCURVE('',#403,#436);
#436 = DEFINITIONAL_REPRESENTATION('',(#437),#441);
#437 = LINE('',#438,#439);
#438 = CARTESIAN_POINT('',(6.28318530718,0.));
#439 = VECTOR('',#440,1.);
#440 = DIRECTION('',(0.,1.));
#441 = ( GEOMETRIC_REPRESENTATION_CONTEXT(2) 
PARAMETRIC_REPRESENTATION_CONTEXT() REPRESENTATION_CONTEXT('2D SPACE',''
  ) );
#442 = ORIENTED_EDGE('',*,*,#443,.F.);
#443 = EDGE_CURVE('',#421,#421,#444,.T.);
#444 = SURFACE_CURVE('',#445,(#450,#457),.PCURVE_S1.);
#445 = CIRCLE('',#446,14.);
#446 = AXIS2_PLACEMENT_3D('',#447,#448,#449);
#447 = CARTESIAN_POINT('',(0.,0.,-594.));
#448 = DIRECTION('',(0.,0.,1.));
#449 = DIRECTION('',(1.,0.,-0.));
#450 = PCURVE('',#403,#451);
#451 = DEFINITIONAL_REPRESENTATION('',(#452),#456);
#452 = LINE('',#453,#454);
#453 = CARTESIAN_POINT('',(0.,3.));
#454 = VECTOR('',#455,1.);
#455 = DIRECTION('',(1.,0.));
#456 = ( GEOMETRIC_REPRESENTATION_CONTEXT(2) 
PARAMETRIC_REPRESENTATION_CONTEXT() REPRESENTATION_CONTEXT('2D SPACE',''
  ) );
#457 = PCURVE('',#458,#463);
#458 = CONICAL_SURFACE('',#459,14.,9.966865249116E-02);
#459 = AXIS2_PLACEMENT_3D('',#460,#461,#462);
#460 = CARTESIAN_POINT('',(0.,0.,-594.));
#461 = DIRECTION('',(-0.,-0.,-1.));
#462 = DIRECTION('',(1.,0.,-0.));
#463 = DEFINITIONAL_REPRESENTATION('',(#464),#468);
#464 = LINE('',#465,#466);
#465 = CARTESIAN_POINT('',(-0.,-0.));
#466 = VECTOR('',#467,1.);
#467 = DIRECTION('',(-1.,-0.));
#468 = ( GEOMETRIC_REPRESENTATION_CONTEXT(2) 
PARAMETRIC_REPRESENTATION_CONTEXT() REPRESENTATION_CONTEXT('2D SPACE',''
  ) );
#469 = ORIENTED_EDGE('',*,*,#420,.F.);
#470 = ADVANCED_FACE('',(#471),#458,.T.);
#471 = FACE_BOUND('',#472,.T.);
#472 = EDGE_LOOP('',(#473,#474,#497,#524));
#473 = ORIENTED_EDGE('',*,*,#443,.T.);
#474 = ORIENTED_EDGE('',*,*,#475,.T.);
#475 = EDGE_CURVE('',#421,#476,#478,.T.);
#476 = VERTEX_POINT('',#477);
#477 = CARTESIAN_POINT('',(13.7,0.,-591.));
#478 = SEAM_CURVE('',#479,(#483,#490),.PCURVE_S1.);
#479 = LINE('',#480,#481);
#480 = CARTESIAN_POINT('',(14.,0.,-594.));
#481 = VECTOR('',#482,1.);
#482 = DIRECTION('',(-9.9503719021E-02,0.,0.99503719021));
#483 = PCURVE('',#458,#484);
#484 = DEFINITIONAL_REPRESENTATION('',(#485),#489);
#485 = LINE('',#486,#487);
#486 = CARTESIAN_POINT('',(-0.,-0.));
#487 = VECTOR('',#488,1.);
#488 = DIRECTION('',(-0.,-1.));
#489 = ( GEOMETRIC_REPRESENTATION_CONTEXT(2) 
PARAMETRIC_REPRESENTATION_CONTEXT() REPRESENTATION_CONTEXT('2D SPACE',''
  ) );
#490 = PCURVE('',#458,#491);
#491 = DEFINITIONAL_REPRESENTATION('',(#492),#496);
#492 = LINE('',#493,#494);
#493 = CARTESIAN_POINT('',(-6.28318530718,-0.));
#494 = VECTOR('',#495,1.);
#495 = DIRECTION('',(-0.,-1.));
#496 = ( GEOMETRIC_REPRESENTATION_CONTEXT(2) 
PARAMETRIC_REPRESENTATION_CONTEXT() REPRESENTATION_CONTEXT('2D SPACE',''
  ) );
#497 = ORIENTED_EDGE('',*,*,#498,.F.);
#498 = EDGE_CURVE('',#476,#476,#499,.T.);
#499 = SURFACE_CURVE('',#500,(#505,#512),.PCURVE_S1.);
#500 = CIRCLE('',#501,13.7);
#501 = AXIS2_PLACEMENT_3D('',#502,#503,#504);
#502 = CARTESIAN_POINT('',(0.,0.,-591.));
#503 = DIRECTION('',(0.,0.,1.));
#504 = DIRECTION('',(1.,0.,-0.));
#505 = PCURVE('',#458,#506);
#506 = DEFINITIONAL_REPRESENTATION('',(#507),#511);
#507 = LINE('',#508,#509);
#508 = CARTESIAN_POINT('',(-0.,-3.));
#509 = VECTOR('',#510,1.);
#510 = DIRECTION('',(-1.,-0.));
#511 = ( GEOMETRIC_REPRESENTATION_CONTEXT(2) 
PARAMETRIC_REPRESENTATION_CONTEXT() REPRESENTATION_CONTEXT('2D SPACE',''
  ) );
#512 = PCURVE('',#513,#518);
#513 = CONICAL_SURFACE('',#514,13.7,9.966865249116E-02);
#514 = AXIS2_PLACEMENT_3D('',#515,#516,#517);
#515 = CARTESIAN_POINT('',(0.,0.,-591.));
#516 = DIRECTION('',(0.,0.,1.));
#517 = DIRECTION('',(1.,0.,-0.));
#518 = DEFINITIONAL_REPRESENTATION('',(#519),#523);
#519 = LINE('',#520,#521);
#520 = CARTESIAN_POINT('',(0.,0.));
#521 = VECTOR('',#522,1.);
#522 = DIRECTION('',(1.,0.));
#523 = ( GEOMETRIC_REPRESENTATION_CONTEXT(2) 
PARAMETRIC_REPRESENTATION_CONTEXT() REPRESENTATION_CONTEXT('2D SPACE',''
  ) );
#524 = ORIENTED_EDGE('',*,*,#475,.F.);
#525 = ADVANCED_FACE('',(#526),#513,.T.);
#526 = FACE_BOUND('',#527,.T.);
#527 = EDGE_LOOP('',(#528,#529,#552,#579));
#528 = ORIENTED_EDGE('',*,*,#498,.T.);
#529 = ORIENTED_EDGE('',*,*,#530,.T.);
#530 = EDGE_CURVE('',#476,#531,#533,.T.);
#531 = VERTEX_POINT('',#532);
#532 = CARTESIAN_POINT('',(14.,0.,-588.));
#533 = SEAM_CURVE('',#534,(#538,#545),.PCURVE_S1.);
#534 = LINE('',#535,#536);
#535 = CARTESIAN_POINT('',(13.7,0.,-591.));
#536 = VECTOR('',#537,1.);
#537 = DIRECTION('',(9.9503719021E-02,0.,0.99503719021));
#538 = PCURVE('',#513,#539);
#539 = DEFINITIONAL_REPRESENTATION('',(#540),#544);
#540 = LINE('',#541,#542);
#541 = CARTESIAN_POINT('',(0.,0.));
#542 = VECTOR('',#543,1.);
#543 = DIRECTION('',(0.,1.));
#544 = ( GEOMETRIC_REPRESENTATION_CONTEXT(2) 
PARAMETRIC_REPRESENTATION_CONTEXT() REPRESENTATION_CONTEXT('2D SPACE',''
  ) );
#545 = PCURVE('',#513,#546);
#546 = DEFINITIONAL_REPRESENTATION('',(#547),#551);
#547 = LINE('',#548,#549);
#548 = CARTESIAN_POINT('',(6.28318530718,0.));
#549 = VECTOR('',#550,1.);
#550 = DIRECTION('',(0.,1.));
#551 = ( GEOMETRIC_REPRESENTATION_CONTEXT(2) 
PARAMETRIC_REPRESENTATION_CONTEXT() REPRESENTATION_CONTEXT('2D SPACE',''
  ) );
#552 = ORIENTED_EDGE('',*,*,#553,.F.);
#553 = EDGE_CURVE('',#531,#531,#554,.T.);
#554 = SURFACE_CURVE('',#555,(#560,#567),.PCURVE_S1.);
#555 = CIRCLE('',#556,14.);
#556 = AXIS2_PLACEMENT_3D('',#557,#558,#559);
#557 = CARTESIAN_POINT('',(0.,0.,-588.));
#558 = DIRECTION('',(0.,0.,1.));
#559 = DIRECTION('',(1.,0.,-0.));
#560 = PCURVE('',#513,#561);
#561 = DEFINITIONAL_REPRESENTATION('',(#562),#566);
#562 = LINE('',#563,#564);
#563 = CARTESIAN_POINT('',(0.,3.));
#564 = VECTOR('',#565,1.);
#565 = DIRECTION('',(1.,0.));
#566 = ( GEOMETRIC_REPRESENTATION_CONTEXT(2) 
PARAMETRIC_REPRESENTATION_CONTEXT() REPRESENTATION_CONTEXT('2D SPACE',''
  ) );
#567 = PCURVE('',#568,#573);
#568 = CONICAL_SURFACE('',#569,14.,9.966865249116E-02);
#569 = AXIS2_PLACEMENT_3D('',#570,#571,#572);
#570 = CARTESIAN_POINT('',(0.,0.,-588.));
#571 = DIRECTION('',(-0.,-0.,-1.));
#572 = DIRECTION('',(1.,0.,-0.));
#573 = DEFINITIONAL_REPRESENTATION('',(#574),#578);
#574 = LINE('',#575,#576);
#575 = CARTESIAN_POINT('',(-0.,-0.));
#576 = VECTOR('',#577,1.);
#577 = DIRECTION('',(-1.,-0.));
#578 = ( GEOMETRIC_REPRESENTATION_CONTEXT(2) 
PARAMETRIC_REPRESENTATION_CONTEXT() REPRESENTATION_CONTEXT('2D SPACE',''
  ) );
#579 = ORIENTED_EDGE('',*,*,#530,.F.);
#580 = ADVANCED_FACE('',(#581),#568,.T.);
#581 = FACE_BOUND('',#582,.T.);
#582 = EDGE_LOOP('',(#583,#584,#607,#634));
#583 = ORIENTED_EDGE('',*,*,#553,.T.);
#584 = ORIENTED_EDGE('',*,*,#585,.T.);
#585 = EDGE_CURVE('',#531,#586,#588,.T.);
#586 = VERTEX_POINT('',#587);
#587 = CARTESIAN_POINT('',(13.7,0.,-585.));
#588 = SEAM_CURVE('',#589,(#593,#600),.PCURVE_S1.);
#589 = LINE('',#590,#591);
#590 = CARTESIAN_POINT('',(14.,0.,-588.));
#591 = VECTOR('',#592,1.);
#592 = DIRECTION('',(-9.9503719021E-02,0.,0.99503719021));
#593 = PCURVE('',#568,#594);
#594 = DEFINITIONAL_REPRESENTATION('',(#595),#599);
#595 = LINE('',#596,#597);
#596 = CARTESIAN_POINT('',(-0.,-0.));
#597 = VECTOR('',#598,1.);
#598 = DIRECTION('',(-0.,-1.));
#599 = ( GEOMETRIC_REPRESENTATION_CONTEXT(2) 
PARAMETRIC_REPRESENTATION_CONTEXT() REPRESENTATION_CONTEXT('2D SPACE',''
  ) );
#600 = PCURVE('',#568,#601);
#601 = DEFINITIONAL_REPRESENTATION('',(#602),#606);
#602 = LINE('',#603,#604);
#603 = CARTESIAN_POINT('',(-6.28318530718,-0.));
#604 = VECTOR('',#605,1.);
#605 = DIRECTION('',(-0.,-1.));
#606 = ( GEOMETRIC_REPRESENTATION_CONTEXT(2) 
PARAMETRIC_REPRESENTATION_CONTEXT() REPRESENTATION_CONTEXT('2D SPACE',''
  ) );
#607 = ORIENTED_EDGE('',*,*,#608,.F.);
#608 = EDGE_CURVE('',#586,#586,#609,.T.);
#609 = SURFACE_CURVE('',#610,(#615,#622),.PCURVE_S1.);
#610 = CIRCLE('',#611,13.7);
#611 = AXIS2_PLACEMENT_3D('',#612,#613,#614);
#612 = CARTESIAN_POINT('',(0.,0.,-585.));
#613 = DIRECTION('',(0.,0.,1.));
#614 = DIRECTION('',(1.,0.,-0.));
#615 = PCURVE('',#568,#616);
#616 = DEFINITIONAL_REPRESENTATION('',(#617),#621);
#617 = LINE('',#618,#619);
#618 = CARTESIAN_POINT('',(-0.,-3.));
#619 = VECTOR('',#620,1.);
#620 = DIRECTION('',(-1.,-0.));
#621 = ( GEOMETRIC_REPRESENTATION_CONTEXT(2) 
PARAMETRIC_REPRESENTATION_CONTEXT() REPRESENTATION_CONTEXT('2D SPACE',''
  ) );
#622 = PCURVE('',#623,#628);
#623 = CONICAL_SURFACE('',#624,13.7,9.966865249116E-02);
#624 = AXIS2_PLACEMENT_3D('',#625,#626,#627);
#625 = CARTESIAN_POINT('',(0.,0.,-585.));
#626 = DIRECTION('',(0.,0.,1.));
#627 = DIRECTION('',(1.,0.,-0.));
#628 = DEFINITIONAL_REPRESENTATION('',(#629),#633);
#629 = LINE('',#630,#631);
#630 = CARTESIAN_POINT('',(0.,0.));
#631 = VECTOR('',#632,1.);
#632 = DIRECTION('',(1.,0.));
#633 = ( GEOMETRIC_REPRESENTATION_CONTEXT(2) 
PARAMETRIC_REPRESENTATION_CONTEXT() REPRESENTATION_CONTEXT('2D SPACE',''
  ) );
#634 = ORIENTED_EDGE('',*,*,#585,.F.);
#635 = ADVANCED_FACE('',(#636),#623,.T.);
#636 = FACE_BOUND('',#637,.T.);
#637 = EDGE_LOOP('',(#638,#639,#662,#689));
#638 = ORIENTED_EDGE('',*,*,#608,.T.);
#639 = ORIENTED_EDGE('',*,*,#640,.T.);
#640 = EDGE_CURVE('',#586,#641,#643,.T.);
#641 = VERTEX_POINT('',#642);
#642 = CARTESIAN_POINT('',(14.,0.,-582.));
#643 = SEAM_CURVE('',#644,(#648,#655),.PCURVE_S1.);
#644 = LINE('',#645,#646);
#645 = CARTESIAN_POINT('',(13.7,0.,-585.));
#646 = VECTOR('',#647,1.);
#647 = DIRECTION('',(9.9503719021E-02,0.,0.99503719021));
#648 = PCURVE('',#623,#649);
#649 = DEFINITIONAL_REPRESENTATION('',(#650),#654);
#650 = LINE('',#651,#652);
#651 = CARTESIAN_POINT('',(0.,0.));
#652 = VECTOR('',#653,1.);
#653 = DIRECTION('',(0.,1.));
#654 = ( GEOMETRIC_REPRESENTATION_CONTEXT(2) 
PARAMETRIC_REPRESENTATION_CONTEXT() REPRESENTATION_CONTEXT('2D SPACE',''
  ) );
#655 = PCURVE('',#623,#656);
#656 = DEFINITIONAL_REPRESENTATION('',(#657),#661);
#657 = LINE('',#658,#659);
#658 = CARTESIAN_POINT('',(6.28318530718,0.));
#659 = VECTOR('',#660,1.);
#660 = DIRECTION('',(0.,1.));
#661 = ( GEOMETRIC_REPRESENTATION_CONTEXT(2) 
PARAMETRIC_REPRESENTATION_CONTEXT() REPRESENTATION_CONTEXT('2D SPACE',''
  ) );
#662 = ORIENTED_EDGE('',*,*,#663,.F.);
#663 = EDGE_CURVE('',#641,#641,#664,.T.);
#664 = SURFACE_CURVE('',#665,(#670,#677),.PCURVE_S1.);
#665 = CIRCLE('',#666,14.);
#666 = AXIS2_PLACEMENT_3D('',#667,#668,#669);
#667 = CARTESIAN_POINT('',(0.,0.,-582.));
#668 = DIRECTION('',(0.,0.,1.));
#669 = DIRECTION('',(1.,0.,-0.));
#670 = PCURVE('',#623,#671);
#671 = DEFINITIONAL_REPRESENTATION('',(#672),#676);
#672 = LINE('',#673,#674);
#673 = CARTESIAN_POINT('',(0.,3.));
#674 = VECTOR('',#675,1.);
#675 = DIRECTION('',(1.,0.));
#676 = ( GEOMETRIC_REPRESENTATION_CONTEXT(2) 
PARAMETRIC_REPRESENTATION_CONTEXT() REPRESENTATION_CONTEXT('2D SPACE',''
  ) );
#677 = PCURVE('',#678,#683);
#678 = CONICAL_SURFACE('',#679,14.,9.966865249116E-02);
#679 = AXIS2_PLACEMENT_3D('',#680,#681,#682);
#680 = CARTESIAN_POINT('',(0.,0.,-582.));
#681 = DIRECTION('',(-0.,-0.,-1.));
#682 = DIRECTION('',(1.,0.,-0.));
#683 = DEFINITIONAL_REPRESENTATION('',(#684),#688);
#684 = LINE('',#685,#686);
#685 = CARTESIAN_POINT('',(-0.,-0.));
#686 = VECTOR('',#687,1.);
#687 = DIRECTION('',(-1.,-0.));
#688 = ( GEOMETRIC_REPRESENTATION_CONTEXT(2) 
PARAMETRIC_REPRESENTATION_CONTEXT() REPRESENTATION_CONTEXT('2D SPACE',''
  ) );
#689 = ORIENTED_EDGE('',*,*,#640,.F.);
#690 = ADVANCED_FACE('',(#691),#678,.T.);
#691 = FACE_BOUND('',#692,.T.);
#692 = EDGE_LOOP('',(#693,#694,#717,#744));
#693 = ORIENTED_EDGE('',*,*,#663,.T.);
#694 = ORIENTED_EDGE('',*,*,#695,.T.);
#695 = EDGE_CURVE('',#641,#696,#698,.T.);
#696 = VERTEX_POINT('',#697);
#697 = CARTESIAN_POINT('',(13.7,0.,-579.));
#698 = SEAM_CURVE('',#699,(#703,#710),.PCURVE_S1.);
#699 = LINE('',#700,#701);
#700 = CARTESIAN_POINT('',(14.,0.,-582.));
#701 = VECTOR('',#702,1.);
#702 = DIRECTION('',(-9.9503719021E-02,0.,0.99503719021));
#703 = PCURVE('',#678,#704);
#704 = DEFINITIONAL_REPRESENTATION('',(#705),#709);
#705 = LINE('',#706,#707);
#706 = CARTESIAN_POINT('',(-0.,-0.));
#707 = VECTOR('',#708,1.);
#708 = DIRECTION('',(-0.,-1.));
#709 = ( GEOMETRIC_REPRESENTATION_CONTEXT(2) 
PARAMETRIC_REPRESENTATION_CONTEXT() REPRESENTATION_CONTEXT('2D SPACE',''
  ) );
#710 = PCURVE('',#678,#711);
#711 = DEFINITIONAL_REPRESENTATION('',(#712),#716);
#712 = LINE('',#713,#714);
#713 = CARTESIAN_POINT('',(-6.28318530718,-0.));
#714 = VECTOR('',#715,1.);
#715 = DIRECTION('',(-0.,-1.));
#716 = ( GEOMETRIC_REPRESENTATION_CONTEXT(2) 
PARAMETRIC_REPRESENTATION_CONTEXT() REPRESENTATION_CONTEXT('2D SPACE',''
  ) );
#717 = ORIENTED_EDGE('',*,*,#718,.F.);
#718 = EDGE_CURVE('',#696,#696,#719,.T.);
#719 = SURFACE_CURVE('',#720,(#725,#732),.PCURVE_S1.);
#720 = CIRCLE('',#721,13.7);
#721 = AXIS2_PLACEMENT_3D('',#722,#723,#724);
#722 = CARTESIAN_POINT('',(0.,0.,-579.));
#723 = DIRECTION('',(0.,0.,1.));
#724 = DIRECTION('',(1.,0.,-0.));
#725 = PCURVE('',#678,#726);
#726 = DEFINITIONAL_REPRESENTATION('',(#727),#731);
#727 = LINE('',#728,#729);
#728 = CARTESIAN_POINT('',(-0.,-3.));
#729 = VECTOR('',#730,1.);
#730 = DIRECTION('',(-1.,-0.));
#731 = ( GEOMETRIC_REPRESENTATION_CONTEXT(2) 
PARAMETRIC_REPRESENTATION_CONTEXT() REPRESENTATION_CONTEXT('2D SPACE',''
  ) );
#732 = PCURVE('',#733,#738);
#733 = CONICAL_SURFACE('',#734,13.7,9.966865249116E-02);
#734 = AXIS2_PLACEMENT_3D('',#735,#736,#737);
#735 = CARTESIAN_POINT('',(0.,0.,-579.));
#736 = DIRECTION('',(0.,0.,1.));
#737 = DIRECTION('',(1.,0.,-0.));
#738 = DEFINITIONAL_REPRESENTATION('',(#739),#743);
#739 = LINE('',#740,#741);
#740 = CARTESIAN_POINT('',(0.,0.));
#741 = VECTOR('',#742,1.);
#742 = DIRECTION('',(1.,0.));
#743 = ( GEOMETRIC_REPRESENTATION_CONTEXT(2) 
PARAMETRIC_REPRESENTATION_CONTEXT() REPRESENTATION_CONTEXT('2D SPACE',''
  ) );
#744 = ORIENTED_EDGE('',*,*,#695,.F.);
#745 = ADVANCED_FACE('',(#746),#733,.T.);
#746 = FACE_BOUND('',#747,.T.);
#747 = EDGE_LOOP('',(#748,#749,#772,#799));
#748 = ORIENTED_EDGE('',*,*,#718,.T.);
#749 = ORIENTED_EDGE('',*,*,#750,.T.);
#750 = EDGE_CURVE('',#696,#751,#753,.T.);
#751 = VERTEX_POINT('',#752);
#752 = CARTESIAN_POINT('',(14.,0.,-576.));
#753 = SEAM_CURVE('',#754,(#758,#765),.PCURVE_S1.);
#754 = LINE('',#755,#756);
#755 = CARTESIAN_POINT('',(13.7,0.,-579.));
#756 = VECTOR('',#757,1.);
#757 = DIRECTION('',(9.9503719021E-02,0.,0.99503719021));
#758 = PCURVE('',#733,#759);
#759 = DEFINITIONAL_REPRESENTATION('',(#760),#764);
#760 = LINE('',#761,#762);
#761 = CARTESIAN_POINT('',(0.,0.));
#762 = VECTOR('',#763,1.);
#763 = DIRECTION('',(0.,1.));
#764 = ( GEOMETRIC_REPRESENTATION_CONTEXT(2) 
PARAMETRIC_REPRESENTATION_CONTEXT() REPRESENTATION_CONTEXT('2D SPACE',''
  ) );
#765 = PCURVE('',#733,#766);
#766 = DEFINITIONAL_REPRESENTATION('',(#767),#771);
#767 = LINE('',#768,#769);
#768 = CARTESIAN_POINT('',(6.28318530718,0.));
#769 = VECTOR('',#770,1.);
#770 = DIRECTION('',(0.,1.));
#771 = ( GEOMETRIC_REPRESENTATION_CONTEXT(2) 
PARAMETRIC_REPRESENTATION_CONTEXT() REPRESENTATION_CONTEXT('2D SPACE',''
  ) );
#772 = ORIENTED_EDGE('',*,*,#773,.F.);
#773 = EDGE_CURVE('',#751,#751,#774,.T.);
#774 = SURFACE_CURVE('',#775,(#780,#787),.PCURVE_S1.);
#775 = CIRCLE('',#776,14.);
#776 = AXIS2_PLACEMENT_3D('',#777,#778,#779);
#777 = CARTESIAN_POINT('',(0.,0.,-576.));
#778 = DIRECTION('',(0.,0.,1.));
#779 = DIRECTION('',(1.,0.,-0.));
#780 = PCURVE('',#733,#781);
#781 = DEFINITIONAL_REPRESENTATION('',(#782),#786);
#782 = LINE('',#783,#784);
#783 = CARTESIAN_POINT('',(0.,3.));
#784 = VECTOR('',#785,1.);
#785 = DIRECTION('',(1.,0.));
#786 = ( GEOMETRIC_REPRESENTATION_CONTEXT(2) 
PARAMETRIC_REPRESENTATION_CONTEXT() REPRESENTATION_CONTEXT('2D SPACE',''
  ) );
#787 = PCURVE('',#788,#793);
#788 = CONICAL_SURFACE('',#789,14.,9.966865249116E-02);
#789 = AXIS2_PLACEMENT_3D('',#790,#791,#792);
#790 = CARTESIAN_POINT('',(0.,0.,-576.));
#791 = DIRECTION('',(-0.,-0.,-1.));
#792 = DIRECTION('',(1.,0.,-0.));
#793 = DEFINITIONAL_REPRESENTATION('',(#794),#798);
#794 = LINE('',#795,#796);
#795 = CARTESIAN_POINT('',(-0.,-0.));
#796 = VECTOR('',#797,1.);
#797 = DIRECTION('',(-1.,-0.));
#798 = ( GEOMETRIC_REPRESENTATION_CONTEXT(2) 
PARAMETRIC_REPRESENTATION_CONTEXT() REPRESENTATION_CONTEXT('2D SPACE',''
  ) );
#799 = ORIENTED_EDGE('',*,*,#750,.F.);
#800 = ADVANCED_FACE('',(#801),#788,.T.);
#801 = FACE_BOUND('',#802,.T.);
#802 = EDGE_LOOP('',(#803,#804,#827,#854));
#803 = ORIENTED_EDGE('',*,*,#773,.T.);
#804 = ORIENTED_EDGE('',*,*,#805,.T.);
#805 = EDGE_CURVE('',#751,#806,#808,.T.);
#806 = VERTEX_POINT('',#807);
#807 = CARTESIAN_POINT('',(13.7,0.,-573.));
#808 = SEAM_CURVE('',#809,(#813,#820),.PCURVE_S1.);
#809 = LINE('',#810,#811);
#810 = CARTESIAN_POINT('',(14.,0.,-576.));
#811 = VECTOR('',#812,1.);
#812 = DIRECTION('',(-9.9503719021E-02,0.,0.99503719021));
#813 = PCURVE('',#788,#814);
#814 = DEFINITIONAL_REPRESENTATION('',(#815),#819);
#815 = LINE('',#816,#817);
#816 = CARTESIAN_POINT('',(-0.,-0.));
#817 = VECTOR('',#818,1.);
#818 = DIRECTION('',(-0.,-1.));
#819 = ( GEOMETRIC_REPRESENTATION_CONTEXT(2) 
PARAMETRIC_REPRESENTATION_CONTEXT() REPRESENTATION_CONTEXT('2D SPACE',''
  ) );
#820 = PCURVE('',#788,#821);
#821 = DEFINITIONAL_REPRESENTATION('',(#822),#826);
#822 = LINE('',#823,#824);
#823 = CARTESIAN_POINT('',(-6.28318530718,-0.));
#824 = VECTOR('',#825,1.);
#825 = DIRECTION('',(-0.,-1.));
#826 = ( GEOMETRIC_REPRESENTATION_CONTEXT(2) 
PARAMETRIC_REPRESENTATION_CONTEXT() REPRESENTATION_CONTEXT('2D SPACE',''
  ) );
#827 = ORIENTED_EDGE('',*,*,#828,.F.);
#828 = EDGE_CURVE('',#806,#806,#829,.T.);
#829 = SURFACE_CURVE('',#830,(#835,#842),.PCURVE_S1.);
#830 = CIRCLE('',#831,13.7);
#831 = AXIS2_PLACEMENT_3D('',#832,#833,#834);
#832 = CARTESIAN_POINT('',(0.,0.,-573.));
#833 = DIRECTION('',(0.,0.,1.));
#834 = DIRECTION('',(1.,0.,-0.));
#835 = PCURVE('',#788,#836);
#836 = DEFINITIONAL_REPRESENTATION('',(#837),#841);
#837 = LINE('',#838,#839);
#838 = CARTESIAN_POINT('',(-0.,-3.));
#839 = VECTOR('',#840,1.);
#840 = DIRECTION('',(-1.,-0.));
#841 = ( GEOMETRIC_REPRESENTATION_CONTEXT(2) 
PARAMETRIC_REPRESENTATION_CONTEXT() REPRESENTATION_CONTEXT('2D SPACE',''
  ) );
#842 = PCURVE('',#843,#848);
#843 = CONICAL_SURFACE('',#844,13.7,9.966865249116E-02);
#844 = AXIS2_PLACEMENT_3D('',#845,#846,#847);
#845 = CARTESIAN_POINT('',(0.,0.,-573.));
#846 = DIRECTION('',(0.,0.,1.));
#847 = DIRECTION('',(1.,0.,-0.));
#848 = DEFINITIONAL_REPRESENTATION('',(#849),#853);
#849 = LINE('',#850,#851);
#850 = CARTESIAN_POINT('',(0.,0.));
#851 = VECTOR('',#852,1.);
#852 = DIRECTION('',(1.,0.));
#853 = ( GEOMETRIC_REPRESENTATION_CONTEXT(2) 
PARAMETRIC_REPRESENTATION_CONTEXT() REPRESENTATION_CONTEXT('2D SPACE',''
  ) );
#854 = ORIENTED_EDGE('',*,*,#805,.F.);
#855 = ADVANCED_FACE('',(#856),#843,.T.);
#856 = FACE_BOUND('',#857,.T.);
#857 = EDGE_LOOP('',(#858,#859,#882,#909));
#858 = ORIENTED_EDGE('',*,*,#828,.T.);
#859 = ORIENTED_EDGE('',*,*,#860,.T.);
#860 = EDGE_CURVE('',#806,#861,#863,.T.);
#861 = VERTEX_POINT('',#862);
#862 = CARTESIAN_POINT('',(14.,0.,-570.));
#863 = SEAM_CURVE('',#864,(#868,#875),.PCURVE_S1.);
#864 = LINE('',#865,#866);
#865 = CARTESIAN_POINT('',(13.7,0.,-573.));
#866 = VECTOR('',#867,1.);
#867 = DIRECTION('',(9.9503719021E-02,0.,0.99503719021));
#868 = PCURVE('',#843,#869);
#869 = DEFINITIONAL_REPRESENTATION('',(#870),#874);
#870 = LINE('',#871,#872);
#871 = CARTESIAN_POINT('',(0.,0.));
#872 = VECTOR('',#873,1.);
#873 = DIRECTION('',(0.,1.));
#874 = ( GEOMETRIC_REPRESENTATION_CONTEXT(2) 
PARAMETRIC_REPRESENTATION_CONTEXT() REPRESENTATION_CONTEXT('2D SPACE',''
  ) );
#875 = PCURVE('',#843,#876);
#876 = DEFINITIONAL_REPRESENTATION('',(#877),#881);
#877 = LINE('',#878,#879);
#878 = CARTESIAN_POINT('',(6.28318530718,0.));
#879 = VECTOR('',#880,1.);
#880 = DIRECTION('',(0.,1.));
#881 = ( GEOMETRIC_REPRESENTATION_CONTEXT(2) 
PARAMETRIC_REPRESENTATION_CONTEXT() REPRESENTATION_CONTEXT('2D SPACE',''
  ) );
#882 = ORIENTED_EDGE('',*,*,#883,.F.);
#883 = EDGE_CURVE('',#861,#861,#884,.T.);
#884 = SURFACE_CURVE('',#885,(#890,#897),.PCURVE_S1.);
#885 = CIRCLE('',#886,14.);
#886 = AXIS2_PLACEMENT_3D('',#887,#888,#889);
#887 = CARTESIAN_POINT('',(0.,0.,-570.));
#888 = DIRECTION('',(0.,0.,1.));
#889 = DIRECTION('',(1.,0.,-0.));
#890 = PCURVE('',#843,#891);
#891 = DEFINITIONAL_REPRESENTATION('',(#892),#896);
#892 = LINE('',#893,#894);
#893 = CARTESIAN_POINT('',(0.,3.));
#894 = VECTOR('',#895,1.);
#895 = DIRECTION('',(1.,0.));
#896 = ( GEOMETRIC_REPRESENTATION_CONTEXT(2) 
PARAMETRIC_REPRESENTATION_CONTEXT() REPRESENTATION_CONTEXT('2D SPACE',''
  ) );
#897 = PCURVE('',#898,#903);
#898 = CONICAL_SURFACE('',#899,14.,9.966865249116E-02);
#899 = AXIS2_PLACEMENT_3D('',#900,#901,#902);
#900 = CARTESIAN_POINT('',(0.,0.,-570.));
#901 = DIRECTION('',(-0.,-0.,-1.));
#902 = DIRECTION('',(1.,0.,-0.));
#903 = DEFINITIONAL_REPRESENTATION('',(#904),#908);
#904 = LINE('',#905,#906);
#905 = CARTESIAN_POINT('',(-0.,-0.));
#906 = VECTOR('',#907,1.);
#907 = DIRECTION('',(-1.,-0.));
#908 = ( GEOMETRIC_REPRESENTATION_CONTEXT(2) 
PARAMETRIC_REPRESENTATION_CONTEXT() REPRESENTATION_CONTEXT('2D SPACE',''
  ) );
#909 = ORIENTED_EDGE('',*,*,#860,.F.);
#910 = ADVANCED_FACE('',(#911),#898,.T.);
#911 = FACE_BOUND('',#912,.T.);
#912 = EDGE_LOOP('',(#913,#914,#937,#964));
#913 = ORIENTED_EDGE('',*,*,#883,.T.);
#914 = ORIENTED_EDGE('',*,*,#915,.T.);
#915 = EDGE_CURVE('',#861,#916,#918,.T.);
#916 = VERTEX_POINT('',#917);
#917 = CARTESIAN_POINT('',(13.7,0.,-567.));
#918 = SEAM_CURVE('',#919,(#923,#930),.PCURVE_S1.);
#919 = LINE('',#920,#921);
#920 = CARTESIAN_POINT('',(14.,0.,-570.));
#921 = VECTOR('',#922,1.);
#922 = DIRECTION('',(-9.9503719021E-02,0.,0.99503719021));
#923 = PCURVE('',#898,#924);
#924 = DEFINITIONAL_REPRESENTATION('',(#925),#929);
#925 = LINE('',#926,#927);
#926 = CARTESIAN_POINT('',(-0.,-0.));
#927 = VECTOR('',#928,1.);
#928 = DIRECTION('',(-0.,-1.));
#929 = ( GEOMETRIC_REPRESENTATION_CONTEXT(2) 
PARAMETRIC_REPRESENTATION_CONTEXT() REPRESENTATION_CONTEXT('2D SPACE',''
  ) );
#930 = PCURVE('',#898,#931);
#931 = DEFINITIONAL_REPRESENTATION('',(#932),#936);
#932 = LINE('',#933,#934);
#933 = CARTESIAN_POINT('',(-6.28318530718,-0.));
#934 = VECTOR('',#935,1.);
#935 = DIRECTION('',(-0.,-1.));
#936 = ( GEOMETRIC_REPRESENTATION_CONTEXT(2) 
PARAMETRIC_REPRESENTATION_CONTEXT() REPRESENTATION_CONTEXT('2D SPACE',''
  ) );
#937 = ORIENTED_EDGE('',*,*,#938,.F.);
#938 = EDGE_CURVE('',#916,#916,#939,.T.);
#939 = SURFACE_CURVE('',#940,(#945,#952),.PCURVE_S1.);
#940 = CIRCLE('',#941,13.7);
#941 = AXIS2_PLACEMENT_3D('',#942,#943,#944);
#942 = CARTESIAN_POINT('',(0.,0.,-567.));
#943 = DIRECTION('',(0.,0.,1.));
#944 = DIRECTION('',(1.,0.,-0.));
#945 = PCURVE('',#898,#946);
#946 = DEFINITIONAL_REPRESENTATION('',(#947),#951);
#947 = LINE('',#948,#949);
#948 = CARTESIAN_POINT('',(-0.,-3.));
#949 = VECTOR('',#950,1.);
#950 = DIRECTION('',(-1.,-0.));
#951 = ( GEOMETRIC_REPRESENTATION_CONTEXT(2) 
PARAMETRIC_REPRESENTATION_CONTEXT() REPRESENTATION_CONTEXT('2D SPACE',''
  ) );
#952 = PCURVE('',#953,#958);
#953 = CONICAL_SURFACE('',#954,13.7,9.966865249116E-02);
#954 = AXIS2_PLACEMENT_3D('',#955,#956,#957);
#955 = CARTESIAN_POINT('',(0.,0.,-567.));
#956 = DIRECTION('',(0.,0.,1.));
#957 = DIRECTION('',(1.,0.,-0.));
#958 = DEFINITIONAL_REPRESENTATION('',(#959),#963);
#959 = LINE('',#960,#961);
#960 = CARTESIAN_POINT('',(0.,0.));
#961 = VECTOR('',#962,1.);
#962 = DIRECTION('',(1.,0.));
#963 = ( GEOMETRIC_REPRESENTATION_CONTEXT(2) 
PARAMETRIC_REPRESENTATION_CONTEXT() REPRESENTATION_CONTEXT('2D SPACE',''
  ) );
#964 = ORIENTED_EDGE('',*,*,#915,.F.);
#965 = ADVANCED_FACE('',(#966),#953,.T.);
#966 = FACE_BOUND('',#967,.T.);
#967 = EDGE_LOOP('',(#968,#969,#992,#1019));
#968 = ORIENTED_EDGE('',*,*,#938,.T.);
#969 = ORIENTED_EDGE('',*,*,#970,.T.);
#970 = EDGE_CURVE('',#916,#971,#973,.T.);
#971 = VERTEX_POINT('',#972);
#972 = CARTESIAN_POINT('',(14.,0.,-564.));
#973 = SEAM_CURVE('',#974,(#978,#985),.PCURVE_S1.);
#974 = LINE('',#975,#976);
#975 = CARTESIAN_POINT('',(13.7,0.,-567.));
#976 = VECTOR('',#977,1.);
#977 = DIRECTION('',(9.9503719021E-02,0.,0.99503719021));
#978 = PCURVE('',#953,#979);
#979 = DEFINITIONAL_REPRESENTATION('',(#980),#984);
#980 = LINE('',#981,#982);
#981 = CARTESIAN_POINT('',(0.,0.));
#982 = VECTOR('',#983,1.);
#983 = DIRECTION('',(0.,1.));
#984 = ( GEOMETRIC_REPRESENTATION_CONTEXT(2) 
PARAMETRIC_REPRESENTATION_CONTEXT() REPRESENTATION_CONTEXT('2D SPACE',''
  ) );
#985 = PCURVE('',#953,#986);
#986 = DEFINITIONAL_REPRESENTATION('',(#987),#991);
#987 = LINE('',#988,#989);
#988 = CARTESIAN_POINT('',(6.28318530718,0.));
#989 = VECTOR('',#990,1.);
#990 = DIRECTION('',(0.,1.));
#991 = ( GEOMETRIC_REPRESENTATION_CONTEXT(2) 
PARAMETRIC_REPRESENTATION_CONTEXT() REPRESENTATION_CONTEXT('2D SPACE',''
  ) );
#992 = ORIENTED_EDGE('',*,*,#993,.F.);
#993 = EDGE_CURVE('',#971,#971,#994,.T.);
#994 = SURFACE_CURVE('',#995,(#1000,#1007),.PCURVE_S1.);
#995 = CIRCLE('',#996,14.);
#996 = AXIS2_PLACEMENT_3D('',#997,#998,#999);
#997 = CARTESIAN_POINT('',(0.,0.,-564.));
#998 = DIRECTION('',(0.,0.,1.));
#999 = DIRECTION('',(1.,0.,-0.));
#1000 = PCURVE('',#953,#1001);
#1001 = DEFINITIONAL_REPRESENTATION('',(#1002),#1006);
#1002 = LINE('',#1003,#1004);
#1003 = CARTESIAN_POINT('',(0.,3.));
#1004 = VECTOR('',#1005,1.);
#1005 = DIRECTION('',(1.,0.));
#1006 = ( GEOMETRIC_REPRESENTATION_CONTEXT(2) 
PARAMETRIC_REPRESENTATION_CONTEXT() REPRESENTATION_CONTEXT('2D SPACE',''
  ) );
#1007 = PCURVE('',#1008,#1013);
#1008 = CONICAL_SURFACE('',#1009,14.,9.966865249116E-02);
#1009 = AXIS2_PLACEMENT_3D('',#1010,#1011,#1012);
#1010 = CARTESIAN_POINT('',(0.,0.,-564.));
#1011 = DIRECTION('',(-0.,-0.,-1.));
#1012 = DIRECTION('',(1.,0.,-0.));
#1013 = DEFINITIONAL_REPRESENTATION('',(#1014),#1018);
#1014 = LINE('',#1015,#1016);
#1015 = CARTESIAN_POINT('',(-0.,-0.));
#1016 = VECTOR('',#1017,1.);
#1017 = DIRECTION('',(-1.,-0.));
#1018 = ( GEOMETRIC_REPRESENTATION_CONTEXT(2) 
PARAMETRIC_REPRESENTATION_CONTEXT() REPRESENTATION_CONTEXT('2D SPACE',''
  ) );
#1019 = ORIENTED_EDGE('',*,*,#970,.F.);
#1020 = ADVANCED_FACE('',(#1021),#1008,.T.);
#1021 = FACE_BOUND('',#1022,.T.);
#1022 = EDGE_LOOP('',(#1023,#1024,#1047,#1074));
#1023 = ORIENTED_EDGE('',*,*,#993,.T.);
#1024 = ORIENTED_EDGE('',*,*,#1025,.T.);
#1025 = EDGE_CURVE('',#971,#1026,#1028,.T.);
#1026 = VERTEX_POINT('',#1027);
#1027 = CARTESIAN_POINT('',(13.7,0.,-561.));
#1028 = SEAM_CURVE('',#1029,(#1033,#1040),.PCURVE_S1.);
#1029 = LINE('',#1030,#1031);
#1030 = CARTESIAN_POINT('',(14.,0.,-564.));
#1031 = VECTOR('',#1032,1.);
#1032 = DIRECTION('',(-9.9503719021E-02,0.,0.99503719021));
#1033 = PCURVE('',#1008,#1034);
#1034 = DEFINITIONAL_REPRESENTATION('',(#1035),#1039);
#1035 = LINE('',#1036,#1037);
#1036 = CARTESIAN_POINT('',(-0.,-0.));
#1037 = VECTOR('',#1038,1.);
#1038 = DIRECTION('',(-0.,-1.));
#1039 = ( GEOMETRIC_REPRESENTATION_CONTEXT(2) 
PARAMETRIC_REPRESENTATION_CONTEXT() REPRESENTATION_CONTEXT('2D SPACE',''
  ) );
#1040 = PCURVE('',#1008,#1041);
#1041 = DEFINITIONAL_REPRESENTATION('',(#1042),#1046);
#1042 = LINE('',#1043,#1044);
#1043 = CARTESIAN_POINT('',(-6.28318530718,-0.));
#1044 = VECTOR('',#1045,1.);
#1045 = DIRECTION('',(-0.,-1.));
#1046 = ( GEOMETRIC_REPRESENTATION_CONTEXT(2) 
PARAMETRIC_REPRESENTATION_CONTEXT() REPRESENTATION_CONTEXT('2D SPACE',''
  ) );
#1047 = ORIENTED_EDGE('',*,*,#1048,.F.);
#1048 = EDGE_CURVE('',#1026,#1026,#1049,.T.);
#1049 = SURFACE_CURVE('',#1050,(#1055,#1062),.PCURVE_S1.);
#1050 = CIRCLE('',#1051,13.7);
#1051 = AXIS2_PLACEMENT_3D('',#1052,#1053,#1054);
#1052 = CARTESIAN_POINT('',(0.,0.,-561.));
#1053 = DIRECTION('',(0.,0.,1.));
#1054 = DIRECTION('',(1.,0.,-0.));
#1055 = PCURVE('',#1008,#1056);
#1056 = DEFINITIONAL_REPRESENTATION('',(#1057),#1061);
#1057 = LINE('',#1058,#1059);
#1058 = CARTESIAN_POINT('',(-0.,-3.));
#1059 = VECTOR('',#1060,1.);
#1060 = DIRECTION('',(-1.,-0.));
#1061 = ( GEOMETRIC_REPRESENTATION_CONTEXT(2) 
PARAMETRIC_REPRESENTATION_CONTEXT() REPRESENTATION_CONTEXT('2D SPACE',''
  ) );
#1062 = PCURVE('',#1063,#1068);
#1063 = CONICAL_SURFACE('',#1064,13.7,9.966865249116E-02);
#1064 = AXIS2_PLACEMENT_3D('',#1065,#1066,#1067);
#1065 = CARTESIAN_POINT('',(0.,0.,-561.));
#1066 = DIRECTION('',(0.,0.,1.));
#1067 = DIRECTION('',(1.,0.,-0.));
#1068 = DEFINITIONAL_REPRESENTATION('',(#1069),#1073);
#1069 = LINE('',#1070,#1071);
#1070 = CARTESIAN_POINT('',(0.,0.));
#1071 = VECTOR('',#1072,1.);
#1072 = DIRECTION('',(1.,0.));
#1073 = ( GEOMETRIC_REPRESENTATION_CONTEXT(2) 
PARAMETRIC_REPRESENTATION_CONTEXT() REPRESENTATION_CONTEXT('2D SPACE',''
  ) );
#1074 = ORIENTED_EDGE('',*,*,#1025,.F.);
#1075 = ADVANCED_FACE('',(#1076),#1063,.T.);
#1076 = FACE_BOUND('',#1077,.T.);
#1077 = EDGE_LOOP('',(#1078,#1079,#1102,#1129));
#1078 = ORIENTED_EDGE('',*,*,#1048,.T.);
#1079 = ORIENTED_EDGE('',*,*,#1080,.T.);
#1080 = EDGE_CURVE('',#1026,#1081,#1083,.T.);
#1081 = VERTEX_POINT('',#1082);
#1082 = CARTESIAN_POINT('',(14.,0.,-558.));
#1083 = SEAM_CURVE('',#1084,(#1088,#1095),.PCURVE_S1.);
#1084 = LINE('',#1085,#1086);
#1085 = CARTESIAN_POINT('',(13.7,0.,-561.));
#1086 = VECTOR('',#1087,1.);
#1087 = DIRECTION('',(9.9503719021E-02,0.,0.99503719021));
#1088 = PCURVE('',#1063,#1089);
#1089 = DEFINITIONAL_REPRESENTATION('',(#1090),#1094);
#1090 = LINE('',#1091,#1092);
#1091 = CARTESIAN_POINT('',(0.,0.));
#1092 = VECTOR('',#1093,1.);
#1093 = DIRECTION('',(0.,1.));
#1094 = ( GEOMETRIC_REPRESENTATION_CONTEXT(2) 
PARAMETRIC_REPRESENTATION_CONTEXT() REPRESENTATION_CONTEXT('2D SPACE',''
  ) );
#1095 = PCURVE('',#1063,#1096);
#1096 = DEFINITIONAL_REPRESENTATION('',(#1097),#1101);
#1097 = LINE('',#1098,#1099);
#1098 = CARTESIAN_POINT('',(6.28318530718,0.));
#1099 = VECTOR('',#1100,1.);
#1100 = DIRECTION('',(0.,1.));
#1101 = ( GEOMETRIC_REPRESENTATION_CONTEXT(2) 
PARAMETRIC_REPRESENTATION_CONTEXT() REPRESENTATION_CONTEXT('2D SPACE',''
  ) );
#1102 = ORIENTED_EDGE('',*,*,#1103,.F.);
#1103 = EDGE_CURVE('',#1081,#1081,#1104,.T.);
#1104 = SURFACE_CURVE('',#1105,(#1110,#1117),.PCURVE_S1.);
#1105 = CIRCLE('',#1106,14.);
#1106 = AXIS2_PLACEMENT_3D('',#1107,#1108,#1109);
#1107 = CARTESIAN_POINT('',(0.,0.,-558.));
#1108 = DIRECTION('',(0.,0.,1.));
#1109 = DIRECTION('',(1.,0.,-0.));
#1110 = PCURVE('',#1063,#1111);
#1111 = DEFINITIONAL_REPRESENTATION('',(#1112),#1116);
#1112 = LINE('',#1113,#1114);
#1113 = CARTESIAN_POINT('',(0.,3.));
#1114 = VECTOR('',#1115,1.);
#1115 = DIRECTION('',(1.,0.));
#1116 = ( GEOMETRIC_REPRESENTATION_CONTEXT(2) 
PARAMETRIC_REPRESENTATION_CONTEXT() REPRESENTATION_CONTEXT('2D SPACE',''
  ) );
#1117 = PCURVE('',#1118,#1123);
#1118 = CONICAL_SURFACE('',#1119,14.,9.966865249116E-02);
#1119 = AXIS2_PLACEMENT_3D('',#1120,#1121,#1122);
#1120 = CARTESIAN_POINT('',(0.,0.,-558.));
#1121 = DIRECTION('',(-0.,-0.,-1.));
#1122 = DIRECTION('',(1.,0.,-0.));
#1123 = DEFINITIONAL_REPRESENTATION('',(#1124),#1128);
#1124 = LINE('',#1125,#1126);
#1125 = CARTESIAN_POINT('',(-0.,-0.));
#1126 = VECTOR('',#1127,1.);
#1127 = DIRECTION('',(-1.,-0.));
#1128 = ( GEOMETRIC_REPRESENTATION_CONTEXT(2) 
PARAMETRIC_REPRESENTATION_CONTEXT() REPRESENTATION_CONTEXT('2D SPACE',''
  ) );
#1129 = ORIENTED_EDGE('',*,*,#1080,.F.);
#1130 = ADVANCED_FACE('',(#1131),#1118,.T.);
#1131 = FACE_BOUND('',#1132,.T.);
#1132 = EDGE_LOOP('',(#1133,#1134,#1157,#1184));
#1133 = ORIENTED_EDGE('',*,*,#1103,.T.);
#1134 = ORIENTED_EDGE('',*,*,#1135,.T.);
#1135 = EDGE_CURVE('',#1081,#1136,#1138,.T.);
#1136 = VERTEX_POINT('',#1137);
#1137 = CARTESIAN_POINT('',(13.7,0.,-555.));
#1138 = SEAM_CURVE('',#1139,(#1143,#1150),.PCURVE_S1.);
#1139 = LINE('',#1140,#1141);
#1140 = CARTESIAN_POINT('',(14.,0.,-558.));
#1141 = VECTOR('',#1142,1.);
#1142 = DIRECTION('',(-9.9503719021E-02,0.,0.99503719021));
#1143 = PCURVE('',#1118,#1144);
#1144 = DEFINITIONAL_REPRESENTATION('',(#1145),#1149);
#1145 = LINE('',#1146,#1147);
#1146 = CARTESIAN_POINT('',(-0.,-0.));
#1147 = VECTOR('',#1148,1.);
#1148 = DIRECTION('',(-0.,-1.));
#1149 = ( GEOMETRIC_REPRESENTATION_CONTEXT(2) 
PARAMETRIC_REPRESENTATION_CONTEXT() REPRESENTATION_CONTEXT('2D SPACE',''
  ) );
#1150 = PCURVE('',#1118,#1151);
#1151 = DEFINITIONAL_REPRESENTATION('',(#1152),#1156);
#1152 = LINE('',#1153,#1154);
#1153 = CARTESIAN_POINT('',(-6.28318530718,-0.));
#1154 = VECTOR('',#1155,1.);
#1155 = DIRECTION('',(-0.,-1.));
#1156 = ( GEOMETRIC_REPRESENTATION_CONTEXT(2) 
PARAMETRIC_REPRESENTATION_CONTEXT() REPRESENTATION_CONTEXT('2D SPACE',''
  ) );
#1157 = ORIENTED_EDGE('',*,*,#1158,.F.);
#1158 = EDGE_CURVE('',#1136,#1136,#1159,.T.);
#1159 = SURFACE_CURVE('',#1160,(#1165,#1172),.PCURVE_S1.);
#1160 = CIRCLE('',#1161,13.7);
#1161 = AXIS2_PLACEMENT_3D('',#1162,#1163,#1164);
#1162 = CARTESIAN_POINT('',(0.,0.,-555.));
#1163 = DIRECTION('',(0.,0.,1.));
#1164 = DIRECTION('',(1.,0.,-0.));
#1165 = PCURVE('',#1118,#1166);
#1166 = DEFINITIONAL_REPRESENTATION('',(#1167),#1171);
#1167 = LINE('',#1168,#1169);
#1168 = CARTESIAN_POINT('',(-0.,-3.));
#1169 = VECTOR('',#1170,1.);
#1170 = DIRECTION('',(-1.,-0.));
#1171 = ( GEOMETRIC_REPRESENTATION_CONTEXT(2) 
PARAMETRIC_REPRESENTATION_CONTEXT() REPRESENTATION_CONTEXT('2D SPACE',''
  ) );
#1172 = PCURVE('',#1173,#1178);
#1173 = CONICAL_SURFACE('',#1174,13.7,9.966865249116E-02);
#1174 = AXIS2_PLACEMENT_3D('',#1175,#1176,#1177);
#1175 = CARTESIAN_POINT('',(0.,0.,-555.));
#1176 = DIRECTION('',(0.,0.,1.));
#1177 = DIRECTION('',(1.,0.,-0.));
#1178 = DEFINITIONAL_REPRESENTATION('',(#1179),#1183);
#1179 = LINE('',#1180,#1181);
#1180 = CARTESIAN_POINT('',(0.,0.));
#1181 = VECTOR('',#1182,1.);
#1182 = DIRECTION('',(1.,0.));
#1183 = ( GEOMETRIC_REPRESENTATION_CONTEXT(2) 
PARAMETRIC_REPRESENTATION_CONTEXT() REPRESENTATION_CONTEXT('2D SPACE',''
  ) );
#1184 = ORIENTED_EDGE('',*,*,#1135,.F.);
#1185 = ADVANCED_FACE('',(#1186),#1173,.T.);
#1186 = FACE_BOUND('',#1187,.T.);
#1187 = EDGE_LOOP('',(#1188,#1189,#1212,#1239));
#1188 = ORIENTED_EDGE('',*,*,#1158,.T.);
#1189 = ORIENTED_EDGE('',*,*,#1190,.T.);
#1190 = EDGE_CURVE('',#1136,#1191,#1193,.T.);
#1191 = VERTEX_POINT('',#1192);
#1192 = CARTESIAN_POINT('',(14.,0.,-552.));
#1193 = SEAM_CURVE('',#1194,(#1198,#1205),.PCURVE_S1.);
#1194 = LINE('',#1195,#1196);
#1195 = CARTESIAN_POINT('',(13.7,0.,-555.));
#1196 = VECTOR('',#1197,1.);
#1197 = DIRECTION('',(9.9503719021E-02,0.,0.99503719021));
#1198 = PCURVE('',#1173,#1199);
#1199 = DEFINITIONAL_REPRESENTATION('',(#1200),#1204);
#1200 = LINE('',#1201,#1202);
#1201 = CARTESIAN_POINT('',(0.,0.));
#1202 = VECTOR('',#1203,1.);
#1203 = DIRECTION('',(0.,1.));
#1204 = ( GEOMETRIC_REPRESENTATION_CONTEXT(2) 
PARAMETRIC_REPRESENTATION_CONTEXT() REPRESENTATION_CONTEXT('2D SPACE',''
  ) );
#1205 = PCURVE('',#1173,#1206);
#1206 = DEFINITIONAL_REPRESENTATION('',(#1207),#1211);
#1207 = LINE('',#1208,#1209);
#1208 = CARTESIAN_POINT('',(6.28318530718,0.));
#1209 = VECTOR('',#1210,1.);
#1210 = DIRECTION('',(0.,1.));
#1211 = ( GEOMETRIC_REPRESENTATION_CONTEXT(2) 
PARAMETRIC_REPRESENTATION_CONTEXT() REPRESENTATION_CONTEXT('2D SPACE',''
  ) );
#1212 = ORIENTED_EDGE('',*,*,#1213,.F.);
#1213 = EDGE_CURVE('',#1191,#1191,#1214,.T.);
#1214 = SURFACE_CURVE('',#1215,(#1220,#1227),.PCURVE_S1.);
#1215 = CIRCLE('',#1216,14.);
#1216 = AXIS2_PLACEMENT_3D('',#1217,#1218,#1219);
#1217 = CARTESIAN_POINT('',(0.,0.,-552.));
#1218 = DIRECTION('',(0.,0.,1.));
#1219 = DIRECTION('',(1.,0.,-0.));
#1220 = PCURVE('',#1173,#1221);
#1221 = DEFINITIONAL_REPRESENTATION('',(#1222),#1226);
#1222 = LINE('',#1223,#1224);
#1223 = CARTESIAN_POINT('',(0.,3.));
#1224 = VECTOR('',#1225,1.);
#1225 = DIRECTION('',(1.,0.));
#1226 = ( GEOMETRIC_REPRESENTATION_CONTEXT(2) 
PARAMETRIC_REPRESENTATION_CONTEXT() REPRESENTATION_CONTEXT('2D SPACE',''
  ) );
#1227 = PCURVE('',#1228,#1233);
#1228 = CONICAL_SURFACE('',#1229,14.,9.966865249116E-02);
#1229 = AXIS2_PLACEMENT_3D('',#1230,#1231,#1232);
#1230 = CARTESIAN_POINT('',(0.,0.,-552.));
#1231 = DIRECTION('',(-0.,-0.,-1.));
#1232 = DIRECTION('',(1.,0.,-0.));
#1233 = DEFINITIONAL_REPRESENTATION('',(#1234),#1238);
#1234 = LINE('',#1235,#1236);
#1235 = CARTESIAN_POINT('',(-0.,-0.));
#1236 = VECTOR('',#1237,1.);
#1237 = DIRECTION('',(-1.,-0.));
#1238 = ( GEOMETRIC_REPRESENTATION_CONTEXT(2) 
PARAMETRIC_REPRESENTATION_CONTEXT() REPRESENTATION_CONTEXT('2D SPACE',''
  ) );
#1239 = ORIENTED_EDGE('',*,*,#1190,.F.);
#1240 = ADVANCED_FACE('',(#1241),#1228,.T.);
#1241 = FACE_BOUND('',#1242,.T.);
#1242 = EDGE_LOOP('',(#1243,#1244,#1267,#1294));
#1243 = ORIENTED_EDGE('',*,*,#1213,.T.);
#1244 = ORIENTED_EDGE('',*,*,#1245,.T.);
#1245 = EDGE_CURVE('',#1191,#1246,#1248,.T.);
#1246 = VERTEX_POINT('',#1247);
#1247 = CARTESIAN_POINT('',(13.7,0.,-549.));
#1248 = SEAM_CURVE('',#1249,(#1253,#1260),.PCURVE_S1.);
#1249 = LINE('',#1250,#1251);
#1250 = CARTESIAN_POINT('',(14.,0.,-552.));
#1251 = VECTOR('',#1252,1.);
#1252 = DIRECTION('',(-9.9503719021E-02,0.,0.99503719021));
#1253 = PCURVE('',#1228,#1254);
#1254 = DEFINITIONAL_REPRESENTATION('',(#1255),#1259);
#1255 = LINE('',#1256,#1257);
#1256 = CARTESIAN_POINT('',(-0.,-0.));
#1257 = VECTOR('',#1258,1.);
#1258 = DIRECTION('',(-0.,-1.));
#1259 = ( GEOMETRIC_REPRESENTATION_CONTEXT(2) 
PARAMETRIC_REPRESENTATION_CONTEXT() REPRESENTATION_CONTEXT('2D SPACE',''
  ) );
#1260 = PCURVE('',#1228,#1261);
#1261 = DEFINITIONAL_REPRESENTATION('',(#1262),#1266);
#1262 = LINE('',#1263,#1264);
#1263 = CARTESIAN_POINT('',(-6.28318530718,-0.));
#1264 = VECTOR('',#1265,1.);
#1265 = DIRECTION('',(-0.,-1.));
#1266 = ( GEOMETRIC_REPRESENTATION_CONTEXT(2) 
PARAMETRIC_REPRESENTATION_CONTEXT() REPRESENTATION_CONTEXT('2D SPACE',''
  ) );
#1267 = ORIENTED_EDGE('',*,*,#1268,.F.);
#1268 = EDGE_CURVE('',#1246,#1246,#1269,.T.);
#1269 = SURFACE_CURVE('',#1270,(#1275,#1282),.PCURVE_S1.);
#1270 = CIRCLE('',#1271,13.7);
#1271 = AXIS2_PLACEMENT_3D('',#1272,#1273,#1274);
#1272 = CARTESIAN_POINT('',(0.,0.,-549.));
#1273 = DIRECTION('',(0.,0.,1.));
#1274 = DIRECTION('',(1.,0.,-0.));
#1275 = PCURVE('',#1228,#1276);
#1276 = DEFINITIONAL_REPRESENTATION('',(#1277),#1281);
#1277 = LINE('',#1278,#1279);
#1278 = CARTESIAN_POINT('',(-0.,-3.));
#1279 = VECTOR('',#1280,1.);
#1280 = DIRECTION('',(-1.,-0.));
#1281 = ( GEOMETRIC_REPRESENTATION_CONTEXT(2) 
PARAMETRIC_REPRESENTATION_CONTEXT() REPRESENTATION_CONTEXT('2D SPACE',''
  ) );
#1282 = PCURVE('',#1283,#1288);
#1283 = CONICAL_SURFACE('',#1284,13.7,9.966865249116E-02);
#1284 = AXIS2_PLACEMENT_3D('',#1285,#1286,#1287);
#1285 = CARTESIAN_POINT('',(0.,0.,-549.));
#1286 = DIRECTION('',(0.,0.,1.));
#1287 = DIRECTION('',(1.,0.,-0.));
#1288 = DEFINITIONAL_REPRESENTATION('',(#1289),#1293);
#1289 = LINE('',#1290,#1291);
#1290 = CARTESIAN_POINT('',(0.,0.));
#1291 = VECTOR('',#1292,1.);
#1292 = DIRECTION('',(1.,0.));
#1293 = ( GEOMETRIC_REPRESENTATION_CONTEXT(2) 
PARAMETRIC_REPRESENTATION_CONTEXT() REPRESENTATION_CONTEXT('2D SPACE',''
  ) );
#1294 = ORIENTED_EDGE('',*,*,#1245,.F.);
#1295 = ADVANCED_FACE('',(#1296),#1283,.T.);
#1296 = FACE_BOUND('',#1297,.T.);
#1297 = EDGE_LOOP('',(#1298,#1299,#1322,#1349));
#1298 = ORIENTED_EDGE('',*,*,#1268,.T.);
#1299 = ORIENTED_EDGE('',*,*,#1300,.T.);
#1300 = EDGE_CURVE('',#1246,#1301,#1303,.T.);
#1301 = VERTEX_POINT('',#1302);
#1302 = CARTESIAN_POINT('',(14.,0.,-546.));
#1303 = SEAM_CURVE('',#1304,(#1308,#1315),.PCURVE_S1.);
#1304 = LINE('',#1305,#1306);
#1305 = CARTESIAN_POINT('',(13.7,0.,-549.));
#1306 = VECTOR('',#1307,1.);
#1307 = DIRECTION('',(9.9503719021E-02,0.,0.99503719021));
#1308 = PCURVE('',#1283,#1309);
#1309 = DEFINITIONAL_REPRESENTATION('',(#1310),#1314);
#1310 = LINE('',#1311,#1312);
#1311 = CARTESIAN_POINT('',(0.,0.));
#1312 = VECTOR('',#1313,1.);
#1313 = DIRECTION('',(0.,1.));
#1314 = ( GEOMETRIC_REPRESENTATION_CONTEXT(2) 
PARAMETRIC_REPRESENTATION_CONTEXT() REPRESENTATION_CONTEXT('2D SPACE',''
  ) );
#1315 = PCURVE('',#1283,#1316);
#1316 = DEFINITIONAL_REPRESENTATION('',(#1317),#1321);
#1317 = LINE('',#1318,#1319);
#1318 = CARTESIAN_POINT('',(6.28318530718,0.));
#1319 = VECTOR('',#1320,1.);
#1320 = DIRECTION('',(0.,1.));
#1321 = ( GEOMETRIC_REPRESENTATION_CONTEXT(2) 
PARAMETRIC_REPRESENTATION_CONTEXT() REPRESENTATION_CONTEXT('2D SPACE',''
  ) );
#1322 = ORIENTED_EDGE('',*,*,#1323,.F.);
#1323 = EDGE_CURVE('',#1301,#1301,#1324,.T.);
#1324 = SURFACE_CURVE('',#1325,(#1330,#1337),.PCURVE_S1.);
#1325 = CIRCLE('',#1326,14.);
#1326 = AXIS2_PLACEMENT_3D('',#1327,#1328,#1329);
#1327 = CARTESIAN_POINT('',(0.,0.,-546.));
#1328 = DIRECTION('',(0.,0.,1.));
#1329 = DIRECTION('',(1.,0.,-0.));
#1330 = PCURVE('',#1283,#1331);
#1331 = DEFINITIONAL_REPRESENTATION('',(#1332),#1336);
#1332 = LINE('',#1333,#1334);
#1333 = CARTESIAN_POINT('',(0.,3.));
#1334 = VECTOR('',#1335,1.);
#1335 = DIRECTION('',(1.,0.));
#1336 = ( GEOMETRIC_REPRESENTATION_CONTEXT(2) 
PARAMETRIC_REPRESENTATION_CONTEXT() REPRESENTATION_CONTEXT('2D SPACE',''
  ) );
#1337 = PCURVE('',#1338,#1343);
#1338 = CONICAL_SURFACE('',#1339,14.,9.966865249116E-02);
#1339 = AXIS2_PLACEMENT_3D('',#1340,#1341,#1342);
#1340 = CARTESIAN_POINT('',(0.,0.,-546.));
#1341 = DIRECTION('',(-0.,-0.,-1.));
#1342 = DIRECTION('',(1.,0.,-0.));
#1343 = DEFINITIONAL_REPRESENTATION('',(#1344),#1348);
#1344 = LINE('',#1345,#1346);
#1345 = CARTESIAN_POINT('',(-0.,-0.));
#1346 = VECTOR('',#1347,1.);
#1347 = DIRECTION('',(-1.,-0.));
#1348 = ( GEOMETRIC_REPRESENTATION_CONTEXT(2) 
PARAMETRIC_REPRESENTATION_CONTEXT() REPRESENTATION_CONTEXT('2D SPACE',''
  ) );
#1349 = ORIENTED_EDGE('',*,*,#1300,.F.);
#1350 = ADVANCED_FACE('',(#1351),#1338,.T.);
#1351 = FACE_BOUND('',#1352,.T.);
#1352 = EDGE_LOOP('',(#1353,#1354,#1377,#1404));
#1353 = ORIENTED_EDGE('',*,*,#1323,.T.);
#1354 = ORIENTED_EDGE('',*,*,#1355,.T.);
#1355 = EDGE_CURVE('',#1301,#1356,#1358,.T.);
#1356 = VERTEX_POINT('',#1357);
#1357 = CARTESIAN_POINT('',(13.7,0.,-543.));
#1358 = SEAM_CURVE('',#1359,(#1363,#1370),.PCURVE_S1.);
#1359 = LINE('',#1360,#1361);
#1360 = CARTESIAN_POINT('',(14.,0.,-546.));
#1361 = VECTOR('',#1362,1.);
#1362 = DIRECTION('',(-9.9503719021E-02,0.,0.99503719021));
#1363 = PCURVE('',#1338,#1364);
#1364 = DEFINITIONAL_REPRESENTATION('',(#1365),#1369);
#1365 = LINE('',#1366,#1367);
#1366 = CARTESIAN_POINT('',(-0.,-0.));
#1367 = VECTOR('',#1368,1.);
#1368 = DIRECTION('',(-0.,-1.));
#1369 = ( GEOMETRIC_REPRESENTATION_CONTEXT(2) 
PARAMETRIC_REPRESENTATION_CONTEXT() REPRESENTATION_CONTEXT('2D SPACE',''
  ) );
#1370 = PCURVE('',#1338,#1371);
#1371 = DEFINITIONAL_REPRESENTATION('',(#1372),#1376);
#1372 = LINE('',#1373,#1374);
#1373 = CARTESIAN_POINT('',(-6.28318530718,-0.));
#1374 = VECTOR('',#1375,1.);
#1375 = DIRECTION('',(-0.,-1.));
#1376 = ( GEOMETRIC_REPRESENTATION_CONTEXT(2) 
PARAMETRIC_REPRESENTATION_CONTEXT() REPRESENTATION_CONTEXT('2D SPACE',''
  ) );
#1377 = ORIENTED_EDGE('',*,*,#1378,.F.);
#1378 = EDGE_CURVE('',#1356,#1356,#1379,.T.);
#1379 = SURFACE_CURVE('',#1380,(#1385,#1392),.PCURVE_S1.);
#1380 = CIRCLE('',#1381,13.7);
#1381 = AXIS2_PLACEMENT_3D('',#1382,#1383,#1384);
#1382 = CARTESIAN_POINT('',(0.,0.,-543.));
#1383 = DIRECTION('',(0.,0.,1.));
#1384 = DIRECTION('',(1.,0.,-0.));
#1385 = PCURVE('',#1338,#1386);
#1386 = DEFINITIONAL_REPRESENTATION('',(#1387),#1391);
#1387 = LINE('',#1388,#1389);
#1388 = CARTESIAN_POINT('',(-0.,-3.));
#1389 = VECTOR('',#1390,1.);
#1390 = DIRECTION('',(-1.,-0.));
#1391 = ( GEOMETRIC_REPRESENTATION_CONTEXT(2) 
PARAMETRIC_REPRESENTATION_CONTEXT() REPRESENTATION_CONTEXT('2D SPACE',''
  ) );
#1392 = PCURVE('',#1393,#1398);
#1393 = CONICAL_SURFACE('',#1394,13.7,9.966865249116E-02);
#1394 = AXIS2_PLACEMENT_3D('',#1395,#1396,#1397);
#1395 = CARTESIAN_POINT('',(0.,0.,-543.));
#1396 = DIRECTION('',(0.,0.,1.));
#1397 = DIRECTION('',(1.,0.,-0.));
#1398 = DEFINITIONAL_REPRESENTATION('',(#1399),#1403);
#1399 = LINE('',#1400,#1401);
#1400 = CARTESIAN_POINT('',(0.,0.));
#1401 = VECTOR('',#1402,1.);
#1402 = DIRECTION('',(1.,0.));
#1403 = ( GEOMETRIC_REPRESENTATION_CONTEXT(2) 
PARAMETRIC_REPRESENTATION_CONTEXT() REPRESENTATION_CONTEXT('2D SPACE',''
  ) );
#1404 = ORIENTED_EDGE('',*,*,#1355,.F.);
#1405 = ADVANCED_FACE('',(#1406),#1393,.T.);
#1406 = FACE_BOUND('',#1407,.T.);
#1407 = EDGE_LOOP('',(#1408,#1409,#1432,#1459));
#1408 = ORIENTED_EDGE('',*,*,#1378,.T.);
#1409 = ORIENTED_EDGE('',*,*,#1410,.T.);
#1410 = EDGE_CURVE('',#1356,#1411,#1413,.T.);
#1411 = VERTEX_POINT('',#1412);
#1412 = CARTESIAN_POINT('',(14.,0.,-540.));
#1413 = SEAM_CURVE('',#1414,(#1418,#1425),.PCURVE_S1.);
#1414 = LINE('',#1415,#1416);
#1415 = CARTESIAN_POINT('',(13.7,0.,-543.));
#1416 = VECTOR('',#1417,1.);
#1417 = DIRECTION('',(9.9503719021E-02,0.,0.99503719021));
#1418 = PCURVE('',#1393,#1419);
#1419 = DEFINITIONAL_REPRESENTATION('',(#1420),#1424);
#1420 = LINE('',#1421,#1422);
#1421 = CARTESIAN_POINT('',(0.,0.));
#1422 = VECTOR('',#1423,1.);
#1423 = DIRECTION('',(0.,1.));
#1424 = ( GEOMETRIC_REPRESENTATION_CONTEXT(2) 
PARAMETRIC_REPRESENTATION_CONTEXT() REPRESENTATION_CONTEXT('2D SPACE',''
  ) );
#1425 = PCURVE('',#1393,#1426);
#1426 = DEFINITIONAL_REPRESENTATION('',(#1427),#1431);
#1427 = LINE('',#1428,#1429);
#1428 = CARTESIAN_POINT('',(6.28318530718,0.));
#1429 = VECTOR('',#1430,1.);
#1430 = DIRECTION('',(0.,1.));
#1431 = ( GEOMETRIC_REPRESENTATION_CONTEXT(2) 
PARAMETRIC_REPRESENTATION_CONTEXT() REPRESENTATION_CONTEXT('2D SPACE',''
  ) );
#1432 = ORIENTED_EDGE('',*,*,#1433,.F.);
#1433 = EDGE_CURVE('',#1411,#1411,#1434,.T.);
#1434 = SURFACE_CURVE('',#1435,(#1440,#1447),.PCURVE_S1.);
#1435 = CIRCLE('',#1436,14.);
#1436 = AXIS2_PLACEMENT_3D('',#1437,#1438,#1439);
#1437 = CARTESIAN_POINT('',(0.,0.,-540.));
#1438 = DIRECTION('',(0.,0.,1.));
#1439 = DIRECTION('',(1.,0.,-0.));
#1440 = PCURVE('',#1393,#1441);
#1441 = DEFINITIONAL_REPRESENTATION('',(#1442),#1446);
#1442 = LINE('',#1443,#1444);
#1443 = CARTESIAN_POINT('',(0.,3.));
#1444 = VECTOR('',#1445,1.);
#1445 = DIRECTION('',(1.,0.));
#1446 = ( GEOMETRIC_REPRESENTATION_CONTEXT(2) 
PARAMETRIC_REPRESENTATION_CONTEXT() REPRESENTATION_CONTEXT('2D SPACE',''
  ) );
#1447 = PCURVE('',#1448,#1453);
#1448 = CONICAL_SURFACE('',#1449,14.,9.966865249116E-02);
#1449 = AXIS2_PLACEMENT_3D('',#1450,#1451,#1452);
#1450 = CARTESIAN_POINT('',(0.,0.,-540.));
#1451 = DIRECTION('',(-0.,-0.,-1.));
#1452 = DIRECTION('',(1.,0.,-0.));
#1453 = DEFINITIONAL_REPRESENTATION('',(#1454),#1458);
#1454 = LINE('',#1455,#1456);
#1455 = CARTESIAN_POINT('',(-0.,-0.));
#1456 = VECTOR('',#1457,1.);
#1457 = DIRECTION('',(-1.,-0.));
#1458 = ( GEOMETRIC_REPRESENTATION_CONTEXT(2) 
PARAMETRIC_REPRESENTATION_CONTEXT() REPRESENTATION_CONTEXT('2D SPACE',''
  ) );
#1459 = ORIENTED_EDGE('',*,*,#1410,.F.);
#1460 = ADVANCED_FACE('',(#1461),#1448,.T.);
#1461 = FACE_BOUND('',#1462,.T.);
#1462 = EDGE_LOOP('',(#1463,#1464,#1487,#1514));
#1463 = ORIENTED_EDGE('',*,*,#1433,.T.);
#1464 = ORIENTED_EDGE('',*,*,#1465,.T.);
#1465 = EDGE_CURVE('',#1411,#1466,#1468,.T.);
#1466 = VERTEX_POINT('',#1467);
#1467 = CARTESIAN_POINT('',(13.7,0.,-537.));
#1468 = SEAM_CURVE('',#1469,(#1473,#1480),.PCURVE_S1.);
#1469 = LINE('',#1470,#1471);
#1470 = CARTESIAN_POINT('',(14.,0.,-540.));
#1471 = VECTOR('',#1472,1.);
#1472 = DIRECTION('',(-9.9503719021E-02,0.,0.99503719021));
#1473 = PCURVE('',#1448,#1474);
#1474 = DEFINITIONAL_REPRESENTATION('',(#1475),#1479);
#1475 = LINE('',#1476,#1477);
#1476 = CARTESIAN_POINT('',(-0.,-0.));
#1477 = VECTOR('',#1478,1.);
#1478 = DIRECTION('',(-0.,-1.));
#1479 = ( GEOMETRIC_REPRESENTATION_CONTEXT(2) 
PARAMETRIC_REPRESENTATION_CONTEXT() REPRESENTATION_CONTEXT('2D SPACE',''
  ) );
#1480 = PCURVE('',#1448,#1481);
#1481 = DEFINITIONAL_REPRESENTATION('',(#1482),#1486);
#1482 = LINE('',#1483,#1484);
#1483 = CARTESIAN_POINT('',(-6.28318530718,-0.));
#1484 = VECTOR('',#1485,1.);
#1485 = DIRECTION('',(-0.,-1.));
#1486 = ( GEOMETRIC_REPRESENTATION_CONTEXT(2) 
PARAMETRIC_REPRESENTATION_CONTEXT() REPRESENTATION_CONTEXT('2D SPACE',''
  ) );
#1487 = ORIENTED_EDGE('',*,*,#1488,.F.);
#1488 = EDGE_CURVE('',#1466,#1466,#1489,.T.);
#1489 = SURFACE_CURVE('',#1490,(#1495,#1502),.PCURVE_S1.);
#1490 = CIRCLE('',#1491,13.7);
#1491 = AXIS2_PLACEMENT_3D('',#1492,#1493,#1494);
#1492 = CARTESIAN_POINT('',(0.,0.,-537.));
#1493 = DIRECTION('',(0.,0.,1.));
#1494 = DIRECTION('',(1.,0.,-0.));
#1495 = PCURVE('',#1448,#1496);
#1496 = DEFINITIONAL_REPRESENTATION('',(#1497),#1501);
#1497 = LINE('',#1498,#1499);
#1498 = CARTESIAN_POINT('',(-0.,-3.));
#1499 = VECTOR('',#1500,1.);
#1500 = DIRECTION('',(-1.,-0.));
#1501 = ( GEOMETRIC_REPRESENTATION_CONTEXT(2) 
PARAMETRIC_REPRESENTATION_CONTEXT() REPRESENTATION_CONTEXT('2D SPACE',''
  ) );
#1502 = PCURVE('',#1503,#1508);
#1503 = CONICAL_SURFACE('',#1504,13.7,9.966865249116E-02);
#1504 = AXIS2_PLACEMENT_3D('',#1505,#1506,#1507);
#1505 = CARTESIAN_POINT('',(0.,0.,-537.));
#1506 = DIRECTION('',(0.,0.,1.));
#1507 = DIRECTION('',(1.,0.,-0.));
#1508 = DEFINITIONAL_REPRESENTATION('',(#1509),#1513);
#1509 = LINE('',#1510,#1511);
#1510 = CARTESIAN_POINT('',(0.,0.));
#1511 = VECTOR('',#1512,1.);
#1512 = DIRECTION('',(1.,0.));
#1513 = ( GEOMETRIC_REPRESENTATION_CONTEXT(2) 
PARAMETRIC_REPRESENTATION_CONTEXT() REPRESENTATION_CONTEXT('2D SPACE',''
  ) );
#1514 = ORIENTED_EDGE('',*,*,#1465,.F.);
#1515 = ADVANCED_FACE('',(#1516),#1503,.T.);
#1516 = FACE_BOUND('',#1517,.T.);
#1517 = EDGE_LOOP('',(#1518,#1519,#1542,#1569));
#1518 = ORIENTED_EDGE('',*,*,#1488,.T.);
#1519 = ORIENTED_EDGE('',*,*,#1520,.T.);
#1520 = EDGE_CURVE('',#1466,#1521,#1523,.T.);
#1521 = VERTEX_POINT('',#1522);
#1522 = CARTESIAN_POINT('',(14.,0.,-534.));
#1523 = SEAM_CURVE('',#1524,(#1528,#1535),.PCURVE_S1.);
#1524 = LINE('',#1525,#1526);
#1525 = CARTESIAN_POINT('',(13.7,0.,-537.));
#1526 = VECTOR('',#1527,1.);
#1527 = DIRECTION('',(9.9503719021E-02,0.,0.99503719021));
#1528 = PCURVE('',#1503,#1529);
#1529 = DEFINITIONAL_REPRESENTATION('',(#1530),#1534);
#1530 = LINE('',#1531,#1532);
#1531 = CARTESIAN_POINT('',(0.,0.));
#1532 = VECTOR('',#1533,1.);
#1533 = DIRECTION('',(0.,1.));
#1534 = ( GEOMETRIC_REPRESENTATION_CONTEXT(2) 
PARAMETRIC_REPRESENTATION_CONTEXT() REPRESENTATION_CONTEXT('2D SPACE',''
  ) );
#1535 = PCURVE('',#1503,#1536);
#1536 = DEFINITIONAL_REPRESENTATION('',(#1537),#1541);
#1537 = LINE('',#1538,#1539);
#1538 = CARTESIAN_POINT('',(6.28318530718,0.));
#1539 = VECTOR('',#1540,1.);
#1540 = DIRECTION('',(0.,1.));
#1541 = ( GEOMETRIC_REPRESENTATION_CONTEXT(2) 
PARAMETRIC_REPRESENTATION_CONTEXT() REPRESENTATION_CONTEXT('2D SPACE',''
  ) );
#1542 = ORIENTED_EDGE('',*,*,#1543,.F.);
#1543 = EDGE_CURVE('',#1521,#1521,#1544,.T.);
#1544 = SURFACE_CURVE('',#1545,(#1550,#1557),.PCURVE_S1.);
#1545 = CIRCLE('',#1546,14.);
#1546 = AXIS2_PLACEMENT_3D('',#1547,#1548,#1549);
#1547 = CARTESIAN_POINT('',(0.,0.,-534.));
#1548 = DIRECTION('',(0.,0.,1.));
#1549 = DIRECTION('',(1.,0.,-0.));
#1550 = PCURVE('',#1503,#1551);
#1551 = DEFINITIONAL_REPRESENTATION('',(#1552),#1556);
#1552 = LINE('',#1553,#1554);
#1553 = CARTESIAN_POINT('',(0.,3.));
#1554 = VECTOR('',#1555,1.);
#1555 = DIRECTION('',(1.,0.));
#1556 = ( GEOMETRIC_REPRESENTATION_CONTEXT(2) 
PARAMETRIC_REPRESENTATION_CONTEXT() REPRESENTATION_CONTEXT('2D SPACE',''
  ) );
#1557 = PCURVE('',#1558,#1563);
#1558 = CONICAL_SURFACE('',#1559,14.,9.966865249116E-02);
#1559 = AXIS2_PLACEMENT_3D('',#1560,#1561,#1562);
#1560 = CARTESIAN_POINT('',(0.,0.,-534.));
#1561 = DIRECTION('',(-0.,-0.,-1.));
#1562 = DIRECTION('',(1.,0.,-0.));
#1563 = DEFINITIONAL_REPRESENTATION('',(#1564),#1568);
#1564 = LINE('',#1565,#1566);
#1565 = CARTESIAN_POINT('',(-0.,-0.));
#1566 = VECTOR('',#1567,1.);
#1567 = DIRECTION('',(-1.,-0.));
#1568 = ( GEOMETRIC_REPRESENTATION_CONTEXT(2) 
PARAMETRIC_REPRESENTATION_CONTEXT() REPRESENTATION_CONTEXT('2D SPACE',''
  ) );
#1569 = ORIENTED_EDGE('',*,*,#1520,.F.);
#1570 = ADVANCED_FACE('',(#1571),#1558,.T.);
#1571 = FACE_BOUND('',#1572,.T.);
#1572 = EDGE_LOOP('',(#1573,#1574,#1597,#1624));
#1573 = ORIENTED_EDGE('',*,*,#1543,.T.);
#1574 = ORIENTED_EDGE('',*,*,#1575,.T.);
#1575 = EDGE_CURVE('',#1521,#1576,#1578,.T.);
#1576 = VERTEX_POINT('',#1577);
#1577 = CARTESIAN_POINT('',(13.7,0.,-531.));
#1578 = SEAM_CURVE('',#1579,(#1583,#1590),.PCURVE_S1.);
#1579 = LINE('',#1580,#1581);
#1580 = CARTESIAN_POINT('',(14.,0.,-534.));
#1581 = VECTOR('',#1582,1.);
#1582 = DIRECTION('',(-9.9503719021E-02,0.,0.99503719021));
#1583 = PCURVE('',#1558,#1584);
#1584 = DEFINITIONAL_REPRESENTATION('',(#1585),#1589);
#1585 = LINE('',#1586,#1587);
#1586 = CARTESIAN_POINT('',(-0.,-0.));
#1587 = VECTOR('',#1588,1.);
#1588 = DIRECTION('',(-0.,-1.));
#1589 = ( GEOMETRIC_REPRESENTATION_CONTEXT(2) 
PARAMETRIC_REPRESENTATION_CONTEXT() REPRESENTATION_CONTEXT('2D SPACE',''
  ) );
#1590 = PCURVE('',#1558,#1591);
#1591 = DEFINITIONAL_REPRESENTATION('',(#1592),#1596);
#1592 = LINE('',#1593,#1594);
#1593 = CARTESIAN_POINT('',(-6.28318530718,-0.));
#1594 = VECTOR('',#1595,1.);
#1595 = DIRECTION('',(-0.,-1.));
#1596 = ( GEOMETRIC_REPRESENTATION_CONTEXT(2) 
PARAMETRIC_REPRESENTATION_CONTEXT() REPRESENTATION_CONTEXT('2D SPACE',''
  ) );
#1597 = ORIENTED_EDGE('',*,*,#1598,.F.);
#1598 = EDGE_CURVE('',#1576,#1576,#1599,.T.);
#1599 = SURFACE_CURVE('',#1600,(#1605,#1612),.PCURVE_S1.);
#1600 = CIRCLE('',#1601,13.7);
#1601 = AXIS2_PLACEMENT_3D('',#1602,#1603,#1604);
#1602 = CARTESIAN_POINT('',(0.,0.,-531.));
#1603 = DIRECTION('',(0.,0.,1.));
#1604 = DIRECTION('',(1.,0.,-0.));
#1605 = PCURVE('',#1558,#1606);
#1606 = DEFINITIONAL_REPRESENTATION('',(#1607),#1611);
#1607 = LINE('',#1608,#1609);
#1608 = CARTESIAN_POINT('',(-0.,-3.));
#1609 = VECTOR('',#1610,1.);
#1610 = DIRECTION('',(-1.,-0.));
#1611 = ( GEOMETRIC_REPRESENTATION_CONTEXT(2) 
PARAMETRIC_REPRESENTATION_CONTEXT() REPRESENTATION_CONTEXT('2D SPACE',''
  ) );
#1612 = PCURVE('',#1613,#1618);
#1613 = CONICAL_SURFACE('',#1614,13.7,9.966865249116E-02);
#1614 = AXIS2_PLACEMENT_3D('',#1615,#1616,#1617);
#1615 = CARTESIAN_POINT('',(0.,0.,-531.));
#1616 = DIRECTION('',(0.,0.,1.));
#1617 = DIRECTION('',(1.,0.,-0.));
#1618 = DEFINITIONAL_REPRESENTATION('',(#1619),#1623);
#1619 = LINE('',#1620,#1621);
#1620 = CARTESIAN_POINT('',(0.,0.));
#1621 = VECTOR('',#1622,1.);
#1622 = DIRECTION('',(1.,0.));
#1623 = ( GEOMETRIC_REPRESENTATION_CONTEXT(2) 
PARAMETRIC_REPRESENTATION_CONTEXT() REPRESENTATION_CONTEXT('2D SPACE',''
  ) );
#1624 = ORIENTED_EDGE('',*,*,#1575,.F.);
#1625 = ADVANCED_FACE('',(#1626),#1613,.T.);
#1626 = FACE_BOUND('',#1627,.T.);
#1627 = EDGE_LOOP('',(#1628,#1629,#1652,#1679));
#1628 = ORIENTED_EDGE('',*,*,#1598,.T.);
#1629 = ORIENTED_EDGE('',*,*,#1630,.T.);
#1630 = EDGE_CURVE('',#1576,#1631,#1633,.T.);
#1631 = VERTEX_POINT('',#1632);
#1632 = CARTESIAN_POINT('',(14.,0.,-528.));
#1633 = SEAM_CURVE('',#1634,(#1638,#1645),.PCURVE_S1.);
#1634 = LINE('',#1635,#1636);
#1635 = CARTESIAN_POINT('',(13.7,0.,-531.));
#1636 = VECTOR('',#1637,1.);
#1637 = DIRECTION('',(9.9503719021E-02,0.,0.99503719021));
#1638 = PCURVE('',#1613,#1639);
#1639 = DEFINITIONAL_REPRESENTATION('',(#1640),#1644);
#1640 = LINE('',#1641,#1642);
#1641 = CARTESIAN_POINT('',(0.,0.));
#1642 = VECTOR('',#1643,1.);
#1643 = DIRECTION('',(0.,1.));
#1644 = ( GEOMETRIC_REPRESENTATION_CONTEXT(2) 
PARAMETRIC_REPRESENTATION_CONTEXT() REPRESENTATION_CONTEXT('2D SPACE',''
  ) );
#1645 = PCURVE('',#1613,#1646);
#1646 = DEFINITIONAL_REPRESENTATION('',(#1647),#1651);
#1647 = LINE('',#1648,#1649);
#1648 = CARTESIAN_POINT('',(6.28318530718,0.));
#1649 = VECTOR('',#1650,1.);
#1650 = DIRECTION('',(0.,1.));
#1651 = ( GEOMETRIC_REPRESENTATION_CONTEXT(2) 
PARAMETRIC_REPRESENTATION_CONTEXT() REPRESENTATION_CONTEXT('2D SPACE',''
  ) );
#1652 = ORIENTED_EDGE('',*,*,#1653,.F.);
#1653 = EDGE_CURVE('',#1631,#1631,#1654,.T.);
#1654 = SURFACE_CURVE('',#1655,(#1660,#1667),.PCURVE_S1.);
#1655 = CIRCLE('',#1656,14.);
#1656 = AXIS2_PLACEMENT_3D('',#1657,#1658,#1659);
#1657 = CARTESIAN_POINT('',(0.,0.,-528.));
#1658 = DIRECTION('',(0.,0.,1.));
#1659 = DIRECTION('',(1.,0.,-0.));
#1660 = PCURVE('',#1613,#1661);
#1661 = DEFINITIONAL_REPRESENTATION('',(#1662),#1666);
#1662 = LINE('',#1663,#1664);
#1663 = CARTESIAN_POINT('',(0.,3.));
#1664 = VECTOR('',#1665,1.);
#1665 = DIRECTION('',(1.,0.));
#1666 = ( GEOMETRIC_REPRESENTATION_CONTEXT(2) 
PARAMETRIC_REPRESENTATION_CONTEXT() REPRESENTATION_CONTEXT('2D SPACE',''
  ) );
#1667 = PCURVE('',#1668,#1673);
#1668 = CONICAL_SURFACE('',#1669,14.,9.966865249116E-02);
#1669 = AXIS2_PLACEMENT_3D('',#1670,#1671,#1672);
#1670 = CARTESIAN_POINT('',(0.,0.,-528.));
#1671 = DIRECTION('',(-0.,-0.,-1.));
#1672 = DIRECTION('',(1.,0.,-0.));
#1673 = DEFINITIONAL_REPRESENTATION('',(#1674),#1678);
#1674 = LINE('',#1675,#1676);
#1675 = CARTESIAN_POINT('',(-0.,-0.));
#1676 = VECTOR('',#1677,1.);
#1677 = DIRECTION('',(-1.,-0.));
#1678 = ( GEOMETRIC_REPRESENTATION_CONTEXT(2) 
PARAMETRIC_REPRESENTATION_CONTEXT() REPRESENTATION_CONTEXT('2D SPACE',''
  ) );
#1679 = ORIENTED_EDGE('',*,*,#1630,.F.);
#1680 = ADVANCED_FACE('',(#1681),#1668,.T.);
#1681 = FACE_BOUND('',#1682,.T.);
#1682 = EDGE_LOOP('',(#1683,#1684,#1707,#1734));
#1683 = ORIENTED_EDGE('',*,*,#1653,.T.);
#1684 = ORIENTED_EDGE('',*,*,#1685,.T.);
#1685 = EDGE_CURVE('',#1631,#1686,#1688,.T.);
#1686 = VERTEX_POINT('',#1687);
#1687 = CARTESIAN_POINT('',(13.7,0.,-525.));
#1688 = SEAM_CURVE('',#1689,(#1693,#1700),.PCURVE_S1.);
#1689 = LINE('',#1690,#1691);
#1690 = CARTESIAN_POINT('',(14.,0.,-528.));
#1691 = VECTOR('',#1692,1.);
#1692 = DIRECTION('',(-9.9503719021E-02,0.,0.99503719021));
#1693 = PCURVE('',#1668,#1694);
#1694 = DEFINITIONAL_REPRESENTATION('',(#1695),#1699);
#1695 = LINE('',#1696,#1697);
#1696 = CARTESIAN_POINT('',(-0.,-0.));
#1697 = VECTOR('',#1698,1.);
#1698 = DIRECTION('',(-0.,-1.));
#1699 = ( GEOMETRIC_REPRESENTATION_CONTEXT(2) 
PARAMETRIC_REPRESENTATION_CONTEXT() REPRESENTATION_CONTEXT('2D SPACE',''
  ) );
#1700 = PCURVE('',#1668,#1701);
#1701 = DEFINITIONAL_REPRESENTATION('',(#1702),#1706);
#1702 = LINE('',#1703,#1704);
#1703 = CARTESIAN_POINT('',(-6.28318530718,-0.));
#1704 = VECTOR('',#1705,1.);
#1705 = DIRECTION('',(-0.,-1.));
#1706 = ( GEOMETRIC_REPRESENTATION_CONTEXT(2) 
PARAMETRIC_REPRESENTATION_CONTEXT() REPRESENTATION_CONTEXT('2D SPACE',''
  ) );
#1707 = ORIENTED_EDGE('',*,*,#1708,.F.);
#1708 = EDGE_CURVE('',#1686,#1686,#1709,.T.);
#1709 = SURFACE_CURVE('',#1710,(#1715,#1722),.PCURVE_S1.);
#1710 = CIRCLE('',#1711,13.7);
#1711 = AXIS2_PLACEMENT_3D('',#1712,#1713,#1714);
#1712 = CARTESIAN_POINT('',(0.,0.,-525.));
#1713 = DIRECTION('',(0.,0.,1.));
#1714 = DIRECTION('',(1.,0.,-0.));
#1715 = PCURVE('',#1668,#1716);
#1716 = DEFINITIONAL_REPRESENTATION('',(#1717),#1721);
#1717 = LINE('',#1718,#1719);
#1718 = CARTESIAN_POINT('',(-0.,-3.));
#1719 = VECTOR('',#1720,1.);
#1720 = DIRECTION('',(-1.,-0.));
#1721 = ( GEOMETRIC_REPRESENTATION_CONTEXT(2) 
PARAMETRIC_REPRESENTATION_CONTEXT() REPRESENTATION_CONTEXT('2D SPACE',''
  ) );
#1722 = PCURVE('',#1723,#1728);
#1723 = CONICAL_SURFACE('',#1724,13.7,9.966865249116E-02);
#1724 = AXIS2_PLACEMENT_3D('',#1725,#1726,#1727);
#1725 = CARTESIAN_POINT('',(0.,0.,-525.));
#1726 = DIRECTION('',(0.,0.,1.));
#1727 = DIRECTION('',(1.,0.,-0.));
#1728 = DEFINITIONAL_REPRESENTATION('',(#1729),#1733);
#1729 = LINE('',#1730,#1731);
#1730 = CARTESIAN_POINT('',(0.,0.));
#1731 = VECTOR('',#1732,1.);
#1732 = DIRECTION('',(1.,0.));
#1733 = ( GEOMETRIC_REPRESENTATION_CONTEXT(2) 
PARAMETRIC_REPRESENTATION_CONTEXT() REPRESENTATION_CONTEXT('2D SPACE',''
  ) );
#1734 = ORIENTED_EDGE('',*,*,#1685,.F.);
#1735 = ADVANCED_FACE('',(#1736),#1723,.T.);
#1736 = FACE_BOUND('',#1737,.T.);
#1737 = EDGE_LOOP('',(#1738,#1739,#1762,#1789));
#1738 = ORIENTED_EDGE('',*,*,#1708,.T.);
#1739 = ORIENTED_EDGE('',*,*,#1740,.T.);
#1740 = EDGE_CURVE('',#1686,#1741,#1743,.T.);
#1741 = VERTEX_POINT('',#1742);
#1742 = CARTESIAN_POINT('',(14.,0.,-522.));
#1743 = SEAM_CURVE('',#1744,(#1748,#1755),.PCURVE_S1.);
#1744 = LINE('',#1745,#1746);
#1745 = CARTESIAN_POINT('',(13.7,0.,-525.));
#1746 = VECTOR('',#1747,1.);
#1747 = DIRECTION('',(9.9503719021E-02,0.,0.99503719021));
#1748 = PCURVE('',#1723,#1749);
#1749 = DEFINITIONAL_REPRESENTATION('',(#1750),#1754);
#1750 = LINE('',#1751,#1752);
#1751 = CARTESIAN_POINT('',(0.,0.));
#1752 = VECTOR('',#1753,1.);
#1753 = DIRECTION('',(0.,1.));
#1754 = ( GEOMETRIC_REPRESENTATION_CONTEXT(2) 
PARAMETRIC_REPRESENTATION_CONTEXT() REPRESENTATION_CONTEXT('2D SPACE',''
  ) );
#1755 = PCURVE('',#1723,#1756);
#1756 = DEFINITIONAL_REPRESENTATION('',(#1757),#1761);
#1757 = LINE('',#1758,#1759);
#1758 = CARTESIAN_POINT('',(6.28318530718,0.));
#1759 = VECTOR('',#1760,1.);
#1760 = DIRECTION('',(0.,1.));
#1761 = ( GEOMETRIC_REPRESENTATION_CONTEXT(2) 
PARAMETRIC_REPRESENTATION_CONTEXT() REPRESENTATION_CONTEXT('2D SPACE',''
  ) );
#1762 = ORIENTED_EDGE('',*,*,#1763,.F.);
#1763 = EDGE_CURVE('',#1741,#1741,#1764,.T.);
#1764 = SURFACE_CURVE('',#1765,(#1770,#1777),.PCURVE_S1.);
#1765 = CIRCLE('',#1766,14.);
#1766 = AXIS2_PLACEMENT_3D('',#1767,#1768,#1769);
#1767 = CARTESIAN_POINT('',(0.,0.,-522.));
#1768 = DIRECTION('',(0.,0.,1.));
#1769 = DIRECTION('',(1.,0.,-0.));
#1770 = PCURVE('',#1723,#1771);
#1771 = DEFINITIONAL_REPRESENTATION('',(#1772),#1776);
#1772 = LINE('',#1773,#1774);
#1773 = CARTESIAN_POINT('',(0.,3.));
#1774 = VECTOR('',#1775,1.);
#1775 = DIRECTION('',(1.,0.));
#1776 = ( GEOMETRIC_REPRESENTATION_CONTEXT(2) 
PARAMETRIC_REPRESENTATION_CONTEXT() REPRESENTATION_CONTEXT('2D SPACE',''
  ) );
#1777 = PCURVE('',#1778,#1783);
#1778 = CONICAL_SURFACE('',#1779,14.,9.966865249116E-02);
#1779 = AXIS2_PLACEMENT_3D('',#1780,#1781,#1782);
#1780 = CARTESIAN_POINT('',(0.,0.,-522.));
#1781 = DIRECTION('',(-0.,-0.,-1.));
#1782 = DIRECTION('',(1.,0.,-0.));
#1783 = DEFINITIONAL_REPRESENTATION('',(#1784),#1788);
#1784 = LINE('',#1785,#1786);
#1785 = CARTESIAN_POINT('',(-0.,-0.));
#1786 = VECTOR('',#1787,1.);
#1787 = DIRECTION('',(-1.,-0.));
#1788 = ( GEOMETRIC_REPRESENTATION_CONTEXT(2) 
PARAMETRIC_REPRESENTATION_CONTEXT() REPRESENTATION_CONTEXT('2D SPACE',''
  ) );
#1789 = ORIENTED_EDGE('',*,*,#1740,.F.);
#1790 = ADVANCED_FACE('',(#1791),#1778,.T.);
#1791 = FACE_BOUND('',#1792,.T.);
#1792 = EDGE_LOOP('',(#1793,#1794,#1817,#1844));
#1793 = ORIENTED_EDGE('',*,*,#1763,.T.);
#1794 = ORIENTED_EDGE('',*,*,#1795,.T.);
#1795 = EDGE_CURVE('',#1741,#1796,#1798,.T.);
#1796 = VERTEX_POINT('',#1797);
#1797 = CARTESIAN_POINT('',(13.7,0.,-519.));
#1798 = SEAM_CURVE('',#1799,(#1803,#1810),.PCURVE_S1.);
#1799 = LINE('',#1800,#1801);
#1800 = CARTESIAN_POINT('',(14.,0.,-522.));
#1801 = VECTOR('',#1802,1.);
#1802 = DIRECTION('',(-9.9503719021E-02,0.,0.99503719021));
#1803 = PCURVE('',#1778,#1804);
#1804 = DEFINITIONAL_REPRESENTATION('',(#1805),#1809);
#1805 = LINE('',#1806,#1807);
#1806 = CARTESIAN_POINT('',(-0.,-0.));
#1807 = VECTOR('',#1808,1.);
#1808 = DIRECTION('',(-0.,-1.));
#1809 = ( GEOMETRIC_REPRESENTATION_CONTEXT(2) 
PARAMETRIC_REPRESENTATION_CONTEXT() REPRESENTATION_CONTEXT('2D SPACE',''
  ) );
#1810 = PCURVE('',#1778,#1811);
#1811 = DEFINITIONAL_REPRESENTATION('',(#1812),#1816);
#1812 = LINE('',#1813,#1814);
#1813 = CARTESIAN_POINT('',(-6.28318530718,-0.));
#1814 = VECTOR('',#1815,1.);
#1815 = DIRECTION('',(-0.,-1.));
#1816 = ( GEOMETRIC_REPRESENTATION_CONTEXT(2) 
PARAMETRIC_REPRESENTATION_CONTEXT() REPRESENTATION_CONTEXT('2D SPACE',''
  ) );
#1817 = ORIENTED_EDGE('',*,*,#1818,.F.);
#1818 = EDGE_CURVE('',#1796,#1796,#1819,.T.);
#1819 = SURFACE_CURVE('',#1820,(#1825,#1832),.PCURVE_S1.);
#1820 = CIRCLE('',#1821,13.7);
#1821 = AXIS2_PLACEMENT_3D('',#1822,#1823,#1824);
#1822 = CARTESIAN_POINT('',(0.,0.,-519.));
#1823 = DIRECTION('',(0.,0.,1.));
#1824 = DIRECTION('',(1.,0.,-0.));
#1825 = PCURVE('',#1778,#1826);
#1826 = DEFINITIONAL_REPRESENTATION('',(#1827),#1831);
#1827 = LINE('',#1828,#1829);
#1828 = CARTESIAN_POINT('',(-0.,-3.));
#1829 = VECTOR('',#1830,1.);
#1830 = DIRECTION('',(-1.,-0.));
#1831 = ( GEOMETRIC_REPRESENTATION_CONTEXT(2) 
PARAMETRIC_REPRESENTATION_CONTEXT() REPRESENTATION_CONTEXT('2D SPACE',''
  ) );
#1832 = PCURVE('',#1833,#1838);
#1833 = CONICAL_SURFACE('',#1834,13.7,9.966865249116E-02);
#1834 = AXIS2_PLACEMENT_3D('',#1835,#1836,#1837);
#1835 = CARTESIAN_POINT('',(0.,0.,-519.));
#1836 = DIRECTION('',(0.,0.,1.));
#1837 = DIRECTION('',(1.,0.,-0.));
#1838 = DEFINITIONAL_REPRESENTATION('',(#1839),#1843);
#1839 = LINE('',#1840,#1841);
#1840 = CARTESIAN_POINT('',(0.,0.));
#1841 = VECTOR('',#1842,1.);
#1842 = DIRECTION('',(1.,0.));
#1843 = ( GEOMETRIC_REPRESENTATION_CONTEXT(2) 
PARAMETRIC_REPRESENTATION_CONTEXT() REPRESENTATION_CONTEXT('2D SPACE',''
  ) );
#1844 = ORIENTED_EDGE('',*,*,#1795,.F.);
#1845 = ADVANCED_FACE('',(#1846),#1833,.T.);
#1846 = FACE_BOUND('',#1847,.T.);
#1847 = EDGE_LOOP('',(#1848,#1849,#1872,#1899));
#1848 = ORIENTED_EDGE('',*,*,#1818,.T.);
#1849 = ORIENTED_EDGE('',*,*,#1850,.T.);
#1850 = EDGE_CURVE('',#1796,#1851,#1853,.T.);
#1851 = VERTEX_POINT('',#1852);
#1852 = CARTESIAN_POINT('',(14.,0.,-516.));
#1853 = SEAM_CURVE('',#1854,(#1858,#1865),.PCURVE_S1.);
#1854 = LINE('',#1855,#1856);
#1855 = CARTESIAN_POINT('',(13.7,0.,-519.));
#1856 = VECTOR('',#1857,1.);
#1857 = DIRECTION('',(9.9503719021E-02,0.,0.99503719021));
#1858 = PCURVE('',#1833,#1859);
#1859 = DEFINITIONAL_REPRESENTATION('',(#1860),#1864);
#1860 = LINE('',#1861,#1862);
#1861 = CARTESIAN_POINT('',(0.,0.));
#1862 = VECTOR('',#1863,1.);
#1863 = DIRECTION('',(0.,1.));
#1864 = ( GEOMETRIC_REPRESENTATION_CONTEXT(2) 
PARAMETRIC_REPRESENTATION_CONTEXT() REPRESENTATION_CONTEXT('2D SPACE',''
  ) );
#1865 = PCURVE('',#1833,#1866);
#1866 = DEFINITIONAL_REPRESENTATION('',(#1867),#1871);
#1867 = LINE('',#1868,#1869);
#1868 = CARTESIAN_POINT('',(6.28318530718,0.));
#1869 = VECTOR('',#1870,1.);
#1870 = DIRECTION('',(0.,1.));
#1871 = ( GEOMETRIC_REPRESENTATION_CONTEXT(2) 
PARAMETRIC_REPRESENTATION_CONTEXT() REPRESENTATION_CONTEXT('2D SPACE',''
  ) );
#1872 = ORIENTED_EDGE('',*,*,#1873,.F.);
#1873 = EDGE_CURVE('',#1851,#1851,#1874,.T.);
#1874 = SURFACE_CURVE('',#1875,(#1880,#1887),.PCURVE_S1.);
#1875 = CIRCLE('',#1876,14.);
#1876 = AXIS2_PLACEMENT_3D('',#1877,#1878,#1879);
#1877 = CARTESIAN_POINT('',(0.,0.,-516.));
#1878 = DIRECTION('',(0.,0.,1.));
#1879 = DIRECTION('',(1.,0.,-0.));
#1880 = PCURVE('',#1833,#1881);
#1881 = DEFINITIONAL_REPRESENTATION('',(#1882),#1886);
#1882 = LINE('',#1883,#1884);
#1883 = CARTESIAN_POINT('',(0.,3.));
#1884 = VECTOR('',#1885,1.);
#1885 = DIRECTION('',(1.,0.));
#1886 = ( GEOMETRIC_REPRESENTATION_CONTEXT(2) 
PARAMETRIC_REPRESENTATION_CONTEXT() REPRESENTATION_CONTEXT('2D SPACE',''
  ) );
#1887 = PCURVE('',#1888,#1893);
#1888 = CONICAL_SURFACE('',#1889,14.,9.966865249116E-02);
#1889 = AXIS2_PLACEMENT_3D('',#1890,#1891,#1892);
#1890 = CARTESIAN_POINT('',(0.,0.,-516.));
#1891 = DIRECTION('',(-0.,-0.,-1.));
#1892 = DIRECTION('',(1.,0.,-0.));
#1893 = DEFINITIONAL_REPRESENTATION('',(#1894),#1898);
#1894 = LINE('',#1895,#1896);
#1895 = CARTESIAN_POINT('',(-0.,-0.));
#1896 = VECTOR('',#1897,1.);
#1897 = DIRECTION('',(-1.,-0.));
#1898 = ( GEOMETRIC_REPRESENTATION_CONTEXT(2) 
PARAMETRIC_REPRESENTATION_CONTEXT() REPRESENTATION_CONTEXT('2D SPACE',''
  ) );
#1899 = ORIENTED_EDGE('',*,*,#1850,.F.);
#1900 = ADVANCED_FACE('',(#1901),#1888,.T.);
#1901 = FACE_BOUND('',#1902,.T.);
#1902 = EDGE_LOOP('',(#1903,#1904,#1927,#1954));
#1903 = ORIENTED_EDGE('',*,*,#1873,.T.);
#1904 = ORIENTED_EDGE('',*,*,#1905,.T.);
#1905 = EDGE_CURVE('',#1851,#1906,#1908,.T.);
#1906 = VERTEX_POINT('',#1907);
#1907 = CARTESIAN_POINT('',(13.7,0.,-513.));
#1908 = SEAM_CURVE('',#1909,(#1913,#1920),.PCURVE_S1.);
#1909 = LINE('',#1910,#1911);
#1910 = CARTESIAN_POINT('',(14.,0.,-516.));
#1911 = VECTOR('',#1912,1.);
#1912 = DIRECTION('',(-9.9503719021E-02,0.,0.99503719021));
#1913 = PCURVE('',#1888,#1914);
#1914 = DEFINITIONAL_REPRESENTATION('',(#1915),#1919);
#1915 = LINE('',#1916,#1917);
#1916 = CARTESIAN_POINT('',(-0.,-0.));
#1917 = VECTOR('',#1918,1.);
#1918 = DIRECTION('',(-0.,-1.));
#1919 = ( GEOMETRIC_REPRESENTATION_CONTEXT(2) 
PARAMETRIC_REPRESENTATION_CONTEXT() REPRESENTATION_CONTEXT('2D SPACE',''
  ) );
#1920 = PCURVE('',#1888,#1921);
#1921 = DEFINITIONAL_REPRESENTATION('',(#1922),#1926);
#1922 = LINE('',#1923,#1924);
#1923 = CARTESIAN_POINT('',(-6.28318530718,-0.));
#1924 = VECTOR('',#1925,1.);
#1925 = DIRECTION('',(-0.,-1.));
#1926 = ( GEOMETRIC_REPRESENTATION_CONTEXT(2) 
PARAMETRIC_REPRESENTATION_CONTEXT() REPRESENTATION_CONTEXT('2D SPACE',''
  ) );
#1927 = ORIENTED_EDGE('',*,*,#1928,.F.);
#1928 = EDGE_CURVE('',#1906,#1906,#1929,.T.);
#1929 = SURFACE_CURVE('',#1930,(#1935,#1942),.PCURVE_S1.);
#1930 = CIRCLE('',#1931,13.7);
#1931 = AXIS2_PLACEMENT_3D('',#1932,#1933,#1934);
#1932 = CARTESIAN_POINT('',(0.,0.,-513.));
#1933 = DIRECTION('',(0.,0.,1.));
#1934 = DIRECTION('',(1.,0.,-0.));
#1935 = PCURVE('',#1888,#1936);
#1936 = DEFINITIONAL_REPRESENTATION('',(#1937),#1941);
#1937 = LINE('',#1938,#1939);
#1938 = CARTESIAN_POINT('',(-0.,-3.));
#1939 = VECTOR('',#1940,1.);
#1940 = DIRECTION('',(-1.,-0.));
#1941 = ( GEOMETRIC_REPRESENTATION_CONTEXT(2) 
PARAMETRIC_REPRESENTATION_CONTEXT() REPRESENTATION_CONTEXT('2D SPACE',''
  ) );
#1942 = PCURVE('',#1943,#1948);
#1943 = CONICAL_SURFACE('',#1944,13.7,9.966865249116E-02);
#1944 = AXIS2_PLACEMENT_3D('',#1945,#1946,#1947);
#1945 = CARTESIAN_POINT('',(0.,0.,-513.));
#1946 = DIRECTION('',(0.,0.,1.));
#1947 = DIRECTION('',(1.,0.,-0.));
#1948 = DEFINITIONAL_REPRESENTATION('',(#1949),#1953);
#1949 = LINE('',#1950,#1951);
#1950 = CARTESIAN_POINT('',(0.,0.));
#1951 = VECTOR('',#1952,1.);
#1952 = DIRECTION('',(1.,0.));
#1953 = ( GEOMETRIC_REPRESENTATION_CONTEXT(2) 
PARAMETRIC_REPRESENTATION_CONTEXT() REPRESENTATION_CONTEXT('2D SPACE',''
  ) );
#1954 = ORIENTED_EDGE('',*,*,#1905,.F.);
#1955 = ADVANCED_FACE('',(#1956),#1943,.T.);
#1956 = FACE_BOUND('',#1957,.T.);
#1957 = EDGE_LOOP('',(#1958,#1959,#1982,#2009));
#1958 = ORIENTED_EDGE('',*,*,#1928,.T.);
#1959 = ORIENTED_EDGE('',*,*,#1960,.T.);
#1960 = EDGE_CURVE('',#1906,#1961,#1963,.T.);
#1961 = VERTEX_POINT('',#1962);
#1962 = CARTESIAN_POINT('',(14.,0.,-510.));
#1963 = SEAM_CURVE('',#1964,(#1968,#1975),.PCURVE_S1.);
#1964 = LINE('',#1965,#1966);
#1965 = CARTESIAN_POINT('',(13.7,0.,-513.));
#1966 = VECTOR('',#1967,1.);
#1967 = DIRECTION('',(9.9503719021E-02,0.,0.99503719021));
#1968 = PCURVE('',#1943,#1969);
#1969 = DEFINITIONAL_REPRESENTATION('',(#1970),#1974);
#1970 = LINE('',#1971,#1972);
#1971 = CARTESIAN_POINT('',(0.,0.));
#1972 = VECTOR('',#1973,1.);
#1973 = DIRECTION('',(0.,1.));
#1974 = ( GEOMETRIC_REPRESENTATION_CONTEXT(2) 
PARAMETRIC_REPRESENTATION_CONTEXT() REPRESENTATION_CONTEXT('2D SPACE',''
  ) );
#1975 = PCURVE('',#1943,#1976);
#1976 = DEFINITIONAL_REPRESENTATION('',(#1977),#1981);
#1977 = LINE('',#1978,#1979);
#1978 = CARTESIAN_POINT('',(6.28318530718,0.));
#1979 = VECTOR('',#1980,1.);
#1980 = DIRECTION('',(0.,1.));
#1981 = ( GEOMETRIC_REPRESENTATION_CONTEXT(2) 
PARAMETRIC_REPRESENTATION_CONTEXT() REPRESENTATION_CONTEXT('2D SPACE',''
  ) );
#1982 = ORIENTED_EDGE('',*,*,#1983,.F.);
#1983 = EDGE_CURVE('',#1961,#1961,#1984,.T.);
#1984 = SURFACE_CURVE('',#1985,(#1990,#1997),.PCURVE_S1.);
#1985 = CIRCLE('',#1986,14.);
#1986 = AXIS2_PLACEMENT_3D('',#1987,#1988,#1989);
#1987 = CARTESIAN_POINT('',(0.,0.,-510.));
#1988 = DIRECTION('',(0.,0.,1.));
#1989 = DIRECTION('',(1.,0.,-0.));
#1990 = PCURVE('',#1943,#1991);
#1991 = DEFINITIONAL_REPRESENTATION('',(#1992),#1996);
#1992 = LINE('',#1993,#1994);
#1993 = CARTESIAN_POINT('',(0.,3.));
#1994 = VECTOR('',#1995,1.);
#1995 = DIRECTION('',(1.,0.));
#1996 = ( GEOMETRIC_REPRESENTATION_CONTEXT(2) 
PARAMETRIC_REPRESENTATION_CONTEXT() REPRESENTATION_CONTEXT('2D SPACE',''
  ) );
#1997 = PCURVE('',#1998,#2003);
#1998 = CONICAL_SURFACE('',#1999,14.,9.966865249116E-02);
#1999 = AXIS2_PLACEMENT_3D('',#2000,#2001,#2002);
#2000 = CARTESIAN_POINT('',(0.,0.,-510.));
#2001 = DIRECTION('',(-0.,-0.,-1.));
#2002 = DIRECTION('',(1.,0.,-0.));
#2003 = DEFINITIONAL_REPRESENTATION('',(#2004),#2008);
#2004 = LINE('',#2005,#2006);
#2005 = CARTESIAN_POINT('',(-0.,-0.));
#2006 = VECTOR('',#2007,1.);
#2007 = DIRECTION('',(-1.,-0.));
#2008 = ( GEOMETRIC_REPRESENTATION_CONTEXT(2) 
PARAMETRIC_REPRESENTATION_CONTEXT() REPRESENTATION_CONTEXT('2D SPACE',''
  ) );
#2009 = ORIENTED_EDGE('',*,*,#1960,.F.);
#2010 = ADVANCED_FACE('',(#2011),#1998,.T.);
#2011 = FACE_BOUND('',#2012,.T.);
#2012 = EDGE_LOOP('',(#2013,#2014,#2037,#2064));
#2013 = ORIENTED_EDGE('',*,*,#1983,.T.);
#2014 = ORIENTED_EDGE('',*,*,#2015,.T.);
#2015 = EDGE_CURVE('',#1961,#2016,#2018,.T.);
#2016 = VERTEX_POINT('',#2017);
#2017 = CARTESIAN_POINT('',(13.7,0.,-507.));
#2018 = SEAM_CURVE('',#2019,(#2023,#2030),.PCURVE_S1.);
#2019 = LINE('',#2020,#2021);
#2020 = CARTESIAN_POINT('',(14.,0.,-510.));
#2021 = VECTOR('',#2022,1.);
#2022 = DIRECTION('',(-9.9503719021E-02,0.,0.99503719021));
#2023 = PCURVE('',#1998,#2024);
#2024 = DEFINITIONAL_REPRESENTATION('',(#2025),#2029);
#2025 = LINE('',#2026,#2027);
#2026 = CARTESIAN_POINT('',(-0.,-0.));
#2027 = VECTOR('',#2028,1.);
#2028 = DIRECTION('',(-0.,-1.));
#2029 = ( GEOMETRIC_REPRESENTATION_CONTEXT(2) 
PARAMETRIC_REPRESENTATION_CONTEXT() REPRESENTATION_CONTEXT('2D SPACE',''
  ) );
#2030 = PCURVE('',#1998,#2031);
#2031 = DEFINITIONAL_REPRESENTATION('',(#2032),#2036);
#2032 = LINE('',#2033,#2034);
#2033 = CARTESIAN_POINT('',(-6.28318530718,-0.));
#2034 = VECTOR('',#2035,1.);
#2035 = DIRECTION('',(-0.,-1.));
#2036 = ( GEOMETRIC_REPRESENTATION_CONTEXT(2) 
PARAMETRIC_REPRESENTATION_CONTEXT() REPRESENTATION_CONTEXT('2D SPACE',''
  ) );
#2037 = ORIENTED_EDGE('',*,*,#2038,.F.);
#2038 = EDGE_CURVE('',#2016,#2016,#2039,.T.);
#2039 = SURFACE_CURVE('',#2040,(#2045,#2052),.PCURVE_S1.);
#2040 = CIRCLE('',#2041,13.7);
#2041 = AXIS2_PLACEMENT_3D('',#2042,#2043,#2044);
#2042 = CARTESIAN_POINT('',(0.,0.,-507.));
#2043 = DIRECTION('',(0.,0.,1.));
#2044 = DIRECTION('',(1.,0.,-0.));
#2045 = PCURVE('',#1998,#2046);
#2046 = DEFINITIONAL_REPRESENTATION('',(#2047),#2051);
#2047 = LINE('',#2048,#2049);
#2048 = CARTESIAN_POINT('',(-0.,-3.));
#2049 = VECTOR('',#2050,1.);
#2050 = DIRECTION('',(-1.,-0.));
#2051 = ( GEOMETRIC_REPRESENTATION_CONTEXT(2) 
PARAMETRIC_REPRESENTATION_CONTEXT() REPRESENTATION_CONTEXT('2D SPACE',''
  ) );
#2052 = PCURVE('',#2053,#2058);
#2053 = CONICAL_SURFACE('',#2054,13.7,9.966865249116E-02);
#2054 = AXIS2_PLACEMENT_3D('',#2055,#2056,#2057);
#2055 = CARTESIAN_POINT('',(0.,0.,-507.));
#2056 = DIRECTION('',(0.,0.,1.));
#2057 = DIRECTION('',(1.,0.,-0.));
#2058 = DEFINITIONAL_REPRESENTATION('',(#2059),#2063);
#2059 = LINE('',#2060,#2061);
#2060 = CARTESIAN_POINT('',(0.,0.));
#2061 = VECTOR('',#2062,1.);
#2062 = DIRECTION('',(1.,0.));
#2063 = ( GEOMETRIC_REPRESENTATION_CONTEXT(2) 
PARAMETRIC_REPRESENTATION_CONTEXT() REPRESENTATION_CONTEXT('2D SPACE',''
  ) );
#2064 = ORIENTED_EDGE('',*,*,#2015,.F.);
#2065 = ADVANCED_FACE('',(#2066),#2053,.T.);
#2066 = FACE_BOUND('',#2067,.T.);
#2067 = EDGE_LOOP('',(#2068,#2069,#2092,#2119));
#2068 = ORIENTED_EDGE('',*,*,#2038,.T.);
#2069 = ORIENTED_EDGE('',*,*,#2070,.T.);
#2070 = EDGE_CURVE('',#2016,#2071,#2073,.T.);
#2071 = VERTEX_POINT('',#2072);
#2072 = CARTESIAN_POINT('',(14.,0.,-504.));
#2073 = SEAM_CURVE('',#2074,(#2078,#2085),.PCURVE_S1.);
#2074 = LINE('',#2075,#2076);
#2075 = CARTESIAN_POINT('',(13.7,0.,-507.));
#2076 = VECTOR('',#2077,1.);
#2077 = DIRECTION('',(9.9503719021E-02,0.,0.99503719021));
#2078 = PCURVE('',#2053,#2079);
#2079 = DEFINITIONAL_REPRESENTATION('',(#2080),#2084);
#2080 = LINE('',#2081,#2082);
#2081 = CARTESIAN_POINT('',(0.,0.));
#2082 = VECTOR('',#2083,1.);
#2083 = DIRECTION('',(0.,1.));
#2084 = ( GEOMETRIC_REPRESENTATION_CONTEXT(2) 
PARAMETRIC_REPRESENTATION_CONTEXT() REPRESENTATION_CONTEXT('2D SPACE',''
  ) );
#2085 = PCURVE('',#2053,#2086);
#2086 = DEFINITIONAL_REPRESENTATION('',(#2087),#2091);
#2087 = LINE('',#2088,#2089);
#2088 = CARTESIAN_POINT('',(6.28318530718,0.));
#2089 = VECTOR('',#2090,1.);
#2090 = DIRECTION('',(0.,1.));
#2091 = ( GEOMETRIC_REPRESENTATION_CONTEXT(2) 
PARAMETRIC_REPRESENTATION_CONTEXT() REPRESENTATION_CONTEXT('2D SPACE',''
  ) );
#2092 = ORIENTED_EDGE('',*,*,#2093,.F.);
#2093 = EDGE_CURVE('',#2071,#2071,#2094,.T.);
#2094 = SURFACE_CURVE('',#2095,(#2100,#2107),.PCURVE_S1.);
#2095 = CIRCLE('',#2096,14.);
#2096 = AXIS2_PLACEMENT_3D('',#2097,#2098,#2099);
#2097 = CARTESIAN_POINT('',(0.,0.,-504.));
#2098 = DIRECTION('',(0.,0.,1.));
#2099 = DIRECTION('',(1.,0.,-0.));
#2100 = PCURVE('',#2053,#2101);
#2101 = DEFINITIONAL_REPRESENTATION('',(#2102),#2106);
#2102 = LINE('',#2103,#2104);
#2103 = CARTESIAN_POINT('',(0.,3.));
#2104 = VECTOR('',#2105,1.);
#2105 = DIRECTION('',(1.,0.));
#2106 = ( GEOMETRIC_REPRESENTATION_CONTEXT(2) 
PARAMETRIC_REPRESENTATION_CONTEXT() REPRESENTATION_CONTEXT('2D SPACE',''
  ) );
#2107 = PCURVE('',#2108,#2113);
#2108 = CONICAL_SURFACE('',#2109,14.,9.966865249116E-02);
#2109 = AXIS2_PLACEMENT_3D('',#2110,#2111,#2112);
#2110 = CARTESIAN_POINT('',(0.,0.,-504.));
#2111 = DIRECTION('',(-0.,-0.,-1.));
#2112 = DIRECTION('',(1.,0.,-0.));
#2113 = DEFINITIONAL_REPRESENTATION('',(#2114),#2118);
#2114 = LINE('',#2115,#2116);
#2115 = CARTESIAN_POINT('',(-0.,-0.));
#2116 = VECTOR('',#2117,1.);
#2117 = DIRECTION('',(-1.,-0.));
#2118 = ( GEOMETRIC_REPRESENTATION_CONTEXT(2) 
PARAMETRIC_REPRESENTATION_CONTEXT() REPRESENTATION_CONTEXT('2D SPACE',''
  ) );
#2119 = ORIENTED_EDGE('',*,*,#2070,.F.);
#2120 = ADVANCED_FACE('',(#2121),#2108,.T.);
#2121 = FACE_BOUND('',#2122,.T.);
#2122 = EDGE_LOOP('',(#2123,#2124,#2147,#2174));
#2123 = ORIENTED_EDGE('',*,*,#2093,.T.);
#2124 = ORIENTED_EDGE('',*,*,#2125,.T.);
#2125 = EDGE_CURVE('',#2071,#2126,#2128,.T.);
#2126 = VERTEX_POINT('',#2127);
#2127 = CARTESIAN_POINT('',(13.7,0.,-501.));
#2128 = SEAM_CURVE('',#2129,(#2133,#2140),.PCURVE_S1.);
#2129 = LINE('',#2130,#2131);
#2130 = CARTESIAN_POINT('',(14.,0.,-504.));
#2131 = VECTOR('',#2132,1.);
#2132 = DIRECTION('',(-9.9503719021E-02,0.,0.99503719021));
#2133 = PCURVE('',#2108,#2134);
#2134 = DEFINITIONAL_REPRESENTATION('',(#2135),#2139);
#2135 = LINE('',#2136,#2137);
#2136 = CARTESIAN_POINT('',(-0.,-0.));
#2137 = VECTOR('',#2138,1.);
#2138 = DIRECTION('',(-0.,-1.));
#2139 = ( GEOMETRIC_REPRESENTATION_CONTEXT(2) 
PARAMETRIC_REPRESENTATION_CONTEXT() REPRESENTATION_CONTEXT('2D SPACE',''
  ) );
#2140 = PCURVE('',#2108,#2141);
#2141 = DEFINITIONAL_REPRESENTATION('',(#2142),#2146);
#2142 = LINE('',#2143,#2144);
#2143 = CARTESIAN_POINT('',(-6.28318530718,-0.));
#2144 = VECTOR('',#2145,1.);
#2145 = DIRECTION('',(-0.,-1.));
#2146 = ( GEOMETRIC_REPRESENTATION_CONTEXT(2) 
PARAMETRIC_REPRESENTATION_CONTEXT() REPRESENTATION_CONTEXT('2D SPACE',''
  ) );
#2147 = ORIENTED_EDGE('',*,*,#2148,.F.);
#2148 = EDGE_CURVE('',#2126,#2126,#2149,.T.);
#2149 = SURFACE_CURVE('',#2150,(#2155,#2162),.PCURVE_S1.);
#2150 = CIRCLE('',#2151,13.7);
#2151 = AXIS2_PLACEMENT_3D('',#2152,#2153,#2154);
#2152 = CARTESIAN_POINT('',(0.,0.,-501.));
#2153 = DIRECTION('',(0.,0.,1.));
#2154 = DIRECTION('',(1.,0.,-0.));
#2155 = PCURVE('',#2108,#2156);
#2156 = DEFINITIONAL_REPRESENTATION('',(#2157),#2161);
#2157 = LINE('',#2158,#2159);
#2158 = CARTESIAN_POINT('',(-0.,-3.));
#2159 = VECTOR('',#2160,1.);
#2160 = DIRECTION('',(-1.,-0.));
#2161 = ( GEOMETRIC_REPRESENTATION_CONTEXT(2) 
PARAMETRIC_REPRESENTATION_CONTEXT() REPRESENTATION_CONTEXT('2D SPACE',''
  ) );
#2162 = PCURVE('',#2163,#2168);
#2163 = CONICAL_SURFACE('',#2164,13.7,9.966865249116E-02);
#2164 = AXIS2_PLACEMENT_3D('',#2165,#2166,#2167);
#2165 = CARTESIAN_POINT('',(0.,0.,-501.));
#2166 = DIRECTION('',(0.,0.,1.));
#2167 = DIRECTION('',(1.,0.,-0.));
#2168 = DEFINITIONAL_REPRESENTATION('',(#2169),#2173);
#2169 = LINE('',#2170,#2171);
#2170 = CARTESIAN_POINT('',(0.,0.));
#2171 = VECTOR('',#2172,1.);
#2172 = DIRECTION('',(1.,0.));
#2173 = ( GEOMETRIC_REPRESENTATION_CONTEXT(2) 
PARAMETRIC_REPRESENTATION_CONTEXT() REPRESENTATION_CONTEXT('2D SPACE',''
  ) );
#2174 = ORIENTED_EDGE('',*,*,#2125,.F.);
#2175 = ADVANCED_FACE('',(#2176),#2163,.T.);
#2176 = FACE_BOUND('',#2177,.T.);
#2177 = EDGE_LOOP('',(#2178,#2179,#2202,#2229));
#2178 = ORIENTED_EDGE('',*,*,#2148,.T.);
#2179 = ORIENTED_EDGE('',*,*,#2180,.T.);
#2180 = EDGE_CURVE('',#2126,#2181,#2183,.T.);
#2181 = VERTEX_POINT('',#2182);
#2182 = CARTESIAN_POINT('',(14.,0.,-498.));
#2183 = SEAM_CURVE('',#2184,(#2188,#2195),.PCURVE_S1.);
#2184 = LINE('',#2185,#2186);
#2185 = CARTESIAN_POINT('',(13.7,0.,-501.));
#2186 = VECTOR('',#2187,1.);
#2187 = DIRECTION('',(9.9503719021E-02,0.,0.99503719021));
#2188 = PCURVE('',#2163,#2189);
#2189 = DEFINITIONAL_REPRESENTATION('',(#2190),#2194);
#2190 = LINE('',#2191,#2192);
#2191 = CARTESIAN_POINT('',(0.,0.));
#2192 = VECTOR('',#2193,1.);
#2193 = DIRECTION('',(0.,1.));
#2194 = ( GEOMETRIC_REPRESENTATION_CONTEXT(2) 
PARAMETRIC_REPRESENTATION_CONTEXT() REPRESENTATION_CONTEXT('2D SPACE',''
  ) );
#2195 = PCURVE('',#2163,#2196);
#2196 = DEFINITIONAL_REPRESENTATION('',(#2197),#2201);
#2197 = LINE('',#2198,#2199);
#2198 = CARTESIAN_POINT('',(6.28318530718,0.));
#2199 = VECTOR('',#2200,1.);
#2200 = DIRECTION('',(0.,1.));
#2201 = ( GEOMETRIC_REPRESENTATION_CONTEXT(2) 
PARAMETRIC_REPRESENTATION_CONTEXT() REPRESENTATION_CONTEXT('2D SPACE',''
  ) );
#2202 = ORIENTED_EDGE('',*,*,#2203,.F.);
#2203 = EDGE_CURVE('',#2181,#2181,#2204,.T.);
#2204 = SURFACE_CURVE('',#2205,(#2210,#2217),.PCURVE_S1.);
#2205 = CIRCLE('',#2206,14.);
#2206 = AXIS2_PLACEMENT_3D('',#2207,#2208,#2209);
#2207 = CARTESIAN_POINT('',(0.,0.,-498.));
#2208 = DIRECTION('',(0.,0.,1.));
#2209 = DIRECTION('',(1.,0.,-0.));
#2210 = PCURVE('',#2163,#2211);
#2211 = DEFINITIONAL_REPRESENTATION('',(#2212),#2216);
#2212 = LINE('',#2213,#2214);
#2213 = CARTESIAN_POINT('',(0.,3.));
#2214 = VECTOR('',#2215,1.);
#2215 = DIRECTION('',(1.,0.));
#2216 = ( GEOMETRIC_REPRESENTATION_CONTEXT(2) 
PARAMETRIC_REPRESENTATION_CONTEXT() REPRESENTATION_CONTEXT('2D SPACE',''
  ) );
#2217 = PCURVE('',#2218,#2223);
#2218 = CONICAL_SURFACE('',#2219,14.,9.966865249116E-02);
#2219 = AXIS2_PLACEMENT_3D('',#2220,#2221,#2222);
#2220 = CARTESIAN_POINT('',(0.,0.,-498.));
#2221 = DIRECTION('',(-0.,-0.,-1.));
#2222 = DIRECTION('',(1.,0.,-0.));
#2223 = DEFINITIONAL_REPRESENTATION('',(#2224),#2228);
#2224 = LINE('',#2225,#2226);
#2225 = CARTESIAN_POINT('',(-0.,-0.));
#2226 = VECTOR('',#2227,1.);
#2227 = DIRECTION('',(-1.,-0.));
#2228 = ( GEOMETRIC_REPRESENTATION_CONTEXT(2) 
PARAMETRIC_REPRESENTATION_CONTEXT() REPRESENTATION_CONTEXT('2D SPACE',''
  ) );
#2229 = ORIENTED_EDGE('',*,*,#2180,.F.);
#2230 = ADVANCED_FACE('',(#2231),#2218,.T.);
#2231 = FACE_BOUND('',#2232,.T.);
#2232 = EDGE_LOOP('',(#2233,#2234,#2257,#2284));
#2233 = ORIENTED_EDGE('',*,*,#2203,.T.);
#2234 = ORIENTED_EDGE('',*,*,#2235,.T.);
#2235 = EDGE_CURVE('',#2181,#2236,#2238,.T.);
#2236 = VERTEX_POINT('',#2237);
#2237 = CARTESIAN_POINT('',(13.7,0.,-495.));
#2238 = SEAM_CURVE('',#2239,(#2243,#2250),.PCURVE_S1.);
#2239 = LINE('',#2240,#2241);
#2240 = CARTESIAN_POINT('',(14.,0.,-498.));
#2241 = VECTOR('',#2242,1.);
#2242 = DIRECTION('',(-9.9503719021E-02,0.,0.99503719021));
#2243 = PCURVE('',#2218,#2244);
#2244 = DEFINITIONAL_REPRESENTATION('',(#2245),#2249);
#2245 = LINE('',#2246,#2247);
#2246 = CARTESIAN_POINT('',(-0.,-0.));
#2247 = VECTOR('',#2248,1.);
#2248 = DIRECTION('',(-0.,-1.));
#2249 = ( GEOMETRIC_REPRESENTATION_CONTEXT(2) 
PARAMETRIC_REPRESENTATION_CONTEXT() REPRESENTATION_CONTEXT('2D SPACE',''
  ) );
#2250 = PCURVE('',#2218,#2251);
#2251 = DEFINITIONAL_REPRESENTATION('',(#2252),#2256);
#2252 = LINE('',#2253,#2254);
#2253 = CARTESIAN_POINT('',(-6.28318530718,-0.));
#2254 = VECTOR('',#2255,1.);
#2255 = DIRECTION('',(-0.,-1.));
#2256 = ( GEOMETRIC_REPRESENTATION_CONTEXT(2) 
PARAMETRIC_REPRESENTATION_CONTEXT() REPRESENTATION_CONTEXT('2D SPACE',''
  ) );
#2257 = ORIENTED_EDGE('',*,*,#2258,.F.);
#2258 = EDGE_CURVE('',#2236,#2236,#2259,.T.);
#2259 = SURFACE_CURVE('',#2260,(#2265,#2272),.PCURVE_S1.);
#2260 = CIRCLE('',#2261,13.7);
#2261 = AXIS2_PLACEMENT_3D('',#2262,#2263,#2264);
#2262 = CARTESIAN_POINT('',(0.,0.,-495.));
#2263 = DIRECTION('',(0.,0.,1.));
#2264 = DIRECTION('',(1.,0.,-0.));
#2265 = PCURVE('',#2218,#2266);
#2266 = DEFINITIONAL_REPRESENTATION('',(#2267),#2271);
#2267 = LINE('',#2268,#2269);
#2268 = CARTESIAN_POINT('',(-0.,-3.));
#2269 = VECTOR('',#2270,1.);
#2270 = DIRECTION('',(-1.,-0.));
#2271 = ( GEOMETRIC_REPRESENTATION_CONTEXT(2) 
PARAMETRIC_REPRESENTATION_CONTEXT() REPRESENTATION_CONTEXT('2D SPACE',''
  ) );
#2272 = PCURVE('',#2273,#2278);
#2273 = CONICAL_SURFACE('',#2274,13.7,9.966865249116E-02);
#2274 = AXIS2_PLACEMENT_3D('',#2275,#2276,#2277);
#2275 = CARTESIAN_POINT('',(0.,0.,-495.));
#2276 = DIRECTION('',(0.,0.,1.));
#2277 = DIRECTION('',(1.,0.,-0.));
#2278 = DEFINITIONAL_REPRESENTATION('',(#2279),#2283);
#2279 = LINE('',#2280,#2281);
#2280 = CARTESIAN_POINT('',(0.,0.));
#2281 = VECTOR('',#2282,1.);
#2282 = DIRECTION('',(1.,0.));
#2283 = ( GEOMETRIC_REPRESENTATION_CONTEXT(2) 
PARAMETRIC_REPRESENTATION_CONTEXT() REPRESENTATION_CONTEXT('2D SPACE',''
  ) );
#2284 = ORIENTED_EDGE('',*,*,#2235,.F.);
#2285 = ADVANCED_FACE('',(#2286),#2273,.T.);
#2286 = FACE_BOUND('',#2287,.T.);
#2287 = EDGE_LOOP('',(#2288,#2289,#2312,#2339));
#2288 = ORIENTED_EDGE('',*,*,#2258,.T.);
#2289 = ORIENTED_EDGE('',*,*,#2290,.T.);
#2290 = EDGE_CURVE('',#2236,#2291,#2293,.T.);
#2291 = VERTEX_POINT('',#2292);
#2292 = CARTESIAN_POINT('',(14.,0.,-492.));
#2293 = SEAM_CURVE('',#2294,(#2298,#2305),.PCURVE_S1.);
#2294 = LINE('',#2295,#2296);
#2295 = CARTESIAN_POINT('',(13.7,0.,-495.));
#2296 = VECTOR('',#2297,1.);
#2297 = DIRECTION('',(9.9503719021E-02,0.,0.99503719021));
#2298 = PCURVE('',#2273,#2299);
#2299 = DEFINITIONAL_REPRESENTATION('',(#2300),#2304);
#2300 = LINE('',#2301,#2302);
#2301 = CARTESIAN_POINT('',(0.,0.));
#2302 = VECTOR('',#2303,1.);
#2303 = DIRECTION('',(0.,1.));
#2304 = ( GEOMETRIC_REPRESENTATION_CONTEXT(2) 
PARAMETRIC_REPRESENTATION_CONTEXT() REPRESENTATION_CONTEXT('2D SPACE',''
  ) );
#2305 = PCURVE('',#2273,#2306);
#2306 = DEFINITIONAL_REPRESENTATION('',(#2307),#2311);
#2307 = LINE('',#2308,#2309);
#2308 = CARTESIAN_POINT('',(6.28318530718,0.));
#2309 = VECTOR('',#2310,1.);
#2310 = DIRECTION('',(0.,1.));
#2311 = ( GEOMETRIC_REPRESENTATION_CONTEXT(2) 
PARAMETRIC_REPRESENTATION_CONTEXT() REPRESENTATION_CONTEXT('2D SPACE',''
  ) );
#2312 = ORIENTED_EDGE('',*,*,#2313,.F.);
#2313 = EDGE_CURVE('',#2291,#2291,#2314,.T.);
#2314 = SURFACE_CURVE('',#2315,(#2320,#2327),.PCURVE_S1.);
#2315 = CIRCLE('',#2316,14.);
#2316 = AXIS2_PLACEMENT_3D('',#2317,#2318,#2319);
#2317 = CARTESIAN_POINT('',(0.,0.,-492.));
#2318 = DIRECTION('',(0.,0.,1.));
#2319 = DIRECTION('',(1.,0.,-0.));
#2320 = PCURVE('',#2273,#2321);
#2321 = DEFINITIONAL_REPRESENTATION('',(#2322),#2326);
#2322 = LINE('',#2323,#2324);
#2323 = CARTESIAN_POINT('',(0.,3.));
#2324 = VECTOR('',#2325,1.);
#2325 = DIRECTION('',(1.,0.));
#2326 = ( GEOMETRIC_REPRESENTATION_CONTEXT(2) 
PARAMETRIC_REPRESENTATION_CONTEXT() REPRESENTATION_CONTEXT('2D SPACE',''
  ) );
#2327 = PCURVE('',#2328,#2333);
#2328 = CONICAL_SURFACE('',#2329,14.,9.966865249116E-02);
#2329 = AXIS2_PLACEMENT_3D('',#2330,#2331,#2332);
#2330 = CARTESIAN_POINT('',(0.,0.,-492.));
#2331 = DIRECTION('',(-0.,-0.,-1.));
#2332 = DIRECTION('',(1.,0.,-0.));
#2333 = DEFINITIONAL_REPRESENTATION('',(#2334),#2338);
#2334 = LINE('',#2335,#2336);
#2335 = CARTESIAN_POINT('',(-0.,-0.));
#2336 = VECTOR('',#2337,1.);
#2337 = DIRECTION('',(-1.,-0.));
#2338 = ( GEOMETRIC_REPRESENTATION_CONTEXT(2) 
PARAMETRIC_REPRESENTATION_CONTEXT() REPRESENTATION_CONTEXT('2D SPACE',''
  ) );
#2339 = ORIENTED_EDGE('',*,*,#2290,.F.);
#2340 = ADVANCED_FACE('',(#2341),#2328,.T.);
#2341 = FACE_BOUND('',#2342,.T.);
#2342 = EDGE_LOOP('',(#2343,#2344,#2367,#2394));
#2343 = ORIENTED_EDGE('',*,*,#2313,.T.);
#2344 = ORIENTED_EDGE('',*,*,#2345,.T.);
#2345 = EDGE_CURVE('',#2291,#2346,#2348,.T.);
#2346 = VERTEX_POINT('',#2347);
#2347 = CARTESIAN_POINT('',(13.7,0.,-489.));
#2348 = SEAM_CURVE('',#2349,(#2353,#2360),.PCURVE_S1.);
#2349 = LINE('',#2350,#2351);
#2350 = CARTESIAN_POINT('',(14.,0.,-492.));
#2351 = VECTOR('',#2352,1.);
#2352 = DIRECTION('',(-9.9503719021E-02,0.,0.99503719021));
#2353 = PCURVE('',#2328,#2354);
#2354 = DEFINITIONAL_REPRESENTATION('',(#2355),#2359);
#2355 = LINE('',#2356,#2357);
#2356 = CARTESIAN_POINT('',(-0.,-0.));
#2357 = VECTOR('',#2358,1.);
#2358 = DIRECTION('',(-0.,-1.));
#2359 = ( GEOMETRIC_REPRESENTATION_CONTEXT(2) 
PARAMETRIC_REPRESENTATION_CONTEXT() REPRESENTATION_CONTEXT('2D SPACE',''
  ) );
#2360 = PCURVE('',#2328,#2361);
#2361 = DEFINITIONAL_REPRESENTATION('',(#2362),#2366);
#2362 = LINE('',#2363,#2364);
#2363 = CARTESIAN_POINT('',(-6.28318530718,-0.));
#2364 = VECTOR('',#2365,1.);
#2365 = DIRECTION('',(-0.,-1.));
#2366 = ( GEOMETRIC_REPRESENTATION_CONTEXT(2) 
PARAMETRIC_REPRESENTATION_CONTEXT() REPRESENTATION_CONTEXT('2D SPACE',''
  ) );
#2367 = ORIENTED_EDGE('',*,*,#2368,.F.);
#2368 = EDGE_CURVE('',#2346,#2346,#2369,.T.);
#2369 = SURFACE_CURVE('',#2370,(#2375,#2382),.PCURVE_S1.);
#2370 = CIRCLE('',#2371,13.7);
#2371 = AXIS2_PLACEMENT_3D('',#2372,#2373,#2374);
#2372 = CARTESIAN_POINT('',(0.,0.,-489.));
#2373 = DIRECTION('',(0.,0.,1.));
#2374 = DIRECTION('',(1.,0.,-0.));
#2375 = PCURVE('',#2328,#2376);
#2376 = DEFINITIONAL_REPRESENTATION('',(#2377),#2381);
#2377 = LINE('',#2378,#2379);
#2378 = CARTESIAN_POINT('',(-0.,-3.));
#2379 = VECTOR('',#2380,1.);
#2380 = DIRECTION('',(-1.,-0.));
#2381 = ( GEOMETRIC_REPRESENTATION_CONTEXT(2) 
PARAMETRIC_REPRESENTATION_CONTEXT() REPRESENTATION_CONTEXT('2D SPACE',''
  ) );
#2382 = PCURVE('',#2383,#2388);
#2383 = CONICAL_SURFACE('',#2384,13.7,9.966865249116E-02);
#2384 = AXIS2_PLACEMENT_3D('',#2385,#2386,#2387);
#2385 = CARTESIAN_POINT('',(0.,0.,-489.));
#2386 = DIRECTION('',(0.,0.,1.));
#2387 = DIRECTION('',(1.,0.,-0.));
#2388 = DEFINITIONAL_REPRESENTATION('',(#2389),#2393);
#2389 = LINE('',#2390,#2391);
#2390 = CARTESIAN_POINT('',(0.,0.));
#2391 = VECTOR('',#2392,1.);
#2392 = DIRECTION('',(1.,0.));
#2393 = ( GEOMETRIC_REPRESENTATION_CONTEXT(2) 
PARAMETRIC_REPRESENTATION_CONTEXT() REPRESENTATION_CONTEXT('2D SPACE',''
  ) );
#2394 = ORIENTED_EDGE('',*,*,#2345,.F.);
#2395 = ADVANCED_FACE('',(#2396),#2383,.T.);
#2396 = FACE_BOUND('',#2397,.T.);
#2397 = EDGE_LOOP('',(#2398,#2399,#2422,#2449));
#2398 = ORIENTED_EDGE('',*,*,#2368,.T.);
#2399 = ORIENTED_EDGE('',*,*,#2400,.T.);
#2400 = EDGE_CURVE('',#2346,#2401,#2403,.T.);
#2401 = VERTEX_POINT('',#2402);
#2402 = CARTESIAN_POINT('',(14.,0.,-486.));
#2403 = SEAM_CURVE('',#2404,(#2408,#2415),.PCURVE_S1.);
#2404 = LINE('',#2405,#2406);
#2405 = CARTESIAN_POINT('',(13.7,0.,-489.));
#2406 = VECTOR('',#2407,1.);
#2407 = DIRECTION('',(9.9503719021E-02,0.,0.99503719021));
#2408 = PCURVE('',#2383,#2409);
#2409 = DEFINITIONAL_REPRESENTATION('',(#2410),#2414);
#2410 = LINE('',#2411,#2412);
#2411 = CARTESIAN_POINT('',(0.,0.));
#2412 = VECTOR('',#2413,1.);
#2413 = DIRECTION('',(0.,1.));
#2414 = ( GEOMETRIC_REPRESENTATION_CONTEXT(2) 
PARAMETRIC_REPRESENTATION_CONTEXT() REPRESENTATION_CONTEXT('2D SPACE',''
  ) );
#2415 = PCURVE('',#2383,#2416);
#2416 = DEFINITIONAL_REPRESENTATION('',(#2417),#2421);
#2417 = LINE('',#2418,#2419);
#2418 = CARTESIAN_POINT('',(6.28318530718,0.));
#2419 = VECTOR('',#2420,1.);
#2420 = DIRECTION('',(0.,1.));
#2421 = ( GEOMETRIC_REPRESENTATION_CONTEXT(2) 
PARAMETRIC_REPRESENTATION_CONTEXT() REPRESENTATION_CONTEXT('2D SPACE',''
  ) );
#2422 = ORIENTED_EDGE('',*,*,#2423,.F.);
#2423 = EDGE_CURVE('',#2401,#2401,#2424,.T.);
#2424 = SURFACE_CURVE('',#2425,(#2430,#2437),.PCURVE_S1.);
#2425 = CIRCLE('',#2426,14.);
#2426 = AXIS2_PLACEMENT_3D('',#2427,#2428,#2429);
#2427 = CARTESIAN_POINT('',(0.,0.,-486.));
#2428 = DIRECTION('',(0.,0.,1.));
#2429 = DIRECTION('',(1.,0.,-0.));
#2430 = PCURVE('',#2383,#2431);
#2431 = DEFINITIONAL_REPRESENTATION('',(#2432),#2436);
#2432 = LINE('',#2433,#2434);
#2433 = CARTESIAN_POINT('',(0.,3.));
#2434 = VECTOR('',#2435,1.);
#2435 = DIRECTION('',(1.,0.));
#2436 = ( GEOMETRIC_REPRESENTATION_CONTEXT(2) 
PARAMETRIC_REPRESENTATION_CONTEXT() REPRESENTATION_CONTEXT('2D SPACE',''
  ) );
#2437 = PCURVE('',#2438,#2443);
#2438 = CONICAL_SURFACE('',#2439,14.,9.966865249116E-02);
#2439 = AXIS2_PLACEMENT_3D('',#2440,#2441,#2442);
#2440 = CARTESIAN_POINT('',(0.,0.,-486.));
#2441 = DIRECTION('',(-0.,-0.,-1.));
#2442 = DIRECTION('',(1.,0.,-0.));
#2443 = DEFINITIONAL_REPRESENTATION('',(#2444),#2448);
#2444 = LINE('',#2445,#2446);
#2445 = CARTESIAN_POINT('',(-0.,-0.));
#2446 = VECTOR('',#2447,1.);
#2447 = DIRECTION('',(-1.,-0.));
#2448 = ( GEOMETRIC_REPRESENTATION_CONTEXT(2) 
PARAMETRIC_REPRESENTATION_CONTEXT() REPRESENTATION_CONTEXT('2D SPACE',''
  ) );
#2449 = ORIENTED_EDGE('',*,*,#2400,.F.);
#2450 = ADVANCED_FACE('',(#2451),#2438,.T.);
#2451 = FACE_BOUND('',#2452,.T.);
#2452 = EDGE_LOOP('',(#2453,#2454,#2477,#2504));
#2453 = ORIENTED_EDGE('',*,*,#2423,.T.);
#2454 = ORIENTED_EDGE('',*,*,#2455,.T.);
#2455 = EDGE_CURVE('',#2401,#2456,#2458,.T.);
#2456 = VERTEX_POINT('',#2457);
#2457 = CARTESIAN_POINT('',(13.7,0.,-483.));
#2458 = SEAM_CURVE('',#2459,(#2463,#2470),.PCURVE_S1.);
#2459 = LINE('',#2460,#2461);
#2460 = CARTESIAN_POINT('',(14.,0.,-486.));
#2461 = VECTOR('',#2462,1.);
#2462 = DIRECTION('',(-9.9503719021E-02,0.,0.99503719021));
#2463 = PCURVE('',#2438,#2464);
#2464 = DEFINITIONAL_REPRESENTATION('',(#2465),#2469);
#2465 = LINE('',#2466,#2467);
#2466 = CARTESIAN_POINT('',(-0.,-0.));
#2467 = VECTOR('',#2468,1.);
#2468 = DIRECTION('',(-0.,-1.));
#2469 = ( GEOMETRIC_REPRESENTATION_CONTEXT(2) 
PARAMETRIC_REPRESENTATION_CONTEXT() REPRESENTATION_CONTEXT('2D SPACE',''
  ) );
#2470 = PCURVE('',#2438,#2471);
#2471 = DEFINITIONAL_REPRESENTATION('',(#2472),#2476);
#2472 = LINE('',#2473,#2474);
#2473 = CARTESIAN_POINT('',(-6.28318530718,-0.));
#2474 = VECTOR('',#2475,1.);
#2475 = DIRECTION('',(-0.,-1.));
#2476 = ( GEOMETRIC_REPRESENTATION_CONTEXT(2) 
PARAMETRIC_REPRESENTATION_CONTEXT() REPRESENTATION_CONTEXT('2D SPACE',''
  ) );
#2477 = ORIENTED_EDGE('',*,*,#2478,.F.);
#2478 = EDGE_CURVE('',#2456,#2456,#2479,.T.);
#2479 = SURFACE_CURVE('',#2480,(#2485,#2492),.PCURVE_S1.);
#2480 = CIRCLE('',#2481,13.7);
#2481 = AXIS2_PLACEMENT_3D('',#2482,#2483,#2484);
#2482 = CARTESIAN_POINT('',(0.,0.,-483.));
#2483 = DIRECTION('',(0.,0.,1.));
#2484 = DIRECTION('',(1.,0.,-0.));
#2485 = PCURVE('',#2438,#2486);
#2486 = DEFINITIONAL_REPRESENTATION('',(#2487),#2491);
#2487 = LINE('',#2488,#2489);
#2488 = CARTESIAN_POINT('',(-0.,-3.));
#2489 = VECTOR('',#2490,1.);
#2490 = DIRECTION('',(-1.,-0.));
#2491 = ( GEOMETRIC_REPRESENTATION_CONTEXT(2) 
PARAMETRIC_REPRESENTATION_CONTEXT() REPRESENTATION_CONTEXT('2D SPACE',''
  ) );
#2492 = PCURVE('',#2493,#2498);
#2493 = CONICAL_SURFACE('',#2494,13.7,9.966865249116E-02);
#2494 = AXIS2_PLACEMENT_3D('',#2495,#2496,#2497);
#2495 = CARTESIAN_POINT('',(0.,0.,-483.));
#2496 = DIRECTION('',(0.,0.,1.));
#2497 = DIRECTION('',(1.,0.,-0.));
#2498 = DEFINITIONAL_REPRESENTATION('',(#2499),#2503);
#2499 = LINE('',#2500,#2501);
#2500 = CARTESIAN_POINT('',(0.,0.));
#2501 = VECTOR('',#2502,1.);
#2502 = DIRECTION('',(1.,0.));
#2503 = ( GEOMETRIC_REPRESENTATION_CONTEXT(2) 
PARAMETRIC_REPRESENTATION_CONTEXT() REPRESENTATION_CONTEXT('2D SPACE',''
  ) );
#2504 = ORIENTED_EDGE('',*,*,#2455,.F.);
#2505 = ADVANCED_FACE('',(#2506),#2493,.T.);
#2506 = FACE_BOUND('',#2507,.T.);
#2507 = EDGE_LOOP('',(#2508,#2509,#2532,#2559));
#2508 = ORIENTED_EDGE('',*,*,#2478,.T.);
#2509 = ORIENTED_EDGE('',*,*,#2510,.T.);
#2510 = EDGE_CURVE('',#2456,#2511,#2513,.T.);
#2511 = VERTEX_POINT('',#2512);
#2512 = CARTESIAN_POINT('',(14.,0.,-480.));
#2513 = SEAM_CURVE('',#2514,(#2518,#2525),.PCURVE_S1.);
#2514 = LINE('',#2515,#2516);
#2515 = CARTESIAN_POINT('',(13.7,0.,-483.));
#2516 = VECTOR('',#2517,1.);
#2517 = DIRECTION('',(9.9503719021E-02,0.,0.99503719021));
#2518 = PCURVE('',#2493,#2519);
#2519 = DEFINITIONAL_REPRESENTATION('',(#2520),#2524);
#2520 = LINE('',#2521,#2522);
#2521 = CARTESIAN_POINT('',(0.,0.));
#2522 = VECTOR('',#2523,1.);
#2523 = DIRECTION('',(0.,1.));
#2524 = ( GEOMETRIC_REPRESENTATION_CONTEXT(2) 
PARAMETRIC_REPRESENTATION_CONTEXT() REPRESENTATION_CONTEXT('2D SPACE',''
  ) );
#2525 = PCURVE('',#2493,#2526);
#2526 = DEFINITIONAL_REPRESENTATION('',(#2527),#2531);
#2527 = LINE('',#2528,#2529);
#2528 = CARTESIAN_POINT('',(6.28318530718,0.));
#2529 = VECTOR('',#2530,1.);
#2530 = DIRECTION('',(0.,1.));
#2531 = ( GEOMETRIC_REPRESENTATION_CONTEXT(2) 
PARAMETRIC_REPRESENTATION_CONTEXT() REPRESENTATION_CONTEXT('2D SPACE',''
  ) );
#2532 = ORIENTED_EDGE('',*,*,#2533,.F.);
#2533 = EDGE_CURVE('',#2511,#2511,#2534,.T.);
#2534 = SURFACE_CURVE('',#2535,(#2540,#2547),.PCURVE_S1.);
#2535 = CIRCLE('',#2536,14.);
#2536 = AXIS2_PLACEMENT_3D('',#2537,#2538,#2539);
#2537 = CARTESIAN_POINT('',(0.,0.,-480.));
#2538 = DIRECTION('',(0.,0.,1.));
#2539 = DIRECTION('',(1.,0.,-0.));
#2540 = PCURVE('',#2493,#2541);
#2541 = DEFINITIONAL_REPRESENTATION('',(#2542),#2546);
#2542 = LINE('',#2543,#2544);
#2543 = CARTESIAN_POINT('',(0.,3.));
#2544 = VECTOR('',#2545,1.);
#2545 = DIRECTION('',(1.,0.));
#2546 = ( GEOMETRIC_REPRESENTATION_CONTEXT(2) 
PARAMETRIC_REPRESENTATION_CONTEXT() REPRESENTATION_CONTEXT('2D SPACE',''
  ) );
#2547 = PCURVE('',#2548,#2553);
#2548 = CONICAL_SURFACE('',#2549,14.,9.966865249116E-02);
#2549 = AXIS2_PLACEMENT_3D('',#2550,#2551,#2552);
#2550 = CARTESIAN_POINT('',(0.,0.,-480.));
#2551 = DIRECTION('',(-0.,-0.,-1.));
#2552 = DIRECTION('',(1.,0.,-0.));
#2553 = DEFINITIONAL_REPRESENTATION('',(#2554),#2558);
#2554 = LINE('',#2555,#2556);
#2555 = CARTESIAN_POINT('',(-0.,-0.));
#2556 = VECTOR('',#2557,1.);
#2557 = DIRECTION('',(-1.,-0.));
#2558 = ( GEOMETRIC_REPRESENTATION_CONTEXT(2) 
PARAMETRIC_REPRESENTATION_CONTEXT() REPRESENTATION_CONTEXT('2D SPACE',''
  ) );
#2559 = ORIENTED_EDGE('',*,*,#2510,.F.);
#2560 = ADVANCED_FACE('',(#2561),#2548,.T.);
#2561 = FACE_BOUND('',#2562,.T.);
#2562 = EDGE_LOOP('',(#2563,#2564,#2587,#2614));
#2563 = ORIENTED_EDGE('',*,*,#2533,.T.);
#2564 = ORIENTED_EDGE('',*,*,#2565,.T.);
#2565 = EDGE_CURVE('',#2511,#2566,#2568,.T.);
#2566 = VERTEX_POINT('',#2567);
#2567 = CARTESIAN_POINT('',(13.7,0.,-477.));
#2568 = SEAM_CURVE('',#2569,(#2573,#2580),.PCURVE_S1.);
#2569 = LINE('',#2570,#2571);
#2570 = CARTESIAN_POINT('',(14.,0.,-480.));
#2571 = VECTOR('',#2572,1.);
#2572 = DIRECTION('',(-9.9503719021E-02,0.,0.99503719021));
#2573 = PCURVE('',#2548,#2574);
#2574 = DEFINITIONAL_REPRESENTATION('',(#2575),#2579);
#2575 = LINE('',#2576,#2577);
#2576 = CARTESIAN_POINT('',(-0.,-0.));
#2577 = VECTOR('',#2578,1.);
#2578 = DIRECTION('',(-0.,-1.));
#2579 = ( GEOMETRIC_REPRESENTATION_CONTEXT(2) 
PARAMETRIC_REPRESENTATION_CONTEXT() REPRESENTATION_CONTEXT('2D SPACE',''
  ) );
#2580 = PCURVE('',#2548,#2581);
#2581 = DEFINITIONAL_REPRESENTATION('',(#2582),#2586);
#2582 = LINE('',#2583,#2584);
#2583 = CARTESIAN_POINT('',(-6.28318530718,-0.));
#2584 = VECTOR('',#2585,1.);
#2585 = DIRECTION('',(-0.,-1.));
#2586 = ( GEOMETRIC_REPRESENTATION_CONTEXT(2) 
PARAMETRIC_REPRESENTATION_CONTEXT() REPRESENTATION_CONTEXT('2D SPACE',''
  ) );
#2587 = ORIENTED_EDGE('',*,*,#2588,.F.);
#2588 = EDGE_CURVE('',#2566,#2566,#2589,.T.);
#2589 = SURFACE_CURVE('',#2590,(#2595,#2602),.PCURVE_S1.);
#2590 = CIRCLE('',#2591,13.7);
#2591 = AXIS2_PLACEMENT_3D('',#2592,#2593,#2594);
#2592 = CARTESIAN_POINT('',(0.,0.,-477.));
#2593 = DIRECTION('',(0.,0.,1.));
#2594 = DIRECTION('',(1.,0.,-0.));
#2595 = PCURVE('',#2548,#2596);
#2596 = DEFINITIONAL_REPRESENTATION('',(#2597),#2601);
#2597 = LINE('',#2598,#2599);
#2598 = CARTESIAN_POINT('',(-0.,-3.));
#2599 = VECTOR('',#2600,1.);
#2600 = DIRECTION('',(-1.,-0.));
#2601 = ( GEOMETRIC_REPRESENTATION_CONTEXT(2) 
PARAMETRIC_REPRESENTATION_CONTEXT() REPRESENTATION_CONTEXT('2D SPACE',''
  ) );
#2602 = PCURVE('',#2603,#2608);
#2603 = CONICAL_SURFACE('',#2604,13.7,9.966865249116E-02);
#2604 = AXIS2_PLACEMENT_3D('',#2605,#2606,#2607);
#2605 = CARTESIAN_POINT('',(0.,0.,-477.));
#2606 = DIRECTION('',(0.,0.,1.));
#2607 = DIRECTION('',(1.,0.,-0.));
#2608 = DEFINITIONAL_REPRESENTATION('',(#2609),#2613);
#2609 = LINE('',#2610,#2611);
#2610 = CARTESIAN_POINT('',(0.,0.));
#2611 = VECTOR('',#2612,1.);
#2612 = DIRECTION('',(1.,0.));
#2613 = ( GEOMETRIC_REPRESENTATION_CONTEXT(2) 
PARAMETRIC_REPRESENTATION_CONTEXT() REPRESENTATION_CONTEXT('2D SPACE',''
  ) );
#2614 = ORIENTED_EDGE('',*,*,#2565,.F.);
#2615 = ADVANCED_FACE('',(#2616),#2603,.T.);
#2616 = FACE_BOUND('',#2617,.T.);
#2617 = EDGE_LOOP('',(#2618,#2619,#2642,#2669));
#2618 = ORIENTED_EDGE('',*,*,#2588,.T.);
#2619 = ORIENTED_EDGE('',*,*,#2620,.T.);
#2620 = EDGE_CURVE('',#2566,#2621,#2623,.T.);
#2621 = VERTEX_POINT('',#2622);
#2622 = CARTESIAN_POINT('',(14.,0.,-474.));
#2623 = SEAM_CURVE('',#2624,(#2628,#2635),.PCURVE_S1.);
#2624 = LINE('',#2625,#2626);
#2625 = CARTESIAN_POINT('',(13.7,0.,-477.));
#2626 = VECTOR('',#2627,1.);
#2627 = DIRECTION('',(9.9503719021E-02,0.,0.99503719021));
#2628 = PCURVE('',#2603,#2629);
#2629 = DEFINITIONAL_REPRESENTATION('',(#2630),#2634);
#2630 = LINE('',#2631,#2632);
#2631 = CARTESIAN_POINT('',(0.,0.));
#2632 = VECTOR('',#2633,1.);
#2633 = DIRECTION('',(0.,1.));
#2634 = ( GEOMETRIC_REPRESENTATION_CONTEXT(2) 
PARAMETRIC_REPRESENTATION_CONTEXT() REPRESENTATION_CONTEXT('2D SPACE',''
  ) );
#2635 = PCURVE('',#2603,#2636);
#2636 = DEFINITIONAL_REPRESENTATION('',(#2637),#2641);
#2637 = LINE('',#2638,#2639);
#2638 = CARTESIAN_POINT('',(6.28318530718,0.));
#2639 = VECTOR('',#2640,1.);
#2640 = DIRECTION('',(0.,1.));
#2641 = ( GEOMETRIC_REPRESENTATION_CONTEXT(2) 
PARAMETRIC_REPRESENTATION_CONTEXT() REPRESENTATION_CONTEXT('2D SPACE',''
  ) );
#2642 = ORIENTED_EDGE('',*,*,#2643,.F.);
#2643 = EDGE_CURVE('',#2621,#2621,#2644,.T.);
#2644 = SURFACE_CURVE('',#2645,(#2650,#2657),.PCURVE_S1.);
#2645 = CIRCLE('',#2646,14.);
#2646 = AXIS2_PLACEMENT_3D('',#2647,#2648,#2649);
#2647 = CARTESIAN_POINT('',(0.,0.,-474.));
#2648 = DIRECTION('',(0.,0.,1.));
#2649 = DIRECTION('',(1.,0.,-0.));
#2650 = PCURVE('',#2603,#2651);
#2651 = DEFINITIONAL_REPRESENTATION('',(#2652),#2656);
#2652 = LINE('',#2653,#2654);
#2653 = CARTESIAN_POINT('',(0.,3.));
#2654 = VECTOR('',#2655,1.);
#2655 = DIRECTION('',(1.,0.));
#2656 = ( GEOMETRIC_REPRESENTATION_CONTEXT(2) 
PARAMETRIC_REPRESENTATION_CONTEXT() REPRESENTATION_CONTEXT('2D SPACE',''
  ) );
#2657 = PCURVE('',#2658,#2663);
#2658 = CONICAL_SURFACE('',#2659,14.,9.966865249116E-02);
#2659 = AXIS2_PLACEMENT_3D('',#2660,#2661,#2662);
#2660 = CARTESIAN_POINT('',(0.,0.,-474.));
#2661 = DIRECTION('',(-0.,-0.,-1.));
#2662 = DIRECTION('',(1.,0.,-0.));
#2663 = DEFINITIONAL_REPRESENTATION('',(#2664),#2668);
#2664 = LINE('',#2665,#2666);
#2665 = CARTESIAN_POINT('',(-0.,-0.));
#2666 = VECTOR('',#2667,1.);
#2667 = DIRECTION('',(-1.,-0.));
#2668 = ( GEOMETRIC_REPRESENTATION_CONTEXT(2) 
PARAMETRIC_REPRESENTATION_CONTEXT() REPRESENTATION_CONTEXT('2D SPACE',''
  ) );
#2669 = ORIENTED_EDGE('',*,*,#2620,.F.);
#2670 = ADVANCED_FACE('',(#2671),#2658,.T.);
#2671 = FACE_BOUND('',#2672,.T.);
#2672 = EDGE_LOOP('',(#2673,#2674,#2697,#2724));
#2673 = ORIENTED_EDGE('',*,*,#2643,.T.);
#2674 = ORIENTED_EDGE('',*,*,#2675,.T.);
#2675 = EDGE_CURVE('',#2621,#2676,#2678,.T.);
#2676 = VERTEX_POINT('',#2677);
#2677 = CARTESIAN_POINT('',(13.7,0.,-471.));
#2678 = SEAM_CURVE('',#2679,(#2683,#2690),.PCURVE_S1.);
#2679 = LINE('',#2680,#2681);
#2680 = CARTESIAN_POINT('',(14.,0.,-474.));
#2681 = VECTOR('',#2682,1.);
#2682 = DIRECTION('',(-9.9503719021E-02,0.,0.99503719021));
#2683 = PCURVE('',#2658,#2684);
#2684 = DEFINITIONAL_REPRESENTATION('',(#2685),#2689);
#2685 = LINE('',#2686,#2687);
#2686 = CARTESIAN_POINT('',(-0.,-0.));
#2687 = VECTOR('',#2688,1.);
#2688 = DIRECTION('',(-0.,-1.));
#2689 = ( GEOMETRIC_REPRESENTATION_CONTEXT(2) 
PARAMETRIC_REPRESENTATION_CONTEXT() REPRESENTATION_CONTEXT('2D SPACE',''
  ) );
#2690 = PCURVE('',#2658,#2691);
#2691 = DEFINITIONAL_REPRESENTATION('',(#2692),#2696);
#2692 = LINE('',#2693,#2694);
#2693 = CARTESIAN_POINT('',(-6.28318530718,-0.));
#2694 = VECTOR('',#2695,1.);
#2695 = DIRECTION('',(-0.,-1.));
#2696 = ( GEOMETRIC_REPRESENTATION_CONTEXT(2) 
PARAMETRIC_REPRESENTATION_CONTEXT() REPRESENTATION_CONTEXT('2D SPACE',''
  ) );
#2697 = ORIENTED_EDGE('',*,*,#2698,.F.);
#2698 = EDGE_CURVE('',#2676,#2676,#2699,.T.);
#2699 = SURFACE_CURVE('',#2700,(#2705,#2712),.PCURVE_S1.);
#2700 = CIRCLE('',#2701,13.7);
#2701 = AXIS2_PLACEMENT_3D('',#2702,#2703,#2704);
#2702 = CARTESIAN_POINT('',(0.,0.,-471.));
#2703 = DIRECTION('',(0.,0.,1.));
#2704 = DIRECTION('',(1.,0.,-0.));
#2705 = PCURVE('',#2658,#2706);
#2706 = DEFINITIONAL_REPRESENTATION('',(#2707),#2711);
#2707 = LINE('',#2708,#2709);
#2708 = CARTESIAN_POINT('',(-0.,-3.));
#2709 = VECTOR('',#2710,1.);
#2710 = DIRECTION('',(-1.,-0.));
#2711 = ( GEOMETRIC_REPRESENTATION_CONTEXT(2) 
PARAMETRIC_REPRESENTATION_CONTEXT() REPRESENTATION_CONTEXT('2D SPACE',''
  ) );
#2712 = PCURVE('',#2713,#2718);
#2713 = CONICAL_SURFACE('',#2714,13.7,9.966865249116E-02);
#2714 = AXIS2_PLACEMENT_3D('',#2715,#2716,#2717);
#2715 = CARTESIAN_POINT('',(0.,0.,-471.));
#2716 = DIRECTION('',(0.,0.,1.));
#2717 = DIRECTION('',(1.,0.,-0.));
#2718 = DEFINITIONAL_REPRESENTATION('',(#2719),#2723);
#2719 = LINE('',#2720,#2721);
#2720 = CARTESIAN_POINT('',(0.,0.));
#2721 = VECTOR('',#2722,1.);
#2722 = DIRECTION('',(1.,0.));
#2723 = ( GEOMETRIC_REPRESENTATION_CONTEXT(2) 
PARAMETRIC_REPRESENTATION_CONTEXT() REPRESENTATION_CONTEXT('2D SPACE',''
  ) );
#2724 = ORIENTED_EDGE('',*,*,#2675,.F.);
#2725 = ADVANCED_FACE('',(#2726),#2713,.T.);
#2726 = FACE_BOUND('',#2727,.T.);
#2727 = EDGE_LOOP('',(#2728,#2729,#2752,#2779));
#2728 = ORIENTED_EDGE('',*,*,#2698,.T.);
#2729 = ORIENTED_EDGE('',*,*,#2730,.T.);
#2730 = EDGE_CURVE('',#2676,#2731,#2733,.T.);
#2731 = VERTEX_POINT('',#2732);
#2732 = CARTESIAN_POINT('',(14.,0.,-468.));
#2733 = SEAM_CURVE('',#2734,(#2738,#2745),.PCURVE_S1.);
#2734 = LINE('',#2735,#2736);
#2735 = CARTESIAN_POINT('',(13.7,0.,-471.));
#2736 = VECTOR('',#2737,1.);
#2737 = DIRECTION('',(9.9503719021E-02,0.,0.99503719021));
#2738 = PCURVE('',#2713,#2739);
#2739 = DEFINITIONAL_REPRESENTATION('',(#2740),#2744);
#2740 = LINE('',#2741,#2742);
#2741 = CARTESIAN_POINT('',(0.,0.));
#2742 = VECTOR('',#2743,1.);
#2743 = DIRECTION('',(0.,1.));
#2744 = ( GEOMETRIC_REPRESENTATION_CONTEXT(2) 
PARAMETRIC_REPRESENTATION_CONTEXT() REPRESENTATION_CONTEXT('2D SPACE',''
  ) );
#2745 = PCURVE('',#2713,#2746);
#2746 = DEFINITIONAL_REPRESENTATION('',(#2747),#2751);
#2747 = LINE('',#2748,#2749);
#2748 = CARTESIAN_POINT('',(6.28318530718,0.));
#2749 = VECTOR('',#2750,1.);
#2750 = DIRECTION('',(0.,1.));
#2751 = ( GEOMETRIC_REPRESENTATION_CONTEXT(2) 
PARAMETRIC_REPRESENTATION_CONTEXT() REPRESENTATION_CONTEXT('2D SPACE',''
  ) );
#2752 = ORIENTED_EDGE('',*,*,#2753,.F.);
#2753 = EDGE_CURVE('',#2731,#2731,#2754,.T.);
#2754 = SURFACE_CURVE('',#2755,(#2760,#2767),.PCURVE_S1.);
#2755 = CIRCLE('',#2756,14.);
#2756 = AXIS2_PLACEMENT_3D('',#2757,#2758,#2759);
#2757 = CARTESIAN_POINT('',(0.,0.,-468.));
#2758 = DIRECTION('',(0.,0.,1.));
#2759 = DIRECTION('',(1.,0.,-0.));
#2760 = PCURVE('',#2713,#2761);
#2761 = DEFINITIONAL_REPRESENTATION('',(#2762),#2766);
#2762 = LINE('',#2763,#2764);
#2763 = CARTESIAN_POINT('',(0.,3.));
#2764 = VECTOR('',#2765,1.);
#2765 = DIRECTION('',(1.,0.));
#2766 = ( GEOMETRIC_REPRESENTATION_CONTEXT(2) 
PARAMETRIC_REPRESENTATION_CONTEXT() REPRESENTATION_CONTEXT('2D SPACE',''
  ) );
#2767 = PCURVE('',#2768,#2773);
#2768 = CONICAL_SURFACE('',#2769,14.,9.966865249116E-02);
#2769 = AXIS2_PLACEMENT_3D('',#2770,#2771,#2772);
#2770 = CARTESIAN_POINT('',(0.,0.,-468.));
#2771 = DIRECTION('',(-0.,-0.,-1.));
#2772 = DIRECTION('',(1.,0.,-0.));
#2773 = DEFINITIONAL_REPRESENTATION('',(#2774),#2778);
#2774 = LINE('',#2775,#2776);
#2775 = CARTESIAN_POINT('',(-0.,-0.));
#2776 = VECTOR('',#2777,1.);
#2777 = DIRECTION('',(-1.,-0.));
#2778 = ( GEOMETRIC_REPRESENTATION_CONTEXT(2) 
PARAMETRIC_REPRESENTATION_CONTEXT() REPRESENTATION_CONTEXT('2D SPACE',''
  ) );
#2779 = ORIENTED_EDGE('',*,*,#2730,.F.);
#2780 = ADVANCED_FACE('',(#2781),#2768,.T.);
#2781 = FACE_BOUND('',#2782,.T.);
#2782 = EDGE_LOOP('',(#2783,#2784,#2807,#2834));
#2783 = ORIENTED_EDGE('',*,*,#2753,.T.);
#2784 = ORIENTED_EDGE('',*,*,#2785,.T.);
#2785 = EDGE_CURVE('',#2731,#2786,#2788,.T.);
#2786 = VERTEX_POINT('',#2787);
#2787 = CARTESIAN_POINT('',(13.7,0.,-465.));
#2788 = SEAM_CURVE('',#2789,(#2793,#2800),.PCURVE_S1.);
#2789 = LINE('',#2790,#2791);
#2790 = CARTESIAN_POINT('',(14.,0.,-468.));
#2791 = VECTOR('',#2792,1.);
#2792 = DIRECTION('',(-9.9503719021E-02,0.,0.99503719021));
#2793 = PCURVE('',#2768,#2794);
#2794 = DEFINITIONAL_REPRESENTATION('',(#2795),#2799);
#2795 = LINE('',#2796,#2797);
#2796 = CARTESIAN_POINT('',(-0.,-0.));
#2797 = VECTOR('',#2798,1.);
#2798 = DIRECTION('',(-0.,-1.));
#2799 = ( GEOMETRIC_REPRESENTATION_CONTEXT(2) 
PARAMETRIC_REPRESENTATION_CONTEXT() REPRESENTATION_CONTEXT('2D SPACE',''
  ) );
#2800 = PCURVE('',#2768,#2801);
#2801 = DEFINITIONAL_REPRESENTATION('',(#2802),#2806);
#2802 = LINE('',#2803,#2804);
#2803 = CARTESIAN_POINT('',(-6.28318530718,-0.));
#2804 = VECTOR('',#2805,1.);
#2805 = DIRECTION('',(-0.,-1.));
#2806 = ( GEOMETRIC_REPRESENTATION_CONTEXT(2) 
PARAMETRIC_REPRESENTATION_CONTEXT() REPRESENTATION_CONTEXT('2D SPACE',''
  ) );
#2807 = ORIENTED_EDGE('',*,*,#2808,.F.);
#2808 = EDGE_CURVE('',#2786,#2786,#2809,.T.);
#2809 = SURFACE_CURVE('',#2810,(#2815,#2822),.PCURVE_S1.);
#2810 = CIRCLE('',#2811,13.7);
#2811 = AXIS2_PLACEMENT_3D('',#2812,#2813,#2814);
#2812 = CARTESIAN_POINT('',(0.,0.,-465.));
#2813 = DIRECTION('',(0.,0.,1.));
#2814 = DIRECTION('',(1.,0.,-0.));
#2815 = PCURVE('',#2768,#2816);
#2816 = DEFINITIONAL_REPRESENTATION('',(#2817),#2821);
#2817 = LINE('',#2818,#2819);
#2818 = CARTESIAN_POINT('',(-0.,-3.));
#2819 = VECTOR('',#2820,1.);
#2820 = DIRECTION('',(-1.,-0.));
#2821 = ( GEOMETRIC_REPRESENTATION_CONTEXT(2) 
PARAMETRIC_REPRESENTATION_CONTEXT() REPRESENTATION_CONTEXT('2D SPACE',''
  ) );
#2822 = PCURVE('',#2823,#2828);
#2823 = CONICAL_SURFACE('',#2824,13.7,9.966865249116E-02);
#2824 = AXIS2_PLACEMENT_3D('',#2825,#2826,#2827);
#2825 = CARTESIAN_POINT('',(0.,0.,-465.));
#2826 = DIRECTION('',(0.,0.,1.));
#2827 = DIRECTION('',(1.,0.,-0.));
#2828 = DEFINITIONAL_REPRESENTATION('',(#2829),#2833);
#2829 = LINE('',#2830,#2831);
#2830 = CARTESIAN_POINT('',(0.,0.));
#2831 = VECTOR('',#2832,1.);
#2832 = DIRECTION('',(1.,0.));
#2833 = ( GEOMETRIC_REPRESENTATION_CONTEXT(2) 
PARAMETRIC_REPRESENTATION_CONTEXT() REPRESENTATION_CONTEXT('2D SPACE',''
  ) );
#2834 = ORIENTED_EDGE('',*,*,#2785,.F.);
#2835 = ADVANCED_FACE('',(#2836),#2823,.T.);
#2836 = FACE_BOUND('',#2837,.T.);
#2837 = EDGE_LOOP('',(#2838,#2839,#2862,#2889));
#2838 = ORIENTED_EDGE('',*,*,#2808,.T.);
#2839 = ORIENTED_EDGE('',*,*,#2840,.T.);
#2840 = EDGE_CURVE('',#2786,#2841,#2843,.T.);
#2841 = VERTEX_POINT('',#2842);
#2842 = CARTESIAN_POINT('',(14.,0.,-462.));
#2843 = SEAM_CURVE('',#2844,(#2848,#2855),.PCURVE_S1.);
#2844 = LINE('',#2845,#2846);
#2845 = CARTESIAN_POINT('',(13.7,0.,-465.));
#2846 = VECTOR('',#2847,1.);
#2847 = DIRECTION('',(9.9503719021E-02,0.,0.99503719021));
#2848 = PCURVE('',#2823,#2849);
#2849 = DEFINITIONAL_REPRESENTATION('',(#2850),#2854);
#2850 = LINE('',#2851,#2852);
#2851 = CARTESIAN_POINT('',(0.,0.));
#2852 = VECTOR('',#2853,1.);
#2853 = DIRECTION('',(0.,1.));
#2854 = ( GEOMETRIC_REPRESENTATION_CONTEXT(2) 
PARAMETRIC_REPRESENTATION_CONTEXT() REPRESENTATION_CONTEXT('2D SPACE',''
  ) );
#2855 = PCURVE('',#2823,#2856);
#2856 = DEFINITIONAL_REPRESENTATION('',(#2857),#2861);
#2857 = LINE('',#2858,#2859);
#2858 = CARTESIAN_POINT('',(6.28318530718,0.));
#2859 = VECTOR('',#2860,1.);
#2860 = DIRECTION('',(0.,1.));
#2861 = ( GEOMETRIC_REPRESENTATION_CONTEXT(2) 
PARAMETRIC_REPRESENTATION_CONTEXT() REPRESENTATION_CONTEXT('2D SPACE',''
  ) );
#2862 = ORIENTED_EDGE('',*,*,#2863,.F.);
#2863 = EDGE_CURVE('',#2841,#2841,#2864,.T.);
#2864 = SURFACE_CURVE('',#2865,(#2870,#2877),.PCURVE_S1.);
#2865 = CIRCLE('',#2866,14.);
#2866 = AXIS2_PLACEMENT_3D('',#2867,#2868,#2869);
#2867 = CARTESIAN_POINT('',(0.,0.,-462.));
#2868 = DIRECTION('',(0.,0.,1.));
#2869 = DIRECTION('',(1.,0.,-0.));
#2870 = PCURVE('',#2823,#2871);
#2871 = DEFINITIONAL_REPRESENTATION('',(#2872),#2876);
#2872 = LINE('',#2873,#2874);
#2873 = CARTESIAN_POINT('',(0.,3.));
#2874 = VECTOR('',#2875,1.);
#2875 = DIRECTION('',(1.,0.));
#2876 = ( GEOMETRIC_REPRESENTATION_CONTEXT(2) 
PARAMETRIC_REPRESENTATION_CONTEXT() REPRESENTATION_CONTEXT('2D SPACE',''
  ) );
#2877 = PCURVE('',#2878,#2883);
#2878 = CONICAL_SURFACE('',#2879,14.,9.966865249116E-02);
#2879 = AXIS2_PLACEMENT_3D('',#2880,#2881,#2882);
#2880 = CARTESIAN_POINT('',(0.,0.,-462.));
#2881 = DIRECTION('',(-0.,-0.,-1.));
#2882 = DIRECTION('',(1.,0.,-0.));
#2883 = DEFINITIONAL_REPRESENTATION('',(#2884),#2888);
#2884 = LINE('',#2885,#2886);
#2885 = CARTESIAN_POINT('',(-0.,-0.));
#2886 = VECTOR('',#2887,1.);
#2887 = DIRECTION('',(-1.,-0.));
#2888 = ( GEOMETRIC_REPRESENTATION_CONTEXT(2) 
PARAMETRIC_REPRESENTATION_CONTEXT() REPRESENTATION_CONTEXT('2D SPACE',''
  ) );
#2889 = ORIENTED_EDGE('',*,*,#2840,.F.);
#2890 = ADVANCED_FACE('',(#2891),#2878,.T.);
#2891 = FACE_BOUND('',#2892,.T.);
#2892 = EDGE_LOOP('',(#2893,#2894,#2917,#2944));
#2893 = ORIENTED_EDGE('',*,*,#2863,.T.);
#2894 = ORIENTED_EDGE('',*,*,#2895,.T.);
#2895 = EDGE_CURVE('',#2841,#2896,#2898,.T.);
#2896 = VERTEX_POINT('',#2897);
#2897 = CARTESIAN_POINT('',(13.7,0.,-459.));
#2898 = SEAM_CURVE('',#2899,(#2903,#2910),.PCURVE_S1.);
#2899 = LINE('',#2900,#2901);
#2900 = CARTESIAN_POINT('',(14.,0.,-462.));
#2901 = VECTOR('',#2902,1.);
#2902 = DIRECTION('',(-9.9503719021E-02,0.,0.99503719021));
#2903 = PCURVE('',#2878,#2904);
#2904 = DEFINITIONAL_REPRESENTATION('',(#2905),#2909);
#2905 = LINE('',#2906,#2907);
#2906 = CARTESIAN_POINT('',(-0.,-0.));
#2907 = VECTOR('',#2908,1.);
#2908 = DIRECTION('',(-0.,-1.));
#2909 = ( GEOMETRIC_REPRESENTATION_CONTEXT(2) 
PARAMETRIC_REPRESENTATION_CONTEXT() REPRESENTATION_CONTEXT('2D SPACE',''
  ) );
#2910 = PCURVE('',#2878,#2911);
#2911 = DEFINITIONAL_REPRESENTATION('',(#2912),#2916);
#2912 = LINE('',#2913,#2914);
#2913 = CARTESIAN_POINT('',(-6.28318530718,-0.));
#2914 = VECTOR('',#2915,1.);
#2915 = DIRECTION('',(-0.,-1.));
#2916 = ( GEOMETRIC_REPRESENTATION_CONTEXT(2) 
PARAMETRIC_REPRESENTATION_CONTEXT() REPRESENTATION_CONTEXT('2D SPACE',''
  ) );
#2917 = ORIENTED_EDGE('',*,*,#2918,.F.);
#2918 = EDGE_CURVE('',#2896,#2896,#2919,.T.);
#2919 = SURFACE_CURVE('',#2920,(#2925,#2932),.PCURVE_S1.);
#2920 = CIRCLE('',#2921,13.7);
#2921 = AXIS2_PLACEMENT_3D('',#2922,#2923,#2924);
#2922 = CARTESIAN_POINT('',(0.,0.,-459.));
#2923 = DIRECTION('',(0.,0.,1.));
#2924 = DIRECTION('',(1.,0.,-0.));
#2925 = PCURVE('',#2878,#2926);
#2926 = DEFINITIONAL_REPRESENTATION('',(#2927),#2931);
#2927 = LINE('',#2928,#2929);
#2928 = CARTESIAN_POINT('',(-0.,-3.));
#2929 = VECTOR('',#2930,1.);
#2930 = DIRECTION('',(-1.,-0.));
#2931 = ( GEOMETRIC_REPRESENTATION_CONTEXT(2) 
PARAMETRIC_REPRESENTATION_CONTEXT() REPRESENTATION_CONTEXT('2D SPACE',''
  ) );
#2932 = PCURVE('',#2933,#2938);
#2933 = CONICAL_SURFACE('',#2934,13.7,9.966865249116E-02);
#2934 = AXIS2_PLACEMENT_3D('',#2935,#2936,#2937);
#2935 = CARTESIAN_POINT('',(0.,0.,-459.));
#2936 = DIRECTION('',(0.,0.,1.));
#2937 = DIRECTION('',(1.,0.,-0.));
#2938 = DEFINITIONAL_REPRESENTATION('',(#2939),#2943);
#2939 = LINE('',#2940,#2941);
#2940 = CARTESIAN_POINT('',(0.,0.));
#2941 = VECTOR('',#2942,1.);
#2942 = DIRECTION('',(1.,0.));
#2943 = ( GEOMETRIC_REPRESENTATION_CONTEXT(2) 
PARAMETRIC_REPRESENTATION_CONTEXT() REPRESENTATION_CONTEXT('2D SPACE',''
  ) );
#2944 = ORIENTED_EDGE('',*,*,#2895,.F.);
#2945 = ADVANCED_FACE('',(#2946),#2933,.T.);
#2946 = FACE_BOUND('',#2947,.T.);
#2947 = EDGE_LOOP('',(#2948,#2949,#2972,#2999));
#2948 = ORIENTED_EDGE('',*,*,#2918,.T.);
#2949 = ORIENTED_EDGE('',*,*,#2950,.T.);
#2950 = EDGE_CURVE('',#2896,#2951,#2953,.T.);
#2951 = VERTEX_POINT('',#2952);
#2952 = CARTESIAN_POINT('',(14.,0.,-456.));
#2953 = SEAM_CURVE('',#2954,(#2958,#2965),.PCURVE_S1.);
#2954 = LINE('',#2955,#2956);
#2955 = CARTESIAN_POINT('',(13.7,0.,-459.));
#2956 = VECTOR('',#2957,1.);
#2957 = DIRECTION('',(9.9503719021E-02,0.,0.99503719021));
#2958 = PCURVE('',#2933,#2959);
#2959 = DEFINITIONAL_REPRESENTATION('',(#2960),#2964);
#2960 = LINE('',#2961,#2962);
#2961 = CARTESIAN_POINT('',(0.,0.));
#2962 = VECTOR('',#2963,1.);
#2963 = DIRECTION('',(0.,1.));
#2964 = ( GEOMETRIC_REPRESENTATION_CONTEXT(2) 
PARAMETRIC_REPRESENTATION_CONTEXT() REPRESENTATION_CONTEXT('2D SPACE',''
  ) );
#2965 = PCURVE('',#2933,#2966);
#2966 = DEFINITIONAL_REPRESENTATION('',(#2967),#2971);
#2967 = LINE('',#2968,#2969);
#2968 = CARTESIAN_POINT('',(6.28318530718,0.));
#2969 = VECTOR('',#2970,1.);
#2970 = DIRECTION('',(0.,1.));
#2971 = ( GEOMETRIC_REPRESENTATION_CONTEXT(2) 
PARAMETRIC_REPRESENTATION_CONTEXT() REPRESENTATION_CONTEXT('2D SPACE',''
  ) );
#2972 = ORIENTED_EDGE('',*,*,#2973,.F.);
#2973 = EDGE_CURVE('',#2951,#2951,#2974,.T.);
#2974 = SURFACE_CURVE('',#2975,(#2980,#2987),.PCURVE_S1.);
#2975 = CIRCLE('',#2976,14.);
#2976 = AXIS2_PLACEMENT_3D('',#2977,#2978,#2979);
#2977 = CARTESIAN_POINT('',(0.,0.,-456.));
#2978 = DIRECTION('',(0.,0.,1.));
#2979 = DIRECTION('',(1.,0.,-0.));
#2980 = PCURVE('',#2933,#2981);
#2981 = DEFINITIONAL_REPRESENTATION('',(#2982),#2986);
#2982 = LINE('',#2983,#2984);
#2983 = CARTESIAN_POINT('',(0.,3.));
#2984 = VECTOR('',#2985,1.);
#2985 = DIRECTION('',(1.,0.));
#2986 = ( GEOMETRIC_REPRESENTATION_CONTEXT(2) 
PARAMETRIC_REPRESENTATION_CONTEXT() REPRESENTATION_CONTEXT('2D SPACE',''
  ) );
#2987 = PCURVE('',#2988,#2993);
#2988 = CONICAL_SURFACE('',#2989,14.,9.966865249116E-02);
#2989 = AXIS2_PLACEMENT_3D('',#2990,#2991,#2992);
#2990 = CARTESIAN_POINT('',(0.,0.,-456.));
#2991 = DIRECTION('',(-0.,-0.,-1.));
#2992 = DIRECTION('',(1.,0.,-0.));
#2993 = DEFINITIONAL_REPRESENTATION('',(#2994),#2998);
#2994 = LINE('',#2995,#2996);
#2995 = CARTESIAN_POINT('',(-0.,-0.));
#2996 = VECTOR('',#2997,1.);
#2997 = DIRECTION('',(-1.,-0.));
#2998 = ( GEOMETRIC_REPRESENTATION_CONTEXT(2) 
PARAMETRIC_REPRESENTATION_CONTEXT() REPRESENTATION_CONTEXT('2D SPACE',''
  ) );
#2999 = ORIENTED_EDGE('',*,*,#2950,.F.);
#3000 = ADVANCED_FACE('',(#3001),#2988,.T.);
#3001 = FACE_BOUND('',#3002,.T.);
#3002 = EDGE_LOOP('',(#3003,#3004,#3027,#3054));
#3003 = ORIENTED_EDGE('',*,*,#2973,.T.);
#3004 = ORIENTED_EDGE('',*,*,#3005,.T.);
#3005 = EDGE_CURVE('',#2951,#3006,#3008,.T.);
#3006 = VERTEX_POINT('',#3007);
#3007 = CARTESIAN_POINT('',(13.7,0.,-453.));
#3008 = SEAM_CURVE('',#3009,(#3013,#3020),.PCURVE_S1.);
#3009 = LINE('',#3010,#3011);
#3010 = CARTESIAN_POINT('',(14.,0.,-456.));
#3011 = VECTOR('',#3012,1.);
#3012 = DIRECTION('',(-9.9503719021E-02,0.,0.99503719021));
#3013 = PCURVE('',#2988,#3014);
#3014 = DEFINITIONAL_REPRESENTATION('',(#3015),#3019);
#3015 = LINE('',#3016,#3017);
#3016 = CARTESIAN_POINT('',(-0.,-0.));
#3017 = VECTOR('',#3018,1.);
#3018 = DIRECTION('',(-0.,-1.));
#3019 = ( GEOMETRIC_REPRESENTATION_CONTEXT(2) 
PARAMETRIC_REPRESENTATION_CONTEXT() REPRESENTATION_CONTEXT('2D SPACE',''
  ) );
#3020 = PCURVE('',#2988,#3021);
#3021 = DEFINITIONAL_REPRESENTATION('',(#3022),#3026);
#3022 = LINE('',#3023,#3024);
#3023 = CARTESIAN_POINT('',(-6.28318530718,-0.));
#3024 = VECTOR('',#3025,1.);
#3025 = DIRECTION('',(-0.,-1.));
#3026 = ( GEOMETRIC_REPRESENTATION_CONTEXT(2) 
PARAMETRIC_REPRESENTATION_CONTEXT() REPRESENTATION_CONTEXT('2D SPACE',''
  ) );
#3027 = ORIENTED_EDGE('',*,*,#3028,.F.);
#3028 = EDGE_CURVE('',#3006,#3006,#3029,.T.);
#3029 = SURFACE_CURVE('',#3030,(#3035,#3042),.PCURVE_S1.);
#3030 = CIRCLE('',#3031,13.7);
#3031 = AXIS2_PLACEMENT_3D('',#3032,#3033,#3034);
#3032 = CARTESIAN_POINT('',(0.,0.,-453.));
#3033 = DIRECTION('',(0.,0.,1.));
#3034 = DIRECTION('',(1.,0.,-0.));
#3035 = PCURVE('',#2988,#3036);
#3036 = DEFINITIONAL_REPRESENTATION('',(#3037),#3041);
#3037 = LINE('',#3038,#3039);
#3038 = CARTESIAN_POINT('',(-0.,-3.));
#3039 = VECTOR('',#3040,1.);
#3040 = DIRECTION('',(-1.,-0.));
#3041 = ( GEOMETRIC_REPRESENTATION_CONTEXT(2) 
PARAMETRIC_REPRESENTATION_CONTEXT() REPRESENTATION_CONTEXT('2D SPACE',''
  ) );
#3042 = PCURVE('',#3043,#3048);
#3043 = CONICAL_SURFACE('',#3044,13.7,9.966865249116E-02);
#3044 = AXIS2_PLACEMENT_3D('',#3045,#3046,#3047);
#3045 = CARTESIAN_POINT('',(0.,0.,-453.));
#3046 = DIRECTION('',(0.,0.,1.));
#3047 = DIRECTION('',(1.,0.,-0.));
#3048 = DEFINITIONAL_REPRESENTATION('',(#3049),#3053);
#3049 = LINE('',#3050,#3051);
#3050 = CARTESIAN_POINT('',(0.,0.));
#3051 = VECTOR('',#3052,1.);
#3052 = DIRECTION('',(1.,0.));
#3053 = ( GEOMETRIC_REPRESENTATION_CONTEXT(2) 
PARAMETRIC_REPRESENTATION_CONTEXT() REPRESENTATION_CONTEXT('2D SPACE',''
  ) );
#3054 = ORIENTED_EDGE('',*,*,#3005,.F.);
#3055 = ADVANCED_FACE('',(#3056),#3043,.T.);
#3056 = FACE_BOUND('',#3057,.T.);
#3057 = EDGE_LOOP('',(#3058,#3059,#3082,#3109));
#3058 = ORIENTED_EDGE('',*,*,#3028,.T.);
#3059 = ORIENTED_EDGE('',*,*,#3060,.T.);
#3060 = EDGE_CURVE('',#3006,#3061,#3063,.T.);
#3061 = VERTEX_POINT('',#3062);
#3062 = CARTESIAN_POINT('',(14.,0.,-450.));
#3063 = SEAM_CURVE('',#3064,(#3068,#3075),.PCURVE_S1.);
#3064 = LINE('',#3065,#3066);
#3065 = CARTESIAN_POINT('',(13.7,0.,-453.));
#3066 = VECTOR('',#3067,1.);
#3067 = DIRECTION('',(9.9503719021E-02,0.,0.99503719021));
#3068 = PCURVE('',#3043,#3069);
#3069 = DEFINITIONAL_REPRESENTATION('',(#3070),#3074);
#3070 = LINE('',#3071,#3072);
#3071 = CARTESIAN_POINT('',(0.,0.));
#3072 = VECTOR('',#3073,1.);
#3073 = DIRECTION('',(0.,1.));
#3074 = ( GEOMETRIC_REPRESENTATION_CONTEXT(2) 
PARAMETRIC_REPRESENTATION_CONTEXT() REPRESENTATION_CONTEXT('2D SPACE',''
  ) );
#3075 = PCURVE('',#3043,#3076);
#3076 = DEFINITIONAL_REPRESENTATION('',(#3077),#3081);
#3077 = LINE('',#3078,#3079);
#3078 = CARTESIAN_POINT('',(6.28318530718,0.));
#3079 = VECTOR('',#3080,1.);
#3080 = DIRECTION('',(0.,1.));
#3081 = ( GEOMETRIC_REPRESENTATION_CONTEXT(2) 
PARAMETRIC_REPRESENTATION_CONTEXT() REPRESENTATION_CONTEXT('2D SPACE',''
  ) );
#3082 = ORIENTED_EDGE('',*,*,#3083,.F.);
#3083 = EDGE_CURVE('',#3061,#3061,#3084,.T.);
#3084 = SURFACE_CURVE('',#3085,(#3090,#3097),.PCURVE_S1.);
#3085 = CIRCLE('',#3086,14.);
#3086 = AXIS2_PLACEMENT_3D('',#3087,#3088,#3089);
#3087 = CARTESIAN_POINT('',(0.,0.,-450.));
#3088 = DIRECTION('',(0.,0.,1.));
#3089 = DIRECTION('',(1.,0.,-0.));
#3090 = PCURVE('',#3043,#3091);
#3091 = DEFINITIONAL_REPRESENTATION('',(#3092),#3096);
#3092 = LINE('',#3093,#3094);
#3093 = CARTESIAN_POINT('',(0.,3.));
#3094 = VECTOR('',#3095,1.);
#3095 = DIRECTION('',(1.,0.));
#3096 = ( GEOMETRIC_REPRESENTATION_CONTEXT(2) 
PARAMETRIC_REPRESENTATION_CONTEXT() REPRESENTATION_CONTEXT('2D SPACE',''
  ) );
#3097 = PCURVE('',#3098,#3103);
#3098 = CONICAL_SURFACE('',#3099,14.,9.966865249116E-02);
#3099 = AXIS2_PLACEMENT_3D('',#3100,#3101,#3102);
#3100 = CARTESIAN_POINT('',(0.,0.,-450.));
#3101 = DIRECTION('',(-0.,-0.,-1.));
#3102 = DIRECTION('',(1.,0.,-0.));
#3103 = DEFINITIONAL_REPRESENTATION('',(#3104),#3108);
#3104 = LINE('',#3105,#3106);
#3105 = CARTESIAN_POINT('',(-0.,-0.));
#3106 = VECTOR('',#3107,1.);
#3107 = DIRECTION('',(-1.,-0.));
#3108 = ( GEOMETRIC_REPRESENTATION_CONTEXT(2) 
PARAMETRIC_REPRESENTATION_CONTEXT() REPRESENTATION_CONTEXT('2D SPACE',''
  ) );
#3109 = ORIENTED_EDGE('',*,*,#3060,.F.);
#3110 = ADVANCED_FACE('',(#3111),#3098,.T.);
#3111 = FACE_BOUND('',#3112,.T.);
#3112 = EDGE_LOOP('',(#3113,#3114,#3137,#3164));
#3113 = ORIENTED_EDGE('',*,*,#3083,.T.);
#3114 = ORIENTED_EDGE('',*,*,#3115,.T.);
#3115 = EDGE_CURVE('',#3061,#3116,#3118,.T.);
#3116 = VERTEX_POINT('',#3117);
#3117 = CARTESIAN_POINT('',(13.7,0.,-447.));
#3118 = SEAM_CURVE('',#3119,(#3123,#3130),.PCURVE_S1.);
#3119 = LINE('',#3120,#3121);
#3120 = CARTESIAN_POINT('',(14.,0.,-450.));
#3121 = VECTOR('',#3122,1.);
#3122 = DIRECTION('',(-9.9503719021E-02,0.,0.99503719021));
#3123 = PCURVE('',#3098,#3124);
#3124 = DEFINITIONAL_REPRESENTATION('',(#3125),#3129);
#3125 = LINE('',#3126,#3127);
#3126 = CARTESIAN_POINT('',(-0.,-0.));
#3127 = VECTOR('',#3128,1.);
#3128 = DIRECTION('',(-0.,-1.));
#3129 = ( GEOMETRIC_REPRESENTATION_CONTEXT(2) 
PARAMETRIC_REPRESENTATION_CONTEXT() REPRESENTATION_CONTEXT('2D SPACE',''
  ) );
#3130 = PCURVE('',#3098,#3131);
#3131 = DEFINITIONAL_REPRESENTATION('',(#3132),#3136);
#3132 = LINE('',#3133,#3134);
#3133 = CARTESIAN_POINT('',(-6.28318530718,-0.));
#3134 = VECTOR('',#3135,1.);
#3135 = DIRECTION('',(-0.,-1.));
#3136 = ( GEOMETRIC_REPRESENTATION_CONTEXT(2) 
PARAMETRIC_REPRESENTATION_CONTEXT() REPRESENTATION_CONTEXT('2D SPACE',''
  ) );
#3137 = ORIENTED_EDGE('',*,*,#3138,.F.);
#3138 = EDGE_CURVE('',#3116,#3116,#3139,.T.);
#3139 = SURFACE_CURVE('',#3140,(#3145,#3152),.PCURVE_S1.);
#3140 = CIRCLE('',#3141,13.7);
#3141 = AXIS2_PLACEMENT_3D('',#3142,#3143,#3144);
#3142 = CARTESIAN_POINT('',(0.,0.,-447.));
#3143 = DIRECTION('',(0.,0.,1.));
#3144 = DIRECTION('',(1.,0.,-0.));
#3145 = PCURVE('',#3098,#3146);
#3146 = DEFINITIONAL_REPRESENTATION('',(#3147),#3151);
#3147 = LINE('',#3148,#3149);
#3148 = CARTESIAN_POINT('',(-0.,-3.));
#3149 = VECTOR('',#3150,1.);
#3150 = DIRECTION('',(-1.,-0.));
#3151 = ( GEOMETRIC_REPRESENTATION_CONTEXT(2) 
PARAMETRIC_REPRESENTATION_CONTEXT() REPRESENTATION_CONTEXT('2D SPACE',''
  ) );
#3152 = PCURVE('',#3153,#3158);
#3153 = CONICAL_SURFACE('',#3154,13.7,9.966865249116E-02);
#3154 = AXIS2_PLACEMENT_3D('',#3155,#3156,#3157);
#3155 = CARTESIAN_POINT('',(0.,0.,-447.));
#3156 = DIRECTION('',(0.,0.,1.));
#3157 = DIRECTION('',(1.,0.,-0.));
#3158 = DEFINITIONAL_REPRESENTATION('',(#3159),#3163);
#3159 = LINE('',#3160,#3161);
#3160 = CARTESIAN_POINT('',(0.,0.));
#3161 = VECTOR('',#3162,1.);
#3162 = DIRECTION('',(1.,0.));
#3163 = ( GEOMETRIC_REPRESENTATION_CONTEXT(2) 
PARAMETRIC_REPRESENTATION_CONTEXT() REPRESENTATION_CONTEXT('2D SPACE',''
  ) );
#3164 = ORIENTED_EDGE('',*,*,#3115,.F.);
#3165 = ADVANCED_FACE('',(#3166),#3153,.T.);
#3166 = FACE_BOUND('',#3167,.T.);
#3167 = EDGE_LOOP('',(#3168,#3169,#3192,#3219));
#3168 = ORIENTED_EDGE('',*,*,#3138,.T.);
#3169 = ORIENTED_EDGE('',*,*,#3170,.T.);
#3170 = EDGE_CURVE('',#3116,#3171,#3173,.T.);
#3171 = VERTEX_POINT('',#3172);
#3172 = CARTESIAN_POINT('',(14.,0.,-444.));
#3173 = SEAM_CURVE('',#3174,(#3178,#3185),.PCURVE_S1.);
#3174 = LINE('',#3175,#3176);
#3175 = CARTESIAN_POINT('',(13.7,0.,-447.));
#3176 = VECTOR('',#3177,1.);
#3177 = DIRECTION('',(9.9503719021E-02,0.,0.99503719021));
#3178 = PCURVE('',#3153,#3179);
#3179 = DEFINITIONAL_REPRESENTATION('',(#3180),#3184);
#3180 = LINE('',#3181,#3182);
#3181 = CARTESIAN_POINT('',(0.,0.));
#3182 = VECTOR('',#3183,1.);
#3183 = DIRECTION('',(0.,1.));
#3184 = ( GEOMETRIC_REPRESENTATION_CONTEXT(2) 
PARAMETRIC_REPRESENTATION_CONTEXT() REPRESENTATION_CONTEXT('2D SPACE',''
  ) );
#3185 = PCURVE('',#3153,#3186);
#3186 = DEFINITIONAL_REPRESENTATION('',(#3187),#3191);
#3187 = LINE('',#3188,#3189);
#3188 = CARTESIAN_POINT('',(6.28318530718,0.));
#3189 = VECTOR('',#3190,1.);
#3190 = DIRECTION('',(0.,1.));
#3191 = ( GEOMETRIC_REPRESENTATION_CONTEXT(2) 
PARAMETRIC_REPRESENTATION_CONTEXT() REPRESENTATION_CONTEXT('2D SPACE',''
  ) );
#3192 = ORIENTED_EDGE('',*,*,#3193,.F.);
#3193 = EDGE_CURVE('',#3171,#3171,#3194,.T.);
#3194 = SURFACE_CURVE('',#3195,(#3200,#3207),.PCURVE_S1.);
#3195 = CIRCLE('',#3196,14.);
#3196 = AXIS2_PLACEMENT_3D('',#3197,#3198,#3199);
#3197 = CARTESIAN_POINT('',(0.,0.,-444.));
#3198 = DIRECTION('',(0.,0.,1.));
#3199 = DIRECTION('',(1.,0.,-0.));
#3200 = PCURVE('',#3153,#3201);
#3201 = DEFINITIONAL_REPRESENTATION('',(#3202),#3206);
#3202 = LINE('',#3203,#3204);
#3203 = CARTESIAN_POINT('',(0.,3.));
#3204 = VECTOR('',#3205,1.);
#3205 = DIRECTION('',(1.,0.));
#3206 = ( GEOMETRIC_REPRESENTATION_CONTEXT(2) 
PARAMETRIC_REPRESENTATION_CONTEXT() REPRESENTATION_CONTEXT('2D SPACE',''
  ) );
#3207 = PCURVE('',#3208,#3213);
#3208 = CONICAL_SURFACE('',#3209,14.,9.966865249116E-02);
#3209 = AXIS2_PLACEMENT_3D('',#3210,#3211,#3212);
#3210 = CARTESIAN_POINT('',(0.,0.,-444.));
#3211 = DIRECTION('',(-0.,-0.,-1.));
#3212 = DIRECTION('',(1.,0.,-0.));
#3213 = DEFINITIONAL_REPRESENTATION('',(#3214),#3218);
#3214 = LINE('',#3215,#3216);
#3215 = CARTESIAN_POINT('',(-0.,-0.));
#3216 = VECTOR('',#3217,1.);
#3217 = DIRECTION('',(-1.,-0.));
#3218 = ( GEOMETRIC_REPRESENTATION_CONTEXT(2) 
PARAMETRIC_REPRESENTATION_CONTEXT() REPRESENTATION_CONTEXT('2D SPACE',''
  ) );
#3219 = ORIENTED_EDGE('',*,*,#3170,.F.);
#3220 = ADVANCED_FACE('',(#3221),#3208,.T.);
#3221 = FACE_BOUND('',#3222,.T.);
#3222 = EDGE_LOOP('',(#3223,#3224,#3247,#3274));
#3223 = ORIENTED_EDGE('',*,*,#3193,.T.);
#3224 = ORIENTED_EDGE('',*,*,#3225,.T.);
#3225 = EDGE_CURVE('',#3171,#3226,#3228,.T.);
#3226 = VERTEX_POINT('',#3227);
#3227 = CARTESIAN_POINT('',(13.7,0.,-441.));
#3228 = SEAM_CURVE('',#3229,(#3233,#3240),.PCURVE_S1.);
#3229 = LINE('',#3230,#3231);
#3230 = CARTESIAN_POINT('',(14.,0.,-444.));
#3231 = VECTOR('',#3232,1.);
#3232 = DIRECTION('',(-9.9503719021E-02,0.,0.99503719021));
#3233 = PCURVE('',#3208,#3234);
#3234 = DEFINITIONAL_REPRESENTATION('',(#3235),#3239);
#3235 = LINE('',#3236,#3237);
#3236 = CARTESIAN_POINT('',(-0.,-0.));
#3237 = VECTOR('',#3238,1.);
#3238 = DIRECTION('',(-0.,-1.));
#3239 = ( GEOMETRIC_REPRESENTATION_CONTEXT(2) 
PARAMETRIC_REPRESENTATION_CONTEXT() REPRESENTATION_CONTEXT('2D SPACE',''
  ) );
#3240 = PCURVE('',#3208,#3241);
#3241 = DEFINITIONAL_REPRESENTATION('',(#3242),#3246);
#3242 = LINE('',#3243,#3244);
#3243 = CARTESIAN_POINT('',(-6.28318530718,-0.));
#3244 = VECTOR('',#3245,1.);
#3245 = DIRECTION('',(-0.,-1.));
#3246 = ( GEOMETRIC_REPRESENTATION_CONTEXT(2) 
PARAMETRIC_REPRESENTATION_CONTEXT() REPRESENTATION_CONTEXT('2D SPACE',''
  ) );
#3247 = ORIENTED_EDGE('',*,*,#3248,.F.);
#3248 = EDGE_CURVE('',#3226,#3226,#3249,.T.);
#3249 = SURFACE_CURVE('',#3250,(#3255,#3262),.PCURVE_S1.);
#3250 = CIRCLE('',#3251,13.7);
#3251 = AXIS2_PLACEMENT_3D('',#3252,#3253,#3254);
#3252 = CARTESIAN_POINT('',(0.,0.,-441.));
#3253 = DIRECTION('',(0.,0.,1.));
#3254 = DIRECTION('',(1.,0.,-0.));
#3255 = PCURVE('',#3208,#3256);
#3256 = DEFINITIONAL_REPRESENTATION('',(#3257),#3261);
#3257 = LINE('',#3258,#3259);
#3258 = CARTESIAN_POINT('',(-0.,-3.));
#3259 = VECTOR('',#3260,1.);
#3260 = DIRECTION('',(-1.,-0.));
#3261 = ( GEOMETRIC_REPRESENTATION_CONTEXT(2) 
PARAMETRIC_REPRESENTATION_CONTEXT() REPRESENTATION_CONTEXT('2D SPACE',''
  ) );
#3262 = PCURVE('',#3263,#3268);
#3263 = CONICAL_SURFACE('',#3264,13.7,9.966865249116E-02);
#3264 = AXIS2_PLACEMENT_3D('',#3265,#3266,#3267);
#3265 = CARTESIAN_POINT('',(0.,0.,-441.));
#3266 = DIRECTION('',(0.,0.,1.));
#3267 = DIRECTION('',(1.,0.,-0.));
#3268 = DEFINITIONAL_REPRESENTATION('',(#3269),#3273);
#3269 = LINE('',#3270,#3271);
#3270 = CARTESIAN_POINT('',(0.,0.));
#3271 = VECTOR('',#3272,1.);
#3272 = DIRECTION('',(1.,0.));
#3273 = ( GEOMETRIC_REPRESENTATION_CONTEXT(2) 
PARAMETRIC_REPRESENTATION_CONTEXT() REPRESENTATION_CONTEXT('2D SPACE',''
  ) );
#3274 = ORIENTED_EDGE('',*,*,#3225,.F.);
#3275 = ADVANCED_FACE('',(#3276),#3263,.T.);
#3276 = FACE_BOUND('',#3277,.T.);
#3277 = EDGE_LOOP('',(#3278,#3279,#3302,#3329));
#3278 = ORIENTED_EDGE('',*,*,#3248,.T.);
#3279 = ORIENTED_EDGE('',*,*,#3280,.T.);
#3280 = EDGE_CURVE('',#3226,#3281,#3283,.T.);
#3281 = VERTEX_POINT('',#3282);
#3282 = CARTESIAN_POINT('',(14.,0.,-438.));
#3283 = SEAM_CURVE('',#3284,(#3288,#3295),.PCURVE_S1.);
#3284 = LINE('',#3285,#3286);
#3285 = CARTESIAN_POINT('',(13.7,0.,-441.));
#3286 = VECTOR('',#3287,1.);
#3287 = DIRECTION('',(9.9503719021E-02,0.,0.99503719021));
#3288 = PCURVE('',#3263,#3289);
#3289 = DEFINITIONAL_REPRESENTATION('',(#3290),#3294);
#3290 = LINE('',#3291,#3292);
#3291 = CARTESIAN_POINT('',(0.,0.));
#3292 = VECTOR('',#3293,1.);
#3293 = DIRECTION('',(0.,1.));
#3294 = ( GEOMETRIC_REPRESENTATION_CONTEXT(2) 
PARAMETRIC_REPRESENTATION_CONTEXT() REPRESENTATION_CONTEXT('2D SPACE',''
  ) );
#3295 = PCURVE('',#3263,#3296);
#3296 = DEFINITIONAL_REPRESENTATION('',(#3297),#3301);
#3297 = LINE('',#3298,#3299);
#3298 = CARTESIAN_POINT('',(6.28318530718,0.));
#3299 = VECTOR('',#3300,1.);
#3300 = DIRECTION('',(0.,1.));
#3301 = ( GEOMETRIC_REPRESENTATION_CONTEXT(2) 
PARAMETRIC_REPRESENTATION_CONTEXT() REPRESENTATION_CONTEXT('2D SPACE',''
  ) );
#3302 = ORIENTED_EDGE('',*,*,#3303,.F.);
#3303 = EDGE_CURVE('',#3281,#3281,#3304,.T.);
#3304 = SURFACE_CURVE('',#3305,(#3310,#3317),.PCURVE_S1.);
#3305 = CIRCLE('',#3306,14.);
#3306 = AXIS2_PLACEMENT_3D('',#3307,#3308,#3309);
#3307 = CARTESIAN_POINT('',(0.,0.,-438.));
#3308 = DIRECTION('',(0.,0.,1.));
#3309 = DIRECTION('',(1.,0.,-0.));
#3310 = PCURVE('',#3263,#3311);
#3311 = DEFINITIONAL_REPRESENTATION('',(#3312),#3316);
#3312 = LINE('',#3313,#3314);
#3313 = CARTESIAN_POINT('',(0.,3.));
#3314 = VECTOR('',#3315,1.);
#3315 = DIRECTION('',(1.,0.));
#3316 = ( GEOMETRIC_REPRESENTATION_CONTEXT(2) 
PARAMETRIC_REPRESENTATION_CONTEXT() REPRESENTATION_CONTEXT('2D SPACE',''
  ) );
#3317 = PCURVE('',#3318,#3323);
#3318 = CONICAL_SURFACE('',#3319,14.,9.966865249116E-02);
#3319 = AXIS2_PLACEMENT_3D('',#3320,#3321,#3322);
#3320 = CARTESIAN_POINT('',(0.,0.,-438.));
#3321 = DIRECTION('',(-0.,-0.,-1.));
#3322 = DIRECTION('',(1.,0.,-0.));
#3323 = DEFINITIONAL_REPRESENTATION('',(#3324),#3328);
#3324 = LINE('',#3325,#3326);
#3325 = CARTESIAN_POINT('',(-0.,-0.));
#3326 = VECTOR('',#3327,1.);
#3327 = DIRECTION('',(-1.,-0.));
#3328 = ( GEOMETRIC_REPRESENTATION_CONTEXT(2) 
PARAMETRIC_REPRESENTATION_CONTEXT() REPRESENTATION_CONTEXT('2D SPACE',''
  ) );
#3329 = ORIENTED_EDGE('',*,*,#3280,.F.);
#3330 = ADVANCED_FACE('',(#3331),#3318,.T.);
#3331 = FACE_BOUND('',#3332,.T.);
#3332 = EDGE_LOOP('',(#3333,#3334,#3357,#3384));
#3333 = ORIENTED_EDGE('',*,*,#3303,.T.);
#3334 = ORIENTED_EDGE('',*,*,#3335,.T.);
#3335 = EDGE_CURVE('',#3281,#3336,#3338,.T.);
#3336 = VERTEX_POINT('',#3337);
#3337 = CARTESIAN_POINT('',(13.7,0.,-435.));
#3338 = SEAM_CURVE('',#3339,(#3343,#3350),.PCURVE_S1.);
#3339 = LINE('',#3340,#3341);
#3340 = CARTESIAN_POINT('',(14.,0.,-438.));
#3341 = VECTOR('',#3342,1.);
#3342 = DIRECTION('',(-9.9503719021E-02,0.,0.99503719021));
#3343 = PCURVE('',#3318,#3344);
#3344 = DEFINITIONAL_REPRESENTATION('',(#3345),#3349);
#3345 = LINE('',#3346,#3347);
#3346 = CARTESIAN_POINT('',(-0.,-0.));
#3347 = VECTOR('',#3348,1.);
#3348 = DIRECTION('',(-0.,-1.));
#3349 = ( GEOMETRIC_REPRESENTATION_CONTEXT(2) 
PARAMETRIC_REPRESENTATION_CONTEXT() REPRESENTATION_CONTEXT('2D SPACE',''
  ) );
#3350 = PCURVE('',#3318,#3351);
#3351 = DEFINITIONAL_REPRESENTATION('',(#3352),#3356);
#3352 = LINE('',#3353,#3354);
#3353 = CARTESIAN_POINT('',(-6.28318530718,-0.));
#3354 = VECTOR('',#3355,1.);
#3355 = DIRECTION('',(-0.,-1.));
#3356 = ( GEOMETRIC_REPRESENTATION_CONTEXT(2) 
PARAMETRIC_REPRESENTATION_CONTEXT() REPRESENTATION_CONTEXT('2D SPACE',''
  ) );
#3357 = ORIENTED_EDGE('',*,*,#3358,.F.);
#3358 = EDGE_CURVE('',#3336,#3336,#3359,.T.);
#3359 = SURFACE_CURVE('',#3360,(#3365,#3372),.PCURVE_S1.);
#3360 = CIRCLE('',#3361,13.7);
#3361 = AXIS2_PLACEMENT_3D('',#3362,#3363,#3364);
#3362 = CARTESIAN_POINT('',(0.,0.,-435.));
#3363 = DIRECTION('',(0.,0.,1.));
#3364 = DIRECTION('',(1.,0.,-0.));
#3365 = PCURVE('',#3318,#3366);
#3366 = DEFINITIONAL_REPRESENTATION('',(#3367),#3371);
#3367 = LINE('',#3368,#3369);
#3368 = CARTESIAN_POINT('',(-0.,-3.));
#3369 = VECTOR('',#3370,1.);
#3370 = DIRECTION('',(-1.,-0.));
#3371 = ( GEOMETRIC_REPRESENTATION_CONTEXT(2) 
PARAMETRIC_REPRESENTATION_CONTEXT() REPRESENTATION_CONTEXT('2D SPACE',''
  ) );
#3372 = PCURVE('',#3373,#3378);
#3373 = CONICAL_SURFACE('',#3374,13.7,9.966865249116E-02);
#3374 = AXIS2_PLACEMENT_3D('',#3375,#3376,#3377);
#3375 = CARTESIAN_POINT('',(0.,0.,-435.));
#3376 = DIRECTION('',(0.,0.,1.));
#3377 = DIRECTION('',(1.,0.,-0.));
#3378 = DEFINITIONAL_REPRESENTATION('',(#3379),#3383);
#3379 = LINE('',#3380,#3381);
#3380 = CARTESIAN_POINT('',(0.,0.));
#3381 = VECTOR('',#3382,1.);
#3382 = DIRECTION('',(1.,0.));
#3383 = ( GEOMETRIC_REPRESENTATION_CONTEXT(2) 
PARAMETRIC_REPRESENTATION_CONTEXT() REPRESENTATION_CONTEXT('2D SPACE',''
  ) );
#3384 = ORIENTED_EDGE('',*,*,#3335,.F.);
#3385 = ADVANCED_FACE('',(#3386),#3373,.T.);
#3386 = FACE_BOUND('',#3387,.T.);
#3387 = EDGE_LOOP('',(#3388,#3389,#3412,#3439));
#3388 = ORIENTED_EDGE('',*,*,#3358,.T.);
#3389 = ORIENTED_EDGE('',*,*,#3390,.T.);
#3390 = EDGE_CURVE('',#3336,#3391,#3393,.T.);
#3391 = VERTEX_POINT('',#3392);
#3392 = CARTESIAN_POINT('',(14.,0.,-432.));
#3393 = SEAM_CURVE('',#3394,(#3398,#3405),.PCURVE_S1.);
#3394 = LINE('',#3395,#3396);
#3395 = CARTESIAN_POINT('',(13.7,0.,-435.));
#3396 = VECTOR('',#3397,1.);
#3397 = DIRECTION('',(9.9503719021E-02,0.,0.99503719021));
#3398 = PCURVE('',#3373,#3399);
#3399 = DEFINITIONAL_REPRESENTATION('',(#3400),#3404);
#3400 = LINE('',#3401,#3402);
#3401 = CARTESIAN_POINT('',(0.,0.));
#3402 = VECTOR('',#3403,1.);
#3403 = DIRECTION('',(0.,1.));
#3404 = ( GEOMETRIC_REPRESENTATION_CONTEXT(2) 
PARAMETRIC_REPRESENTATION_CONTEXT() REPRESENTATION_CONTEXT('2D SPACE',''
  ) );
#3405 = PCURVE('',#3373,#3406);
#3406 = DEFINITIONAL_REPRESENTATION('',(#3407),#3411);
#3407 = LINE('',#3408,#3409);
#3408 = CARTESIAN_POINT('',(6.28318530718,0.));
#3409 = VECTOR('',#3410,1.);
#3410 = DIRECTION('',(0.,1.));
#3411 = ( GEOMETRIC_REPRESENTATION_CONTEXT(2) 
PARAMETRIC_REPRESENTATION_CONTEXT() REPRESENTATION_CONTEXT('2D SPACE',''
  ) );
#3412 = ORIENTED_EDGE('',*,*,#3413,.F.);
#3413 = EDGE_CURVE('',#3391,#3391,#3414,.T.);
#3414 = SURFACE_CURVE('',#3415,(#3420,#3427),.PCURVE_S1.);
#3415 = CIRCLE('',#3416,14.);
#3416 = AXIS2_PLACEMENT_3D('',#3417,#3418,#3419);
#3417 = CARTESIAN_POINT('',(0.,0.,-432.));
#3418 = DIRECTION('',(0.,0.,1.));
#3419 = DIRECTION('',(1.,0.,-0.));
#3420 = PCURVE('',#3373,#3421);
#3421 = DEFINITIONAL_REPRESENTATION('',(#3422),#3426);
#3422 = LINE('',#3423,#3424);
#3423 = CARTESIAN_POINT('',(0.,3.));
#3424 = VECTOR('',#3425,1.);
#3425 = DIRECTION('',(1.,0.));
#3426 = ( GEOMETRIC_REPRESENTATION_CONTEXT(2) 
PARAMETRIC_REPRESENTATION_CONTEXT() REPRESENTATION_CONTEXT('2D SPACE',''
  ) );
#3427 = PCURVE('',#3428,#3433);
#3428 = CONICAL_SURFACE('',#3429,14.,9.966865249116E-02);
#3429 = AXIS2_PLACEMENT_3D('',#3430,#3431,#3432);
#3430 = CARTESIAN_POINT('',(0.,0.,-432.));
#3431 = DIRECTION('',(-0.,-0.,-1.));
#3432 = DIRECTION('',(1.,0.,-0.));
#3433 = DEFINITIONAL_REPRESENTATION('',(#3434),#3438);
#3434 = LINE('',#3435,#3436);
#3435 = CARTESIAN_POINT('',(-0.,-0.));
#3436 = VECTOR('',#3437,1.);
#3437 = DIRECTION('',(-1.,-0.));
#3438 = ( GEOMETRIC_REPRESENTATION_CONTEXT(2) 
PARAMETRIC_REPRESENTATION_CONTEXT() REPRESENTATION_CONTEXT('2D SPACE',''
  ) );
#3439 = ORIENTED_EDGE('',*,*,#3390,.F.);
#3440 = ADVANCED_FACE('',(#3441),#3428,.T.);
#3441 = FACE_BOUND('',#3442,.T.);
#3442 = EDGE_LOOP('',(#3443,#3444,#3467,#3494));
#3443 = ORIENTED_EDGE('',*,*,#3413,.T.);
#3444 = ORIENTED_EDGE('',*,*,#3445,.T.);
#3445 = EDGE_CURVE('',#3391,#3446,#3448,.T.);
#3446 = VERTEX_POINT('',#3447);
#3447 = CARTESIAN_POINT('',(13.7,0.,-429.));
#3448 = SEAM_CURVE('',#3449,(#3453,#3460),.PCURVE_S1.);
#3449 = LINE('',#3450,#3451);
#3450 = CARTESIAN_POINT('',(14.,0.,-432.));
#3451 = VECTOR('',#3452,1.);
#3452 = DIRECTION('',(-9.9503719021E-02,0.,0.99503719021));
#3453 = PCURVE('',#3428,#3454);
#3454 = DEFINITIONAL_REPRESENTATION('',(#3455),#3459);
#3455 = LINE('',#3456,#3457);
#3456 = CARTESIAN_POINT('',(-0.,-0.));
#3457 = VECTOR('',#3458,1.);
#3458 = DIRECTION('',(-0.,-1.));
#3459 = ( GEOMETRIC_REPRESENTATION_CONTEXT(2) 
PARAMETRIC_REPRESENTATION_CONTEXT() REPRESENTATION_CONTEXT('2D SPACE',''
  ) );
#3460 = PCURVE('',#3428,#3461);
#3461 = DEFINITIONAL_REPRESENTATION('',(#3462),#3466);
#3462 = LINE('',#3463,#3464);
#3463 = CARTESIAN_POINT('',(-6.28318530718,-0.));
#3464 = VECTOR('',#3465,1.);
#3465 = DIRECTION('',(-0.,-1.));
#3466 = ( GEOMETRIC_REPRESENTATION_CONTEXT(2) 
PARAMETRIC_REPRESENTATION_CONTEXT() REPRESENTATION_CONTEXT('2D SPACE',''
  ) );
#3467 = ORIENTED_EDGE('',*,*,#3468,.F.);
#3468 = EDGE_CURVE('',#3446,#3446,#3469,.T.);
#3469 = SURFACE_CURVE('',#3470,(#3475,#3482),.PCURVE_S1.);
#3470 = CIRCLE('',#3471,13.7);
#3471 = AXIS2_PLACEMENT_3D('',#3472,#3473,#3474);
#3472 = CARTESIAN_POINT('',(0.,0.,-429.));
#3473 = DIRECTION('',(0.,0.,1.));
#3474 = DIRECTION('',(1.,0.,-0.));
#3475 = PCURVE('',#3428,#3476);
#3476 = DEFINITIONAL_REPRESENTATION('',(#3477),#3481);
#3477 = LINE('',#3478,#3479);
#3478 = CARTESIAN_POINT('',(-0.,-3.));
#3479 = VECTOR('',#3480,1.);
#3480 = DIRECTION('',(-1.,-0.));
#3481 = ( GEOMETRIC_REPRESENTATION_CONTEXT(2) 
PARAMETRIC_REPRESENTATION_CONTEXT() REPRESENTATION_CONTEXT('2D SPACE',''
  ) );
#3482 = PCURVE('',#3483,#3488);
#3483 = CONICAL_SURFACE('',#3484,13.7,9.966865249116E-02);
#3484 = AXIS2_PLACEMENT_3D('',#3485,#3486,#3487);
#3485 = CARTESIAN_POINT('',(0.,0.,-429.));
#3486 = DIRECTION('',(0.,0.,1.));
#3487 = DIRECTION('',(1.,0.,-0.));
#3488 = DEFINITIONAL_REPRESENTATION('',(#3489),#3493);
#3489 = LINE('',#3490,#3491);
#3490 = CARTESIAN_POINT('',(0.,0.));
#3491 = VECTOR('',#3492,1.);
#3492 = DIRECTION('',(1.,0.));
#3493 = ( GEOMETRIC_REPRESENTATION_CONTEXT(2) 
PARAMETRIC_REPRESENTATION_CONTEXT() REPRESENTATION_CONTEXT('2D SPACE',''
  ) );
#3494 = ORIENTED_EDGE('',*,*,#3445,.F.);
#3495 = ADVANCED_FACE('',(#3496),#3483,.T.);
#3496 = FACE_BOUND('',#3497,.T.);
#3497 = EDGE_LOOP('',(#3498,#3499,#3522,#3549));
#3498 = ORIENTED_EDGE('',*,*,#3468,.T.);
#3499 = ORIENTED_EDGE('',*,*,#3500,.T.);
#3500 = EDGE_CURVE('',#3446,#3501,#3503,.T.);
#3501 = VERTEX_POINT('',#3502);
#3502 = CARTESIAN_POINT('',(14.,0.,-426.));
#3503 = SEAM_CURVE('',#3504,(#3508,#3515),.PCURVE_S1.);
#3504 = LINE('',#3505,#3506);
#3505 = CARTESIAN_POINT('',(13.7,0.,-429.));
#3506 = VECTOR('',#3507,1.);
#3507 = DIRECTION('',(9.9503719021E-02,0.,0.99503719021));
#3508 = PCURVE('',#3483,#3509);
#3509 = DEFINITIONAL_REPRESENTATION('',(#3510),#3514);
#3510 = LINE('',#3511,#3512);
#3511 = CARTESIAN_POINT('',(0.,0.));
#3512 = VECTOR('',#3513,1.);
#3513 = DIRECTION('',(0.,1.));
#3514 = ( GEOMETRIC_REPRESENTATION_CONTEXT(2) 
PARAMETRIC_REPRESENTATION_CONTEXT() REPRESENTATION_CONTEXT('2D SPACE',''
  ) );
#3515 = PCURVE('',#3483,#3516);
#3516 = DEFINITIONAL_REPRESENTATION('',(#3517),#3521);
#3517 = LINE('',#3518,#3519);
#3518 = CARTESIAN_POINT('',(6.28318530718,0.));
#3519 = VECTOR('',#3520,1.);
#3520 = DIRECTION('',(0.,1.));
#3521 = ( GEOMETRIC_REPRESENTATION_CONTEXT(2) 
PARAMETRIC_REPRESENTATION_CONTEXT() REPRESENTATION_CONTEXT('2D SPACE',''
  ) );
#3522 = ORIENTED_EDGE('',*,*,#3523,.F.);
#3523 = EDGE_CURVE('',#3501,#3501,#3524,.T.);
#3524 = SURFACE_CURVE('',#3525,(#3530,#3537),.PCURVE_S1.);
#3525 = CIRCLE('',#3526,14.);
#3526 = AXIS2_PLACEMENT_3D('',#3527,#3528,#3529);
#3527 = CARTESIAN_POINT('',(0.,0.,-426.));
#3528 = DIRECTION('',(0.,0.,1.));
#3529 = DIRECTION('',(1.,0.,-0.));
#3530 = PCURVE('',#3483,#3531);
#3531 = DEFINITIONAL_REPRESENTATION('',(#3532),#3536);
#3532 = LINE('',#3533,#3534);
#3533 = CARTESIAN_POINT('',(0.,3.));
#3534 = VECTOR('',#3535,1.);
#3535 = DIRECTION('',(1.,0.));
#3536 = ( GEOMETRIC_REPRESENTATION_CONTEXT(2) 
PARAMETRIC_REPRESENTATION_CONTEXT() REPRESENTATION_CONTEXT('2D SPACE',''
  ) );
#3537 = PCURVE('',#3538,#3543);
#3538 = CONICAL_SURFACE('',#3539,14.,9.966865249116E-02);
#3539 = AXIS2_PLACEMENT_3D('',#3540,#3541,#3542);
#3540 = CARTESIAN_POINT('',(0.,0.,-426.));
#3541 = DIRECTION('',(-0.,-0.,-1.));
#3542 = DIRECTION('',(1.,0.,-0.));
#3543 = DEFINITIONAL_REPRESENTATION('',(#3544),#3548);
#3544 = LINE('',#3545,#3546);
#3545 = CARTESIAN_POINT('',(-0.,-0.));
#3546 = VECTOR('',#3547,1.);
#3547 = DIRECTION('',(-1.,-0.));
#3548 = ( GEOMETRIC_REPRESENTATION_CONTEXT(2) 
PARAMETRIC_REPRESENTATION_CONTEXT() REPRESENTATION_CONTEXT('2D SPACE',''
  ) );
#3549 = ORIENTED_EDGE('',*,*,#3500,.F.);
#3550 = ADVANCED_FACE('',(#3551),#3538,.T.);
#3551 = FACE_BOUND('',#3552,.T.);
#3552 = EDGE_LOOP('',(#3553,#3554,#3577,#3604));
#3553 = ORIENTED_EDGE('',*,*,#3523,.T.);
#3554 = ORIENTED_EDGE('',*,*,#3555,.T.);
#3555 = EDGE_CURVE('',#3501,#3556,#3558,.T.);
#3556 = VERTEX_POINT('',#3557);
#3557 = CARTESIAN_POINT('',(13.7,0.,-423.));
#3558 = SEAM_CURVE('',#3559,(#3563,#3570),.PCURVE_S1.);
#3559 = LINE('',#3560,#3561);
#3560 = CARTESIAN_POINT('',(14.,0.,-426.));
#3561 = VECTOR('',#3562,1.);
#3562 = DIRECTION('',(-9.9503719021E-02,0.,0.99503719021));
#3563 = PCURVE('',#3538,#3564);
#3564 = DEFINITIONAL_REPRESENTATION('',(#3565),#3569);
#3565 = LINE('',#3566,#3567);
#3566 = CARTESIAN_POINT('',(-0.,-0.));
#3567 = VECTOR('',#3568,1.);
#3568 = DIRECTION('',(-0.,-1.));
#3569 = ( GEOMETRIC_REPRESENTATION_CONTEXT(2) 
PARAMETRIC_REPRESENTATION_CONTEXT() REPRESENTATION_CONTEXT('2D SPACE',''
  ) );
#3570 = PCURVE('',#3538,#3571);
#3571 = DEFINITIONAL_REPRESENTATION('',(#3572),#3576);
#3572 = LINE('',#3573,#3574);
#3573 = CARTESIAN_POINT('',(-6.28318530718,-0.));
#3574 = VECTOR('',#3575,1.);
#3575 = DIRECTION('',(-0.,-1.));
#3576 = ( GEOMETRIC_REPRESENTATION_CONTEXT(2) 
PARAMETRIC_REPRESENTATION_CONTEXT() REPRESENTATION_CONTEXT('2D SPACE',''
  ) );
#3577 = ORIENTED_EDGE('',*,*,#3578,.F.);
#3578 = EDGE_CURVE('',#3556,#3556,#3579,.T.);
#3579 = SURFACE_CURVE('',#3580,(#3585,#3592),.PCURVE_S1.);
#3580 = CIRCLE('',#3581,13.7);
#3581 = AXIS2_PLACEMENT_3D('',#3582,#3583,#3584);
#3582 = CARTESIAN_POINT('',(0.,0.,-423.));
#3583 = DIRECTION('',(0.,0.,1.));
#3584 = DIRECTION('',(1.,0.,-0.));
#3585 = PCURVE('',#3538,#3586);
#3586 = DEFINITIONAL_REPRESENTATION('',(#3587),#3591);
#3587 = LINE('',#3588,#3589);
#3588 = CARTESIAN_POINT('',(-0.,-3.));
#3589 = VECTOR('',#3590,1.);
#3590 = DIRECTION('',(-1.,-0.));
#3591 = ( GEOMETRIC_REPRESENTATION_CONTEXT(2) 
PARAMETRIC_REPRESENTATION_CONTEXT() REPRESENTATION_CONTEXT('2D SPACE',''
  ) );
#3592 = PCURVE('',#3593,#3598);
#3593 = CONICAL_SURFACE('',#3594,13.7,9.966865249116E-02);
#3594 = AXIS2_PLACEMENT_3D('',#3595,#3596,#3597);
#3595 = CARTESIAN_POINT('',(0.,0.,-423.));
#3596 = DIRECTION('',(0.,0.,1.));
#3597 = DIRECTION('',(1.,0.,-0.));
#3598 = DEFINITIONAL_REPRESENTATION('',(#3599),#3603);
#3599 = LINE('',#3600,#3601);
#3600 = CARTESIAN_POINT('',(0.,0.));
#3601 = VECTOR('',#3602,1.);
#3602 = DIRECTION('',(1.,0.));
#3603 = ( GEOMETRIC_REPRESENTATION_CONTEXT(2) 
PARAMETRIC_REPRESENTATION_CONTEXT() REPRESENTATION_CONTEXT('2D SPACE',''
  ) );
#3604 = ORIENTED_EDGE('',*,*,#3555,.F.);
#3605 = ADVANCED_FACE('',(#3606),#3593,.T.);
#3606 = FACE_BOUND('',#3607,.T.);
#3607 = EDGE_LOOP('',(#3608,#3609,#3632,#3659));
#3608 = ORIENTED_EDGE('',*,*,#3578,.T.);
#3609 = ORIENTED_EDGE('',*,*,#3610,.T.);
#3610 = EDGE_CURVE('',#3556,#3611,#3613,.T.);
#3611 = VERTEX_POINT('',#3612);
#3612 = CARTESIAN_POINT('',(14.,0.,-420.));
#3613 = SEAM_CURVE('',#3614,(#3618,#3625),.PCURVE_S1.);
#3614 = LINE('',#3615,#3616);
#3615 = CARTESIAN_POINT('',(13.7,0.,-423.));
#3616 = VECTOR('',#3617,1.);
#3617 = DIRECTION('',(9.9503719021E-02,0.,0.99503719021));
#3618 = PCURVE('',#3593,#3619);
#3619 = DEFINITIONAL_REPRESENTATION('',(#3620),#3624);
#3620 = LINE('',#3621,#3622);
#3621 = CARTESIAN_POINT('',(0.,0.));
#3622 = VECTOR('',#3623,1.);
#3623 = DIRECTION('',(0.,1.));
#3624 = ( GEOMETRIC_REPRESENTATION_CONTEXT(2) 
PARAMETRIC_REPRESENTATION_CONTEXT() REPRESENTATION_CONTEXT('2D SPACE',''
  ) );
#3625 = PCURVE('',#3593,#3626);
#3626 = DEFINITIONAL_REPRESENTATION('',(#3627),#3631);
#3627 = LINE('',#3628,#3629);
#3628 = CARTESIAN_POINT('',(6.28318530718,0.));
#3629 = VECTOR('',#3630,1.);
#3630 = DIRECTION('',(0.,1.));
#3631 = ( GEOMETRIC_REPRESENTATION_CONTEXT(2) 
PARAMETRIC_REPRESENTATION_CONTEXT() REPRESENTATION_CONTEXT('2D SPACE',''
  ) );
#3632 = ORIENTED_EDGE('',*,*,#3633,.F.);
#3633 = EDGE_CURVE('',#3611,#3611,#3634,.T.);
#3634 = SURFACE_CURVE('',#3635,(#3640,#3647),.PCURVE_S1.);
#3635 = CIRCLE('',#3636,14.);
#3636 = AXIS2_PLACEMENT_3D('',#3637,#3638,#3639);
#3637 = CARTESIAN_POINT('',(0.,0.,-420.));
#3638 = DIRECTION('',(0.,0.,1.));
#3639 = DIRECTION('',(1.,0.,-0.));
#3640 = PCURVE('',#3593,#3641);
#3641 = DEFINITIONAL_REPRESENTATION('',(#3642),#3646);
#3642 = LINE('',#3643,#3644);
#3643 = CARTESIAN_POINT('',(0.,3.));
#3644 = VECTOR('',#3645,1.);
#3645 = DIRECTION('',(1.,0.));
#3646 = ( GEOMETRIC_REPRESENTATION_CONTEXT(2) 
PARAMETRIC_REPRESENTATION_CONTEXT() REPRESENTATION_CONTEXT('2D SPACE',''
  ) );
#3647 = PCURVE('',#3648,#3653);
#3648 = CONICAL_SURFACE('',#3649,14.,9.966865249116E-02);
#3649 = AXIS2_PLACEMENT_3D('',#3650,#3651,#3652);
#3650 = CARTESIAN_POINT('',(0.,0.,-420.));
#3651 = DIRECTION('',(-0.,-0.,-1.));
#3652 = DIRECTION('',(1.,0.,-0.));
#3653 = DEFINITIONAL_REPRESENTATION('',(#3654),#3658);
#3654 = LINE('',#3655,#3656);
#3655 = CARTESIAN_POINT('',(-0.,-0.));
#3656 = VECTOR('',#3657,1.);
#3657 = DIRECTION('',(-1.,-0.));
#3658 = ( GEOMETRIC_REPRESENTATION_CONTEXT(2) 
PARAMETRIC_REPRESENTATION_CONTEXT() REPRESENTATION_CONTEXT('2D SPACE',''
  ) );
#3659 = ORIENTED_EDGE('',*,*,#3610,.F.);
#3660 = ADVANCED_FACE('',(#3661),#3648,.T.);
#3661 = FACE_BOUND('',#3662,.T.);
#3662 = EDGE_LOOP('',(#3663,#3664,#3687,#3714));
#3663 = ORIENTED_EDGE('',*,*,#3633,.T.);
#3664 = ORIENTED_EDGE('',*,*,#3665,.T.);
#3665 = EDGE_CURVE('',#3611,#3666,#3668,.T.);
#3666 = VERTEX_POINT('',#3667);
#3667 = CARTESIAN_POINT('',(13.7,0.,-417.));
#3668 = SEAM_CURVE('',#3669,(#3673,#3680),.PCURVE_S1.);
#3669 = LINE('',#3670,#3671);
#3670 = CARTESIAN_POINT('',(14.,0.,-420.));
#3671 = VECTOR('',#3672,1.);
#3672 = DIRECTION('',(-9.9503719021E-02,0.,0.99503719021));
#3673 = PCURVE('',#3648,#3674);
#3674 = DEFINITIONAL_REPRESENTATION('',(#3675),#3679);
#3675 = LINE('',#3676,#3677);
#3676 = CARTESIAN_POINT('',(-0.,-0.));
#3677 = VECTOR('',#3678,1.);
#3678 = DIRECTION('',(-0.,-1.));
#3679 = ( GEOMETRIC_REPRESENTATION_CONTEXT(2) 
PARAMETRIC_REPRESENTATION_CONTEXT() REPRESENTATION_CONTEXT('2D SPACE',''
  ) );
#3680 = PCURVE('',#3648,#3681);
#3681 = DEFINITIONAL_REPRESENTATION('',(#3682),#3686);
#3682 = LINE('',#3683,#3684);
#3683 = CARTESIAN_POINT('',(-6.28318530718,-0.));
#3684 = VECTOR('',#3685,1.);
#3685 = DIRECTION('',(-0.,-1.));
#3686 = ( GEOMETRIC_REPRESENTATION_CONTEXT(2) 
PARAMETRIC_REPRESENTATION_CONTEXT() REPRESENTATION_CONTEXT('2D SPACE',''
  ) );
#3687 = ORIENTED_EDGE('',*,*,#3688,.F.);
#3688 = EDGE_CURVE('',#3666,#3666,#3689,.T.);
#3689 = SURFACE_CURVE('',#3690,(#3695,#3702),.PCURVE_S1.);
#3690 = CIRCLE('',#3691,13.7);
#3691 = AXIS2_PLACEMENT_3D('',#3692,#3693,#3694);
#3692 = CARTESIAN_POINT('',(0.,0.,-417.));
#3693 = DIRECTION('',(0.,0.,1.));
#3694 = DIRECTION('',(1.,0.,-0.));
#3695 = PCURVE('',#3648,#3696);
#3696 = DEFINITIONAL_REPRESENTATION('',(#3697),#3701);
#3697 = LINE('',#3698,#3699);
#3698 = CARTESIAN_POINT('',(-0.,-3.));
#3699 = VECTOR('',#3700,1.);
#3700 = DIRECTION('',(-1.,-0.));
#3701 = ( GEOMETRIC_REPRESENTATION_CONTEXT(2) 
PARAMETRIC_REPRESENTATION_CONTEXT() REPRESENTATION_CONTEXT('2D SPACE',''
  ) );
#3702 = PCURVE('',#3703,#3708);
#3703 = CONICAL_SURFACE('',#3704,13.7,9.966865249116E-02);
#3704 = AXIS2_PLACEMENT_3D('',#3705,#3706,#3707);
#3705 = CARTESIAN_POINT('',(0.,0.,-417.));
#3706 = DIRECTION('',(0.,0.,1.));
#3707 = DIRECTION('',(1.,0.,-0.));
#3708 = DEFINITIONAL_REPRESENTATION('',(#3709),#3713);
#3709 = LINE('',#3710,#3711);
#3710 = CARTESIAN_POINT('',(0.,0.));
#3711 = VECTOR('',#3712,1.);
#3712 = DIRECTION('',(1.,0.));
#3713 = ( GEOMETRIC_REPRESENTATION_CONTEXT(2) 
PARAMETRIC_REPRESENTATION_CONTEXT() REPRESENTATION_CONTEXT('2D SPACE',''
  ) );
#3714 = ORIENTED_EDGE('',*,*,#3665,.F.);
#3715 = ADVANCED_FACE('',(#3716),#3703,.T.);
#3716 = FACE_BOUND('',#3717,.T.);
#3717 = EDGE_LOOP('',(#3718,#3719,#3742,#3769));
#3718 = ORIENTED_EDGE('',*,*,#3688,.T.);
#3719 = ORIENTED_EDGE('',*,*,#3720,.T.);
#3720 = EDGE_CURVE('',#3666,#3721,#3723,.T.);
#3721 = VERTEX_POINT('',#3722);
#3722 = CARTESIAN_POINT('',(14.,0.,-414.));
#3723 = SEAM_CURVE('',#3724,(#3728,#3735),.PCURVE_S1.);
#3724 = LINE('',#3725,#3726);
#3725 = CARTESIAN_POINT('',(13.7,0.,-417.));
#3726 = VECTOR('',#3727,1.);
#3727 = DIRECTION('',(9.9503719021E-02,0.,0.99503719021));
#3728 = PCURVE('',#3703,#3729);
#3729 = DEFINITIONAL_REPRESENTATION('',(#3730),#3734);
#3730 = LINE('',#3731,#3732);
#3731 = CARTESIAN_POINT('',(0.,0.));
#3732 = VECTOR('',#3733,1.);
#3733 = DIRECTION('',(0.,1.));
#3734 = ( GEOMETRIC_REPRESENTATION_CONTEXT(2) 
PARAMETRIC_REPRESENTATION_CONTEXT() REPRESENTATION_CONTEXT('2D SPACE',''
  ) );
#3735 = PCURVE('',#3703,#3736);
#3736 = DEFINITIONAL_REPRESENTATION('',(#3737),#3741);
#3737 = LINE('',#3738,#3739);
#3738 = CARTESIAN_POINT('',(6.28318530718,0.));
#3739 = VECTOR('',#3740,1.);
#3740 = DIRECTION('',(0.,1.));
#3741 = ( GEOMETRIC_REPRESENTATION_CONTEXT(2) 
PARAMETRIC_REPRESENTATION_CONTEXT() REPRESENTATION_CONTEXT('2D SPACE',''
  ) );
#3742 = ORIENTED_EDGE('',*,*,#3743,.F.);
#3743 = EDGE_CURVE('',#3721,#3721,#3744,.T.);
#3744 = SURFACE_CURVE('',#3745,(#3750,#3757),.PCURVE_S1.);
#3745 = CIRCLE('',#3746,14.);
#3746 = AXIS2_PLACEMENT_3D('',#3747,#3748,#3749);
#3747 = CARTESIAN_POINT('',(0.,0.,-414.));
#3748 = DIRECTION('',(0.,0.,1.));
#3749 = DIRECTION('',(1.,0.,-0.));
#3750 = PCURVE('',#3703,#3751);
#3751 = DEFINITIONAL_REPRESENTATION('',(#3752),#3756);
#3752 = LINE('',#3753,#3754);
#3753 = CARTESIAN_POINT('',(0.,3.));
#3754 = VECTOR('',#3755,1.);
#3755 = DIRECTION('',(1.,0.));
#3756 = ( GEOMETRIC_REPRESENTATION_CONTEXT(2) 
PARAMETRIC_REPRESENTATION_CONTEXT() REPRESENTATION_CONTEXT('2D SPACE',''
  ) );
#3757 = PCURVE('',#3758,#3763);
#3758 = CONICAL_SURFACE('',#3759,14.,9.966865249116E-02);
#3759 = AXIS2_PLACEMENT_3D('',#3760,#3761,#3762);
#3760 = CARTESIAN_POINT('',(0.,0.,-414.));
#3761 = DIRECTION('',(-0.,-0.,-1.));
#3762 = DIRECTION('',(1.,0.,-0.));
#3763 = DEFINITIONAL_REPRESENTATION('',(#3764),#3768);
#3764 = LINE('',#3765,#3766);
#3765 = CARTESIAN_POINT('',(-0.,-0.));
#3766 = VECTOR('',#3767,1.);
#3767 = DIRECTION('',(-1.,-0.));
#3768 = ( GEOMETRIC_REPRESENTATION_CONTEXT(2) 
PARAMETRIC_REPRESENTATION_CONTEXT() REPRESENTATION_CONTEXT('2D SPACE',''
  ) );
#3769 = ORIENTED_EDGE('',*,*,#3720,.F.);
#3770 = ADVANCED_FACE('',(#3771),#3758,.T.);
#3771 = FACE_BOUND('',#3772,.T.);
#3772 = EDGE_LOOP('',(#3773,#3774,#3797,#3824));
#3773 = ORIENTED_EDGE('',*,*,#3743,.T.);
#3774 = ORIENTED_EDGE('',*,*,#3775,.T.);
#3775 = EDGE_CURVE('',#3721,#3776,#3778,.T.);
#3776 = VERTEX_POINT('',#3777);
#3777 = CARTESIAN_POINT('',(13.7,0.,-411.));
#3778 = SEAM_CURVE('',#3779,(#3783,#3790),.PCURVE_S1.);
#3779 = LINE('',#3780,#3781);
#3780 = CARTESIAN_POINT('',(14.,0.,-414.));
#3781 = VECTOR('',#3782,1.);
#3782 = DIRECTION('',(-9.9503719021E-02,0.,0.99503719021));
#3783 = PCURVE('',#3758,#3784);
#3784 = DEFINITIONAL_REPRESENTATION('',(#3785),#3789);
#3785 = LINE('',#3786,#3787);
#3786 = CARTESIAN_POINT('',(-0.,-0.));
#3787 = VECTOR('',#3788,1.);
#3788 = DIRECTION('',(-0.,-1.));
#3789 = ( GEOMETRIC_REPRESENTATION_CONTEXT(2) 
PARAMETRIC_REPRESENTATION_CONTEXT() REPRESENTATION_CONTEXT('2D SPACE',''
  ) );
#3790 = PCURVE('',#3758,#3791);
#3791 = DEFINITIONAL_REPRESENTATION('',(#3792),#3796);
#3792 = LINE('',#3793,#3794);
#3793 = CARTESIAN_POINT('',(-6.28318530718,-0.));
#3794 = VECTOR('',#3795,1.);
#3795 = DIRECTION('',(-0.,-1.));
#3796 = ( GEOMETRIC_REPRESENTATION_CONTEXT(2) 
PARAMETRIC_REPRESENTATION_CONTEXT() REPRESENTATION_CONTEXT('2D SPACE',''
  ) );
#3797 = ORIENTED_EDGE('',*,*,#3798,.F.);
#3798 = EDGE_CURVE('',#3776,#3776,#3799,.T.);
#3799 = SURFACE_CURVE('',#3800,(#3805,#3812),.PCURVE_S1.);
#3800 = CIRCLE('',#3801,13.7);
#3801 = AXIS2_PLACEMENT_3D('',#3802,#3803,#3804);
#3802 = CARTESIAN_POINT('',(0.,0.,-411.));
#3803 = DIRECTION('',(0.,0.,1.));
#3804 = DIRECTION('',(1.,0.,-0.));
#3805 = PCURVE('',#3758,#3806);
#3806 = DEFINITIONAL_REPRESENTATION('',(#3807),#3811);
#3807 = LINE('',#3808,#3809);
#3808 = CARTESIAN_POINT('',(-0.,-3.));
#3809 = VECTOR('',#3810,1.);
#3810 = DIRECTION('',(-1.,-0.));
#3811 = ( GEOMETRIC_REPRESENTATION_CONTEXT(2) 
PARAMETRIC_REPRESENTATION_CONTEXT() REPRESENTATION_CONTEXT('2D SPACE',''
  ) );
#3812 = PCURVE('',#3813,#3818);
#3813 = CONICAL_SURFACE('',#3814,13.7,0.148889947609);
#3814 = AXIS2_PLACEMENT_3D('',#3815,#3816,#3817);
#3815 = CARTESIAN_POINT('',(0.,0.,-411.));
#3816 = DIRECTION('',(0.,0.,1.));
#3817 = DIRECTION('',(1.,0.,-0.));
#3818 = DEFINITIONAL_REPRESENTATION('',(#3819),#3823);
#3819 = LINE('',#3820,#3821);
#3820 = CARTESIAN_POINT('',(0.,0.));
#3821 = VECTOR('',#3822,1.);
#3822 = DIRECTION('',(1.,0.));
#3823 = ( GEOMETRIC_REPRESENTATION_CONTEXT(2) 
PARAMETRIC_REPRESENTATION_CONTEXT() REPRESENTATION_CONTEXT('2D SPACE',''
  ) );
#3824 = ORIENTED_EDGE('',*,*,#3775,.F.);
#3825 = ADVANCED_FACE('',(#3826),#3813,.T.);
#3826 = FACE_BOUND('',#3827,.T.);
#3827 = EDGE_LOOP('',(#3828,#3829,#3852,#3879));
#3828 = ORIENTED_EDGE('',*,*,#3798,.T.);
#3829 = ORIENTED_EDGE('',*,*,#3830,.T.);
#3830 = EDGE_CURVE('',#3776,#3831,#3833,.T.);
#3831 = VERTEX_POINT('',#3832);
#3832 = CARTESIAN_POINT('',(14.,0.,-409.));
#3833 = SEAM_CURVE('',#3834,(#3838,#3845),.PCURVE_S1.);
#3834 = LINE('',#3835,#3836);
#3835 = CARTESIAN_POINT('',(13.7,0.,-411.));
#3836 = VECTOR('',#3837,1.);
#3837 = DIRECTION('',(0.14834045293,0.,0.988936352868));
#3838 = PCURVE('',#3813,#3839);
#3839 = DEFINITIONAL_REPRESENTATION('',(#3840),#3844);
#3840 = LINE('',#3841,#3842);
#3841 = CARTESIAN_POINT('',(0.,0.));
#3842 = VECTOR('',#3843,1.);
#3843 = DIRECTION('',(0.,1.));
#3844 = ( GEOMETRIC_REPRESENTATION_CONTEXT(2) 
PARAMETRIC_REPRESENTATION_CONTEXT() REPRESENTATION_CONTEXT('2D SPACE',''
  ) );
#3845 = PCURVE('',#3813,#3846);
#3846 = DEFINITIONAL_REPRESENTATION('',(#3847),#3851);
#3847 = LINE('',#3848,#3849);
#3848 = CARTESIAN_POINT('',(6.28318530718,0.));
#3849 = VECTOR('',#3850,1.);
#3850 = DIRECTION('',(0.,1.));
#3851 = ( GEOMETRIC_REPRESENTATION_CONTEXT(2) 
PARAMETRIC_REPRESENTATION_CONTEXT() REPRESENTATION_CONTEXT('2D SPACE',''
  ) );
#3852 = ORIENTED_EDGE('',*,*,#3853,.F.);
#3853 = EDGE_CURVE('',#3831,#3831,#3854,.T.);
#3854 = SURFACE_CURVE('',#3855,(#3860,#3867),.PCURVE_S1.);
#3855 = CIRCLE('',#3856,14.);
#3856 = AXIS2_PLACEMENT_3D('',#3857,#3858,#3859);
#3857 = CARTESIAN_POINT('',(0.,0.,-409.));
#3858 = DIRECTION('',(0.,0.,1.));
#3859 = DIRECTION('',(1.,0.,-0.));
#3860 = PCURVE('',#3813,#3861);
#3861 = DEFINITIONAL_REPRESENTATION('',(#3862),#3866);
#3862 = LINE('',#3863,#3864);
#3863 = CARTESIAN_POINT('',(0.,2.));
#3864 = VECTOR('',#3865,1.);
#3865 = DIRECTION('',(1.,0.));
#3866 = ( GEOMETRIC_REPRESENTATION_CONTEXT(2) 
PARAMETRIC_REPRESENTATION_CONTEXT() REPRESENTATION_CONTEXT('2D SPACE',''
  ) );
#3867 = PCURVE('',#3868,#3873);
#3868 = CYLINDRICAL_SURFACE('',#3869,14.);
#3869 = AXIS2_PLACEMENT_3D('',#3870,#3871,#3872);
#3870 = CARTESIAN_POINT('',(0.,0.,-655.));
#3871 = DIRECTION('',(0.,0.,1.));
#3872 = DIRECTION('',(1.,0.,0.));
#3873 = DEFINITIONAL_REPRESENTATION('',(#3874),#3878);
#3874 = LINE('',#3875,#3876);
#3875 = CARTESIAN_POINT('',(0.,246.));
#3876 = VECTOR('',#3877,1.);
#3877 = DIRECTION('',(1.,0.));
#3878 = ( GEOMETRIC_REPRESENTATION_CONTEXT(2) 
PARAMETRIC_REPRESENTATION_CONTEXT() REPRESENTATION_CONTEXT('2D SPACE',''
  ) );
#3879 = ORIENTED_EDGE('',*,*,#3830,.F.);
#3880 = ADVANCED_FACE('',(#3881),#3868,.T.);
#3881 = FACE_BOUND('',#3882,.T.);
#3882 = EDGE_LOOP('',(#3883,#3884,#3907,#3934));
#3883 = ORIENTED_EDGE('',*,*,#3853,.T.);
#3884 = ORIENTED_EDGE('',*,*,#3885,.T.);
#3885 = EDGE_CURVE('',#3831,#3886,#3888,.T.);
#3886 = VERTEX_POINT('',#3887);
#3887 = CARTESIAN_POINT('',(14.,0.,-401.));
#3888 = SEAM_CURVE('',#3889,(#3893,#3900),.PCURVE_S1.);
#3889 = LINE('',#3890,#3891);
#3890 = CARTESIAN_POINT('',(14.,-3.429011037613E-15,-655.));
#3891 = VECTOR('',#3892,1.);
#3892 = DIRECTION('',(0.,0.,1.));
#3893 = PCURVE('',#3868,#3894);
#3894 = DEFINITIONAL_REPRESENTATION('',(#3895),#3899);
#3895 = LINE('',#3896,#3897);
#3896 = CARTESIAN_POINT('',(0.,-0.));
#3897 = VECTOR('',#3898,1.);
#3898 = DIRECTION('',(0.,1.));
#3899 = ( GEOMETRIC_REPRESENTATION_CONTEXT(2) 
PARAMETRIC_REPRESENTATION_CONTEXT() REPRESENTATION_CONTEXT('2D SPACE',''
  ) );
#3900 = PCURVE('',#3868,#3901);
#3901 = DEFINITIONAL_REPRESENTATION('',(#3902),#3906);
#3902 = LINE('',#3903,#3904);
#3903 = CARTESIAN_POINT('',(6.28318530718,-0.));
#3904 = VECTOR('',#3905,1.);
#3905 = DIRECTION('',(0.,1.));
#3906 = ( GEOMETRIC_REPRESENTATION_CONTEXT(2) 
PARAMETRIC_REPRESENTATION_CONTEXT() REPRESENTATION_CONTEXT('2D SPACE',''
  ) );
#3907 = ORIENTED_EDGE('',*,*,#3908,.F.);
#3908 = EDGE_CURVE('',#3886,#3886,#3909,.T.);
#3909 = SURFACE_CURVE('',#3910,(#3915,#3922),.PCURVE_S1.);
#3910 = CIRCLE('',#3911,14.);
#3911 = AXIS2_PLACEMENT_3D('',#3912,#3913,#3914);
#3912 = CARTESIAN_POINT('',(0.,0.,-401.));
#3913 = DIRECTION('',(0.,0.,1.));
#3914 = DIRECTION('',(1.,0.,-0.));
#3915 = PCURVE('',#3868,#3916);
#3916 = DEFINITIONAL_REPRESENTATION('',(#3917),#3921);
#3917 = LINE('',#3918,#3919);
#3918 = CARTESIAN_POINT('',(0.,254.));
#3919 = VECTOR('',#3920,1.);
#3920 = DIRECTION('',(1.,0.));
#3921 = ( GEOMETRIC_REPRESENTATION_CONTEXT(2) 
PARAMETRIC_REPRESENTATION_CONTEXT() REPRESENTATION_CONTEXT('2D SPACE',''
  ) );
#3922 = PCURVE('',#3923,#3928);
#3923 = CONICAL_SURFACE('',#3924,14.,9.966865249116E-02);
#3924 = AXIS2_PLACEMENT_3D('',#3925,#3926,#3927);
#3925 = CARTESIAN_POINT('',(0.,0.,-401.));
#3926 = DIRECTION('',(-0.,-0.,-1.));
#3927 = DIRECTION('',(1.,0.,-0.));
#3928 = DEFINITIONAL_REPRESENTATION('',(#3929),#3933);
#3929 = LINE('',#3930,#3931);
#3930 = CARTESIAN_POINT('',(-0.,-0.));
#3931 = VECTOR('',#3932,1.);
#3932 = DIRECTION('',(-1.,-0.));
#3933 = ( GEOMETRIC_REPRESENTATION_CONTEXT(2) 
PARAMETRIC_REPRESENTATION_CONTEXT() REPRESENTATION_CONTEXT('2D SPACE',''
  ) );
#3934 = ORIENTED_EDGE('',*,*,#3885,.F.);
#3935 = ADVANCED_FACE('',(#3936),#3923,.T.);
#3936 = FACE_BOUND('',#3937,.T.);
#3937 = EDGE_LOOP('',(#3938,#3939,#3962,#3989));
#3938 = ORIENTED_EDGE('',*,*,#3908,.T.);
#3939 = ORIENTED_EDGE('',*,*,#3940,.T.);
#3940 = EDGE_CURVE('',#3886,#3941,#3943,.T.);
#3941 = VERTEX_POINT('',#3942);
#3942 = CARTESIAN_POINT('',(13.7,0.,-398.));
#3943 = SEAM_CURVE('',#3944,(#3948,#3955),.PCURVE_S1.);
#3944 = LINE('',#3945,#3946);
#3945 = CARTESIAN_POINT('',(14.,0.,-401.));
#3946 = VECTOR('',#3947,1.);
#3947 = DIRECTION('',(-9.9503719021E-02,0.,0.99503719021));
#3948 = PCURVE('',#3923,#3949);
#3949 = DEFINITIONAL_REPRESENTATION('',(#3950),#3954);
#3950 = LINE('',#3951,#3952);
#3951 = CARTESIAN_POINT('',(-0.,-0.));
#3952 = VECTOR('',#3953,1.);
#3953 = DIRECTION('',(-0.,-1.));
#3954 = ( GEOMETRIC_REPRESENTATION_CONTEXT(2) 
PARAMETRIC_REPRESENTATION_CONTEXT() REPRESENTATION_CONTEXT('2D SPACE',''
  ) );
#3955 = PCURVE('',#3923,#3956);
#3956 = DEFINITIONAL_REPRESENTATION('',(#3957),#3961);
#3957 = LINE('',#3958,#3959);
#3958 = CARTESIAN_POINT('',(-6.28318530718,-0.));
#3959 = VECTOR('',#3960,1.);
#3960 = DIRECTION('',(-0.,-1.));
#3961 = ( GEOMETRIC_REPRESENTATION_CONTEXT(2) 
PARAMETRIC_REPRESENTATION_CONTEXT() REPRESENTATION_CONTEXT('2D SPACE',''
  ) );
#3962 = ORIENTED_EDGE('',*,*,#3963,.F.);
#3963 = EDGE_CURVE('',#3941,#3941,#3964,.T.);
#3964 = SURFACE_CURVE('',#3965,(#3970,#3977),.PCURVE_S1.);
#3965 = CIRCLE('',#3966,13.7);
#3966 = AXIS2_PLACEMENT_3D('',#3967,#3968,#3969);
#3967 = CARTESIAN_POINT('',(0.,0.,-398.));
#3968 = DIRECTION('',(0.,0.,1.));
#3969 = DIRECTION('',(1.,0.,-0.));
#3970 = PCURVE('',#3923,#3971);
#3971 = DEFINITIONAL_REPRESENTATION('',(#3972),#3976);
#3972 = LINE('',#3973,#3974);
#3973 = CARTESIAN_POINT('',(-0.,-3.));
#3974 = VECTOR('',#3975,1.);
#3975 = DIRECTION('',(-1.,-0.));
#3976 = ( GEOMETRIC_REPRESENTATION_CONTEXT(2) 
PARAMETRIC_REPRESENTATION_CONTEXT() REPRESENTATION_CONTEXT('2D SPACE',''
  ) );
#3977 = PCURVE('',#3978,#3983);
#3978 = CONICAL_SURFACE('',#3979,13.7,9.966865249116E-02);
#3979 = AXIS2_PLACEMENT_3D('',#3980,#3981,#3982);
#3980 = CARTESIAN_POINT('',(0.,0.,-398.));
#3981 = DIRECTION('',(0.,0.,1.));
#3982 = DIRECTION('',(1.,0.,-0.));
#3983 = DEFINITIONAL_REPRESENTATION('',(#3984),#3988);
#3984 = LINE('',#3985,#3986);
#3985 = CARTESIAN_POINT('',(0.,0.));
#3986 = VECTOR('',#3987,1.);
#3987 = DIRECTION('',(1.,0.));
#3988 = ( GEOMETRIC_REPRESENTATION_CONTEXT(2) 
PARAMETRIC_REPRESENTATION_CONTEXT() REPRESENTATION_CONTEXT('2D SPACE',''
  ) );
#3989 = ORIENTED_EDGE('',*,*,#3940,.F.);
#3990 = ADVANCED_FACE('',(#3991),#3978,.T.);
#3991 = FACE_BOUND('',#3992,.T.);
#3992 = EDGE_LOOP('',(#3993,#3994,#4017,#4044));
#3993 = ORIENTED_EDGE('',*,*,#3963,.T.);
#3994 = ORIENTED_EDGE('',*,*,#3995,.T.);
#3995 = EDGE_CURVE('',#3941,#3996,#3998,.T.);
#3996 = VERTEX_POINT('',#3997);
#3997 = CARTESIAN_POINT('',(14.,0.,-395.));
#3998 = SEAM_CURVE('',#3999,(#4003,#4010),.PCURVE_S1.);
#3999 = LINE('',#4000,#4001);
#4000 = CARTESIAN_POINT('',(13.7,0.,-398.));
#4001 = VECTOR('',#4002,1.);
#4002 = DIRECTION('',(9.9503719021E-02,0.,0.99503719021));
#4003 = PCURVE('',#3978,#4004);
#4004 = DEFINITIONAL_REPRESENTATION('',(#4005),#4009);
#4005 = LINE('',#4006,#4007);
#4006 = CARTESIAN_POINT('',(0.,0.));
#4007 = VECTOR('',#4008,1.);
#4008 = DIRECTION('',(0.,1.));
#4009 = ( GEOMETRIC_REPRESENTATION_CONTEXT(2) 
PARAMETRIC_REPRESENTATION_CONTEXT() REPRESENTATION_CONTEXT('2D SPACE',''
  ) );
#4010 = PCURVE('',#3978,#4011);
#4011 = DEFINITIONAL_REPRESENTATION('',(#4012),#4016);
#4012 = LINE('',#4013,#4014);
#4013 = CARTESIAN_POINT('',(6.28318530718,0.));
#4014 = VECTOR('',#4015,1.);
#4015 = DIRECTION('',(0.,1.));
#4016 = ( GEOMETRIC_REPRESENTATION_CONTEXT(2) 
PARAMETRIC_REPRESENTATION_CONTEXT() REPRESENTATION_CONTEXT('2D SPACE',''
  ) );
#4017 = ORIENTED_EDGE('',*,*,#4018,.F.);
#4018 = EDGE_CURVE('',#3996,#3996,#4019,.T.);
#4019 = SURFACE_CURVE('',#4020,(#4025,#4032),.PCURVE_S1.);
#4020 = CIRCLE('',#4021,14.);
#4021 = AXIS2_PLACEMENT_3D('',#4022,#4023,#4024);
#4022 = CARTESIAN_POINT('',(0.,0.,-395.));
#4023 = DIRECTION('',(0.,0.,1.));
#4024 = DIRECTION('',(1.,0.,-0.));
#4025 = PCURVE('',#3978,#4026);
#4026 = DEFINITIONAL_REPRESENTATION('',(#4027),#4031);
#4027 = LINE('',#4028,#4029);
#4028 = CARTESIAN_POINT('',(0.,3.));
#4029 = VECTOR('',#4030,1.);
#4030 = DIRECTION('',(1.,0.));
#4031 = ( GEOMETRIC_REPRESENTATION_CONTEXT(2) 
PARAMETRIC_REPRESENTATION_CONTEXT() REPRESENTATION_CONTEXT('2D SPACE',''
  ) );
#4032 = PCURVE('',#4033,#4038);
#4033 = CONICAL_SURFACE('',#4034,14.,9.966865249116E-02);
#4034 = AXIS2_PLACEMENT_3D('',#4035,#4036,#4037);
#4035 = CARTESIAN_POINT('',(0.,0.,-395.));
#4036 = DIRECTION('',(-0.,-0.,-1.));
#4037 = DIRECTION('',(1.,0.,-0.));
#4038 = DEFINITIONAL_REPRESENTATION('',(#4039),#4043);
#4039 = LINE('',#4040,#4041);
#4040 = CARTESIAN_POINT('',(-0.,-0.));
#4041 = VECTOR('',#4042,1.);
#4042 = DIRECTION('',(-1.,-0.));
#4043 = ( GEOMETRIC_REPRESENTATION_CONTEXT(2) 
PARAMETRIC_REPRESENTATION_CONTEXT() REPRESENTATION_CONTEXT('2D SPACE',''
  ) );
#4044 = ORIENTED_EDGE('',*,*,#3995,.F.);
#4045 = ADVANCED_FACE('',(#4046),#4033,.T.);
#4046 = FACE_BOUND('',#4047,.T.);
#4047 = EDGE_LOOP('',(#4048,#4049,#4072,#4099));
#4048 = ORIENTED_EDGE('',*,*,#4018,.T.);
#4049 = ORIENTED_EDGE('',*,*,#4050,.T.);
#4050 = EDGE_CURVE('',#3996,#4051,#4053,.T.);
#4051 = VERTEX_POINT('',#4052);
#4052 = CARTESIAN_POINT('',(13.7,0.,-392.));
#4053 = SEAM_CURVE('',#4054,(#4058,#4065),.PCURVE_S1.);
#4054 = LINE('',#4055,#4056);
#4055 = CARTESIAN_POINT('',(14.,0.,-395.));
#4056 = VECTOR('',#4057,1.);
#4057 = DIRECTION('',(-9.9503719021E-02,0.,0.99503719021));
#4058 = PCURVE('',#4033,#4059);
#4059 = DEFINITIONAL_REPRESENTATION('',(#4060),#4064);
#4060 = LINE('',#4061,#4062);
#4061 = CARTESIAN_POINT('',(-0.,-0.));
#4062 = VECTOR('',#4063,1.);
#4063 = DIRECTION('',(-0.,-1.));
#4064 = ( GEOMETRIC_REPRESENTATION_CONTEXT(2) 
PARAMETRIC_REPRESENTATION_CONTEXT() REPRESENTATION_CONTEXT('2D SPACE',''
  ) );
#4065 = PCURVE('',#4033,#4066);
#4066 = DEFINITIONAL_REPRESENTATION('',(#4067),#4071);
#4067 = LINE('',#4068,#4069);
#4068 = CARTESIAN_POINT('',(-6.28318530718,-0.));
#4069 = VECTOR('',#4070,1.);
#4070 = DIRECTION('',(-0.,-1.));
#4071 = ( GEOMETRIC_REPRESENTATION_CONTEXT(2) 
PARAMETRIC_REPRESENTATION_CONTEXT() REPRESENTATION_CONTEXT('2D SPACE',''
  ) );
#4072 = ORIENTED_EDGE('',*,*,#4073,.F.);
#4073 = EDGE_CURVE('',#4051,#4051,#4074,.T.);
#4074 = SURFACE_CURVE('',#4075,(#4080,#4087),.PCURVE_S1.);
#4075 = CIRCLE('',#4076,13.7);
#4076 = AXIS2_PLACEMENT_3D('',#4077,#4078,#4079);
#4077 = CARTESIAN_POINT('',(0.,0.,-392.));
#4078 = DIRECTION('',(0.,0.,1.));
#4079 = DIRECTION('',(1.,0.,-0.));
#4080 = PCURVE('',#4033,#4081);
#4081 = DEFINITIONAL_REPRESENTATION('',(#4082),#4086);
#4082 = LINE('',#4083,#4084);
#4083 = CARTESIAN_POINT('',(-0.,-3.));
#4084 = VECTOR('',#4085,1.);
#4085 = DIRECTION('',(-1.,-0.));
#4086 = ( GEOMETRIC_REPRESENTATION_CONTEXT(2) 
PARAMETRIC_REPRESENTATION_CONTEXT() REPRESENTATION_CONTEXT('2D SPACE',''
  ) );
#4087 = PCURVE('',#4088,#4093);
#4088 = CONICAL_SURFACE('',#4089,13.7,9.966865249116E-02);
#4089 = AXIS2_PLACEMENT_3D('',#4090,#4091,#4092);
#4090 = CARTESIAN_POINT('',(0.,0.,-392.));
#4091 = DIRECTION('',(0.,0.,1.));
#4092 = DIRECTION('',(1.,0.,-0.));
#4093 = DEFINITIONAL_REPRESENTATION('',(#4094),#4098);
#4094 = LINE('',#4095,#4096);
#4095 = CARTESIAN_POINT('',(0.,0.));
#4096 = VECTOR('',#4097,1.);
#4097 = DIRECTION('',(1.,0.));
#4098 = ( GEOMETRIC_REPRESENTATION_CONTEXT(2) 
PARAMETRIC_REPRESENTATION_CONTEXT() REPRESENTATION_CONTEXT('2D SPACE',''
  ) );
#4099 = ORIENTED_EDGE('',*,*,#4050,.F.);
#4100 = ADVANCED_FACE('',(#4101),#4088,.T.);
#4101 = FACE_BOUND('',#4102,.T.);
#4102 = EDGE_LOOP('',(#4103,#4104,#4127,#4154));
#4103 = ORIENTED_EDGE('',*,*,#4073,.T.);
#4104 = ORIENTED_EDGE('',*,*,#4105,.T.);
#4105 = EDGE_CURVE('',#4051,#4106,#4108,.T.);
#4106 = VERTEX_POINT('',#4107);
#4107 = CARTESIAN_POINT('',(14.,0.,-389.));
#4108 = SEAM_CURVE('',#4109,(#4113,#4120),.PCURVE_S1.);
#4109 = LINE('',#4110,#4111);
#4110 = CARTESIAN_POINT('',(13.7,0.,-392.));
#4111 = VECTOR('',#4112,1.);
#4112 = DIRECTION('',(9.9503719021E-02,0.,0.99503719021));
#4113 = PCURVE('',#4088,#4114);
#4114 = DEFINITIONAL_REPRESENTATION('',(#4115),#4119);
#4115 = LINE('',#4116,#4117);
#4116 = CARTESIAN_POINT('',(0.,0.));
#4117 = VECTOR('',#4118,1.);
#4118 = DIRECTION('',(0.,1.));
#4119 = ( GEOMETRIC_REPRESENTATION_CONTEXT(2) 
PARAMETRIC_REPRESENTATION_CONTEXT() REPRESENTATION_CONTEXT('2D SPACE',''
  ) );
#4120 = PCURVE('',#4088,#4121);
#4121 = DEFINITIONAL_REPRESENTATION('',(#4122),#4126);
#4122 = LINE('',#4123,#4124);
#4123 = CARTESIAN_POINT('',(6.28318530718,0.));
#4124 = VECTOR('',#4125,1.);
#4125 = DIRECTION('',(0.,1.));
#4126 = ( GEOMETRIC_REPRESENTATION_CONTEXT(2) 
PARAMETRIC_REPRESENTATION_CONTEXT() REPRESENTATION_CONTEXT('2D SPACE',''
  ) );
#4127 = ORIENTED_EDGE('',*,*,#4128,.F.);
#4128 = EDGE_CURVE('',#4106,#4106,#4129,.T.);
#4129 = SURFACE_CURVE('',#4130,(#4135,#4142),.PCURVE_S1.);
#4130 = CIRCLE('',#4131,14.);
#4131 = AXIS2_PLACEMENT_3D('',#4132,#4133,#4134);
#4132 = CARTESIAN_POINT('',(0.,0.,-389.));
#4133 = DIRECTION('',(0.,0.,1.));
#4134 = DIRECTION('',(1.,0.,-0.));
#4135 = PCURVE('',#4088,#4136);
#4136 = DEFINITIONAL_REPRESENTATION('',(#4137),#4141);
#4137 = LINE('',#4138,#4139);
#4138 = CARTESIAN_POINT('',(0.,3.));
#4139 = VECTOR('',#4140,1.);
#4140 = DIRECTION('',(1.,0.));
#4141 = ( GEOMETRIC_REPRESENTATION_CONTEXT(2) 
PARAMETRIC_REPRESENTATION_CONTEXT() REPRESENTATION_CONTEXT('2D SPACE',''
  ) );
#4142 = PCURVE('',#4143,#4148);
#4143 = CONICAL_SURFACE('',#4144,14.,9.966865249116E-02);
#4144 = AXIS2_PLACEMENT_3D('',#4145,#4146,#4147);
#4145 = CARTESIAN_POINT('',(0.,0.,-389.));
#4146 = DIRECTION('',(-0.,-0.,-1.));
#4147 = DIRECTION('',(1.,0.,-0.));
#4148 = DEFINITIONAL_REPRESENTATION('',(#4149),#4153);
#4149 = LINE('',#4150,#4151);
#4150 = CARTESIAN_POINT('',(-0.,-0.));
#4151 = VECTOR('',#4152,1.);
#4152 = DIRECTION('',(-1.,-0.));
#4153 = ( GEOMETRIC_REPRESENTATION_CONTEXT(2) 
PARAMETRIC_REPRESENTATION_CONTEXT() REPRESENTATION_CONTEXT('2D SPACE',''
  ) );
#4154 = ORIENTED_EDGE('',*,*,#4105,.F.);
#4155 = ADVANCED_FACE('',(#4156),#4143,.T.);
#4156 = FACE_BOUND('',#4157,.T.);
#4157 = EDGE_LOOP('',(#4158,#4159,#4182,#4209));
#4158 = ORIENTED_EDGE('',*,*,#4128,.T.);
#4159 = ORIENTED_EDGE('',*,*,#4160,.T.);
#4160 = EDGE_CURVE('',#4106,#4161,#4163,.T.);
#4161 = VERTEX_POINT('',#4162);
#4162 = CARTESIAN_POINT('',(13.7,0.,-386.));
#4163 = SEAM_CURVE('',#4164,(#4168,#4175),.PCURVE_S1.);
#4164 = LINE('',#4165,#4166);
#4165 = CARTESIAN_POINT('',(14.,0.,-389.));
#4166 = VECTOR('',#4167,1.);
#4167 = DIRECTION('',(-9.9503719021E-02,0.,0.99503719021));
#4168 = PCURVE('',#4143,#4169);
#4169 = DEFINITIONAL_REPRESENTATION('',(#4170),#4174);
#4170 = LINE('',#4171,#4172);
#4171 = CARTESIAN_POINT('',(-0.,-0.));
#4172 = VECTOR('',#4173,1.);
#4173 = DIRECTION('',(-0.,-1.));
#4174 = ( GEOMETRIC_REPRESENTATION_CONTEXT(2) 
PARAMETRIC_REPRESENTATION_CONTEXT() REPRESENTATION_CONTEXT('2D SPACE',''
  ) );
#4175 = PCURVE('',#4143,#4176);
#4176 = DEFINITIONAL_REPRESENTATION('',(#4177),#4181);
#4177 = LINE('',#4178,#4179);
#4178 = CARTESIAN_POINT('',(-6.28318530718,-0.));
#4179 = VECTOR('',#4180,1.);
#4180 = DIRECTION('',(-0.,-1.));
#4181 = ( GEOMETRIC_REPRESENTATION_CONTEXT(2) 
PARAMETRIC_REPRESENTATION_CONTEXT() REPRESENTATION_CONTEXT('2D SPACE',''
  ) );
#4182 = ORIENTED_EDGE('',*,*,#4183,.F.);
#4183 = EDGE_CURVE('',#4161,#4161,#4184,.T.);
#4184 = SURFACE_CURVE('',#4185,(#4190,#4197),.PCURVE_S1.);
#4185 = CIRCLE('',#4186,13.7);
#4186 = AXIS2_PLACEMENT_3D('',#4187,#4188,#4189);
#4187 = CARTESIAN_POINT('',(0.,0.,-386.));
#4188 = DIRECTION('',(0.,0.,1.));
#4189 = DIRECTION('',(1.,0.,-0.));
#4190 = PCURVE('',#4143,#4191);
#4191 = DEFINITIONAL_REPRESENTATION('',(#4192),#4196);
#4192 = LINE('',#4193,#4194);
#4193 = CARTESIAN_POINT('',(-0.,-3.));
#4194 = VECTOR('',#4195,1.);
#4195 = DIRECTION('',(-1.,-0.));
#4196 = ( GEOMETRIC_REPRESENTATION_CONTEXT(2) 
PARAMETRIC_REPRESENTATION_CONTEXT() REPRESENTATION_CONTEXT('2D SPACE',''
  ) );
#4197 = PCURVE('',#4198,#4203);
#4198 = CONICAL_SURFACE('',#4199,13.7,9.966865249116E-02);
#4199 = AXIS2_PLACEMENT_3D('',#4200,#4201,#4202);
#4200 = CARTESIAN_POINT('',(0.,0.,-386.));
#4201 = DIRECTION('',(0.,0.,1.));
#4202 = DIRECTION('',(1.,0.,-0.));
#4203 = DEFINITIONAL_REPRESENTATION('',(#4204),#4208);
#4204 = LINE('',#4205,#4206);
#4205 = CARTESIAN_POINT('',(0.,0.));
#4206 = VECTOR('',#4207,1.);
#4207 = DIRECTION('',(1.,0.));
#4208 = ( GEOMETRIC_REPRESENTATION_CONTEXT(2) 
PARAMETRIC_REPRESENTATION_CONTEXT() REPRESENTATION_CONTEXT('2D SPACE',''
  ) );
#4209 = ORIENTED_EDGE('',*,*,#4160,.F.);
#4210 = ADVANCED_FACE('',(#4211),#4198,.T.);
#4211 = FACE_BOUND('',#4212,.T.);
#4212 = EDGE_LOOP('',(#4213,#4214,#4237,#4264));
#4213 = ORIENTED_EDGE('',*,*,#4183,.T.);
#4214 = ORIENTED_EDGE('',*,*,#4215,.T.);
#4215 = EDGE_CURVE('',#4161,#4216,#4218,.T.);
#4216 = VERTEX_POINT('',#4217);
#4217 = CARTESIAN_POINT('',(14.,0.,-383.));
#4218 = SEAM_CURVE('',#4219,(#4223,#4230),.PCURVE_S1.);
#4219 = LINE('',#4220,#4221);
#4220 = CARTESIAN_POINT('',(13.7,0.,-386.));
#4221 = VECTOR('',#4222,1.);
#4222 = DIRECTION('',(9.9503719021E-02,0.,0.99503719021));
#4223 = PCURVE('',#4198,#4224);
#4224 = DEFINITIONAL_REPRESENTATION('',(#4225),#4229);
#4225 = LINE('',#4226,#4227);
#4226 = CARTESIAN_POINT('',(0.,0.));
#4227 = VECTOR('',#4228,1.);
#4228 = DIRECTION('',(0.,1.));
#4229 = ( GEOMETRIC_REPRESENTATION_CONTEXT(2) 
PARAMETRIC_REPRESENTATION_CONTEXT() REPRESENTATION_CONTEXT('2D SPACE',''
  ) );
#4230 = PCURVE('',#4198,#4231);
#4231 = DEFINITIONAL_REPRESENTATION('',(#4232),#4236);
#4232 = LINE('',#4233,#4234);
#4233 = CARTESIAN_POINT('',(6.28318530718,0.));
#4234 = VECTOR('',#4235,1.);
#4235 = DIRECTION('',(0.,1.));
#4236 = ( GEOMETRIC_REPRESENTATION_CONTEXT(2) 
PARAMETRIC_REPRESENTATION_CONTEXT() REPRESENTATION_CONTEXT('2D SPACE',''
  ) );
#4237 = ORIENTED_EDGE('',*,*,#4238,.F.);
#4238 = EDGE_CURVE('',#4216,#4216,#4239,.T.);
#4239 = SURFACE_CURVE('',#4240,(#4245,#4252),.PCURVE_S1.);
#4240 = CIRCLE('',#4241,14.);
#4241 = AXIS2_PLACEMENT_3D('',#4242,#4243,#4244);
#4242 = CARTESIAN_POINT('',(0.,0.,-383.));
#4243 = DIRECTION('',(0.,0.,1.));
#4244 = DIRECTION('',(1.,0.,-0.));
#4245 = PCURVE('',#4198,#4246);
#4246 = DEFINITIONAL_REPRESENTATION('',(#4247),#4251);
#4247 = LINE('',#4248,#4249);
#4248 = CARTESIAN_POINT('',(0.,3.));
#4249 = VECTOR('',#4250,1.);
#4250 = DIRECTION('',(1.,0.));
#4251 = ( GEOMETRIC_REPRESENTATION_CONTEXT(2) 
PARAMETRIC_REPRESENTATION_CONTEXT() REPRESENTATION_CONTEXT('2D SPACE',''
  ) );
#4252 = PCURVE('',#4253,#4258);
#4253 = CONICAL_SURFACE('',#4254,14.,9.966865249116E-02);
#4254 = AXIS2_PLACEMENT_3D('',#4255,#4256,#4257);
#4255 = CARTESIAN_POINT('',(0.,0.,-383.));
#4256 = DIRECTION('',(-0.,-0.,-1.));
#4257 = DIRECTION('',(1.,0.,-0.));
#4258 = DEFINITIONAL_REPRESENTATION('',(#4259),#4263);
#4259 = LINE('',#4260,#4261);
#4260 = CARTESIAN_POINT('',(-0.,-0.));
#4261 = VECTOR('',#4262,1.);
#4262 = DIRECTION('',(-1.,-0.));
#4263 = ( GEOMETRIC_REPRESENTATION_CONTEXT(2) 
PARAMETRIC_REPRESENTATION_CONTEXT() REPRESENTATION_CONTEXT('2D SPACE',''
  ) );
#4264 = ORIENTED_EDGE('',*,*,#4215,.F.);
#4265 = ADVANCED_FACE('',(#4266),#4253,.T.);
#4266 = FACE_BOUND('',#4267,.T.);
#4267 = EDGE_LOOP('',(#4268,#4269,#4292,#4319));
#4268 = ORIENTED_EDGE('',*,*,#4238,.T.);
#4269 = ORIENTED_EDGE('',*,*,#4270,.T.);
#4270 = EDGE_CURVE('',#4216,#4271,#4273,.T.);
#4271 = VERTEX_POINT('',#4272);
#4272 = CARTESIAN_POINT('',(13.7,0.,-380.));
#4273 = SEAM_CURVE('',#4274,(#4278,#4285),.PCURVE_S1.);
#4274 = LINE('',#4275,#4276);
#4275 = CARTESIAN_POINT('',(14.,0.,-383.));
#4276 = VECTOR('',#4277,1.);
#4277 = DIRECTION('',(-9.9503719021E-02,0.,0.99503719021));
#4278 = PCURVE('',#4253,#4279);
#4279 = DEFINITIONAL_REPRESENTATION('',(#4280),#4284);
#4280 = LINE('',#4281,#4282);
#4281 = CARTESIAN_POINT('',(-0.,-0.));
#4282 = VECTOR('',#4283,1.);
#4283 = DIRECTION('',(-0.,-1.));
#4284 = ( GEOMETRIC_REPRESENTATION_CONTEXT(2) 
PARAMETRIC_REPRESENTATION_CONTEXT() REPRESENTATION_CONTEXT('2D SPACE',''
  ) );
#4285 = PCURVE('',#4253,#4286);
#4286 = DEFINITIONAL_REPRESENTATION('',(#4287),#4291);
#4287 = LINE('',#4288,#4289);
#4288 = CARTESIAN_POINT('',(-6.28318530718,-0.));
#4289 = VECTOR('',#4290,1.);
#4290 = DIRECTION('',(-0.,-1.));
#4291 = ( GEOMETRIC_REPRESENTATION_CONTEXT(2) 
PARAMETRIC_REPRESENTATION_CONTEXT() REPRESENTATION_CONTEXT('2D SPACE',''
  ) );
#4292 = ORIENTED_EDGE('',*,*,#4293,.F.);
#4293 = EDGE_CURVE('',#4271,#4271,#4294,.T.);
#4294 = SURFACE_CURVE('',#4295,(#4300,#4307),.PCURVE_S1.);
#4295 = CIRCLE('',#4296,13.7);
#4296 = AXIS2_PLACEMENT_3D('',#4297,#4298,#4299);
#4297 = CARTESIAN_POINT('',(0.,0.,-380.));
#4298 = DIRECTION('',(0.,0.,1.));
#4299 = DIRECTION('',(1.,0.,-0.));
#4300 = PCURVE('',#4253,#4301);
#4301 = DEFINITIONAL_REPRESENTATION('',(#4302),#4306);
#4302 = LINE('',#4303,#4304);
#4303 = CARTESIAN_POINT('',(-0.,-3.));
#4304 = VECTOR('',#4305,1.);
#4305 = DIRECTION('',(-1.,-0.));
#4306 = ( GEOMETRIC_REPRESENTATION_CONTEXT(2) 
PARAMETRIC_REPRESENTATION_CONTEXT() REPRESENTATION_CONTEXT('2D SPACE',''
  ) );
#4307 = PCURVE('',#4308,#4313);
#4308 = CONICAL_SURFACE('',#4309,13.7,9.966865249116E-02);
#4309 = AXIS2_PLACEMENT_3D('',#4310,#4311,#4312);
#4310 = CARTESIAN_POINT('',(0.,0.,-380.));
#4311 = DIRECTION('',(0.,0.,1.));
#4312 = DIRECTION('',(1.,0.,-0.));
#4313 = DEFINITIONAL_REPRESENTATION('',(#4314),#4318);
#4314 = LINE('',#4315,#4316);
#4315 = CARTESIAN_POINT('',(0.,0.));
#4316 = VECTOR('',#4317,1.);
#4317 = DIRECTION('',(1.,0.));
#4318 = ( GEOMETRIC_REPRESENTATION_CONTEXT(2) 
PARAMETRIC_REPRESENTATION_CONTEXT() REPRESENTATION_CONTEXT('2D SPACE',''
  ) );
#4319 = ORIENTED_EDGE('',*,*,#4270,.F.);
#4320 = ADVANCED_FACE('',(#4321),#4308,.T.);
#4321 = FACE_BOUND('',#4322,.T.);
#4322 = EDGE_LOOP('',(#4323,#4324,#4347,#4374));
#4323 = ORIENTED_EDGE('',*,*,#4293,.T.);
#4324 = ORIENTED_EDGE('',*,*,#4325,.T.);
#4325 = EDGE_CURVE('',#4271,#4326,#4328,.T.);
#4326 = VERTEX_POINT('',#4327);
#4327 = CARTESIAN_POINT('',(14.,0.,-377.));
#4328 = SEAM_CURVE('',#4329,(#4333,#4340),.PCURVE_S1.);
#4329 = LINE('',#4330,#4331);
#4330 = CARTESIAN_POINT('',(13.7,0.,-380.));
#4331 = VECTOR('',#4332,1.);
#4332 = DIRECTION('',(9.9503719021E-02,0.,0.99503719021));
#4333 = PCURVE('',#4308,#4334);
#4334 = DEFINITIONAL_REPRESENTATION('',(#4335),#4339);
#4335 = LINE('',#4336,#4337);
#4336 = CARTESIAN_POINT('',(0.,0.));
#4337 = VECTOR('',#4338,1.);
#4338 = DIRECTION('',(0.,1.));
#4339 = ( GEOMETRIC_REPRESENTATION_CONTEXT(2) 
PARAMETRIC_REPRESENTATION_CONTEXT() REPRESENTATION_CONTEXT('2D SPACE',''
  ) );
#4340 = PCURVE('',#4308,#4341);
#4341 = DEFINITIONAL_REPRESENTATION('',(#4342),#4346);
#4342 = LINE('',#4343,#4344);
#4343 = CARTESIAN_POINT('',(6.28318530718,0.));
#4344 = VECTOR('',#4345,1.);
#4345 = DIRECTION('',(0.,1.));
#4346 = ( GEOMETRIC_REPRESENTATION_CONTEXT(2) 
PARAMETRIC_REPRESENTATION_CONTEXT() REPRESENTATION_CONTEXT('2D SPACE',''
  ) );
#4347 = ORIENTED_EDGE('',*,*,#4348,.F.);
#4348 = EDGE_CURVE('',#4326,#4326,#4349,.T.);
#4349 = SURFACE_CURVE('',#4350,(#4355,#4362),.PCURVE_S1.);
#4350 = CIRCLE('',#4351,14.);
#4351 = AXIS2_PLACEMENT_3D('',#4352,#4353,#4354);
#4352 = CARTESIAN_POINT('',(0.,0.,-377.));
#4353 = DIRECTION('',(0.,0.,1.));
#4354 = DIRECTION('',(1.,0.,-0.));
#4355 = PCURVE('',#4308,#4356);
#4356 = DEFINITIONAL_REPRESENTATION('',(#4357),#4361);
#4357 = LINE('',#4358,#4359);
#4358 = CARTESIAN_POINT('',(0.,3.));
#4359 = VECTOR('',#4360,1.);
#4360 = DIRECTION('',(1.,0.));
#4361 = ( GEOMETRIC_REPRESENTATION_CONTEXT(2) 
PARAMETRIC_REPRESENTATION_CONTEXT() REPRESENTATION_CONTEXT('2D SPACE',''
  ) );
#4362 = PCURVE('',#4363,#4368);
#4363 = CONICAL_SURFACE('',#4364,14.,9.966865249116E-02);
#4364 = AXIS2_PLACEMENT_3D('',#4365,#4366,#4367);
#4365 = CARTESIAN_POINT('',(0.,0.,-377.));
#4366 = DIRECTION('',(-0.,-0.,-1.));
#4367 = DIRECTION('',(1.,0.,-0.));
#4368 = DEFINITIONAL_REPRESENTATION('',(#4369),#4373);
#4369 = LINE('',#4370,#4371);
#4370 = CARTESIAN_POINT('',(-0.,-0.));
#4371 = VECTOR('',#4372,1.);
#4372 = DIRECTION('',(-1.,-0.));
#4373 = ( GEOMETRIC_REPRESENTATION_CONTEXT(2) 
PARAMETRIC_REPRESENTATION_CONTEXT() REPRESENTATION_CONTEXT('2D SPACE',''
  ) );
#4374 = ORIENTED_EDGE('',*,*,#4325,.F.);
#4375 = ADVANCED_FACE('',(#4376),#4363,.T.);
#4376 = FACE_BOUND('',#4377,.T.);
#4377 = EDGE_LOOP('',(#4378,#4379,#4402,#4429));
#4378 = ORIENTED_EDGE('',*,*,#4348,.T.);
#4379 = ORIENTED_EDGE('',*,*,#4380,.T.);
#4380 = EDGE_CURVE('',#4326,#4381,#4383,.T.);
#4381 = VERTEX_POINT('',#4382);
#4382 = CARTESIAN_POINT('',(13.7,0.,-374.));
#4383 = SEAM_CURVE('',#4384,(#4388,#4395),.PCURVE_S1.);
#4384 = LINE('',#4385,#4386);
#4385 = CARTESIAN_POINT('',(14.,0.,-377.));
#4386 = VECTOR('',#4387,1.);
#4387 = DIRECTION('',(-9.9503719021E-02,0.,0.99503719021));
#4388 = PCURVE('',#4363,#4389);
#4389 = DEFINITIONAL_REPRESENTATION('',(#4390),#4394);
#4390 = LINE('',#4391,#4392);
#4391 = CARTESIAN_POINT('',(-0.,-0.));
#4392 = VECTOR('',#4393,1.);
#4393 = DIRECTION('',(-0.,-1.));
#4394 = ( GEOMETRIC_REPRESENTATION_CONTEXT(2) 
PARAMETRIC_REPRESENTATION_CONTEXT() REPRESENTATION_CONTEXT('2D SPACE',''
  ) );
#4395 = PCURVE('',#4363,#4396);
#4396 = DEFINITIONAL_REPRESENTATION('',(#4397),#4401);
#4397 = LINE('',#4398,#4399);
#4398 = CARTESIAN_POINT('',(-6.28318530718,-0.));
#4399 = VECTOR('',#4400,1.);
#4400 = DIRECTION('',(-0.,-1.));
#4401 = ( GEOMETRIC_REPRESENTATION_CONTEXT(2) 
PARAMETRIC_REPRESENTATION_CONTEXT() REPRESENTATION_CONTEXT('2D SPACE',''
  ) );
#4402 = ORIENTED_EDGE('',*,*,#4403,.F.);
#4403 = EDGE_CURVE('',#4381,#4381,#4404,.T.);
#4404 = SURFACE_CURVE('',#4405,(#4410,#4417),.PCURVE_S1.);
#4405 = CIRCLE('',#4406,13.7);
#4406 = AXIS2_PLACEMENT_3D('',#4407,#4408,#4409);
#4407 = CARTESIAN_POINT('',(0.,0.,-374.));
#4408 = DIRECTION('',(0.,0.,1.));
#4409 = DIRECTION('',(1.,0.,-0.));
#4410 = PCURVE('',#4363,#4411);
#4411 = DEFINITIONAL_REPRESENTATION('',(#4412),#4416);
#4412 = LINE('',#4413,#4414);
#4413 = CARTESIAN_POINT('',(-0.,-3.));
#4414 = VECTOR('',#4415,1.);
#4415 = DIRECTION('',(-1.,-0.));
#4416 = ( GEOMETRIC_REPRESENTATION_CONTEXT(2) 
PARAMETRIC_REPRESENTATION_CONTEXT() REPRESENTATION_CONTEXT('2D SPACE',''
  ) );
#4417 = PCURVE('',#4418,#4423);
#4418 = CONICAL_SURFACE('',#4419,13.7,9.966865249116E-02);
#4419 = AXIS2_PLACEMENT_3D('',#4420,#4421,#4422);
#4420 = CARTESIAN_POINT('',(0.,0.,-374.));
#4421 = DIRECTION('',(0.,0.,1.));
#4422 = DIRECTION('',(1.,0.,-0.));
#4423 = DEFINITIONAL_REPRESENTATION('',(#4424),#4428);
#4424 = LINE('',#4425,#4426);
#4425 = CARTESIAN_POINT('',(0.,0.));
#4426 = VECTOR('',#4427,1.);
#4427 = DIRECTION('',(1.,0.));
#4428 = ( GEOMETRIC_REPRESENTATION_CONTEXT(2) 
PARAMETRIC_REPRESENTATION_CONTEXT() REPRESENTATION_CONTEXT('2D SPACE',''
  ) );
#4429 = ORIENTED_EDGE('',*,*,#4380,.F.);
#4430 = ADVANCED_FACE('',(#4431),#4418,.T.);
#4431 = FACE_BOUND('',#4432,.T.);
#4432 = EDGE_LOOP('',(#4433,#4434,#4457,#4484));
#4433 = ORIENTED_EDGE('',*,*,#4403,.T.);
#4434 = ORIENTED_EDGE('',*,*,#4435,.T.);
#4435 = EDGE_CURVE('',#4381,#4436,#4438,.T.);
#4436 = VERTEX_POINT('',#4437);
#4437 = CARTESIAN_POINT('',(14.,0.,-371.));
#4438 = SEAM_CURVE('',#4439,(#4443,#4450),.PCURVE_S1.);
#4439 = LINE('',#4440,#4441);
#4440 = CARTESIAN_POINT('',(13.7,0.,-374.));
#4441 = VECTOR('',#4442,1.);
#4442 = DIRECTION('',(9.9503719021E-02,0.,0.99503719021));
#4443 = PCURVE('',#4418,#4444);
#4444 = DEFINITIONAL_REPRESENTATION('',(#4445),#4449);
#4445 = LINE('',#4446,#4447);
#4446 = CARTESIAN_POINT('',(0.,0.));
#4447 = VECTOR('',#4448,1.);
#4448 = DIRECTION('',(0.,1.));
#4449 = ( GEOMETRIC_REPRESENTATION_CONTEXT(2) 
PARAMETRIC_REPRESENTATION_CONTEXT() REPRESENTATION_CONTEXT('2D SPACE',''
  ) );
#4450 = PCURVE('',#4418,#4451);
#4451 = DEFINITIONAL_REPRESENTATION('',(#4452),#4456);
#4452 = LINE('',#4453,#4454);
#4453 = CARTESIAN_POINT('',(6.28318530718,0.));
#4454 = VECTOR('',#4455,1.);
#4455 = DIRECTION('',(0.,1.));
#4456 = ( GEOMETRIC_REPRESENTATION_CONTEXT(2) 
PARAMETRIC_REPRESENTATION_CONTEXT() REPRESENTATION_CONTEXT('2D SPACE',''
  ) );
#4457 = ORIENTED_EDGE('',*,*,#4458,.F.);
#4458 = EDGE_CURVE('',#4436,#4436,#4459,.T.);
#4459 = SURFACE_CURVE('',#4460,(#4465,#4472),.PCURVE_S1.);
#4460 = CIRCLE('',#4461,14.);
#4461 = AXIS2_PLACEMENT_3D('',#4462,#4463,#4464);
#4462 = CARTESIAN_POINT('',(0.,0.,-371.));
#4463 = DIRECTION('',(0.,0.,1.));
#4464 = DIRECTION('',(1.,0.,-0.));
#4465 = PCURVE('',#4418,#4466);
#4466 = DEFINITIONAL_REPRESENTATION('',(#4467),#4471);
#4467 = LINE('',#4468,#4469);
#4468 = CARTESIAN_POINT('',(0.,3.));
#4469 = VECTOR('',#4470,1.);
#4470 = DIRECTION('',(1.,0.));
#4471 = ( GEOMETRIC_REPRESENTATION_CONTEXT(2) 
PARAMETRIC_REPRESENTATION_CONTEXT() REPRESENTATION_CONTEXT('2D SPACE',''
  ) );
#4472 = PCURVE('',#4473,#4478);
#4473 = CONICAL_SURFACE('',#4474,14.,9.966865249116E-02);
#4474 = AXIS2_PLACEMENT_3D('',#4475,#4476,#4477);
#4475 = CARTESIAN_POINT('',(0.,0.,-371.));
#4476 = DIRECTION('',(-0.,-0.,-1.));
#4477 = DIRECTION('',(1.,0.,-0.));
#4478 = DEFINITIONAL_REPRESENTATION('',(#4479),#4483);
#4479 = LINE('',#4480,#4481);
#4480 = CARTESIAN_POINT('',(-0.,-0.));
#4481 = VECTOR('',#4482,1.);
#4482 = DIRECTION('',(-1.,-0.));
#4483 = ( GEOMETRIC_REPRESENTATION_CONTEXT(2) 
PARAMETRIC_REPRESENTATION_CONTEXT() REPRESENTATION_CONTEXT('2D SPACE',''
  ) );
#4484 = ORIENTED_EDGE('',*,*,#4435,.F.);
#4485 = ADVANCED_FACE('',(#4486),#4473,.T.);
#4486 = FACE_BOUND('',#4487,.T.);
#4487 = EDGE_LOOP('',(#4488,#4489,#4512,#4539));
#4488 = ORIENTED_EDGE('',*,*,#4458,.T.);
#4489 = ORIENTED_EDGE('',*,*,#4490,.T.);
#4490 = EDGE_CURVE('',#4436,#4491,#4493,.T.);
#4491 = VERTEX_POINT('',#4492);
#4492 = CARTESIAN_POINT('',(13.7,0.,-368.));
#4493 = SEAM_CURVE('',#4494,(#4498,#4505),.PCURVE_S1.);
#4494 = LINE('',#4495,#4496);
#4495 = CARTESIAN_POINT('',(14.,0.,-371.));
#4496 = VECTOR('',#4497,1.);
#4497 = DIRECTION('',(-9.9503719021E-02,0.,0.99503719021));
#4498 = PCURVE('',#4473,#4499);
#4499 = DEFINITIONAL_REPRESENTATION('',(#4500),#4504);
#4500 = LINE('',#4501,#4502);
#4501 = CARTESIAN_POINT('',(-0.,-0.));
#4502 = VECTOR('',#4503,1.);
#4503 = DIRECTION('',(-0.,-1.));
#4504 = ( GEOMETRIC_REPRESENTATION_CONTEXT(2) 
PARAMETRIC_REPRESENTATION_CONTEXT() REPRESENTATION_CONTEXT('2D SPACE',''
  ) );
#4505 = PCURVE('',#4473,#4506);
#4506 = DEFINITIONAL_REPRESENTATION('',(#4507),#4511);
#4507 = LINE('',#4508,#4509);
#4508 = CARTESIAN_POINT('',(-6.28318530718,-0.));
#4509 = VECTOR('',#4510,1.);
#4510 = DIRECTION('',(-0.,-1.));
#4511 = ( GEOMETRIC_REPRESENTATION_CONTEXT(2) 
PARAMETRIC_REPRESENTATION_CONTEXT() REPRESENTATION_CONTEXT('2D SPACE',''
  ) );
#4512 = ORIENTED_EDGE('',*,*,#4513,.F.);
#4513 = EDGE_CURVE('',#4491,#4491,#4514,.T.);
#4514 = SURFACE_CURVE('',#4515,(#4520,#4527),.PCURVE_S1.);
#4515 = CIRCLE('',#4516,13.7);
#4516 = AXIS2_PLACEMENT_3D('',#4517,#4518,#4519);
#4517 = CARTESIAN_POINT('',(0.,0.,-368.));
#4518 = DIRECTION('',(0.,0.,1.));
#4519 = DIRECTION('',(1.,0.,-0.));
#4520 = PCURVE('',#4473,#4521);
#4521 = DEFINITIONAL_REPRESENTATION('',(#4522),#4526);
#4522 = LINE('',#4523,#4524);
#4523 = CARTESIAN_POINT('',(-0.,-3.));
#4524 = VECTOR('',#4525,1.);
#4525 = DIRECTION('',(-1.,-0.));
#4526 = ( GEOMETRIC_REPRESENTATION_CONTEXT(2) 
PARAMETRIC_REPRESENTATION_CONTEXT() REPRESENTATION_CONTEXT('2D SPACE',''
  ) );
#4527 = PCURVE('',#4528,#4533);
#4528 = CONICAL_SURFACE('',#4529,13.7,9.966865249116E-02);
#4529 = AXIS2_PLACEMENT_3D('',#4530,#4531,#4532);
#4530 = CARTESIAN_POINT('',(0.,0.,-368.));
#4531 = DIRECTION('',(0.,0.,1.));
#4532 = DIRECTION('',(1.,0.,-0.));
#4533 = DEFINITIONAL_REPRESENTATION('',(#4534),#4538);
#4534 = LINE('',#4535,#4536);
#4535 = CARTESIAN_POINT('',(0.,0.));
#4536 = VECTOR('',#4537,1.);
#4537 = DIRECTION('',(1.,0.));
#4538 = ( GEOMETRIC_REPRESENTATION_CONTEXT(2) 
PARAMETRIC_REPRESENTATION_CONTEXT() REPRESENTATION_CONTEXT('2D SPACE',''
  ) );
#4539 = ORIENTED_EDGE('',*,*,#4490,.F.);
#4540 = ADVANCED_FACE('',(#4541),#4528,.T.);
#4541 = FACE_BOUND('',#4542,.T.);
#4542 = EDGE_LOOP('',(#4543,#4544,#4567,#4594));
#4543 = ORIENTED_EDGE('',*,*,#4513,.T.);
#4544 = ORIENTED_EDGE('',*,*,#4545,.T.);
#4545 = EDGE_CURVE('',#4491,#4546,#4548,.T.);
#4546 = VERTEX_POINT('',#4547);
#4547 = CARTESIAN_POINT('',(14.,0.,-365.));
#4548 = SEAM_CURVE('',#4549,(#4553,#4560),.PCURVE_S1.);
#4549 = LINE('',#4550,#4551);
#4550 = CARTESIAN_POINT('',(13.7,0.,-368.));
#4551 = VECTOR('',#4552,1.);
#4552 = DIRECTION('',(9.9503719021E-02,0.,0.99503719021));
#4553 = PCURVE('',#4528,#4554);
#4554 = DEFINITIONAL_REPRESENTATION('',(#4555),#4559);
#4555 = LINE('',#4556,#4557);
#4556 = CARTESIAN_POINT('',(0.,0.));
#4557 = VECTOR('',#4558,1.);
#4558 = DIRECTION('',(0.,1.));
#4559 = ( GEOMETRIC_REPRESENTATION_CONTEXT(2) 
PARAMETRIC_REPRESENTATION_CONTEXT() REPRESENTATION_CONTEXT('2D SPACE',''
  ) );
#4560 = PCURVE('',#4528,#4561);
#4561 = DEFINITIONAL_REPRESENTATION('',(#4562),#4566);
#4562 = LINE('',#4563,#4564);
#4563 = CARTESIAN_POINT('',(6.28318530718,0.));
#4564 = VECTOR('',#4565,1.);
#4565 = DIRECTION('',(0.,1.));
#4566 = ( GEOMETRIC_REPRESENTATION_CONTEXT(2) 
PARAMETRIC_REPRESENTATION_CONTEXT() REPRESENTATION_CONTEXT('2D SPACE',''
  ) );
#4567 = ORIENTED_EDGE('',*,*,#4568,.F.);
#4568 = EDGE_CURVE('',#4546,#4546,#4569,.T.);
#4569 = SURFACE_CURVE('',#4570,(#4575,#4582),.PCURVE_S1.);
#4570 = CIRCLE('',#4571,14.);
#4571 = AXIS2_PLACEMENT_3D('',#4572,#4573,#4574);
#4572 = CARTESIAN_POINT('',(0.,0.,-365.));
#4573 = DIRECTION('',(0.,0.,1.));
#4574 = DIRECTION('',(1.,0.,-0.));
#4575 = PCURVE('',#4528,#4576);
#4576 = DEFINITIONAL_REPRESENTATION('',(#4577),#4581);
#4577 = LINE('',#4578,#4579);
#4578 = CARTESIAN_POINT('',(0.,3.));
#4579 = VECTOR('',#4580,1.);
#4580 = DIRECTION('',(1.,0.));
#4581 = ( GEOMETRIC_REPRESENTATION_CONTEXT(2) 
PARAMETRIC_REPRESENTATION_CONTEXT() REPRESENTATION_CONTEXT('2D SPACE',''
  ) );
#4582 = PCURVE('',#4583,#4588);
#4583 = CONICAL_SURFACE('',#4584,14.,9.966865249116E-02);
#4584 = AXIS2_PLACEMENT_3D('',#4585,#4586,#4587);
#4585 = CARTESIAN_POINT('',(0.,0.,-365.));
#4586 = DIRECTION('',(-0.,-0.,-1.));
#4587 = DIRECTION('',(1.,0.,-0.));
#4588 = DEFINITIONAL_REPRESENTATION('',(#4589),#4593);
#4589 = LINE('',#4590,#4591);
#4590 = CARTESIAN_POINT('',(-0.,-0.));
#4591 = VECTOR('',#4592,1.);
#4592 = DIRECTION('',(-1.,-0.));
#4593 = ( GEOMETRIC_REPRESENTATION_CONTEXT(2) 
PARAMETRIC_REPRESENTATION_CONTEXT() REPRESENTATION_CONTEXT('2D SPACE',''
  ) );
#4594 = ORIENTED_EDGE('',*,*,#4545,.F.);
#4595 = ADVANCED_FACE('',(#4596),#4583,.T.);
#4596 = FACE_BOUND('',#4597,.T.);
#4597 = EDGE_LOOP('',(#4598,#4599,#4622,#4649));
#4598 = ORIENTED_EDGE('',*,*,#4568,.T.);
#4599 = ORIENTED_EDGE('',*,*,#4600,.T.);
#4600 = EDGE_CURVE('',#4546,#4601,#4603,.T.);
#4601 = VERTEX_POINT('',#4602);
#4602 = CARTESIAN_POINT('',(13.7,0.,-362.));
#4603 = SEAM_CURVE('',#4604,(#4608,#4615),.PCURVE_S1.);
#4604 = LINE('',#4605,#4606);
#4605 = CARTESIAN_POINT('',(14.,0.,-365.));
#4606 = VECTOR('',#4607,1.);
#4607 = DIRECTION('',(-9.9503719021E-02,0.,0.99503719021));
#4608 = PCURVE('',#4583,#4609);
#4609 = DEFINITIONAL_REPRESENTATION('',(#4610),#4614);
#4610 = LINE('',#4611,#4612);
#4611 = CARTESIAN_POINT('',(-0.,-0.));
#4612 = VECTOR('',#4613,1.);
#4613 = DIRECTION('',(-0.,-1.));
#4614 = ( GEOMETRIC_REPRESENTATION_CONTEXT(2) 
PARAMETRIC_REPRESENTATION_CONTEXT() REPRESENTATION_CONTEXT('2D SPACE',''
  ) );
#4615 = PCURVE('',#4583,#4616);
#4616 = DEFINITIONAL_REPRESENTATION('',(#4617),#4621);
#4617 = LINE('',#4618,#4619);
#4618 = CARTESIAN_POINT('',(-6.28318530718,-0.));
#4619 = VECTOR('',#4620,1.);
#4620 = DIRECTION('',(-0.,-1.));
#4621 = ( GEOMETRIC_REPRESENTATION_CONTEXT(2) 
PARAMETRIC_REPRESENTATION_CONTEXT() REPRESENTATION_CONTEXT('2D SPACE',''
  ) );
#4622 = ORIENTED_EDGE('',*,*,#4623,.F.);
#4623 = EDGE_CURVE('',#4601,#4601,#4624,.T.);
#4624 = SURFACE_CURVE('',#4625,(#4630,#4637),.PCURVE_S1.);
#4625 = CIRCLE('',#4626,13.7);
#4626 = AXIS2_PLACEMENT_3D('',#4627,#4628,#4629);
#4627 = CARTESIAN_POINT('',(0.,0.,-362.));
#4628 = DIRECTION('',(0.,0.,1.));
#4629 = DIRECTION('',(1.,0.,-0.));
#4630 = PCURVE('',#4583,#4631);
#4631 = DEFINITIONAL_REPRESENTATION('',(#4632),#4636);
#4632 = LINE('',#4633,#4634);
#4633 = CARTESIAN_POINT('',(-0.,-3.));
#4634 = VECTOR('',#4635,1.);
#4635 = DIRECTION('',(-1.,-0.));
#4636 = ( GEOMETRIC_REPRESENTATION_CONTEXT(2) 
PARAMETRIC_REPRESENTATION_CONTEXT() REPRESENTATION_CONTEXT('2D SPACE',''
  ) );
#4637 = PCURVE('',#4638,#4643);
#4638 = CONICAL_SURFACE('',#4639,13.7,9.966865249116E-02);
#4639 = AXIS2_PLACEMENT_3D('',#4640,#4641,#4642);
#4640 = CARTESIAN_POINT('',(0.,0.,-362.));
#4641 = DIRECTION('',(0.,0.,1.));
#4642 = DIRECTION('',(1.,0.,-0.));
#4643 = DEFINITIONAL_REPRESENTATION('',(#4644),#4648);
#4644 = LINE('',#4645,#4646);
#4645 = CARTESIAN_POINT('',(0.,0.));
#4646 = VECTOR('',#4647,1.);
#4647 = DIRECTION('',(1.,0.));
#4648 = ( GEOMETRIC_REPRESENTATION_CONTEXT(2) 
PARAMETRIC_REPRESENTATION_CONTEXT() REPRESENTATION_CONTEXT('2D SPACE',''
  ) );
#4649 = ORIENTED_EDGE('',*,*,#4600,.F.);
#4650 = ADVANCED_FACE('',(#4651),#4638,.T.);
#4651 = FACE_BOUND('',#4652,.T.);
#4652 = EDGE_LOOP('',(#4653,#4654,#4677,#4704));
#4653 = ORIENTED_EDGE('',*,*,#4623,.T.);
#4654 = ORIENTED_EDGE('',*,*,#4655,.T.);
#4655 = EDGE_CURVE('',#4601,#4656,#4658,.T.);
#4656 = VERTEX_POINT('',#4657);
#4657 = CARTESIAN_POINT('',(14.,0.,-359.));
#4658 = SEAM_CURVE('',#4659,(#4663,#4670),.PCURVE_S1.);
#4659 = LINE('',#4660,#4661);
#4660 = CARTESIAN_POINT('',(13.7,0.,-362.));
#4661 = VECTOR('',#4662,1.);
#4662 = DIRECTION('',(9.9503719021E-02,0.,0.99503719021));
#4663 = PCURVE('',#4638,#4664);
#4664 = DEFINITIONAL_REPRESENTATION('',(#4665),#4669);
#4665 = LINE('',#4666,#4667);
#4666 = CARTESIAN_POINT('',(0.,0.));
#4667 = VECTOR('',#4668,1.);
#4668 = DIRECTION('',(0.,1.));
#4669 = ( GEOMETRIC_REPRESENTATION_CONTEXT(2) 
PARAMETRIC_REPRESENTATION_CONTEXT() REPRESENTATION_CONTEXT('2D SPACE',''
  ) );
#4670 = PCURVE('',#4638,#4671);
#4671 = DEFINITIONAL_REPRESENTATION('',(#4672),#4676);
#4672 = LINE('',#4673,#4674);
#4673 = CARTESIAN_POINT('',(6.28318530718,0.));
#4674 = VECTOR('',#4675,1.);
#4675 = DIRECTION('',(0.,1.));
#4676 = ( GEOMETRIC_REPRESENTATION_CONTEXT(2) 
PARAMETRIC_REPRESENTATION_CONTEXT() REPRESENTATION_CONTEXT('2D SPACE',''
  ) );
#4677 = ORIENTED_EDGE('',*,*,#4678,.F.);
#4678 = EDGE_CURVE('',#4656,#4656,#4679,.T.);
#4679 = SURFACE_CURVE('',#4680,(#4685,#4692),.PCURVE_S1.);
#4680 = CIRCLE('',#4681,14.);
#4681 = AXIS2_PLACEMENT_3D('',#4682,#4683,#4684);
#4682 = CARTESIAN_POINT('',(0.,0.,-359.));
#4683 = DIRECTION('',(0.,0.,1.));
#4684 = DIRECTION('',(1.,0.,-0.));
#4685 = PCURVE('',#4638,#4686);
#4686 = DEFINITIONAL_REPRESENTATION('',(#4687),#4691);
#4687 = LINE('',#4688,#4689);
#4688 = CARTESIAN_POINT('',(0.,3.));
#4689 = VECTOR('',#4690,1.);
#4690 = DIRECTION('',(1.,0.));
#4691 = ( GEOMETRIC_REPRESENTATION_CONTEXT(2) 
PARAMETRIC_REPRESENTATION_CONTEXT() REPRESENTATION_CONTEXT('2D SPACE',''
  ) );
#4692 = PCURVE('',#4693,#4698);
#4693 = CONICAL_SURFACE('',#4694,14.,9.966865249116E-02);
#4694 = AXIS2_PLACEMENT_3D('',#4695,#4696,#4697);
#4695 = CARTESIAN_POINT('',(0.,0.,-359.));
#4696 = DIRECTION('',(-0.,-0.,-1.));
#4697 = DIRECTION('',(1.,0.,-0.));
#4698 = DEFINITIONAL_REPRESENTATION('',(#4699),#4703);
#4699 = LINE('',#4700,#4701);
#4700 = CARTESIAN_POINT('',(-0.,-0.));
#4701 = VECTOR('',#4702,1.);
#4702 = DIRECTION('',(-1.,-0.));
#4703 = ( GEOMETRIC_REPRESENTATION_CONTEXT(2) 
PARAMETRIC_REPRESENTATION_CONTEXT() REPRESENTATION_CONTEXT('2D SPACE',''
  ) );
#4704 = ORIENTED_EDGE('',*,*,#4655,.F.);
#4705 = ADVANCED_FACE('',(#4706),#4693,.T.);
#4706 = FACE_BOUND('',#4707,.T.);
#4707 = EDGE_LOOP('',(#4708,#4709,#4732,#4759));
#4708 = ORIENTED_EDGE('',*,*,#4678,.T.);
#4709 = ORIENTED_EDGE('',*,*,#4710,.T.);
#4710 = EDGE_CURVE('',#4656,#4711,#4713,.T.);
#4711 = VERTEX_POINT('',#4712);
#4712 = CARTESIAN_POINT('',(13.7,0.,-356.));
#4713 = SEAM_CURVE('',#4714,(#4718,#4725),.PCURVE_S1.);
#4714 = LINE('',#4715,#4716);
#4715 = CARTESIAN_POINT('',(14.,0.,-359.));
#4716 = VECTOR('',#4717,1.);
#4717 = DIRECTION('',(-9.9503719021E-02,0.,0.99503719021));
#4718 = PCURVE('',#4693,#4719);
#4719 = DEFINITIONAL_REPRESENTATION('',(#4720),#4724);
#4720 = LINE('',#4721,#4722);
#4721 = CARTESIAN_POINT('',(-0.,-0.));
#4722 = VECTOR('',#4723,1.);
#4723 = DIRECTION('',(-0.,-1.));
#4724 = ( GEOMETRIC_REPRESENTATION_CONTEXT(2) 
PARAMETRIC_REPRESENTATION_CONTEXT() REPRESENTATION_CONTEXT('2D SPACE',''
  ) );
#4725 = PCURVE('',#4693,#4726);
#4726 = DEFINITIONAL_REPRESENTATION('',(#4727),#4731);
#4727 = LINE('',#4728,#4729);
#4728 = CARTESIAN_POINT('',(-6.28318530718,-0.));
#4729 = VECTOR('',#4730,1.);
#4730 = DIRECTION('',(-0.,-1.));
#4731 = ( GEOMETRIC_REPRESENTATION_CONTEXT(2) 
PARAMETRIC_REPRESENTATION_CONTEXT() REPRESENTATION_CONTEXT('2D SPACE',''
  ) );
#4732 = ORIENTED_EDGE('',*,*,#4733,.F.);
#4733 = EDGE_CURVE('',#4711,#4711,#4734,.T.);
#4734 = SURFACE_CURVE('',#4735,(#4740,#4747),.PCURVE_S1.);
#4735 = CIRCLE('',#4736,13.7);
#4736 = AXIS2_PLACEMENT_3D('',#4737,#4738,#4739);
#4737 = CARTESIAN_POINT('',(0.,0.,-356.));
#4738 = DIRECTION('',(0.,0.,1.));
#4739 = DIRECTION('',(1.,0.,-0.));
#4740 = PCURVE('',#4693,#4741);
#4741 = DEFINITIONAL_REPRESENTATION('',(#4742),#4746);
#4742 = LINE('',#4743,#4744);
#4743 = CARTESIAN_POINT('',(-0.,-3.));
#4744 = VECTOR('',#4745,1.);
#4745 = DIRECTION('',(-1.,-0.));
#4746 = ( GEOMETRIC_REPRESENTATION_CONTEXT(2) 
PARAMETRIC_REPRESENTATION_CONTEXT() REPRESENTATION_CONTEXT('2D SPACE',''
  ) );
#4747 = PCURVE('',#4748,#4753);
#4748 = CONICAL_SURFACE('',#4749,13.7,9.966865249116E-02);
#4749 = AXIS2_PLACEMENT_3D('',#4750,#4751,#4752);
#4750 = CARTESIAN_POINT('',(0.,0.,-356.));
#4751 = DIRECTION('',(0.,0.,1.));
#4752 = DIRECTION('',(1.,0.,-0.));
#4753 = DEFINITIONAL_REPRESENTATION('',(#4754),#4758);
#4754 = LINE('',#4755,#4756);
#4755 = CARTESIAN_POINT('',(0.,0.));
#4756 = VECTOR('',#4757,1.);
#4757 = DIRECTION('',(1.,0.));
#4758 = ( GEOMETRIC_REPRESENTATION_CONTEXT(2) 
PARAMETRIC_REPRESENTATION_CONTEXT() REPRESENTATION_CONTEXT('2D SPACE',''
  ) );
#4759 = ORIENTED_EDGE('',*,*,#4710,.F.);
#4760 = ADVANCED_FACE('',(#4761),#4748,.T.);
#4761 = FACE_BOUND('',#4762,.T.);
#4762 = EDGE_LOOP('',(#4763,#4764,#4787,#4814));
#4763 = ORIENTED_EDGE('',*,*,#4733,.T.);
#4764 = ORIENTED_EDGE('',*,*,#4765,.T.);
#4765 = EDGE_CURVE('',#4711,#4766,#4768,.T.);
#4766 = VERTEX_POINT('',#4767);
#4767 = CARTESIAN_POINT('',(14.,0.,-353.));
#4768 = SEAM_CURVE('',#4769,(#4773,#4780),.PCURVE_S1.);
#4769 = LINE('',#4770,#4771);
#4770 = CARTESIAN_POINT('',(13.7,0.,-356.));
#4771 = VECTOR('',#4772,1.);
#4772 = DIRECTION('',(9.9503719021E-02,0.,0.99503719021));
#4773 = PCURVE('',#4748,#4774);
#4774 = DEFINITIONAL_REPRESENTATION('',(#4775),#4779);
#4775 = LINE('',#4776,#4777);
#4776 = CARTESIAN_POINT('',(0.,0.));
#4777 = VECTOR('',#4778,1.);
#4778 = DIRECTION('',(0.,1.));
#4779 = ( GEOMETRIC_REPRESENTATION_CONTEXT(2) 
PARAMETRIC_REPRESENTATION_CONTEXT() REPRESENTATION_CONTEXT('2D SPACE',''
  ) );
#4780 = PCURVE('',#4748,#4781);
#4781 = DEFINITIONAL_REPRESENTATION('',(#4782),#4786);
#4782 = LINE('',#4783,#4784);
#4783 = CARTESIAN_POINT('',(6.28318530718,0.));
#4784 = VECTOR('',#4785,1.);
#4785 = DIRECTION('',(0.,1.));
#4786 = ( GEOMETRIC_REPRESENTATION_CONTEXT(2) 
PARAMETRIC_REPRESENTATION_CONTEXT() REPRESENTATION_CONTEXT('2D SPACE',''
  ) );
#4787 = ORIENTED_EDGE('',*,*,#4788,.F.);
#4788 = EDGE_CURVE('',#4766,#4766,#4789,.T.);
#4789 = SURFACE_CURVE('',#4790,(#4795,#4802),.PCURVE_S1.);
#4790 = CIRCLE('',#4791,14.);
#4791 = AXIS2_PLACEMENT_3D('',#4792,#4793,#4794);
#4792 = CARTESIAN_POINT('',(0.,0.,-353.));
#4793 = DIRECTION('',(0.,0.,1.));
#4794 = DIRECTION('',(1.,0.,-0.));
#4795 = PCURVE('',#4748,#4796);
#4796 = DEFINITIONAL_REPRESENTATION('',(#4797),#4801);
#4797 = LINE('',#4798,#4799);
#4798 = CARTESIAN_POINT('',(0.,3.));
#4799 = VECTOR('',#4800,1.);
#4800 = DIRECTION('',(1.,0.));
#4801 = ( GEOMETRIC_REPRESENTATION_CONTEXT(2) 
PARAMETRIC_REPRESENTATION_CONTEXT() REPRESENTATION_CONTEXT('2D SPACE',''
  ) );
#4802 = PCURVE('',#4803,#4808);
#4803 = CONICAL_SURFACE('',#4804,14.,9.966865249116E-02);
#4804 = AXIS2_PLACEMENT_3D('',#4805,#4806,#4807);
#4805 = CARTESIAN_POINT('',(0.,0.,-353.));
#4806 = DIRECTION('',(-0.,-0.,-1.));
#4807 = DIRECTION('',(1.,0.,-0.));
#4808 = DEFINITIONAL_REPRESENTATION('',(#4809),#4813);
#4809 = LINE('',#4810,#4811);
#4810 = CARTESIAN_POINT('',(-0.,-0.));
#4811 = VECTOR('',#4812,1.);
#4812 = DIRECTION('',(-1.,-0.));
#4813 = ( GEOMETRIC_REPRESENTATION_CONTEXT(2) 
PARAMETRIC_REPRESENTATION_CONTEXT() REPRESENTATION_CONTEXT('2D SPACE',''
  ) );
#4814 = ORIENTED_EDGE('',*,*,#4765,.F.);
#4815 = ADVANCED_FACE('',(#4816),#4803,.T.);
#4816 = FACE_BOUND('',#4817,.T.);
#4817 = EDGE_LOOP('',(#4818,#4819,#4842,#4869));
#4818 = ORIENTED_EDGE('',*,*,#4788,.T.);
#4819 = ORIENTED_EDGE('',*,*,#4820,.T.);
#4820 = EDGE_CURVE('',#4766,#4821,#4823,.T.);
#4821 = VERTEX_POINT('',#4822);
#4822 = CARTESIAN_POINT('',(13.7,0.,-350.));
#4823 = SEAM_CURVE('',#4824,(#4828,#4835),.PCURVE_S1.);
#4824 = LINE('',#4825,#4826);
#4825 = CARTESIAN_POINT('',(14.,0.,-353.));
#4826 = VECTOR('',#4827,1.);
#4827 = DIRECTION('',(-9.9503719021E-02,0.,0.99503719021));
#4828 = PCURVE('',#4803,#4829);
#4829 = DEFINITIONAL_REPRESENTATION('',(#4830),#4834);
#4830 = LINE('',#4831,#4832);
#4831 = CARTESIAN_POINT('',(-0.,-0.));
#4832 = VECTOR('',#4833,1.);
#4833 = DIRECTION('',(-0.,-1.));
#4834 = ( GEOMETRIC_REPRESENTATION_CONTEXT(2) 
PARAMETRIC_REPRESENTATION_CONTEXT() REPRESENTATION_CONTEXT('2D SPACE',''
  ) );
#4835 = PCURVE('',#4803,#4836);
#4836 = DEFINITIONAL_REPRESENTATION('',(#4837),#4841);
#4837 = LINE('',#4838,#4839);
#4838 = CARTESIAN_POINT('',(-6.28318530718,-0.));
#4839 = VECTOR('',#4840,1.);
#4840 = DIRECTION('',(-0.,-1.));
#4841 = ( GEOMETRIC_REPRESENTATION_CONTEXT(2) 
PARAMETRIC_REPRESENTATION_CONTEXT() REPRESENTATION_CONTEXT('2D SPACE',''
  ) );
#4842 = ORIENTED_EDGE('',*,*,#4843,.F.);
#4843 = EDGE_CURVE('',#4821,#4821,#4844,.T.);
#4844 = SURFACE_CURVE('',#4845,(#4850,#4857),.PCURVE_S1.);
#4845 = CIRCLE('',#4846,13.7);
#4846 = AXIS2_PLACEMENT_3D('',#4847,#4848,#4849);
#4847 = CARTESIAN_POINT('',(0.,0.,-350.));
#4848 = DIRECTION('',(0.,0.,1.));
#4849 = DIRECTION('',(1.,0.,-0.));
#4850 = PCURVE('',#4803,#4851);
#4851 = DEFINITIONAL_REPRESENTATION('',(#4852),#4856);
#4852 = LINE('',#4853,#4854);
#4853 = CARTESIAN_POINT('',(-0.,-3.));
#4854 = VECTOR('',#4855,1.);
#4855 = DIRECTION('',(-1.,-0.));
#4856 = ( GEOMETRIC_REPRESENTATION_CONTEXT(2) 
PARAMETRIC_REPRESENTATION_CONTEXT() REPRESENTATION_CONTEXT('2D SPACE',''
  ) );
#4857 = PCURVE('',#4858,#4863);
#4858 = CONICAL_SURFACE('',#4859,13.7,9.966865249116E-02);
#4859 = AXIS2_PLACEMENT_3D('',#4860,#4861,#4862);
#4860 = CARTESIAN_POINT('',(0.,0.,-350.));
#4861 = DIRECTION('',(0.,0.,1.));
#4862 = DIRECTION('',(1.,0.,-0.));
#4863 = DEFINITIONAL_REPRESENTATION('',(#4864),#4868);
#4864 = LINE('',#4865,#4866);
#4865 = CARTESIAN_POINT('',(0.,0.));
#4866 = VECTOR('',#4867,1.);
#4867 = DIRECTION('',(1.,0.));
#4868 = ( GEOMETRIC_REPRESENTATION_CONTEXT(2) 
PARAMETRIC_REPRESENTATION_CONTEXT() REPRESENTATION_CONTEXT('2D SPACE',''
  ) );
#4869 = ORIENTED_EDGE('',*,*,#4820,.F.);
#4870 = ADVANCED_FACE('',(#4871),#4858,.T.);
#4871 = FACE_BOUND('',#4872,.T.);
#4872 = EDGE_LOOP('',(#4873,#4874,#4897,#4924));
#4873 = ORIENTED_EDGE('',*,*,#4843,.T.);
#4874 = ORIENTED_EDGE('',*,*,#4875,.T.);
#4875 = EDGE_CURVE('',#4821,#4876,#4878,.T.);
#4876 = VERTEX_POINT('',#4877);
#4877 = CARTESIAN_POINT('',(14.,0.,-347.));
#4878 = SEAM_CURVE('',#4879,(#4883,#4890),.PCURVE_S1.);
#4879 = LINE('',#4880,#4881);
#4880 = CARTESIAN_POINT('',(13.7,0.,-350.));
#4881 = VECTOR('',#4882,1.);
#4882 = DIRECTION('',(9.9503719021E-02,0.,0.99503719021));
#4883 = PCURVE('',#4858,#4884);
#4884 = DEFINITIONAL_REPRESENTATION('',(#4885),#4889);
#4885 = LINE('',#4886,#4887);
#4886 = CARTESIAN_POINT('',(0.,0.));
#4887 = VECTOR('',#4888,1.);
#4888 = DIRECTION('',(0.,1.));
#4889 = ( GEOMETRIC_REPRESENTATION_CONTEXT(2) 
PARAMETRIC_REPRESENTATION_CONTEXT() REPRESENTATION_CONTEXT('2D SPACE',''
  ) );
#4890 = PCURVE('',#4858,#4891);
#4891 = DEFINITIONAL_REPRESENTATION('',(#4892),#4896);
#4892 = LINE('',#4893,#4894);
#4893 = CARTESIAN_POINT('',(6.28318530718,0.));
#4894 = VECTOR('',#4895,1.);
#4895 = DIRECTION('',(0.,1.));
#4896 = ( GEOMETRIC_REPRESENTATION_CONTEXT(2) 
PARAMETRIC_REPRESENTATION_CONTEXT() REPRESENTATION_CONTEXT('2D SPACE',''
  ) );
#4897 = ORIENTED_EDGE('',*,*,#4898,.F.);
#4898 = EDGE_CURVE('',#4876,#4876,#4899,.T.);
#4899 = SURFACE_CURVE('',#4900,(#4905,#4912),.PCURVE_S1.);
#4900 = CIRCLE('',#4901,14.);
#4901 = AXIS2_PLACEMENT_3D('',#4902,#4903,#4904);
#4902 = CARTESIAN_POINT('',(0.,0.,-347.));
#4903 = DIRECTION('',(0.,0.,1.));
#4904 = DIRECTION('',(1.,0.,-0.));
#4905 = PCURVE('',#4858,#4906);
#4906 = DEFINITIONAL_REPRESENTATION('',(#4907),#4911);
#4907 = LINE('',#4908,#4909);
#4908 = CARTESIAN_POINT('',(0.,3.));
#4909 = VECTOR('',#4910,1.);
#4910 = DIRECTION('',(1.,0.));
#4911 = ( GEOMETRIC_REPRESENTATION_CONTEXT(2) 
PARAMETRIC_REPRESENTATION_CONTEXT() REPRESENTATION_CONTEXT('2D SPACE',''
  ) );
#4912 = PCURVE('',#4913,#4918);
#4913 = CONICAL_SURFACE('',#4914,14.,9.966865249116E-02);
#4914 = AXIS2_PLACEMENT_3D('',#4915,#4916,#4917);
#4915 = CARTESIAN_POINT('',(0.,0.,-347.));
#4916 = DIRECTION('',(-0.,-0.,-1.));
#4917 = DIRECTION('',(1.,0.,-0.));
#4918 = DEFINITIONAL_REPRESENTATION('',(#4919),#4923);
#4919 = LINE('',#4920,#4921);
#4920 = CARTESIAN_POINT('',(-0.,-0.));
#4921 = VECTOR('',#4922,1.);
#4922 = DIRECTION('',(-1.,-0.));
#4923 = ( GEOMETRIC_REPRESENTATION_CONTEXT(2) 
PARAMETRIC_REPRESENTATION_CONTEXT() REPRESENTATION_CONTEXT('2D SPACE',''
  ) );
#4924 = ORIENTED_EDGE('',*,*,#4875,.F.);
#4925 = ADVANCED_FACE('',(#4926),#4913,.T.);
#4926 = FACE_BOUND('',#4927,.T.);
#4927 = EDGE_LOOP('',(#4928,#4929,#4952,#4979));
#4928 = ORIENTED_EDGE('',*,*,#4898,.T.);
#4929 = ORIENTED_EDGE('',*,*,#4930,.T.);
#4930 = EDGE_CURVE('',#4876,#4931,#4933,.T.);
#4931 = VERTEX_POINT('',#4932);
#4932 = CARTESIAN_POINT('',(13.7,0.,-344.));
#4933 = SEAM_CURVE('',#4934,(#4938,#4945),.PCURVE_S1.);
#4934 = LINE('',#4935,#4936);
#4935 = CARTESIAN_POINT('',(14.,0.,-347.));
#4936 = VECTOR('',#4937,1.);
#4937 = DIRECTION('',(-9.9503719021E-02,0.,0.99503719021));
#4938 = PCURVE('',#4913,#4939);
#4939 = DEFINITIONAL_REPRESENTATION('',(#4940),#4944);
#4940 = LINE('',#4941,#4942);
#4941 = CARTESIAN_POINT('',(-0.,-0.));
#4942 = VECTOR('',#4943,1.);
#4943 = DIRECTION('',(-0.,-1.));
#4944 = ( GEOMETRIC_REPRESENTATION_CONTEXT(2) 
PARAMETRIC_REPRESENTATION_CONTEXT() REPRESENTATION_CONTEXT('2D SPACE',''
  ) );
#4945 = PCURVE('',#4913,#4946);
#4946 = DEFINITIONAL_REPRESENTATION('',(#4947),#4951);
#4947 = LINE('',#4948,#4949);
#4948 = CARTESIAN_POINT('',(-6.28318530718,-0.));
#4949 = VECTOR('',#4950,1.);
#4950 = DIRECTION('',(-0.,-1.));
#4951 = ( GEOMETRIC_REPRESENTATION_CONTEXT(2) 
PARAMETRIC_REPRESENTATION_CONTEXT() REPRESENTATION_CONTEXT('2D SPACE',''
  ) );
#4952 = ORIENTED_EDGE('',*,*,#4953,.F.);
#4953 = EDGE_CURVE('',#4931,#4931,#4954,.T.);
#4954 = SURFACE_CURVE('',#4955,(#4960,#4967),.PCURVE_S1.);
#4955 = CIRCLE('',#4956,13.7);
#4956 = AXIS2_PLACEMENT_3D('',#4957,#4958,#4959);
#4957 = CARTESIAN_POINT('',(0.,0.,-344.));
#4958 = DIRECTION('',(0.,0.,1.));
#4959 = DIRECTION('',(1.,0.,-0.));
#4960 = PCURVE('',#4913,#4961);
#4961 = DEFINITIONAL_REPRESENTATION('',(#4962),#4966);
#4962 = LINE('',#4963,#4964);
#4963 = CARTESIAN_POINT('',(-0.,-3.));
#4964 = VECTOR('',#4965,1.);
#4965 = DIRECTION('',(-1.,-0.));
#4966 = ( GEOMETRIC_REPRESENTATION_CONTEXT(2) 
PARAMETRIC_REPRESENTATION_CONTEXT() REPRESENTATION_CONTEXT('2D SPACE',''
  ) );
#4967 = PCURVE('',#4968,#4973);
#4968 = CONICAL_SURFACE('',#4969,13.7,9.966865249116E-02);
#4969 = AXIS2_PLACEMENT_3D('',#4970,#4971,#4972);
#4970 = CARTESIAN_POINT('',(0.,0.,-344.));
#4971 = DIRECTION('',(0.,0.,1.));
#4972 = DIRECTION('',(1.,0.,-0.));
#4973 = DEFINITIONAL_REPRESENTATION('',(#4974),#4978);
#4974 = LINE('',#4975,#4976);
#4975 = CARTESIAN_POINT('',(0.,0.));
#4976 = VECTOR('',#4977,1.);
#4977 = DIRECTION('',(1.,0.));
#4978 = ( GEOMETRIC_REPRESENTATION_CONTEXT(2) 
PARAMETRIC_REPRESENTATION_CONTEXT() REPRESENTATION_CONTEXT('2D SPACE',''
  ) );
#4979 = ORIENTED_EDGE('',*,*,#4930,.F.);
#4980 = ADVANCED_FACE('',(#4981),#4968,.T.);
#4981 = FACE_BOUND('',#4982,.T.);
#4982 = EDGE_LOOP('',(#4983,#4984,#5007,#5034));
#4983 = ORIENTED_EDGE('',*,*,#4953,.T.);
#4984 = ORIENTED_EDGE('',*,*,#4985,.T.);
#4985 = EDGE_CURVE('',#4931,#4986,#4988,.T.);
#4986 = VERTEX_POINT('',#4987);
#4987 = CARTESIAN_POINT('',(14.,0.,-341.));
#4988 = SEAM_CURVE('',#4989,(#4993,#5000),.PCURVE_S1.);
#4989 = LINE('',#4990,#4991);
#4990 = CARTESIAN_POINT('',(13.7,0.,-344.));
#4991 = VECTOR('',#4992,1.);
#4992 = DIRECTION('',(9.9503719021E-02,0.,0.99503719021));
#4993 = PCURVE('',#4968,#4994);
#4994 = DEFINITIONAL_REPRESENTATION('',(#4995),#4999);
#4995 = LINE('',#4996,#4997);
#4996 = CARTESIAN_POINT('',(0.,0.));
#4997 = VECTOR('',#4998,1.);
#4998 = DIRECTION('',(0.,1.));
#4999 = ( GEOMETRIC_REPRESENTATION_CONTEXT(2) 
PARAMETRIC_REPRESENTATION_CONTEXT() REPRESENTATION_CONTEXT('2D SPACE',''
  ) );
#5000 = PCURVE('',#4968,#5001);
#5001 = DEFINITIONAL_REPRESENTATION('',(#5002),#5006);
#5002 = LINE('',#5003,#5004);
#5003 = CARTESIAN_POINT('',(6.28318530718,0.));
#5004 = VECTOR('',#5005,1.);
#5005 = DIRECTION('',(0.,1.));
#5006 = ( GEOMETRIC_REPRESENTATION_CONTEXT(2) 
PARAMETRIC_REPRESENTATION_CONTEXT() REPRESENTATION_CONTEXT('2D SPACE',''
  ) );
#5007 = ORIENTED_EDGE('',*,*,#5008,.F.);
#5008 = EDGE_CURVE('',#4986,#4986,#5009,.T.);
#5009 = SURFACE_CURVE('',#5010,(#5015,#5022),.PCURVE_S1.);
#5010 = CIRCLE('',#5011,14.);
#5011 = AXIS2_PLACEMENT_3D('',#5012,#5013,#5014);
#5012 = CARTESIAN_POINT('',(0.,0.,-341.));
#5013 = DIRECTION('',(0.,0.,1.));
#5014 = DIRECTION('',(1.,0.,-0.));
#5015 = PCURVE('',#4968,#5016);
#5016 = DEFINITIONAL_REPRESENTATION('',(#5017),#5021);
#5017 = LINE('',#5018,#5019);
#5018 = CARTESIAN_POINT('',(0.,3.));
#5019 = VECTOR('',#5020,1.);
#5020 = DIRECTION('',(1.,0.));
#5021 = ( GEOMETRIC_REPRESENTATION_CONTEXT(2) 
PARAMETRIC_REPRESENTATION_CONTEXT() REPRESENTATION_CONTEXT('2D SPACE',''
  ) );
#5022 = PCURVE('',#5023,#5028);
#5023 = CONICAL_SURFACE('',#5024,14.,9.966865249116E-02);
#5024 = AXIS2_PLACEMENT_3D('',#5025,#5026,#5027);
#5025 = CARTESIAN_POINT('',(0.,0.,-341.));
#5026 = DIRECTION('',(-0.,-0.,-1.));
#5027 = DIRECTION('',(1.,0.,-0.));
#5028 = DEFINITIONAL_REPRESENTATION('',(#5029),#5033);
#5029 = LINE('',#5030,#5031);
#5030 = CARTESIAN_POINT('',(-0.,-0.));
#5031 = VECTOR('',#5032,1.);
#5032 = DIRECTION('',(-1.,-0.));
#5033 = ( GEOMETRIC_REPRESENTATION_CONTEXT(2) 
PARAMETRIC_REPRESENTATION_CONTEXT() REPRESENTATION_CONTEXT('2D SPACE',''
  ) );
#5034 = ORIENTED_EDGE('',*,*,#4985,.F.);
#5035 = ADVANCED_FACE('',(#5036),#5023,.T.);
#5036 = FACE_BOUND('',#5037,.T.);
#5037 = EDGE_LOOP('',(#5038,#5039,#5062,#5089));
#5038 = ORIENTED_EDGE('',*,*,#5008,.T.);
#5039 = ORIENTED_EDGE('',*,*,#5040,.T.);
#5040 = EDGE_CURVE('',#4986,#5041,#5043,.T.);
#5041 = VERTEX_POINT('',#5042);
#5042 = CARTESIAN_POINT('',(13.7,0.,-338.));
#5043 = SEAM_CURVE('',#5044,(#5048,#5055),.PCURVE_S1.);
#5044 = LINE('',#5045,#5046);
#5045 = CARTESIAN_POINT('',(14.,0.,-341.));
#5046 = VECTOR('',#5047,1.);
#5047 = DIRECTION('',(-9.9503719021E-02,0.,0.99503719021));
#5048 = PCURVE('',#5023,#5049);
#5049 = DEFINITIONAL_REPRESENTATION('',(#5050),#5054);
#5050 = LINE('',#5051,#5052);
#5051 = CARTESIAN_POINT('',(-0.,-0.));
#5052 = VECTOR('',#5053,1.);
#5053 = DIRECTION('',(-0.,-1.));
#5054 = ( GEOMETRIC_REPRESENTATION_CONTEXT(2) 
PARAMETRIC_REPRESENTATION_CONTEXT() REPRESENTATION_CONTEXT('2D SPACE',''
  ) );
#5055 = PCURVE('',#5023,#5056);
#5056 = DEFINITIONAL_REPRESENTATION('',(#5057),#5061);
#5057 = LINE('',#5058,#5059);
#5058 = CARTESIAN_POINT('',(-6.28318530718,-0.));
#5059 = VECTOR('',#5060,1.);
#5060 = DIRECTION('',(-0.,-1.));
#5061 = ( GEOMETRIC_REPRESENTATION_CONTEXT(2) 
PARAMETRIC_REPRESENTATION_CONTEXT() REPRESENTATION_CONTEXT('2D SPACE',''
  ) );
#5062 = ORIENTED_EDGE('',*,*,#5063,.F.);
#5063 = EDGE_CURVE('',#5041,#5041,#5064,.T.);
#5064 = SURFACE_CURVE('',#5065,(#5070,#5077),.PCURVE_S1.);
#5065 = CIRCLE('',#5066,13.7);
#5066 = AXIS2_PLACEMENT_3D('',#5067,#5068,#5069);
#5067 = CARTESIAN_POINT('',(0.,0.,-338.));
#5068 = DIRECTION('',(0.,0.,1.));
#5069 = DIRECTION('',(1.,0.,-0.));
#5070 = PCURVE('',#5023,#5071);
#5071 = DEFINITIONAL_REPRESENTATION('',(#5072),#5076);
#5072 = LINE('',#5073,#5074);
#5073 = CARTESIAN_POINT('',(-0.,-3.));
#5074 = VECTOR('',#5075,1.);
#5075 = DIRECTION('',(-1.,-0.));
#5076 = ( GEOMETRIC_REPRESENTATION_CONTEXT(2) 
PARAMETRIC_REPRESENTATION_CONTEXT() REPRESENTATION_CONTEXT('2D SPACE',''
  ) );
#5077 = PCURVE('',#5078,#5083);
#5078 = CONICAL_SURFACE('',#5079,13.7,9.966865249116E-02);
#5079 = AXIS2_PLACEMENT_3D('',#5080,#5081,#5082);
#5080 = CARTESIAN_POINT('',(0.,0.,-338.));
#5081 = DIRECTION('',(0.,0.,1.));
#5082 = DIRECTION('',(1.,0.,-0.));
#5083 = DEFINITIONAL_REPRESENTATION('',(#5084),#5088);
#5084 = LINE('',#5085,#5086);
#5085 = CARTESIAN_POINT('',(0.,0.));
#5086 = VECTOR('',#5087,1.);
#5087 = DIRECTION('',(1.,0.));
#5088 = ( GEOMETRIC_REPRESENTATION_CONTEXT(2) 
PARAMETRIC_REPRESENTATION_CONTEXT() REPRESENTATION_CONTEXT('2D SPACE',''
  ) );
#5089 = ORIENTED_EDGE('',*,*,#5040,.F.);
#5090 = ADVANCED_FACE('',(#5091),#5078,.T.);
#5091 = FACE_BOUND('',#5092,.T.);
#5092 = EDGE_LOOP('',(#5093,#5094,#5117,#5144));
#5093 = ORIENTED_EDGE('',*,*,#5063,.T.);
#5094 = ORIENTED_EDGE('',*,*,#5095,.T.);
#5095 = EDGE_CURVE('',#5041,#5096,#5098,.T.);
#5096 = VERTEX_POINT('',#5097);
#5097 = CARTESIAN_POINT('',(14.,0.,-335.));
#5098 = SEAM_CURVE('',#5099,(#5103,#5110),.PCURVE_S1.);
#5099 = LINE('',#5100,#5101);
#5100 = CARTESIAN_POINT('',(13.7,0.,-338.));
#5101 = VECTOR('',#5102,1.);
#5102 = DIRECTION('',(9.9503719021E-02,0.,0.99503719021));
#5103 = PCURVE('',#5078,#5104);
#5104 = DEFINITIONAL_REPRESENTATION('',(#5105),#5109);
#5105 = LINE('',#5106,#5107);
#5106 = CARTESIAN_POINT('',(0.,0.));
#5107 = VECTOR('',#5108,1.);
#5108 = DIRECTION('',(0.,1.));
#5109 = ( GEOMETRIC_REPRESENTATION_CONTEXT(2) 
PARAMETRIC_REPRESENTATION_CONTEXT() REPRESENTATION_CONTEXT('2D SPACE',''
  ) );
#5110 = PCURVE('',#5078,#5111);
#5111 = DEFINITIONAL_REPRESENTATION('',(#5112),#5116);
#5112 = LINE('',#5113,#5114);
#5113 = CARTESIAN_POINT('',(6.28318530718,0.));
#5114 = VECTOR('',#5115,1.);
#5115 = DIRECTION('',(0.,1.));
#5116 = ( GEOMETRIC_REPRESENTATION_CONTEXT(2) 
PARAMETRIC_REPRESENTATION_CONTEXT() REPRESENTATION_CONTEXT('2D SPACE',''
  ) );
#5117 = ORIENTED_EDGE('',*,*,#5118,.F.);
#5118 = EDGE_CURVE('',#5096,#5096,#5119,.T.);
#5119 = SURFACE_CURVE('',#5120,(#5125,#5132),.PCURVE_S1.);
#5120 = CIRCLE('',#5121,14.);
#5121 = AXIS2_PLACEMENT_3D('',#5122,#5123,#5124);
#5122 = CARTESIAN_POINT('',(0.,0.,-335.));
#5123 = DIRECTION('',(0.,0.,1.));
#5124 = DIRECTION('',(1.,0.,-0.));
#5125 = PCURVE('',#5078,#5126);
#5126 = DEFINITIONAL_REPRESENTATION('',(#5127),#5131);
#5127 = LINE('',#5128,#5129);
#5128 = CARTESIAN_POINT('',(0.,3.));
#5129 = VECTOR('',#5130,1.);
#5130 = DIRECTION('',(1.,0.));
#5131 = ( GEOMETRIC_REPRESENTATION_CONTEXT(2) 
PARAMETRIC_REPRESENTATION_CONTEXT() REPRESENTATION_CONTEXT('2D SPACE',''
  ) );
#5132 = PCURVE('',#5133,#5138);
#5133 = CONICAL_SURFACE('',#5134,14.,9.966865249116E-02);
#5134 = AXIS2_PLACEMENT_3D('',#5135,#5136,#5137);
#5135 = CARTESIAN_POINT('',(0.,0.,-335.));
#5136 = DIRECTION('',(-0.,-0.,-1.));
#5137 = DIRECTION('',(1.,0.,-0.));
#5138 = DEFINITIONAL_REPRESENTATION('',(#5139),#5143);
#5139 = LINE('',#5140,#5141);
#5140 = CARTESIAN_POINT('',(-0.,-0.));
#5141 = VECTOR('',#5142,1.);
#5142 = DIRECTION('',(-1.,-0.));
#5143 = ( GEOMETRIC_REPRESENTATION_CONTEXT(2) 
PARAMETRIC_REPRESENTATION_CONTEXT() REPRESENTATION_CONTEXT('2D SPACE',''
  ) );
#5144 = ORIENTED_EDGE('',*,*,#5095,.F.);
#5145 = ADVANCED_FACE('',(#5146),#5133,.T.);
#5146 = FACE_BOUND('',#5147,.T.);
#5147 = EDGE_LOOP('',(#5148,#5149,#5172,#5199));
#5148 = ORIENTED_EDGE('',*,*,#5118,.T.);
#5149 = ORIENTED_EDGE('',*,*,#5150,.T.);
#5150 = EDGE_CURVE('',#5096,#5151,#5153,.T.);
#5151 = VERTEX_POINT('',#5152);
#5152 = CARTESIAN_POINT('',(13.7,0.,-332.));
#5153 = SEAM_CURVE('',#5154,(#5158,#5165),.PCURVE_S1.);
#5154 = LINE('',#5155,#5156);
#5155 = CARTESIAN_POINT('',(14.,0.,-335.));
#5156 = VECTOR('',#5157,1.);
#5157 = DIRECTION('',(-9.9503719021E-02,0.,0.99503719021));
#5158 = PCURVE('',#5133,#5159);
#5159 = DEFINITIONAL_REPRESENTATION('',(#5160),#5164);
#5160 = LINE('',#5161,#5162);
#5161 = CARTESIAN_POINT('',(-0.,-0.));
#5162 = VECTOR('',#5163,1.);
#5163 = DIRECTION('',(-0.,-1.));
#5164 = ( GEOMETRIC_REPRESENTATION_CONTEXT(2) 
PARAMETRIC_REPRESENTATION_CONTEXT() REPRESENTATION_CONTEXT('2D SPACE',''
  ) );
#5165 = PCURVE('',#5133,#5166);
#5166 = DEFINITIONAL_REPRESENTATION('',(#5167),#5171);
#5167 = LINE('',#5168,#5169);
#5168 = CARTESIAN_POINT('',(-6.28318530718,-0.));
#5169 = VECTOR('',#5170,1.);
#5170 = DIRECTION('',(-0.,-1.));
#5171 = ( GEOMETRIC_REPRESENTATION_CONTEXT(2) 
PARAMETRIC_REPRESENTATION_CONTEXT() REPRESENTATION_CONTEXT('2D SPACE',''
  ) );
#5172 = ORIENTED_EDGE('',*,*,#5173,.F.);
#5173 = EDGE_CURVE('',#5151,#5151,#5174,.T.);
#5174 = SURFACE_CURVE('',#5175,(#5180,#5187),.PCURVE_S1.);
#5175 = CIRCLE('',#5176,13.7);
#5176 = AXIS2_PLACEMENT_3D('',#5177,#5178,#5179);
#5177 = CARTESIAN_POINT('',(0.,0.,-332.));
#5178 = DIRECTION('',(0.,0.,1.));
#5179 = DIRECTION('',(1.,0.,-0.));
#5180 = PCURVE('',#5133,#5181);
#5181 = DEFINITIONAL_REPRESENTATION('',(#5182),#5186);
#5182 = LINE('',#5183,#5184);
#5183 = CARTESIAN_POINT('',(-0.,-3.));
#5184 = VECTOR('',#5185,1.);
#5185 = DIRECTION('',(-1.,-0.));
#5186 = ( GEOMETRIC_REPRESENTATION_CONTEXT(2) 
PARAMETRIC_REPRESENTATION_CONTEXT() REPRESENTATION_CONTEXT('2D SPACE',''
  ) );
#5187 = PCURVE('',#5188,#5193);
#5188 = CONICAL_SURFACE('',#5189,13.7,9.966865249116E-02);
#5189 = AXIS2_PLACEMENT_3D('',#5190,#5191,#5192);
#5190 = CARTESIAN_POINT('',(0.,0.,-332.));
#5191 = DIRECTION('',(0.,0.,1.));
#5192 = DIRECTION('',(1.,0.,-0.));
#5193 = DEFINITIONAL_REPRESENTATION('',(#5194),#5198);
#5194 = LINE('',#5195,#5196);
#5195 = CARTESIAN_POINT('',(0.,0.));
#5196 = VECTOR('',#5197,1.);
#5197 = DIRECTION('',(1.,0.));
#5198 = ( GEOMETRIC_REPRESENTATION_CONTEXT(2) 
PARAMETRIC_REPRESENTATION_CONTEXT() REPRESENTATION_CONTEXT('2D SPACE',''
  ) );
#5199 = ORIENTED_EDGE('',*,*,#5150,.F.);
#5200 = ADVANCED_FACE('',(#5201),#5188,.T.);
#5201 = FACE_BOUND('',#5202,.T.);
#5202 = EDGE_LOOP('',(#5203,#5204,#5227,#5254));
#5203 = ORIENTED_EDGE('',*,*,#5173,.T.);
#5204 = ORIENTED_EDGE('',*,*,#5205,.T.);
#5205 = EDGE_CURVE('',#5151,#5206,#5208,.T.);
#5206 = VERTEX_POINT('',#5207);
#5207 = CARTESIAN_POINT('',(14.,0.,-329.));
#5208 = SEAM_CURVE('',#5209,(#5213,#5220),.PCURVE_S1.);
#5209 = LINE('',#5210,#5211);
#5210 = CARTESIAN_POINT('',(13.7,0.,-332.));
#5211 = VECTOR('',#5212,1.);
#5212 = DIRECTION('',(9.9503719021E-02,0.,0.99503719021));
#5213 = PCURVE('',#5188,#5214);
#5214 = DEFINITIONAL_REPRESENTATION('',(#5215),#5219);
#5215 = LINE('',#5216,#5217);
#5216 = CARTESIAN_POINT('',(0.,0.));
#5217 = VECTOR('',#5218,1.);
#5218 = DIRECTION('',(0.,1.));
#5219 = ( GEOMETRIC_REPRESENTATION_CONTEXT(2) 
PARAMETRIC_REPRESENTATION_CONTEXT() REPRESENTATION_CONTEXT('2D SPACE',''
  ) );
#5220 = PCURVE('',#5188,#5221);
#5221 = DEFINITIONAL_REPRESENTATION('',(#5222),#5226);
#5222 = LINE('',#5223,#5224);
#5223 = CARTESIAN_POINT('',(6.28318530718,0.));
#5224 = VECTOR('',#5225,1.);
#5225 = DIRECTION('',(0.,1.));
#5226 = ( GEOMETRIC_REPRESENTATION_CONTEXT(2) 
PARAMETRIC_REPRESENTATION_CONTEXT() REPRESENTATION_CONTEXT('2D SPACE',''
  ) );
#5227 = ORIENTED_EDGE('',*,*,#5228,.F.);
#5228 = EDGE_CURVE('',#5206,#5206,#5229,.T.);
#5229 = SURFACE_CURVE('',#5230,(#5235,#5242),.PCURVE_S1.);
#5230 = CIRCLE('',#5231,14.);
#5231 = AXIS2_PLACEMENT_3D('',#5232,#5233,#5234);
#5232 = CARTESIAN_POINT('',(0.,0.,-329.));
#5233 = DIRECTION('',(0.,0.,1.));
#5234 = DIRECTION('',(1.,0.,-0.));
#5235 = PCURVE('',#5188,#5236);
#5236 = DEFINITIONAL_REPRESENTATION('',(#5237),#5241);
#5237 = LINE('',#5238,#5239);
#5238 = CARTESIAN_POINT('',(0.,3.));
#5239 = VECTOR('',#5240,1.);
#5240 = DIRECTION('',(1.,0.));
#5241 = ( GEOMETRIC_REPRESENTATION_CONTEXT(2) 
PARAMETRIC_REPRESENTATION_CONTEXT() REPRESENTATION_CONTEXT('2D SPACE',''
  ) );
#5242 = PCURVE('',#5243,#5248);
#5243 = CONICAL_SURFACE('',#5244,14.,9.966865249116E-02);
#5244 = AXIS2_PLACEMENT_3D('',#5245,#5246,#5247);
#5245 = CARTESIAN_POINT('',(0.,0.,-329.));
#5246 = DIRECTION('',(-0.,-0.,-1.));
#5247 = DIRECTION('',(1.,0.,-0.));
#5248 = DEFINITIONAL_REPRESENTATION('',(#5249),#5253);
#5249 = LINE('',#5250,#5251);
#5250 = CARTESIAN_POINT('',(-0.,-0.));
#5251 = VECTOR('',#5252,1.);
#5252 = DIRECTION('',(-1.,-0.));
#5253 = ( GEOMETRIC_REPRESENTATION_CONTEXT(2) 
PARAMETRIC_REPRESENTATION_CONTEXT() REPRESENTATION_CONTEXT('2D SPACE',''
  ) );
#5254 = ORIENTED_EDGE('',*,*,#5205,.F.);
#5255 = ADVANCED_FACE('',(#5256),#5243,.T.);
#5256 = FACE_BOUND('',#5257,.T.);
#5257 = EDGE_LOOP('',(#5258,#5259,#5282,#5309));
#5258 = ORIENTED_EDGE('',*,*,#5228,.T.);
#5259 = ORIENTED_EDGE('',*,*,#5260,.T.);
#5260 = EDGE_CURVE('',#5206,#5261,#5263,.T.);
#5261 = VERTEX_POINT('',#5262);
#5262 = CARTESIAN_POINT('',(13.7,0.,-326.));
#5263 = SEAM_CURVE('',#5264,(#5268,#5275),.PCURVE_S1.);
#5264 = LINE('',#5265,#5266);
#5265 = CARTESIAN_POINT('',(14.,0.,-329.));
#5266 = VECTOR('',#5267,1.);
#5267 = DIRECTION('',(-9.9503719021E-02,0.,0.99503719021));
#5268 = PCURVE('',#5243,#5269);
#5269 = DEFINITIONAL_REPRESENTATION('',(#5270),#5274);
#5270 = LINE('',#5271,#5272);
#5271 = CARTESIAN_POINT('',(-0.,-0.));
#5272 = VECTOR('',#5273,1.);
#5273 = DIRECTION('',(-0.,-1.));
#5274 = ( GEOMETRIC_REPRESENTATION_CONTEXT(2) 
PARAMETRIC_REPRESENTATION_CONTEXT() REPRESENTATION_CONTEXT('2D SPACE',''
  ) );
#5275 = PCURVE('',#5243,#5276);
#5276 = DEFINITIONAL_REPRESENTATION('',(#5277),#5281);
#5277 = LINE('',#5278,#5279);
#5278 = CARTESIAN_POINT('',(-6.28318530718,-0.));
#5279 = VECTOR('',#5280,1.);
#5280 = DIRECTION('',(-0.,-1.));
#5281 = ( GEOMETRIC_REPRESENTATION_CONTEXT(2) 
PARAMETRIC_REPRESENTATION_CONTEXT() REPRESENTATION_CONTEXT('2D SPACE',''
  ) );
#5282 = ORIENTED_EDGE('',*,*,#5283,.F.);
#5283 = EDGE_CURVE('',#5261,#5261,#5284,.T.);
#5284 = SURFACE_CURVE('',#5285,(#5290,#5297),.PCURVE_S1.);
#5285 = CIRCLE('',#5286,13.7);
#5286 = AXIS2_PLACEMENT_3D('',#5287,#5288,#5289);
#5287 = CARTESIAN_POINT('',(0.,0.,-326.));
#5288 = DIRECTION('',(0.,0.,1.));
#5289 = DIRECTION('',(1.,0.,-0.));
#5290 = PCURVE('',#5243,#5291);
#5291 = DEFINITIONAL_REPRESENTATION('',(#5292),#5296);
#5292 = LINE('',#5293,#5294);
#5293 = CARTESIAN_POINT('',(-0.,-3.));
#5294 = VECTOR('',#5295,1.);
#5295 = DIRECTION('',(-1.,-0.));
#5296 = ( GEOMETRIC_REPRESENTATION_CONTEXT(2) 
PARAMETRIC_REPRESENTATION_CONTEXT() REPRESENTATION_CONTEXT('2D SPACE',''
  ) );
#5297 = PCURVE('',#5298,#5303);
#5298 = CONICAL_SURFACE('',#5299,13.7,9.966865249116E-02);
#5299 = AXIS2_PLACEMENT_3D('',#5300,#5301,#5302);
#5300 = CARTESIAN_POINT('',(0.,0.,-326.));
#5301 = DIRECTION('',(0.,0.,1.));
#5302 = DIRECTION('',(1.,0.,-0.));
#5303 = DEFINITIONAL_REPRESENTATION('',(#5304),#5308);
#5304 = LINE('',#5305,#5306);
#5305 = CARTESIAN_POINT('',(0.,0.));
#5306 = VECTOR('',#5307,1.);
#5307 = DIRECTION('',(1.,0.));
#5308 = ( GEOMETRIC_REPRESENTATION_CONTEXT(2) 
PARAMETRIC_REPRESENTATION_CONTEXT() REPRESENTATION_CONTEXT('2D SPACE',''
  ) );
#5309 = ORIENTED_EDGE('',*,*,#5260,.F.);
#5310 = ADVANCED_FACE('',(#5311),#5298,.T.);
#5311 = FACE_BOUND('',#5312,.T.);
#5312 = EDGE_LOOP('',(#5313,#5314,#5337,#5364));
#5313 = ORIENTED_EDGE('',*,*,#5283,.T.);
#5314 = ORIENTED_EDGE('',*,*,#5315,.T.);
#5315 = EDGE_CURVE('',#5261,#5316,#5318,.T.);
#5316 = VERTEX_POINT('',#5317);
#5317 = CARTESIAN_POINT('',(14.,0.,-323.));
#5318 = SEAM_CURVE('',#5319,(#5323,#5330),.PCURVE_S1.);
#5319 = LINE('',#5320,#5321);
#5320 = CARTESIAN_POINT('',(13.7,0.,-326.));
#5321 = VECTOR('',#5322,1.);
#5322 = DIRECTION('',(9.9503719021E-02,0.,0.99503719021));
#5323 = PCURVE('',#5298,#5324);
#5324 = DEFINITIONAL_REPRESENTATION('',(#5325),#5329);
#5325 = LINE('',#5326,#5327);
#5326 = CARTESIAN_POINT('',(0.,0.));
#5327 = VECTOR('',#5328,1.);
#5328 = DIRECTION('',(0.,1.));
#5329 = ( GEOMETRIC_REPRESENTATION_CONTEXT(2) 
PARAMETRIC_REPRESENTATION_CONTEXT() REPRESENTATION_CONTEXT('2D SPACE',''
  ) );
#5330 = PCURVE('',#5298,#5331);
#5331 = DEFINITIONAL_REPRESENTATION('',(#5332),#5336);
#5332 = LINE('',#5333,#5334);
#5333 = CARTESIAN_POINT('',(6.28318530718,0.));
#5334 = VECTOR('',#5335,1.);
#5335 = DIRECTION('',(0.,1.));
#5336 = ( GEOMETRIC_REPRESENTATION_CONTEXT(2) 
PARAMETRIC_REPRESENTATION_CONTEXT() REPRESENTATION_CONTEXT('2D SPACE',''
  ) );
#5337 = ORIENTED_EDGE('',*,*,#5338,.F.);
#5338 = EDGE_CURVE('',#5316,#5316,#5339,.T.);
#5339 = SURFACE_CURVE('',#5340,(#5345,#5352),.PCURVE_S1.);
#5340 = CIRCLE('',#5341,14.);
#5341 = AXIS2_PLACEMENT_3D('',#5342,#5343,#5344);
#5342 = CARTESIAN_POINT('',(0.,0.,-323.));
#5343 = DIRECTION('',(0.,0.,1.));
#5344 = DIRECTION('',(1.,0.,-0.));
#5345 = PCURVE('',#5298,#5346);
#5346 = DEFINITIONAL_REPRESENTATION('',(#5347),#5351);
#5347 = LINE('',#5348,#5349);
#5348 = CARTESIAN_POINT('',(0.,3.));
#5349 = VECTOR('',#5350,1.);
#5350 = DIRECTION('',(1.,0.));
#5351 = ( GEOMETRIC_REPRESENTATION_CONTEXT(2) 
PARAMETRIC_REPRESENTATION_CONTEXT() REPRESENTATION_CONTEXT('2D SPACE',''
  ) );
#5352 = PCURVE('',#5353,#5358);
#5353 = CONICAL_SURFACE('',#5354,14.,9.966865249116E-02);
#5354 = AXIS2_PLACEMENT_3D('',#5355,#5356,#5357);
#5355 = CARTESIAN_POINT('',(0.,0.,-323.));
#5356 = DIRECTION('',(-0.,-0.,-1.));
#5357 = DIRECTION('',(1.,0.,-0.));
#5358 = DEFINITIONAL_REPRESENTATION('',(#5359),#5363);
#5359 = LINE('',#5360,#5361);
#5360 = CARTESIAN_POINT('',(-0.,-0.));
#5361 = VECTOR('',#5362,1.);
#5362 = DIRECTION('',(-1.,-0.));
#5363 = ( GEOMETRIC_REPRESENTATION_CONTEXT(2) 
PARAMETRIC_REPRESENTATION_CONTEXT() REPRESENTATION_CONTEXT('2D SPACE',''
  ) );
#5364 = ORIENTED_EDGE('',*,*,#5315,.F.);
#5365 = ADVANCED_FACE('',(#5366),#5353,.T.);
#5366 = FACE_BOUND('',#5367,.T.);
#5367 = EDGE_LOOP('',(#5368,#5369,#5392,#5419));
#5368 = ORIENTED_EDGE('',*,*,#5338,.T.);
#5369 = ORIENTED_EDGE('',*,*,#5370,.T.);
#5370 = EDGE_CURVE('',#5316,#5371,#5373,.T.);
#5371 = VERTEX_POINT('',#5372);
#5372 = CARTESIAN_POINT('',(13.7,0.,-320.));
#5373 = SEAM_CURVE('',#5374,(#5378,#5385),.PCURVE_S1.);
#5374 = LINE('',#5375,#5376);
#5375 = CARTESIAN_POINT('',(14.,0.,-323.));
#5376 = VECTOR('',#5377,1.);
#5377 = DIRECTION('',(-9.9503719021E-02,0.,0.99503719021));
#5378 = PCURVE('',#5353,#5379);
#5379 = DEFINITIONAL_REPRESENTATION('',(#5380),#5384);
#5380 = LINE('',#5381,#5382);
#5381 = CARTESIAN_POINT('',(-0.,-0.));
#5382 = VECTOR('',#5383,1.);
#5383 = DIRECTION('',(-0.,-1.));
#5384 = ( GEOMETRIC_REPRESENTATION_CONTEXT(2) 
PARAMETRIC_REPRESENTATION_CONTEXT() REPRESENTATION_CONTEXT('2D SPACE',''
  ) );
#5385 = PCURVE('',#5353,#5386);
#5386 = DEFINITIONAL_REPRESENTATION('',(#5387),#5391);
#5387 = LINE('',#5388,#5389);
#5388 = CARTESIAN_POINT('',(-6.28318530718,-0.));
#5389 = VECTOR('',#5390,1.);
#5390 = DIRECTION('',(-0.,-1.));
#5391 = ( GEOMETRIC_REPRESENTATION_CONTEXT(2) 
PARAMETRIC_REPRESENTATION_CONTEXT() REPRESENTATION_CONTEXT('2D SPACE',''
  ) );
#5392 = ORIENTED_EDGE('',*,*,#5393,.F.);
#5393 = EDGE_CURVE('',#5371,#5371,#5394,.T.);
#5394 = SURFACE_CURVE('',#5395,(#5400,#5407),.PCURVE_S1.);
#5395 = CIRCLE('',#5396,13.7);
#5396 = AXIS2_PLACEMENT_3D('',#5397,#5398,#5399);
#5397 = CARTESIAN_POINT('',(0.,0.,-320.));
#5398 = DIRECTION('',(0.,0.,1.));
#5399 = DIRECTION('',(1.,0.,-0.));
#5400 = PCURVE('',#5353,#5401);
#5401 = DEFINITIONAL_REPRESENTATION('',(#5402),#5406);
#5402 = LINE('',#5403,#5404);
#5403 = CARTESIAN_POINT('',(-0.,-3.));
#5404 = VECTOR('',#5405,1.);
#5405 = DIRECTION('',(-1.,-0.));
#5406 = ( GEOMETRIC_REPRESENTATION_CONTEXT(2) 
PARAMETRIC_REPRESENTATION_CONTEXT() REPRESENTATION_CONTEXT('2D SPACE',''
  ) );
#5407 = PCURVE('',#5408,#5413);
#5408 = CONICAL_SURFACE('',#5409,13.7,9.966865249116E-02);
#5409 = AXIS2_PLACEMENT_3D('',#5410,#5411,#5412);
#5410 = CARTESIAN_POINT('',(0.,0.,-320.));
#5411 = DIRECTION('',(0.,0.,1.));
#5412 = DIRECTION('',(1.,0.,-0.));
#5413 = DEFINITIONAL_REPRESENTATION('',(#5414),#5418);
#5414 = LINE('',#5415,#5416);
#5415 = CARTESIAN_POINT('',(0.,0.));
#5416 = VECTOR('',#5417,1.);
#5417 = DIRECTION('',(1.,0.));
#5418 = ( GEOMETRIC_REPRESENTATION_CONTEXT(2) 
PARAMETRIC_REPRESENTATION_CONTEXT() REPRESENTATION_CONTEXT('2D SPACE',''
  ) );
#5419 = ORIENTED_EDGE('',*,*,#5370,.F.);
#5420 = ADVANCED_FACE('',(#5421),#5408,.T.);
#5421 = FACE_BOUND('',#5422,.T.);
#5422 = EDGE_LOOP('',(#5423,#5424,#5447,#5474));
#5423 = ORIENTED_EDGE('',*,*,#5393,.T.);
#5424 = ORIENTED_EDGE('',*,*,#5425,.T.);
#5425 = EDGE_CURVE('',#5371,#5426,#5428,.T.);
#5426 = VERTEX_POINT('',#5427);
#5427 = CARTESIAN_POINT('',(14.,0.,-317.));
#5428 = SEAM_CURVE('',#5429,(#5433,#5440),.PCURVE_S1.);
#5429 = LINE('',#5430,#5431);
#5430 = CARTESIAN_POINT('',(13.7,0.,-320.));
#5431 = VECTOR('',#5432,1.);
#5432 = DIRECTION('',(9.9503719021E-02,0.,0.99503719021));
#5433 = PCURVE('',#5408,#5434);
#5434 = DEFINITIONAL_REPRESENTATION('',(#5435),#5439);
#5435 = LINE('',#5436,#5437);
#5436 = CARTESIAN_POINT('',(0.,0.));
#5437 = VECTOR('',#5438,1.);
#5438 = DIRECTION('',(0.,1.));
#5439 = ( GEOMETRIC_REPRESENTATION_CONTEXT(2) 
PARAMETRIC_REPRESENTATION_CONTEXT() REPRESENTATION_CONTEXT('2D SPACE',''
  ) );
#5440 = PCURVE('',#5408,#5441);
#5441 = DEFINITIONAL_REPRESENTATION('',(#5442),#5446);
#5442 = LINE('',#5443,#5444);
#5443 = CARTESIAN_POINT('',(6.28318530718,0.));
#5444 = VECTOR('',#5445,1.);
#5445 = DIRECTION('',(0.,1.));
#5446 = ( GEOMETRIC_REPRESENTATION_CONTEXT(2) 
PARAMETRIC_REPRESENTATION_CONTEXT() REPRESENTATION_CONTEXT('2D SPACE',''
  ) );
#5447 = ORIENTED_EDGE('',*,*,#5448,.F.);
#5448 = EDGE_CURVE('',#5426,#5426,#5449,.T.);
#5449 = SURFACE_CURVE('',#5450,(#5455,#5462),.PCURVE_S1.);
#5450 = CIRCLE('',#5451,14.);
#5451 = AXIS2_PLACEMENT_3D('',#5452,#5453,#5454);
#5452 = CARTESIAN_POINT('',(0.,0.,-317.));
#5453 = DIRECTION('',(0.,0.,1.));
#5454 = DIRECTION('',(1.,0.,-0.));
#5455 = PCURVE('',#5408,#5456);
#5456 = DEFINITIONAL_REPRESENTATION('',(#5457),#5461);
#5457 = LINE('',#5458,#5459);
#5458 = CARTESIAN_POINT('',(0.,3.));
#5459 = VECTOR('',#5460,1.);
#5460 = DIRECTION('',(1.,0.));
#5461 = ( GEOMETRIC_REPRESENTATION_CONTEXT(2) 
PARAMETRIC_REPRESENTATION_CONTEXT() REPRESENTATION_CONTEXT('2D SPACE',''
  ) );
#5462 = PCURVE('',#5463,#5468);
#5463 = CONICAL_SURFACE('',#5464,14.,9.966865249116E-02);
#5464 = AXIS2_PLACEMENT_3D('',#5465,#5466,#5467);
#5465 = CARTESIAN_POINT('',(0.,0.,-317.));
#5466 = DIRECTION('',(-0.,-0.,-1.));
#5467 = DIRECTION('',(1.,0.,-0.));
#5468 = DEFINITIONAL_REPRESENTATION('',(#5469),#5473);
#5469 = LINE('',#5470,#5471);
#5470 = CARTESIAN_POINT('',(-0.,-0.));
#5471 = VECTOR('',#5472,1.);
#5472 = DIRECTION('',(-1.,-0.));
#5473 = ( GEOMETRIC_REPRESENTATION_CONTEXT(2) 
PARAMETRIC_REPRESENTATION_CONTEXT() REPRESENTATION_CONTEXT('2D SPACE',''
  ) );
#5474 = ORIENTED_EDGE('',*,*,#5425,.F.);
#5475 = ADVANCED_FACE('',(#5476),#5463,.T.);
#5476 = FACE_BOUND('',#5477,.T.);
#5477 = EDGE_LOOP('',(#5478,#5479,#5502,#5529));
#5478 = ORIENTED_EDGE('',*,*,#5448,.T.);
#5479 = ORIENTED_EDGE('',*,*,#5480,.T.);
#5480 = EDGE_CURVE('',#5426,#5481,#5483,.T.);
#5481 = VERTEX_POINT('',#5482);
#5482 = CARTESIAN_POINT('',(13.7,0.,-314.));
#5483 = SEAM_CURVE('',#5484,(#5488,#5495),.PCURVE_S1.);
#5484 = LINE('',#5485,#5486);
#5485 = CARTESIAN_POINT('',(14.,0.,-317.));
#5486 = VECTOR('',#5487,1.);
#5487 = DIRECTION('',(-9.9503719021E-02,0.,0.99503719021));
#5488 = PCURVE('',#5463,#5489);
#5489 = DEFINITIONAL_REPRESENTATION('',(#5490),#5494);
#5490 = LINE('',#5491,#5492);
#5491 = CARTESIAN_POINT('',(-0.,-0.));
#5492 = VECTOR('',#5493,1.);
#5493 = DIRECTION('',(-0.,-1.));
#5494 = ( GEOMETRIC_REPRESENTATION_CONTEXT(2) 
PARAMETRIC_REPRESENTATION_CONTEXT() REPRESENTATION_CONTEXT('2D SPACE',''
  ) );
#5495 = PCURVE('',#5463,#5496);
#5496 = DEFINITIONAL_REPRESENTATION('',(#5497),#5501);
#5497 = LINE('',#5498,#5499);
#5498 = CARTESIAN_POINT('',(-6.28318530718,-0.));
#5499 = VECTOR('',#5500,1.);
#5500 = DIRECTION('',(-0.,-1.));
#5501 = ( GEOMETRIC_REPRESENTATION_CONTEXT(2) 
PARAMETRIC_REPRESENTATION_CONTEXT() REPRESENTATION_CONTEXT('2D SPACE',''
  ) );
#5502 = ORIENTED_EDGE('',*,*,#5503,.F.);
#5503 = EDGE_CURVE('',#5481,#5481,#5504,.T.);
#5504 = SURFACE_CURVE('',#5505,(#5510,#5517),.PCURVE_S1.);
#5505 = CIRCLE('',#5506,13.7);
#5506 = AXIS2_PLACEMENT_3D('',#5507,#5508,#5509);
#5507 = CARTESIAN_POINT('',(0.,0.,-314.));
#5508 = DIRECTION('',(0.,0.,1.));
#5509 = DIRECTION('',(1.,0.,-0.));
#5510 = PCURVE('',#5463,#5511);
#5511 = DEFINITIONAL_REPRESENTATION('',(#5512),#5516);
#5512 = LINE('',#5513,#5514);
#5513 = CARTESIAN_POINT('',(-0.,-3.));
#5514 = VECTOR('',#5515,1.);
#5515 = DIRECTION('',(-1.,-0.));
#5516 = ( GEOMETRIC_REPRESENTATION_CONTEXT(2) 
PARAMETRIC_REPRESENTATION_CONTEXT() REPRESENTATION_CONTEXT('2D SPACE',''
  ) );
#5517 = PCURVE('',#5518,#5523);
#5518 = CONICAL_SURFACE('',#5519,13.7,9.966865249116E-02);
#5519 = AXIS2_PLACEMENT_3D('',#5520,#5521,#5522);
#5520 = CARTESIAN_POINT('',(0.,0.,-314.));
#5521 = DIRECTION('',(0.,0.,1.));
#5522 = DIRECTION('',(1.,0.,-0.));
#5523 = DEFINITIONAL_REPRESENTATION('',(#5524),#5528);
#5524 = LINE('',#5525,#5526);
#5525 = CARTESIAN_POINT('',(0.,0.));
#5526 = VECTOR('',#5527,1.);
#5527 = DIRECTION('',(1.,0.));
#5528 = ( GEOMETRIC_REPRESENTATION_CONTEXT(2) 
PARAMETRIC_REPRESENTATION_CONTEXT() REPRESENTATION_CONTEXT('2D SPACE',''
  ) );
#5529 = ORIENTED_EDGE('',*,*,#5480,.F.);
#5530 = ADVANCED_FACE('',(#5531),#5518,.T.);
#5531 = FACE_BOUND('',#5532,.T.);
#5532 = EDGE_LOOP('',(#5533,#5534,#5557,#5584));
#5533 = ORIENTED_EDGE('',*,*,#5503,.T.);
#5534 = ORIENTED_EDGE('',*,*,#5535,.T.);
#5535 = EDGE_CURVE('',#5481,#5536,#5538,.T.);
#5536 = VERTEX_POINT('',#5537);
#5537 = CARTESIAN_POINT('',(14.,0.,-311.));
#5538 = SEAM_CURVE('',#5539,(#5543,#5550),.PCURVE_S1.);
#5539 = LINE('',#5540,#5541);
#5540 = CARTESIAN_POINT('',(13.7,0.,-314.));
#5541 = VECTOR('',#5542,1.);
#5542 = DIRECTION('',(9.9503719021E-02,0.,0.99503719021));
#5543 = PCURVE('',#5518,#5544);
#5544 = DEFINITIONAL_REPRESENTATION('',(#5545),#5549);
#5545 = LINE('',#5546,#5547);
#5546 = CARTESIAN_POINT('',(0.,0.));
#5547 = VECTOR('',#5548,1.);
#5548 = DIRECTION('',(0.,1.));
#5549 = ( GEOMETRIC_REPRESENTATION_CONTEXT(2) 
PARAMETRIC_REPRESENTATION_CONTEXT() REPRESENTATION_CONTEXT('2D SPACE',''
  ) );
#5550 = PCURVE('',#5518,#5551);
#5551 = DEFINITIONAL_REPRESENTATION('',(#5552),#5556);
#5552 = LINE('',#5553,#5554);
#5553 = CARTESIAN_POINT('',(6.28318530718,0.));
#5554 = VECTOR('',#5555,1.);
#5555 = DIRECTION('',(0.,1.));
#5556 = ( GEOMETRIC_REPRESENTATION_CONTEXT(2) 
PARAMETRIC_REPRESENTATION_CONTEXT() REPRESENTATION_CONTEXT('2D SPACE',''
  ) );
#5557 = ORIENTED_EDGE('',*,*,#5558,.F.);
#5558 = EDGE_CURVE('',#5536,#5536,#5559,.T.);
#5559 = SURFACE_CURVE('',#5560,(#5565,#5572),.PCURVE_S1.);
#5560 = CIRCLE('',#5561,14.);
#5561 = AXIS2_PLACEMENT_3D('',#5562,#5563,#5564);
#5562 = CARTESIAN_POINT('',(0.,0.,-311.));
#5563 = DIRECTION('',(0.,0.,1.));
#5564 = DIRECTION('',(1.,0.,-0.));
#5565 = PCURVE('',#5518,#5566);
#5566 = DEFINITIONAL_REPRESENTATION('',(#5567),#5571);
#5567 = LINE('',#5568,#5569);
#5568 = CARTESIAN_POINT('',(0.,3.));
#5569 = VECTOR('',#5570,1.);
#5570 = DIRECTION('',(1.,0.));
#5571 = ( GEOMETRIC_REPRESENTATION_CONTEXT(2) 
PARAMETRIC_REPRESENTATION_CONTEXT() REPRESENTATION_CONTEXT('2D SPACE',''
  ) );
#5572 = PCURVE('',#5573,#5578);
#5573 = CONICAL_SURFACE('',#5574,14.,9.966865249116E-02);
#5574 = AXIS2_PLACEMENT_3D('',#5575,#5576,#5577);
#5575 = CARTESIAN_POINT('',(0.,0.,-311.));
#5576 = DIRECTION('',(-0.,-0.,-1.));
#5577 = DIRECTION('',(1.,0.,-0.));
#5578 = DEFINITIONAL_REPRESENTATION('',(#5579),#5583);
#5579 = LINE('',#5580,#5581);
#5580 = CARTESIAN_POINT('',(-0.,-0.));
#5581 = VECTOR('',#5582,1.);
#5582 = DIRECTION('',(-1.,-0.));
#5583 = ( GEOMETRIC_REPRESENTATION_CONTEXT(2) 
PARAMETRIC_REPRESENTATION_CONTEXT() REPRESENTATION_CONTEXT('2D SPACE',''
  ) );
#5584 = ORIENTED_EDGE('',*,*,#5535,.F.);
#5585 = ADVANCED_FACE('',(#5586),#5573,.T.);
#5586 = FACE_BOUND('',#5587,.T.);
#5587 = EDGE_LOOP('',(#5588,#5589,#5612,#5639));
#5588 = ORIENTED_EDGE('',*,*,#5558,.T.);
#5589 = ORIENTED_EDGE('',*,*,#5590,.T.);
#5590 = EDGE_CURVE('',#5536,#5591,#5593,.T.);
#5591 = VERTEX_POINT('',#5592);
#5592 = CARTESIAN_POINT('',(13.7,0.,-308.));
#5593 = SEAM_CURVE('',#5594,(#5598,#5605),.PCURVE_S1.);
#5594 = LINE('',#5595,#5596);
#5595 = CARTESIAN_POINT('',(14.,0.,-311.));
#5596 = VECTOR('',#5597,1.);
#5597 = DIRECTION('',(-9.9503719021E-02,0.,0.99503719021));
#5598 = PCURVE('',#5573,#5599);
#5599 = DEFINITIONAL_REPRESENTATION('',(#5600),#5604);
#5600 = LINE('',#5601,#5602);
#5601 = CARTESIAN_POINT('',(-0.,-0.));
#5602 = VECTOR('',#5603,1.);
#5603 = DIRECTION('',(-0.,-1.));
#5604 = ( GEOMETRIC_REPRESENTATION_CONTEXT(2) 
PARAMETRIC_REPRESENTATION_CONTEXT() REPRESENTATION_CONTEXT('2D SPACE',''
  ) );
#5605 = PCURVE('',#5573,#5606);
#5606 = DEFINITIONAL_REPRESENTATION('',(#5607),#5611);
#5607 = LINE('',#5608,#5609);
#5608 = CARTESIAN_POINT('',(-6.28318530718,-0.));
#5609 = VECTOR('',#5610,1.);
#5610 = DIRECTION('',(-0.,-1.));
#5611 = ( GEOMETRIC_REPRESENTATION_CONTEXT(2) 
PARAMETRIC_REPRESENTATION_CONTEXT() REPRESENTATION_CONTEXT('2D SPACE',''
  ) );
#5612 = ORIENTED_EDGE('',*,*,#5613,.F.);
#5613 = EDGE_CURVE('',#5591,#5591,#5614,.T.);
#5614 = SURFACE_CURVE('',#5615,(#5620,#5627),.PCURVE_S1.);
#5615 = CIRCLE('',#5616,13.7);
#5616 = AXIS2_PLACEMENT_3D('',#5617,#5618,#5619);
#5617 = CARTESIAN_POINT('',(0.,0.,-308.));
#5618 = DIRECTION('',(0.,0.,1.));
#5619 = DIRECTION('',(1.,0.,-0.));
#5620 = PCURVE('',#5573,#5621);
#5621 = DEFINITIONAL_REPRESENTATION('',(#5622),#5626);
#5622 = LINE('',#5623,#5624);
#5623 = CARTESIAN_POINT('',(-0.,-3.));
#5624 = VECTOR('',#5625,1.);
#5625 = DIRECTION('',(-1.,-0.));
#5626 = ( GEOMETRIC_REPRESENTATION_CONTEXT(2) 
PARAMETRIC_REPRESENTATION_CONTEXT() REPRESENTATION_CONTEXT('2D SPACE',''
  ) );
#5627 = PCURVE('',#5628,#5633);
#5628 = CONICAL_SURFACE('',#5629,13.7,9.966865249116E-02);
#5629 = AXIS2_PLACEMENT_3D('',#5630,#5631,#5632);
#5630 = CARTESIAN_POINT('',(0.,0.,-308.));
#5631 = DIRECTION('',(0.,0.,1.));
#5632 = DIRECTION('',(1.,0.,-0.));
#5633 = DEFINITIONAL_REPRESENTATION('',(#5634),#5638);
#5634 = LINE('',#5635,#5636);
#5635 = CARTESIAN_POINT('',(0.,0.));
#5636 = VECTOR('',#5637,1.);
#5637 = DIRECTION('',(1.,0.));
#5638 = ( GEOMETRIC_REPRESENTATION_CONTEXT(2) 
PARAMETRIC_REPRESENTATION_CONTEXT() REPRESENTATION_CONTEXT('2D SPACE',''
  ) );
#5639 = ORIENTED_EDGE('',*,*,#5590,.F.);
#5640 = ADVANCED_FACE('',(#5641),#5628,.T.);
#5641 = FACE_BOUND('',#5642,.T.);
#5642 = EDGE_LOOP('',(#5643,#5644,#5667,#5694));
#5643 = ORIENTED_EDGE('',*,*,#5613,.T.);
#5644 = ORIENTED_EDGE('',*,*,#5645,.T.);
#5645 = EDGE_CURVE('',#5591,#5646,#5648,.T.);
#5646 = VERTEX_POINT('',#5647);
#5647 = CARTESIAN_POINT('',(14.,0.,-305.));
#5648 = SEAM_CURVE('',#5649,(#5653,#5660),.PCURVE_S1.);
#5649 = LINE('',#5650,#5651);
#5650 = CARTESIAN_POINT('',(13.7,0.,-308.));
#5651 = VECTOR('',#5652,1.);
#5652 = DIRECTION('',(9.9503719021E-02,0.,0.99503719021));
#5653 = PCURVE('',#5628,#5654);
#5654 = DEFINITIONAL_REPRESENTATION('',(#5655),#5659);
#5655 = LINE('',#5656,#5657);
#5656 = CARTESIAN_POINT('',(0.,0.));
#5657 = VECTOR('',#5658,1.);
#5658 = DIRECTION('',(0.,1.));
#5659 = ( GEOMETRIC_REPRESENTATION_CONTEXT(2) 
PARAMETRIC_REPRESENTATION_CONTEXT() REPRESENTATION_CONTEXT('2D SPACE',''
  ) );
#5660 = PCURVE('',#5628,#5661);
#5661 = DEFINITIONAL_REPRESENTATION('',(#5662),#5666);
#5662 = LINE('',#5663,#5664);
#5663 = CARTESIAN_POINT('',(6.28318530718,0.));
#5664 = VECTOR('',#5665,1.);
#5665 = DIRECTION('',(0.,1.));
#5666 = ( GEOMETRIC_REPRESENTATION_CONTEXT(2) 
PARAMETRIC_REPRESENTATION_CONTEXT() REPRESENTATION_CONTEXT('2D SPACE',''
  ) );
#5667 = ORIENTED_EDGE('',*,*,#5668,.F.);
#5668 = EDGE_CURVE('',#5646,#5646,#5669,.T.);
#5669 = SURFACE_CURVE('',#5670,(#5675,#5682),.PCURVE_S1.);
#5670 = CIRCLE('',#5671,14.);
#5671 = AXIS2_PLACEMENT_3D('',#5672,#5673,#5674);
#5672 = CARTESIAN_POINT('',(0.,0.,-305.));
#5673 = DIRECTION('',(0.,0.,1.));
#5674 = DIRECTION('',(1.,0.,-0.));
#5675 = PCURVE('',#5628,#5676);
#5676 = DEFINITIONAL_REPRESENTATION('',(#5677),#5681);
#5677 = LINE('',#5678,#5679);
#5678 = CARTESIAN_POINT('',(0.,3.));
#5679 = VECTOR('',#5680,1.);
#5680 = DIRECTION('',(1.,0.));
#5681 = ( GEOMETRIC_REPRESENTATION_CONTEXT(2) 
PARAMETRIC_REPRESENTATION_CONTEXT() REPRESENTATION_CONTEXT('2D SPACE',''
  ) );
#5682 = PCURVE('',#5683,#5688);
#5683 = CONICAL_SURFACE('',#5684,14.,9.966865249116E-02);
#5684 = AXIS2_PLACEMENT_3D('',#5685,#5686,#5687);
#5685 = CARTESIAN_POINT('',(0.,0.,-305.));
#5686 = DIRECTION('',(-0.,-0.,-1.));
#5687 = DIRECTION('',(1.,0.,-0.));
#5688 = DEFINITIONAL_REPRESENTATION('',(#5689),#5693);
#5689 = LINE('',#5690,#5691);
#5690 = CARTESIAN_POINT('',(-0.,-0.));
#5691 = VECTOR('',#5692,1.);
#5692 = DIRECTION('',(-1.,-0.));
#5693 = ( GEOMETRIC_REPRESENTATION_CONTEXT(2) 
PARAMETRIC_REPRESENTATION_CONTEXT() REPRESENTATION_CONTEXT('2D SPACE',''
  ) );
#5694 = ORIENTED_EDGE('',*,*,#5645,.F.);
#5695 = ADVANCED_FACE('',(#5696),#5683,.T.);
#5696 = FACE_BOUND('',#5697,.T.);
#5697 = EDGE_LOOP('',(#5698,#5699,#5722,#5749));
#5698 = ORIENTED_EDGE('',*,*,#5668,.T.);
#5699 = ORIENTED_EDGE('',*,*,#5700,.T.);
#5700 = EDGE_CURVE('',#5646,#5701,#5703,.T.);
#5701 = VERTEX_POINT('',#5702);
#5702 = CARTESIAN_POINT('',(13.7,0.,-302.));
#5703 = SEAM_CURVE('',#5704,(#5708,#5715),.PCURVE_S1.);
#5704 = LINE('',#5705,#5706);
#5705 = CARTESIAN_POINT('',(14.,0.,-305.));
#5706 = VECTOR('',#5707,1.);
#5707 = DIRECTION('',(-9.9503719021E-02,0.,0.99503719021));
#5708 = PCURVE('',#5683,#5709);
#5709 = DEFINITIONAL_REPRESENTATION('',(#5710),#5714);
#5710 = LINE('',#5711,#5712);
#5711 = CARTESIAN_POINT('',(-0.,-0.));
#5712 = VECTOR('',#5713,1.);
#5713 = DIRECTION('',(-0.,-1.));
#5714 = ( GEOMETRIC_REPRESENTATION_CONTEXT(2) 
PARAMETRIC_REPRESENTATION_CONTEXT() REPRESENTATION_CONTEXT('2D SPACE',''
  ) );
#5715 = PCURVE('',#5683,#5716);
#5716 = DEFINITIONAL_REPRESENTATION('',(#5717),#5721);
#5717 = LINE('',#5718,#5719);
#5718 = CARTESIAN_POINT('',(-6.28318530718,-0.));
#5719 = VECTOR('',#5720,1.);
#5720 = DIRECTION('',(-0.,-1.));
#5721 = ( GEOMETRIC_REPRESENTATION_CONTEXT(2) 
PARAMETRIC_REPRESENTATION_CONTEXT() REPRESENTATION_CONTEXT('2D SPACE',''
  ) );
#5722 = ORIENTED_EDGE('',*,*,#5723,.F.);
#5723 = EDGE_CURVE('',#5701,#5701,#5724,.T.);
#5724 = SURFACE_CURVE('',#5725,(#5730,#5737),.PCURVE_S1.);
#5725 = CIRCLE('',#5726,13.7);
#5726 = AXIS2_PLACEMENT_3D('',#5727,#5728,#5729);
#5727 = CARTESIAN_POINT('',(0.,0.,-302.));
#5728 = DIRECTION('',(0.,0.,1.));
#5729 = DIRECTION('',(1.,0.,-0.));
#5730 = PCURVE('',#5683,#5731);
#5731 = DEFINITIONAL_REPRESENTATION('',(#5732),#5736);
#5732 = LINE('',#5733,#5734);
#5733 = CARTESIAN_POINT('',(-0.,-3.));
#5734 = VECTOR('',#5735,1.);
#5735 = DIRECTION('',(-1.,-0.));
#5736 = ( GEOMETRIC_REPRESENTATION_CONTEXT(2) 
PARAMETRIC_REPRESENTATION_CONTEXT() REPRESENTATION_CONTEXT('2D SPACE',''
  ) );
#5737 = PCURVE('',#5738,#5743);
#5738 = CONICAL_SURFACE('',#5739,13.7,9.966865249116E-02);
#5739 = AXIS2_PLACEMENT_3D('',#5740,#5741,#5742);
#5740 = CARTESIAN_POINT('',(0.,0.,-302.));
#5741 = DIRECTION('',(0.,0.,1.));
#5742 = DIRECTION('',(1.,0.,-0.));
#5743 = DEFINITIONAL_REPRESENTATION('',(#5744),#5748);
#5744 = LINE('',#5745,#5746);
#5745 = CARTESIAN_POINT('',(0.,0.));
#5746 = VECTOR('',#5747,1.);
#5747 = DIRECTION('',(1.,0.));
#5748 = ( GEOMETRIC_REPRESENTATION_CONTEXT(2) 
PARAMETRIC_REPRESENTATION_CONTEXT() REPRESENTATION_CONTEXT('2D SPACE',''
  ) );
#5749 = ORIENTED_EDGE('',*,*,#5700,.F.);
#5750 = ADVANCED_FACE('',(#5751),#5738,.T.);
#5751 = FACE_BOUND('',#5752,.T.);
#5752 = EDGE_LOOP('',(#5753,#5754,#5777,#5804));
#5753 = ORIENTED_EDGE('',*,*,#5723,.T.);
#5754 = ORIENTED_EDGE('',*,*,#5755,.T.);
#5755 = EDGE_CURVE('',#5701,#5756,#5758,.T.);
#5756 = VERTEX_POINT('',#5757);
#5757 = CARTESIAN_POINT('',(14.,0.,-299.));
#5758 = SEAM_CURVE('',#5759,(#5763,#5770),.PCURVE_S1.);
#5759 = LINE('',#5760,#5761);
#5760 = CARTESIAN_POINT('',(13.7,0.,-302.));
#5761 = VECTOR('',#5762,1.);
#5762 = DIRECTION('',(9.9503719021E-02,0.,0.99503719021));
#5763 = PCURVE('',#5738,#5764);
#5764 = DEFINITIONAL_REPRESENTATION('',(#5765),#5769);
#5765 = LINE('',#5766,#5767);
#5766 = CARTESIAN_POINT('',(0.,0.));
#5767 = VECTOR('',#5768,1.);
#5768 = DIRECTION('',(0.,1.));
#5769 = ( GEOMETRIC_REPRESENTATION_CONTEXT(2) 
PARAMETRIC_REPRESENTATION_CONTEXT() REPRESENTATION_CONTEXT('2D SPACE',''
  ) );
#5770 = PCURVE('',#5738,#5771);
#5771 = DEFINITIONAL_REPRESENTATION('',(#5772),#5776);
#5772 = LINE('',#5773,#5774);
#5773 = CARTESIAN_POINT('',(6.28318530718,0.));
#5774 = VECTOR('',#5775,1.);
#5775 = DIRECTION('',(0.,1.));
#5776 = ( GEOMETRIC_REPRESENTATION_CONTEXT(2) 
PARAMETRIC_REPRESENTATION_CONTEXT() REPRESENTATION_CONTEXT('2D SPACE',''
  ) );
#5777 = ORIENTED_EDGE('',*,*,#5778,.F.);
#5778 = EDGE_CURVE('',#5756,#5756,#5779,.T.);
#5779 = SURFACE_CURVE('',#5780,(#5785,#5792),.PCURVE_S1.);
#5780 = CIRCLE('',#5781,14.);
#5781 = AXIS2_PLACEMENT_3D('',#5782,#5783,#5784);
#5782 = CARTESIAN_POINT('',(0.,0.,-299.));
#5783 = DIRECTION('',(0.,0.,1.));
#5784 = DIRECTION('',(1.,0.,-0.));
#5785 = PCURVE('',#5738,#5786);
#5786 = DEFINITIONAL_REPRESENTATION('',(#5787),#5791);
#5787 = LINE('',#5788,#5789);
#5788 = CARTESIAN_POINT('',(0.,3.));
#5789 = VECTOR('',#5790,1.);
#5790 = DIRECTION('',(1.,0.));
#5791 = ( GEOMETRIC_REPRESENTATION_CONTEXT(2) 
PARAMETRIC_REPRESENTATION_CONTEXT() REPRESENTATION_CONTEXT('2D SPACE',''
  ) );
#5792 = PCURVE('',#5793,#5798);
#5793 = CONICAL_SURFACE('',#5794,14.,9.966865249116E-02);
#5794 = AXIS2_PLACEMENT_3D('',#5795,#5796,#5797);
#5795 = CARTESIAN_POINT('',(0.,0.,-299.));
#5796 = DIRECTION('',(-0.,-0.,-1.));
#5797 = DIRECTION('',(1.,0.,-0.));
#5798 = DEFINITIONAL_REPRESENTATION('',(#5799),#5803);
#5799 = LINE('',#5800,#5801);
#5800 = CARTESIAN_POINT('',(-0.,-0.));
#5801 = VECTOR('',#5802,1.);
#5802 = DIRECTION('',(-1.,-0.));
#5803 = ( GEOMETRIC_REPRESENTATION_CONTEXT(2) 
PARAMETRIC_REPRESENTATION_CONTEXT() REPRESENTATION_CONTEXT('2D SPACE',''
  ) );
#5804 = ORIENTED_EDGE('',*,*,#5755,.F.);
#5805 = ADVANCED_FACE('',(#5806),#5793,.T.);
#5806 = FACE_BOUND('',#5807,.T.);
#5807 = EDGE_LOOP('',(#5808,#5809,#5832,#5859));
#5808 = ORIENTED_EDGE('',*,*,#5778,.T.);
#5809 = ORIENTED_EDGE('',*,*,#5810,.T.);
#5810 = EDGE_CURVE('',#5756,#5811,#5813,.T.);
#5811 = VERTEX_POINT('',#5812);
#5812 = CARTESIAN_POINT('',(13.7,0.,-296.));
#5813 = SEAM_CURVE('',#5814,(#5818,#5825),.PCURVE_S1.);
#5814 = LINE('',#5815,#5816);
#5815 = CARTESIAN_POINT('',(14.,0.,-299.));
#5816 = VECTOR('',#5817,1.);
#5817 = DIRECTION('',(-9.9503719021E-02,0.,0.99503719021));
#5818 = PCURVE('',#5793,#5819);
#5819 = DEFINITIONAL_REPRESENTATION('',(#5820),#5824);
#5820 = LINE('',#5821,#5822);
#5821 = CARTESIAN_POINT('',(-0.,-0.));
#5822 = VECTOR('',#5823,1.);
#5823 = DIRECTION('',(-0.,-1.));
#5824 = ( GEOMETRIC_REPRESENTATION_CONTEXT(2) 
PARAMETRIC_REPRESENTATION_CONTEXT() REPRESENTATION_CONTEXT('2D SPACE',''
  ) );
#5825 = PCURVE('',#5793,#5826);
#5826 = DEFINITIONAL_REPRESENTATION('',(#5827),#5831);
#5827 = LINE('',#5828,#5829);
#5828 = CARTESIAN_POINT('',(-6.28318530718,-0.));
#5829 = VECTOR('',#5830,1.);
#5830 = DIRECTION('',(-0.,-1.));
#5831 = ( GEOMETRIC_REPRESENTATION_CONTEXT(2) 
PARAMETRIC_REPRESENTATION_CONTEXT() REPRESENTATION_CONTEXT('2D SPACE',''
  ) );
#5832 = ORIENTED_EDGE('',*,*,#5833,.F.);
#5833 = EDGE_CURVE('',#5811,#5811,#5834,.T.);
#5834 = SURFACE_CURVE('',#5835,(#5840,#5847),.PCURVE_S1.);
#5835 = CIRCLE('',#5836,13.7);
#5836 = AXIS2_PLACEMENT_3D('',#5837,#5838,#5839);
#5837 = CARTESIAN_POINT('',(0.,0.,-296.));
#5838 = DIRECTION('',(0.,0.,1.));
#5839 = DIRECTION('',(1.,0.,-0.));
#5840 = PCURVE('',#5793,#5841);
#5841 = DEFINITIONAL_REPRESENTATION('',(#5842),#5846);
#5842 = LINE('',#5843,#5844);
#5843 = CARTESIAN_POINT('',(-0.,-3.));
#5844 = VECTOR('',#5845,1.);
#5845 = DIRECTION('',(-1.,-0.));
#5846 = ( GEOMETRIC_REPRESENTATION_CONTEXT(2) 
PARAMETRIC_REPRESENTATION_CONTEXT() REPRESENTATION_CONTEXT('2D SPACE',''
  ) );
#5847 = PCURVE('',#5848,#5853);
#5848 = CONICAL_SURFACE('',#5849,13.7,9.966865249116E-02);
#5849 = AXIS2_PLACEMENT_3D('',#5850,#5851,#5852);
#5850 = CARTESIAN_POINT('',(0.,0.,-296.));
#5851 = DIRECTION('',(0.,0.,1.));
#5852 = DIRECTION('',(1.,0.,-0.));
#5853 = DEFINITIONAL_REPRESENTATION('',(#5854),#5858);
#5854 = LINE('',#5855,#5856);
#5855 = CARTESIAN_POINT('',(0.,0.));
#5856 = VECTOR('',#5857,1.);
#5857 = DIRECTION('',(1.,0.));
#5858 = ( GEOMETRIC_REPRESENTATION_CONTEXT(2) 
PARAMETRIC_REPRESENTATION_CONTEXT() REPRESENTATION_CONTEXT('2D SPACE',''
  ) );
#5859 = ORIENTED_EDGE('',*,*,#5810,.F.);
#5860 = ADVANCED_FACE('',(#5861),#5848,.T.);
#5861 = FACE_BOUND('',#5862,.T.);
#5862 = EDGE_LOOP('',(#5863,#5864,#5887,#5914));
#5863 = ORIENTED_EDGE('',*,*,#5833,.T.);
#5864 = ORIENTED_EDGE('',*,*,#5865,.T.);
#5865 = EDGE_CURVE('',#5811,#5866,#5868,.T.);
#5866 = VERTEX_POINT('',#5867);
#5867 = CARTESIAN_POINT('',(14.,0.,-293.));
#5868 = SEAM_CURVE('',#5869,(#5873,#5880),.PCURVE_S1.);
#5869 = LINE('',#5870,#5871);
#5870 = CARTESIAN_POINT('',(13.7,0.,-296.));
#5871 = VECTOR('',#5872,1.);
#5872 = DIRECTION('',(9.9503719021E-02,0.,0.99503719021));
#5873 = PCURVE('',#5848,#5874);
#5874 = DEFINITIONAL_REPRESENTATION('',(#5875),#5879);
#5875 = LINE('',#5876,#5877);
#5876 = CARTESIAN_POINT('',(0.,0.));
#5877 = VECTOR('',#5878,1.);
#5878 = DIRECTION('',(0.,1.));
#5879 = ( GEOMETRIC_REPRESENTATION_CONTEXT(2) 
PARAMETRIC_REPRESENTATION_CONTEXT() REPRESENTATION_CONTEXT('2D SPACE',''
  ) );
#5880 = PCURVE('',#5848,#5881);
#5881 = DEFINITIONAL_REPRESENTATION('',(#5882),#5886);
#5882 = LINE('',#5883,#5884);
#5883 = CARTESIAN_POINT('',(6.28318530718,0.));
#5884 = VECTOR('',#5885,1.);
#5885 = DIRECTION('',(0.,1.));
#5886 = ( GEOMETRIC_REPRESENTATION_CONTEXT(2) 
PARAMETRIC_REPRESENTATION_CONTEXT() REPRESENTATION_CONTEXT('2D SPACE',''
  ) );
#5887 = ORIENTED_EDGE('',*,*,#5888,.F.);
#5888 = EDGE_CURVE('',#5866,#5866,#5889,.T.);
#5889 = SURFACE_CURVE('',#5890,(#5895,#5902),.PCURVE_S1.);
#5890 = CIRCLE('',#5891,14.);
#5891 = AXIS2_PLACEMENT_3D('',#5892,#5893,#5894);
#5892 = CARTESIAN_POINT('',(0.,0.,-293.));
#5893 = DIRECTION('',(0.,0.,1.));
#5894 = DIRECTION('',(1.,0.,-0.));
#5895 = PCURVE('',#5848,#5896);
#5896 = DEFINITIONAL_REPRESENTATION('',(#5897),#5901);
#5897 = LINE('',#5898,#5899);
#5898 = CARTESIAN_POINT('',(0.,3.));
#5899 = VECTOR('',#5900,1.);
#5900 = DIRECTION('',(1.,0.));
#5901 = ( GEOMETRIC_REPRESENTATION_CONTEXT(2) 
PARAMETRIC_REPRESENTATION_CONTEXT() REPRESENTATION_CONTEXT('2D SPACE',''
  ) );
#5902 = PCURVE('',#5903,#5908);
#5903 = CONICAL_SURFACE('',#5904,14.,9.966865249116E-02);
#5904 = AXIS2_PLACEMENT_3D('',#5905,#5906,#5907);
#5905 = CARTESIAN_POINT('',(0.,0.,-293.));
#5906 = DIRECTION('',(-0.,-0.,-1.));
#5907 = DIRECTION('',(1.,0.,-0.));
#5908 = DEFINITIONAL_REPRESENTATION('',(#5909),#5913);
#5909 = LINE('',#5910,#5911);
#5910 = CARTESIAN_POINT('',(-0.,-0.));
#5911 = VECTOR('',#5912,1.);
#5912 = DIRECTION('',(-1.,-0.));
#5913 = ( GEOMETRIC_REPRESENTATION_CONTEXT(2) 
PARAMETRIC_REPRESENTATION_CONTEXT() REPRESENTATION_CONTEXT('2D SPACE',''
  ) );
#5914 = ORIENTED_EDGE('',*,*,#5865,.F.);
#5915 = ADVANCED_FACE('',(#5916),#5903,.T.);
#5916 = FACE_BOUND('',#5917,.T.);
#5917 = EDGE_LOOP('',(#5918,#5919,#5942,#5969));
#5918 = ORIENTED_EDGE('',*,*,#5888,.T.);
#5919 = ORIENTED_EDGE('',*,*,#5920,.T.);
#5920 = EDGE_CURVE('',#5866,#5921,#5923,.T.);
#5921 = VERTEX_POINT('',#5922);
#5922 = CARTESIAN_POINT('',(13.7,0.,-290.));
#5923 = SEAM_CURVE('',#5924,(#5928,#5935),.PCURVE_S1.);
#5924 = LINE('',#5925,#5926);
#5925 = CARTESIAN_POINT('',(14.,0.,-293.));
#5926 = VECTOR('',#5927,1.);
#5927 = DIRECTION('',(-9.9503719021E-02,0.,0.99503719021));
#5928 = PCURVE('',#5903,#5929);
#5929 = DEFINITIONAL_REPRESENTATION('',(#5930),#5934);
#5930 = LINE('',#5931,#5932);
#5931 = CARTESIAN_POINT('',(-0.,-0.));
#5932 = VECTOR('',#5933,1.);
#5933 = DIRECTION('',(-0.,-1.));
#5934 = ( GEOMETRIC_REPRESENTATION_CONTEXT(2) 
PARAMETRIC_REPRESENTATION_CONTEXT() REPRESENTATION_CONTEXT('2D SPACE',''
  ) );
#5935 = PCURVE('',#5903,#5936);
#5936 = DEFINITIONAL_REPRESENTATION('',(#5937),#5941);
#5937 = LINE('',#5938,#5939);
#5938 = CARTESIAN_POINT('',(-6.28318530718,-0.));
#5939 = VECTOR('',#5940,1.);
#5940 = DIRECTION('',(-0.,-1.));
#5941 = ( GEOMETRIC_REPRESENTATION_CONTEXT(2) 
PARAMETRIC_REPRESENTATION_CONTEXT() REPRESENTATION_CONTEXT('2D SPACE',''
  ) );
#5942 = ORIENTED_EDGE('',*,*,#5943,.F.);
#5943 = EDGE_CURVE('',#5921,#5921,#5944,.T.);
#5944 = SURFACE_CURVE('',#5945,(#5950,#5957),.PCURVE_S1.);
#5945 = CIRCLE('',#5946,13.7);
#5946 = AXIS2_PLACEMENT_3D('',#5947,#5948,#5949);
#5947 = CARTESIAN_POINT('',(0.,0.,-290.));
#5948 = DIRECTION('',(0.,0.,1.));
#5949 = DIRECTION('',(1.,0.,-0.));
#5950 = PCURVE('',#5903,#5951);
#5951 = DEFINITIONAL_REPRESENTATION('',(#5952),#5956);
#5952 = LINE('',#5953,#5954);
#5953 = CARTESIAN_POINT('',(-0.,-3.));
#5954 = VECTOR('',#5955,1.);
#5955 = DIRECTION('',(-1.,-0.));
#5956 = ( GEOMETRIC_REPRESENTATION_CONTEXT(2) 
PARAMETRIC_REPRESENTATION_CONTEXT() REPRESENTATION_CONTEXT('2D SPACE',''
  ) );
#5957 = PCURVE('',#5958,#5963);
#5958 = CONICAL_SURFACE('',#5959,13.7,9.966865249116E-02);
#5959 = AXIS2_PLACEMENT_3D('',#5960,#5961,#5962);
#5960 = CARTESIAN_POINT('',(0.,0.,-290.));
#5961 = DIRECTION('',(0.,0.,1.));
#5962 = DIRECTION('',(1.,0.,-0.));
#5963 = DEFINITIONAL_REPRESENTATION('',(#5964),#5968);
#5964 = LINE('',#5965,#5966);
#5965 = CARTESIAN_POINT('',(0.,0.));
#5966 = VECTOR('',#5967,1.);
#5967 = DIRECTION('',(1.,0.));
#5968 = ( GEOMETRIC_REPRESENTATION_CONTEXT(2) 
PARAMETRIC_REPRESENTATION_CONTEXT() REPRESENTATION_CONTEXT('2D SPACE',''
  ) );
#5969 = ORIENTED_EDGE('',*,*,#5920,.F.);
#5970 = ADVANCED_FACE('',(#5971),#5958,.T.);
#5971 = FACE_BOUND('',#5972,.T.);
#5972 = EDGE_LOOP('',(#5973,#5974,#5997,#6024));
#5973 = ORIENTED_EDGE('',*,*,#5943,.T.);
#5974 = ORIENTED_EDGE('',*,*,#5975,.T.);
#5975 = EDGE_CURVE('',#5921,#5976,#5978,.T.);
#5976 = VERTEX_POINT('',#5977);
#5977 = CARTESIAN_POINT('',(14.,0.,-287.));
#5978 = SEAM_CURVE('',#5979,(#5983,#5990),.PCURVE_S1.);
#5979 = LINE('',#5980,#5981);
#5980 = CARTESIAN_POINT('',(13.7,0.,-290.));
#5981 = VECTOR('',#5982,1.);
#5982 = DIRECTION('',(9.9503719021E-02,0.,0.99503719021));
#5983 = PCURVE('',#5958,#5984);
#5984 = DEFINITIONAL_REPRESENTATION('',(#5985),#5989);
#5985 = LINE('',#5986,#5987);
#5986 = CARTESIAN_POINT('',(0.,0.));
#5987 = VECTOR('',#5988,1.);
#5988 = DIRECTION('',(0.,1.));
#5989 = ( GEOMETRIC_REPRESENTATION_CONTEXT(2) 
PARAMETRIC_REPRESENTATION_CONTEXT() REPRESENTATION_CONTEXT('2D SPACE',''
  ) );
#5990 = PCURVE('',#5958,#5991);
#5991 = DEFINITIONAL_REPRESENTATION('',(#5992),#5996);
#5992 = LINE('',#5993,#5994);
#5993 = CARTESIAN_POINT('',(6.28318530718,0.));
#5994 = VECTOR('',#5995,1.);
#5995 = DIRECTION('',(0.,1.));
#5996 = ( GEOMETRIC_REPRESENTATION_CONTEXT(2) 
PARAMETRIC_REPRESENTATION_CONTEXT() REPRESENTATION_CONTEXT('2D SPACE',''
  ) );
#5997 = ORIENTED_EDGE('',*,*,#5998,.F.);
#5998 = EDGE_CURVE('',#5976,#5976,#5999,.T.);
#5999 = SURFACE_CURVE('',#6000,(#6005,#6012),.PCURVE_S1.);
#6000 = CIRCLE('',#6001,14.);
#6001 = AXIS2_PLACEMENT_3D('',#6002,#6003,#6004);
#6002 = CARTESIAN_POINT('',(0.,0.,-287.));
#6003 = DIRECTION('',(0.,0.,1.));
#6004 = DIRECTION('',(1.,0.,-0.));
#6005 = PCURVE('',#5958,#6006);
#6006 = DEFINITIONAL_REPRESENTATION('',(#6007),#6011);
#6007 = LINE('',#6008,#6009);
#6008 = CARTESIAN_POINT('',(0.,3.));
#6009 = VECTOR('',#6010,1.);
#6010 = DIRECTION('',(1.,0.));
#6011 = ( GEOMETRIC_REPRESENTATION_CONTEXT(2) 
PARAMETRIC_REPRESENTATION_CONTEXT() REPRESENTATION_CONTEXT('2D SPACE',''
  ) );
#6012 = PCURVE('',#6013,#6018);
#6013 = CONICAL_SURFACE('',#6014,14.,9.966865249116E-02);
#6014 = AXIS2_PLACEMENT_3D('',#6015,#6016,#6017);
#6015 = CARTESIAN_POINT('',(0.,0.,-287.));
#6016 = DIRECTION('',(-0.,-0.,-1.));
#6017 = DIRECTION('',(1.,0.,-0.));
#6018 = DEFINITIONAL_REPRESENTATION('',(#6019),#6023);
#6019 = LINE('',#6020,#6021);
#6020 = CARTESIAN_POINT('',(-0.,-0.));
#6021 = VECTOR('',#6022,1.);
#6022 = DIRECTION('',(-1.,-0.));
#6023 = ( GEOMETRIC_REPRESENTATION_CONTEXT(2) 
PARAMETRIC_REPRESENTATION_CONTEXT() REPRESENTATION_CONTEXT('2D SPACE',''
  ) );
#6024 = ORIENTED_EDGE('',*,*,#5975,.F.);
#6025 = ADVANCED_FACE('',(#6026),#6013,.T.);
#6026 = FACE_BOUND('',#6027,.T.);
#6027 = EDGE_LOOP('',(#6028,#6029,#6052,#6079));
#6028 = ORIENTED_EDGE('',*,*,#5998,.T.);
#6029 = ORIENTED_EDGE('',*,*,#6030,.T.);
#6030 = EDGE_CURVE('',#5976,#6031,#6033,.T.);
#6031 = VERTEX_POINT('',#6032);
#6032 = CARTESIAN_POINT('',(13.7,0.,-284.));
#6033 = SEAM_CURVE('',#6034,(#6038,#6045),.PCURVE_S1.);
#6034 = LINE('',#6035,#6036);
#6035 = CARTESIAN_POINT('',(14.,0.,-287.));
#6036 = VECTOR('',#6037,1.);
#6037 = DIRECTION('',(-9.9503719021E-02,0.,0.99503719021));
#6038 = PCURVE('',#6013,#6039);
#6039 = DEFINITIONAL_REPRESENTATION('',(#6040),#6044);
#6040 = LINE('',#6041,#6042);
#6041 = CARTESIAN_POINT('',(-0.,-0.));
#6042 = VECTOR('',#6043,1.);
#6043 = DIRECTION('',(-0.,-1.));
#6044 = ( GEOMETRIC_REPRESENTATION_CONTEXT(2) 
PARAMETRIC_REPRESENTATION_CONTEXT() REPRESENTATION_CONTEXT('2D SPACE',''
  ) );
#6045 = PCURVE('',#6013,#6046);
#6046 = DEFINITIONAL_REPRESENTATION('',(#6047),#6051);
#6047 = LINE('',#6048,#6049);
#6048 = CARTESIAN_POINT('',(-6.28318530718,-0.));
#6049 = VECTOR('',#6050,1.);
#6050 = DIRECTION('',(-0.,-1.));
#6051 = ( GEOMETRIC_REPRESENTATION_CONTEXT(2) 
PARAMETRIC_REPRESENTATION_CONTEXT() REPRESENTATION_CONTEXT('2D SPACE',''
  ) );
#6052 = ORIENTED_EDGE('',*,*,#6053,.F.);
#6053 = EDGE_CURVE('',#6031,#6031,#6054,.T.);
#6054 = SURFACE_CURVE('',#6055,(#6060,#6067),.PCURVE_S1.);
#6055 = CIRCLE('',#6056,13.7);
#6056 = AXIS2_PLACEMENT_3D('',#6057,#6058,#6059);
#6057 = CARTESIAN_POINT('',(0.,0.,-284.));
#6058 = DIRECTION('',(0.,0.,1.));
#6059 = DIRECTION('',(1.,0.,-0.));
#6060 = PCURVE('',#6013,#6061);
#6061 = DEFINITIONAL_REPRESENTATION('',(#6062),#6066);
#6062 = LINE('',#6063,#6064);
#6063 = CARTESIAN_POINT('',(-0.,-3.));
#6064 = VECTOR('',#6065,1.);
#6065 = DIRECTION('',(-1.,-0.));
#6066 = ( GEOMETRIC_REPRESENTATION_CONTEXT(2) 
PARAMETRIC_REPRESENTATION_CONTEXT() REPRESENTATION_CONTEXT('2D SPACE',''
  ) );
#6067 = PCURVE('',#6068,#6073);
#6068 = CONICAL_SURFACE('',#6069,13.7,9.966865249116E-02);
#6069 = AXIS2_PLACEMENT_3D('',#6070,#6071,#6072);
#6070 = CARTESIAN_POINT('',(0.,0.,-284.));
#6071 = DIRECTION('',(0.,0.,1.));
#6072 = DIRECTION('',(1.,0.,-0.));
#6073 = DEFINITIONAL_REPRESENTATION('',(#6074),#6078);
#6074 = LINE('',#6075,#6076);
#6075 = CARTESIAN_POINT('',(0.,0.));
#6076 = VECTOR('',#6077,1.);
#6077 = DIRECTION('',(1.,0.));
#6078 = ( GEOMETRIC_REPRESENTATION_CONTEXT(2) 
PARAMETRIC_REPRESENTATION_CONTEXT() REPRESENTATION_CONTEXT('2D SPACE',''
  ) );
#6079 = ORIENTED_EDGE('',*,*,#6030,.F.);
#6080 = ADVANCED_FACE('',(#6081),#6068,.T.);
#6081 = FACE_BOUND('',#6082,.T.);
#6082 = EDGE_LOOP('',(#6083,#6084,#6107,#6134));
#6083 = ORIENTED_EDGE('',*,*,#6053,.T.);
#6084 = ORIENTED_EDGE('',*,*,#6085,.T.);
#6085 = EDGE_CURVE('',#6031,#6086,#6088,.T.);
#6086 = VERTEX_POINT('',#6087);
#6087 = CARTESIAN_POINT('',(14.,0.,-281.));
#6088 = SEAM_CURVE('',#6089,(#6093,#6100),.PCURVE_S1.);
#6089 = LINE('',#6090,#6091);
#6090 = CARTESIAN_POINT('',(13.7,0.,-284.));
#6091 = VECTOR('',#6092,1.);
#6092 = DIRECTION('',(9.9503719021E-02,0.,0.99503719021));
#6093 = PCURVE('',#6068,#6094);
#6094 = DEFINITIONAL_REPRESENTATION('',(#6095),#6099);
#6095 = LINE('',#6096,#6097);
#6096 = CARTESIAN_POINT('',(0.,0.));
#6097 = VECTOR('',#6098,1.);
#6098 = DIRECTION('',(0.,1.));
#6099 = ( GEOMETRIC_REPRESENTATION_CONTEXT(2) 
PARAMETRIC_REPRESENTATION_CONTEXT() REPRESENTATION_CONTEXT('2D SPACE',''
  ) );
#6100 = PCURVE('',#6068,#6101);
#6101 = DEFINITIONAL_REPRESENTATION('',(#6102),#6106);
#6102 = LINE('',#6103,#6104);
#6103 = CARTESIAN_POINT('',(6.28318530718,0.));
#6104 = VECTOR('',#6105,1.);
#6105 = DIRECTION('',(0.,1.));
#6106 = ( GEOMETRIC_REPRESENTATION_CONTEXT(2) 
PARAMETRIC_REPRESENTATION_CONTEXT() REPRESENTATION_CONTEXT('2D SPACE',''
  ) );
#6107 = ORIENTED_EDGE('',*,*,#6108,.F.);
#6108 = EDGE_CURVE('',#6086,#6086,#6109,.T.);
#6109 = SURFACE_CURVE('',#6110,(#6115,#6122),.PCURVE_S1.);
#6110 = CIRCLE('',#6111,14.);
#6111 = AXIS2_PLACEMENT_3D('',#6112,#6113,#6114);
#6112 = CARTESIAN_POINT('',(0.,0.,-281.));
#6113 = DIRECTION('',(0.,0.,1.));
#6114 = DIRECTION('',(1.,0.,-0.));
#6115 = PCURVE('',#6068,#6116);
#6116 = DEFINITIONAL_REPRESENTATION('',(#6117),#6121);
#6117 = LINE('',#6118,#6119);
#6118 = CARTESIAN_POINT('',(0.,3.));
#6119 = VECTOR('',#6120,1.);
#6120 = DIRECTION('',(1.,0.));
#6121 = ( GEOMETRIC_REPRESENTATION_CONTEXT(2) 
PARAMETRIC_REPRESENTATION_CONTEXT() REPRESENTATION_CONTEXT('2D SPACE',''
  ) );
#6122 = PCURVE('',#6123,#6128);
#6123 = CONICAL_SURFACE('',#6124,14.,9.966865249116E-02);
#6124 = AXIS2_PLACEMENT_3D('',#6125,#6126,#6127);
#6125 = CARTESIAN_POINT('',(0.,0.,-281.));
#6126 = DIRECTION('',(-0.,-0.,-1.));
#6127 = DIRECTION('',(1.,0.,-0.));
#6128 = DEFINITIONAL_REPRESENTATION('',(#6129),#6133);
#6129 = LINE('',#6130,#6131);
#6130 = CARTESIAN_POINT('',(-0.,-0.));
#6131 = VECTOR('',#6132,1.);
#6132 = DIRECTION('',(-1.,-0.));
#6133 = ( GEOMETRIC_REPRESENTATION_CONTEXT(2) 
PARAMETRIC_REPRESENTATION_CONTEXT() REPRESENTATION_CONTEXT('2D SPACE',''
  ) );
#6134 = ORIENTED_EDGE('',*,*,#6085,.F.);
#6135 = ADVANCED_FACE('',(#6136),#6123,.T.);
#6136 = FACE_BOUND('',#6137,.T.);
#6137 = EDGE_LOOP('',(#6138,#6139,#6162,#6189));
#6138 = ORIENTED_EDGE('',*,*,#6108,.T.);
#6139 = ORIENTED_EDGE('',*,*,#6140,.T.);
#6140 = EDGE_CURVE('',#6086,#6141,#6143,.T.);
#6141 = VERTEX_POINT('',#6142);
#6142 = CARTESIAN_POINT('',(13.7,0.,-278.));
#6143 = SEAM_CURVE('',#6144,(#6148,#6155),.PCURVE_S1.);
#6144 = LINE('',#6145,#6146);
#6145 = CARTESIAN_POINT('',(14.,0.,-281.));
#6146 = VECTOR('',#6147,1.);
#6147 = DIRECTION('',(-9.9503719021E-02,0.,0.99503719021));
#6148 = PCURVE('',#6123,#6149);
#6149 = DEFINITIONAL_REPRESENTATION('',(#6150),#6154);
#6150 = LINE('',#6151,#6152);
#6151 = CARTESIAN_POINT('',(-0.,-0.));
#6152 = VECTOR('',#6153,1.);
#6153 = DIRECTION('',(-0.,-1.));
#6154 = ( GEOMETRIC_REPRESENTATION_CONTEXT(2) 
PARAMETRIC_REPRESENTATION_CONTEXT() REPRESENTATION_CONTEXT('2D SPACE',''
  ) );
#6155 = PCURVE('',#6123,#6156);
#6156 = DEFINITIONAL_REPRESENTATION('',(#6157),#6161);
#6157 = LINE('',#6158,#6159);
#6158 = CARTESIAN_POINT('',(-6.28318530718,-0.));
#6159 = VECTOR('',#6160,1.);
#6160 = DIRECTION('',(-0.,-1.));
#6161 = ( GEOMETRIC_REPRESENTATION_CONTEXT(2) 
PARAMETRIC_REPRESENTATION_CONTEXT() REPRESENTATION_CONTEXT('2D SPACE',''
  ) );
#6162 = ORIENTED_EDGE('',*,*,#6163,.F.);
#6163 = EDGE_CURVE('',#6141,#6141,#6164,.T.);
#6164 = SURFACE_CURVE('',#6165,(#6170,#6177),.PCURVE_S1.);
#6165 = CIRCLE('',#6166,13.7);
#6166 = AXIS2_PLACEMENT_3D('',#6167,#6168,#6169);
#6167 = CARTESIAN_POINT('',(0.,0.,-278.));
#6168 = DIRECTION('',(0.,0.,1.));
#6169 = DIRECTION('',(1.,0.,-0.));
#6170 = PCURVE('',#6123,#6171);
#6171 = DEFINITIONAL_REPRESENTATION('',(#6172),#6176);
#6172 = LINE('',#6173,#6174);
#6173 = CARTESIAN_POINT('',(-0.,-3.));
#6174 = VECTOR('',#6175,1.);
#6175 = DIRECTION('',(-1.,-0.));
#6176 = ( GEOMETRIC_REPRESENTATION_CONTEXT(2) 
PARAMETRIC_REPRESENTATION_CONTEXT() REPRESENTATION_CONTEXT('2D SPACE',''
  ) );
#6177 = PCURVE('',#6178,#6183);
#6178 = CONICAL_SURFACE('',#6179,13.7,9.966865249116E-02);
#6179 = AXIS2_PLACEMENT_3D('',#6180,#6181,#6182);
#6180 = CARTESIAN_POINT('',(0.,0.,-278.));
#6181 = DIRECTION('',(0.,0.,1.));
#6182 = DIRECTION('',(1.,0.,-0.));
#6183 = DEFINITIONAL_REPRESENTATION('',(#6184),#6188);
#6184 = LINE('',#6185,#6186);
#6185 = CARTESIAN_POINT('',(0.,0.));
#6186 = VECTOR('',#6187,1.);
#6187 = DIRECTION('',(1.,0.));
#6188 = ( GEOMETRIC_REPRESENTATION_CONTEXT(2) 
PARAMETRIC_REPRESENTATION_CONTEXT() REPRESENTATION_CONTEXT('2D SPACE',''
  ) );
#6189 = ORIENTED_EDGE('',*,*,#6140,.F.);
#6190 = ADVANCED_FACE('',(#6191),#6178,.T.);
#6191 = FACE_BOUND('',#6192,.T.);
#6192 = EDGE_LOOP('',(#6193,#6194,#6217,#6244));
#6193 = ORIENTED_EDGE('',*,*,#6163,.T.);
#6194 = ORIENTED_EDGE('',*,*,#6195,.T.);
#6195 = EDGE_CURVE('',#6141,#6196,#6198,.T.);
#6196 = VERTEX_POINT('',#6197);
#6197 = CARTESIAN_POINT('',(14.,0.,-275.));
#6198 = SEAM_CURVE('',#6199,(#6203,#6210),.PCURVE_S1.);
#6199 = LINE('',#6200,#6201);
#6200 = CARTESIAN_POINT('',(13.7,0.,-278.));
#6201 = VECTOR('',#6202,1.);
#6202 = DIRECTION('',(9.9503719021E-02,0.,0.99503719021));
#6203 = PCURVE('',#6178,#6204);
#6204 = DEFINITIONAL_REPRESENTATION('',(#6205),#6209);
#6205 = LINE('',#6206,#6207);
#6206 = CARTESIAN_POINT('',(0.,0.));
#6207 = VECTOR('',#6208,1.);
#6208 = DIRECTION('',(0.,1.));
#6209 = ( GEOMETRIC_REPRESENTATION_CONTEXT(2) 
PARAMETRIC_REPRESENTATION_CONTEXT() REPRESENTATION_CONTEXT('2D SPACE',''
  ) );
#6210 = PCURVE('',#6178,#6211);
#6211 = DEFINITIONAL_REPRESENTATION('',(#6212),#6216);
#6212 = LINE('',#6213,#6214);
#6213 = CARTESIAN_POINT('',(6.28318530718,0.));
#6214 = VECTOR('',#6215,1.);
#6215 = DIRECTION('',(0.,1.));
#6216 = ( GEOMETRIC_REPRESENTATION_CONTEXT(2) 
PARAMETRIC_REPRESENTATION_CONTEXT() REPRESENTATION_CONTEXT('2D SPACE',''
  ) );
#6217 = ORIENTED_EDGE('',*,*,#6218,.F.);
#6218 = EDGE_CURVE('',#6196,#6196,#6219,.T.);
#6219 = SURFACE_CURVE('',#6220,(#6225,#6232),.PCURVE_S1.);
#6220 = CIRCLE('',#6221,14.);
#6221 = AXIS2_PLACEMENT_3D('',#6222,#6223,#6224);
#6222 = CARTESIAN_POINT('',(0.,0.,-275.));
#6223 = DIRECTION('',(0.,0.,1.));
#6224 = DIRECTION('',(1.,0.,-0.));
#6225 = PCURVE('',#6178,#6226);
#6226 = DEFINITIONAL_REPRESENTATION('',(#6227),#6231);
#6227 = LINE('',#6228,#6229);
#6228 = CARTESIAN_POINT('',(0.,3.));
#6229 = VECTOR('',#6230,1.);
#6230 = DIRECTION('',(1.,0.));
#6231 = ( GEOMETRIC_REPRESENTATION_CONTEXT(2) 
PARAMETRIC_REPRESENTATION_CONTEXT() REPRESENTATION_CONTEXT('2D SPACE',''
  ) );
#6232 = PCURVE('',#6233,#6238);
#6233 = CONICAL_SURFACE('',#6234,14.,9.966865249116E-02);
#6234 = AXIS2_PLACEMENT_3D('',#6235,#6236,#6237);
#6235 = CARTESIAN_POINT('',(0.,0.,-275.));
#6236 = DIRECTION('',(-0.,-0.,-1.));
#6237 = DIRECTION('',(1.,0.,-0.));
#6238 = DEFINITIONAL_REPRESENTATION('',(#6239),#6243);
#6239 = LINE('',#6240,#6241);
#6240 = CARTESIAN_POINT('',(-0.,-0.));
#6241 = VECTOR('',#6242,1.);
#6242 = DIRECTION('',(-1.,-0.));
#6243 = ( GEOMETRIC_REPRESENTATION_CONTEXT(2) 
PARAMETRIC_REPRESENTATION_CONTEXT() REPRESENTATION_CONTEXT('2D SPACE',''
  ) );
#6244 = ORIENTED_EDGE('',*,*,#6195,.F.);
#6245 = ADVANCED_FACE('',(#6246),#6233,.T.);
#6246 = FACE_BOUND('',#6247,.T.);
#6247 = EDGE_LOOP('',(#6248,#6249,#6272,#6299));
#6248 = ORIENTED_EDGE('',*,*,#6218,.T.);
#6249 = ORIENTED_EDGE('',*,*,#6250,.T.);
#6250 = EDGE_CURVE('',#6196,#6251,#6253,.T.);
#6251 = VERTEX_POINT('',#6252);
#6252 = CARTESIAN_POINT('',(13.7,0.,-272.));
#6253 = SEAM_CURVE('',#6254,(#6258,#6265),.PCURVE_S1.);
#6254 = LINE('',#6255,#6256);
#6255 = CARTESIAN_POINT('',(14.,0.,-275.));
#6256 = VECTOR('',#6257,1.);
#6257 = DIRECTION('',(-9.9503719021E-02,0.,0.99503719021));
#6258 = PCURVE('',#6233,#6259);
#6259 = DEFINITIONAL_REPRESENTATION('',(#6260),#6264);
#6260 = LINE('',#6261,#6262);
#6261 = CARTESIAN_POINT('',(-0.,-0.));
#6262 = VECTOR('',#6263,1.);
#6263 = DIRECTION('',(-0.,-1.));
#6264 = ( GEOMETRIC_REPRESENTATION_CONTEXT(2) 
PARAMETRIC_REPRESENTATION_CONTEXT() REPRESENTATION_CONTEXT('2D SPACE',''
  ) );
#6265 = PCURVE('',#6233,#6266);
#6266 = DEFINITIONAL_REPRESENTATION('',(#6267),#6271);
#6267 = LINE('',#6268,#6269);
#6268 = CARTESIAN_POINT('',(-6.28318530718,-0.));
#6269 = VECTOR('',#6270,1.);
#6270 = DIRECTION('',(-0.,-1.));
#6271 = ( GEOMETRIC_REPRESENTATION_CONTEXT(2) 
PARAMETRIC_REPRESENTATION_CONTEXT() REPRESENTATION_CONTEXT('2D SPACE',''
  ) );
#6272 = ORIENTED_EDGE('',*,*,#6273,.F.);
#6273 = EDGE_CURVE('',#6251,#6251,#6274,.T.);
#6274 = SURFACE_CURVE('',#6275,(#6280,#6287),.PCURVE_S1.);
#6275 = CIRCLE('',#6276,13.7);
#6276 = AXIS2_PLACEMENT_3D('',#6277,#6278,#6279);
#6277 = CARTESIAN_POINT('',(0.,0.,-272.));
#6278 = DIRECTION('',(0.,0.,1.));
#6279 = DIRECTION('',(1.,0.,-0.));
#6280 = PCURVE('',#6233,#6281);
#6281 = DEFINITIONAL_REPRESENTATION('',(#6282),#6286);
#6282 = LINE('',#6283,#6284);
#6283 = CARTESIAN_POINT('',(-0.,-3.));
#6284 = VECTOR('',#6285,1.);
#6285 = DIRECTION('',(-1.,-0.));
#6286 = ( GEOMETRIC_REPRESENTATION_CONTEXT(2) 
PARAMETRIC_REPRESENTATION_CONTEXT() REPRESENTATION_CONTEXT('2D SPACE',''
  ) );
#6287 = PCURVE('',#6288,#6293);
#6288 = CONICAL_SURFACE('',#6289,13.7,9.966865249116E-02);
#6289 = AXIS2_PLACEMENT_3D('',#6290,#6291,#6292);
#6290 = CARTESIAN_POINT('',(0.,0.,-272.));
#6291 = DIRECTION('',(0.,0.,1.));
#6292 = DIRECTION('',(1.,0.,-0.));
#6293 = DEFINITIONAL_REPRESENTATION('',(#6294),#6298);
#6294 = LINE('',#6295,#6296);
#6295 = CARTESIAN_POINT('',(0.,0.));
#6296 = VECTOR('',#6297,1.);
#6297 = DIRECTION('',(1.,0.));
#6298 = ( GEOMETRIC_REPRESENTATION_CONTEXT(2) 
PARAMETRIC_REPRESENTATION_CONTEXT() REPRESENTATION_CONTEXT('2D SPACE',''
  ) );
#6299 = ORIENTED_EDGE('',*,*,#6250,.F.);
#6300 = ADVANCED_FACE('',(#6301),#6288,.T.);
#6301 = FACE_BOUND('',#6302,.T.);
#6302 = EDGE_LOOP('',(#6303,#6304,#6327,#6354));
#6303 = ORIENTED_EDGE('',*,*,#6273,.T.);
#6304 = ORIENTED_EDGE('',*,*,#6305,.T.);
#6305 = EDGE_CURVE('',#6251,#6306,#6308,.T.);
#6306 = VERTEX_POINT('',#6307);
#6307 = CARTESIAN_POINT('',(14.,0.,-269.));
#6308 = SEAM_CURVE('',#6309,(#6313,#6320),.PCURVE_S1.);
#6309 = LINE('',#6310,#6311);
#6310 = CARTESIAN_POINT('',(13.7,0.,-272.));
#6311 = VECTOR('',#6312,1.);
#6312 = DIRECTION('',(9.9503719021E-02,0.,0.99503719021));
#6313 = PCURVE('',#6288,#6314);
#6314 = DEFINITIONAL_REPRESENTATION('',(#6315),#6319);
#6315 = LINE('',#6316,#6317);
#6316 = CARTESIAN_POINT('',(0.,0.));
#6317 = VECTOR('',#6318,1.);
#6318 = DIRECTION('',(0.,1.));
#6319 = ( GEOMETRIC_REPRESENTATION_CONTEXT(2) 
PARAMETRIC_REPRESENTATION_CONTEXT() REPRESENTATION_CONTEXT('2D SPACE',''
  ) );
#6320 = PCURVE('',#6288,#6321);
#6321 = DEFINITIONAL_REPRESENTATION('',(#6322),#6326);
#6322 = LINE('',#6323,#6324);
#6323 = CARTESIAN_POINT('',(6.28318530718,0.));
#6324 = VECTOR('',#6325,1.);
#6325 = DIRECTION('',(0.,1.));
#6326 = ( GEOMETRIC_REPRESENTATION_CONTEXT(2) 
PARAMETRIC_REPRESENTATION_CONTEXT() REPRESENTATION_CONTEXT('2D SPACE',''
  ) );
#6327 = ORIENTED_EDGE('',*,*,#6328,.F.);
#6328 = EDGE_CURVE('',#6306,#6306,#6329,.T.);
#6329 = SURFACE_CURVE('',#6330,(#6335,#6342),.PCURVE_S1.);
#6330 = CIRCLE('',#6331,14.);
#6331 = AXIS2_PLACEMENT_3D('',#6332,#6333,#6334);
#6332 = CARTESIAN_POINT('',(0.,0.,-269.));
#6333 = DIRECTION('',(0.,0.,1.));
#6334 = DIRECTION('',(1.,0.,-0.));
#6335 = PCURVE('',#6288,#6336);
#6336 = DEFINITIONAL_REPRESENTATION('',(#6337),#6341);
#6337 = LINE('',#6338,#6339);
#6338 = CARTESIAN_POINT('',(0.,3.));
#6339 = VECTOR('',#6340,1.);
#6340 = DIRECTION('',(1.,0.));
#6341 = ( GEOMETRIC_REPRESENTATION_CONTEXT(2) 
PARAMETRIC_REPRESENTATION_CONTEXT() REPRESENTATION_CONTEXT('2D SPACE',''
  ) );
#6342 = PCURVE('',#6343,#6348);
#6343 = CONICAL_SURFACE('',#6344,14.,9.966865249116E-02);
#6344 = AXIS2_PLACEMENT_3D('',#6345,#6346,#6347);
#6345 = CARTESIAN_POINT('',(0.,0.,-269.));
#6346 = DIRECTION('',(-0.,-0.,-1.));
#6347 = DIRECTION('',(1.,0.,-0.));
#6348 = DEFINITIONAL_REPRESENTATION('',(#6349),#6353);
#6349 = LINE('',#6350,#6351);
#6350 = CARTESIAN_POINT('',(-0.,-0.));
#6351 = VECTOR('',#6352,1.);
#6352 = DIRECTION('',(-1.,-0.));
#6353 = ( GEOMETRIC_REPRESENTATION_CONTEXT(2) 
PARAMETRIC_REPRESENTATION_CONTEXT() REPRESENTATION_CONTEXT('2D SPACE',''
  ) );
#6354 = ORIENTED_EDGE('',*,*,#6305,.F.);
#6355 = ADVANCED_FACE('',(#6356),#6343,.T.);
#6356 = FACE_BOUND('',#6357,.T.);
#6357 = EDGE_LOOP('',(#6358,#6359,#6382,#6409));
#6358 = ORIENTED_EDGE('',*,*,#6328,.T.);
#6359 = ORIENTED_EDGE('',*,*,#6360,.T.);
#6360 = EDGE_CURVE('',#6306,#6361,#6363,.T.);
#6361 = VERTEX_POINT('',#6362);
#6362 = CARTESIAN_POINT('',(13.7,0.,-266.));
#6363 = SEAM_CURVE('',#6364,(#6368,#6375),.PCURVE_S1.);
#6364 = LINE('',#6365,#6366);
#6365 = CARTESIAN_POINT('',(14.,0.,-269.));
#6366 = VECTOR('',#6367,1.);
#6367 = DIRECTION('',(-9.9503719021E-02,0.,0.99503719021));
#6368 = PCURVE('',#6343,#6369);
#6369 = DEFINITIONAL_REPRESENTATION('',(#6370),#6374);
#6370 = LINE('',#6371,#6372);
#6371 = CARTESIAN_POINT('',(-0.,-0.));
#6372 = VECTOR('',#6373,1.);
#6373 = DIRECTION('',(-0.,-1.));
#6374 = ( GEOMETRIC_REPRESENTATION_CONTEXT(2) 
PARAMETRIC_REPRESENTATION_CONTEXT() REPRESENTATION_CONTEXT('2D SPACE',''
  ) );
#6375 = PCURVE('',#6343,#6376);
#6376 = DEFINITIONAL_REPRESENTATION('',(#6377),#6381);
#6377 = LINE('',#6378,#6379);
#6378 = CARTESIAN_POINT('',(-6.28318530718,-0.));
#6379 = VECTOR('',#6380,1.);
#6380 = DIRECTION('',(-0.,-1.));
#6381 = ( GEOMETRIC_REPRESENTATION_CONTEXT(2) 
PARAMETRIC_REPRESENTATION_CONTEXT() REPRESENTATION_CONTEXT('2D SPACE',''
  ) );
#6382 = ORIENTED_EDGE('',*,*,#6383,.F.);
#6383 = EDGE_CURVE('',#6361,#6361,#6384,.T.);
#6384 = SURFACE_CURVE('',#6385,(#6390,#6397),.PCURVE_S1.);
#6385 = CIRCLE('',#6386,13.7);
#6386 = AXIS2_PLACEMENT_3D('',#6387,#6388,#6389);
#6387 = CARTESIAN_POINT('',(0.,0.,-266.));
#6388 = DIRECTION('',(0.,0.,1.));
#6389 = DIRECTION('',(1.,0.,-0.));
#6390 = PCURVE('',#6343,#6391);
#6391 = DEFINITIONAL_REPRESENTATION('',(#6392),#6396);
#6392 = LINE('',#6393,#6394);
#6393 = CARTESIAN_POINT('',(-0.,-3.));
#6394 = VECTOR('',#6395,1.);
#6395 = DIRECTION('',(-1.,-0.));
#6396 = ( GEOMETRIC_REPRESENTATION_CONTEXT(2) 
PARAMETRIC_REPRESENTATION_CONTEXT() REPRESENTATION_CONTEXT('2D SPACE',''
  ) );
#6397 = PCURVE('',#6398,#6403);
#6398 = CONICAL_SURFACE('',#6399,13.7,9.966865249116E-02);
#6399 = AXIS2_PLACEMENT_3D('',#6400,#6401,#6402);
#6400 = CARTESIAN_POINT('',(0.,0.,-266.));
#6401 = DIRECTION('',(0.,0.,1.));
#6402 = DIRECTION('',(1.,0.,-0.));
#6403 = DEFINITIONAL_REPRESENTATION('',(#6404),#6408);
#6404 = LINE('',#6405,#6406);
#6405 = CARTESIAN_POINT('',(0.,0.));
#6406 = VECTOR('',#6407,1.);
#6407 = DIRECTION('',(1.,0.));
#6408 = ( GEOMETRIC_REPRESENTATION_CONTEXT(2) 
PARAMETRIC_REPRESENTATION_CONTEXT() REPRESENTATION_CONTEXT('2D SPACE',''
  ) );
#6409 = ORIENTED_EDGE('',*,*,#6360,.F.);
#6410 = ADVANCED_FACE('',(#6411),#6398,.T.);
#6411 = FACE_BOUND('',#6412,.T.);
#6412 = EDGE_LOOP('',(#6413,#6414,#6437,#6464));
#6413 = ORIENTED_EDGE('',*,*,#6383,.T.);
#6414 = ORIENTED_EDGE('',*,*,#6415,.T.);
#6415 = EDGE_CURVE('',#6361,#6416,#6418,.T.);
#6416 = VERTEX_POINT('',#6417);
#6417 = CARTESIAN_POINT('',(14.,0.,-263.));
#6418 = SEAM_CURVE('',#6419,(#6423,#6430),.PCURVE_S1.);
#6419 = LINE('',#6420,#6421);
#6420 = CARTESIAN_POINT('',(13.7,0.,-266.));
#6421 = VECTOR('',#6422,1.);
#6422 = DIRECTION('',(9.9503719021E-02,0.,0.99503719021));
#6423 = PCURVE('',#6398,#6424);
#6424 = DEFINITIONAL_REPRESENTATION('',(#6425),#6429);
#6425 = LINE('',#6426,#6427);
#6426 = CARTESIAN_POINT('',(0.,0.));
#6427 = VECTOR('',#6428,1.);
#6428 = DIRECTION('',(0.,1.));
#6429 = ( GEOMETRIC_REPRESENTATION_CONTEXT(2) 
PARAMETRIC_REPRESENTATION_CONTEXT() REPRESENTATION_CONTEXT('2D SPACE',''
  ) );
#6430 = PCURVE('',#6398,#6431);
#6431 = DEFINITIONAL_REPRESENTATION('',(#6432),#6436);
#6432 = LINE('',#6433,#6434);
#6433 = CARTESIAN_POINT('',(6.28318530718,0.));
#6434 = VECTOR('',#6435,1.);
#6435 = DIRECTION('',(0.,1.));
#6436 = ( GEOMETRIC_REPRESENTATION_CONTEXT(2) 
PARAMETRIC_REPRESENTATION_CONTEXT() REPRESENTATION_CONTEXT('2D SPACE',''
  ) );
#6437 = ORIENTED_EDGE('',*,*,#6438,.F.);
#6438 = EDGE_CURVE('',#6416,#6416,#6439,.T.);
#6439 = SURFACE_CURVE('',#6440,(#6445,#6452),.PCURVE_S1.);
#6440 = CIRCLE('',#6441,14.);
#6441 = AXIS2_PLACEMENT_3D('',#6442,#6443,#6444);
#6442 = CARTESIAN_POINT('',(0.,0.,-263.));
#6443 = DIRECTION('',(0.,0.,1.));
#6444 = DIRECTION('',(1.,0.,-0.));
#6445 = PCURVE('',#6398,#6446);
#6446 = DEFINITIONAL_REPRESENTATION('',(#6447),#6451);
#6447 = LINE('',#6448,#6449);
#6448 = CARTESIAN_POINT('',(0.,3.));
#6449 = VECTOR('',#6450,1.);
#6450 = DIRECTION('',(1.,0.));
#6451 = ( GEOMETRIC_REPRESENTATION_CONTEXT(2) 
PARAMETRIC_REPRESENTATION_CONTEXT() REPRESENTATION_CONTEXT('2D SPACE',''
  ) );
#6452 = PCURVE('',#6453,#6458);
#6453 = CONICAL_SURFACE('',#6454,14.,9.966865249116E-02);
#6454 = AXIS2_PLACEMENT_3D('',#6455,#6456,#6457);
#6455 = CARTESIAN_POINT('',(0.,0.,-263.));
#6456 = DIRECTION('',(-0.,-0.,-1.));
#6457 = DIRECTION('',(1.,0.,-0.));
#6458 = DEFINITIONAL_REPRESENTATION('',(#6459),#6463);
#6459 = LINE('',#6460,#6461);
#6460 = CARTESIAN_POINT('',(-0.,-0.));
#6461 = VECTOR('',#6462,1.);
#6462 = DIRECTION('',(-1.,-0.));
#6463 = ( GEOMETRIC_REPRESENTATION_CONTEXT(2) 
PARAMETRIC_REPRESENTATION_CONTEXT() REPRESENTATION_CONTEXT('2D SPACE',''
  ) );
#6464 = ORIENTED_EDGE('',*,*,#6415,.F.);
#6465 = ADVANCED_FACE('',(#6466),#6453,.T.);
#6466 = FACE_BOUND('',#6467,.T.);
#6467 = EDGE_LOOP('',(#6468,#6469,#6492,#6519));
#6468 = ORIENTED_EDGE('',*,*,#6438,.T.);
#6469 = ORIENTED_EDGE('',*,*,#6470,.T.);
#6470 = EDGE_CURVE('',#6416,#6471,#6473,.T.);
#6471 = VERTEX_POINT('',#6472);
#6472 = CARTESIAN_POINT('',(13.7,0.,-260.));
#6473 = SEAM_CURVE('',#6474,(#6478,#6485),.PCURVE_S1.);
#6474 = LINE('',#6475,#6476);
#6475 = CARTESIAN_POINT('',(14.,0.,-263.));
#6476 = VECTOR('',#6477,1.);
#6477 = DIRECTION('',(-9.9503719021E-02,0.,0.99503719021));
#6478 = PCURVE('',#6453,#6479);
#6479 = DEFINITIONAL_REPRESENTATION('',(#6480),#6484);
#6480 = LINE('',#6481,#6482);
#6481 = CARTESIAN_POINT('',(-0.,-0.));
#6482 = VECTOR('',#6483,1.);
#6483 = DIRECTION('',(-0.,-1.));
#6484 = ( GEOMETRIC_REPRESENTATION_CONTEXT(2) 
PARAMETRIC_REPRESENTATION_CONTEXT() REPRESENTATION_CONTEXT('2D SPACE',''
  ) );
#6485 = PCURVE('',#6453,#6486);
#6486 = DEFINITIONAL_REPRESENTATION('',(#6487),#6491);
#6487 = LINE('',#6488,#6489);
#6488 = CARTESIAN_POINT('',(-6.28318530718,-0.));
#6489 = VECTOR('',#6490,1.);
#6490 = DIRECTION('',(-0.,-1.));
#6491 = ( GEOMETRIC_REPRESENTATION_CONTEXT(2) 
PARAMETRIC_REPRESENTATION_CONTEXT() REPRESENTATION_CONTEXT('2D SPACE',''
  ) );
#6492 = ORIENTED_EDGE('',*,*,#6493,.F.);
#6493 = EDGE_CURVE('',#6471,#6471,#6494,.T.);
#6494 = SURFACE_CURVE('',#6495,(#6500,#6507),.PCURVE_S1.);
#6495 = CIRCLE('',#6496,13.7);
#6496 = AXIS2_PLACEMENT_3D('',#6497,#6498,#6499);
#6497 = CARTESIAN_POINT('',(0.,0.,-260.));
#6498 = DIRECTION('',(0.,0.,1.));
#6499 = DIRECTION('',(1.,0.,-0.));
#6500 = PCURVE('',#6453,#6501);
#6501 = DEFINITIONAL_REPRESENTATION('',(#6502),#6506);
#6502 = LINE('',#6503,#6504);
#6503 = CARTESIAN_POINT('',(-0.,-3.));
#6504 = VECTOR('',#6505,1.);
#6505 = DIRECTION('',(-1.,-0.));
#6506 = ( GEOMETRIC_REPRESENTATION_CONTEXT(2) 
PARAMETRIC_REPRESENTATION_CONTEXT() REPRESENTATION_CONTEXT('2D SPACE',''
  ) );
#6507 = PCURVE('',#6508,#6513);
#6508 = CONICAL_SURFACE('',#6509,13.7,9.966865249116E-02);
#6509 = AXIS2_PLACEMENT_3D('',#6510,#6511,#6512);
#6510 = CARTESIAN_POINT('',(0.,0.,-260.));
#6511 = DIRECTION('',(0.,0.,1.));
#6512 = DIRECTION('',(1.,0.,-0.));
#6513 = DEFINITIONAL_REPRESENTATION('',(#6514),#6518);
#6514 = LINE('',#6515,#6516);
#6515 = CARTESIAN_POINT('',(0.,0.));
#6516 = VECTOR('',#6517,1.);
#6517 = DIRECTION('',(1.,0.));
#6518 = ( GEOMETRIC_REPRESENTATION_CONTEXT(2) 
PARAMETRIC_REPRESENTATION_CONTEXT() REPRESENTATION_CONTEXT('2D SPACE',''
  ) );
#6519 = ORIENTED_EDGE('',*,*,#6470,.F.);
#6520 = ADVANCED_FACE('',(#6521),#6508,.T.);
#6521 = FACE_BOUND('',#6522,.T.);
#6522 = EDGE_LOOP('',(#6523,#6524,#6547,#6574));
#6523 = ORIENTED_EDGE('',*,*,#6493,.T.);
#6524 = ORIENTED_EDGE('',*,*,#6525,.T.);
#6525 = EDGE_CURVE('',#6471,#6526,#6528,.T.);
#6526 = VERTEX_POINT('',#6527);
#6527 = CARTESIAN_POINT('',(14.,0.,-257.));
#6528 = SEAM_CURVE('',#6529,(#6533,#6540),.PCURVE_S1.);
#6529 = LINE('',#6530,#6531);
#6530 = CARTESIAN_POINT('',(13.7,0.,-260.));
#6531 = VECTOR('',#6532,1.);
#6532 = DIRECTION('',(9.9503719021E-02,0.,0.99503719021));
#6533 = PCURVE('',#6508,#6534);
#6534 = DEFINITIONAL_REPRESENTATION('',(#6535),#6539);
#6535 = LINE('',#6536,#6537);
#6536 = CARTESIAN_POINT('',(0.,0.));
#6537 = VECTOR('',#6538,1.);
#6538 = DIRECTION('',(0.,1.));
#6539 = ( GEOMETRIC_REPRESENTATION_CONTEXT(2) 
PARAMETRIC_REPRESENTATION_CONTEXT() REPRESENTATION_CONTEXT('2D SPACE',''
  ) );
#6540 = PCURVE('',#6508,#6541);
#6541 = DEFINITIONAL_REPRESENTATION('',(#6542),#6546);
#6542 = LINE('',#6543,#6544);
#6543 = CARTESIAN_POINT('',(6.28318530718,0.));
#6544 = VECTOR('',#6545,1.);
#6545 = DIRECTION('',(0.,1.));
#6546 = ( GEOMETRIC_REPRESENTATION_CONTEXT(2) 
PARAMETRIC_REPRESENTATION_CONTEXT() REPRESENTATION_CONTEXT('2D SPACE',''
  ) );
#6547 = ORIENTED_EDGE('',*,*,#6548,.F.);
#6548 = EDGE_CURVE('',#6526,#6526,#6549,.T.);
#6549 = SURFACE_CURVE('',#6550,(#6555,#6562),.PCURVE_S1.);
#6550 = CIRCLE('',#6551,14.);
#6551 = AXIS2_PLACEMENT_3D('',#6552,#6553,#6554);
#6552 = CARTESIAN_POINT('',(0.,0.,-257.));
#6553 = DIRECTION('',(0.,0.,1.));
#6554 = DIRECTION('',(1.,0.,-0.));
#6555 = PCURVE('',#6508,#6556);
#6556 = DEFINITIONAL_REPRESENTATION('',(#6557),#6561);
#6557 = LINE('',#6558,#6559);
#6558 = CARTESIAN_POINT('',(0.,3.));
#6559 = VECTOR('',#6560,1.);
#6560 = DIRECTION('',(1.,0.));
#6561 = ( GEOMETRIC_REPRESENTATION_CONTEXT(2) 
PARAMETRIC_REPRESENTATION_CONTEXT() REPRESENTATION_CONTEXT('2D SPACE',''
  ) );
#6562 = PCURVE('',#6563,#6568);
#6563 = CONICAL_SURFACE('',#6564,14.,9.966865249116E-02);
#6564 = AXIS2_PLACEMENT_3D('',#6565,#6566,#6567);
#6565 = CARTESIAN_POINT('',(0.,0.,-257.));
#6566 = DIRECTION('',(-0.,-0.,-1.));
#6567 = DIRECTION('',(1.,0.,-0.));
#6568 = DEFINITIONAL_REPRESENTATION('',(#6569),#6573);
#6569 = LINE('',#6570,#6571);
#6570 = CARTESIAN_POINT('',(-0.,-0.));
#6571 = VECTOR('',#6572,1.);
#6572 = DIRECTION('',(-1.,-0.));
#6573 = ( GEOMETRIC_REPRESENTATION_CONTEXT(2) 
PARAMETRIC_REPRESENTATION_CONTEXT() REPRESENTATION_CONTEXT('2D SPACE',''
  ) );
#6574 = ORIENTED_EDGE('',*,*,#6525,.F.);
#6575 = ADVANCED_FACE('',(#6576),#6563,.T.);
#6576 = FACE_BOUND('',#6577,.T.);
#6577 = EDGE_LOOP('',(#6578,#6579,#6602,#6629));
#6578 = ORIENTED_EDGE('',*,*,#6548,.T.);
#6579 = ORIENTED_EDGE('',*,*,#6580,.T.);
#6580 = EDGE_CURVE('',#6526,#6581,#6583,.T.);
#6581 = VERTEX_POINT('',#6582);
#6582 = CARTESIAN_POINT('',(13.7,0.,-254.));
#6583 = SEAM_CURVE('',#6584,(#6588,#6595),.PCURVE_S1.);
#6584 = LINE('',#6585,#6586);
#6585 = CARTESIAN_POINT('',(14.,0.,-257.));
#6586 = VECTOR('',#6587,1.);
#6587 = DIRECTION('',(-9.9503719021E-02,0.,0.99503719021));
#6588 = PCURVE('',#6563,#6589);
#6589 = DEFINITIONAL_REPRESENTATION('',(#6590),#6594);
#6590 = LINE('',#6591,#6592);
#6591 = CARTESIAN_POINT('',(-0.,-0.));
#6592 = VECTOR('',#6593,1.);
#6593 = DIRECTION('',(-0.,-1.));
#6594 = ( GEOMETRIC_REPRESENTATION_CONTEXT(2) 
PARAMETRIC_REPRESENTATION_CONTEXT() REPRESENTATION_CONTEXT('2D SPACE',''
  ) );
#6595 = PCURVE('',#6563,#6596);
#6596 = DEFINITIONAL_REPRESENTATION('',(#6597),#6601);
#6597 = LINE('',#6598,#6599);
#6598 = CARTESIAN_POINT('',(-6.28318530718,-0.));
#6599 = VECTOR('',#6600,1.);
#6600 = DIRECTION('',(-0.,-1.));
#6601 = ( GEOMETRIC_REPRESENTATION_CONTEXT(2) 
PARAMETRIC_REPRESENTATION_CONTEXT() REPRESENTATION_CONTEXT('2D SPACE',''
  ) );
#6602 = ORIENTED_EDGE('',*,*,#6603,.F.);
#6603 = EDGE_CURVE('',#6581,#6581,#6604,.T.);
#6604 = SURFACE_CURVE('',#6605,(#6610,#6617),.PCURVE_S1.);
#6605 = CIRCLE('',#6606,13.7);
#6606 = AXIS2_PLACEMENT_3D('',#6607,#6608,#6609);
#6607 = CARTESIAN_POINT('',(0.,0.,-254.));
#6608 = DIRECTION('',(0.,0.,1.));
#6609 = DIRECTION('',(1.,0.,-0.));
#6610 = PCURVE('',#6563,#6611);
#6611 = DEFINITIONAL_REPRESENTATION('',(#6612),#6616);
#6612 = LINE('',#6613,#6614);
#6613 = CARTESIAN_POINT('',(-0.,-3.));
#6614 = VECTOR('',#6615,1.);
#6615 = DIRECTION('',(-1.,-0.));
#6616 = ( GEOMETRIC_REPRESENTATION_CONTEXT(2) 
PARAMETRIC_REPRESENTATION_CONTEXT() REPRESENTATION_CONTEXT('2D SPACE',''
  ) );
#6617 = PCURVE('',#6618,#6623);
#6618 = CONICAL_SURFACE('',#6619,13.7,9.966865249116E-02);
#6619 = AXIS2_PLACEMENT_3D('',#6620,#6621,#6622);
#6620 = CARTESIAN_POINT('',(0.,0.,-254.));
#6621 = DIRECTION('',(0.,0.,1.));
#6622 = DIRECTION('',(1.,0.,-0.));
#6623 = DEFINITIONAL_REPRESENTATION('',(#6624),#6628);
#6624 = LINE('',#6625,#6626);
#6625 = CARTESIAN_POINT('',(0.,0.));
#6626 = VECTOR('',#6627,1.);
#6627 = DIRECTION('',(1.,0.));
#6628 = ( GEOMETRIC_REPRESENTATION_CONTEXT(2) 
PARAMETRIC_REPRESENTATION_CONTEXT() REPRESENTATION_CONTEXT('2D SPACE',''
  ) );
#6629 = ORIENTED_EDGE('',*,*,#6580,.F.);
#6630 = ADVANCED_FACE('',(#6631),#6618,.T.);
#6631 = FACE_BOUND('',#6632,.T.);
#6632 = EDGE_LOOP('',(#6633,#6634,#6657,#6684));
#6633 = ORIENTED_EDGE('',*,*,#6603,.T.);
#6634 = ORIENTED_EDGE('',*,*,#6635,.T.);
#6635 = EDGE_CURVE('',#6581,#6636,#6638,.T.);
#6636 = VERTEX_POINT('',#6637);
#6637 = CARTESIAN_POINT('',(14.,0.,-251.));
#6638 = SEAM_CURVE('',#6639,(#6643,#6650),.PCURVE_S1.);
#6639 = LINE('',#6640,#6641);
#6640 = CARTESIAN_POINT('',(13.7,0.,-254.));
#6641 = VECTOR('',#6642,1.);
#6642 = DIRECTION('',(9.9503719021E-02,0.,0.99503719021));
#6643 = PCURVE('',#6618,#6644);
#6644 = DEFINITIONAL_REPRESENTATION('',(#6645),#6649);
#6645 = LINE('',#6646,#6647);
#6646 = CARTESIAN_POINT('',(0.,0.));
#6647 = VECTOR('',#6648,1.);
#6648 = DIRECTION('',(0.,1.));
#6649 = ( GEOMETRIC_REPRESENTATION_CONTEXT(2) 
PARAMETRIC_REPRESENTATION_CONTEXT() REPRESENTATION_CONTEXT('2D SPACE',''
  ) );
#6650 = PCURVE('',#6618,#6651);
#6651 = DEFINITIONAL_REPRESENTATION('',(#6652),#6656);
#6652 = LINE('',#6653,#6654);
#6653 = CARTESIAN_POINT('',(6.28318530718,0.));
#6654 = VECTOR('',#6655,1.);
#6655 = DIRECTION('',(0.,1.));
#6656 = ( GEOMETRIC_REPRESENTATION_CONTEXT(2) 
PARAMETRIC_REPRESENTATION_CONTEXT() REPRESENTATION_CONTEXT('2D SPACE',''
  ) );
#6657 = ORIENTED_EDGE('',*,*,#6658,.F.);
#6658 = EDGE_CURVE('',#6636,#6636,#6659,.T.);
#6659 = SURFACE_CURVE('',#6660,(#6665,#6672),.PCURVE_S1.);
#6660 = CIRCLE('',#6661,14.);
#6661 = AXIS2_PLACEMENT_3D('',#6662,#6663,#6664);
#6662 = CARTESIAN_POINT('',(0.,0.,-251.));
#6663 = DIRECTION('',(0.,0.,1.));
#6664 = DIRECTION('',(1.,0.,-0.));
#6665 = PCURVE('',#6618,#6666);
#6666 = DEFINITIONAL_REPRESENTATION('',(#6667),#6671);
#6667 = LINE('',#6668,#6669);
#6668 = CARTESIAN_POINT('',(0.,3.));
#6669 = VECTOR('',#6670,1.);
#6670 = DIRECTION('',(1.,0.));
#6671 = ( GEOMETRIC_REPRESENTATION_CONTEXT(2) 
PARAMETRIC_REPRESENTATION_CONTEXT() REPRESENTATION_CONTEXT('2D SPACE',''
  ) );
#6672 = PCURVE('',#6673,#6678);
#6673 = CONICAL_SURFACE('',#6674,14.,9.966865249116E-02);
#6674 = AXIS2_PLACEMENT_3D('',#6675,#6676,#6677);
#6675 = CARTESIAN_POINT('',(0.,0.,-251.));
#6676 = DIRECTION('',(-0.,-0.,-1.));
#6677 = DIRECTION('',(1.,0.,-0.));
#6678 = DEFINITIONAL_REPRESENTATION('',(#6679),#6683);
#6679 = LINE('',#6680,#6681);
#6680 = CARTESIAN_POINT('',(-0.,-0.));
#6681 = VECTOR('',#6682,1.);
#6682 = DIRECTION('',(-1.,-0.));
#6683 = ( GEOMETRIC_REPRESENTATION_CONTEXT(2) 
PARAMETRIC_REPRESENTATION_CONTEXT() REPRESENTATION_CONTEXT('2D SPACE',''
  ) );
#6684 = ORIENTED_EDGE('',*,*,#6635,.F.);
#6685 = ADVANCED_FACE('',(#6686),#6673,.T.);
#6686 = FACE_BOUND('',#6687,.T.);
#6687 = EDGE_LOOP('',(#6688,#6689,#6712,#6739));
#6688 = ORIENTED_EDGE('',*,*,#6658,.T.);
#6689 = ORIENTED_EDGE('',*,*,#6690,.T.);
#6690 = EDGE_CURVE('',#6636,#6691,#6693,.T.);
#6691 = VERTEX_POINT('',#6692);
#6692 = CARTESIAN_POINT('',(13.7,0.,-248.));
#6693 = SEAM_CURVE('',#6694,(#6698,#6705),.PCURVE_S1.);
#6694 = LINE('',#6695,#6696);
#6695 = CARTESIAN_POINT('',(14.,0.,-251.));
#6696 = VECTOR('',#6697,1.);
#6697 = DIRECTION('',(-9.9503719021E-02,0.,0.99503719021));
#6698 = PCURVE('',#6673,#6699);
#6699 = DEFINITIONAL_REPRESENTATION('',(#6700),#6704);
#6700 = LINE('',#6701,#6702);
#6701 = CARTESIAN_POINT('',(-0.,-0.));
#6702 = VECTOR('',#6703,1.);
#6703 = DIRECTION('',(-0.,-1.));
#6704 = ( GEOMETRIC_REPRESENTATION_CONTEXT(2) 
PARAMETRIC_REPRESENTATION_CONTEXT() REPRESENTATION_CONTEXT('2D SPACE',''
  ) );
#6705 = PCURVE('',#6673,#6706);
#6706 = DEFINITIONAL_REPRESENTATION('',(#6707),#6711);
#6707 = LINE('',#6708,#6709);
#6708 = CARTESIAN_POINT('',(-6.28318530718,-0.));
#6709 = VECTOR('',#6710,1.);
#6710 = DIRECTION('',(-0.,-1.));
#6711 = ( GEOMETRIC_REPRESENTATION_CONTEXT(2) 
PARAMETRIC_REPRESENTATION_CONTEXT() REPRESENTATION_CONTEXT('2D SPACE',''
  ) );
#6712 = ORIENTED_EDGE('',*,*,#6713,.F.);
#6713 = EDGE_CURVE('',#6691,#6691,#6714,.T.);
#6714 = SURFACE_CURVE('',#6715,(#6720,#6727),.PCURVE_S1.);
#6715 = CIRCLE('',#6716,13.7);
#6716 = AXIS2_PLACEMENT_3D('',#6717,#6718,#6719);
#6717 = CARTESIAN_POINT('',(0.,0.,-248.));
#6718 = DIRECTION('',(0.,0.,1.));
#6719 = DIRECTION('',(1.,0.,-0.));
#6720 = PCURVE('',#6673,#6721);
#6721 = DEFINITIONAL_REPRESENTATION('',(#6722),#6726);
#6722 = LINE('',#6723,#6724);
#6723 = CARTESIAN_POINT('',(-0.,-3.));
#6724 = VECTOR('',#6725,1.);
#6725 = DIRECTION('',(-1.,-0.));
#6726 = ( GEOMETRIC_REPRESENTATION_CONTEXT(2) 
PARAMETRIC_REPRESENTATION_CONTEXT() REPRESENTATION_CONTEXT('2D SPACE',''
  ) );
#6727 = PCURVE('',#6728,#6733);
#6728 = CONICAL_SURFACE('',#6729,13.7,9.966865249116E-02);
#6729 = AXIS2_PLACEMENT_3D('',#6730,#6731,#6732);
#6730 = CARTESIAN_POINT('',(0.,0.,-248.));
#6731 = DIRECTION('',(0.,0.,1.));
#6732 = DIRECTION('',(1.,0.,-0.));
#6733 = DEFINITIONAL_REPRESENTATION('',(#6734),#6738);
#6734 = LINE('',#6735,#6736);
#6735 = CARTESIAN_POINT('',(0.,0.));
#6736 = VECTOR('',#6737,1.);
#6737 = DIRECTION('',(1.,0.));
#6738 = ( GEOMETRIC_REPRESENTATION_CONTEXT(2) 
PARAMETRIC_REPRESENTATION_CONTEXT() REPRESENTATION_CONTEXT('2D SPACE',''
  ) );
#6739 = ORIENTED_EDGE('',*,*,#6690,.F.);
#6740 = ADVANCED_FACE('',(#6741),#6728,.T.);
#6741 = FACE_BOUND('',#6742,.T.);
#6742 = EDGE_LOOP('',(#6743,#6744,#6767,#6794));
#6743 = ORIENTED_EDGE('',*,*,#6713,.T.);
#6744 = ORIENTED_EDGE('',*,*,#6745,.T.);
#6745 = EDGE_CURVE('',#6691,#6746,#6748,.T.);
#6746 = VERTEX_POINT('',#6747);
#6747 = CARTESIAN_POINT('',(14.,0.,-245.));
#6748 = SEAM_CURVE('',#6749,(#6753,#6760),.PCURVE_S1.);
#6749 = LINE('',#6750,#6751);
#6750 = CARTESIAN_POINT('',(13.7,0.,-248.));
#6751 = VECTOR('',#6752,1.);
#6752 = DIRECTION('',(9.9503719021E-02,0.,0.99503719021));
#6753 = PCURVE('',#6728,#6754);
#6754 = DEFINITIONAL_REPRESENTATION('',(#6755),#6759);
#6755 = LINE('',#6756,#6757);
#6756 = CARTESIAN_POINT('',(0.,0.));
#6757 = VECTOR('',#6758,1.);
#6758 = DIRECTION('',(0.,1.));
#6759 = ( GEOMETRIC_REPRESENTATION_CONTEXT(2) 
PARAMETRIC_REPRESENTATION_CONTEXT() REPRESENTATION_CONTEXT('2D SPACE',''
  ) );
#6760 = PCURVE('',#6728,#6761);
#6761 = DEFINITIONAL_REPRESENTATION('',(#6762),#6766);
#6762 = LINE('',#6763,#6764);
#6763 = CARTESIAN_POINT('',(6.28318530718,0.));
#6764 = VECTOR('',#6765,1.);
#6765 = DIRECTION('',(0.,1.));
#6766 = ( GEOMETRIC_REPRESENTATION_CONTEXT(2) 
PARAMETRIC_REPRESENTATION_CONTEXT() REPRESENTATION_CONTEXT('2D SPACE',''
  ) );
#6767 = ORIENTED_EDGE('',*,*,#6768,.F.);
#6768 = EDGE_CURVE('',#6746,#6746,#6769,.T.);
#6769 = SURFACE_CURVE('',#6770,(#6775,#6782),.PCURVE_S1.);
#6770 = CIRCLE('',#6771,14.);
#6771 = AXIS2_PLACEMENT_3D('',#6772,#6773,#6774);
#6772 = CARTESIAN_POINT('',(0.,0.,-245.));
#6773 = DIRECTION('',(0.,0.,1.));
#6774 = DIRECTION('',(1.,0.,-0.));
#6775 = PCURVE('',#6728,#6776);
#6776 = DEFINITIONAL_REPRESENTATION('',(#6777),#6781);
#6777 = LINE('',#6778,#6779);
#6778 = CARTESIAN_POINT('',(0.,3.));
#6779 = VECTOR('',#6780,1.);
#6780 = DIRECTION('',(1.,0.));
#6781 = ( GEOMETRIC_REPRESENTATION_CONTEXT(2) 
PARAMETRIC_REPRESENTATION_CONTEXT() REPRESENTATION_CONTEXT('2D SPACE',''
  ) );
#6782 = PCURVE('',#6783,#6788);
#6783 = CONICAL_SURFACE('',#6784,14.,9.966865249116E-02);
#6784 = AXIS2_PLACEMENT_3D('',#6785,#6786,#6787);
#6785 = CARTESIAN_POINT('',(0.,0.,-245.));
#6786 = DIRECTION('',(-0.,-0.,-1.));
#6787 = DIRECTION('',(1.,0.,-0.));
#6788 = DEFINITIONAL_REPRESENTATION('',(#6789),#6793);
#6789 = LINE('',#6790,#6791);
#6790 = CARTESIAN_POINT('',(-0.,-0.));
#6791 = VECTOR('',#6792,1.);
#6792 = DIRECTION('',(-1.,-0.));
#6793 = ( GEOMETRIC_REPRESENTATION_CONTEXT(2) 
PARAMETRIC_REPRESENTATION_CONTEXT() REPRESENTATION_CONTEXT('2D SPACE',''
  ) );
#6794 = ORIENTED_EDGE('',*,*,#6745,.F.);
#6795 = ADVANCED_FACE('',(#6796),#6783,.T.);
#6796 = FACE_BOUND('',#6797,.T.);
#6797 = EDGE_LOOP('',(#6798,#6799,#6822,#6849));
#6798 = ORIENTED_EDGE('',*,*,#6768,.T.);
#6799 = ORIENTED_EDGE('',*,*,#6800,.T.);
#6800 = EDGE_CURVE('',#6746,#6801,#6803,.T.);
#6801 = VERTEX_POINT('',#6802);
#6802 = CARTESIAN_POINT('',(13.7,0.,-242.));
#6803 = SEAM_CURVE('',#6804,(#6808,#6815),.PCURVE_S1.);
#6804 = LINE('',#6805,#6806);
#6805 = CARTESIAN_POINT('',(14.,0.,-245.));
#6806 = VECTOR('',#6807,1.);
#6807 = DIRECTION('',(-9.9503719021E-02,0.,0.99503719021));
#6808 = PCURVE('',#6783,#6809);
#6809 = DEFINITIONAL_REPRESENTATION('',(#6810),#6814);
#6810 = LINE('',#6811,#6812);
#6811 = CARTESIAN_POINT('',(-0.,-0.));
#6812 = VECTOR('',#6813,1.);
#6813 = DIRECTION('',(-0.,-1.));
#6814 = ( GEOMETRIC_REPRESENTATION_CONTEXT(2) 
PARAMETRIC_REPRESENTATION_CONTEXT() REPRESENTATION_CONTEXT('2D SPACE',''
  ) );
#6815 = PCURVE('',#6783,#6816);
#6816 = DEFINITIONAL_REPRESENTATION('',(#6817),#6821);
#6817 = LINE('',#6818,#6819);
#6818 = CARTESIAN_POINT('',(-6.28318530718,-0.));
#6819 = VECTOR('',#6820,1.);
#6820 = DIRECTION('',(-0.,-1.));
#6821 = ( GEOMETRIC_REPRESENTATION_CONTEXT(2) 
PARAMETRIC_REPRESENTATION_CONTEXT() REPRESENTATION_CONTEXT('2D SPACE',''
  ) );
#6822 = ORIENTED_EDGE('',*,*,#6823,.F.);
#6823 = EDGE_CURVE('',#6801,#6801,#6824,.T.);
#6824 = SURFACE_CURVE('',#6825,(#6830,#6837),.PCURVE_S1.);
#6825 = CIRCLE('',#6826,13.7);
#6826 = AXIS2_PLACEMENT_3D('',#6827,#6828,#6829);
#6827 = CARTESIAN_POINT('',(0.,0.,-242.));
#6828 = DIRECTION('',(0.,0.,1.));
#6829 = DIRECTION('',(1.,0.,-0.));
#6830 = PCURVE('',#6783,#6831);
#6831 = DEFINITIONAL_REPRESENTATION('',(#6832),#6836);
#6832 = LINE('',#6833,#6834);
#6833 = CARTESIAN_POINT('',(-0.,-3.));
#6834 = VECTOR('',#6835,1.);
#6835 = DIRECTION('',(-1.,-0.));
#6836 = ( GEOMETRIC_REPRESENTATION_CONTEXT(2) 
PARAMETRIC_REPRESENTATION_CONTEXT() REPRESENTATION_CONTEXT('2D SPACE',''
  ) );
#6837 = PCURVE('',#6838,#6843);
#6838 = CONICAL_SURFACE('',#6839,13.7,9.966865249116E-02);
#6839 = AXIS2_PLACEMENT_3D('',#6840,#6841,#6842);
#6840 = CARTESIAN_POINT('',(0.,0.,-242.));
#6841 = DIRECTION('',(0.,0.,1.));
#6842 = DIRECTION('',(1.,0.,-0.));
#6843 = DEFINITIONAL_REPRESENTATION('',(#6844),#6848);
#6844 = LINE('',#6845,#6846);
#6845 = CARTESIAN_POINT('',(0.,0.));
#6846 = VECTOR('',#6847,1.);
#6847 = DIRECTION('',(1.,0.));
#6848 = ( GEOMETRIC_REPRESENTATION_CONTEXT(2) 
PARAMETRIC_REPRESENTATION_CONTEXT() REPRESENTATION_CONTEXT('2D SPACE',''
  ) );
#6849 = ORIENTED_EDGE('',*,*,#6800,.F.);
#6850 = ADVANCED_FACE('',(#6851),#6838,.T.);
#6851 = FACE_BOUND('',#6852,.T.);
#6852 = EDGE_LOOP('',(#6853,#6854,#6877,#6904));
#6853 = ORIENTED_EDGE('',*,*,#6823,.T.);
#6854 = ORIENTED_EDGE('',*,*,#6855,.T.);
#6855 = EDGE_CURVE('',#6801,#6856,#6858,.T.);
#6856 = VERTEX_POINT('',#6857);
#6857 = CARTESIAN_POINT('',(14.,0.,-239.));
#6858 = SEAM_CURVE('',#6859,(#6863,#6870),.PCURVE_S1.);
#6859 = LINE('',#6860,#6861);
#6860 = CARTESIAN_POINT('',(13.7,0.,-242.));
#6861 = VECTOR('',#6862,1.);
#6862 = DIRECTION('',(9.9503719021E-02,0.,0.99503719021));
#6863 = PCURVE('',#6838,#6864);
#6864 = DEFINITIONAL_REPRESENTATION('',(#6865),#6869);
#6865 = LINE('',#6866,#6867);
#6866 = CARTESIAN_POINT('',(0.,0.));
#6867 = VECTOR('',#6868,1.);
#6868 = DIRECTION('',(0.,1.));
#6869 = ( GEOMETRIC_REPRESENTATION_CONTEXT(2) 
PARAMETRIC_REPRESENTATION_CONTEXT() REPRESENTATION_CONTEXT('2D SPACE',''
  ) );
#6870 = PCURVE('',#6838,#6871);
#6871 = DEFINITIONAL_REPRESENTATION('',(#6872),#6876);
#6872 = LINE('',#6873,#6874);
#6873 = CARTESIAN_POINT('',(6.28318530718,0.));
#6874 = VECTOR('',#6875,1.);
#6875 = DIRECTION('',(0.,1.));
#6876 = ( GEOMETRIC_REPRESENTATION_CONTEXT(2) 
PARAMETRIC_REPRESENTATION_CONTEXT() REPRESENTATION_CONTEXT('2D SPACE',''
  ) );
#6877 = ORIENTED_EDGE('',*,*,#6878,.F.);
#6878 = EDGE_CURVE('',#6856,#6856,#6879,.T.);
#6879 = SURFACE_CURVE('',#6880,(#6885,#6892),.PCURVE_S1.);
#6880 = CIRCLE('',#6881,14.);
#6881 = AXIS2_PLACEMENT_3D('',#6882,#6883,#6884);
#6882 = CARTESIAN_POINT('',(0.,0.,-239.));
#6883 = DIRECTION('',(0.,0.,1.));
#6884 = DIRECTION('',(1.,0.,-0.));
#6885 = PCURVE('',#6838,#6886);
#6886 = DEFINITIONAL_REPRESENTATION('',(#6887),#6891);
#6887 = LINE('',#6888,#6889);
#6888 = CARTESIAN_POINT('',(0.,3.));
#6889 = VECTOR('',#6890,1.);
#6890 = DIRECTION('',(1.,0.));
#6891 = ( GEOMETRIC_REPRESENTATION_CONTEXT(2) 
PARAMETRIC_REPRESENTATION_CONTEXT() REPRESENTATION_CONTEXT('2D SPACE',''
  ) );
#6892 = PCURVE('',#6893,#6898);
#6893 = CONICAL_SURFACE('',#6894,14.,9.966865249116E-02);
#6894 = AXIS2_PLACEMENT_3D('',#6895,#6896,#6897);
#6895 = CARTESIAN_POINT('',(0.,0.,-239.));
#6896 = DIRECTION('',(-0.,-0.,-1.));
#6897 = DIRECTION('',(1.,0.,-0.));
#6898 = DEFINITIONAL_REPRESENTATION('',(#6899),#6903);
#6899 = LINE('',#6900,#6901);
#6900 = CARTESIAN_POINT('',(-0.,-0.));
#6901 = VECTOR('',#6902,1.);
#6902 = DIRECTION('',(-1.,-0.));
#6903 = ( GEOMETRIC_REPRESENTATION_CONTEXT(2) 
PARAMETRIC_REPRESENTATION_CONTEXT() REPRESENTATION_CONTEXT('2D SPACE',''
  ) );
#6904 = ORIENTED_EDGE('',*,*,#6855,.F.);
#6905 = ADVANCED_FACE('',(#6906),#6893,.T.);
#6906 = FACE_BOUND('',#6907,.T.);
#6907 = EDGE_LOOP('',(#6908,#6909,#6932,#6959));
#6908 = ORIENTED_EDGE('',*,*,#6878,.T.);
#6909 = ORIENTED_EDGE('',*,*,#6910,.T.);
#6910 = EDGE_CURVE('',#6856,#6911,#6913,.T.);
#6911 = VERTEX_POINT('',#6912);
#6912 = CARTESIAN_POINT('',(13.7,0.,-236.));
#6913 = SEAM_CURVE('',#6914,(#6918,#6925),.PCURVE_S1.);
#6914 = LINE('',#6915,#6916);
#6915 = CARTESIAN_POINT('',(14.,0.,-239.));
#6916 = VECTOR('',#6917,1.);
#6917 = DIRECTION('',(-9.9503719021E-02,0.,0.99503719021));
#6918 = PCURVE('',#6893,#6919);
#6919 = DEFINITIONAL_REPRESENTATION('',(#6920),#6924);
#6920 = LINE('',#6921,#6922);
#6921 = CARTESIAN_POINT('',(-0.,-0.));
#6922 = VECTOR('',#6923,1.);
#6923 = DIRECTION('',(-0.,-1.));
#6924 = ( GEOMETRIC_REPRESENTATION_CONTEXT(2) 
PARAMETRIC_REPRESENTATION_CONTEXT() REPRESENTATION_CONTEXT('2D SPACE',''
  ) );
#6925 = PCURVE('',#6893,#6926);
#6926 = DEFINITIONAL_REPRESENTATION('',(#6927),#6931);
#6927 = LINE('',#6928,#6929);
#6928 = CARTESIAN_POINT('',(-6.28318530718,-0.));
#6929 = VECTOR('',#6930,1.);
#6930 = DIRECTION('',(-0.,-1.));
#6931 = ( GEOMETRIC_REPRESENTATION_CONTEXT(2) 
PARAMETRIC_REPRESENTATION_CONTEXT() REPRESENTATION_CONTEXT('2D SPACE',''
  ) );
#6932 = ORIENTED_EDGE('',*,*,#6933,.F.);
#6933 = EDGE_CURVE('',#6911,#6911,#6934,.T.);
#6934 = SURFACE_CURVE('',#6935,(#6940,#6947),.PCURVE_S1.);
#6935 = CIRCLE('',#6936,13.7);
#6936 = AXIS2_PLACEMENT_3D('',#6937,#6938,#6939);
#6937 = CARTESIAN_POINT('',(0.,0.,-236.));
#6938 = DIRECTION('',(0.,0.,1.));
#6939 = DIRECTION('',(1.,0.,-0.));
#6940 = PCURVE('',#6893,#6941);
#6941 = DEFINITIONAL_REPRESENTATION('',(#6942),#6946);
#6942 = LINE('',#6943,#6944);
#6943 = CARTESIAN_POINT('',(-0.,-3.));
#6944 = VECTOR('',#6945,1.);
#6945 = DIRECTION('',(-1.,-0.));
#6946 = ( GEOMETRIC_REPRESENTATION_CONTEXT(2) 
PARAMETRIC_REPRESENTATION_CONTEXT() REPRESENTATION_CONTEXT('2D SPACE',''
  ) );
#6947 = PCURVE('',#6948,#6953);
#6948 = CONICAL_SURFACE('',#6949,13.7,9.966865249116E-02);
#6949 = AXIS2_PLACEMENT_3D('',#6950,#6951,#6952);
#6950 = CARTESIAN_POINT('',(0.,0.,-236.));
#6951 = DIRECTION('',(0.,0.,1.));
#6952 = DIRECTION('',(1.,0.,-0.));
#6953 = DEFINITIONAL_REPRESENTATION('',(#6954),#6958);
#6954 = LINE('',#6955,#6956);
#6955 = CARTESIAN_POINT('',(0.,0.));
#6956 = VECTOR('',#6957,1.);
#6957 = DIRECTION('',(1.,0.));
#6958 = ( GEOMETRIC_REPRESENTATION_CONTEXT(2) 
PARAMETRIC_REPRESENTATION_CONTEXT() REPRESENTATION_CONTEXT('2D SPACE',''
  ) );
#6959 = ORIENTED_EDGE('',*,*,#6910,.F.);
#6960 = ADVANCED_FACE('',(#6961),#6948,.T.);
#6961 = FACE_BOUND('',#6962,.T.);
#6962 = EDGE_LOOP('',(#6963,#6964,#6987,#7014));
#6963 = ORIENTED_EDGE('',*,*,#6933,.T.);
#6964 = ORIENTED_EDGE('',*,*,#6965,.T.);
#6965 = EDGE_CURVE('',#6911,#6966,#6968,.T.);
#6966 = VERTEX_POINT('',#6967);
#6967 = CARTESIAN_POINT('',(14.,0.,-233.));
#6968 = SEAM_CURVE('',#6969,(#6973,#6980),.PCURVE_S1.);
#6969 = LINE('',#6970,#6971);
#6970 = CARTESIAN_POINT('',(13.7,0.,-236.));
#6971 = VECTOR('',#6972,1.);
#6972 = DIRECTION('',(9.9503719021E-02,0.,0.99503719021));
#6973 = PCURVE('',#6948,#6974);
#6974 = DEFINITIONAL_REPRESENTATION('',(#6975),#6979);
#6975 = LINE('',#6976,#6977);
#6976 = CARTESIAN_POINT('',(0.,0.));
#6977 = VECTOR('',#6978,1.);
#6978 = DIRECTION('',(0.,1.));
#6979 = ( GEOMETRIC_REPRESENTATION_CONTEXT(2) 
PARAMETRIC_REPRESENTATION_CONTEXT() REPRESENTATION_CONTEXT('2D SPACE',''
  ) );
#6980 = PCURVE('',#6948,#6981);
#6981 = DEFINITIONAL_REPRESENTATION('',(#6982),#6986);
#6982 = LINE('',#6983,#6984);
#6983 = CARTESIAN_POINT('',(6.28318530718,0.));
#6984 = VECTOR('',#6985,1.);
#6985 = DIRECTION('',(0.,1.));
#6986 = ( GEOMETRIC_REPRESENTATION_CONTEXT(2) 
PARAMETRIC_REPRESENTATION_CONTEXT() REPRESENTATION_CONTEXT('2D SPACE',''
  ) );
#6987 = ORIENTED_EDGE('',*,*,#6988,.F.);
#6988 = EDGE_CURVE('',#6966,#6966,#6989,.T.);
#6989 = SURFACE_CURVE('',#6990,(#6995,#7002),.PCURVE_S1.);
#6990 = CIRCLE('',#6991,14.);
#6991 = AXIS2_PLACEMENT_3D('',#6992,#6993,#6994);
#6992 = CARTESIAN_POINT('',(0.,0.,-233.));
#6993 = DIRECTION('',(0.,0.,1.));
#6994 = DIRECTION('',(1.,0.,-0.));
#6995 = PCURVE('',#6948,#6996);
#6996 = DEFINITIONAL_REPRESENTATION('',(#6997),#7001);
#6997 = LINE('',#6998,#6999);
#6998 = CARTESIAN_POINT('',(0.,3.));
#6999 = VECTOR('',#7000,1.);
#7000 = DIRECTION('',(1.,0.));
#7001 = ( GEOMETRIC_REPRESENTATION_CONTEXT(2) 
PARAMETRIC_REPRESENTATION_CONTEXT() REPRESENTATION_CONTEXT('2D SPACE',''
  ) );
#7002 = PCURVE('',#7003,#7008);
#7003 = CONICAL_SURFACE('',#7004,14.,9.966865249116E-02);
#7004 = AXIS2_PLACEMENT_3D('',#7005,#7006,#7007);
#7005 = CARTESIAN_POINT('',(0.,0.,-233.));
#7006 = DIRECTION('',(-0.,-0.,-1.));
#7007 = DIRECTION('',(1.,0.,-0.));
#7008 = DEFINITIONAL_REPRESENTATION('',(#7009),#7013);
#7009 = LINE('',#7010,#7011);
#7010 = CARTESIAN_POINT('',(-0.,-0.));
#7011 = VECTOR('',#7012,1.);
#7012 = DIRECTION('',(-1.,-0.));
#7013 = ( GEOMETRIC_REPRESENTATION_CONTEXT(2) 
PARAMETRIC_REPRESENTATION_CONTEXT() REPRESENTATION_CONTEXT('2D SPACE',''
  ) );
#7014 = ORIENTED_EDGE('',*,*,#6965,.F.);
#7015 = ADVANCED_FACE('',(#7016),#7003,.T.);
#7016 = FACE_BOUND('',#7017,.T.);
#7017 = EDGE_LOOP('',(#7018,#7019,#7042,#7069));
#7018 = ORIENTED_EDGE('',*,*,#6988,.T.);
#7019 = ORIENTED_EDGE('',*,*,#7020,.T.);
#7020 = EDGE_CURVE('',#6966,#7021,#7023,.T.);
#7021 = VERTEX_POINT('',#7022);
#7022 = CARTESIAN_POINT('',(13.7,0.,-230.));
#7023 = SEAM_CURVE('',#7024,(#7028,#7035),.PCURVE_S1.);
#7024 = LINE('',#7025,#7026);
#7025 = CARTESIAN_POINT('',(14.,0.,-233.));
#7026 = VECTOR('',#7027,1.);
#7027 = DIRECTION('',(-9.9503719021E-02,0.,0.99503719021));
#7028 = PCURVE('',#7003,#7029);
#7029 = DEFINITIONAL_REPRESENTATION('',(#7030),#7034);
#7030 = LINE('',#7031,#7032);
#7031 = CARTESIAN_POINT('',(-0.,-0.));
#7032 = VECTOR('',#7033,1.);
#7033 = DIRECTION('',(-0.,-1.));
#7034 = ( GEOMETRIC_REPRESENTATION_CONTEXT(2) 
PARAMETRIC_REPRESENTATION_CONTEXT() REPRESENTATION_CONTEXT('2D SPACE',''
  ) );
#7035 = PCURVE('',#7003,#7036);
#7036 = DEFINITIONAL_REPRESENTATION('',(#7037),#7041);
#7037 = LINE('',#7038,#7039);
#7038 = CARTESIAN_POINT('',(-6.28318530718,-0.));
#7039 = VECTOR('',#7040,1.);
#7040 = DIRECTION('',(-0.,-1.));
#7041 = ( GEOMETRIC_REPRESENTATION_CONTEXT(2) 
PARAMETRIC_REPRESENTATION_CONTEXT() REPRESENTATION_CONTEXT('2D SPACE',''
  ) );
#7042 = ORIENTED_EDGE('',*,*,#7043,.F.);
#7043 = EDGE_CURVE('',#7021,#7021,#7044,.T.);
#7044 = SURFACE_CURVE('',#7045,(#7050,#7057),.PCURVE_S1.);
#7045 = CIRCLE('',#7046,13.7);
#7046 = AXIS2_PLACEMENT_3D('',#7047,#7048,#7049);
#7047 = CARTESIAN_POINT('',(0.,0.,-230.));
#7048 = DIRECTION('',(0.,0.,1.));
#7049 = DIRECTION('',(1.,0.,-0.));
#7050 = PCURVE('',#7003,#7051);
#7051 = DEFINITIONAL_REPRESENTATION('',(#7052),#7056);
#7052 = LINE('',#7053,#7054);
#7053 = CARTESIAN_POINT('',(-0.,-3.));
#7054 = VECTOR('',#7055,1.);
#7055 = DIRECTION('',(-1.,-0.));
#7056 = ( GEOMETRIC_REPRESENTATION_CONTEXT(2) 
PARAMETRIC_REPRESENTATION_CONTEXT() REPRESENTATION_CONTEXT('2D SPACE',''
  ) );
#7057 = PCURVE('',#7058,#7063);
#7058 = CONICAL_SURFACE('',#7059,13.7,9.966865249116E-02);
#7059 = AXIS2_PLACEMENT_3D('',#7060,#7061,#7062);
#7060 = CARTESIAN_POINT('',(0.,0.,-230.));
#7061 = DIRECTION('',(0.,0.,1.));
#7062 = DIRECTION('',(1.,0.,-0.));
#7063 = DEFINITIONAL_REPRESENTATION('',(#7064),#7068);
#7064 = LINE('',#7065,#7066);
#7065 = CARTESIAN_POINT('',(0.,0.));
#7066 = VECTOR('',#7067,1.);
#7067 = DIRECTION('',(1.,0.));
#7068 = ( GEOMETRIC_REPRESENTATION_CONTEXT(2) 
PARAMETRIC_REPRESENTATION_CONTEXT() REPRESENTATION_CONTEXT('2D SPACE',''
  ) );
#7069 = ORIENTED_EDGE('',*,*,#7020,.F.);
#7070 = ADVANCED_FACE('',(#7071),#7058,.T.);
#7071 = FACE_BOUND('',#7072,.T.);
#7072 = EDGE_LOOP('',(#7073,#7074,#7097,#7124));
#7073 = ORIENTED_EDGE('',*,*,#7043,.T.);
#7074 = ORIENTED_EDGE('',*,*,#7075,.T.);
#7075 = EDGE_CURVE('',#7021,#7076,#7078,.T.);
#7076 = VERTEX_POINT('',#7077);
#7077 = CARTESIAN_POINT('',(14.,0.,-227.));
#7078 = SEAM_CURVE('',#7079,(#7083,#7090),.PCURVE_S1.);
#7079 = LINE('',#7080,#7081);
#7080 = CARTESIAN_POINT('',(13.7,0.,-230.));
#7081 = VECTOR('',#7082,1.);
#7082 = DIRECTION('',(9.9503719021E-02,0.,0.99503719021));
#7083 = PCURVE('',#7058,#7084);
#7084 = DEFINITIONAL_REPRESENTATION('',(#7085),#7089);
#7085 = LINE('',#7086,#7087);
#7086 = CARTESIAN_POINT('',(0.,0.));
#7087 = VECTOR('',#7088,1.);
#7088 = DIRECTION('',(0.,1.));
#7089 = ( GEOMETRIC_REPRESENTATION_CONTEXT(2) 
PARAMETRIC_REPRESENTATION_CONTEXT() REPRESENTATION_CONTEXT('2D SPACE',''
  ) );
#7090 = PCURVE('',#7058,#7091);
#7091 = DEFINITIONAL_REPRESENTATION('',(#7092),#7096);
#7092 = LINE('',#7093,#7094);
#7093 = CARTESIAN_POINT('',(6.28318530718,0.));
#7094 = VECTOR('',#7095,1.);
#7095 = DIRECTION('',(0.,1.));
#7096 = ( GEOMETRIC_REPRESENTATION_CONTEXT(2) 
PARAMETRIC_REPRESENTATION_CONTEXT() REPRESENTATION_CONTEXT('2D SPACE',''
  ) );
#7097 = ORIENTED_EDGE('',*,*,#7098,.F.);
#7098 = EDGE_CURVE('',#7076,#7076,#7099,.T.);
#7099 = SURFACE_CURVE('',#7100,(#7105,#7112),.PCURVE_S1.);
#7100 = CIRCLE('',#7101,14.);
#7101 = AXIS2_PLACEMENT_3D('',#7102,#7103,#7104);
#7102 = CARTESIAN_POINT('',(0.,0.,-227.));
#7103 = DIRECTION('',(0.,0.,1.));
#7104 = DIRECTION('',(1.,0.,-0.));
#7105 = PCURVE('',#7058,#7106);
#7106 = DEFINITIONAL_REPRESENTATION('',(#7107),#7111);
#7107 = LINE('',#7108,#7109);
#7108 = CARTESIAN_POINT('',(0.,3.));
#7109 = VECTOR('',#7110,1.);
#7110 = DIRECTION('',(1.,0.));
#7111 = ( GEOMETRIC_REPRESENTATION_CONTEXT(2) 
PARAMETRIC_REPRESENTATION_CONTEXT() REPRESENTATION_CONTEXT('2D SPACE',''
  ) );
#7112 = PCURVE('',#7113,#7118);
#7113 = CONICAL_SURFACE('',#7114,14.,9.966865249116E-02);
#7114 = AXIS2_PLACEMENT_3D('',#7115,#7116,#7117);
#7115 = CARTESIAN_POINT('',(0.,0.,-227.));
#7116 = DIRECTION('',(-0.,-0.,-1.));
#7117 = DIRECTION('',(1.,0.,-0.));
#7118 = DEFINITIONAL_REPRESENTATION('',(#7119),#7123);
#7119 = LINE('',#7120,#7121);
#7120 = CARTESIAN_POINT('',(-0.,-0.));
#7121 = VECTOR('',#7122,1.);
#7122 = DIRECTION('',(-1.,-0.));
#7123 = ( GEOMETRIC_REPRESENTATION_CONTEXT(2) 
PARAMETRIC_REPRESENTATION_CONTEXT() REPRESENTATION_CONTEXT('2D SPACE',''
  ) );
#7124 = ORIENTED_EDGE('',*,*,#7075,.F.);
#7125 = ADVANCED_FACE('',(#7126),#7113,.T.);
#7126 = FACE_BOUND('',#7127,.T.);
#7127 = EDGE_LOOP('',(#7128,#7129,#7152,#7179));
#7128 = ORIENTED_EDGE('',*,*,#7098,.T.);
#7129 = ORIENTED_EDGE('',*,*,#7130,.T.);
#7130 = EDGE_CURVE('',#7076,#7131,#7133,.T.);
#7131 = VERTEX_POINT('',#7132);
#7132 = CARTESIAN_POINT('',(13.7,0.,-224.));
#7133 = SEAM_CURVE('',#7134,(#7138,#7145),.PCURVE_S1.);
#7134 = LINE('',#7135,#7136);
#7135 = CARTESIAN_POINT('',(14.,0.,-227.));
#7136 = VECTOR('',#7137,1.);
#7137 = DIRECTION('',(-9.9503719021E-02,0.,0.99503719021));
#7138 = PCURVE('',#7113,#7139);
#7139 = DEFINITIONAL_REPRESENTATION('',(#7140),#7144);
#7140 = LINE('',#7141,#7142);
#7141 = CARTESIAN_POINT('',(-0.,-0.));
#7142 = VECTOR('',#7143,1.);
#7143 = DIRECTION('',(-0.,-1.));
#7144 = ( GEOMETRIC_REPRESENTATION_CONTEXT(2) 
PARAMETRIC_REPRESENTATION_CONTEXT() REPRESENTATION_CONTEXT('2D SPACE',''
  ) );
#7145 = PCURVE('',#7113,#7146);
#7146 = DEFINITIONAL_REPRESENTATION('',(#7147),#7151);
#7147 = LINE('',#7148,#7149);
#7148 = CARTESIAN_POINT('',(-6.28318530718,-0.));
#7149 = VECTOR('',#7150,1.);
#7150 = DIRECTION('',(-0.,-1.));
#7151 = ( GEOMETRIC_REPRESENTATION_CONTEXT(2) 
PARAMETRIC_REPRESENTATION_CONTEXT() REPRESENTATION_CONTEXT('2D SPACE',''
  ) );
#7152 = ORIENTED_EDGE('',*,*,#7153,.F.);
#7153 = EDGE_CURVE('',#7131,#7131,#7154,.T.);
#7154 = SURFACE_CURVE('',#7155,(#7160,#7167),.PCURVE_S1.);
#7155 = CIRCLE('',#7156,13.7);
#7156 = AXIS2_PLACEMENT_3D('',#7157,#7158,#7159);
#7157 = CARTESIAN_POINT('',(0.,0.,-224.));
#7158 = DIRECTION('',(0.,0.,1.));
#7159 = DIRECTION('',(1.,0.,-0.));
#7160 = PCURVE('',#7113,#7161);
#7161 = DEFINITIONAL_REPRESENTATION('',(#7162),#7166);
#7162 = LINE('',#7163,#7164);
#7163 = CARTESIAN_POINT('',(-0.,-3.));
#7164 = VECTOR('',#7165,1.);
#7165 = DIRECTION('',(-1.,-0.));
#7166 = ( GEOMETRIC_REPRESENTATION_CONTEXT(2) 
PARAMETRIC_REPRESENTATION_CONTEXT() REPRESENTATION_CONTEXT('2D SPACE',''
  ) );
#7167 = PCURVE('',#7168,#7173);
#7168 = CONICAL_SURFACE('',#7169,13.7,9.966865249116E-02);
#7169 = AXIS2_PLACEMENT_3D('',#7170,#7171,#7172);
#7170 = CARTESIAN_POINT('',(0.,0.,-224.));
#7171 = DIRECTION('',(0.,0.,1.));
#7172 = DIRECTION('',(1.,0.,-0.));
#7173 = DEFINITIONAL_REPRESENTATION('',(#7174),#7178);
#7174 = LINE('',#7175,#7176);
#7175 = CARTESIAN_POINT('',(0.,0.));
#7176 = VECTOR('',#7177,1.);
#7177 = DIRECTION('',(1.,0.));
#7178 = ( GEOMETRIC_REPRESENTATION_CONTEXT(2) 
PARAMETRIC_REPRESENTATION_CONTEXT() REPRESENTATION_CONTEXT('2D SPACE',''
  ) );
#7179 = ORIENTED_EDGE('',*,*,#7130,.F.);
#7180 = ADVANCED_FACE('',(#7181),#7168,.T.);
#7181 = FACE_BOUND('',#7182,.T.);
#7182 = EDGE_LOOP('',(#7183,#7184,#7207,#7234));
#7183 = ORIENTED_EDGE('',*,*,#7153,.T.);
#7184 = ORIENTED_EDGE('',*,*,#7185,.T.);
#7185 = EDGE_CURVE('',#7131,#7186,#7188,.T.);
#7186 = VERTEX_POINT('',#7187);
#7187 = CARTESIAN_POINT('',(14.,0.,-221.));
#7188 = SEAM_CURVE('',#7189,(#7193,#7200),.PCURVE_S1.);
#7189 = LINE('',#7190,#7191);
#7190 = CARTESIAN_POINT('',(13.7,0.,-224.));
#7191 = VECTOR('',#7192,1.);
#7192 = DIRECTION('',(9.9503719021E-02,0.,0.99503719021));
#7193 = PCURVE('',#7168,#7194);
#7194 = DEFINITIONAL_REPRESENTATION('',(#7195),#7199);
#7195 = LINE('',#7196,#7197);
#7196 = CARTESIAN_POINT('',(0.,0.));
#7197 = VECTOR('',#7198,1.);
#7198 = DIRECTION('',(0.,1.));
#7199 = ( GEOMETRIC_REPRESENTATION_CONTEXT(2) 
PARAMETRIC_REPRESENTATION_CONTEXT() REPRESENTATION_CONTEXT('2D SPACE',''
  ) );
#7200 = PCURVE('',#7168,#7201);
#7201 = DEFINITIONAL_REPRESENTATION('',(#7202),#7206);
#7202 = LINE('',#7203,#7204);
#7203 = CARTESIAN_POINT('',(6.28318530718,0.));
#7204 = VECTOR('',#7205,1.);
#7205 = DIRECTION('',(0.,1.));
#7206 = ( GEOMETRIC_REPRESENTATION_CONTEXT(2) 
PARAMETRIC_REPRESENTATION_CONTEXT() REPRESENTATION_CONTEXT('2D SPACE',''
  ) );
#7207 = ORIENTED_EDGE('',*,*,#7208,.F.);
#7208 = EDGE_CURVE('',#7186,#7186,#7209,.T.);
#7209 = SURFACE_CURVE('',#7210,(#7215,#7222),.PCURVE_S1.);
#7210 = CIRCLE('',#7211,14.);
#7211 = AXIS2_PLACEMENT_3D('',#7212,#7213,#7214);
#7212 = CARTESIAN_POINT('',(0.,0.,-221.));
#7213 = DIRECTION('',(0.,0.,1.));
#7214 = DIRECTION('',(1.,0.,-0.));
#7215 = PCURVE('',#7168,#7216);
#7216 = DEFINITIONAL_REPRESENTATION('',(#7217),#7221);
#7217 = LINE('',#7218,#7219);
#7218 = CARTESIAN_POINT('',(0.,3.));
#7219 = VECTOR('',#7220,1.);
#7220 = DIRECTION('',(1.,0.));
#7221 = ( GEOMETRIC_REPRESENTATION_CONTEXT(2) 
PARAMETRIC_REPRESENTATION_CONTEXT() REPRESENTATION_CONTEXT('2D SPACE',''
  ) );
#7222 = PCURVE('',#7223,#7228);
#7223 = CONICAL_SURFACE('',#7224,14.,9.966865249116E-02);
#7224 = AXIS2_PLACEMENT_3D('',#7225,#7226,#7227);
#7225 = CARTESIAN_POINT('',(0.,0.,-221.));
#7226 = DIRECTION('',(-0.,-0.,-1.));
#7227 = DIRECTION('',(1.,0.,-0.));
#7228 = DEFINITIONAL_REPRESENTATION('',(#7229),#7233);
#7229 = LINE('',#7230,#7231);
#7230 = CARTESIAN_POINT('',(-0.,-0.));
#7231 = VECTOR('',#7232,1.);
#7232 = DIRECTION('',(-1.,-0.));
#7233 = ( GEOMETRIC_REPRESENTATION_CONTEXT(2) 
PARAMETRIC_REPRESENTATION_CONTEXT() REPRESENTATION_CONTEXT('2D SPACE',''
  ) );
#7234 = ORIENTED_EDGE('',*,*,#7185,.F.);
#7235 = ADVANCED_FACE('',(#7236),#7223,.T.);
#7236 = FACE_BOUND('',#7237,.T.);
#7237 = EDGE_LOOP('',(#7238,#7239,#7262,#7289));
#7238 = ORIENTED_EDGE('',*,*,#7208,.T.);
#7239 = ORIENTED_EDGE('',*,*,#7240,.T.);
#7240 = EDGE_CURVE('',#7186,#7241,#7243,.T.);
#7241 = VERTEX_POINT('',#7242);
#7242 = CARTESIAN_POINT('',(13.7,0.,-218.));
#7243 = SEAM_CURVE('',#7244,(#7248,#7255),.PCURVE_S1.);
#7244 = LINE('',#7245,#7246);
#7245 = CARTESIAN_POINT('',(14.,0.,-221.));
#7246 = VECTOR('',#7247,1.);
#7247 = DIRECTION('',(-9.9503719021E-02,0.,0.99503719021));
#7248 = PCURVE('',#7223,#7249);
#7249 = DEFINITIONAL_REPRESENTATION('',(#7250),#7254);
#7250 = LINE('',#7251,#7252);
#7251 = CARTESIAN_POINT('',(-0.,-0.));
#7252 = VECTOR('',#7253,1.);
#7253 = DIRECTION('',(-0.,-1.));
#7254 = ( GEOMETRIC_REPRESENTATION_CONTEXT(2) 
PARAMETRIC_REPRESENTATION_CONTEXT() REPRESENTATION_CONTEXT('2D SPACE',''
  ) );
#7255 = PCURVE('',#7223,#7256);
#7256 = DEFINITIONAL_REPRESENTATION('',(#7257),#7261);
#7257 = LINE('',#7258,#7259);
#7258 = CARTESIAN_POINT('',(-6.28318530718,-0.));
#7259 = VECTOR('',#7260,1.);
#7260 = DIRECTION('',(-0.,-1.));
#7261 = ( GEOMETRIC_REPRESENTATION_CONTEXT(2) 
PARAMETRIC_REPRESENTATION_CONTEXT() REPRESENTATION_CONTEXT('2D SPACE',''
  ) );
#7262 = ORIENTED_EDGE('',*,*,#7263,.F.);
#7263 = EDGE_CURVE('',#7241,#7241,#7264,.T.);
#7264 = SURFACE_CURVE('',#7265,(#7270,#7277),.PCURVE_S1.);
#7265 = CIRCLE('',#7266,13.7);
#7266 = AXIS2_PLACEMENT_3D('',#7267,#7268,#7269);
#7267 = CARTESIAN_POINT('',(0.,0.,-218.));
#7268 = DIRECTION('',(0.,0.,1.));
#7269 = DIRECTION('',(1.,0.,-0.));
#7270 = PCURVE('',#7223,#7271);
#7271 = DEFINITIONAL_REPRESENTATION('',(#7272),#7276);
#7272 = LINE('',#7273,#7274);
#7273 = CARTESIAN_POINT('',(-0.,-3.));
#7274 = VECTOR('',#7275,1.);
#7275 = DIRECTION('',(-1.,-0.));
#7276 = ( GEOMETRIC_REPRESENTATION_CONTEXT(2) 
PARAMETRIC_REPRESENTATION_CONTEXT() REPRESENTATION_CONTEXT('2D SPACE',''
  ) );
#7277 = PCURVE('',#7278,#7283);
#7278 = CONICAL_SURFACE('',#7279,13.7,9.966865249116E-02);
#7279 = AXIS2_PLACEMENT_3D('',#7280,#7281,#7282);
#7280 = CARTESIAN_POINT('',(0.,0.,-218.));
#7281 = DIRECTION('',(0.,0.,1.));
#7282 = DIRECTION('',(1.,0.,-0.));
#7283 = DEFINITIONAL_REPRESENTATION('',(#7284),#7288);
#7284 = LINE('',#7285,#7286);
#7285 = CARTESIAN_POINT('',(0.,0.));
#7286 = VECTOR('',#7287,1.);
#7287 = DIRECTION('',(1.,0.));
#7288 = ( GEOMETRIC_REPRESENTATION_CONTEXT(2) 
PARAMETRIC_REPRESENTATION_CONTEXT() REPRESENTATION_CONTEXT('2D SPACE',''
  ) );
#7289 = ORIENTED_EDGE('',*,*,#7240,.F.);
#7290 = ADVANCED_FACE('',(#7291),#7278,.T.);
#7291 = FACE_BOUND('',#7292,.T.);
#7292 = EDGE_LOOP('',(#7293,#7294,#7317,#7344));
#7293 = ORIENTED_EDGE('',*,*,#7263,.T.);
#7294 = ORIENTED_EDGE('',*,*,#7295,.T.);
#7295 = EDGE_CURVE('',#7241,#7296,#7298,.T.);
#7296 = VERTEX_POINT('',#7297);
#7297 = CARTESIAN_POINT('',(14.,0.,-215.));
#7298 = SEAM_CURVE('',#7299,(#7303,#7310),.PCURVE_S1.);
#7299 = LINE('',#7300,#7301);
#7300 = CARTESIAN_POINT('',(13.7,0.,-218.));
#7301 = VECTOR('',#7302,1.);
#7302 = DIRECTION('',(9.9503719021E-02,0.,0.99503719021));
#7303 = PCURVE('',#7278,#7304);
#7304 = DEFINITIONAL_REPRESENTATION('',(#7305),#7309);
#7305 = LINE('',#7306,#7307);
#7306 = CARTESIAN_POINT('',(0.,0.));
#7307 = VECTOR('',#7308,1.);
#7308 = DIRECTION('',(0.,1.));
#7309 = ( GEOMETRIC_REPRESENTATION_CONTEXT(2) 
PARAMETRIC_REPRESENTATION_CONTEXT() REPRESENTATION_CONTEXT('2D SPACE',''
  ) );
#7310 = PCURVE('',#7278,#7311);
#7311 = DEFINITIONAL_REPRESENTATION('',(#7312),#7316);
#7312 = LINE('',#7313,#7314);
#7313 = CARTESIAN_POINT('',(6.28318530718,0.));
#7314 = VECTOR('',#7315,1.);
#7315 = DIRECTION('',(0.,1.));
#7316 = ( GEOMETRIC_REPRESENTATION_CONTEXT(2) 
PARAMETRIC_REPRESENTATION_CONTEXT() REPRESENTATION_CONTEXT('2D SPACE',''
  ) );
#7317 = ORIENTED_EDGE('',*,*,#7318,.F.);
#7318 = EDGE_CURVE('',#7296,#7296,#7319,.T.);
#7319 = SURFACE_CURVE('',#7320,(#7325,#7332),.PCURVE_S1.);
#7320 = CIRCLE('',#7321,14.);
#7321 = AXIS2_PLACEMENT_3D('',#7322,#7323,#7324);
#7322 = CARTESIAN_POINT('',(0.,0.,-215.));
#7323 = DIRECTION('',(0.,0.,1.));
#7324 = DIRECTION('',(1.,0.,-0.));
#7325 = PCURVE('',#7278,#7326);
#7326 = DEFINITIONAL_REPRESENTATION('',(#7327),#7331);
#7327 = LINE('',#7328,#7329);
#7328 = CARTESIAN_POINT('',(0.,3.));
#7329 = VECTOR('',#7330,1.);
#7330 = DIRECTION('',(1.,0.));
#7331 = ( GEOMETRIC_REPRESENTATION_CONTEXT(2) 
PARAMETRIC_REPRESENTATION_CONTEXT() REPRESENTATION_CONTEXT('2D SPACE',''
  ) );
#7332 = PCURVE('',#7333,#7338);
#7333 = CONICAL_SURFACE('',#7334,14.,9.966865249116E-02);
#7334 = AXIS2_PLACEMENT_3D('',#7335,#7336,#7337);
#7335 = CARTESIAN_POINT('',(0.,0.,-215.));
#7336 = DIRECTION('',(-0.,-0.,-1.));
#7337 = DIRECTION('',(1.,0.,-0.));
#7338 = DEFINITIONAL_REPRESENTATION('',(#7339),#7343);
#7339 = LINE('',#7340,#7341);
#7340 = CARTESIAN_POINT('',(-0.,-0.));
#7341 = VECTOR('',#7342,1.);
#7342 = DIRECTION('',(-1.,-0.));
#7343 = ( GEOMETRIC_REPRESENTATION_CONTEXT(2) 
PARAMETRIC_REPRESENTATION_CONTEXT() REPRESENTATION_CONTEXT('2D SPACE',''
  ) );
#7344 = ORIENTED_EDGE('',*,*,#7295,.F.);
#7345 = ADVANCED_FACE('',(#7346),#7333,.T.);
#7346 = FACE_BOUND('',#7347,.T.);
#7347 = EDGE_LOOP('',(#7348,#7349,#7372,#7399));
#7348 = ORIENTED_EDGE('',*,*,#7318,.T.);
#7349 = ORIENTED_EDGE('',*,*,#7350,.T.);
#7350 = EDGE_CURVE('',#7296,#7351,#7353,.T.);
#7351 = VERTEX_POINT('',#7352);
#7352 = CARTESIAN_POINT('',(13.7,0.,-212.));
#7353 = SEAM_CURVE('',#7354,(#7358,#7365),.PCURVE_S1.);
#7354 = LINE('',#7355,#7356);
#7355 = CARTESIAN_POINT('',(14.,0.,-215.));
#7356 = VECTOR('',#7357,1.);
#7357 = DIRECTION('',(-9.9503719021E-02,0.,0.99503719021));
#7358 = PCURVE('',#7333,#7359);
#7359 = DEFINITIONAL_REPRESENTATION('',(#7360),#7364);
#7360 = LINE('',#7361,#7362);
#7361 = CARTESIAN_POINT('',(-0.,-0.));
#7362 = VECTOR('',#7363,1.);
#7363 = DIRECTION('',(-0.,-1.));
#7364 = ( GEOMETRIC_REPRESENTATION_CONTEXT(2) 
PARAMETRIC_REPRESENTATION_CONTEXT() REPRESENTATION_CONTEXT('2D SPACE',''
  ) );
#7365 = PCURVE('',#7333,#7366);
#7366 = DEFINITIONAL_REPRESENTATION('',(#7367),#7371);
#7367 = LINE('',#7368,#7369);
#7368 = CARTESIAN_POINT('',(-6.28318530718,-0.));
#7369 = VECTOR('',#7370,1.);
#7370 = DIRECTION('',(-0.,-1.));
#7371 = ( GEOMETRIC_REPRESENTATION_CONTEXT(2) 
PARAMETRIC_REPRESENTATION_CONTEXT() REPRESENTATION_CONTEXT('2D SPACE',''
  ) );
#7372 = ORIENTED_EDGE('',*,*,#7373,.F.);
#7373 = EDGE_CURVE('',#7351,#7351,#7374,.T.);
#7374 = SURFACE_CURVE('',#7375,(#7380,#7387),.PCURVE_S1.);
#7375 = CIRCLE('',#7376,13.7);
#7376 = AXIS2_PLACEMENT_3D('',#7377,#7378,#7379);
#7377 = CARTESIAN_POINT('',(0.,0.,-212.));
#7378 = DIRECTION('',(0.,0.,1.));
#7379 = DIRECTION('',(1.,0.,-0.));
#7380 = PCURVE('',#7333,#7381);
#7381 = DEFINITIONAL_REPRESENTATION('',(#7382),#7386);
#7382 = LINE('',#7383,#7384);
#7383 = CARTESIAN_POINT('',(-0.,-3.));
#7384 = VECTOR('',#7385,1.);
#7385 = DIRECTION('',(-1.,-0.));
#7386 = ( GEOMETRIC_REPRESENTATION_CONTEXT(2) 
PARAMETRIC_REPRESENTATION_CONTEXT() REPRESENTATION_CONTEXT('2D SPACE',''
  ) );
#7387 = PCURVE('',#7388,#7393);
#7388 = CONICAL_SURFACE('',#7389,13.7,9.966865249116E-02);
#7389 = AXIS2_PLACEMENT_3D('',#7390,#7391,#7392);
#7390 = CARTESIAN_POINT('',(0.,0.,-212.));
#7391 = DIRECTION('',(0.,0.,1.));
#7392 = DIRECTION('',(1.,0.,-0.));
#7393 = DEFINITIONAL_REPRESENTATION('',(#7394),#7398);
#7394 = LINE('',#7395,#7396);
#7395 = CARTESIAN_POINT('',(0.,0.));
#7396 = VECTOR('',#7397,1.);
#7397 = DIRECTION('',(1.,0.));
#7398 = ( GEOMETRIC_REPRESENTATION_CONTEXT(2) 
PARAMETRIC_REPRESENTATION_CONTEXT() REPRESENTATION_CONTEXT('2D SPACE',''
  ) );
#7399 = ORIENTED_EDGE('',*,*,#7350,.F.);
#7400 = ADVANCED_FACE('',(#7401),#7388,.T.);
#7401 = FACE_BOUND('',#7402,.T.);
#7402 = EDGE_LOOP('',(#7403,#7404,#7427,#7454));
#7403 = ORIENTED_EDGE('',*,*,#7373,.T.);
#7404 = ORIENTED_EDGE('',*,*,#7405,.T.);
#7405 = EDGE_CURVE('',#7351,#7406,#7408,.T.);
#7406 = VERTEX_POINT('',#7407);
#7407 = CARTESIAN_POINT('',(14.,0.,-209.));
#7408 = SEAM_CURVE('',#7409,(#7413,#7420),.PCURVE_S1.);
#7409 = LINE('',#7410,#7411);
#7410 = CARTESIAN_POINT('',(13.7,0.,-212.));
#7411 = VECTOR('',#7412,1.);
#7412 = DIRECTION('',(9.9503719021E-02,0.,0.99503719021));
#7413 = PCURVE('',#7388,#7414);
#7414 = DEFINITIONAL_REPRESENTATION('',(#7415),#7419);
#7415 = LINE('',#7416,#7417);
#7416 = CARTESIAN_POINT('',(0.,0.));
#7417 = VECTOR('',#7418,1.);
#7418 = DIRECTION('',(0.,1.));
#7419 = ( GEOMETRIC_REPRESENTATION_CONTEXT(2) 
PARAMETRIC_REPRESENTATION_CONTEXT() REPRESENTATION_CONTEXT('2D SPACE',''
  ) );
#7420 = PCURVE('',#7388,#7421);
#7421 = DEFINITIONAL_REPRESENTATION('',(#7422),#7426);
#7422 = LINE('',#7423,#7424);
#7423 = CARTESIAN_POINT('',(6.28318530718,0.));
#7424 = VECTOR('',#7425,1.);
#7425 = DIRECTION('',(0.,1.));
#7426 = ( GEOMETRIC_REPRESENTATION_CONTEXT(2) 
PARAMETRIC_REPRESENTATION_CONTEXT() REPRESENTATION_CONTEXT('2D SPACE',''
  ) );
#7427 = ORIENTED_EDGE('',*,*,#7428,.F.);
#7428 = EDGE_CURVE('',#7406,#7406,#7429,.T.);
#7429 = SURFACE_CURVE('',#7430,(#7435,#7442),.PCURVE_S1.);
#7430 = CIRCLE('',#7431,14.);
#7431 = AXIS2_PLACEMENT_3D('',#7432,#7433,#7434);
#7432 = CARTESIAN_POINT('',(0.,0.,-209.));
#7433 = DIRECTION('',(0.,0.,1.));
#7434 = DIRECTION('',(1.,0.,-0.));
#7435 = PCURVE('',#7388,#7436);
#7436 = DEFINITIONAL_REPRESENTATION('',(#7437),#7441);
#7437 = LINE('',#7438,#7439);
#7438 = CARTESIAN_POINT('',(0.,3.));
#7439 = VECTOR('',#7440,1.);
#7440 = DIRECTION('',(1.,0.));
#7441 = ( GEOMETRIC_REPRESENTATION_CONTEXT(2) 
PARAMETRIC_REPRESENTATION_CONTEXT() REPRESENTATION_CONTEXT('2D SPACE',''
  ) );
#7442 = PCURVE('',#7443,#7448);
#7443 = CONICAL_SURFACE('',#7444,14.,9.966865249116E-02);
#7444 = AXIS2_PLACEMENT_3D('',#7445,#7446,#7447);
#7445 = CARTESIAN_POINT('',(0.,0.,-209.));
#7446 = DIRECTION('',(-0.,-0.,-1.));
#7447 = DIRECTION('',(1.,0.,-0.));
#7448 = DEFINITIONAL_REPRESENTATION('',(#7449),#7453);
#7449 = LINE('',#7450,#7451);
#7450 = CARTESIAN_POINT('',(-0.,-0.));
#7451 = VECTOR('',#7452,1.);
#7452 = DIRECTION('',(-1.,-0.));
#7453 = ( GEOMETRIC_REPRESENTATION_CONTEXT(2) 
PARAMETRIC_REPRESENTATION_CONTEXT() REPRESENTATION_CONTEXT('2D SPACE',''
  ) );
#7454 = ORIENTED_EDGE('',*,*,#7405,.F.);
#7455 = ADVANCED_FACE('',(#7456),#7443,.T.);
#7456 = FACE_BOUND('',#7457,.T.);
#7457 = EDGE_LOOP('',(#7458,#7459,#7482,#7509));
#7458 = ORIENTED_EDGE('',*,*,#7428,.T.);
#7459 = ORIENTED_EDGE('',*,*,#7460,.T.);
#7460 = EDGE_CURVE('',#7406,#7461,#7463,.T.);
#7461 = VERTEX_POINT('',#7462);
#7462 = CARTESIAN_POINT('',(13.7,0.,-206.));
#7463 = SEAM_CURVE('',#7464,(#7468,#7475),.PCURVE_S1.);
#7464 = LINE('',#7465,#7466);
#7465 = CARTESIAN_POINT('',(14.,0.,-209.));
#7466 = VECTOR('',#7467,1.);
#7467 = DIRECTION('',(-9.9503719021E-02,0.,0.99503719021));
#7468 = PCURVE('',#7443,#7469);
#7469 = DEFINITIONAL_REPRESENTATION('',(#7470),#7474);
#7470 = LINE('',#7471,#7472);
#7471 = CARTESIAN_POINT('',(-0.,-0.));
#7472 = VECTOR('',#7473,1.);
#7473 = DIRECTION('',(-0.,-1.));
#7474 = ( GEOMETRIC_REPRESENTATION_CONTEXT(2) 
PARAMETRIC_REPRESENTATION_CONTEXT() REPRESENTATION_CONTEXT('2D SPACE',''
  ) );
#7475 = PCURVE('',#7443,#7476);
#7476 = DEFINITIONAL_REPRESENTATION('',(#7477),#7481);
#7477 = LINE('',#7478,#7479);
#7478 = CARTESIAN_POINT('',(-6.28318530718,-0.));
#7479 = VECTOR('',#7480,1.);
#7480 = DIRECTION('',(-0.,-1.));
#7481 = ( GEOMETRIC_REPRESENTATION_CONTEXT(2) 
PARAMETRIC_REPRESENTATION_CONTEXT() REPRESENTATION_CONTEXT('2D SPACE',''
  ) );
#7482 = ORIENTED_EDGE('',*,*,#7483,.F.);
#7483 = EDGE_CURVE('',#7461,#7461,#7484,.T.);
#7484 = SURFACE_CURVE('',#7485,(#7490,#7497),.PCURVE_S1.);
#7485 = CIRCLE('',#7486,13.7);
#7486 = AXIS2_PLACEMENT_3D('',#7487,#7488,#7489);
#7487 = CARTESIAN_POINT('',(0.,0.,-206.));
#7488 = DIRECTION('',(0.,0.,1.));
#7489 = DIRECTION('',(1.,0.,-0.));
#7490 = PCURVE('',#7443,#7491);
#7491 = DEFINITIONAL_REPRESENTATION('',(#7492),#7496);
#7492 = LINE('',#7493,#7494);
#7493 = CARTESIAN_POINT('',(-0.,-3.));
#7494 = VECTOR('',#7495,1.);
#7495 = DIRECTION('',(-1.,-0.));
#7496 = ( GEOMETRIC_REPRESENTATION_CONTEXT(2) 
PARAMETRIC_REPRESENTATION_CONTEXT() REPRESENTATION_CONTEXT('2D SPACE',''
  ) );
#7497 = PCURVE('',#7498,#7503);
#7498 = CONICAL_SURFACE('',#7499,13.7,9.966865249116E-02);
#7499 = AXIS2_PLACEMENT_3D('',#7500,#7501,#7502);
#7500 = CARTESIAN_POINT('',(0.,0.,-206.));
#7501 = DIRECTION('',(0.,0.,1.));
#7502 = DIRECTION('',(1.,0.,-0.));
#7503 = DEFINITIONAL_REPRESENTATION('',(#7504),#7508);
#7504 = LINE('',#7505,#7506);
#7505 = CARTESIAN_POINT('',(0.,0.));
#7506 = VECTOR('',#7507,1.);
#7507 = DIRECTION('',(1.,0.));
#7508 = ( GEOMETRIC_REPRESENTATION_CONTEXT(2) 
PARAMETRIC_REPRESENTATION_CONTEXT() REPRESENTATION_CONTEXT('2D SPACE',''
  ) );
#7509 = ORIENTED_EDGE('',*,*,#7460,.F.);
#7510 = ADVANCED_FACE('',(#7511),#7498,.T.);
#7511 = FACE_BOUND('',#7512,.T.);
#7512 = EDGE_LOOP('',(#7513,#7514,#7537,#7564));
#7513 = ORIENTED_EDGE('',*,*,#7483,.T.);
#7514 = ORIENTED_EDGE('',*,*,#7515,.T.);
#7515 = EDGE_CURVE('',#7461,#7516,#7518,.T.);
#7516 = VERTEX_POINT('',#7517);
#7517 = CARTESIAN_POINT('',(14.,0.,-203.));
#7518 = SEAM_CURVE('',#7519,(#7523,#7530),.PCURVE_S1.);
#7519 = LINE('',#7520,#7521);
#7520 = CARTESIAN_POINT('',(13.7,0.,-206.));
#7521 = VECTOR('',#7522,1.);
#7522 = DIRECTION('',(9.9503719021E-02,0.,0.99503719021));
#7523 = PCURVE('',#7498,#7524);
#7524 = DEFINITIONAL_REPRESENTATION('',(#7525),#7529);
#7525 = LINE('',#7526,#7527);
#7526 = CARTESIAN_POINT('',(0.,0.));
#7527 = VECTOR('',#7528,1.);
#7528 = DIRECTION('',(0.,1.));
#7529 = ( GEOMETRIC_REPRESENTATION_CONTEXT(2) 
PARAMETRIC_REPRESENTATION_CONTEXT() REPRESENTATION_CONTEXT('2D SPACE',''
  ) );
#7530 = PCURVE('',#7498,#7531);
#7531 = DEFINITIONAL_REPRESENTATION('',(#7532),#7536);
#7532 = LINE('',#7533,#7534);
#7533 = CARTESIAN_POINT('',(6.28318530718,0.));
#7534 = VECTOR('',#7535,1.);
#7535 = DIRECTION('',(0.,1.));
#7536 = ( GEOMETRIC_REPRESENTATION_CONTEXT(2) 
PARAMETRIC_REPRESENTATION_CONTEXT() REPRESENTATION_CONTEXT('2D SPACE',''
  ) );
#7537 = ORIENTED_EDGE('',*,*,#7538,.F.);
#7538 = EDGE_CURVE('',#7516,#7516,#7539,.T.);
#7539 = SURFACE_CURVE('',#7540,(#7545,#7552),.PCURVE_S1.);
#7540 = CIRCLE('',#7541,14.);
#7541 = AXIS2_PLACEMENT_3D('',#7542,#7543,#7544);
#7542 = CARTESIAN_POINT('',(0.,0.,-203.));
#7543 = DIRECTION('',(0.,0.,1.));
#7544 = DIRECTION('',(1.,0.,-0.));
#7545 = PCURVE('',#7498,#7546);
#7546 = DEFINITIONAL_REPRESENTATION('',(#7547),#7551);
#7547 = LINE('',#7548,#7549);
#7548 = CARTESIAN_POINT('',(0.,3.));
#7549 = VECTOR('',#7550,1.);
#7550 = DIRECTION('',(1.,0.));
#7551 = ( GEOMETRIC_REPRESENTATION_CONTEXT(2) 
PARAMETRIC_REPRESENTATION_CONTEXT() REPRESENTATION_CONTEXT('2D SPACE',''
  ) );
#7552 = PCURVE('',#7553,#7558);
#7553 = CONICAL_SURFACE('',#7554,14.,9.966865249116E-02);
#7554 = AXIS2_PLACEMENT_3D('',#7555,#7556,#7557);
#7555 = CARTESIAN_POINT('',(0.,0.,-203.));
#7556 = DIRECTION('',(-0.,-0.,-1.));
#7557 = DIRECTION('',(1.,0.,-0.));
#7558 = DEFINITIONAL_REPRESENTATION('',(#7559),#7563);
#7559 = LINE('',#7560,#7561);
#7560 = CARTESIAN_POINT('',(-0.,-0.));
#7561 = VECTOR('',#7562,1.);
#7562 = DIRECTION('',(-1.,-0.));
#7563 = ( GEOMETRIC_REPRESENTATION_CONTEXT(2) 
PARAMETRIC_REPRESENTATION_CONTEXT() REPRESENTATION_CONTEXT('2D SPACE',''
  ) );
#7564 = ORIENTED_EDGE('',*,*,#7515,.F.);
#7565 = ADVANCED_FACE('',(#7566),#7553,.T.);
#7566 = FACE_BOUND('',#7567,.T.);
#7567 = EDGE_LOOP('',(#7568,#7569,#7592,#7619));
#7568 = ORIENTED_EDGE('',*,*,#7538,.T.);
#7569 = ORIENTED_EDGE('',*,*,#7570,.T.);
#7570 = EDGE_CURVE('',#7516,#7571,#7573,.T.);
#7571 = VERTEX_POINT('',#7572);
#7572 = CARTESIAN_POINT('',(13.7,0.,-200.));
#7573 = SEAM_CURVE('',#7574,(#7578,#7585),.PCURVE_S1.);
#7574 = LINE('',#7575,#7576);
#7575 = CARTESIAN_POINT('',(14.,0.,-203.));
#7576 = VECTOR('',#7577,1.);
#7577 = DIRECTION('',(-9.9503719021E-02,0.,0.99503719021));
#7578 = PCURVE('',#7553,#7579);
#7579 = DEFINITIONAL_REPRESENTATION('',(#7580),#7584);
#7580 = LINE('',#7581,#7582);
#7581 = CARTESIAN_POINT('',(-0.,-0.));
#7582 = VECTOR('',#7583,1.);
#7583 = DIRECTION('',(-0.,-1.));
#7584 = ( GEOMETRIC_REPRESENTATION_CONTEXT(2) 
PARAMETRIC_REPRESENTATION_CONTEXT() REPRESENTATION_CONTEXT('2D SPACE',''
  ) );
#7585 = PCURVE('',#7553,#7586);
#7586 = DEFINITIONAL_REPRESENTATION('',(#7587),#7591);
#7587 = LINE('',#7588,#7589);
#7588 = CARTESIAN_POINT('',(-6.28318530718,-0.));
#7589 = VECTOR('',#7590,1.);
#7590 = DIRECTION('',(-0.,-1.));
#7591 = ( GEOMETRIC_REPRESENTATION_CONTEXT(2) 
PARAMETRIC_REPRESENTATION_CONTEXT() REPRESENTATION_CONTEXT('2D SPACE',''
  ) );
#7592 = ORIENTED_EDGE('',*,*,#7593,.F.);
#7593 = EDGE_CURVE('',#7571,#7571,#7594,.T.);
#7594 = SURFACE_CURVE('',#7595,(#7600,#7607),.PCURVE_S1.);
#7595 = CIRCLE('',#7596,13.7);
#7596 = AXIS2_PLACEMENT_3D('',#7597,#7598,#7599);
#7597 = CARTESIAN_POINT('',(0.,0.,-200.));
#7598 = DIRECTION('',(0.,0.,1.));
#7599 = DIRECTION('',(1.,0.,-0.));
#7600 = PCURVE('',#7553,#7601);
#7601 = DEFINITIONAL_REPRESENTATION('',(#7602),#7606);
#7602 = LINE('',#7603,#7604);
#7603 = CARTESIAN_POINT('',(-0.,-3.));
#7604 = VECTOR('',#7605,1.);
#7605 = DIRECTION('',(-1.,-0.));
#7606 = ( GEOMETRIC_REPRESENTATION_CONTEXT(2) 
PARAMETRIC_REPRESENTATION_CONTEXT() REPRESENTATION_CONTEXT('2D SPACE',''
  ) );
#7607 = PCURVE('',#7608,#7613);
#7608 = CONICAL_SURFACE('',#7609,13.7,9.966865249116E-02);
#7609 = AXIS2_PLACEMENT_3D('',#7610,#7611,#7612);
#7610 = CARTESIAN_POINT('',(0.,0.,-200.));
#7611 = DIRECTION('',(0.,0.,1.));
#7612 = DIRECTION('',(1.,0.,-0.));
#7613 = DEFINITIONAL_REPRESENTATION('',(#7614),#7618);
#7614 = LINE('',#7615,#7616);
#7615 = CARTESIAN_POINT('',(0.,0.));
#7616 = VECTOR('',#7617,1.);
#7617 = DIRECTION('',(1.,0.));
#7618 = ( GEOMETRIC_REPRESENTATION_CONTEXT(2) 
PARAMETRIC_REPRESENTATION_CONTEXT() REPRESENTATION_CONTEXT('2D SPACE',''
  ) );
#7619 = ORIENTED_EDGE('',*,*,#7570,.F.);
#7620 = ADVANCED_FACE('',(#7621),#7608,.T.);
#7621 = FACE_BOUND('',#7622,.T.);
#7622 = EDGE_LOOP('',(#7623,#7624,#7647,#7674));
#7623 = ORIENTED_EDGE('',*,*,#7593,.T.);
#7624 = ORIENTED_EDGE('',*,*,#7625,.T.);
#7625 = EDGE_CURVE('',#7571,#7626,#7628,.T.);
#7626 = VERTEX_POINT('',#7627);
#7627 = CARTESIAN_POINT('',(14.,0.,-197.));
#7628 = SEAM_CURVE('',#7629,(#7633,#7640),.PCURVE_S1.);
#7629 = LINE('',#7630,#7631);
#7630 = CARTESIAN_POINT('',(13.7,0.,-200.));
#7631 = VECTOR('',#7632,1.);
#7632 = DIRECTION('',(9.9503719021E-02,0.,0.99503719021));
#7633 = PCURVE('',#7608,#7634);
#7634 = DEFINITIONAL_REPRESENTATION('',(#7635),#7639);
#7635 = LINE('',#7636,#7637);
#7636 = CARTESIAN_POINT('',(0.,0.));
#7637 = VECTOR('',#7638,1.);
#7638 = DIRECTION('',(0.,1.));
#7639 = ( GEOMETRIC_REPRESENTATION_CONTEXT(2) 
PARAMETRIC_REPRESENTATION_CONTEXT() REPRESENTATION_CONTEXT('2D SPACE',''
  ) );
#7640 = PCURVE('',#7608,#7641);
#7641 = DEFINITIONAL_REPRESENTATION('',(#7642),#7646);
#7642 = LINE('',#7643,#7644);
#7643 = CARTESIAN_POINT('',(6.28318530718,0.));
#7644 = VECTOR('',#7645,1.);
#7645 = DIRECTION('',(0.,1.));
#7646 = ( GEOMETRIC_REPRESENTATION_CONTEXT(2) 
PARAMETRIC_REPRESENTATION_CONTEXT() REPRESENTATION_CONTEXT('2D SPACE',''
  ) );
#7647 = ORIENTED_EDGE('',*,*,#7648,.F.);
#7648 = EDGE_CURVE('',#7626,#7626,#7649,.T.);
#7649 = SURFACE_CURVE('',#7650,(#7655,#7662),.PCURVE_S1.);
#7650 = CIRCLE('',#7651,14.);
#7651 = AXIS2_PLACEMENT_3D('',#7652,#7653,#7654);
#7652 = CARTESIAN_POINT('',(0.,0.,-197.));
#7653 = DIRECTION('',(0.,0.,1.));
#7654 = DIRECTION('',(1.,0.,-0.));
#7655 = PCURVE('',#7608,#7656);
#7656 = DEFINITIONAL_REPRESENTATION('',(#7657),#7661);
#7657 = LINE('',#7658,#7659);
#7658 = CARTESIAN_POINT('',(0.,3.));
#7659 = VECTOR('',#7660,1.);
#7660 = DIRECTION('',(1.,0.));
#7661 = ( GEOMETRIC_REPRESENTATION_CONTEXT(2) 
PARAMETRIC_REPRESENTATION_CONTEXT() REPRESENTATION_CONTEXT('2D SPACE',''
  ) );
#7662 = PCURVE('',#7663,#7668);
#7663 = CONICAL_SURFACE('',#7664,14.,9.966865249116E-02);
#7664 = AXIS2_PLACEMENT_3D('',#7665,#7666,#7667);
#7665 = CARTESIAN_POINT('',(0.,0.,-197.));
#7666 = DIRECTION('',(-0.,-0.,-1.));
#7667 = DIRECTION('',(1.,0.,-0.));
#7668 = DEFINITIONAL_REPRESENTATION('',(#7669),#7673);
#7669 = LINE('',#7670,#7671);
#7670 = CARTESIAN_POINT('',(-0.,-0.));
#7671 = VECTOR('',#7672,1.);
#7672 = DIRECTION('',(-1.,-0.));
#7673 = ( GEOMETRIC_REPRESENTATION_CONTEXT(2) 
PARAMETRIC_REPRESENTATION_CONTEXT() REPRESENTATION_CONTEXT('2D SPACE',''
  ) );
#7674 = ORIENTED_EDGE('',*,*,#7625,.F.);
#7675 = ADVANCED_FACE('',(#7676),#7663,.T.);
#7676 = FACE_BOUND('',#7677,.T.);
#7677 = EDGE_LOOP('',(#7678,#7679,#7702,#7729));
#7678 = ORIENTED_EDGE('',*,*,#7648,.T.);
#7679 = ORIENTED_EDGE('',*,*,#7680,.T.);
#7680 = EDGE_CURVE('',#7626,#7681,#7683,.T.);
#7681 = VERTEX_POINT('',#7682);
#7682 = CARTESIAN_POINT('',(13.7,0.,-194.));
#7683 = SEAM_CURVE('',#7684,(#7688,#7695),.PCURVE_S1.);
#7684 = LINE('',#7685,#7686);
#7685 = CARTESIAN_POINT('',(14.,0.,-197.));
#7686 = VECTOR('',#7687,1.);
#7687 = DIRECTION('',(-9.9503719021E-02,0.,0.99503719021));
#7688 = PCURVE('',#7663,#7689);
#7689 = DEFINITIONAL_REPRESENTATION('',(#7690),#7694);
#7690 = LINE('',#7691,#7692);
#7691 = CARTESIAN_POINT('',(-0.,-0.));
#7692 = VECTOR('',#7693,1.);
#7693 = DIRECTION('',(-0.,-1.));
#7694 = ( GEOMETRIC_REPRESENTATION_CONTEXT(2) 
PARAMETRIC_REPRESENTATION_CONTEXT() REPRESENTATION_CONTEXT('2D SPACE',''
  ) );
#7695 = PCURVE('',#7663,#7696);
#7696 = DEFINITIONAL_REPRESENTATION('',(#7697),#7701);
#7697 = LINE('',#7698,#7699);
#7698 = CARTESIAN_POINT('',(-6.28318530718,-0.));
#7699 = VECTOR('',#7700,1.);
#7700 = DIRECTION('',(-0.,-1.));
#7701 = ( GEOMETRIC_REPRESENTATION_CONTEXT(2) 
PARAMETRIC_REPRESENTATION_CONTEXT() REPRESENTATION_CONTEXT('2D SPACE',''
  ) );
#7702 = ORIENTED_EDGE('',*,*,#7703,.F.);
#7703 = EDGE_CURVE('',#7681,#7681,#7704,.T.);
#7704 = SURFACE_CURVE('',#7705,(#7710,#7717),.PCURVE_S1.);
#7705 = CIRCLE('',#7706,13.7);
#7706 = AXIS2_PLACEMENT_3D('',#7707,#7708,#7709);
#7707 = CARTESIAN_POINT('',(0.,0.,-194.));
#7708 = DIRECTION('',(0.,0.,1.));
#7709 = DIRECTION('',(1.,0.,-0.));
#7710 = PCURVE('',#7663,#7711);
#7711 = DEFINITIONAL_REPRESENTATION('',(#7712),#7716);
#7712 = LINE('',#7713,#7714);
#7713 = CARTESIAN_POINT('',(-0.,-3.));
#7714 = VECTOR('',#7715,1.);
#7715 = DIRECTION('',(-1.,-0.));
#7716 = ( GEOMETRIC_REPRESENTATION_CONTEXT(2) 
PARAMETRIC_REPRESENTATION_CONTEXT() REPRESENTATION_CONTEXT('2D SPACE',''
  ) );
#7717 = PCURVE('',#7718,#7723);
#7718 = CONICAL_SURFACE('',#7719,13.7,9.966865249116E-02);
#7719 = AXIS2_PLACEMENT_3D('',#7720,#7721,#7722);
#7720 = CARTESIAN_POINT('',(0.,0.,-194.));
#7721 = DIRECTION('',(0.,0.,1.));
#7722 = DIRECTION('',(1.,0.,-0.));
#7723 = DEFINITIONAL_REPRESENTATION('',(#7724),#7728);
#7724 = LINE('',#7725,#7726);
#7725 = CARTESIAN_POINT('',(0.,0.));
#7726 = VECTOR('',#7727,1.);
#7727 = DIRECTION('',(1.,0.));
#7728 = ( GEOMETRIC_REPRESENTATION_CONTEXT(2) 
PARAMETRIC_REPRESENTATION_CONTEXT() REPRESENTATION_CONTEXT('2D SPACE',''
  ) );
#7729 = ORIENTED_EDGE('',*,*,#7680,.F.);
#7730 = ADVANCED_FACE('',(#7731),#7718,.T.);
#7731 = FACE_BOUND('',#7732,.T.);
#7732 = EDGE_LOOP('',(#7733,#7734,#7757,#7784));
#7733 = ORIENTED_EDGE('',*,*,#7703,.T.);
#7734 = ORIENTED_EDGE('',*,*,#7735,.T.);
#7735 = EDGE_CURVE('',#7681,#7736,#7738,.T.);
#7736 = VERTEX_POINT('',#7737);
#7737 = CARTESIAN_POINT('',(14.,0.,-191.));
#7738 = SEAM_CURVE('',#7739,(#7743,#7750),.PCURVE_S1.);
#7739 = LINE('',#7740,#7741);
#7740 = CARTESIAN_POINT('',(13.7,0.,-194.));
#7741 = VECTOR('',#7742,1.);
#7742 = DIRECTION('',(9.9503719021E-02,0.,0.99503719021));
#7743 = PCURVE('',#7718,#7744);
#7744 = DEFINITIONAL_REPRESENTATION('',(#7745),#7749);
#7745 = LINE('',#7746,#7747);
#7746 = CARTESIAN_POINT('',(0.,0.));
#7747 = VECTOR('',#7748,1.);
#7748 = DIRECTION('',(0.,1.));
#7749 = ( GEOMETRIC_REPRESENTATION_CONTEXT(2) 
PARAMETRIC_REPRESENTATION_CONTEXT() REPRESENTATION_CONTEXT('2D SPACE',''
  ) );
#7750 = PCURVE('',#7718,#7751);
#7751 = DEFINITIONAL_REPRESENTATION('',(#7752),#7756);
#7752 = LINE('',#7753,#7754);
#7753 = CARTESIAN_POINT('',(6.28318530718,0.));
#7754 = VECTOR('',#7755,1.);
#7755 = DIRECTION('',(0.,1.));
#7756 = ( GEOMETRIC_REPRESENTATION_CONTEXT(2) 
PARAMETRIC_REPRESENTATION_CONTEXT() REPRESENTATION_CONTEXT('2D SPACE',''
  ) );
#7757 = ORIENTED_EDGE('',*,*,#7758,.F.);
#7758 = EDGE_CURVE('',#7736,#7736,#7759,.T.);
#7759 = SURFACE_CURVE('',#7760,(#7765,#7772),.PCURVE_S1.);
#7760 = CIRCLE('',#7761,14.);
#7761 = AXIS2_PLACEMENT_3D('',#7762,#7763,#7764);
#7762 = CARTESIAN_POINT('',(0.,0.,-191.));
#7763 = DIRECTION('',(0.,0.,1.));
#7764 = DIRECTION('',(1.,0.,-0.));
#7765 = PCURVE('',#7718,#7766);
#7766 = DEFINITIONAL_REPRESENTATION('',(#7767),#7771);
#7767 = LINE('',#7768,#7769);
#7768 = CARTESIAN_POINT('',(0.,3.));
#7769 = VECTOR('',#7770,1.);
#7770 = DIRECTION('',(1.,0.));
#7771 = ( GEOMETRIC_REPRESENTATION_CONTEXT(2) 
PARAMETRIC_REPRESENTATION_CONTEXT() REPRESENTATION_CONTEXT('2D SPACE',''
  ) );
#7772 = PCURVE('',#7773,#7778);
#7773 = CONICAL_SURFACE('',#7774,14.,9.966865249116E-02);
#7774 = AXIS2_PLACEMENT_3D('',#7775,#7776,#7777);
#7775 = CARTESIAN_POINT('',(0.,0.,-191.));
#7776 = DIRECTION('',(-0.,-0.,-1.));
#7777 = DIRECTION('',(1.,0.,-0.));
#7778 = DEFINITIONAL_REPRESENTATION('',(#7779),#7783);
#7779 = LINE('',#7780,#7781);
#7780 = CARTESIAN_POINT('',(-0.,-0.));
#7781 = VECTOR('',#7782,1.);
#7782 = DIRECTION('',(-1.,-0.));
#7783 = ( GEOMETRIC_REPRESENTATION_CONTEXT(2) 
PARAMETRIC_REPRESENTATION_CONTEXT() REPRESENTATION_CONTEXT('2D SPACE',''
  ) );
#7784 = ORIENTED_EDGE('',*,*,#7735,.F.);
#7785 = ADVANCED_FACE('',(#7786),#7773,.T.);
#7786 = FACE_BOUND('',#7787,.T.);
#7787 = EDGE_LOOP('',(#7788,#7789,#7812,#7839));
#7788 = ORIENTED_EDGE('',*,*,#7758,.T.);
#7789 = ORIENTED_EDGE('',*,*,#7790,.T.);
#7790 = EDGE_CURVE('',#7736,#7791,#7793,.T.);
#7791 = VERTEX_POINT('',#7792);
#7792 = CARTESIAN_POINT('',(13.7,0.,-188.));
#7793 = SEAM_CURVE('',#7794,(#7798,#7805),.PCURVE_S1.);
#7794 = LINE('',#7795,#7796);
#7795 = CARTESIAN_POINT('',(14.,0.,-191.));
#7796 = VECTOR('',#7797,1.);
#7797 = DIRECTION('',(-9.9503719021E-02,0.,0.99503719021));
#7798 = PCURVE('',#7773,#7799);
#7799 = DEFINITIONAL_REPRESENTATION('',(#7800),#7804);
#7800 = LINE('',#7801,#7802);
#7801 = CARTESIAN_POINT('',(-0.,-0.));
#7802 = VECTOR('',#7803,1.);
#7803 = DIRECTION('',(-0.,-1.));
#7804 = ( GEOMETRIC_REPRESENTATION_CONTEXT(2) 
PARAMETRIC_REPRESENTATION_CONTEXT() REPRESENTATION_CONTEXT('2D SPACE',''
  ) );
#7805 = PCURVE('',#7773,#7806);
#7806 = DEFINITIONAL_REPRESENTATION('',(#7807),#7811);
#7807 = LINE('',#7808,#7809);
#7808 = CARTESIAN_POINT('',(-6.28318530718,-0.));
#7809 = VECTOR('',#7810,1.);
#7810 = DIRECTION('',(-0.,-1.));
#7811 = ( GEOMETRIC_REPRESENTATION_CONTEXT(2) 
PARAMETRIC_REPRESENTATION_CONTEXT() REPRESENTATION_CONTEXT('2D SPACE',''
  ) );
#7812 = ORIENTED_EDGE('',*,*,#7813,.F.);
#7813 = EDGE_CURVE('',#7791,#7791,#7814,.T.);
#7814 = SURFACE_CURVE('',#7815,(#7820,#7827),.PCURVE_S1.);
#7815 = CIRCLE('',#7816,13.7);
#7816 = AXIS2_PLACEMENT_3D('',#7817,#7818,#7819);
#7817 = CARTESIAN_POINT('',(0.,0.,-188.));
#7818 = DIRECTION('',(0.,0.,1.));
#7819 = DIRECTION('',(1.,0.,-0.));
#7820 = PCURVE('',#7773,#7821);
#7821 = DEFINITIONAL_REPRESENTATION('',(#7822),#7826);
#7822 = LINE('',#7823,#7824);
#7823 = CARTESIAN_POINT('',(-0.,-3.));
#7824 = VECTOR('',#7825,1.);
#7825 = DIRECTION('',(-1.,-0.));
#7826 = ( GEOMETRIC_REPRESENTATION_CONTEXT(2) 
PARAMETRIC_REPRESENTATION_CONTEXT() REPRESENTATION_CONTEXT('2D SPACE',''
  ) );
#7827 = PCURVE('',#7828,#7833);
#7828 = CONICAL_SURFACE('',#7829,13.7,9.966865249116E-02);
#7829 = AXIS2_PLACEMENT_3D('',#7830,#7831,#7832);
#7830 = CARTESIAN_POINT('',(0.,0.,-188.));
#7831 = DIRECTION('',(0.,0.,1.));
#7832 = DIRECTION('',(1.,0.,-0.));
#7833 = DEFINITIONAL_REPRESENTATION('',(#7834),#7838);
#7834 = LINE('',#7835,#7836);
#7835 = CARTESIAN_POINT('',(0.,0.));
#7836 = VECTOR('',#7837,1.);
#7837 = DIRECTION('',(1.,0.));
#7838 = ( GEOMETRIC_REPRESENTATION_CONTEXT(2) 
PARAMETRIC_REPRESENTATION_CONTEXT() REPRESENTATION_CONTEXT('2D SPACE',''
  ) );
#7839 = ORIENTED_EDGE('',*,*,#7790,.F.);
#7840 = ADVANCED_FACE('',(#7841),#7828,.T.);
#7841 = FACE_BOUND('',#7842,.T.);
#7842 = EDGE_LOOP('',(#7843,#7844,#7867,#7894));
#7843 = ORIENTED_EDGE('',*,*,#7813,.T.);
#7844 = ORIENTED_EDGE('',*,*,#7845,.T.);
#7845 = EDGE_CURVE('',#7791,#7846,#7848,.T.);
#7846 = VERTEX_POINT('',#7847);
#7847 = CARTESIAN_POINT('',(14.,0.,-185.));
#7848 = SEAM_CURVE('',#7849,(#7853,#7860),.PCURVE_S1.);
#7849 = LINE('',#7850,#7851);
#7850 = CARTESIAN_POINT('',(13.7,0.,-188.));
#7851 = VECTOR('',#7852,1.);
#7852 = DIRECTION('',(9.9503719021E-02,0.,0.99503719021));
#7853 = PCURVE('',#7828,#7854);
#7854 = DEFINITIONAL_REPRESENTATION('',(#7855),#7859);
#7855 = LINE('',#7856,#7857);
#7856 = CARTESIAN_POINT('',(0.,0.));
#7857 = VECTOR('',#7858,1.);
#7858 = DIRECTION('',(0.,1.));
#7859 = ( GEOMETRIC_REPRESENTATION_CONTEXT(2) 
PARAMETRIC_REPRESENTATION_CONTEXT() REPRESENTATION_CONTEXT('2D SPACE',''
  ) );
#7860 = PCURVE('',#7828,#7861);
#7861 = DEFINITIONAL_REPRESENTATION('',(#7862),#7866);
#7862 = LINE('',#7863,#7864);
#7863 = CARTESIAN_POINT('',(6.28318530718,0.));
#7864 = VECTOR('',#7865,1.);
#7865 = DIRECTION('',(0.,1.));
#7866 = ( GEOMETRIC_REPRESENTATION_CONTEXT(2) 
PARAMETRIC_REPRESENTATION_CONTEXT() REPRESENTATION_CONTEXT('2D SPACE',''
  ) );
#7867 = ORIENTED_EDGE('',*,*,#7868,.F.);
#7868 = EDGE_CURVE('',#7846,#7846,#7869,.T.);
#7869 = SURFACE_CURVE('',#7870,(#7875,#7882),.PCURVE_S1.);
#7870 = CIRCLE('',#7871,14.);
#7871 = AXIS2_PLACEMENT_3D('',#7872,#7873,#7874);
#7872 = CARTESIAN_POINT('',(0.,0.,-185.));
#7873 = DIRECTION('',(0.,0.,1.));
#7874 = DIRECTION('',(1.,0.,-0.));
#7875 = PCURVE('',#7828,#7876);
#7876 = DEFINITIONAL_REPRESENTATION('',(#7877),#7881);
#7877 = LINE('',#7878,#7879);
#7878 = CARTESIAN_POINT('',(0.,3.));
#7879 = VECTOR('',#7880,1.);
#7880 = DIRECTION('',(1.,0.));
#7881 = ( GEOMETRIC_REPRESENTATION_CONTEXT(2) 
PARAMETRIC_REPRESENTATION_CONTEXT() REPRESENTATION_CONTEXT('2D SPACE',''
  ) );
#7882 = PCURVE('',#7883,#7888);
#7883 = CONICAL_SURFACE('',#7884,14.,9.966865249116E-02);
#7884 = AXIS2_PLACEMENT_3D('',#7885,#7886,#7887);
#7885 = CARTESIAN_POINT('',(0.,0.,-185.));
#7886 = DIRECTION('',(-0.,-0.,-1.));
#7887 = DIRECTION('',(1.,0.,-0.));
#7888 = DEFINITIONAL_REPRESENTATION('',(#7889),#7893);
#7889 = LINE('',#7890,#7891);
#7890 = CARTESIAN_POINT('',(-0.,-0.));
#7891 = VECTOR('',#7892,1.);
#7892 = DIRECTION('',(-1.,-0.));
#7893 = ( GEOMETRIC_REPRESENTATION_CONTEXT(2) 
PARAMETRIC_REPRESENTATION_CONTEXT() REPRESENTATION_CONTEXT('2D SPACE',''
  ) );
#7894 = ORIENTED_EDGE('',*,*,#7845,.F.);
#7895 = ADVANCED_FACE('',(#7896),#7883,.T.);
#7896 = FACE_BOUND('',#7897,.T.);
#7897 = EDGE_LOOP('',(#7898,#7899,#7922,#7949));
#7898 = ORIENTED_EDGE('',*,*,#7868,.T.);
#7899 = ORIENTED_EDGE('',*,*,#7900,.T.);
#7900 = EDGE_CURVE('',#7846,#7901,#7903,.T.);
#7901 = VERTEX_POINT('',#7902);
#7902 = CARTESIAN_POINT('',(13.7,0.,-182.));
#7903 = SEAM_CURVE('',#7904,(#7908,#7915),.PCURVE_S1.);
#7904 = LINE('',#7905,#7906);
#7905 = CARTESIAN_POINT('',(14.,0.,-185.));
#7906 = VECTOR('',#7907,1.);
#7907 = DIRECTION('',(-9.9503719021E-02,0.,0.99503719021));
#7908 = PCURVE('',#7883,#7909);
#7909 = DEFINITIONAL_REPRESENTATION('',(#7910),#7914);
#7910 = LINE('',#7911,#7912);
#7911 = CARTESIAN_POINT('',(-0.,-0.));
#7912 = VECTOR('',#7913,1.);
#7913 = DIRECTION('',(-0.,-1.));
#7914 = ( GEOMETRIC_REPRESENTATION_CONTEXT(2) 
PARAMETRIC_REPRESENTATION_CONTEXT() REPRESENTATION_CONTEXT('2D SPACE',''
  ) );
#7915 = PCURVE('',#7883,#7916);
#7916 = DEFINITIONAL_REPRESENTATION('',(#7917),#7921);
#7917 = LINE('',#7918,#7919);
#7918 = CARTESIAN_POINT('',(-6.28318530718,-0.));
#7919 = VECTOR('',#7920,1.);
#7920 = DIRECTION('',(-0.,-1.));
#7921 = ( GEOMETRIC_REPRESENTATION_CONTEXT(2) 
PARAMETRIC_REPRESENTATION_CONTEXT() REPRESENTATION_CONTEXT('2D SPACE',''
  ) );
#7922 = ORIENTED_EDGE('',*,*,#7923,.F.);
#7923 = EDGE_CURVE('',#7901,#7901,#7924,.T.);
#7924 = SURFACE_CURVE('',#7925,(#7930,#7937),.PCURVE_S1.);
#7925 = CIRCLE('',#7926,13.7);
#7926 = AXIS2_PLACEMENT_3D('',#7927,#7928,#7929);
#7927 = CARTESIAN_POINT('',(0.,0.,-182.));
#7928 = DIRECTION('',(0.,0.,1.));
#7929 = DIRECTION('',(1.,0.,-0.));
#7930 = PCURVE('',#7883,#7931);
#7931 = DEFINITIONAL_REPRESENTATION('',(#7932),#7936);
#7932 = LINE('',#7933,#7934);
#7933 = CARTESIAN_POINT('',(-0.,-3.));
#7934 = VECTOR('',#7935,1.);
#7935 = DIRECTION('',(-1.,-0.));
#7936 = ( GEOMETRIC_REPRESENTATION_CONTEXT(2) 
PARAMETRIC_REPRESENTATION_CONTEXT() REPRESENTATION_CONTEXT('2D SPACE',''
  ) );
#7937 = PCURVE('',#7938,#7943);
#7938 = CONICAL_SURFACE('',#7939,13.7,9.966865249116E-02);
#7939 = AXIS2_PLACEMENT_3D('',#7940,#7941,#7942);
#7940 = CARTESIAN_POINT('',(0.,0.,-182.));
#7941 = DIRECTION('',(0.,0.,1.));
#7942 = DIRECTION('',(1.,0.,-0.));
#7943 = DEFINITIONAL_REPRESENTATION('',(#7944),#7948);
#7944 = LINE('',#7945,#7946);
#7945 = CARTESIAN_POINT('',(0.,0.));
#7946 = VECTOR('',#7947,1.);
#7947 = DIRECTION('',(1.,0.));
#7948 = ( GEOMETRIC_REPRESENTATION_CONTEXT(2) 
PARAMETRIC_REPRESENTATION_CONTEXT() REPRESENTATION_CONTEXT('2D SPACE',''
  ) );
#7949 = ORIENTED_EDGE('',*,*,#7900,.F.);
#7950 = ADVANCED_FACE('',(#7951),#7938,.T.);
#7951 = FACE_BOUND('',#7952,.T.);
#7952 = EDGE_LOOP('',(#7953,#7954,#7977,#8004));
#7953 = ORIENTED_EDGE('',*,*,#7923,.T.);
#7954 = ORIENTED_EDGE('',*,*,#7955,.T.);
#7955 = EDGE_CURVE('',#7901,#7956,#7958,.T.);
#7956 = VERTEX_POINT('',#7957);
#7957 = CARTESIAN_POINT('',(14.,0.,-179.));
#7958 = SEAM_CURVE('',#7959,(#7963,#7970),.PCURVE_S1.);
#7959 = LINE('',#7960,#7961);
#7960 = CARTESIAN_POINT('',(13.7,0.,-182.));
#7961 = VECTOR('',#7962,1.);
#7962 = DIRECTION('',(9.9503719021E-02,0.,0.99503719021));
#7963 = PCURVE('',#7938,#7964);
#7964 = DEFINITIONAL_REPRESENTATION('',(#7965),#7969);
#7965 = LINE('',#7966,#7967);
#7966 = CARTESIAN_POINT('',(0.,0.));
#7967 = VECTOR('',#7968,1.);
#7968 = DIRECTION('',(0.,1.));
#7969 = ( GEOMETRIC_REPRESENTATION_CONTEXT(2) 
PARAMETRIC_REPRESENTATION_CONTEXT() REPRESENTATION_CONTEXT('2D SPACE',''
  ) );
#7970 = PCURVE('',#7938,#7971);
#7971 = DEFINITIONAL_REPRESENTATION('',(#7972),#7976);
#7972 = LINE('',#7973,#7974);
#7973 = CARTESIAN_POINT('',(6.28318530718,0.));
#7974 = VECTOR('',#7975,1.);
#7975 = DIRECTION('',(0.,1.));
#7976 = ( GEOMETRIC_REPRESENTATION_CONTEXT(2) 
PARAMETRIC_REPRESENTATION_CONTEXT() REPRESENTATION_CONTEXT('2D SPACE',''
  ) );
#7977 = ORIENTED_EDGE('',*,*,#7978,.F.);
#7978 = EDGE_CURVE('',#7956,#7956,#7979,.T.);
#7979 = SURFACE_CURVE('',#7980,(#7985,#7992),.PCURVE_S1.);
#7980 = CIRCLE('',#7981,14.);
#7981 = AXIS2_PLACEMENT_3D('',#7982,#7983,#7984);
#7982 = CARTESIAN_POINT('',(0.,0.,-179.));
#7983 = DIRECTION('',(0.,0.,1.));
#7984 = DIRECTION('',(1.,0.,-0.));
#7985 = PCURVE('',#7938,#7986);
#7986 = DEFINITIONAL_REPRESENTATION('',(#7987),#7991);
#7987 = LINE('',#7988,#7989);
#7988 = CARTESIAN_POINT('',(0.,3.));
#7989 = VECTOR('',#7990,1.);
#7990 = DIRECTION('',(1.,0.));
#7991 = ( GEOMETRIC_REPRESENTATION_CONTEXT(2) 
PARAMETRIC_REPRESENTATION_CONTEXT() REPRESENTATION_CONTEXT('2D SPACE',''
  ) );
#7992 = PCURVE('',#7993,#7998);
#7993 = CONICAL_SURFACE('',#7994,14.,9.966865249116E-02);
#7994 = AXIS2_PLACEMENT_3D('',#7995,#7996,#7997);
#7995 = CARTESIAN_POINT('',(0.,0.,-179.));
#7996 = DIRECTION('',(-0.,-0.,-1.));
#7997 = DIRECTION('',(1.,0.,-0.));
#7998 = DEFINITIONAL_REPRESENTATION('',(#7999),#8003);
#7999 = LINE('',#8000,#8001);
#8000 = CARTESIAN_POINT('',(-0.,-0.));
#8001 = VECTOR('',#8002,1.);
#8002 = DIRECTION('',(-1.,-0.));
#8003 = ( GEOMETRIC_REPRESENTATION_CONTEXT(2) 
PARAMETRIC_REPRESENTATION_CONTEXT() REPRESENTATION_CONTEXT('2D SPACE',''
  ) );
#8004 = ORIENTED_EDGE('',*,*,#7955,.F.);
#8005 = ADVANCED_FACE('',(#8006),#7993,.T.);
#8006 = FACE_BOUND('',#8007,.T.);
#8007 = EDGE_LOOP('',(#8008,#8009,#8032,#8059));
#8008 = ORIENTED_EDGE('',*,*,#7978,.T.);
#8009 = ORIENTED_EDGE('',*,*,#8010,.T.);
#8010 = EDGE_CURVE('',#7956,#8011,#8013,.T.);
#8011 = VERTEX_POINT('',#8012);
#8012 = CARTESIAN_POINT('',(13.7,0.,-176.));
#8013 = SEAM_CURVE('',#8014,(#8018,#8025),.PCURVE_S1.);
#8014 = LINE('',#8015,#8016);
#8015 = CARTESIAN_POINT('',(14.,0.,-179.));
#8016 = VECTOR('',#8017,1.);
#8017 = DIRECTION('',(-9.9503719021E-02,0.,0.99503719021));
#8018 = PCURVE('',#7993,#8019);
#8019 = DEFINITIONAL_REPRESENTATION('',(#8020),#8024);
#8020 = LINE('',#8021,#8022);
#8021 = CARTESIAN_POINT('',(-0.,-0.));
#8022 = VECTOR('',#8023,1.);
#8023 = DIRECTION('',(-0.,-1.));
#8024 = ( GEOMETRIC_REPRESENTATION_CONTEXT(2) 
PARAMETRIC_REPRESENTATION_CONTEXT() REPRESENTATION_CONTEXT('2D SPACE',''
  ) );
#8025 = PCURVE('',#7993,#8026);
#8026 = DEFINITIONAL_REPRESENTATION('',(#8027),#8031);
#8027 = LINE('',#8028,#8029);
#8028 = CARTESIAN_POINT('',(-6.28318530718,-0.));
#8029 = VECTOR('',#8030,1.);
#8030 = DIRECTION('',(-0.,-1.));
#8031 = ( GEOMETRIC_REPRESENTATION_CONTEXT(2) 
PARAMETRIC_REPRESENTATION_CONTEXT() REPRESENTATION_CONTEXT('2D SPACE',''
  ) );
#8032 = ORIENTED_EDGE('',*,*,#8033,.F.);
#8033 = EDGE_CURVE('',#8011,#8011,#8034,.T.);
#8034 = SURFACE_CURVE('',#8035,(#8040,#8047),.PCURVE_S1.);
#8035 = CIRCLE('',#8036,13.7);
#8036 = AXIS2_PLACEMENT_3D('',#8037,#8038,#8039);
#8037 = CARTESIAN_POINT('',(0.,0.,-176.));
#8038 = DIRECTION('',(0.,0.,1.));
#8039 = DIRECTION('',(1.,0.,-0.));
#8040 = PCURVE('',#7993,#8041);
#8041 = DEFINITIONAL_REPRESENTATION('',(#8042),#8046);
#8042 = LINE('',#8043,#8044);
#8043 = CARTESIAN_POINT('',(-0.,-3.));
#8044 = VECTOR('',#8045,1.);
#8045 = DIRECTION('',(-1.,-0.));
#8046 = ( GEOMETRIC_REPRESENTATION_CONTEXT(2) 
PARAMETRIC_REPRESENTATION_CONTEXT() REPRESENTATION_CONTEXT('2D SPACE',''
  ) );
#8047 = PCURVE('',#8048,#8053);
#8048 = CONICAL_SURFACE('',#8049,13.7,9.966865249116E-02);
#8049 = AXIS2_PLACEMENT_3D('',#8050,#8051,#8052);
#8050 = CARTESIAN_POINT('',(0.,0.,-176.));
#8051 = DIRECTION('',(0.,0.,1.));
#8052 = DIRECTION('',(1.,0.,-0.));
#8053 = DEFINITIONAL_REPRESENTATION('',(#8054),#8058);
#8054 = LINE('',#8055,#8056);
#8055 = CARTESIAN_POINT('',(0.,0.));
#8056 = VECTOR('',#8057,1.);
#8057 = DIRECTION('',(1.,0.));
#8058 = ( GEOMETRIC_REPRESENTATION_CONTEXT(2) 
PARAMETRIC_REPRESENTATION_CONTEXT() REPRESENTATION_CONTEXT('2D SPACE',''
  ) );
#8059 = ORIENTED_EDGE('',*,*,#8010,.F.);
#8060 = ADVANCED_FACE('',(#8061),#8048,.T.);
#8061 = FACE_BOUND('',#8062,.T.);
#8062 = EDGE_LOOP('',(#8063,#8064,#8087,#8114));
#8063 = ORIENTED_EDGE('',*,*,#8033,.T.);
#8064 = ORIENTED_EDGE('',*,*,#8065,.T.);
#8065 = EDGE_CURVE('',#8011,#8066,#8068,.T.);
#8066 = VERTEX_POINT('',#8067);
#8067 = CARTESIAN_POINT('',(14.,0.,-173.));
#8068 = SEAM_CURVE('',#8069,(#8073,#8080),.PCURVE_S1.);
#8069 = LINE('',#8070,#8071);
#8070 = CARTESIAN_POINT('',(13.7,0.,-176.));
#8071 = VECTOR('',#8072,1.);
#8072 = DIRECTION('',(9.9503719021E-02,0.,0.99503719021));
#8073 = PCURVE('',#8048,#8074);
#8074 = DEFINITIONAL_REPRESENTATION('',(#8075),#8079);
#8075 = LINE('',#8076,#8077);
#8076 = CARTESIAN_POINT('',(0.,0.));
#8077 = VECTOR('',#8078,1.);
#8078 = DIRECTION('',(0.,1.));
#8079 = ( GEOMETRIC_REPRESENTATION_CONTEXT(2) 
PARAMETRIC_REPRESENTATION_CONTEXT() REPRESENTATION_CONTEXT('2D SPACE',''
  ) );
#8080 = PCURVE('',#8048,#8081);
#8081 = DEFINITIONAL_REPRESENTATION('',(#8082),#8086);
#8082 = LINE('',#8083,#8084);
#8083 = CARTESIAN_POINT('',(6.28318530718,0.));
#8084 = VECTOR('',#8085,1.);
#8085 = DIRECTION('',(0.,1.));
#8086 = ( GEOMETRIC_REPRESENTATION_CONTEXT(2) 
PARAMETRIC_REPRESENTATION_CONTEXT() REPRESENTATION_CONTEXT('2D SPACE',''
  ) );
#8087 = ORIENTED_EDGE('',*,*,#8088,.F.);
#8088 = EDGE_CURVE('',#8066,#8066,#8089,.T.);
#8089 = SURFACE_CURVE('',#8090,(#8095,#8102),.PCURVE_S1.);
#8090 = CIRCLE('',#8091,14.);
#8091 = AXIS2_PLACEMENT_3D('',#8092,#8093,#8094);
#8092 = CARTESIAN_POINT('',(0.,0.,-173.));
#8093 = DIRECTION('',(0.,0.,1.));
#8094 = DIRECTION('',(1.,0.,-0.));
#8095 = PCURVE('',#8048,#8096);
#8096 = DEFINITIONAL_REPRESENTATION('',(#8097),#8101);
#8097 = LINE('',#8098,#8099);
#8098 = CARTESIAN_POINT('',(0.,3.));
#8099 = VECTOR('',#8100,1.);
#8100 = DIRECTION('',(1.,0.));
#8101 = ( GEOMETRIC_REPRESENTATION_CONTEXT(2) 
PARAMETRIC_REPRESENTATION_CONTEXT() REPRESENTATION_CONTEXT('2D SPACE',''
  ) );
#8102 = PCURVE('',#8103,#8108);
#8103 = CONICAL_SURFACE('',#8104,14.,9.966865249116E-02);
#8104 = AXIS2_PLACEMENT_3D('',#8105,#8106,#8107);
#8105 = CARTESIAN_POINT('',(0.,0.,-173.));
#8106 = DIRECTION('',(-0.,-0.,-1.));
#8107 = DIRECTION('',(1.,0.,-0.));
#8108 = DEFINITIONAL_REPRESENTATION('',(#8109),#8113);
#8109 = LINE('',#8110,#8111);
#8110 = CARTESIAN_POINT('',(-0.,-0.));
#8111 = VECTOR('',#8112,1.);
#8112 = DIRECTION('',(-1.,-0.));
#8113 = ( GEOMETRIC_REPRESENTATION_CONTEXT(2) 
PARAMETRIC_REPRESENTATION_CONTEXT() REPRESENTATION_CONTEXT('2D SPACE',''
  ) );
#8114 = ORIENTED_EDGE('',*,*,#8065,.F.);
#8115 = ADVANCED_FACE('',(#8116),#8103,.T.);
#8116 = FACE_BOUND('',#8117,.T.);
#8117 = EDGE_LOOP('',(#8118,#8119,#8142,#8169));
#8118 = ORIENTED_EDGE('',*,*,#8088,.T.);
#8119 = ORIENTED_EDGE('',*,*,#8120,.T.);
#8120 = EDGE_CURVE('',#8066,#8121,#8123,.T.);
#8121 = VERTEX_POINT('',#8122);
#8122 = CARTESIAN_POINT('',(13.7,0.,-170.));
#8123 = SEAM_CURVE('',#8124,(#8128,#8135),.PCURVE_S1.);
#8124 = LINE('',#8125,#8126);
#8125 = CARTESIAN_POINT('',(14.,0.,-173.));
#8126 = VECTOR('',#8127,1.);
#8127 = DIRECTION('',(-9.9503719021E-02,0.,0.99503719021));
#8128 = PCURVE('',#8103,#8129);
#8129 = DEFINITIONAL_REPRESENTATION('',(#8130),#8134);
#8130 = LINE('',#8131,#8132);
#8131 = CARTESIAN_POINT('',(-0.,-0.));
#8132 = VECTOR('',#8133,1.);
#8133 = DIRECTION('',(-0.,-1.));
#8134 = ( GEOMETRIC_REPRESENTATION_CONTEXT(2) 
PARAMETRIC_REPRESENTATION_CONTEXT() REPRESENTATION_CONTEXT('2D SPACE',''
  ) );
#8135 = PCURVE('',#8103,#8136);
#8136 = DEFINITIONAL_REPRESENTATION('',(#8137),#8141);
#8137 = LINE('',#8138,#8139);
#8138 = CARTESIAN_POINT('',(-6.28318530718,-0.));
#8139 = VECTOR('',#8140,1.);
#8140 = DIRECTION('',(-0.,-1.));
#8141 = ( GEOMETRIC_REPRESENTATION_CONTEXT(2) 
PARAMETRIC_REPRESENTATION_CONTEXT() REPRESENTATION_CONTEXT('2D SPACE',''
  ) );
#8142 = ORIENTED_EDGE('',*,*,#8143,.F.);
#8143 = EDGE_CURVE('',#8121,#8121,#8144,.T.);
#8144 = SURFACE_CURVE('',#8145,(#8150,#8157),.PCURVE_S1.);
#8145 = CIRCLE('',#8146,13.7);
#8146 = AXIS2_PLACEMENT_3D('',#8147,#8148,#8149);
#8147 = CARTESIAN_POINT('',(0.,0.,-170.));
#8148 = DIRECTION('',(0.,0.,1.));
#8149 = DIRECTION('',(1.,0.,-0.));
#8150 = PCURVE('',#8103,#8151);
#8151 = DEFINITIONAL_REPRESENTATION('',(#8152),#8156);
#8152 = LINE('',#8153,#8154);
#8153 = CARTESIAN_POINT('',(-0.,-3.));
#8154 = VECTOR('',#8155,1.);
#8155 = DIRECTION('',(-1.,-0.));
#8156 = ( GEOMETRIC_REPRESENTATION_CONTEXT(2) 
PARAMETRIC_REPRESENTATION_CONTEXT() REPRESENTATION_CONTEXT('2D SPACE',''
  ) );
#8157 = PCURVE('',#8158,#8163);
#8158 = CONICAL_SURFACE('',#8159,13.7,9.966865249116E-02);
#8159 = AXIS2_PLACEMENT_3D('',#8160,#8161,#8162);
#8160 = CARTESIAN_POINT('',(0.,0.,-170.));
#8161 = DIRECTION('',(0.,0.,1.));
#8162 = DIRECTION('',(1.,0.,-0.));
#8163 = DEFINITIONAL_REPRESENTATION('',(#8164),#8168);
#8164 = LINE('',#8165,#8166);
#8165 = CARTESIAN_POINT('',(0.,0.));
#8166 = VECTOR('',#8167,1.);
#8167 = DIRECTION('',(1.,0.));
#8168 = ( GEOMETRIC_REPRESENTATION_CONTEXT(2) 
PARAMETRIC_REPRESENTATION_CONTEXT() REPRESENTATION_CONTEXT('2D SPACE',''
  ) );
#8169 = ORIENTED_EDGE('',*,*,#8120,.F.);
#8170 = ADVANCED_FACE('',(#8171),#8158,.T.);
#8171 = FACE_BOUND('',#8172,.T.);
#8172 = EDGE_LOOP('',(#8173,#8174,#8197,#8224));
#8173 = ORIENTED_EDGE('',*,*,#8143,.T.);
#8174 = ORIENTED_EDGE('',*,*,#8175,.T.);
#8175 = EDGE_CURVE('',#8121,#8176,#8178,.T.);
#8176 = VERTEX_POINT('',#8177);
#8177 = CARTESIAN_POINT('',(14.,0.,-167.));
#8178 = SEAM_CURVE('',#8179,(#8183,#8190),.PCURVE_S1.);
#8179 = LINE('',#8180,#8181);
#8180 = CARTESIAN_POINT('',(13.7,0.,-170.));
#8181 = VECTOR('',#8182,1.);
#8182 = DIRECTION('',(9.9503719021E-02,0.,0.99503719021));
#8183 = PCURVE('',#8158,#8184);
#8184 = DEFINITIONAL_REPRESENTATION('',(#8185),#8189);
#8185 = LINE('',#8186,#8187);
#8186 = CARTESIAN_POINT('',(0.,0.));
#8187 = VECTOR('',#8188,1.);
#8188 = DIRECTION('',(0.,1.));
#8189 = ( GEOMETRIC_REPRESENTATION_CONTEXT(2) 
PARAMETRIC_REPRESENTATION_CONTEXT() REPRESENTATION_CONTEXT('2D SPACE',''
  ) );
#8190 = PCURVE('',#8158,#8191);
#8191 = DEFINITIONAL_REPRESENTATION('',(#8192),#8196);
#8192 = LINE('',#8193,#8194);
#8193 = CARTESIAN_POINT('',(6.28318530718,0.));
#8194 = VECTOR('',#8195,1.);
#8195 = DIRECTION('',(0.,1.));
#8196 = ( GEOMETRIC_REPRESENTATION_CONTEXT(2) 
PARAMETRIC_REPRESENTATION_CONTEXT() REPRESENTATION_CONTEXT('2D SPACE',''
  ) );
#8197 = ORIENTED_EDGE('',*,*,#8198,.F.);
#8198 = EDGE_CURVE('',#8176,#8176,#8199,.T.);
#8199 = SURFACE_CURVE('',#8200,(#8205,#8212),.PCURVE_S1.);
#8200 = CIRCLE('',#8201,14.);
#8201 = AXIS2_PLACEMENT_3D('',#8202,#8203,#8204);
#8202 = CARTESIAN_POINT('',(0.,0.,-167.));
#8203 = DIRECTION('',(0.,0.,1.));
#8204 = DIRECTION('',(1.,0.,-0.));
#8205 = PCURVE('',#8158,#8206);
#8206 = DEFINITIONAL_REPRESENTATION('',(#8207),#8211);
#8207 = LINE('',#8208,#8209);
#8208 = CARTESIAN_POINT('',(0.,3.));
#8209 = VECTOR('',#8210,1.);
#8210 = DIRECTION('',(1.,0.));
#8211 = ( GEOMETRIC_REPRESENTATION_CONTEXT(2) 
PARAMETRIC_REPRESENTATION_CONTEXT() REPRESENTATION_CONTEXT('2D SPACE',''
  ) );
#8212 = PCURVE('',#8213,#8218);
#8213 = CONICAL_SURFACE('',#8214,14.,9.966865249116E-02);
#8214 = AXIS2_PLACEMENT_3D('',#8215,#8216,#8217);
#8215 = CARTESIAN_POINT('',(0.,0.,-167.));
#8216 = DIRECTION('',(-0.,-0.,-1.));
#8217 = DIRECTION('',(1.,0.,-0.));
#8218 = DEFINITIONAL_REPRESENTATION('',(#8219),#8223);
#8219 = LINE('',#8220,#8221);
#8220 = CARTESIAN_POINT('',(-0.,-0.));
#8221 = VECTOR('',#8222,1.);
#8222 = DIRECTION('',(-1.,-0.));
#8223 = ( GEOMETRIC_REPRESENTATION_CONTEXT(2) 
PARAMETRIC_REPRESENTATION_CONTEXT() REPRESENTATION_CONTEXT('2D SPACE',''
  ) );
#8224 = ORIENTED_EDGE('',*,*,#8175,.F.);
#8225 = ADVANCED_FACE('',(#8226),#8213,.T.);
#8226 = FACE_BOUND('',#8227,.T.);
#8227 = EDGE_LOOP('',(#8228,#8229,#8252,#8279));
#8228 = ORIENTED_EDGE('',*,*,#8198,.T.);
#8229 = ORIENTED_EDGE('',*,*,#8230,.T.);
#8230 = EDGE_CURVE('',#8176,#8231,#8233,.T.);
#8231 = VERTEX_POINT('',#8232);
#8232 = CARTESIAN_POINT('',(13.7,0.,-164.));
#8233 = SEAM_CURVE('',#8234,(#8238,#8245),.PCURVE_S1.);
#8234 = LINE('',#8235,#8236);
#8235 = CARTESIAN_POINT('',(14.,0.,-167.));
#8236 = VECTOR('',#8237,1.);
#8237 = DIRECTION('',(-9.9503719021E-02,0.,0.99503719021));
#8238 = PCURVE('',#8213,#8239);
#8239 = DEFINITIONAL_REPRESENTATION('',(#8240),#8244);
#8240 = LINE('',#8241,#8242);
#8241 = CARTESIAN_POINT('',(-0.,-0.));
#8242 = VECTOR('',#8243,1.);
#8243 = DIRECTION('',(-0.,-1.));
#8244 = ( GEOMETRIC_REPRESENTATION_CONTEXT(2) 
PARAMETRIC_REPRESENTATION_CONTEXT() REPRESENTATION_CONTEXT('2D SPACE',''
  ) );
#8245 = PCURVE('',#8213,#8246);
#8246 = DEFINITIONAL_REPRESENTATION('',(#8247),#8251);
#8247 = LINE('',#8248,#8249);
#8248 = CARTESIAN_POINT('',(-6.28318530718,-0.));
#8249 = VECTOR('',#8250,1.);
#8250 = DIRECTION('',(-0.,-1.));
#8251 = ( GEOMETRIC_REPRESENTATION_CONTEXT(2) 
PARAMETRIC_REPRESENTATION_CONTEXT() REPRESENTATION_CONTEXT('2D SPACE',''
  ) );
#8252 = ORIENTED_EDGE('',*,*,#8253,.F.);
#8253 = EDGE_CURVE('',#8231,#8231,#8254,.T.);
#8254 = SURFACE_CURVE('',#8255,(#8260,#8267),.PCURVE_S1.);
#8255 = CIRCLE('',#8256,13.7);
#8256 = AXIS2_PLACEMENT_3D('',#8257,#8258,#8259);
#8257 = CARTESIAN_POINT('',(0.,0.,-164.));
#8258 = DIRECTION('',(0.,0.,1.));
#8259 = DIRECTION('',(1.,0.,-0.));
#8260 = PCURVE('',#8213,#8261);
#8261 = DEFINITIONAL_REPRESENTATION('',(#8262),#8266);
#8262 = LINE('',#8263,#8264);
#8263 = CARTESIAN_POINT('',(-0.,-3.));
#8264 = VECTOR('',#8265,1.);
#8265 = DIRECTION('',(-1.,-0.));
#8266 = ( GEOMETRIC_REPRESENTATION_CONTEXT(2) 
PARAMETRIC_REPRESENTATION_CONTEXT() REPRESENTATION_CONTEXT('2D SPACE',''
  ) );
#8267 = PCURVE('',#8268,#8273);
#8268 = CONICAL_SURFACE('',#8269,13.7,9.966865249116E-02);
#8269 = AXIS2_PLACEMENT_3D('',#8270,#8271,#8272);
#8270 = CARTESIAN_POINT('',(0.,0.,-164.));
#8271 = DIRECTION('',(0.,0.,1.));
#8272 = DIRECTION('',(1.,0.,-0.));
#8273 = DEFINITIONAL_REPRESENTATION('',(#8274),#8278);
#8274 = LINE('',#8275,#8276);
#8275 = CARTESIAN_POINT('',(0.,0.));
#8276 = VECTOR('',#8277,1.);
#8277 = DIRECTION('',(1.,0.));
#8278 = ( GEOMETRIC_REPRESENTATION_CONTEXT(2) 
PARAMETRIC_REPRESENTATION_CONTEXT() REPRESENTATION_CONTEXT('2D SPACE',''
  ) );
#8279 = ORIENTED_EDGE('',*,*,#8230,.F.);
#8280 = ADVANCED_FACE('',(#8281),#8268,.T.);
#8281 = FACE_BOUND('',#8282,.T.);
#8282 = EDGE_LOOP('',(#8283,#8284,#8307,#8334));
#8283 = ORIENTED_EDGE('',*,*,#8253,.T.);
#8284 = ORIENTED_EDGE('',*,*,#8285,.T.);
#8285 = EDGE_CURVE('',#8231,#8286,#8288,.T.);
#8286 = VERTEX_POINT('',#8287);
#8287 = CARTESIAN_POINT('',(14.,0.,-161.));
#8288 = SEAM_CURVE('',#8289,(#8293,#8300),.PCURVE_S1.);
#8289 = LINE('',#8290,#8291);
#8290 = CARTESIAN_POINT('',(13.7,0.,-164.));
#8291 = VECTOR('',#8292,1.);
#8292 = DIRECTION('',(9.9503719021E-02,0.,0.99503719021));
#8293 = PCURVE('',#8268,#8294);
#8294 = DEFINITIONAL_REPRESENTATION('',(#8295),#8299);
#8295 = LINE('',#8296,#8297);
#8296 = CARTESIAN_POINT('',(0.,0.));
#8297 = VECTOR('',#8298,1.);
#8298 = DIRECTION('',(0.,1.));
#8299 = ( GEOMETRIC_REPRESENTATION_CONTEXT(2) 
PARAMETRIC_REPRESENTATION_CONTEXT() REPRESENTATION_CONTEXT('2D SPACE',''
  ) );
#8300 = PCURVE('',#8268,#8301);
#8301 = DEFINITIONAL_REPRESENTATION('',(#8302),#8306);
#8302 = LINE('',#8303,#8304);
#8303 = CARTESIAN_POINT('',(6.28318530718,0.));
#8304 = VECTOR('',#8305,1.);
#8305 = DIRECTION('',(0.,1.));
#8306 = ( GEOMETRIC_REPRESENTATION_CONTEXT(2) 
PARAMETRIC_REPRESENTATION_CONTEXT() REPRESENTATION_CONTEXT('2D SPACE',''
  ) );
#8307 = ORIENTED_EDGE('',*,*,#8308,.F.);
#8308 = EDGE_CURVE('',#8286,#8286,#8309,.T.);
#8309 = SURFACE_CURVE('',#8310,(#8315,#8322),.PCURVE_S1.);
#8310 = CIRCLE('',#8311,14.);
#8311 = AXIS2_PLACEMENT_3D('',#8312,#8313,#8314);
#8312 = CARTESIAN_POINT('',(0.,0.,-161.));
#8313 = DIRECTION('',(0.,0.,1.));
#8314 = DIRECTION('',(1.,0.,-0.));
#8315 = PCURVE('',#8268,#8316);
#8316 = DEFINITIONAL_REPRESENTATION('',(#8317),#8321);
#8317 = LINE('',#8318,#8319);
#8318 = CARTESIAN_POINT('',(0.,3.));
#8319 = VECTOR('',#8320,1.);
#8320 = DIRECTION('',(1.,0.));
#8321 = ( GEOMETRIC_REPRESENTATION_CONTEXT(2) 
PARAMETRIC_REPRESENTATION_CONTEXT() REPRESENTATION_CONTEXT('2D SPACE',''
  ) );
#8322 = PCURVE('',#8323,#8328);
#8323 = CONICAL_SURFACE('',#8324,14.,9.966865249116E-02);
#8324 = AXIS2_PLACEMENT_3D('',#8325,#8326,#8327);
#8325 = CARTESIAN_POINT('',(0.,0.,-161.));
#8326 = DIRECTION('',(-0.,-0.,-1.));
#8327 = DIRECTION('',(1.,0.,-0.));
#8328 = DEFINITIONAL_REPRESENTATION('',(#8329),#8333);
#8329 = LINE('',#8330,#8331);
#8330 = CARTESIAN_POINT('',(-0.,-0.));
#8331 = VECTOR('',#8332,1.);
#8332 = DIRECTION('',(-1.,-0.));
#8333 = ( GEOMETRIC_REPRESENTATION_CONTEXT(2) 
PARAMETRIC_REPRESENTATION_CONTEXT() REPRESENTATION_CONTEXT('2D SPACE',''
  ) );
#8334 = ORIENTED_EDGE('',*,*,#8285,.F.);
#8335 = ADVANCED_FACE('',(#8336),#8323,.T.);
#8336 = FACE_BOUND('',#8337,.T.);
#8337 = EDGE_LOOP('',(#8338,#8339,#8362,#8389));
#8338 = ORIENTED_EDGE('',*,*,#8308,.T.);
#8339 = ORIENTED_EDGE('',*,*,#8340,.T.);
#8340 = EDGE_CURVE('',#8286,#8341,#8343,.T.);
#8341 = VERTEX_POINT('',#8342);
#8342 = CARTESIAN_POINT('',(13.7,0.,-158.));
#8343 = SEAM_CURVE('',#8344,(#8348,#8355),.PCURVE_S1.);
#8344 = LINE('',#8345,#8346);
#8345 = CARTESIAN_POINT('',(14.,0.,-161.));
#8346 = VECTOR('',#8347,1.);
#8347 = DIRECTION('',(-9.9503719021E-02,0.,0.99503719021));
#8348 = PCURVE('',#8323,#8349);
#8349 = DEFINITIONAL_REPRESENTATION('',(#8350),#8354);
#8350 = LINE('',#8351,#8352);
#8351 = CARTESIAN_POINT('',(-0.,-0.));
#8352 = VECTOR('',#8353,1.);
#8353 = DIRECTION('',(-0.,-1.));
#8354 = ( GEOMETRIC_REPRESENTATION_CONTEXT(2) 
PARAMETRIC_REPRESENTATION_CONTEXT() REPRESENTATION_CONTEXT('2D SPACE',''
  ) );
#8355 = PCURVE('',#8323,#8356);
#8356 = DEFINITIONAL_REPRESENTATION('',(#8357),#8361);
#8357 = LINE('',#8358,#8359);
#8358 = CARTESIAN_POINT('',(-6.28318530718,-0.));
#8359 = VECTOR('',#8360,1.);
#8360 = DIRECTION('',(-0.,-1.));
#8361 = ( GEOMETRIC_REPRESENTATION_CONTEXT(2) 
PARAMETRIC_REPRESENTATION_CONTEXT() REPRESENTATION_CONTEXT('2D SPACE',''
  ) );
#8362 = ORIENTED_EDGE('',*,*,#8363,.F.);
#8363 = EDGE_CURVE('',#8341,#8341,#8364,.T.);
#8364 = SURFACE_CURVE('',#8365,(#8370,#8377),.PCURVE_S1.);
#8365 = CIRCLE('',#8366,13.7);
#8366 = AXIS2_PLACEMENT_3D('',#8367,#8368,#8369);
#8367 = CARTESIAN_POINT('',(0.,0.,-158.));
#8368 = DIRECTION('',(0.,0.,1.));
#8369 = DIRECTION('',(1.,0.,-0.));
#8370 = PCURVE('',#8323,#8371);
#8371 = DEFINITIONAL_REPRESENTATION('',(#8372),#8376);
#8372 = LINE('',#8373,#8374);
#8373 = CARTESIAN_POINT('',(-0.,-3.));
#8374 = VECTOR('',#8375,1.);
#8375 = DIRECTION('',(-1.,-0.));
#8376 = ( GEOMETRIC_REPRESENTATION_CONTEXT(2) 
PARAMETRIC_REPRESENTATION_CONTEXT() REPRESENTATION_CONTEXT('2D SPACE',''
  ) );
#8377 = PCURVE('',#8378,#8383);
#8378 = CONICAL_SURFACE('',#8379,13.7,9.966865249116E-02);
#8379 = AXIS2_PLACEMENT_3D('',#8380,#8381,#8382);
#8380 = CARTESIAN_POINT('',(0.,0.,-158.));
#8381 = DIRECTION('',(0.,0.,1.));
#8382 = DIRECTION('',(1.,0.,-0.));
#8383 = DEFINITIONAL_REPRESENTATION('',(#8384),#8388);
#8384 = LINE('',#8385,#8386);
#8385 = CARTESIAN_POINT('',(0.,0.));
#8386 = VECTOR('',#8387,1.);
#8387 = DIRECTION('',(1.,0.));
#8388 = ( GEOMETRIC_REPRESENTATION_CONTEXT(2) 
PARAMETRIC_REPRESENTATION_CONTEXT() REPRESENTATION_CONTEXT('2D SPACE',''
  ) );
#8389 = ORIENTED_EDGE('',*,*,#8340,.F.);
#8390 = ADVANCED_FACE('',(#8391),#8378,.T.);
#8391 = FACE_BOUND('',#8392,.T.);
#8392 = EDGE_LOOP('',(#8393,#8394,#8417,#8444));
#8393 = ORIENTED_EDGE('',*,*,#8363,.T.);
#8394 = ORIENTED_EDGE('',*,*,#8395,.T.);
#8395 = EDGE_CURVE('',#8341,#8396,#8398,.T.);
#8396 = VERTEX_POINT('',#8397);
#8397 = CARTESIAN_POINT('',(14.,0.,-155.));
#8398 = SEAM_CURVE('',#8399,(#8403,#8410),.PCURVE_S1.);
#8399 = LINE('',#8400,#8401);
#8400 = CARTESIAN_POINT('',(13.7,0.,-158.));
#8401 = VECTOR('',#8402,1.);
#8402 = DIRECTION('',(9.9503719021E-02,0.,0.99503719021));
#8403 = PCURVE('',#8378,#8404);
#8404 = DEFINITIONAL_REPRESENTATION('',(#8405),#8409);
#8405 = LINE('',#8406,#8407);
#8406 = CARTESIAN_POINT('',(0.,0.));
#8407 = VECTOR('',#8408,1.);
#8408 = DIRECTION('',(0.,1.));
#8409 = ( GEOMETRIC_REPRESENTATION_CONTEXT(2) 
PARAMETRIC_REPRESENTATION_CONTEXT() REPRESENTATION_CONTEXT('2D SPACE',''
  ) );
#8410 = PCURVE('',#8378,#8411);
#8411 = DEFINITIONAL_REPRESENTATION('',(#8412),#8416);
#8412 = LINE('',#8413,#8414);
#8413 = CARTESIAN_POINT('',(6.28318530718,0.));
#8414 = VECTOR('',#8415,1.);
#8415 = DIRECTION('',(0.,1.));
#8416 = ( GEOMETRIC_REPRESENTATION_CONTEXT(2) 
PARAMETRIC_REPRESENTATION_CONTEXT() REPRESENTATION_CONTEXT('2D SPACE',''
  ) );
#8417 = ORIENTED_EDGE('',*,*,#8418,.F.);
#8418 = EDGE_CURVE('',#8396,#8396,#8419,.T.);
#8419 = SURFACE_CURVE('',#8420,(#8425,#8432),.PCURVE_S1.);
#8420 = CIRCLE('',#8421,14.);
#8421 = AXIS2_PLACEMENT_3D('',#8422,#8423,#8424);
#8422 = CARTESIAN_POINT('',(0.,0.,-155.));
#8423 = DIRECTION('',(0.,0.,1.));
#8424 = DIRECTION('',(1.,0.,-0.));
#8425 = PCURVE('',#8378,#8426);
#8426 = DEFINITIONAL_REPRESENTATION('',(#8427),#8431);
#8427 = LINE('',#8428,#8429);
#8428 = CARTESIAN_POINT('',(0.,3.));
#8429 = VECTOR('',#8430,1.);
#8430 = DIRECTION('',(1.,0.));
#8431 = ( GEOMETRIC_REPRESENTATION_CONTEXT(2) 
PARAMETRIC_REPRESENTATION_CONTEXT() REPRESENTATION_CONTEXT('2D SPACE',''
  ) );
#8432 = PCURVE('',#8433,#8438);
#8433 = CONICAL_SURFACE('',#8434,14.,9.966865249116E-02);
#8434 = AXIS2_PLACEMENT_3D('',#8435,#8436,#8437);
#8435 = CARTESIAN_POINT('',(0.,0.,-155.));
#8436 = DIRECTION('',(-0.,-0.,-1.));
#8437 = DIRECTION('',(1.,0.,-0.));
#8438 = DEFINITIONAL_REPRESENTATION('',(#8439),#8443);
#8439 = LINE('',#8440,#8441);
#8440 = CARTESIAN_POINT('',(-0.,-0.));
#8441 = VECTOR('',#8442,1.);
#8442 = DIRECTION('',(-1.,-0.));
#8443 = ( GEOMETRIC_REPRESENTATION_CONTEXT(2) 
PARAMETRIC_REPRESENTATION_CONTEXT() REPRESENTATION_CONTEXT('2D SPACE',''
  ) );
#8444 = ORIENTED_EDGE('',*,*,#8395,.F.);
#8445 = ADVANCED_FACE('',(#8446),#8433,.T.);
#8446 = FACE_BOUND('',#8447,.T.);
#8447 = EDGE_LOOP('',(#8448,#8449,#8472,#8499));
#8448 = ORIENTED_EDGE('',*,*,#8418,.T.);
#8449 = ORIENTED_EDGE('',*,*,#8450,.T.);
#8450 = EDGE_CURVE('',#8396,#8451,#8453,.T.);
#8451 = VERTEX_POINT('',#8452);
#8452 = CARTESIAN_POINT('',(13.7,0.,-152.));
#8453 = SEAM_CURVE('',#8454,(#8458,#8465),.PCURVE_S1.);
#8454 = LINE('',#8455,#8456);
#8455 = CARTESIAN_POINT('',(14.,0.,-155.));
#8456 = VECTOR('',#8457,1.);
#8457 = DIRECTION('',(-9.9503719021E-02,0.,0.99503719021));
#8458 = PCURVE('',#8433,#8459);
#8459 = DEFINITIONAL_REPRESENTATION('',(#8460),#8464);
#8460 = LINE('',#8461,#8462);
#8461 = CARTESIAN_POINT('',(-0.,-0.));
#8462 = VECTOR('',#8463,1.);
#8463 = DIRECTION('',(-0.,-1.));
#8464 = ( GEOMETRIC_REPRESENTATION_CONTEXT(2) 
PARAMETRIC_REPRESENTATION_CONTEXT() REPRESENTATION_CONTEXT('2D SPACE',''
  ) );
#8465 = PCURVE('',#8433,#8466);
#8466 = DEFINITIONAL_REPRESENTATION('',(#8467),#8471);
#8467 = LINE('',#8468,#8469);
#8468 = CARTESIAN_POINT('',(-6.28318530718,-0.));
#8469 = VECTOR('',#8470,1.);
#8470 = DIRECTION('',(-0.,-1.));
#8471 = ( GEOMETRIC_REPRESENTATION_CONTEXT(2) 
PARAMETRIC_REPRESENTATION_CONTEXT() REPRESENTATION_CONTEXT('2D SPACE',''
  ) );
#8472 = ORIENTED_EDGE('',*,*,#8473,.F.);
#8473 = EDGE_CURVE('',#8451,#8451,#8474,.T.);
#8474 = SURFACE_CURVE('',#8475,(#8480,#8487),.PCURVE_S1.);
#8475 = CIRCLE('',#8476,13.7);
#8476 = AXIS2_PLACEMENT_3D('',#8477,#8478,#8479);
#8477 = CARTESIAN_POINT('',(0.,0.,-152.));
#8478 = DIRECTION('',(0.,0.,1.));
#8479 = DIRECTION('',(1.,0.,-0.));
#8480 = PCURVE('',#8433,#8481);
#8481 = DEFINITIONAL_REPRESENTATION('',(#8482),#8486);
#8482 = LINE('',#8483,#8484);
#8483 = CARTESIAN_POINT('',(-0.,-3.));
#8484 = VECTOR('',#8485,1.);
#8485 = DIRECTION('',(-1.,-0.));
#8486 = ( GEOMETRIC_REPRESENTATION_CONTEXT(2) 
PARAMETRIC_REPRESENTATION_CONTEXT() REPRESENTATION_CONTEXT('2D SPACE',''
  ) );
#8487 = PCURVE('',#8488,#8493);
#8488 = CONICAL_SURFACE('',#8489,13.7,9.966865249116E-02);
#8489 = AXIS2_PLACEMENT_3D('',#8490,#8491,#8492);
#8490 = CARTESIAN_POINT('',(0.,0.,-152.));
#8491 = DIRECTION('',(0.,0.,1.));
#8492 = DIRECTION('',(1.,0.,-0.));
#8493 = DEFINITIONAL_REPRESENTATION('',(#8494),#8498);
#8494 = LINE('',#8495,#8496);
#8495 = CARTESIAN_POINT('',(0.,0.));
#8496 = VECTOR('',#8497,1.);
#8497 = DIRECTION('',(1.,0.));
#8498 = ( GEOMETRIC_REPRESENTATION_CONTEXT(2) 
PARAMETRIC_REPRESENTATION_CONTEXT() REPRESENTATION_CONTEXT('2D SPACE',''
  ) );
#8499 = ORIENTED_EDGE('',*,*,#8450,.F.);
#8500 = ADVANCED_FACE('',(#8501),#8488,.T.);
#8501 = FACE_BOUND('',#8502,.T.);
#8502 = EDGE_LOOP('',(#8503,#8504,#8527,#8554));
#8503 = ORIENTED_EDGE('',*,*,#8473,.T.);
#8504 = ORIENTED_EDGE('',*,*,#8505,.T.);
#8505 = EDGE_CURVE('',#8451,#8506,#8508,.T.);
#8506 = VERTEX_POINT('',#8507);
#8507 = CARTESIAN_POINT('',(14.,0.,-149.));
#8508 = SEAM_CURVE('',#8509,(#8513,#8520),.PCURVE_S1.);
#8509 = LINE('',#8510,#8511);
#8510 = CARTESIAN_POINT('',(13.7,0.,-152.));
#8511 = VECTOR('',#8512,1.);
#8512 = DIRECTION('',(9.9503719021E-02,0.,0.99503719021));
#8513 = PCURVE('',#8488,#8514);
#8514 = DEFINITIONAL_REPRESENTATION('',(#8515),#8519);
#8515 = LINE('',#8516,#8517);
#8516 = CARTESIAN_POINT('',(0.,0.));
#8517 = VECTOR('',#8518,1.);
#8518 = DIRECTION('',(0.,1.));
#8519 = ( GEOMETRIC_REPRESENTATION_CONTEXT(2) 
PARAMETRIC_REPRESENTATION_CONTEXT() REPRESENTATION_CONTEXT('2D SPACE',''
  ) );
#8520 = PCURVE('',#8488,#8521);
#8521 = DEFINITIONAL_REPRESENTATION('',(#8522),#8526);
#8522 = LINE('',#8523,#8524);
#8523 = CARTESIAN_POINT('',(6.28318530718,0.));
#8524 = VECTOR('',#8525,1.);
#8525 = DIRECTION('',(0.,1.));
#8526 = ( GEOMETRIC_REPRESENTATION_CONTEXT(2) 
PARAMETRIC_REPRESENTATION_CONTEXT() REPRESENTATION_CONTEXT('2D SPACE',''
  ) );
#8527 = ORIENTED_EDGE('',*,*,#8528,.F.);
#8528 = EDGE_CURVE('',#8506,#8506,#8529,.T.);
#8529 = SURFACE_CURVE('',#8530,(#8535,#8542),.PCURVE_S1.);
#8530 = CIRCLE('',#8531,14.);
#8531 = AXIS2_PLACEMENT_3D('',#8532,#8533,#8534);
#8532 = CARTESIAN_POINT('',(0.,0.,-149.));
#8533 = DIRECTION('',(0.,0.,1.));
#8534 = DIRECTION('',(1.,0.,-0.));
#8535 = PCURVE('',#8488,#8536);
#8536 = DEFINITIONAL_REPRESENTATION('',(#8537),#8541);
#8537 = LINE('',#8538,#8539);
#8538 = CARTESIAN_POINT('',(0.,3.));
#8539 = VECTOR('',#8540,1.);
#8540 = DIRECTION('',(1.,0.));
#8541 = ( GEOMETRIC_REPRESENTATION_CONTEXT(2) 
PARAMETRIC_REPRESENTATION_CONTEXT() REPRESENTATION_CONTEXT('2D SPACE',''
  ) );
#8542 = PCURVE('',#8543,#8548);
#8543 = CONICAL_SURFACE('',#8544,14.,9.966865249116E-02);
#8544 = AXIS2_PLACEMENT_3D('',#8545,#8546,#8547);
#8545 = CARTESIAN_POINT('',(0.,0.,-149.));
#8546 = DIRECTION('',(-0.,-0.,-1.));
#8547 = DIRECTION('',(1.,0.,-0.));
#8548 = DEFINITIONAL_REPRESENTATION('',(#8549),#8553);
#8549 = LINE('',#8550,#8551);
#8550 = CARTESIAN_POINT('',(-0.,-0.));
#8551 = VECTOR('',#8552,1.);
#8552 = DIRECTION('',(-1.,-0.));
#8553 = ( GEOMETRIC_REPRESENTATION_CONTEXT(2) 
PARAMETRIC_REPRESENTATION_CONTEXT() REPRESENTATION_CONTEXT('2D SPACE',''
  ) );
#8554 = ORIENTED_EDGE('',*,*,#8505,.F.);
#8555 = ADVANCED_FACE('',(#8556),#8543,.T.);
#8556 = FACE_BOUND('',#8557,.T.);
#8557 = EDGE_LOOP('',(#8558,#8559,#8582,#8609));
#8558 = ORIENTED_EDGE('',*,*,#8528,.T.);
#8559 = ORIENTED_EDGE('',*,*,#8560,.T.);
#8560 = EDGE_CURVE('',#8506,#8561,#8563,.T.);
#8561 = VERTEX_POINT('',#8562);
#8562 = CARTESIAN_POINT('',(13.7,0.,-146.));
#8563 = SEAM_CURVE('',#8564,(#8568,#8575),.PCURVE_S1.);
#8564 = LINE('',#8565,#8566);
#8565 = CARTESIAN_POINT('',(14.,0.,-149.));
#8566 = VECTOR('',#8567,1.);
#8567 = DIRECTION('',(-9.9503719021E-02,0.,0.99503719021));
#8568 = PCURVE('',#8543,#8569);
#8569 = DEFINITIONAL_REPRESENTATION('',(#8570),#8574);
#8570 = LINE('',#8571,#8572);
#8571 = CARTESIAN_POINT('',(-0.,-0.));
#8572 = VECTOR('',#8573,1.);
#8573 = DIRECTION('',(-0.,-1.));
#8574 = ( GEOMETRIC_REPRESENTATION_CONTEXT(2) 
PARAMETRIC_REPRESENTATION_CONTEXT() REPRESENTATION_CONTEXT('2D SPACE',''
  ) );
#8575 = PCURVE('',#8543,#8576);
#8576 = DEFINITIONAL_REPRESENTATION('',(#8577),#8581);
#8577 = LINE('',#8578,#8579);
#8578 = CARTESIAN_POINT('',(-6.28318530718,-0.));
#8579 = VECTOR('',#8580,1.);
#8580 = DIRECTION('',(-0.,-1.));
#8581 = ( GEOMETRIC_REPRESENTATION_CONTEXT(2) 
PARAMETRIC_REPRESENTATION_CONTEXT() REPRESENTATION_CONTEXT('2D SPACE',''
  ) );
#8582 = ORIENTED_EDGE('',*,*,#8583,.F.);
#8583 = EDGE_CURVE('',#8561,#8561,#8584,.T.);
#8584 = SURFACE_CURVE('',#8585,(#8590,#8597),.PCURVE_S1.);
#8585 = CIRCLE('',#8586,13.7);
#8586 = AXIS2_PLACEMENT_3D('',#8587,#8588,#8589);
#8587 = CARTESIAN_POINT('',(0.,0.,-146.));
#8588 = DIRECTION('',(0.,0.,1.));
#8589 = DIRECTION('',(1.,0.,-0.));
#8590 = PCURVE('',#8543,#8591);
#8591 = DEFINITIONAL_REPRESENTATION('',(#8592),#8596);
#8592 = LINE('',#8593,#8594);
#8593 = CARTESIAN_POINT('',(-0.,-3.));
#8594 = VECTOR('',#8595,1.);
#8595 = DIRECTION('',(-1.,-0.));
#8596 = ( GEOMETRIC_REPRESENTATION_CONTEXT(2) 
PARAMETRIC_REPRESENTATION_CONTEXT() REPRESENTATION_CONTEXT('2D SPACE',''
  ) );
#8597 = PCURVE('',#8598,#8603);
#8598 = CONICAL_SURFACE('',#8599,13.7,9.966865249116E-02);
#8599 = AXIS2_PLACEMENT_3D('',#8600,#8601,#8602);
#8600 = CARTESIAN_POINT('',(0.,0.,-146.));
#8601 = DIRECTION('',(0.,0.,1.));
#8602 = DIRECTION('',(1.,0.,-0.));
#8603 = DEFINITIONAL_REPRESENTATION('',(#8604),#8608);
#8604 = LINE('',#8605,#8606);
#8605 = CARTESIAN_POINT('',(0.,0.));
#8606 = VECTOR('',#8607,1.);
#8607 = DIRECTION('',(1.,0.));
#8608 = ( GEOMETRIC_REPRESENTATION_CONTEXT(2) 
PARAMETRIC_REPRESENTATION_CONTEXT() REPRESENTATION_CONTEXT('2D SPACE',''
  ) );
#8609 = ORIENTED_EDGE('',*,*,#8560,.F.);
#8610 = ADVANCED_FACE('',(#8611),#8598,.T.);
#8611 = FACE_BOUND('',#8612,.T.);
#8612 = EDGE_LOOP('',(#8613,#8614,#8637,#8664));
#8613 = ORIENTED_EDGE('',*,*,#8583,.T.);
#8614 = ORIENTED_EDGE('',*,*,#8615,.T.);
#8615 = EDGE_CURVE('',#8561,#8616,#8618,.T.);
#8616 = VERTEX_POINT('',#8617);
#8617 = CARTESIAN_POINT('',(14.,0.,-143.));
#8618 = SEAM_CURVE('',#8619,(#8623,#8630),.PCURVE_S1.);
#8619 = LINE('',#8620,#8621);
#8620 = CARTESIAN_POINT('',(13.7,0.,-146.));
#8621 = VECTOR('',#8622,1.);
#8622 = DIRECTION('',(9.9503719021E-02,0.,0.99503719021));
#8623 = PCURVE('',#8598,#8624);
#8624 = DEFINITIONAL_REPRESENTATION('',(#8625),#8629);
#8625 = LINE('',#8626,#8627);
#8626 = CARTESIAN_POINT('',(0.,0.));
#8627 = VECTOR('',#8628,1.);
#8628 = DIRECTION('',(0.,1.));
#8629 = ( GEOMETRIC_REPRESENTATION_CONTEXT(2) 
PARAMETRIC_REPRESENTATION_CONTEXT() REPRESENTATION_CONTEXT('2D SPACE',''
  ) );
#8630 = PCURVE('',#8598,#8631);
#8631 = DEFINITIONAL_REPRESENTATION('',(#8632),#8636);
#8632 = LINE('',#8633,#8634);
#8633 = CARTESIAN_POINT('',(6.28318530718,0.));
#8634 = VECTOR('',#8635,1.);
#8635 = DIRECTION('',(0.,1.));
#8636 = ( GEOMETRIC_REPRESENTATION_CONTEXT(2) 
PARAMETRIC_REPRESENTATION_CONTEXT() REPRESENTATION_CONTEXT('2D SPACE',''
  ) );
#8637 = ORIENTED_EDGE('',*,*,#8638,.F.);
#8638 = EDGE_CURVE('',#8616,#8616,#8639,.T.);
#8639 = SURFACE_CURVE('',#8640,(#8645,#8652),.PCURVE_S1.);
#8640 = CIRCLE('',#8641,14.);
#8641 = AXIS2_PLACEMENT_3D('',#8642,#8643,#8644);
#8642 = CARTESIAN_POINT('',(0.,0.,-143.));
#8643 = DIRECTION('',(0.,0.,1.));
#8644 = DIRECTION('',(1.,0.,-0.));
#8645 = PCURVE('',#8598,#8646);
#8646 = DEFINITIONAL_REPRESENTATION('',(#8647),#8651);
#8647 = LINE('',#8648,#8649);
#8648 = CARTESIAN_POINT('',(0.,3.));
#8649 = VECTOR('',#8650,1.);
#8650 = DIRECTION('',(1.,0.));
#8651 = ( GEOMETRIC_REPRESENTATION_CONTEXT(2) 
PARAMETRIC_REPRESENTATION_CONTEXT() REPRESENTATION_CONTEXT('2D SPACE',''
  ) );
#8652 = PCURVE('',#8653,#8658);
#8653 = CONICAL_SURFACE('',#8654,14.,9.966865249116E-02);
#8654 = AXIS2_PLACEMENT_3D('',#8655,#8656,#8657);
#8655 = CARTESIAN_POINT('',(0.,0.,-143.));
#8656 = DIRECTION('',(-0.,-0.,-1.));
#8657 = DIRECTION('',(1.,0.,-0.));
#8658 = DEFINITIONAL_REPRESENTATION('',(#8659),#8663);
#8659 = LINE('',#8660,#8661);
#8660 = CARTESIAN_POINT('',(-0.,-0.));
#8661 = VECTOR('',#8662,1.);
#8662 = DIRECTION('',(-1.,-0.));
#8663 = ( GEOMETRIC_REPRESENTATION_CONTEXT(2) 
PARAMETRIC_REPRESENTATION_CONTEXT() REPRESENTATION_CONTEXT('2D SPACE',''
  ) );
#8664 = ORIENTED_EDGE('',*,*,#8615,.F.);
#8665 = ADVANCED_FACE('',(#8666),#8653,.T.);
#8666 = FACE_BOUND('',#8667,.T.);
#8667 = EDGE_LOOP('',(#8668,#8669,#8692,#8719));
#8668 = ORIENTED_EDGE('',*,*,#8638,.T.);
#8669 = ORIENTED_EDGE('',*,*,#8670,.T.);
#8670 = EDGE_CURVE('',#8616,#8671,#8673,.T.);
#8671 = VERTEX_POINT('',#8672);
#8672 = CARTESIAN_POINT('',(13.7,0.,-140.));
#8673 = SEAM_CURVE('',#8674,(#8678,#8685),.PCURVE_S1.);
#8674 = LINE('',#8675,#8676);
#8675 = CARTESIAN_POINT('',(14.,0.,-143.));
#8676 = VECTOR('',#8677,1.);
#8677 = DIRECTION('',(-9.9503719021E-02,0.,0.99503719021));
#8678 = PCURVE('',#8653,#8679);
#8679 = DEFINITIONAL_REPRESENTATION('',(#8680),#8684);
#8680 = LINE('',#8681,#8682);
#8681 = CARTESIAN_POINT('',(-0.,-0.));
#8682 = VECTOR('',#8683,1.);
#8683 = DIRECTION('',(-0.,-1.));
#8684 = ( GEOMETRIC_REPRESENTATION_CONTEXT(2) 
PARAMETRIC_REPRESENTATION_CONTEXT() REPRESENTATION_CONTEXT('2D SPACE',''
  ) );
#8685 = PCURVE('',#8653,#8686);
#8686 = DEFINITIONAL_REPRESENTATION('',(#8687),#8691);
#8687 = LINE('',#8688,#8689);
#8688 = CARTESIAN_POINT('',(-6.28318530718,-0.));
#8689 = VECTOR('',#8690,1.);
#8690 = DIRECTION('',(-0.,-1.));
#8691 = ( GEOMETRIC_REPRESENTATION_CONTEXT(2) 
PARAMETRIC_REPRESENTATION_CONTEXT() REPRESENTATION_CONTEXT('2D SPACE',''
  ) );
#8692 = ORIENTED_EDGE('',*,*,#8693,.F.);
#8693 = EDGE_CURVE('',#8671,#8671,#8694,.T.);
#8694 = SURFACE_CURVE('',#8695,(#8700,#8707),.PCURVE_S1.);
#8695 = CIRCLE('',#8696,13.7);
#8696 = AXIS2_PLACEMENT_3D('',#8697,#8698,#8699);
#8697 = CARTESIAN_POINT('',(0.,0.,-140.));
#8698 = DIRECTION('',(0.,0.,1.));
#8699 = DIRECTION('',(1.,0.,-0.));
#8700 = PCURVE('',#8653,#8701);
#8701 = DEFINITIONAL_REPRESENTATION('',(#8702),#8706);
#8702 = LINE('',#8703,#8704);
#8703 = CARTESIAN_POINT('',(-0.,-3.));
#8704 = VECTOR('',#8705,1.);
#8705 = DIRECTION('',(-1.,-0.));
#8706 = ( GEOMETRIC_REPRESENTATION_CONTEXT(2) 
PARAMETRIC_REPRESENTATION_CONTEXT() REPRESENTATION_CONTEXT('2D SPACE',''
  ) );
#8707 = PCURVE('',#8708,#8713);
#8708 = CONICAL_SURFACE('',#8709,13.7,9.966865249116E-02);
#8709 = AXIS2_PLACEMENT_3D('',#8710,#8711,#8712);
#8710 = CARTESIAN_POINT('',(0.,0.,-140.));
#8711 = DIRECTION('',(0.,0.,1.));
#8712 = DIRECTION('',(1.,0.,-0.));
#8713 = DEFINITIONAL_REPRESENTATION('',(#8714),#8718);
#8714 = LINE('',#8715,#8716);
#8715 = CARTESIAN_POINT('',(0.,0.));
#8716 = VECTOR('',#8717,1.);
#8717 = DIRECTION('',(1.,0.));
#8718 = ( GEOMETRIC_REPRESENTATION_CONTEXT(2) 
PARAMETRIC_REPRESENTATION_CONTEXT() REPRESENTATION_CONTEXT('2D SPACE',''
  ) );
#8719 = ORIENTED_EDGE('',*,*,#8670,.F.);
#8720 = ADVANCED_FACE('',(#8721),#8708,.T.);
#8721 = FACE_BOUND('',#8722,.T.);
#8722 = EDGE_LOOP('',(#8723,#8724,#8747,#8774));
#8723 = ORIENTED_EDGE('',*,*,#8693,.T.);
#8724 = ORIENTED_EDGE('',*,*,#8725,.T.);
#8725 = EDGE_CURVE('',#8671,#8726,#8728,.T.);
#8726 = VERTEX_POINT('',#8727);
#8727 = CARTESIAN_POINT('',(14.,0.,-137.));
#8728 = SEAM_CURVE('',#8729,(#8733,#8740),.PCURVE_S1.);
#8729 = LINE('',#8730,#8731);
#8730 = CARTESIAN_POINT('',(13.7,0.,-140.));
#8731 = VECTOR('',#8732,1.);
#8732 = DIRECTION('',(9.9503719021E-02,0.,0.99503719021));
#8733 = PCURVE('',#8708,#8734);
#8734 = DEFINITIONAL_REPRESENTATION('',(#8735),#8739);
#8735 = LINE('',#8736,#8737);
#8736 = CARTESIAN_POINT('',(0.,0.));
#8737 = VECTOR('',#8738,1.);
#8738 = DIRECTION('',(0.,1.));
#8739 = ( GEOMETRIC_REPRESENTATION_CONTEXT(2) 
PARAMETRIC_REPRESENTATION_CONTEXT() REPRESENTATION_CONTEXT('2D SPACE',''
  ) );
#8740 = PCURVE('',#8708,#8741);
#8741 = DEFINITIONAL_REPRESENTATION('',(#8742),#8746);
#8742 = LINE('',#8743,#8744);
#8743 = CARTESIAN_POINT('',(6.28318530718,0.));
#8744 = VECTOR('',#8745,1.);
#8745 = DIRECTION('',(0.,1.));
#8746 = ( GEOMETRIC_REPRESENTATION_CONTEXT(2) 
PARAMETRIC_REPRESENTATION_CONTEXT() REPRESENTATION_CONTEXT('2D SPACE',''
  ) );
#8747 = ORIENTED_EDGE('',*,*,#8748,.F.);
#8748 = EDGE_CURVE('',#8726,#8726,#8749,.T.);
#8749 = SURFACE_CURVE('',#8750,(#8755,#8762),.PCURVE_S1.);
#8750 = CIRCLE('',#8751,14.);
#8751 = AXIS2_PLACEMENT_3D('',#8752,#8753,#8754);
#8752 = CARTESIAN_POINT('',(0.,0.,-137.));
#8753 = DIRECTION('',(0.,0.,1.));
#8754 = DIRECTION('',(1.,0.,-0.));
#8755 = PCURVE('',#8708,#8756);
#8756 = DEFINITIONAL_REPRESENTATION('',(#8757),#8761);
#8757 = LINE('',#8758,#8759);
#8758 = CARTESIAN_POINT('',(0.,3.));
#8759 = VECTOR('',#8760,1.);
#8760 = DIRECTION('',(1.,0.));
#8761 = ( GEOMETRIC_REPRESENTATION_CONTEXT(2) 
PARAMETRIC_REPRESENTATION_CONTEXT() REPRESENTATION_CONTEXT('2D SPACE',''
  ) );
#8762 = PCURVE('',#8763,#8768);
#8763 = CONICAL_SURFACE('',#8764,14.,9.966865249116E-02);
#8764 = AXIS2_PLACEMENT_3D('',#8765,#8766,#8767);
#8765 = CARTESIAN_POINT('',(0.,0.,-137.));
#8766 = DIRECTION('',(-0.,-0.,-1.));
#8767 = DIRECTION('',(1.,0.,-0.));
#8768 = DEFINITIONAL_REPRESENTATION('',(#8769),#8773);
#8769 = LINE('',#8770,#8771);
#8770 = CARTESIAN_POINT('',(-0.,-0.));
#8771 = VECTOR('',#8772,1.);
#8772 = DIRECTION('',(-1.,-0.));
#8773 = ( GEOMETRIC_REPRESENTATION_CONTEXT(2) 
PARAMETRIC_REPRESENTATION_CONTEXT() REPRESENTATION_CONTEXT('2D SPACE',''
  ) );
#8774 = ORIENTED_EDGE('',*,*,#8725,.F.);
#8775 = ADVANCED_FACE('',(#8776),#8763,.T.);
#8776 = FACE_BOUND('',#8777,.T.);
#8777 = EDGE_LOOP('',(#8778,#8779,#8802,#8829));
#8778 = ORIENTED_EDGE('',*,*,#8748,.T.);
#8779 = ORIENTED_EDGE('',*,*,#8780,.T.);
#8780 = EDGE_CURVE('',#8726,#8781,#8783,.T.);
#8781 = VERTEX_POINT('',#8782);
#8782 = CARTESIAN_POINT('',(13.7,0.,-134.));
#8783 = SEAM_CURVE('',#8784,(#8788,#8795),.PCURVE_S1.);
#8784 = LINE('',#8785,#8786);
#8785 = CARTESIAN_POINT('',(14.,0.,-137.));
#8786 = VECTOR('',#8787,1.);
#8787 = DIRECTION('',(-9.9503719021E-02,0.,0.99503719021));
#8788 = PCURVE('',#8763,#8789);
#8789 = DEFINITIONAL_REPRESENTATION('',(#8790),#8794);
#8790 = LINE('',#8791,#8792);
#8791 = CARTESIAN_POINT('',(-0.,-0.));
#8792 = VECTOR('',#8793,1.);
#8793 = DIRECTION('',(-0.,-1.));
#8794 = ( GEOMETRIC_REPRESENTATION_CONTEXT(2) 
PARAMETRIC_REPRESENTATION_CONTEXT() REPRESENTATION_CONTEXT('2D SPACE',''
  ) );
#8795 = PCURVE('',#8763,#8796);
#8796 = DEFINITIONAL_REPRESENTATION('',(#8797),#8801);
#8797 = LINE('',#8798,#8799);
#8798 = CARTESIAN_POINT('',(-6.28318530718,-0.));
#8799 = VECTOR('',#8800,1.);
#8800 = DIRECTION('',(-0.,-1.));
#8801 = ( GEOMETRIC_REPRESENTATION_CONTEXT(2) 
PARAMETRIC_REPRESENTATION_CONTEXT() REPRESENTATION_CONTEXT('2D SPACE',''
  ) );
#8802 = ORIENTED_EDGE('',*,*,#8803,.F.);
#8803 = EDGE_CURVE('',#8781,#8781,#8804,.T.);
#8804 = SURFACE_CURVE('',#8805,(#8810,#8817),.PCURVE_S1.);
#8805 = CIRCLE('',#8806,13.7);
#8806 = AXIS2_PLACEMENT_3D('',#8807,#8808,#8809);
#8807 = CARTESIAN_POINT('',(0.,0.,-134.));
#8808 = DIRECTION('',(0.,0.,1.));
#8809 = DIRECTION('',(1.,0.,-0.));
#8810 = PCURVE('',#8763,#8811);
#8811 = DEFINITIONAL_REPRESENTATION('',(#8812),#8816);
#8812 = LINE('',#8813,#8814);
#8813 = CARTESIAN_POINT('',(-0.,-3.));
#8814 = VECTOR('',#8815,1.);
#8815 = DIRECTION('',(-1.,-0.));
#8816 = ( GEOMETRIC_REPRESENTATION_CONTEXT(2) 
PARAMETRIC_REPRESENTATION_CONTEXT() REPRESENTATION_CONTEXT('2D SPACE',''
  ) );
#8817 = PCURVE('',#8818,#8823);
#8818 = CONICAL_SURFACE('',#8819,13.7,9.966865249116E-02);
#8819 = AXIS2_PLACEMENT_3D('',#8820,#8821,#8822);
#8820 = CARTESIAN_POINT('',(0.,0.,-134.));
#8821 = DIRECTION('',(0.,0.,1.));
#8822 = DIRECTION('',(1.,0.,-0.));
#8823 = DEFINITIONAL_REPRESENTATION('',(#8824),#8828);
#8824 = LINE('',#8825,#8826);
#8825 = CARTESIAN_POINT('',(0.,0.));
#8826 = VECTOR('',#8827,1.);
#8827 = DIRECTION('',(1.,0.));
#8828 = ( GEOMETRIC_REPRESENTATION_CONTEXT(2) 
PARAMETRIC_REPRESENTATION_CONTEXT() REPRESENTATION_CONTEXT('2D SPACE',''
  ) );
#8829 = ORIENTED_EDGE('',*,*,#8780,.F.);
#8830 = ADVANCED_FACE('',(#8831),#8818,.T.);
#8831 = FACE_BOUND('',#8832,.T.);
#8832 = EDGE_LOOP('',(#8833,#8834,#8857,#8884));
#8833 = ORIENTED_EDGE('',*,*,#8803,.T.);
#8834 = ORIENTED_EDGE('',*,*,#8835,.T.);
#8835 = EDGE_CURVE('',#8781,#8836,#8838,.T.);
#8836 = VERTEX_POINT('',#8837);
#8837 = CARTESIAN_POINT('',(14.,0.,-131.));
#8838 = SEAM_CURVE('',#8839,(#8843,#8850),.PCURVE_S1.);
#8839 = LINE('',#8840,#8841);
#8840 = CARTESIAN_POINT('',(13.7,0.,-134.));
#8841 = VECTOR('',#8842,1.);
#8842 = DIRECTION('',(9.9503719021E-02,0.,0.99503719021));
#8843 = PCURVE('',#8818,#8844);
#8844 = DEFINITIONAL_REPRESENTATION('',(#8845),#8849);
#8845 = LINE('',#8846,#8847);
#8846 = CARTESIAN_POINT('',(0.,0.));
#8847 = VECTOR('',#8848,1.);
#8848 = DIRECTION('',(0.,1.));
#8849 = ( GEOMETRIC_REPRESENTATION_CONTEXT(2) 
PARAMETRIC_REPRESENTATION_CONTEXT() REPRESENTATION_CONTEXT('2D SPACE',''
  ) );
#8850 = PCURVE('',#8818,#8851);
#8851 = DEFINITIONAL_REPRESENTATION('',(#8852),#8856);
#8852 = LINE('',#8853,#8854);
#8853 = CARTESIAN_POINT('',(6.28318530718,0.));
#8854 = VECTOR('',#8855,1.);
#8855 = DIRECTION('',(0.,1.));
#8856 = ( GEOMETRIC_REPRESENTATION_CONTEXT(2) 
PARAMETRIC_REPRESENTATION_CONTEXT() REPRESENTATION_CONTEXT('2D SPACE',''
  ) );
#8857 = ORIENTED_EDGE('',*,*,#8858,.F.);
#8858 = EDGE_CURVE('',#8836,#8836,#8859,.T.);
#8859 = SURFACE_CURVE('',#8860,(#8865,#8872),.PCURVE_S1.);
#8860 = CIRCLE('',#8861,14.);
#8861 = AXIS2_PLACEMENT_3D('',#8862,#8863,#8864);
#8862 = CARTESIAN_POINT('',(0.,0.,-131.));
#8863 = DIRECTION('',(0.,0.,1.));
#8864 = DIRECTION('',(1.,0.,-0.));
#8865 = PCURVE('',#8818,#8866);
#8866 = DEFINITIONAL_REPRESENTATION('',(#8867),#8871);
#8867 = LINE('',#8868,#8869);
#8868 = CARTESIAN_POINT('',(0.,3.));
#8869 = VECTOR('',#8870,1.);
#8870 = DIRECTION('',(1.,0.));
#8871 = ( GEOMETRIC_REPRESENTATION_CONTEXT(2) 
PARAMETRIC_REPRESENTATION_CONTEXT() REPRESENTATION_CONTEXT('2D SPACE',''
  ) );
#8872 = PCURVE('',#8873,#8878);
#8873 = CONICAL_SURFACE('',#8874,14.,0.291456794478);
#8874 = AXIS2_PLACEMENT_3D('',#8875,#8876,#8877);
#8875 = CARTESIAN_POINT('',(0.,0.,-131.));
#8876 = DIRECTION('',(-0.,-0.,-1.));
#8877 = DIRECTION('',(1.,0.,-0.));
#8878 = DEFINITIONAL_REPRESENTATION('',(#8879),#8883);
#8879 = LINE('',#8880,#8881);
#8880 = CARTESIAN_POINT('',(-0.,-0.));
#8881 = VECTOR('',#8882,1.);
#8882 = DIRECTION('',(-1.,-0.));
#8883 = ( GEOMETRIC_REPRESENTATION_CONTEXT(2) 
PARAMETRIC_REPRESENTATION_CONTEXT() REPRESENTATION_CONTEXT('2D SPACE',''
  ) );
#8884 = ORIENTED_EDGE('',*,*,#8835,.F.);
#8885 = ADVANCED_FACE('',(#8886),#8873,.T.);
#8886 = FACE_BOUND('',#8887,.T.);
#8887 = EDGE_LOOP('',(#8888,#8889,#8912,#8939));
#8888 = ORIENTED_EDGE('',*,*,#8858,.T.);
#8889 = ORIENTED_EDGE('',*,*,#8890,.T.);
#8890 = EDGE_CURVE('',#8836,#8891,#8893,.T.);
#8891 = VERTEX_POINT('',#8892);
#8892 = CARTESIAN_POINT('',(13.7,0.,-130.));
#8893 = SEAM_CURVE('',#8894,(#8898,#8905),.PCURVE_S1.);
#8894 = LINE('',#8895,#8896);
#8895 = CARTESIAN_POINT('',(14.,0.,-131.));
#8896 = VECTOR('',#8897,1.);
#8897 = DIRECTION('',(-0.287347885566,0.,0.957826285221));
#8898 = PCURVE('',#8873,#8899);
#8899 = DEFINITIONAL_REPRESENTATION('',(#8900),#8904);
#8900 = LINE('',#8901,#8902);
#8901 = CARTESIAN_POINT('',(-0.,-0.));
#8902 = VECTOR('',#8903,1.);
#8903 = DIRECTION('',(-0.,-1.));
#8904 = ( GEOMETRIC_REPRESENTATION_CONTEXT(2) 
PARAMETRIC_REPRESENTATION_CONTEXT() REPRESENTATION_CONTEXT('2D SPACE',''
  ) );
#8905 = PCURVE('',#8873,#8906);
#8906 = DEFINITIONAL_REPRESENTATION('',(#8907),#8911);
#8907 = LINE('',#8908,#8909);
#8908 = CARTESIAN_POINT('',(-6.28318530718,-0.));
#8909 = VECTOR('',#8910,1.);
#8910 = DIRECTION('',(-0.,-1.));
#8911 = ( GEOMETRIC_REPRESENTATION_CONTEXT(2) 
PARAMETRIC_REPRESENTATION_CONTEXT() REPRESENTATION_CONTEXT('2D SPACE',''
  ) );
#8912 = ORIENTED_EDGE('',*,*,#8913,.F.);
#8913 = EDGE_CURVE('',#8891,#8891,#8914,.T.);
#8914 = SURFACE_CURVE('',#8915,(#8920,#8927),.PCURVE_S1.);
#8915 = CIRCLE('',#8916,13.7);
#8916 = AXIS2_PLACEMENT_3D('',#8917,#8918,#8919);
#8917 = CARTESIAN_POINT('',(0.,0.,-130.));
#8918 = DIRECTION('',(0.,0.,1.));
#8919 = DIRECTION('',(1.,0.,-0.));
#8920 = PCURVE('',#8873,#8921);
#8921 = DEFINITIONAL_REPRESENTATION('',(#8922),#8926);
#8922 = LINE('',#8923,#8924);
#8923 = CARTESIAN_POINT('',(-0.,-1.));
#8924 = VECTOR('',#8925,1.);
#8925 = DIRECTION('',(-1.,-0.));
#8926 = ( GEOMETRIC_REPRESENTATION_CONTEXT(2) 
PARAMETRIC_REPRESENTATION_CONTEXT() REPRESENTATION_CONTEXT('2D SPACE',''
  ) );
#8927 = PCURVE('',#8928,#8933);
#8928 = PLANE('',#8929);
#8929 = AXIS2_PLACEMENT_3D('',#8930,#8931,#8932);
#8930 = CARTESIAN_POINT('',(0.,0.,-130.));
#8931 = DIRECTION('',(0.,0.,1.));
#8932 = DIRECTION('',(1.,0.,-0.));
#8933 = DEFINITIONAL_REPRESENTATION('',(#8934),#8938);
#8934 = CIRCLE('',#8935,13.7);
#8935 = AXIS2_PLACEMENT_2D('',#8936,#8937);
#8936 = CARTESIAN_POINT('',(0.,0.));
#8937 = DIRECTION('',(1.,-0.));
#8938 = ( GEOMETRIC_REPRESENTATION_CONTEXT(2) 
PARAMETRIC_REPRESENTATION_CONTEXT() REPRESENTATION_CONTEXT('2D SPACE',''
  ) );
#8939 = ORIENTED_EDGE('',*,*,#8890,.F.);
#8940 = ADVANCED_FACE('',(#8941,#8972),#8928,.F.);
#8941 = FACE_BOUND('',#8942,.T.);
#8942 = EDGE_LOOP('',(#8943));
#8943 = ORIENTED_EDGE('',*,*,#8944,.F.);
#8944 = EDGE_CURVE('',#8945,#8945,#8947,.T.);
#8945 = VERTEX_POINT('',#8946);
#8946 = CARTESIAN_POINT('',(14.,-3.429011037613E-15,-130.));
#8947 = SURFACE_CURVE('',#8948,(#8953,#8960),.PCURVE_S1.);
#8948 = CIRCLE('',#8949,14.);
#8949 = AXIS2_PLACEMENT_3D('',#8950,#8951,#8952);
#8950 = CARTESIAN_POINT('',(0.,0.,-130.));
#8951 = DIRECTION('',(0.,0.,1.));
#8952 = DIRECTION('',(1.,0.,-0.));
#8953 = PCURVE('',#8928,#8954);
#8954 = DEFINITIONAL_REPRESENTATION('',(#8955),#8959);
#8955 = CIRCLE('',#8956,14.);
#8956 = AXIS2_PLACEMENT_2D('',#8957,#8958);
#8957 = CARTESIAN_POINT('',(0.,0.));
#8958 = DIRECTION('',(1.,-0.));
#8959 = ( GEOMETRIC_REPRESENTATION_CONTEXT(2) 
PARAMETRIC_REPRESENTATION_CONTEXT() REPRESENTATION_CONTEXT('2D SPACE',''
  ) );
#8960 = PCURVE('',#8961,#8966);
#8961 = CYLINDRICAL_SURFACE('',#8962,14.);
#8962 = AXIS2_PLACEMENT_3D('',#8963,#8964,#8965);
#8963 = CARTESIAN_POINT('',(0.,0.,-655.));
#8964 = DIRECTION('',(0.,0.,1.));
#8965 = DIRECTION('',(1.,0.,0.));
#8966 = DEFINITIONAL_REPRESENTATION('',(#8967),#8971);
#8967 = LINE('',#8968,#8969);
#8968 = CARTESIAN_POINT('',(0.,525.));
#8969 = VECTOR('',#8970,1.);
#8970 = DIRECTION('',(1.,0.));
#8971 = ( GEOMETRIC_REPRESENTATION_CONTEXT(2) 
PARAMETRIC_REPRESENTATION_CONTEXT() REPRESENTATION_CONTEXT('2D SPACE',''
  ) );
#8972 = FACE_BOUND('',#8973,.T.);
#8973 = EDGE_LOOP('',(#8974));
#8974 = ORIENTED_EDGE('',*,*,#8913,.T.);
#8975 = ADVANCED_FACE('',(#8976),#8961,.T.);
#8976 = FACE_BOUND('',#8977,.T.);
#8977 = EDGE_LOOP('',(#8978,#9001,#9002,#9003));
#8978 = ORIENTED_EDGE('',*,*,#8979,.F.);
#8979 = EDGE_CURVE('',#8945,#8980,#8982,.T.);
#8980 = VERTEX_POINT('',#8981);
#8981 = CARTESIAN_POINT('',(14.,0.,130.));
#8982 = SEAM_CURVE('',#8983,(#8987,#8994),.PCURVE_S1.);
#8983 = LINE('',#8984,#8985);
#8984 = CARTESIAN_POINT('',(14.,-3.429011037613E-15,-655.));
#8985 = VECTOR('',#8986,1.);
#8986 = DIRECTION('',(0.,0.,1.));
#8987 = PCURVE('',#8961,#8988);
#8988 = DEFINITIONAL_REPRESENTATION('',(#8989),#8993);
#8989 = LINE('',#8990,#8991);
#8990 = CARTESIAN_POINT('',(0.,-0.));
#8991 = VECTOR('',#8992,1.);
#8992 = DIRECTION('',(0.,1.));
#8993 = ( GEOMETRIC_REPRESENTATION_CONTEXT(2) 
PARAMETRIC_REPRESENTATION_CONTEXT() REPRESENTATION_CONTEXT('2D SPACE',''
  ) );
#8994 = PCURVE('',#8961,#8995);
#8995 = DEFINITIONAL_REPRESENTATION('',(#8996),#9000);
#8996 = LINE('',#8997,#8998);
#8997 = CARTESIAN_POINT('',(6.28318530718,-0.));
#8998 = VECTOR('',#8999,1.);
#8999 = DIRECTION('',(0.,1.));
#9000 = ( GEOMETRIC_REPRESENTATION_CONTEXT(2) 
PARAMETRIC_REPRESENTATION_CONTEXT() REPRESENTATION_CONTEXT('2D SPACE',''
  ) );
#9001 = ORIENTED_EDGE('',*,*,#8944,.T.);
#9002 = ORIENTED_EDGE('',*,*,#8979,.T.);
#9003 = ORIENTED_EDGE('',*,*,#9004,.F.);
#9004 = EDGE_CURVE('',#8980,#8980,#9005,.T.);
#9005 = SURFACE_CURVE('',#9006,(#9011,#9018),.PCURVE_S1.);
#9006 = CIRCLE('',#9007,14.);
#9007 = AXIS2_PLACEMENT_3D('',#9008,#9009,#9010);
#9008 = CARTESIAN_POINT('',(0.,0.,130.));
#9009 = DIRECTION('',(0.,0.,1.));
#9010 = DIRECTION('',(1.,0.,-0.));
#9011 = PCURVE('',#8961,#9012);
#9012 = DEFINITIONAL_REPRESENTATION('',(#9013),#9017);
#9013 = LINE('',#9014,#9015);
#9014 = CARTESIAN_POINT('',(0.,785.));
#9015 = VECTOR('',#9016,1.);
#9016 = DIRECTION('',(1.,0.));
#9017 = ( GEOMETRIC_REPRESENTATION_CONTEXT(2) 
PARAMETRIC_REPRESENTATION_CONTEXT() REPRESENTATION_CONTEXT('2D SPACE',''
  ) );
#9018 = PCURVE('',#9019,#9024);
#9019 = CONICAL_SURFACE('',#9020,14.,9.966865249116E-02);
#9020 = AXIS2_PLACEMENT_3D('',#9021,#9022,#9023);
#9021 = CARTESIAN_POINT('',(0.,0.,130.));
#9022 = DIRECTION('',(-0.,-0.,-1.));
#9023 = DIRECTION('',(1.,0.,-0.));
#9024 = DEFINITIONAL_REPRESENTATION('',(#9025),#9029);
#9025 = LINE('',#9026,#9027);
#9026 = CARTESIAN_POINT('',(-0.,-0.));
#9027 = VECTOR('',#9028,1.);
#9028 = DIRECTION('',(-1.,-0.));
#9029 = ( GEOMETRIC_REPRESENTATION_CONTEXT(2) 
PARAMETRIC_REPRESENTATION_CONTEXT() REPRESENTATION_CONTEXT('2D SPACE',''
  ) );
#9030 = ADVANCED_FACE('',(#9031),#9019,.T.);
#9031 = FACE_BOUND('',#9032,.T.);
#9032 = EDGE_LOOP('',(#9033,#9034,#9057,#9084));
#9033 = ORIENTED_EDGE('',*,*,#9004,.T.);
#9034 = ORIENTED_EDGE('',*,*,#9035,.T.);
#9035 = EDGE_CURVE('',#8980,#9036,#9038,.T.);
#9036 = VERTEX_POINT('',#9037);
#9037 = CARTESIAN_POINT('',(13.7,0.,133.));
#9038 = SEAM_CURVE('',#9039,(#9043,#9050),.PCURVE_S1.);
#9039 = LINE('',#9040,#9041);
#9040 = CARTESIAN_POINT('',(14.,0.,130.));
#9041 = VECTOR('',#9042,1.);
#9042 = DIRECTION('',(-9.9503719021E-02,0.,0.99503719021));
#9043 = PCURVE('',#9019,#9044);
#9044 = DEFINITIONAL_REPRESENTATION('',(#9045),#9049);
#9045 = LINE('',#9046,#9047);
#9046 = CARTESIAN_POINT('',(-0.,-0.));
#9047 = VECTOR('',#9048,1.);
#9048 = DIRECTION('',(-0.,-1.));
#9049 = ( GEOMETRIC_REPRESENTATION_CONTEXT(2) 
PARAMETRIC_REPRESENTATION_CONTEXT() REPRESENTATION_CONTEXT('2D SPACE',''
  ) );
#9050 = PCURVE('',#9019,#9051);
#9051 = DEFINITIONAL_REPRESENTATION('',(#9052),#9056);
#9052 = LINE('',#9053,#9054);
#9053 = CARTESIAN_POINT('',(-6.28318530718,-0.));
#9054 = VECTOR('',#9055,1.);
#9055 = DIRECTION('',(-0.,-1.));
#9056 = ( GEOMETRIC_REPRESENTATION_CONTEXT(2) 
PARAMETRIC_REPRESENTATION_CONTEXT() REPRESENTATION_CONTEXT('2D SPACE',''
  ) );
#9057 = ORIENTED_EDGE('',*,*,#9058,.F.);
#9058 = EDGE_CURVE('',#9036,#9036,#9059,.T.);
#9059 = SURFACE_CURVE('',#9060,(#9065,#9072),.PCURVE_S1.);
#9060 = CIRCLE('',#9061,13.7);
#9061 = AXIS2_PLACEMENT_3D('',#9062,#9063,#9064);
#9062 = CARTESIAN_POINT('',(0.,0.,133.));
#9063 = DIRECTION('',(0.,0.,1.));
#9064 = DIRECTION('',(1.,0.,-0.));
#9065 = PCURVE('',#9019,#9066);
#9066 = DEFINITIONAL_REPRESENTATION('',(#9067),#9071);
#9067 = LINE('',#9068,#9069);
#9068 = CARTESIAN_POINT('',(-0.,-3.));
#9069 = VECTOR('',#9070,1.);
#9070 = DIRECTION('',(-1.,-0.));
#9071 = ( GEOMETRIC_REPRESENTATION_CONTEXT(2) 
PARAMETRIC_REPRESENTATION_CONTEXT() REPRESENTATION_CONTEXT('2D SPACE',''
  ) );
#9072 = PCURVE('',#9073,#9078);
#9073 = CONICAL_SURFACE('',#9074,13.7,9.966865249116E-02);
#9074 = AXIS2_PLACEMENT_3D('',#9075,#9076,#9077);
#9075 = CARTESIAN_POINT('',(0.,0.,133.));
#9076 = DIRECTION('',(0.,0.,1.));
#9077 = DIRECTION('',(1.,0.,-0.));
#9078 = DEFINITIONAL_REPRESENTATION('',(#9079),#9083);
#9079 = LINE('',#9080,#9081);
#9080 = CARTESIAN_POINT('',(0.,0.));
#9081 = VECTOR('',#9082,1.);
#9082 = DIRECTION('',(1.,0.));
#9083 = ( GEOMETRIC_REPRESENTATION_CONTEXT(2) 
PARAMETRIC_REPRESENTATION_CONTEXT() REPRESENTATION_CONTEXT('2D SPACE',''
  ) );
#9084 = ORIENTED_EDGE('',*,*,#9035,.F.);
#9085 = ADVANCED_FACE('',(#9086),#9073,.T.);
#9086 = FACE_BOUND('',#9087,.T.);
#9087 = EDGE_LOOP('',(#9088,#9089,#9112,#9139));
#9088 = ORIENTED_EDGE('',*,*,#9058,.T.);
#9089 = ORIENTED_EDGE('',*,*,#9090,.T.);
#9090 = EDGE_CURVE('',#9036,#9091,#9093,.T.);
#9091 = VERTEX_POINT('',#9092);
#9092 = CARTESIAN_POINT('',(14.,0.,136.));
#9093 = SEAM_CURVE('',#9094,(#9098,#9105),.PCURVE_S1.);
#9094 = LINE('',#9095,#9096);
#9095 = CARTESIAN_POINT('',(13.7,0.,133.));
#9096 = VECTOR('',#9097,1.);
#9097 = DIRECTION('',(9.9503719021E-02,0.,0.99503719021));
#9098 = PCURVE('',#9073,#9099);
#9099 = DEFINITIONAL_REPRESENTATION('',(#9100),#9104);
#9100 = LINE('',#9101,#9102);
#9101 = CARTESIAN_POINT('',(0.,0.));
#9102 = VECTOR('',#9103,1.);
#9103 = DIRECTION('',(0.,1.));
#9104 = ( GEOMETRIC_REPRESENTATION_CONTEXT(2) 
PARAMETRIC_REPRESENTATION_CONTEXT() REPRESENTATION_CONTEXT('2D SPACE',''
  ) );
#9105 = PCURVE('',#9073,#9106);
#9106 = DEFINITIONAL_REPRESENTATION('',(#9107),#9111);
#9107 = LINE('',#9108,#9109);
#9108 = CARTESIAN_POINT('',(6.28318530718,0.));
#9109 = VECTOR('',#9110,1.);
#9110 = DIRECTION('',(0.,1.));
#9111 = ( GEOMETRIC_REPRESENTATION_CONTEXT(2) 
PARAMETRIC_REPRESENTATION_CONTEXT() REPRESENTATION_CONTEXT('2D SPACE',''
  ) );
#9112 = ORIENTED_EDGE('',*,*,#9113,.F.);
#9113 = EDGE_CURVE('',#9091,#9091,#9114,.T.);
#9114 = SURFACE_CURVE('',#9115,(#9120,#9127),.PCURVE_S1.);
#9115 = CIRCLE('',#9116,14.);
#9116 = AXIS2_PLACEMENT_3D('',#9117,#9118,#9119);
#9117 = CARTESIAN_POINT('',(0.,0.,136.));
#9118 = DIRECTION('',(0.,0.,1.));
#9119 = DIRECTION('',(1.,0.,-0.));
#9120 = PCURVE('',#9073,#9121);
#9121 = DEFINITIONAL_REPRESENTATION('',(#9122),#9126);
#9122 = LINE('',#9123,#9124);
#9123 = CARTESIAN_POINT('',(0.,3.));
#9124 = VECTOR('',#9125,1.);
#9125 = DIRECTION('',(1.,0.));
#9126 = ( GEOMETRIC_REPRESENTATION_CONTEXT(2) 
PARAMETRIC_REPRESENTATION_CONTEXT() REPRESENTATION_CONTEXT('2D SPACE',''
  ) );
#9127 = PCURVE('',#9128,#9133);
#9128 = CONICAL_SURFACE('',#9129,14.,9.966865249116E-02);
#9129 = AXIS2_PLACEMENT_3D('',#9130,#9131,#9132);
#9130 = CARTESIAN_POINT('',(0.,0.,136.));
#9131 = DIRECTION('',(-0.,-0.,-1.));
#9132 = DIRECTION('',(1.,0.,-0.));
#9133 = DEFINITIONAL_REPRESENTATION('',(#9134),#9138);
#9134 = LINE('',#9135,#9136);
#9135 = CARTESIAN_POINT('',(-0.,-0.));
#9136 = VECTOR('',#9137,1.);
#9137 = DIRECTION('',(-1.,-0.));
#9138 = ( GEOMETRIC_REPRESENTATION_CONTEXT(2) 
PARAMETRIC_REPRESENTATION_CONTEXT() REPRESENTATION_CONTEXT('2D SPACE',''
  ) );
#9139 = ORIENTED_EDGE('',*,*,#9090,.F.);
#9140 = ADVANCED_FACE('',(#9141),#9128,.T.);
#9141 = FACE_BOUND('',#9142,.T.);
#9142 = EDGE_LOOP('',(#9143,#9144,#9167,#9194));
#9143 = ORIENTED_EDGE('',*,*,#9113,.T.);
#9144 = ORIENTED_EDGE('',*,*,#9145,.T.);
#9145 = EDGE_CURVE('',#9091,#9146,#9148,.T.);
#9146 = VERTEX_POINT('',#9147);
#9147 = CARTESIAN_POINT('',(13.7,0.,139.));
#9148 = SEAM_CURVE('',#9149,(#9153,#9160),.PCURVE_S1.);
#9149 = LINE('',#9150,#9151);
#9150 = CARTESIAN_POINT('',(14.,0.,136.));
#9151 = VECTOR('',#9152,1.);
#9152 = DIRECTION('',(-9.9503719021E-02,0.,0.99503719021));
#9153 = PCURVE('',#9128,#9154);
#9154 = DEFINITIONAL_REPRESENTATION('',(#9155),#9159);
#9155 = LINE('',#9156,#9157);
#9156 = CARTESIAN_POINT('',(-0.,-0.));
#9157 = VECTOR('',#9158,1.);
#9158 = DIRECTION('',(-0.,-1.));
#9159 = ( GEOMETRIC_REPRESENTATION_CONTEXT(2) 
PARAMETRIC_REPRESENTATION_CONTEXT() REPRESENTATION_CONTEXT('2D SPACE',''
  ) );
#9160 = PCURVE('',#9128,#9161);
#9161 = DEFINITIONAL_REPRESENTATION('',(#9162),#9166);
#9162 = LINE('',#9163,#9164);
#9163 = CARTESIAN_POINT('',(-6.28318530718,-0.));
#9164 = VECTOR('',#9165,1.);
#9165 = DIRECTION('',(-0.,-1.));
#9166 = ( GEOMETRIC_REPRESENTATION_CONTEXT(2) 
PARAMETRIC_REPRESENTATION_CONTEXT() REPRESENTATION_CONTEXT('2D SPACE',''
  ) );
#9167 = ORIENTED_EDGE('',*,*,#9168,.F.);
#9168 = EDGE_CURVE('',#9146,#9146,#9169,.T.);
#9169 = SURFACE_CURVE('',#9170,(#9175,#9182),.PCURVE_S1.);
#9170 = CIRCLE('',#9171,13.7);
#9171 = AXIS2_PLACEMENT_3D('',#9172,#9173,#9174);
#9172 = CARTESIAN_POINT('',(0.,0.,139.));
#9173 = DIRECTION('',(0.,0.,1.));
#9174 = DIRECTION('',(1.,0.,-0.));
#9175 = PCURVE('',#9128,#9176);
#9176 = DEFINITIONAL_REPRESENTATION('',(#9177),#9181);
#9177 = LINE('',#9178,#9179);
#9178 = CARTESIAN_POINT('',(-0.,-3.));
#9179 = VECTOR('',#9180,1.);
#9180 = DIRECTION('',(-1.,-0.));
#9181 = ( GEOMETRIC_REPRESENTATION_CONTEXT(2) 
PARAMETRIC_REPRESENTATION_CONTEXT() REPRESENTATION_CONTEXT('2D SPACE',''
  ) );
#9182 = PCURVE('',#9183,#9188);
#9183 = CONICAL_SURFACE('',#9184,13.7,9.966865249116E-02);
#9184 = AXIS2_PLACEMENT_3D('',#9185,#9186,#9187);
#9185 = CARTESIAN_POINT('',(0.,0.,139.));
#9186 = DIRECTION('',(0.,0.,1.));
#9187 = DIRECTION('',(1.,0.,-0.));
#9188 = DEFINITIONAL_REPRESENTATION('',(#9189),#9193);
#9189 = LINE('',#9190,#9191);
#9190 = CARTESIAN_POINT('',(0.,0.));
#9191 = VECTOR('',#9192,1.);
#9192 = DIRECTION('',(1.,0.));
#9193 = ( GEOMETRIC_REPRESENTATION_CONTEXT(2) 
PARAMETRIC_REPRESENTATION_CONTEXT() REPRESENTATION_CONTEXT('2D SPACE',''
  ) );
#9194 = ORIENTED_EDGE('',*,*,#9145,.F.);
#9195 = ADVANCED_FACE('',(#9196),#9183,.T.);
#9196 = FACE_BOUND('',#9197,.T.);
#9197 = EDGE_LOOP('',(#9198,#9199,#9222,#9249));
#9198 = ORIENTED_EDGE('',*,*,#9168,.T.);
#9199 = ORIENTED_EDGE('',*,*,#9200,.T.);
#9200 = EDGE_CURVE('',#9146,#9201,#9203,.T.);
#9201 = VERTEX_POINT('',#9202);
#9202 = CARTESIAN_POINT('',(14.,0.,142.));
#9203 = SEAM_CURVE('',#9204,(#9208,#9215),.PCURVE_S1.);
#9204 = LINE('',#9205,#9206);
#9205 = CARTESIAN_POINT('',(13.7,0.,139.));
#9206 = VECTOR('',#9207,1.);
#9207 = DIRECTION('',(9.9503719021E-02,0.,0.99503719021));
#9208 = PCURVE('',#9183,#9209);
#9209 = DEFINITIONAL_REPRESENTATION('',(#9210),#9214);
#9210 = LINE('',#9211,#9212);
#9211 = CARTESIAN_POINT('',(0.,0.));
#9212 = VECTOR('',#9213,1.);
#9213 = DIRECTION('',(0.,1.));
#9214 = ( GEOMETRIC_REPRESENTATION_CONTEXT(2) 
PARAMETRIC_REPRESENTATION_CONTEXT() REPRESENTATION_CONTEXT('2D SPACE',''
  ) );
#9215 = PCURVE('',#9183,#9216);
#9216 = DEFINITIONAL_REPRESENTATION('',(#9217),#9221);
#9217 = LINE('',#9218,#9219);
#9218 = CARTESIAN_POINT('',(6.28318530718,0.));
#9219 = VECTOR('',#9220,1.);
#9220 = DIRECTION('',(0.,1.));
#9221 = ( GEOMETRIC_REPRESENTATION_CONTEXT(2) 
PARAMETRIC_REPRESENTATION_CONTEXT() REPRESENTATION_CONTEXT('2D SPACE',''
  ) );
#9222 = ORIENTED_EDGE('',*,*,#9223,.F.);
#9223 = EDGE_CURVE('',#9201,#9201,#9224,.T.);
#9224 = SURFACE_CURVE('',#9225,(#9230,#9237),.PCURVE_S1.);
#9225 = CIRCLE('',#9226,14.);
#9226 = AXIS2_PLACEMENT_3D('',#9227,#9228,#9229);
#9227 = CARTESIAN_POINT('',(0.,0.,142.));
#9228 = DIRECTION('',(0.,0.,1.));
#9229 = DIRECTION('',(1.,0.,-0.));
#9230 = PCURVE('',#9183,#9231);
#9231 = DEFINITIONAL_REPRESENTATION('',(#9232),#9236);
#9232 = LINE('',#9233,#9234);
#9233 = CARTESIAN_POINT('',(0.,3.));
#9234 = VECTOR('',#9235,1.);
#9235 = DIRECTION('',(1.,0.));
#9236 = ( GEOMETRIC_REPRESENTATION_CONTEXT(2) 
PARAMETRIC_REPRESENTATION_CONTEXT() REPRESENTATION_CONTEXT('2D SPACE',''
  ) );
#9237 = PCURVE('',#9238,#9243);
#9238 = CONICAL_SURFACE('',#9239,14.,9.966865249116E-02);
#9239 = AXIS2_PLACEMENT_3D('',#9240,#9241,#9242);
#9240 = CARTESIAN_POINT('',(0.,0.,142.));
#9241 = DIRECTION('',(-0.,-0.,-1.));
#9242 = DIRECTION('',(1.,0.,-0.));
#9243 = DEFINITIONAL_REPRESENTATION('',(#9244),#9248);
#9244 = LINE('',#9245,#9246);
#9245 = CARTESIAN_POINT('',(-0.,-0.));
#9246 = VECTOR('',#9247,1.);
#9247 = DIRECTION('',(-1.,-0.));
#9248 = ( GEOMETRIC_REPRESENTATION_CONTEXT(2) 
PARAMETRIC_REPRESENTATION_CONTEXT() REPRESENTATION_CONTEXT('2D SPACE',''
  ) );
#9249 = ORIENTED_EDGE('',*,*,#9200,.F.);
#9250 = ADVANCED_FACE('',(#9251),#9238,.T.);
#9251 = FACE_BOUND('',#9252,.T.);
#9252 = EDGE_LOOP('',(#9253,#9254,#9277,#9304));
#9253 = ORIENTED_EDGE('',*,*,#9223,.T.);
#9254 = ORIENTED_EDGE('',*,*,#9255,.T.);
#9255 = EDGE_CURVE('',#9201,#9256,#9258,.T.);
#9256 = VERTEX_POINT('',#9257);
#9257 = CARTESIAN_POINT('',(13.7,0.,145.));
#9258 = SEAM_CURVE('',#9259,(#9263,#9270),.PCURVE_S1.);
#9259 = LINE('',#9260,#9261);
#9260 = CARTESIAN_POINT('',(14.,0.,142.));
#9261 = VECTOR('',#9262,1.);
#9262 = DIRECTION('',(-9.9503719021E-02,0.,0.99503719021));
#9263 = PCURVE('',#9238,#9264);
#9264 = DEFINITIONAL_REPRESENTATION('',(#9265),#9269);
#9265 = LINE('',#9266,#9267);
#9266 = CARTESIAN_POINT('',(-0.,-0.));
#9267 = VECTOR('',#9268,1.);
#9268 = DIRECTION('',(-0.,-1.));
#9269 = ( GEOMETRIC_REPRESENTATION_CONTEXT(2) 
PARAMETRIC_REPRESENTATION_CONTEXT() REPRESENTATION_CONTEXT('2D SPACE',''
  ) );
#9270 = PCURVE('',#9238,#9271);
#9271 = DEFINITIONAL_REPRESENTATION('',(#9272),#9276);
#9272 = LINE('',#9273,#9274);
#9273 = CARTESIAN_POINT('',(-6.28318530718,-0.));
#9274 = VECTOR('',#9275,1.);
#9275 = DIRECTION('',(-0.,-1.));
#9276 = ( GEOMETRIC_REPRESENTATION_CONTEXT(2) 
PARAMETRIC_REPRESENTATION_CONTEXT() REPRESENTATION_CONTEXT('2D SPACE',''
  ) );
#9277 = ORIENTED_EDGE('',*,*,#9278,.F.);
#9278 = EDGE_CURVE('',#9256,#9256,#9279,.T.);
#9279 = SURFACE_CURVE('',#9280,(#9285,#9292),.PCURVE_S1.);
#9280 = CIRCLE('',#9281,13.7);
#9281 = AXIS2_PLACEMENT_3D('',#9282,#9283,#9284);
#9282 = CARTESIAN_POINT('',(0.,0.,145.));
#9283 = DIRECTION('',(0.,0.,1.));
#9284 = DIRECTION('',(1.,0.,-0.));
#9285 = PCURVE('',#9238,#9286);
#9286 = DEFINITIONAL_REPRESENTATION('',(#9287),#9291);
#9287 = LINE('',#9288,#9289);
#9288 = CARTESIAN_POINT('',(-0.,-3.));
#9289 = VECTOR('',#9290,1.);
#9290 = DIRECTION('',(-1.,-0.));
#9291 = ( GEOMETRIC_REPRESENTATION_CONTEXT(2) 
PARAMETRIC_REPRESENTATION_CONTEXT() REPRESENTATION_CONTEXT('2D SPACE',''
  ) );
#9292 = PCURVE('',#9293,#9298);
#9293 = CONICAL_SURFACE('',#9294,13.7,9.966865249116E-02);
#9294 = AXIS2_PLACEMENT_3D('',#9295,#9296,#9297);
#9295 = CARTESIAN_POINT('',(0.,0.,145.));
#9296 = DIRECTION('',(0.,0.,1.));
#9297 = DIRECTION('',(1.,0.,-0.));
#9298 = DEFINITIONAL_REPRESENTATION('',(#9299),#9303);
#9299 = LINE('',#9300,#9301);
#9300 = CARTESIAN_POINT('',(0.,0.));
#9301 = VECTOR('',#9302,1.);
#9302 = DIRECTION('',(1.,0.));
#9303 = ( GEOMETRIC_REPRESENTATION_CONTEXT(2) 
PARAMETRIC_REPRESENTATION_CONTEXT() REPRESENTATION_CONTEXT('2D SPACE',''
  ) );
#9304 = ORIENTED_EDGE('',*,*,#9255,.F.);
#9305 = ADVANCED_FACE('',(#9306),#9293,.T.);
#9306 = FACE_BOUND('',#9307,.T.);
#9307 = EDGE_LOOP('',(#9308,#9309,#9332,#9359));
#9308 = ORIENTED_EDGE('',*,*,#9278,.T.);
#9309 = ORIENTED_EDGE('',*,*,#9310,.T.);
#9310 = EDGE_CURVE('',#9256,#9311,#9313,.T.);
#9311 = VERTEX_POINT('',#9312);
#9312 = CARTESIAN_POINT('',(14.,0.,148.));
#9313 = SEAM_CURVE('',#9314,(#9318,#9325),.PCURVE_S1.);
#9314 = LINE('',#9315,#9316);
#9315 = CARTESIAN_POINT('',(13.7,0.,145.));
#9316 = VECTOR('',#9317,1.);
#9317 = DIRECTION('',(9.9503719021E-02,0.,0.99503719021));
#9318 = PCURVE('',#9293,#9319);
#9319 = DEFINITIONAL_REPRESENTATION('',(#9320),#9324);
#9320 = LINE('',#9321,#9322);
#9321 = CARTESIAN_POINT('',(0.,0.));
#9322 = VECTOR('',#9323,1.);
#9323 = DIRECTION('',(0.,1.));
#9324 = ( GEOMETRIC_REPRESENTATION_CONTEXT(2) 
PARAMETRIC_REPRESENTATION_CONTEXT() REPRESENTATION_CONTEXT('2D SPACE',''
  ) );
#9325 = PCURVE('',#9293,#9326);
#9326 = DEFINITIONAL_REPRESENTATION('',(#9327),#9331);
#9327 = LINE('',#9328,#9329);
#9328 = CARTESIAN_POINT('',(6.28318530718,0.));
#9329 = VECTOR('',#9330,1.);
#9330 = DIRECTION('',(0.,1.));
#9331 = ( GEOMETRIC_REPRESENTATION_CONTEXT(2) 
PARAMETRIC_REPRESENTATION_CONTEXT() REPRESENTATION_CONTEXT('2D SPACE',''
  ) );
#9332 = ORIENTED_EDGE('',*,*,#9333,.F.);
#9333 = EDGE_CURVE('',#9311,#9311,#9334,.T.);
#9334 = SURFACE_CURVE('',#9335,(#9340,#9347),.PCURVE_S1.);
#9335 = CIRCLE('',#9336,14.);
#9336 = AXIS2_PLACEMENT_3D('',#9337,#9338,#9339);
#9337 = CARTESIAN_POINT('',(0.,0.,148.));
#9338 = DIRECTION('',(0.,0.,1.));
#9339 = DIRECTION('',(1.,0.,-0.));
#9340 = PCURVE('',#9293,#9341);
#9341 = DEFINITIONAL_REPRESENTATION('',(#9342),#9346);
#9342 = LINE('',#9343,#9344);
#9343 = CARTESIAN_POINT('',(0.,3.));
#9344 = VECTOR('',#9345,1.);
#9345 = DIRECTION('',(1.,0.));
#9346 = ( GEOMETRIC_REPRESENTATION_CONTEXT(2) 
PARAMETRIC_REPRESENTATION_CONTEXT() REPRESENTATION_CONTEXT('2D SPACE',''
  ) );
#9347 = PCURVE('',#9348,#9353);
#9348 = CONICAL_SURFACE('',#9349,14.,9.966865249116E-02);
#9349 = AXIS2_PLACEMENT_3D('',#9350,#9351,#9352);
#9350 = CARTESIAN_POINT('',(0.,0.,148.));
#9351 = DIRECTION('',(-0.,-0.,-1.));
#9352 = DIRECTION('',(1.,0.,-0.));
#9353 = DEFINITIONAL_REPRESENTATION('',(#9354),#9358);
#9354 = LINE('',#9355,#9356);
#9355 = CARTESIAN_POINT('',(-0.,-0.));
#9356 = VECTOR('',#9357,1.);
#9357 = DIRECTION('',(-1.,-0.));
#9358 = ( GEOMETRIC_REPRESENTATION_CONTEXT(2) 
PARAMETRIC_REPRESENTATION_CONTEXT() REPRESENTATION_CONTEXT('2D SPACE',''
  ) );
#9359 = ORIENTED_EDGE('',*,*,#9310,.F.);
#9360 = ADVANCED_FACE('',(#9361),#9348,.T.);
#9361 = FACE_BOUND('',#9362,.T.);
#9362 = EDGE_LOOP('',(#9363,#9364,#9387,#9414));
#9363 = ORIENTED_EDGE('',*,*,#9333,.T.);
#9364 = ORIENTED_EDGE('',*,*,#9365,.T.);
#9365 = EDGE_CURVE('',#9311,#9366,#9368,.T.);
#9366 = VERTEX_POINT('',#9367);
#9367 = CARTESIAN_POINT('',(13.7,0.,151.));
#9368 = SEAM_CURVE('',#9369,(#9373,#9380),.PCURVE_S1.);
#9369 = LINE('',#9370,#9371);
#9370 = CARTESIAN_POINT('',(14.,0.,148.));
#9371 = VECTOR('',#9372,1.);
#9372 = DIRECTION('',(-9.9503719021E-02,0.,0.99503719021));
#9373 = PCURVE('',#9348,#9374);
#9374 = DEFINITIONAL_REPRESENTATION('',(#9375),#9379);
#9375 = LINE('',#9376,#9377);
#9376 = CARTESIAN_POINT('',(-0.,-0.));
#9377 = VECTOR('',#9378,1.);
#9378 = DIRECTION('',(-0.,-1.));
#9379 = ( GEOMETRIC_REPRESENTATION_CONTEXT(2) 
PARAMETRIC_REPRESENTATION_CONTEXT() REPRESENTATION_CONTEXT('2D SPACE',''
  ) );
#9380 = PCURVE('',#9348,#9381);
#9381 = DEFINITIONAL_REPRESENTATION('',(#9382),#9386);
#9382 = LINE('',#9383,#9384);
#9383 = CARTESIAN_POINT('',(-6.28318530718,-0.));
#9384 = VECTOR('',#9385,1.);
#9385 = DIRECTION('',(-0.,-1.));
#9386 = ( GEOMETRIC_REPRESENTATION_CONTEXT(2) 
PARAMETRIC_REPRESENTATION_CONTEXT() REPRESENTATION_CONTEXT('2D SPACE',''
  ) );
#9387 = ORIENTED_EDGE('',*,*,#9388,.F.);
#9388 = EDGE_CURVE('',#9366,#9366,#9389,.T.);
#9389 = SURFACE_CURVE('',#9390,(#9395,#9402),.PCURVE_S1.);
#9390 = CIRCLE('',#9391,13.7);
#9391 = AXIS2_PLACEMENT_3D('',#9392,#9393,#9394);
#9392 = CARTESIAN_POINT('',(0.,0.,151.));
#9393 = DIRECTION('',(0.,0.,1.));
#9394 = DIRECTION('',(1.,0.,-0.));
#9395 = PCURVE('',#9348,#9396);
#9396 = DEFINITIONAL_REPRESENTATION('',(#9397),#9401);
#9397 = LINE('',#9398,#9399);
#9398 = CARTESIAN_POINT('',(-0.,-3.));
#9399 = VECTOR('',#9400,1.);
#9400 = DIRECTION('',(-1.,-0.));
#9401 = ( GEOMETRIC_REPRESENTATION_CONTEXT(2) 
PARAMETRIC_REPRESENTATION_CONTEXT() REPRESENTATION_CONTEXT('2D SPACE',''
  ) );
#9402 = PCURVE('',#9403,#9408);
#9403 = CONICAL_SURFACE('',#9404,13.7,9.966865249116E-02);
#9404 = AXIS2_PLACEMENT_3D('',#9405,#9406,#9407);
#9405 = CARTESIAN_POINT('',(0.,0.,151.));
#9406 = DIRECTION('',(0.,0.,1.));
#9407 = DIRECTION('',(1.,0.,-0.));
#9408 = DEFINITIONAL_REPRESENTATION('',(#9409),#9413);
#9409 = LINE('',#9410,#9411);
#9410 = CARTESIAN_POINT('',(0.,0.));
#9411 = VECTOR('',#9412,1.);
#9412 = DIRECTION('',(1.,0.));
#9413 = ( GEOMETRIC_REPRESENTATION_CONTEXT(2) 
PARAMETRIC_REPRESENTATION_CONTEXT() REPRESENTATION_CONTEXT('2D SPACE',''
  ) );
#9414 = ORIENTED_EDGE('',*,*,#9365,.F.);
#9415 = ADVANCED_FACE('',(#9416),#9403,.T.);
#9416 = FACE_BOUND('',#9417,.T.);
#9417 = EDGE_LOOP('',(#9418,#9419,#9442,#9469));
#9418 = ORIENTED_EDGE('',*,*,#9388,.T.);
#9419 = ORIENTED_EDGE('',*,*,#9420,.T.);
#9420 = EDGE_CURVE('',#9366,#9421,#9423,.T.);
#9421 = VERTEX_POINT('',#9422);
#9422 = CARTESIAN_POINT('',(14.,0.,154.));
#9423 = SEAM_CURVE('',#9424,(#9428,#9435),.PCURVE_S1.);
#9424 = LINE('',#9425,#9426);
#9425 = CARTESIAN_POINT('',(13.7,0.,151.));
#9426 = VECTOR('',#9427,1.);
#9427 = DIRECTION('',(9.9503719021E-02,0.,0.99503719021));
#9428 = PCURVE('',#9403,#9429);
#9429 = DEFINITIONAL_REPRESENTATION('',(#9430),#9434);
#9430 = LINE('',#9431,#9432);
#9431 = CARTESIAN_POINT('',(0.,0.));
#9432 = VECTOR('',#9433,1.);
#9433 = DIRECTION('',(0.,1.));
#9434 = ( GEOMETRIC_REPRESENTATION_CONTEXT(2) 
PARAMETRIC_REPRESENTATION_CONTEXT() REPRESENTATION_CONTEXT('2D SPACE',''
  ) );
#9435 = PCURVE('',#9403,#9436);
#9436 = DEFINITIONAL_REPRESENTATION('',(#9437),#9441);
#9437 = LINE('',#9438,#9439);
#9438 = CARTESIAN_POINT('',(6.28318530718,0.));
#9439 = VECTOR('',#9440,1.);
#9440 = DIRECTION('',(0.,1.));
#9441 = ( GEOMETRIC_REPRESENTATION_CONTEXT(2) 
PARAMETRIC_REPRESENTATION_CONTEXT() REPRESENTATION_CONTEXT('2D SPACE',''
  ) );
#9442 = ORIENTED_EDGE('',*,*,#9443,.F.);
#9443 = EDGE_CURVE('',#9421,#9421,#9444,.T.);
#9444 = SURFACE_CURVE('',#9445,(#9450,#9457),.PCURVE_S1.);
#9445 = CIRCLE('',#9446,14.);
#9446 = AXIS2_PLACEMENT_3D('',#9447,#9448,#9449);
#9447 = CARTESIAN_POINT('',(0.,0.,154.));
#9448 = DIRECTION('',(0.,0.,1.));
#9449 = DIRECTION('',(1.,0.,-0.));
#9450 = PCURVE('',#9403,#9451);
#9451 = DEFINITIONAL_REPRESENTATION('',(#9452),#9456);
#9452 = LINE('',#9453,#9454);
#9453 = CARTESIAN_POINT('',(0.,3.));
#9454 = VECTOR('',#9455,1.);
#9455 = DIRECTION('',(1.,0.));
#9456 = ( GEOMETRIC_REPRESENTATION_CONTEXT(2) 
PARAMETRIC_REPRESENTATION_CONTEXT() REPRESENTATION_CONTEXT('2D SPACE',''
  ) );
#9457 = PCURVE('',#9458,#9463);
#9458 = CONICAL_SURFACE('',#9459,14.,9.966865249116E-02);
#9459 = AXIS2_PLACEMENT_3D('',#9460,#9461,#9462);
#9460 = CARTESIAN_POINT('',(0.,0.,154.));
#9461 = DIRECTION('',(-0.,-0.,-1.));
#9462 = DIRECTION('',(1.,0.,-0.));
#9463 = DEFINITIONAL_REPRESENTATION('',(#9464),#9468);
#9464 = LINE('',#9465,#9466);
#9465 = CARTESIAN_POINT('',(-0.,-0.));
#9466 = VECTOR('',#9467,1.);
#9467 = DIRECTION('',(-1.,-0.));
#9468 = ( GEOMETRIC_REPRESENTATION_CONTEXT(2) 
PARAMETRIC_REPRESENTATION_CONTEXT() REPRESENTATION_CONTEXT('2D SPACE',''
  ) );
#9469 = ORIENTED_EDGE('',*,*,#9420,.F.);
#9470 = ADVANCED_FACE('',(#9471),#9458,.T.);
#9471 = FACE_BOUND('',#9472,.T.);
#9472 = EDGE_LOOP('',(#9473,#9474,#9497,#9524));
#9473 = ORIENTED_EDGE('',*,*,#9443,.T.);
#9474 = ORIENTED_EDGE('',*,*,#9475,.T.);
#9475 = EDGE_CURVE('',#9421,#9476,#9478,.T.);
#9476 = VERTEX_POINT('',#9477);
#9477 = CARTESIAN_POINT('',(13.7,0.,157.));
#9478 = SEAM_CURVE('',#9479,(#9483,#9490),.PCURVE_S1.);
#9479 = LINE('',#9480,#9481);
#9480 = CARTESIAN_POINT('',(14.,0.,154.));
#9481 = VECTOR('',#9482,1.);
#9482 = DIRECTION('',(-9.9503719021E-02,0.,0.99503719021));
#9483 = PCURVE('',#9458,#9484);
#9484 = DEFINITIONAL_REPRESENTATION('',(#9485),#9489);
#9485 = LINE('',#9486,#9487);
#9486 = CARTESIAN_POINT('',(-0.,-0.));
#9487 = VECTOR('',#9488,1.);
#9488 = DIRECTION('',(-0.,-1.));
#9489 = ( GEOMETRIC_REPRESENTATION_CONTEXT(2) 
PARAMETRIC_REPRESENTATION_CONTEXT() REPRESENTATION_CONTEXT('2D SPACE',''
  ) );
#9490 = PCURVE('',#9458,#9491);
#9491 = DEFINITIONAL_REPRESENTATION('',(#9492),#9496);
#9492 = LINE('',#9493,#9494);
#9493 = CARTESIAN_POINT('',(-6.28318530718,-0.));
#9494 = VECTOR('',#9495,1.);
#9495 = DIRECTION('',(-0.,-1.));
#9496 = ( GEOMETRIC_REPRESENTATION_CONTEXT(2) 
PARAMETRIC_REPRESENTATION_CONTEXT() REPRESENTATION_CONTEXT('2D SPACE',''
  ) );
#9497 = ORIENTED_EDGE('',*,*,#9498,.F.);
#9498 = EDGE_CURVE('',#9476,#9476,#9499,.T.);
#9499 = SURFACE_CURVE('',#9500,(#9505,#9512),.PCURVE_S1.);
#9500 = CIRCLE('',#9501,13.7);
#9501 = AXIS2_PLACEMENT_3D('',#9502,#9503,#9504);
#9502 = CARTESIAN_POINT('',(0.,0.,157.));
#9503 = DIRECTION('',(0.,0.,1.));
#9504 = DIRECTION('',(1.,0.,-0.));
#9505 = PCURVE('',#9458,#9506);
#9506 = DEFINITIONAL_REPRESENTATION('',(#9507),#9511);
#9507 = LINE('',#9508,#9509);
#9508 = CARTESIAN_POINT('',(-0.,-3.));
#9509 = VECTOR('',#9510,1.);
#9510 = DIRECTION('',(-1.,-0.));
#9511 = ( GEOMETRIC_REPRESENTATION_CONTEXT(2) 
PARAMETRIC_REPRESENTATION_CONTEXT() REPRESENTATION_CONTEXT('2D SPACE',''
  ) );
#9512 = PCURVE('',#9513,#9518);
#9513 = CONICAL_SURFACE('',#9514,13.7,9.966865249116E-02);
#9514 = AXIS2_PLACEMENT_3D('',#9515,#9516,#9517);
#9515 = CARTESIAN_POINT('',(0.,0.,157.));
#9516 = DIRECTION('',(0.,0.,1.));
#9517 = DIRECTION('',(1.,0.,-0.));
#9518 = DEFINITIONAL_REPRESENTATION('',(#9519),#9523);
#9519 = LINE('',#9520,#9521);
#9520 = CARTESIAN_POINT('',(0.,0.));
#9521 = VECTOR('',#9522,1.);
#9522 = DIRECTION('',(1.,0.));
#9523 = ( GEOMETRIC_REPRESENTATION_CONTEXT(2) 
PARAMETRIC_REPRESENTATION_CONTEXT() REPRESENTATION_CONTEXT('2D SPACE',''
  ) );
#9524 = ORIENTED_EDGE('',*,*,#9475,.F.);
#9525 = ADVANCED_FACE('',(#9526),#9513,.T.);
#9526 = FACE_BOUND('',#9527,.T.);
#9527 = EDGE_LOOP('',(#9528,#9529,#9552,#9579));
#9528 = ORIENTED_EDGE('',*,*,#9498,.T.);
#9529 = ORIENTED_EDGE('',*,*,#9530,.T.);
#9530 = EDGE_CURVE('',#9476,#9531,#9533,.T.);
#9531 = VERTEX_POINT('',#9532);
#9532 = CARTESIAN_POINT('',(14.,0.,160.));
#9533 = SEAM_CURVE('',#9534,(#9538,#9545),.PCURVE_S1.);
#9534 = LINE('',#9535,#9536);
#9535 = CARTESIAN_POINT('',(13.7,0.,157.));
#9536 = VECTOR('',#9537,1.);
#9537 = DIRECTION('',(9.9503719021E-02,0.,0.99503719021));
#9538 = PCURVE('',#9513,#9539);
#9539 = DEFINITIONAL_REPRESENTATION('',(#9540),#9544);
#9540 = LINE('',#9541,#9542);
#9541 = CARTESIAN_POINT('',(0.,0.));
#9542 = VECTOR('',#9543,1.);
#9543 = DIRECTION('',(0.,1.));
#9544 = ( GEOMETRIC_REPRESENTATION_CONTEXT(2) 
PARAMETRIC_REPRESENTATION_CONTEXT() REPRESENTATION_CONTEXT('2D SPACE',''
  ) );
#9545 = PCURVE('',#9513,#9546);
#9546 = DEFINITIONAL_REPRESENTATION('',(#9547),#9551);
#9547 = LINE('',#9548,#9549);
#9548 = CARTESIAN_POINT('',(6.28318530718,0.));
#9549 = VECTOR('',#9550,1.);
#9550 = DIRECTION('',(0.,1.));
#9551 = ( GEOMETRIC_REPRESENTATION_CONTEXT(2) 
PARAMETRIC_REPRESENTATION_CONTEXT() REPRESENTATION_CONTEXT('2D SPACE',''
  ) );
#9552 = ORIENTED_EDGE('',*,*,#9553,.F.);
#9553 = EDGE_CURVE('',#9531,#9531,#9554,.T.);
#9554 = SURFACE_CURVE('',#9555,(#9560,#9567),.PCURVE_S1.);
#9555 = CIRCLE('',#9556,14.);
#9556 = AXIS2_PLACEMENT_3D('',#9557,#9558,#9559);
#9557 = CARTESIAN_POINT('',(0.,0.,160.));
#9558 = DIRECTION('',(0.,0.,1.));
#9559 = DIRECTION('',(1.,0.,-0.));
#9560 = PCURVE('',#9513,#9561);
#9561 = DEFINITIONAL_REPRESENTATION('',(#9562),#9566);
#9562 = LINE('',#9563,#9564);
#9563 = CARTESIAN_POINT('',(0.,3.));
#9564 = VECTOR('',#9565,1.);
#9565 = DIRECTION('',(1.,0.));
#9566 = ( GEOMETRIC_REPRESENTATION_CONTEXT(2) 
PARAMETRIC_REPRESENTATION_CONTEXT() REPRESENTATION_CONTEXT('2D SPACE',''
  ) );
#9567 = PCURVE('',#9568,#9573);
#9568 = CONICAL_SURFACE('',#9569,14.,9.966865249116E-02);
#9569 = AXIS2_PLACEMENT_3D('',#9570,#9571,#9572);
#9570 = CARTESIAN_POINT('',(0.,0.,160.));
#9571 = DIRECTION('',(-0.,-0.,-1.));
#9572 = DIRECTION('',(1.,0.,-0.));
#9573 = DEFINITIONAL_REPRESENTATION('',(#9574),#9578);
#9574 = LINE('',#9575,#9576);
#9575 = CARTESIAN_POINT('',(-0.,-0.));
#9576 = VECTOR('',#9577,1.);
#9577 = DIRECTION('',(-1.,-0.));
#9578 = ( GEOMETRIC_REPRESENTATION_CONTEXT(2) 
PARAMETRIC_REPRESENTATION_CONTEXT() REPRESENTATION_CONTEXT('2D SPACE',''
  ) );
#9579 = ORIENTED_EDGE('',*,*,#9530,.F.);
#9580 = ADVANCED_FACE('',(#9581),#9568,.T.);
#9581 = FACE_BOUND('',#9582,.T.);
#9582 = EDGE_LOOP('',(#9583,#9584,#9607,#9634));
#9583 = ORIENTED_EDGE('',*,*,#9553,.T.);
#9584 = ORIENTED_EDGE('',*,*,#9585,.T.);
#9585 = EDGE_CURVE('',#9531,#9586,#9588,.T.);
#9586 = VERTEX_POINT('',#9587);
#9587 = CARTESIAN_POINT('',(13.7,0.,163.));
#9588 = SEAM_CURVE('',#9589,(#9593,#9600),.PCURVE_S1.);
#9589 = LINE('',#9590,#9591);
#9590 = CARTESIAN_POINT('',(14.,0.,160.));
#9591 = VECTOR('',#9592,1.);
#9592 = DIRECTION('',(-9.9503719021E-02,0.,0.99503719021));
#9593 = PCURVE('',#9568,#9594);
#9594 = DEFINITIONAL_REPRESENTATION('',(#9595),#9599);
#9595 = LINE('',#9596,#9597);
#9596 = CARTESIAN_POINT('',(-0.,-0.));
#9597 = VECTOR('',#9598,1.);
#9598 = DIRECTION('',(-0.,-1.));
#9599 = ( GEOMETRIC_REPRESENTATION_CONTEXT(2) 
PARAMETRIC_REPRESENTATION_CONTEXT() REPRESENTATION_CONTEXT('2D SPACE',''
  ) );
#9600 = PCURVE('',#9568,#9601);
#9601 = DEFINITIONAL_REPRESENTATION('',(#9602),#9606);
#9602 = LINE('',#9603,#9604);
#9603 = CARTESIAN_POINT('',(-6.28318530718,-0.));
#9604 = VECTOR('',#9605,1.);
#9605 = DIRECTION('',(-0.,-1.));
#9606 = ( GEOMETRIC_REPRESENTATION_CONTEXT(2) 
PARAMETRIC_REPRESENTATION_CONTEXT() REPRESENTATION_CONTEXT('2D SPACE',''
  ) );
#9607 = ORIENTED_EDGE('',*,*,#9608,.F.);
#9608 = EDGE_CURVE('',#9586,#9586,#9609,.T.);
#9609 = SURFACE_CURVE('',#9610,(#9615,#9622),.PCURVE_S1.);
#9610 = CIRCLE('',#9611,13.7);
#9611 = AXIS2_PLACEMENT_3D('',#9612,#9613,#9614);
#9612 = CARTESIAN_POINT('',(0.,0.,163.));
#9613 = DIRECTION('',(0.,0.,1.));
#9614 = DIRECTION('',(1.,0.,-0.));
#9615 = PCURVE('',#9568,#9616);
#9616 = DEFINITIONAL_REPRESENTATION('',(#9617),#9621);
#9617 = LINE('',#9618,#9619);
#9618 = CARTESIAN_POINT('',(-0.,-3.));
#9619 = VECTOR('',#9620,1.);
#9620 = DIRECTION('',(-1.,-0.));
#9621 = ( GEOMETRIC_REPRESENTATION_CONTEXT(2) 
PARAMETRIC_REPRESENTATION_CONTEXT() REPRESENTATION_CONTEXT('2D SPACE',''
  ) );
#9622 = PCURVE('',#9623,#9628);
#9623 = CONICAL_SURFACE('',#9624,13.7,9.966865249116E-02);
#9624 = AXIS2_PLACEMENT_3D('',#9625,#9626,#9627);
#9625 = CARTESIAN_POINT('',(0.,0.,163.));
#9626 = DIRECTION('',(0.,0.,1.));
#9627 = DIRECTION('',(1.,0.,-0.));
#9628 = DEFINITIONAL_REPRESENTATION('',(#9629),#9633);
#9629 = LINE('',#9630,#9631);
#9630 = CARTESIAN_POINT('',(0.,0.));
#9631 = VECTOR('',#9632,1.);
#9632 = DIRECTION('',(1.,0.));
#9633 = ( GEOMETRIC_REPRESENTATION_CONTEXT(2) 
PARAMETRIC_REPRESENTATION_CONTEXT() REPRESENTATION_CONTEXT('2D SPACE',''
  ) );
#9634 = ORIENTED_EDGE('',*,*,#9585,.F.);
#9635 = ADVANCED_FACE('',(#9636),#9623,.T.);
#9636 = FACE_BOUND('',#9637,.T.);
#9637 = EDGE_LOOP('',(#9638,#9639,#9662,#9689));
#9638 = ORIENTED_EDGE('',*,*,#9608,.T.);
#9639 = ORIENTED_EDGE('',*,*,#9640,.T.);
#9640 = EDGE_CURVE('',#9586,#9641,#9643,.T.);
#9641 = VERTEX_POINT('',#9642);
#9642 = CARTESIAN_POINT('',(14.,0.,166.));
#9643 = SEAM_CURVE('',#9644,(#9648,#9655),.PCURVE_S1.);
#9644 = LINE('',#9645,#9646);
#9645 = CARTESIAN_POINT('',(13.7,0.,163.));
#9646 = VECTOR('',#9647,1.);
#9647 = DIRECTION('',(9.9503719021E-02,0.,0.99503719021));
#9648 = PCURVE('',#9623,#9649);
#9649 = DEFINITIONAL_REPRESENTATION('',(#9650),#9654);
#9650 = LINE('',#9651,#9652);
#9651 = CARTESIAN_POINT('',(0.,0.));
#9652 = VECTOR('',#9653,1.);
#9653 = DIRECTION('',(0.,1.));
#9654 = ( GEOMETRIC_REPRESENTATION_CONTEXT(2) 
PARAMETRIC_REPRESENTATION_CONTEXT() REPRESENTATION_CONTEXT('2D SPACE',''
  ) );
#9655 = PCURVE('',#9623,#9656);
#9656 = DEFINITIONAL_REPRESENTATION('',(#9657),#9661);
#9657 = LINE('',#9658,#9659);
#9658 = CARTESIAN_POINT('',(6.28318530718,0.));
#9659 = VECTOR('',#9660,1.);
#9660 = DIRECTION('',(0.,1.));
#9661 = ( GEOMETRIC_REPRESENTATION_CONTEXT(2) 
PARAMETRIC_REPRESENTATION_CONTEXT() REPRESENTATION_CONTEXT('2D SPACE',''
  ) );
#9662 = ORIENTED_EDGE('',*,*,#9663,.F.);
#9663 = EDGE_CURVE('',#9641,#9641,#9664,.T.);
#9664 = SURFACE_CURVE('',#9665,(#9670,#9677),.PCURVE_S1.);
#9665 = CIRCLE('',#9666,14.);
#9666 = AXIS2_PLACEMENT_3D('',#9667,#9668,#9669);
#9667 = CARTESIAN_POINT('',(0.,0.,166.));
#9668 = DIRECTION('',(0.,0.,1.));
#9669 = DIRECTION('',(1.,0.,-0.));
#9670 = PCURVE('',#9623,#9671);
#9671 = DEFINITIONAL_REPRESENTATION('',(#9672),#9676);
#9672 = LINE('',#9673,#9674);
#9673 = CARTESIAN_POINT('',(0.,3.));
#9674 = VECTOR('',#9675,1.);
#9675 = DIRECTION('',(1.,0.));
#9676 = ( GEOMETRIC_REPRESENTATION_CONTEXT(2) 
PARAMETRIC_REPRESENTATION_CONTEXT() REPRESENTATION_CONTEXT('2D SPACE',''
  ) );
#9677 = PCURVE('',#9678,#9683);
#9678 = CONICAL_SURFACE('',#9679,14.,9.966865249116E-02);
#9679 = AXIS2_PLACEMENT_3D('',#9680,#9681,#9682);
#9680 = CARTESIAN_POINT('',(0.,0.,166.));
#9681 = DIRECTION('',(-0.,-0.,-1.));
#9682 = DIRECTION('',(1.,0.,-0.));
#9683 = DEFINITIONAL_REPRESENTATION('',(#9684),#9688);
#9684 = LINE('',#9685,#9686);
#9685 = CARTESIAN_POINT('',(-0.,-0.));
#9686 = VECTOR('',#9687,1.);
#9687 = DIRECTION('',(-1.,-0.));
#9688 = ( GEOMETRIC_REPRESENTATION_CONTEXT(2) 
PARAMETRIC_REPRESENTATION_CONTEXT() REPRESENTATION_CONTEXT('2D SPACE',''
  ) );
#9689 = ORIENTED_EDGE('',*,*,#9640,.F.);
#9690 = ADVANCED_FACE('',(#9691),#9678,.T.);
#9691 = FACE_BOUND('',#9692,.T.);
#9692 = EDGE_LOOP('',(#9693,#9694,#9717,#9744));
#9693 = ORIENTED_EDGE('',*,*,#9663,.T.);
#9694 = ORIENTED_EDGE('',*,*,#9695,.T.);
#9695 = EDGE_CURVE('',#9641,#9696,#9698,.T.);
#9696 = VERTEX_POINT('',#9697);
#9697 = CARTESIAN_POINT('',(13.7,0.,169.));
#9698 = SEAM_CURVE('',#9699,(#9703,#9710),.PCURVE_S1.);
#9699 = LINE('',#9700,#9701);
#9700 = CARTESIAN_POINT('',(14.,0.,166.));
#9701 = VECTOR('',#9702,1.);
#9702 = DIRECTION('',(-9.9503719021E-02,0.,0.99503719021));
#9703 = PCURVE('',#9678,#9704);
#9704 = DEFINITIONAL_REPRESENTATION('',(#9705),#9709);
#9705 = LINE('',#9706,#9707);
#9706 = CARTESIAN_POINT('',(-0.,-0.));
#9707 = VECTOR('',#9708,1.);
#9708 = DIRECTION('',(-0.,-1.));
#9709 = ( GEOMETRIC_REPRESENTATION_CONTEXT(2) 
PARAMETRIC_REPRESENTATION_CONTEXT() REPRESENTATION_CONTEXT('2D SPACE',''
  ) );
#9710 = PCURVE('',#9678,#9711);
#9711 = DEFINITIONAL_REPRESENTATION('',(#9712),#9716);
#9712 = LINE('',#9713,#9714);
#9713 = CARTESIAN_POINT('',(-6.28318530718,-0.));
#9714 = VECTOR('',#9715,1.);
#9715 = DIRECTION('',(-0.,-1.));
#9716 = ( GEOMETRIC_REPRESENTATION_CONTEXT(2) 
PARAMETRIC_REPRESENTATION_CONTEXT() REPRESENTATION_CONTEXT('2D SPACE',''
  ) );
#9717 = ORIENTED_EDGE('',*,*,#9718,.F.);
#9718 = EDGE_CURVE('',#9696,#9696,#9719,.T.);
#9719 = SURFACE_CURVE('',#9720,(#9725,#9732),.PCURVE_S1.);
#9720 = CIRCLE('',#9721,13.7);
#9721 = AXIS2_PLACEMENT_3D('',#9722,#9723,#9724);
#9722 = CARTESIAN_POINT('',(0.,0.,169.));
#9723 = DIRECTION('',(0.,0.,1.));
#9724 = DIRECTION('',(1.,0.,-0.));
#9725 = PCURVE('',#9678,#9726);
#9726 = DEFINITIONAL_REPRESENTATION('',(#9727),#9731);
#9727 = LINE('',#9728,#9729);
#9728 = CARTESIAN_POINT('',(-0.,-3.));
#9729 = VECTOR('',#9730,1.);
#9730 = DIRECTION('',(-1.,-0.));
#9731 = ( GEOMETRIC_REPRESENTATION_CONTEXT(2) 
PARAMETRIC_REPRESENTATION_CONTEXT() REPRESENTATION_CONTEXT('2D SPACE',''
  ) );
#9732 = PCURVE('',#9733,#9738);
#9733 = CONICAL_SURFACE('',#9734,13.7,9.966865249116E-02);
#9734 = AXIS2_PLACEMENT_3D('',#9735,#9736,#9737);
#9735 = CARTESIAN_POINT('',(0.,0.,169.));
#9736 = DIRECTION('',(0.,0.,1.));
#9737 = DIRECTION('',(1.,0.,-0.));
#9738 = DEFINITIONAL_REPRESENTATION('',(#9739),#9743);
#9739 = LINE('',#9740,#9741);
#9740 = CARTESIAN_POINT('',(0.,0.));
#9741 = VECTOR('',#9742,1.);
#9742 = DIRECTION('',(1.,0.));
#9743 = ( GEOMETRIC_REPRESENTATION_CONTEXT(2) 
PARAMETRIC_REPRESENTATION_CONTEXT() REPRESENTATION_CONTEXT('2D SPACE',''
  ) );
#9744 = ORIENTED_EDGE('',*,*,#9695,.F.);
#9745 = ADVANCED_FACE('',(#9746),#9733,.T.);
#9746 = FACE_BOUND('',#9747,.T.);
#9747 = EDGE_LOOP('',(#9748,#9749,#9772,#9799));
#9748 = ORIENTED_EDGE('',*,*,#9718,.T.);
#9749 = ORIENTED_EDGE('',*,*,#9750,.T.);
#9750 = EDGE_CURVE('',#9696,#9751,#9753,.T.);
#9751 = VERTEX_POINT('',#9752);
#9752 = CARTESIAN_POINT('',(14.,0.,172.));
#9753 = SEAM_CURVE('',#9754,(#9758,#9765),.PCURVE_S1.);
#9754 = LINE('',#9755,#9756);
#9755 = CARTESIAN_POINT('',(13.7,0.,169.));
#9756 = VECTOR('',#9757,1.);
#9757 = DIRECTION('',(9.9503719021E-02,0.,0.99503719021));
#9758 = PCURVE('',#9733,#9759);
#9759 = DEFINITIONAL_REPRESENTATION('',(#9760),#9764);
#9760 = LINE('',#9761,#9762);
#9761 = CARTESIAN_POINT('',(0.,0.));
#9762 = VECTOR('',#9763,1.);
#9763 = DIRECTION('',(0.,1.));
#9764 = ( GEOMETRIC_REPRESENTATION_CONTEXT(2) 
PARAMETRIC_REPRESENTATION_CONTEXT() REPRESENTATION_CONTEXT('2D SPACE',''
  ) );
#9765 = PCURVE('',#9733,#9766);
#9766 = DEFINITIONAL_REPRESENTATION('',(#9767),#9771);
#9767 = LINE('',#9768,#9769);
#9768 = CARTESIAN_POINT('',(6.28318530718,0.));
#9769 = VECTOR('',#9770,1.);
#9770 = DIRECTION('',(0.,1.));
#9771 = ( GEOMETRIC_REPRESENTATION_CONTEXT(2) 
PARAMETRIC_REPRESENTATION_CONTEXT() REPRESENTATION_CONTEXT('2D SPACE',''
  ) );
#9772 = ORIENTED_EDGE('',*,*,#9773,.F.);
#9773 = EDGE_CURVE('',#9751,#9751,#9774,.T.);
#9774 = SURFACE_CURVE('',#9775,(#9780,#9787),.PCURVE_S1.);
#9775 = CIRCLE('',#9776,14.);
#9776 = AXIS2_PLACEMENT_3D('',#9777,#9778,#9779);
#9777 = CARTESIAN_POINT('',(0.,0.,172.));
#9778 = DIRECTION('',(0.,0.,1.));
#9779 = DIRECTION('',(1.,0.,-0.));
#9780 = PCURVE('',#9733,#9781);
#9781 = DEFINITIONAL_REPRESENTATION('',(#9782),#9786);
#9782 = LINE('',#9783,#9784);
#9783 = CARTESIAN_POINT('',(0.,3.));
#9784 = VECTOR('',#9785,1.);
#9785 = DIRECTION('',(1.,0.));
#9786 = ( GEOMETRIC_REPRESENTATION_CONTEXT(2) 
PARAMETRIC_REPRESENTATION_CONTEXT() REPRESENTATION_CONTEXT('2D SPACE',''
  ) );
#9787 = PCURVE('',#9788,#9793);
#9788 = CONICAL_SURFACE('',#9789,14.,9.966865249116E-02);
#9789 = AXIS2_PLACEMENT_3D('',#9790,#9791,#9792);
#9790 = CARTESIAN_POINT('',(0.,0.,172.));
#9791 = DIRECTION('',(-0.,-0.,-1.));
#9792 = DIRECTION('',(1.,0.,-0.));
#9793 = DEFINITIONAL_REPRESENTATION('',(#9794),#9798);
#9794 = LINE('',#9795,#9796);
#9795 = CARTESIAN_POINT('',(-0.,-0.));
#9796 = VECTOR('',#9797,1.);
#9797 = DIRECTION('',(-1.,-0.));
#9798 = ( GEOMETRIC_REPRESENTATION_CONTEXT(2) 
PARAMETRIC_REPRESENTATION_CONTEXT() REPRESENTATION_CONTEXT('2D SPACE',''
  ) );
#9799 = ORIENTED_EDGE('',*,*,#9750,.F.);
#9800 = ADVANCED_FACE('',(#9801),#9788,.T.);
#9801 = FACE_BOUND('',#9802,.T.);
#9802 = EDGE_LOOP('',(#9803,#9804,#9827,#9854));
#9803 = ORIENTED_EDGE('',*,*,#9773,.T.);
#9804 = ORIENTED_EDGE('',*,*,#9805,.T.);
#9805 = EDGE_CURVE('',#9751,#9806,#9808,.T.);
#9806 = VERTEX_POINT('',#9807);
#9807 = CARTESIAN_POINT('',(13.7,0.,175.));
#9808 = SEAM_CURVE('',#9809,(#9813,#9820),.PCURVE_S1.);
#9809 = LINE('',#9810,#9811);
#9810 = CARTESIAN_POINT('',(14.,0.,172.));
#9811 = VECTOR('',#9812,1.);
#9812 = DIRECTION('',(-9.9503719021E-02,0.,0.99503719021));
#9813 = PCURVE('',#9788,#9814);
#9814 = DEFINITIONAL_REPRESENTATION('',(#9815),#9819);
#9815 = LINE('',#9816,#9817);
#9816 = CARTESIAN_POINT('',(-0.,-0.));
#9817 = VECTOR('',#9818,1.);
#9818 = DIRECTION('',(-0.,-1.));
#9819 = ( GEOMETRIC_REPRESENTATION_CONTEXT(2) 
PARAMETRIC_REPRESENTATION_CONTEXT() REPRESENTATION_CONTEXT('2D SPACE',''
  ) );
#9820 = PCURVE('',#9788,#9821);
#9821 = DEFINITIONAL_REPRESENTATION('',(#9822),#9826);
#9822 = LINE('',#9823,#9824);
#9823 = CARTESIAN_POINT('',(-6.28318530718,-0.));
#9824 = VECTOR('',#9825,1.);
#9825 = DIRECTION('',(-0.,-1.));
#9826 = ( GEOMETRIC_REPRESENTATION_CONTEXT(2) 
PARAMETRIC_REPRESENTATION_CONTEXT() REPRESENTATION_CONTEXT('2D SPACE',''
  ) );
#9827 = ORIENTED_EDGE('',*,*,#9828,.F.);
#9828 = EDGE_CURVE('',#9806,#9806,#9829,.T.);
#9829 = SURFACE_CURVE('',#9830,(#9835,#9842),.PCURVE_S1.);
#9830 = CIRCLE('',#9831,13.7);
#9831 = AXIS2_PLACEMENT_3D('',#9832,#9833,#9834);
#9832 = CARTESIAN_POINT('',(0.,0.,175.));
#9833 = DIRECTION('',(0.,0.,1.));
#9834 = DIRECTION('',(1.,0.,-0.));
#9835 = PCURVE('',#9788,#9836);
#9836 = DEFINITIONAL_REPRESENTATION('',(#9837),#9841);
#9837 = LINE('',#9838,#9839);
#9838 = CARTESIAN_POINT('',(-0.,-3.));
#9839 = VECTOR('',#9840,1.);
#9840 = DIRECTION('',(-1.,-0.));
#9841 = ( GEOMETRIC_REPRESENTATION_CONTEXT(2) 
PARAMETRIC_REPRESENTATION_CONTEXT() REPRESENTATION_CONTEXT('2D SPACE',''
  ) );
#9842 = PCURVE('',#9843,#9848);
#9843 = CONICAL_SURFACE('',#9844,13.7,9.966865249116E-02);
#9844 = AXIS2_PLACEMENT_3D('',#9845,#9846,#9847);
#9845 = CARTESIAN_POINT('',(0.,0.,175.));
#9846 = DIRECTION('',(0.,0.,1.));
#9847 = DIRECTION('',(1.,0.,-0.));
#9848 = DEFINITIONAL_REPRESENTATION('',(#9849),#9853);
#9849 = LINE('',#9850,#9851);
#9850 = CARTESIAN_POINT('',(0.,0.));
#9851 = VECTOR('',#9852,1.);
#9852 = DIRECTION('',(1.,0.));
#9853 = ( GEOMETRIC_REPRESENTATION_CONTEXT(2) 
PARAMETRIC_REPRESENTATION_CONTEXT() REPRESENTATION_CONTEXT('2D SPACE',''
  ) );
#9854 = ORIENTED_EDGE('',*,*,#9805,.F.);
#9855 = ADVANCED_FACE('',(#9856),#9843,.T.);
#9856 = FACE_BOUND('',#9857,.T.);
#9857 = EDGE_LOOP('',(#9858,#9859,#9882,#9909));
#9858 = ORIENTED_EDGE('',*,*,#9828,.T.);
#9859 = ORIENTED_EDGE('',*,*,#9860,.T.);
#9860 = EDGE_CURVE('',#9806,#9861,#9863,.T.);
#9861 = VERTEX_POINT('',#9862);
#9862 = CARTESIAN_POINT('',(14.,0.,178.));
#9863 = SEAM_CURVE('',#9864,(#9868,#9875),.PCURVE_S1.);
#9864 = LINE('',#9865,#9866);
#9865 = CARTESIAN_POINT('',(13.7,0.,175.));
#9866 = VECTOR('',#9867,1.);
#9867 = DIRECTION('',(9.9503719021E-02,0.,0.99503719021));
#9868 = PCURVE('',#9843,#9869);
#9869 = DEFINITIONAL_REPRESENTATION('',(#9870),#9874);
#9870 = LINE('',#9871,#9872);
#9871 = CARTESIAN_POINT('',(0.,0.));
#9872 = VECTOR('',#9873,1.);
#9873 = DIRECTION('',(0.,1.));
#9874 = ( GEOMETRIC_REPRESENTATION_CONTEXT(2) 
PARAMETRIC_REPRESENTATION_CONTEXT() REPRESENTATION_CONTEXT('2D SPACE',''
  ) );
#9875 = PCURVE('',#9843,#9876);
#9876 = DEFINITIONAL_REPRESENTATION('',(#9877),#9881);
#9877 = LINE('',#9878,#9879);
#9878 = CARTESIAN_POINT('',(6.28318530718,0.));
#9879 = VECTOR('',#9880,1.);
#9880 = DIRECTION('',(0.,1.));
#9881 = ( GEOMETRIC_REPRESENTATION_CONTEXT(2) 
PARAMETRIC_REPRESENTATION_CONTEXT() REPRESENTATION_CONTEXT('2D SPACE',''
  ) );
#9882 = ORIENTED_EDGE('',*,*,#9883,.F.);
#9883 = EDGE_CURVE('',#9861,#9861,#9884,.T.);
#9884 = SURFACE_CURVE('',#9885,(#9890,#9897),.PCURVE_S1.);
#9885 = CIRCLE('',#9886,14.);
#9886 = AXIS2_PLACEMENT_3D('',#9887,#9888,#9889);
#9887 = CARTESIAN_POINT('',(0.,0.,178.));
#9888 = DIRECTION('',(0.,0.,1.));
#9889 = DIRECTION('',(1.,0.,-0.));
#9890 = PCURVE('',#9843,#9891);
#9891 = DEFINITIONAL_REPRESENTATION('',(#9892),#9896);
#9892 = LINE('',#9893,#9894);
#9893 = CARTESIAN_POINT('',(0.,3.));
#9894 = VECTOR('',#9895,1.);
#9895 = DIRECTION('',(1.,0.));
#9896 = ( GEOMETRIC_REPRESENTATION_CONTEXT(2) 
PARAMETRIC_REPRESENTATION_CONTEXT() REPRESENTATION_CONTEXT('2D SPACE',''
  ) );
#9897 = PCURVE('',#9898,#9903);
#9898 = CONICAL_SURFACE('',#9899,14.,9.966865249116E-02);
#9899 = AXIS2_PLACEMENT_3D('',#9900,#9901,#9902);
#9900 = CARTESIAN_POINT('',(0.,0.,178.));
#9901 = DIRECTION('',(-0.,-0.,-1.));
#9902 = DIRECTION('',(1.,0.,-0.));
#9903 = DEFINITIONAL_REPRESENTATION('',(#9904),#9908);
#9904 = LINE('',#9905,#9906);
#9905 = CARTESIAN_POINT('',(-0.,-0.));
#9906 = VECTOR('',#9907,1.);
#9907 = DIRECTION('',(-1.,-0.));
#9908 = ( GEOMETRIC_REPRESENTATION_CONTEXT(2) 
PARAMETRIC_REPRESENTATION_CONTEXT() REPRESENTATION_CONTEXT('2D SPACE',''
  ) );
#9909 = ORIENTED_EDGE('',*,*,#9860,.F.);
#9910 = ADVANCED_FACE('',(#9911),#9898,.T.);
#9911 = FACE_BOUND('',#9912,.T.);
#9912 = EDGE_LOOP('',(#9913,#9914,#9937,#9964));
#9913 = ORIENTED_EDGE('',*,*,#9883,.T.);
#9914 = ORIENTED_EDGE('',*,*,#9915,.T.);
#9915 = EDGE_CURVE('',#9861,#9916,#9918,.T.);
#9916 = VERTEX_POINT('',#9917);
#9917 = CARTESIAN_POINT('',(13.7,0.,181.));
#9918 = SEAM_CURVE('',#9919,(#9923,#9930),.PCURVE_S1.);
#9919 = LINE('',#9920,#9921);
#9920 = CARTESIAN_POINT('',(14.,0.,178.));
#9921 = VECTOR('',#9922,1.);
#9922 = DIRECTION('',(-9.9503719021E-02,0.,0.99503719021));
#9923 = PCURVE('',#9898,#9924);
#9924 = DEFINITIONAL_REPRESENTATION('',(#9925),#9929);
#9925 = LINE('',#9926,#9927);
#9926 = CARTESIAN_POINT('',(-0.,-0.));
#9927 = VECTOR('',#9928,1.);
#9928 = DIRECTION('',(-0.,-1.));
#9929 = ( GEOMETRIC_REPRESENTATION_CONTEXT(2) 
PARAMETRIC_REPRESENTATION_CONTEXT() REPRESENTATION_CONTEXT('2D SPACE',''
  ) );
#9930 = PCURVE('',#9898,#9931);
#9931 = DEFINITIONAL_REPRESENTATION('',(#9932),#9936);
#9932 = LINE('',#9933,#9934);
#9933 = CARTESIAN_POINT('',(-6.28318530718,-0.));
#9934 = VECTOR('',#9935,1.);
#9935 = DIRECTION('',(-0.,-1.));
#9936 = ( GEOMETRIC_REPRESENTATION_CONTEXT(2) 
PARAMETRIC_REPRESENTATION_CONTEXT() REPRESENTATION_CONTEXT('2D SPACE',''
  ) );
#9937 = ORIENTED_EDGE('',*,*,#9938,.F.);
#9938 = EDGE_CURVE('',#9916,#9916,#9939,.T.);
#9939 = SURFACE_CURVE('',#9940,(#9945,#9952),.PCURVE_S1.);
#9940 = CIRCLE('',#9941,13.7);
#9941 = AXIS2_PLACEMENT_3D('',#9942,#9943,#9944);
#9942 = CARTESIAN_POINT('',(0.,0.,181.));
#9943 = DIRECTION('',(0.,0.,1.));
#9944 = DIRECTION('',(1.,0.,-0.));
#9945 = PCURVE('',#9898,#9946);
#9946 = DEFINITIONAL_REPRESENTATION('',(#9947),#9951);
#9947 = LINE('',#9948,#9949);
#9948 = CARTESIAN_POINT('',(-0.,-3.));
#9949 = VECTOR('',#9950,1.);
#9950 = DIRECTION('',(-1.,-0.));
#9951 = ( GEOMETRIC_REPRESENTATION_CONTEXT(2) 
PARAMETRIC_REPRESENTATION_CONTEXT() REPRESENTATION_CONTEXT('2D SPACE',''
  ) );
#9952 = PCURVE('',#9953,#9958);
#9953 = CONICAL_SURFACE('',#9954,13.7,9.966865249116E-02);
#9954 = AXIS2_PLACEMENT_3D('',#9955,#9956,#9957);
#9955 = CARTESIAN_POINT('',(0.,0.,181.));
#9956 = DIRECTION('',(0.,0.,1.));
#9957 = DIRECTION('',(1.,0.,-0.));
#9958 = DEFINITIONAL_REPRESENTATION('',(#9959),#9963);
#9959 = LINE('',#9960,#9961);
#9960 = CARTESIAN_POINT('',(0.,0.));
#9961 = VECTOR('',#9962,1.);
#9962 = DIRECTION('',(1.,0.));
#9963 = ( GEOMETRIC_REPRESENTATION_CONTEXT(2) 
PARAMETRIC_REPRESENTATION_CONTEXT() REPRESENTATION_CONTEXT('2D SPACE',''
  ) );
#9964 = ORIENTED_EDGE('',*,*,#9915,.F.);
#9965 = ADVANCED_FACE('',(#9966),#9953,.T.);
#9966 = FACE_BOUND('',#9967,.T.);
#9967 = EDGE_LOOP('',(#9968,#9969,#9992,#10019));
#9968 = ORIENTED_EDGE('',*,*,#9938,.T.);
#9969 = ORIENTED_EDGE('',*,*,#9970,.T.);
#9970 = EDGE_CURVE('',#9916,#9971,#9973,.T.);
#9971 = VERTEX_POINT('',#9972);
#9972 = CARTESIAN_POINT('',(14.,0.,184.));
#9973 = SEAM_CURVE('',#9974,(#9978,#9985),.PCURVE_S1.);
#9974 = LINE('',#9975,#9976);
#9975 = CARTESIAN_POINT('',(13.7,0.,181.));
#9976 = VECTOR('',#9977,1.);
#9977 = DIRECTION('',(9.9503719021E-02,0.,0.99503719021));
#9978 = PCURVE('',#9953,#9979);
#9979 = DEFINITIONAL_REPRESENTATION('',(#9980),#9984);
#9980 = LINE('',#9981,#9982);
#9981 = CARTESIAN_POINT('',(0.,0.));
#9982 = VECTOR('',#9983,1.);
#9983 = DIRECTION('',(0.,1.));
#9984 = ( GEOMETRIC_REPRESENTATION_CONTEXT(2) 
PARAMETRIC_REPRESENTATION_CONTEXT() REPRESENTATION_CONTEXT('2D SPACE',''
  ) );
#9985 = PCURVE('',#9953,#9986);
#9986 = DEFINITIONAL_REPRESENTATION('',(#9987),#9991);
#9987 = LINE('',#9988,#9989);
#9988 = CARTESIAN_POINT('',(6.28318530718,0.));
#9989 = VECTOR('',#9990,1.);
#9990 = DIRECTION('',(0.,1.));
#9991 = ( GEOMETRIC_REPRESENTATION_CONTEXT(2) 
PARAMETRIC_REPRESENTATION_CONTEXT() REPRESENTATION_CONTEXT('2D SPACE',''
  ) );
#9992 = ORIENTED_EDGE('',*,*,#9993,.F.);
#9993 = EDGE_CURVE('',#9971,#9971,#9994,.T.);
#9994 = SURFACE_CURVE('',#9995,(#10000,#10007),.PCURVE_S1.);
#9995 = CIRCLE('',#9996,14.);
#9996 = AXIS2_PLACEMENT_3D('',#9997,#9998,#9999);
#9997 = CARTESIAN_POINT('',(0.,0.,184.));
#9998 = DIRECTION('',(0.,0.,1.));
#9999 = DIRECTION('',(1.,0.,-0.));
#10000 = PCURVE('',#9953,#10001);
#10001 = DEFINITIONAL_REPRESENTATION('',(#10002),#10006);
#10002 = LINE('',#10003,#10004);
#10003 = CARTESIAN_POINT('',(0.,3.));
#10004 = VECTOR('',#10005,1.);
#10005 = DIRECTION('',(1.,0.));
#10006 = ( GEOMETRIC_REPRESENTATION_CONTEXT(2) 
PARAMETRIC_REPRESENTATION_CONTEXT() REPRESENTATION_CONTEXT('2D SPACE',''
  ) );
#10007 = PCURVE('',#10008,#10013);
#10008 = CONICAL_SURFACE('',#10009,14.,9.966865249116E-02);
#10009 = AXIS2_PLACEMENT_3D('',#10010,#10011,#10012);
#10010 = CARTESIAN_POINT('',(0.,0.,184.));
#10011 = DIRECTION('',(-0.,-0.,-1.));
#10012 = DIRECTION('',(1.,0.,-0.));
#10013 = DEFINITIONAL_REPRESENTATION('',(#10014),#10018);
#10014 = LINE('',#10015,#10016);
#10015 = CARTESIAN_POINT('',(-0.,-0.));
#10016 = VECTOR('',#10017,1.);
#10017 = DIRECTION('',(-1.,-0.));
#10018 = ( GEOMETRIC_REPRESENTATION_CONTEXT(2) 
PARAMETRIC_REPRESENTATION_CONTEXT() REPRESENTATION_CONTEXT('2D SPACE',''
  ) );
#10019 = ORIENTED_EDGE('',*,*,#9970,.F.);
#10020 = ADVANCED_FACE('',(#10021),#10008,.T.);
#10021 = FACE_BOUND('',#10022,.T.);
#10022 = EDGE_LOOP('',(#10023,#10024,#10047,#10074));
#10023 = ORIENTED_EDGE('',*,*,#9993,.T.);
#10024 = ORIENTED_EDGE('',*,*,#10025,.T.);
#10025 = EDGE_CURVE('',#9971,#10026,#10028,.T.);
#10026 = VERTEX_POINT('',#10027);
#10027 = CARTESIAN_POINT('',(13.7,0.,187.));
#10028 = SEAM_CURVE('',#10029,(#10033,#10040),.PCURVE_S1.);
#10029 = LINE('',#10030,#10031);
#10030 = CARTESIAN_POINT('',(14.,0.,184.));
#10031 = VECTOR('',#10032,1.);
#10032 = DIRECTION('',(-9.9503719021E-02,0.,0.99503719021));
#10033 = PCURVE('',#10008,#10034);
#10034 = DEFINITIONAL_REPRESENTATION('',(#10035),#10039);
#10035 = LINE('',#10036,#10037);
#10036 = CARTESIAN_POINT('',(-0.,-0.));
#10037 = VECTOR('',#10038,1.);
#10038 = DIRECTION('',(-0.,-1.));
#10039 = ( GEOMETRIC_REPRESENTATION_CONTEXT(2) 
PARAMETRIC_REPRESENTATION_CONTEXT() REPRESENTATION_CONTEXT('2D SPACE',''
  ) );
#10040 = PCURVE('',#10008,#10041);
#10041 = DEFINITIONAL_REPRESENTATION('',(#10042),#10046);
#10042 = LINE('',#10043,#10044);
#10043 = CARTESIAN_POINT('',(-6.28318530718,-0.));
#10044 = VECTOR('',#10045,1.);
#10045 = DIRECTION('',(-0.,-1.));
#10046 = ( GEOMETRIC_REPRESENTATION_CONTEXT(2) 
PARAMETRIC_REPRESENTATION_CONTEXT() REPRESENTATION_CONTEXT('2D SPACE',''
  ) );
#10047 = ORIENTED_EDGE('',*,*,#10048,.F.);
#10048 = EDGE_CURVE('',#10026,#10026,#10049,.T.);
#10049 = SURFACE_CURVE('',#10050,(#10055,#10062),.PCURVE_S1.);
#10050 = CIRCLE('',#10051,13.7);
#10051 = AXIS2_PLACEMENT_3D('',#10052,#10053,#10054);
#10052 = CARTESIAN_POINT('',(0.,0.,187.));
#10053 = DIRECTION('',(0.,0.,1.));
#10054 = DIRECTION('',(1.,0.,-0.));
#10055 = PCURVE('',#10008,#10056);
#10056 = DEFINITIONAL_REPRESENTATION('',(#10057),#10061);
#10057 = LINE('',#10058,#10059);
#10058 = CARTESIAN_POINT('',(-0.,-3.));
#10059 = VECTOR('',#10060,1.);
#10060 = DIRECTION('',(-1.,-0.));
#10061 = ( GEOMETRIC_REPRESENTATION_CONTEXT(2) 
PARAMETRIC_REPRESENTATION_CONTEXT() REPRESENTATION_CONTEXT('2D SPACE',''
  ) );
#10062 = PCURVE('',#10063,#10068);
#10063 = CONICAL_SURFACE('',#10064,13.7,9.966865249116E-02);
#10064 = AXIS2_PLACEMENT_3D('',#10065,#10066,#10067);
#10065 = CARTESIAN_POINT('',(0.,0.,187.));
#10066 = DIRECTION('',(0.,0.,1.));
#10067 = DIRECTION('',(1.,0.,-0.));
#10068 = DEFINITIONAL_REPRESENTATION('',(#10069),#10073);
#10069 = LINE('',#10070,#10071);
#10070 = CARTESIAN_POINT('',(0.,0.));
#10071 = VECTOR('',#10072,1.);
#10072 = DIRECTION('',(1.,0.));
#10073 = ( GEOMETRIC_REPRESENTATION_CONTEXT(2) 
PARAMETRIC_REPRESENTATION_CONTEXT() REPRESENTATION_CONTEXT('2D SPACE',''
  ) );
#10074 = ORIENTED_EDGE('',*,*,#10025,.F.);
#10075 = ADVANCED_FACE('',(#10076),#10063,.T.);
#10076 = FACE_BOUND('',#10077,.T.);
#10077 = EDGE_LOOP('',(#10078,#10079,#10102,#10129));
#10078 = ORIENTED_EDGE('',*,*,#10048,.T.);
#10079 = ORIENTED_EDGE('',*,*,#10080,.T.);
#10080 = EDGE_CURVE('',#10026,#10081,#10083,.T.);
#10081 = VERTEX_POINT('',#10082);
#10082 = CARTESIAN_POINT('',(14.,0.,190.));
#10083 = SEAM_CURVE('',#10084,(#10088,#10095),.PCURVE_S1.);
#10084 = LINE('',#10085,#10086);
#10085 = CARTESIAN_POINT('',(13.7,0.,187.));
#10086 = VECTOR('',#10087,1.);
#10087 = DIRECTION('',(9.9503719021E-02,0.,0.99503719021));
#10088 = PCURVE('',#10063,#10089);
#10089 = DEFINITIONAL_REPRESENTATION('',(#10090),#10094);
#10090 = LINE('',#10091,#10092);
#10091 = CARTESIAN_POINT('',(0.,0.));
#10092 = VECTOR('',#10093,1.);
#10093 = DIRECTION('',(0.,1.));
#10094 = ( GEOMETRIC_REPRESENTATION_CONTEXT(2) 
PARAMETRIC_REPRESENTATION_CONTEXT() REPRESENTATION_CONTEXT('2D SPACE',''
  ) );
#10095 = PCURVE('',#10063,#10096);
#10096 = DEFINITIONAL_REPRESENTATION('',(#10097),#10101);
#10097 = LINE('',#10098,#10099);
#10098 = CARTESIAN_POINT('',(6.28318530718,0.));
#10099 = VECTOR('',#10100,1.);
#10100 = DIRECTION('',(0.,1.));
#10101 = ( GEOMETRIC_REPRESENTATION_CONTEXT(2) 
PARAMETRIC_REPRESENTATION_CONTEXT() REPRESENTATION_CONTEXT('2D SPACE',''
  ) );
#10102 = ORIENTED_EDGE('',*,*,#10103,.F.);
#10103 = EDGE_CURVE('',#10081,#10081,#10104,.T.);
#10104 = SURFACE_CURVE('',#10105,(#10110,#10117),.PCURVE_S1.);
#10105 = CIRCLE('',#10106,14.);
#10106 = AXIS2_PLACEMENT_3D('',#10107,#10108,#10109);
#10107 = CARTESIAN_POINT('',(0.,0.,190.));
#10108 = DIRECTION('',(0.,0.,1.));
#10109 = DIRECTION('',(1.,0.,-0.));
#10110 = PCURVE('',#10063,#10111);
#10111 = DEFINITIONAL_REPRESENTATION('',(#10112),#10116);
#10112 = LINE('',#10113,#10114);
#10113 = CARTESIAN_POINT('',(0.,3.));
#10114 = VECTOR('',#10115,1.);
#10115 = DIRECTION('',(1.,0.));
#10116 = ( GEOMETRIC_REPRESENTATION_CONTEXT(2) 
PARAMETRIC_REPRESENTATION_CONTEXT() REPRESENTATION_CONTEXT('2D SPACE',''
  ) );
#10117 = PCURVE('',#10118,#10123);
#10118 = CONICAL_SURFACE('',#10119,14.,9.966865249116E-02);
#10119 = AXIS2_PLACEMENT_3D('',#10120,#10121,#10122);
#10120 = CARTESIAN_POINT('',(0.,0.,190.));
#10121 = DIRECTION('',(-0.,-0.,-1.));
#10122 = DIRECTION('',(1.,0.,-0.));
#10123 = DEFINITIONAL_REPRESENTATION('',(#10124),#10128);
#10124 = LINE('',#10125,#10126);
#10125 = CARTESIAN_POINT('',(-0.,-0.));
#10126 = VECTOR('',#10127,1.);
#10127 = DIRECTION('',(-1.,-0.));
#10128 = ( GEOMETRIC_REPRESENTATION_CONTEXT(2) 
PARAMETRIC_REPRESENTATION_CONTEXT() REPRESENTATION_CONTEXT('2D SPACE',''
  ) );
#10129 = ORIENTED_EDGE('',*,*,#10080,.F.);
#10130 = ADVANCED_FACE('',(#10131),#10118,.T.);
#10131 = FACE_BOUND('',#10132,.T.);
#10132 = EDGE_LOOP('',(#10133,#10134,#10157,#10184));
#10133 = ORIENTED_EDGE('',*,*,#10103,.T.);
#10134 = ORIENTED_EDGE('',*,*,#10135,.T.);
#10135 = EDGE_CURVE('',#10081,#10136,#10138,.T.);
#10136 = VERTEX_POINT('',#10137);
#10137 = CARTESIAN_POINT('',(13.7,0.,193.));
#10138 = SEAM_CURVE('',#10139,(#10143,#10150),.PCURVE_S1.);
#10139 = LINE('',#10140,#10141);
#10140 = CARTESIAN_POINT('',(14.,0.,190.));
#10141 = VECTOR('',#10142,1.);
#10142 = DIRECTION('',(-9.9503719021E-02,0.,0.99503719021));
#10143 = PCURVE('',#10118,#10144);
#10144 = DEFINITIONAL_REPRESENTATION('',(#10145),#10149);
#10145 = LINE('',#10146,#10147);
#10146 = CARTESIAN_POINT('',(-0.,-0.));
#10147 = VECTOR('',#10148,1.);
#10148 = DIRECTION('',(-0.,-1.));
#10149 = ( GEOMETRIC_REPRESENTATION_CONTEXT(2) 
PARAMETRIC_REPRESENTATION_CONTEXT() REPRESENTATION_CONTEXT('2D SPACE',''
  ) );
#10150 = PCURVE('',#10118,#10151);
#10151 = DEFINITIONAL_REPRESENTATION('',(#10152),#10156);
#10152 = LINE('',#10153,#10154);
#10153 = CARTESIAN_POINT('',(-6.28318530718,-0.));
#10154 = VECTOR('',#10155,1.);
#10155 = DIRECTION('',(-0.,-1.));
#10156 = ( GEOMETRIC_REPRESENTATION_CONTEXT(2) 
PARAMETRIC_REPRESENTATION_CONTEXT() REPRESENTATION_CONTEXT('2D SPACE',''
  ) );
#10157 = ORIENTED_EDGE('',*,*,#10158,.F.);
#10158 = EDGE_CURVE('',#10136,#10136,#10159,.T.);
#10159 = SURFACE_CURVE('',#10160,(#10165,#10172),.PCURVE_S1.);
#10160 = CIRCLE('',#10161,13.7);
#10161 = AXIS2_PLACEMENT_3D('',#10162,#10163,#10164);
#10162 = CARTESIAN_POINT('',(0.,0.,193.));
#10163 = DIRECTION('',(0.,0.,1.));
#10164 = DIRECTION('',(1.,0.,-0.));
#10165 = PCURVE('',#10118,#10166);
#10166 = DEFINITIONAL_REPRESENTATION('',(#10167),#10171);
#10167 = LINE('',#10168,#10169);
#10168 = CARTESIAN_POINT('',(-0.,-3.));
#10169 = VECTOR('',#10170,1.);
#10170 = DIRECTION('',(-1.,-0.));
#10171 = ( GEOMETRIC_REPRESENTATION_CONTEXT(2) 
PARAMETRIC_REPRESENTATION_CONTEXT() REPRESENTATION_CONTEXT('2D SPACE',''
  ) );
#10172 = PCURVE('',#10173,#10178);
#10173 = CONICAL_SURFACE('',#10174,13.7,9.966865249116E-02);
#10174 = AXIS2_PLACEMENT_3D('',#10175,#10176,#10177);
#10175 = CARTESIAN_POINT('',(0.,0.,193.));
#10176 = DIRECTION('',(0.,0.,1.));
#10177 = DIRECTION('',(1.,0.,-0.));
#10178 = DEFINITIONAL_REPRESENTATION('',(#10179),#10183);
#10179 = LINE('',#10180,#10181);
#10180 = CARTESIAN_POINT('',(0.,0.));
#10181 = VECTOR('',#10182,1.);
#10182 = DIRECTION('',(1.,0.));
#10183 = ( GEOMETRIC_REPRESENTATION_CONTEXT(2) 
PARAMETRIC_REPRESENTATION_CONTEXT() REPRESENTATION_CONTEXT('2D SPACE',''
  ) );
#10184 = ORIENTED_EDGE('',*,*,#10135,.F.);
#10185 = ADVANCED_FACE('',(#10186),#10173,.T.);
#10186 = FACE_BOUND('',#10187,.T.);
#10187 = EDGE_LOOP('',(#10188,#10189,#10212,#10239));
#10188 = ORIENTED_EDGE('',*,*,#10158,.T.);
#10189 = ORIENTED_EDGE('',*,*,#10190,.T.);
#10190 = EDGE_CURVE('',#10136,#10191,#10193,.T.);
#10191 = VERTEX_POINT('',#10192);
#10192 = CARTESIAN_POINT('',(14.,0.,196.));
#10193 = SEAM_CURVE('',#10194,(#10198,#10205),.PCURVE_S1.);
#10194 = LINE('',#10195,#10196);
#10195 = CARTESIAN_POINT('',(13.7,0.,193.));
#10196 = VECTOR('',#10197,1.);
#10197 = DIRECTION('',(9.9503719021E-02,0.,0.99503719021));
#10198 = PCURVE('',#10173,#10199);
#10199 = DEFINITIONAL_REPRESENTATION('',(#10200),#10204);
#10200 = LINE('',#10201,#10202);
#10201 = CARTESIAN_POINT('',(0.,0.));
#10202 = VECTOR('',#10203,1.);
#10203 = DIRECTION('',(0.,1.));
#10204 = ( GEOMETRIC_REPRESENTATION_CONTEXT(2) 
PARAMETRIC_REPRESENTATION_CONTEXT() REPRESENTATION_CONTEXT('2D SPACE',''
  ) );
#10205 = PCURVE('',#10173,#10206);
#10206 = DEFINITIONAL_REPRESENTATION('',(#10207),#10211);
#10207 = LINE('',#10208,#10209);
#10208 = CARTESIAN_POINT('',(6.28318530718,0.));
#10209 = VECTOR('',#10210,1.);
#10210 = DIRECTION('',(0.,1.));
#10211 = ( GEOMETRIC_REPRESENTATION_CONTEXT(2) 
PARAMETRIC_REPRESENTATION_CONTEXT() REPRESENTATION_CONTEXT('2D SPACE',''
  ) );
#10212 = ORIENTED_EDGE('',*,*,#10213,.F.);
#10213 = EDGE_CURVE('',#10191,#10191,#10214,.T.);
#10214 = SURFACE_CURVE('',#10215,(#10220,#10227),.PCURVE_S1.);
#10215 = CIRCLE('',#10216,14.);
#10216 = AXIS2_PLACEMENT_3D('',#10217,#10218,#10219);
#10217 = CARTESIAN_POINT('',(0.,0.,196.));
#10218 = DIRECTION('',(0.,0.,1.));
#10219 = DIRECTION('',(1.,0.,-0.));
#10220 = PCURVE('',#10173,#10221);
#10221 = DEFINITIONAL_REPRESENTATION('',(#10222),#10226);
#10222 = LINE('',#10223,#10224);
#10223 = CARTESIAN_POINT('',(0.,3.));
#10224 = VECTOR('',#10225,1.);
#10225 = DIRECTION('',(1.,0.));
#10226 = ( GEOMETRIC_REPRESENTATION_CONTEXT(2) 
PARAMETRIC_REPRESENTATION_CONTEXT() REPRESENTATION_CONTEXT('2D SPACE',''
  ) );
#10227 = PCURVE('',#10228,#10233);
#10228 = CONICAL_SURFACE('',#10229,14.,9.966865249116E-02);
#10229 = AXIS2_PLACEMENT_3D('',#10230,#10231,#10232);
#10230 = CARTESIAN_POINT('',(0.,0.,196.));
#10231 = DIRECTION('',(-0.,-0.,-1.));
#10232 = DIRECTION('',(1.,0.,-0.));
#10233 = DEFINITIONAL_REPRESENTATION('',(#10234),#10238);
#10234 = LINE('',#10235,#10236);
#10235 = CARTESIAN_POINT('',(-0.,-0.));
#10236 = VECTOR('',#10237,1.);
#10237 = DIRECTION('',(-1.,-0.));
#10238 = ( GEOMETRIC_REPRESENTATION_CONTEXT(2) 
PARAMETRIC_REPRESENTATION_CONTEXT() REPRESENTATION_CONTEXT('2D SPACE',''
  ) );
#10239 = ORIENTED_EDGE('',*,*,#10190,.F.);
#10240 = ADVANCED_FACE('',(#10241),#10228,.T.);
#10241 = FACE_BOUND('',#10242,.T.);
#10242 = EDGE_LOOP('',(#10243,#10244,#10267,#10294));
#10243 = ORIENTED_EDGE('',*,*,#10213,.T.);
#10244 = ORIENTED_EDGE('',*,*,#10245,.T.);
#10245 = EDGE_CURVE('',#10191,#10246,#10248,.T.);
#10246 = VERTEX_POINT('',#10247);
#10247 = CARTESIAN_POINT('',(13.7,0.,199.));
#10248 = SEAM_CURVE('',#10249,(#10253,#10260),.PCURVE_S1.);
#10249 = LINE('',#10250,#10251);
#10250 = CARTESIAN_POINT('',(14.,0.,196.));
#10251 = VECTOR('',#10252,1.);
#10252 = DIRECTION('',(-9.9503719021E-02,0.,0.99503719021));
#10253 = PCURVE('',#10228,#10254);
#10254 = DEFINITIONAL_REPRESENTATION('',(#10255),#10259);
#10255 = LINE('',#10256,#10257);
#10256 = CARTESIAN_POINT('',(-0.,-0.));
#10257 = VECTOR('',#10258,1.);
#10258 = DIRECTION('',(-0.,-1.));
#10259 = ( GEOMETRIC_REPRESENTATION_CONTEXT(2) 
PARAMETRIC_REPRESENTATION_CONTEXT() REPRESENTATION_CONTEXT('2D SPACE',''
  ) );
#10260 = PCURVE('',#10228,#10261);
#10261 = DEFINITIONAL_REPRESENTATION('',(#10262),#10266);
#10262 = LINE('',#10263,#10264);
#10263 = CARTESIAN_POINT('',(-6.28318530718,-0.));
#10264 = VECTOR('',#10265,1.);
#10265 = DIRECTION('',(-0.,-1.));
#10266 = ( GEOMETRIC_REPRESENTATION_CONTEXT(2) 
PARAMETRIC_REPRESENTATION_CONTEXT() REPRESENTATION_CONTEXT('2D SPACE',''
  ) );
#10267 = ORIENTED_EDGE('',*,*,#10268,.F.);
#10268 = EDGE_CURVE('',#10246,#10246,#10269,.T.);
#10269 = SURFACE_CURVE('',#10270,(#10275,#10282),.PCURVE_S1.);
#10270 = CIRCLE('',#10271,13.7);
#10271 = AXIS2_PLACEMENT_3D('',#10272,#10273,#10274);
#10272 = CARTESIAN_POINT('',(0.,0.,199.));
#10273 = DIRECTION('',(0.,0.,1.));
#10274 = DIRECTION('',(1.,0.,-0.));
#10275 = PCURVE('',#10228,#10276);
#10276 = DEFINITIONAL_REPRESENTATION('',(#10277),#10281);
#10277 = LINE('',#10278,#10279);
#10278 = CARTESIAN_POINT('',(-0.,-3.));
#10279 = VECTOR('',#10280,1.);
#10280 = DIRECTION('',(-1.,-0.));
#10281 = ( GEOMETRIC_REPRESENTATION_CONTEXT(2) 
PARAMETRIC_REPRESENTATION_CONTEXT() REPRESENTATION_CONTEXT('2D SPACE',''
  ) );
#10282 = PCURVE('',#10283,#10288);
#10283 = CONICAL_SURFACE('',#10284,13.7,9.966865249116E-02);
#10284 = AXIS2_PLACEMENT_3D('',#10285,#10286,#10287);
#10285 = CARTESIAN_POINT('',(0.,0.,199.));
#10286 = DIRECTION('',(0.,0.,1.));
#10287 = DIRECTION('',(1.,0.,-0.));
#10288 = DEFINITIONAL_REPRESENTATION('',(#10289),#10293);
#10289 = LINE('',#10290,#10291);
#10290 = CARTESIAN_POINT('',(0.,0.));
#10291 = VECTOR('',#10292,1.);
#10292 = DIRECTION('',(1.,0.));
#10293 = ( GEOMETRIC_REPRESENTATION_CONTEXT(2) 
PARAMETRIC_REPRESENTATION_CONTEXT() REPRESENTATION_CONTEXT('2D SPACE',''
  ) );
#10294 = ORIENTED_EDGE('',*,*,#10245,.F.);
#10295 = ADVANCED_FACE('',(#10296),#10283,.T.);
#10296 = FACE_BOUND('',#10297,.T.);
#10297 = EDGE_LOOP('',(#10298,#10299,#10322,#10349));
#10298 = ORIENTED_EDGE('',*,*,#10268,.T.);
#10299 = ORIENTED_EDGE('',*,*,#10300,.T.);
#10300 = EDGE_CURVE('',#10246,#10301,#10303,.T.);
#10301 = VERTEX_POINT('',#10302);
#10302 = CARTESIAN_POINT('',(14.,0.,202.));
#10303 = SEAM_CURVE('',#10304,(#10308,#10315),.PCURVE_S1.);
#10304 = LINE('',#10305,#10306);
#10305 = CARTESIAN_POINT('',(13.7,0.,199.));
#10306 = VECTOR('',#10307,1.);
#10307 = DIRECTION('',(9.9503719021E-02,0.,0.99503719021));
#10308 = PCURVE('',#10283,#10309);
#10309 = DEFINITIONAL_REPRESENTATION('',(#10310),#10314);
#10310 = LINE('',#10311,#10312);
#10311 = CARTESIAN_POINT('',(0.,0.));
#10312 = VECTOR('',#10313,1.);
#10313 = DIRECTION('',(0.,1.));
#10314 = ( GEOMETRIC_REPRESENTATION_CONTEXT(2) 
PARAMETRIC_REPRESENTATION_CONTEXT() REPRESENTATION_CONTEXT('2D SPACE',''
  ) );
#10315 = PCURVE('',#10283,#10316);
#10316 = DEFINITIONAL_REPRESENTATION('',(#10317),#10321);
#10317 = LINE('',#10318,#10319);
#10318 = CARTESIAN_POINT('',(6.28318530718,0.));
#10319 = VECTOR('',#10320,1.);
#10320 = DIRECTION('',(0.,1.));
#10321 = ( GEOMETRIC_REPRESENTATION_CONTEXT(2) 
PARAMETRIC_REPRESENTATION_CONTEXT() REPRESENTATION_CONTEXT('2D SPACE',''
  ) );
#10322 = ORIENTED_EDGE('',*,*,#10323,.F.);
#10323 = EDGE_CURVE('',#10301,#10301,#10324,.T.);
#10324 = SURFACE_CURVE('',#10325,(#10330,#10337),.PCURVE_S1.);
#10325 = CIRCLE('',#10326,14.);
#10326 = AXIS2_PLACEMENT_3D('',#10327,#10328,#10329);
#10327 = CARTESIAN_POINT('',(0.,0.,202.));
#10328 = DIRECTION('',(0.,0.,1.));
#10329 = DIRECTION('',(1.,0.,-0.));
#10330 = PCURVE('',#10283,#10331);
#10331 = DEFINITIONAL_REPRESENTATION('',(#10332),#10336);
#10332 = LINE('',#10333,#10334);
#10333 = CARTESIAN_POINT('',(0.,3.));
#10334 = VECTOR('',#10335,1.);
#10335 = DIRECTION('',(1.,0.));
#10336 = ( GEOMETRIC_REPRESENTATION_CONTEXT(2) 
PARAMETRIC_REPRESENTATION_CONTEXT() REPRESENTATION_CONTEXT('2D SPACE',''
  ) );
#10337 = PCURVE('',#10338,#10343);
#10338 = CONICAL_SURFACE('',#10339,14.,9.966865249116E-02);
#10339 = AXIS2_PLACEMENT_3D('',#10340,#10341,#10342);
#10340 = CARTESIAN_POINT('',(0.,0.,202.));
#10341 = DIRECTION('',(-0.,-0.,-1.));
#10342 = DIRECTION('',(1.,0.,-0.));
#10343 = DEFINITIONAL_REPRESENTATION('',(#10344),#10348);
#10344 = LINE('',#10345,#10346);
#10345 = CARTESIAN_POINT('',(-0.,-0.));
#10346 = VECTOR('',#10347,1.);
#10347 = DIRECTION('',(-1.,-0.));
#10348 = ( GEOMETRIC_REPRESENTATION_CONTEXT(2) 
PARAMETRIC_REPRESENTATION_CONTEXT() REPRESENTATION_CONTEXT('2D SPACE',''
  ) );
#10349 = ORIENTED_EDGE('',*,*,#10300,.F.);
#10350 = ADVANCED_FACE('',(#10351),#10338,.T.);
#10351 = FACE_BOUND('',#10352,.T.);
#10352 = EDGE_LOOP('',(#10353,#10354,#10377,#10404));
#10353 = ORIENTED_EDGE('',*,*,#10323,.T.);
#10354 = ORIENTED_EDGE('',*,*,#10355,.T.);
#10355 = EDGE_CURVE('',#10301,#10356,#10358,.T.);
#10356 = VERTEX_POINT('',#10357);
#10357 = CARTESIAN_POINT('',(13.7,0.,205.));
#10358 = SEAM_CURVE('',#10359,(#10363,#10370),.PCURVE_S1.);
#10359 = LINE('',#10360,#10361);
#10360 = CARTESIAN_POINT('',(14.,0.,202.));
#10361 = VECTOR('',#10362,1.);
#10362 = DIRECTION('',(-9.9503719021E-02,0.,0.99503719021));
#10363 = PCURVE('',#10338,#10364);
#10364 = DEFINITIONAL_REPRESENTATION('',(#10365),#10369);
#10365 = LINE('',#10366,#10367);
#10366 = CARTESIAN_POINT('',(-0.,-0.));
#10367 = VECTOR('',#10368,1.);
#10368 = DIRECTION('',(-0.,-1.));
#10369 = ( GEOMETRIC_REPRESENTATION_CONTEXT(2) 
PARAMETRIC_REPRESENTATION_CONTEXT() REPRESENTATION_CONTEXT('2D SPACE',''
  ) );
#10370 = PCURVE('',#10338,#10371);
#10371 = DEFINITIONAL_REPRESENTATION('',(#10372),#10376);
#10372 = LINE('',#10373,#10374);
#10373 = CARTESIAN_POINT('',(-6.28318530718,-0.));
#10374 = VECTOR('',#10375,1.);
#10375 = DIRECTION('',(-0.,-1.));
#10376 = ( GEOMETRIC_REPRESENTATION_CONTEXT(2) 
PARAMETRIC_REPRESENTATION_CONTEXT() REPRESENTATION_CONTEXT('2D SPACE',''
  ) );
#10377 = ORIENTED_EDGE('',*,*,#10378,.F.);
#10378 = EDGE_CURVE('',#10356,#10356,#10379,.T.);
#10379 = SURFACE_CURVE('',#10380,(#10385,#10392),.PCURVE_S1.);
#10380 = CIRCLE('',#10381,13.7);
#10381 = AXIS2_PLACEMENT_3D('',#10382,#10383,#10384);
#10382 = CARTESIAN_POINT('',(0.,0.,205.));
#10383 = DIRECTION('',(0.,0.,1.));
#10384 = DIRECTION('',(1.,0.,-0.));
#10385 = PCURVE('',#10338,#10386);
#10386 = DEFINITIONAL_REPRESENTATION('',(#10387),#10391);
#10387 = LINE('',#10388,#10389);
#10388 = CARTESIAN_POINT('',(-0.,-3.));
#10389 = VECTOR('',#10390,1.);
#10390 = DIRECTION('',(-1.,-0.));
#10391 = ( GEOMETRIC_REPRESENTATION_CONTEXT(2) 
PARAMETRIC_REPRESENTATION_CONTEXT() REPRESENTATION_CONTEXT('2D SPACE',''
  ) );
#10392 = PCURVE('',#10393,#10398);
#10393 = CONICAL_SURFACE('',#10394,13.7,9.966865249116E-02);
#10394 = AXIS2_PLACEMENT_3D('',#10395,#10396,#10397);
#10395 = CARTESIAN_POINT('',(0.,0.,205.));
#10396 = DIRECTION('',(0.,0.,1.));
#10397 = DIRECTION('',(1.,0.,-0.));
#10398 = DEFINITIONAL_REPRESENTATION('',(#10399),#10403);
#10399 = LINE('',#10400,#10401);
#10400 = CARTESIAN_POINT('',(0.,0.));
#10401 = VECTOR('',#10402,1.);
#10402 = DIRECTION('',(1.,0.));
#10403 = ( GEOMETRIC_REPRESENTATION_CONTEXT(2) 
PARAMETRIC_REPRESENTATION_CONTEXT() REPRESENTATION_CONTEXT('2D SPACE',''
  ) );
#10404 = ORIENTED_EDGE('',*,*,#10355,.F.);
#10405 = ADVANCED_FACE('',(#10406),#10393,.T.);
#10406 = FACE_BOUND('',#10407,.T.);
#10407 = EDGE_LOOP('',(#10408,#10409,#10432,#10459));
#10408 = ORIENTED_EDGE('',*,*,#10378,.T.);
#10409 = ORIENTED_EDGE('',*,*,#10410,.T.);
#10410 = EDGE_CURVE('',#10356,#10411,#10413,.T.);
#10411 = VERTEX_POINT('',#10412);
#10412 = CARTESIAN_POINT('',(14.,0.,208.));
#10413 = SEAM_CURVE('',#10414,(#10418,#10425),.PCURVE_S1.);
#10414 = LINE('',#10415,#10416);
#10415 = CARTESIAN_POINT('',(13.7,0.,205.));
#10416 = VECTOR('',#10417,1.);
#10417 = DIRECTION('',(9.9503719021E-02,0.,0.99503719021));
#10418 = PCURVE('',#10393,#10419);
#10419 = DEFINITIONAL_REPRESENTATION('',(#10420),#10424);
#10420 = LINE('',#10421,#10422);
#10421 = CARTESIAN_POINT('',(0.,0.));
#10422 = VECTOR('',#10423,1.);
#10423 = DIRECTION('',(0.,1.));
#10424 = ( GEOMETRIC_REPRESENTATION_CONTEXT(2) 
PARAMETRIC_REPRESENTATION_CONTEXT() REPRESENTATION_CONTEXT('2D SPACE',''
  ) );
#10425 = PCURVE('',#10393,#10426);
#10426 = DEFINITIONAL_REPRESENTATION('',(#10427),#10431);
#10427 = LINE('',#10428,#10429);
#10428 = CARTESIAN_POINT('',(6.28318530718,0.));
#10429 = VECTOR('',#10430,1.);
#10430 = DIRECTION('',(0.,1.));
#10431 = ( GEOMETRIC_REPRESENTATION_CONTEXT(2) 
PARAMETRIC_REPRESENTATION_CONTEXT() REPRESENTATION_CONTEXT('2D SPACE',''
  ) );
#10432 = ORIENTED_EDGE('',*,*,#10433,.F.);
#10433 = EDGE_CURVE('',#10411,#10411,#10434,.T.);
#10434 = SURFACE_CURVE('',#10435,(#10440,#10447),.PCURVE_S1.);
#10435 = CIRCLE('',#10436,14.);
#10436 = AXIS2_PLACEMENT_3D('',#10437,#10438,#10439);
#10437 = CARTESIAN_POINT('',(0.,0.,208.));
#10438 = DIRECTION('',(0.,0.,1.));
#10439 = DIRECTION('',(1.,0.,-0.));
#10440 = PCURVE('',#10393,#10441);
#10441 = DEFINITIONAL_REPRESENTATION('',(#10442),#10446);
#10442 = LINE('',#10443,#10444);
#10443 = CARTESIAN_POINT('',(0.,3.));
#10444 = VECTOR('',#10445,1.);
#10445 = DIRECTION('',(1.,0.));
#10446 = ( GEOMETRIC_REPRESENTATION_CONTEXT(2) 
PARAMETRIC_REPRESENTATION_CONTEXT() REPRESENTATION_CONTEXT('2D SPACE',''
  ) );
#10447 = PCURVE('',#10448,#10453);
#10448 = CONICAL_SURFACE('',#10449,14.,9.966865249116E-02);
#10449 = AXIS2_PLACEMENT_3D('',#10450,#10451,#10452);
#10450 = CARTESIAN_POINT('',(0.,0.,208.));
#10451 = DIRECTION('',(-0.,-0.,-1.));
#10452 = DIRECTION('',(1.,0.,-0.));
#10453 = DEFINITIONAL_REPRESENTATION('',(#10454),#10458);
#10454 = LINE('',#10455,#10456);
#10455 = CARTESIAN_POINT('',(-0.,-0.));
#10456 = VECTOR('',#10457,1.);
#10457 = DIRECTION('',(-1.,-0.));
#10458 = ( GEOMETRIC_REPRESENTATION_CONTEXT(2) 
PARAMETRIC_REPRESENTATION_CONTEXT() REPRESENTATION_CONTEXT('2D SPACE',''
  ) );
#10459 = ORIENTED_EDGE('',*,*,#10410,.F.);
#10460 = ADVANCED_FACE('',(#10461),#10448,.T.);
#10461 = FACE_BOUND('',#10462,.T.);
#10462 = EDGE_LOOP('',(#10463,#10464,#10487,#10514));
#10463 = ORIENTED_EDGE('',*,*,#10433,.T.);
#10464 = ORIENTED_EDGE('',*,*,#10465,.T.);
#10465 = EDGE_CURVE('',#10411,#10466,#10468,.T.);
#10466 = VERTEX_POINT('',#10467);
#10467 = CARTESIAN_POINT('',(13.7,0.,211.));
#10468 = SEAM_CURVE('',#10469,(#10473,#10480),.PCURVE_S1.);
#10469 = LINE('',#10470,#10471);
#10470 = CARTESIAN_POINT('',(14.,0.,208.));
#10471 = VECTOR('',#10472,1.);
#10472 = DIRECTION('',(-9.9503719021E-02,0.,0.99503719021));
#10473 = PCURVE('',#10448,#10474);
#10474 = DEFINITIONAL_REPRESENTATION('',(#10475),#10479);
#10475 = LINE('',#10476,#10477);
#10476 = CARTESIAN_POINT('',(-0.,-0.));
#10477 = VECTOR('',#10478,1.);
#10478 = DIRECTION('',(-0.,-1.));
#10479 = ( GEOMETRIC_REPRESENTATION_CONTEXT(2) 
PARAMETRIC_REPRESENTATION_CONTEXT() REPRESENTATION_CONTEXT('2D SPACE',''
  ) );
#10480 = PCURVE('',#10448,#10481);
#10481 = DEFINITIONAL_REPRESENTATION('',(#10482),#10486);
#10482 = LINE('',#10483,#10484);
#10483 = CARTESIAN_POINT('',(-6.28318530718,-0.));
#10484 = VECTOR('',#10485,1.);
#10485 = DIRECTION('',(-0.,-1.));
#10486 = ( GEOMETRIC_REPRESENTATION_CONTEXT(2) 
PARAMETRIC_REPRESENTATION_CONTEXT() REPRESENTATION_CONTEXT('2D SPACE',''
  ) );
#10487 = ORIENTED_EDGE('',*,*,#10488,.F.);
#10488 = EDGE_CURVE('',#10466,#10466,#10489,.T.);
#10489 = SURFACE_CURVE('',#10490,(#10495,#10502),.PCURVE_S1.);
#10490 = CIRCLE('',#10491,13.7);
#10491 = AXIS2_PLACEMENT_3D('',#10492,#10493,#10494);
#10492 = CARTESIAN_POINT('',(0.,0.,211.));
#10493 = DIRECTION('',(0.,0.,1.));
#10494 = DIRECTION('',(1.,0.,-0.));
#10495 = PCURVE('',#10448,#10496);
#10496 = DEFINITIONAL_REPRESENTATION('',(#10497),#10501);
#10497 = LINE('',#10498,#10499);
#10498 = CARTESIAN_POINT('',(-0.,-3.));
#10499 = VECTOR('',#10500,1.);
#10500 = DIRECTION('',(-1.,-0.));
#10501 = ( GEOMETRIC_REPRESENTATION_CONTEXT(2) 
PARAMETRIC_REPRESENTATION_CONTEXT() REPRESENTATION_CONTEXT('2D SPACE',''
  ) );
#10502 = PCURVE('',#10503,#10508);
#10503 = CONICAL_SURFACE('',#10504,13.7,9.966865249116E-02);
#10504 = AXIS2_PLACEMENT_3D('',#10505,#10506,#10507);
#10505 = CARTESIAN_POINT('',(0.,0.,211.));
#10506 = DIRECTION('',(0.,0.,1.));
#10507 = DIRECTION('',(1.,0.,-0.));
#10508 = DEFINITIONAL_REPRESENTATION('',(#10509),#10513);
#10509 = LINE('',#10510,#10511);
#10510 = CARTESIAN_POINT('',(0.,0.));
#10511 = VECTOR('',#10512,1.);
#10512 = DIRECTION('',(1.,0.));
#10513 = ( GEOMETRIC_REPRESENTATION_CONTEXT(2) 
PARAMETRIC_REPRESENTATION_CONTEXT() REPRESENTATION_CONTEXT('2D SPACE',''
  ) );
#10514 = ORIENTED_EDGE('',*,*,#10465,.F.);
#10515 = ADVANCED_FACE('',(#10516),#10503,.T.);
#10516 = FACE_BOUND('',#10517,.T.);
#10517 = EDGE_LOOP('',(#10518,#10519,#10542,#10569));
#10518 = ORIENTED_EDGE('',*,*,#10488,.T.);
#10519 = ORIENTED_EDGE('',*,*,#10520,.T.);
#10520 = EDGE_CURVE('',#10466,#10521,#10523,.T.);
#10521 = VERTEX_POINT('',#10522);
#10522 = CARTESIAN_POINT('',(14.,0.,214.));
#10523 = SEAM_CURVE('',#10524,(#10528,#10535),.PCURVE_S1.);
#10524 = LINE('',#10525,#10526);
#10525 = CARTESIAN_POINT('',(13.7,0.,211.));
#10526 = VECTOR('',#10527,1.);
#10527 = DIRECTION('',(9.9503719021E-02,0.,0.99503719021));
#10528 = PCURVE('',#10503,#10529);
#10529 = DEFINITIONAL_REPRESENTATION('',(#10530),#10534);
#10530 = LINE('',#10531,#10532);
#10531 = CARTESIAN_POINT('',(0.,0.));
#10532 = VECTOR('',#10533,1.);
#10533 = DIRECTION('',(0.,1.));
#10534 = ( GEOMETRIC_REPRESENTATION_CONTEXT(2) 
PARAMETRIC_REPRESENTATION_CONTEXT() REPRESENTATION_CONTEXT('2D SPACE',''
  ) );
#10535 = PCURVE('',#10503,#10536);
#10536 = DEFINITIONAL_REPRESENTATION('',(#10537),#10541);
#10537 = LINE('',#10538,#10539);
#10538 = CARTESIAN_POINT('',(6.28318530718,0.));
#10539 = VECTOR('',#10540,1.);
#10540 = DIRECTION('',(0.,1.));
#10541 = ( GEOMETRIC_REPRESENTATION_CONTEXT(2) 
PARAMETRIC_REPRESENTATION_CONTEXT() REPRESENTATION_CONTEXT('2D SPACE',''
  ) );
#10542 = ORIENTED_EDGE('',*,*,#10543,.F.);
#10543 = EDGE_CURVE('',#10521,#10521,#10544,.T.);
#10544 = SURFACE_CURVE('',#10545,(#10550,#10557),.PCURVE_S1.);
#10545 = CIRCLE('',#10546,14.);
#10546 = AXIS2_PLACEMENT_3D('',#10547,#10548,#10549);
#10547 = CARTESIAN_POINT('',(0.,0.,214.));
#10548 = DIRECTION('',(0.,0.,1.));
#10549 = DIRECTION('',(1.,0.,-0.));
#10550 = PCURVE('',#10503,#10551);
#10551 = DEFINITIONAL_REPRESENTATION('',(#10552),#10556);
#10552 = LINE('',#10553,#10554);
#10553 = CARTESIAN_POINT('',(0.,3.));
#10554 = VECTOR('',#10555,1.);
#10555 = DIRECTION('',(1.,0.));
#10556 = ( GEOMETRIC_REPRESENTATION_CONTEXT(2) 
PARAMETRIC_REPRESENTATION_CONTEXT() REPRESENTATION_CONTEXT('2D SPACE',''
  ) );
#10557 = PCURVE('',#10558,#10563);
#10558 = CONICAL_SURFACE('',#10559,14.,9.966865249116E-02);
#10559 = AXIS2_PLACEMENT_3D('',#10560,#10561,#10562);
#10560 = CARTESIAN_POINT('',(0.,0.,214.));
#10561 = DIRECTION('',(-0.,-0.,-1.));
#10562 = DIRECTION('',(1.,0.,-0.));
#10563 = DEFINITIONAL_REPRESENTATION('',(#10564),#10568);
#10564 = LINE('',#10565,#10566);
#10565 = CARTESIAN_POINT('',(-0.,-0.));
#10566 = VECTOR('',#10567,1.);
#10567 = DIRECTION('',(-1.,-0.));
#10568 = ( GEOMETRIC_REPRESENTATION_CONTEXT(2) 
PARAMETRIC_REPRESENTATION_CONTEXT() REPRESENTATION_CONTEXT('2D SPACE',''
  ) );
#10569 = ORIENTED_EDGE('',*,*,#10520,.F.);
#10570 = ADVANCED_FACE('',(#10571),#10558,.T.);
#10571 = FACE_BOUND('',#10572,.T.);
#10572 = EDGE_LOOP('',(#10573,#10574,#10597,#10624));
#10573 = ORIENTED_EDGE('',*,*,#10543,.T.);
#10574 = ORIENTED_EDGE('',*,*,#10575,.T.);
#10575 = EDGE_CURVE('',#10521,#10576,#10578,.T.);
#10576 = VERTEX_POINT('',#10577);
#10577 = CARTESIAN_POINT('',(13.7,0.,217.));
#10578 = SEAM_CURVE('',#10579,(#10583,#10590),.PCURVE_S1.);
#10579 = LINE('',#10580,#10581);
#10580 = CARTESIAN_POINT('',(14.,0.,214.));
#10581 = VECTOR('',#10582,1.);
#10582 = DIRECTION('',(-9.9503719021E-02,0.,0.99503719021));
#10583 = PCURVE('',#10558,#10584);
#10584 = DEFINITIONAL_REPRESENTATION('',(#10585),#10589);
#10585 = LINE('',#10586,#10587);
#10586 = CARTESIAN_POINT('',(-0.,-0.));
#10587 = VECTOR('',#10588,1.);
#10588 = DIRECTION('',(-0.,-1.));
#10589 = ( GEOMETRIC_REPRESENTATION_CONTEXT(2) 
PARAMETRIC_REPRESENTATION_CONTEXT() REPRESENTATION_CONTEXT('2D SPACE',''
  ) );
#10590 = PCURVE('',#10558,#10591);
#10591 = DEFINITIONAL_REPRESENTATION('',(#10592),#10596);
#10592 = LINE('',#10593,#10594);
#10593 = CARTESIAN_POINT('',(-6.28318530718,-0.));
#10594 = VECTOR('',#10595,1.);
#10595 = DIRECTION('',(-0.,-1.));
#10596 = ( GEOMETRIC_REPRESENTATION_CONTEXT(2) 
PARAMETRIC_REPRESENTATION_CONTEXT() REPRESENTATION_CONTEXT('2D SPACE',''
  ) );
#10597 = ORIENTED_EDGE('',*,*,#10598,.F.);
#10598 = EDGE_CURVE('',#10576,#10576,#10599,.T.);
#10599 = SURFACE_CURVE('',#10600,(#10605,#10612),.PCURVE_S1.);
#10600 = CIRCLE('',#10601,13.7);
#10601 = AXIS2_PLACEMENT_3D('',#10602,#10603,#10604);
#10602 = CARTESIAN_POINT('',(0.,0.,217.));
#10603 = DIRECTION('',(0.,0.,1.));
#10604 = DIRECTION('',(1.,0.,-0.));
#10605 = PCURVE('',#10558,#10606);
#10606 = DEFINITIONAL_REPRESENTATION('',(#10607),#10611);
#10607 = LINE('',#10608,#10609);
#10608 = CARTESIAN_POINT('',(-0.,-3.));
#10609 = VECTOR('',#10610,1.);
#10610 = DIRECTION('',(-1.,-0.));
#10611 = ( GEOMETRIC_REPRESENTATION_CONTEXT(2) 
PARAMETRIC_REPRESENTATION_CONTEXT() REPRESENTATION_CONTEXT('2D SPACE',''
  ) );
#10612 = PCURVE('',#10613,#10618);
#10613 = CONICAL_SURFACE('',#10614,13.7,9.966865249116E-02);
#10614 = AXIS2_PLACEMENT_3D('',#10615,#10616,#10617);
#10615 = CARTESIAN_POINT('',(0.,0.,217.));
#10616 = DIRECTION('',(0.,0.,1.));
#10617 = DIRECTION('',(1.,0.,-0.));
#10618 = DEFINITIONAL_REPRESENTATION('',(#10619),#10623);
#10619 = LINE('',#10620,#10621);
#10620 = CARTESIAN_POINT('',(0.,0.));
#10621 = VECTOR('',#10622,1.);
#10622 = DIRECTION('',(1.,0.));
#10623 = ( GEOMETRIC_REPRESENTATION_CONTEXT(2) 
PARAMETRIC_REPRESENTATION_CONTEXT() REPRESENTATION_CONTEXT('2D SPACE',''
  ) );
#10624 = ORIENTED_EDGE('',*,*,#10575,.F.);
#10625 = ADVANCED_FACE('',(#10626),#10613,.T.);
#10626 = FACE_BOUND('',#10627,.T.);
#10627 = EDGE_LOOP('',(#10628,#10629,#10652,#10679));
#10628 = ORIENTED_EDGE('',*,*,#10598,.T.);
#10629 = ORIENTED_EDGE('',*,*,#10630,.T.);
#10630 = EDGE_CURVE('',#10576,#10631,#10633,.T.);
#10631 = VERTEX_POINT('',#10632);
#10632 = CARTESIAN_POINT('',(14.,0.,220.));
#10633 = SEAM_CURVE('',#10634,(#10638,#10645),.PCURVE_S1.);
#10634 = LINE('',#10635,#10636);
#10635 = CARTESIAN_POINT('',(13.7,0.,217.));
#10636 = VECTOR('',#10637,1.);
#10637 = DIRECTION('',(9.9503719021E-02,0.,0.99503719021));
#10638 = PCURVE('',#10613,#10639);
#10639 = DEFINITIONAL_REPRESENTATION('',(#10640),#10644);
#10640 = LINE('',#10641,#10642);
#10641 = CARTESIAN_POINT('',(0.,0.));
#10642 = VECTOR('',#10643,1.);
#10643 = DIRECTION('',(0.,1.));
#10644 = ( GEOMETRIC_REPRESENTATION_CONTEXT(2) 
PARAMETRIC_REPRESENTATION_CONTEXT() REPRESENTATION_CONTEXT('2D SPACE',''
  ) );
#10645 = PCURVE('',#10613,#10646);
#10646 = DEFINITIONAL_REPRESENTATION('',(#10647),#10651);
#10647 = LINE('',#10648,#10649);
#10648 = CARTESIAN_POINT('',(6.28318530718,0.));
#10649 = VECTOR('',#10650,1.);
#10650 = DIRECTION('',(0.,1.));
#10651 = ( GEOMETRIC_REPRESENTATION_CONTEXT(2) 
PARAMETRIC_REPRESENTATION_CONTEXT() REPRESENTATION_CONTEXT('2D SPACE',''
  ) );
#10652 = ORIENTED_EDGE('',*,*,#10653,.F.);
#10653 = EDGE_CURVE('',#10631,#10631,#10654,.T.);
#10654 = SURFACE_CURVE('',#10655,(#10660,#10667),.PCURVE_S1.);
#10655 = CIRCLE('',#10656,14.);
#10656 = AXIS2_PLACEMENT_3D('',#10657,#10658,#10659);
#10657 = CARTESIAN_POINT('',(0.,0.,220.));
#10658 = DIRECTION('',(0.,0.,1.));
#10659 = DIRECTION('',(1.,0.,-0.));
#10660 = PCURVE('',#10613,#10661);
#10661 = DEFINITIONAL_REPRESENTATION('',(#10662),#10666);
#10662 = LINE('',#10663,#10664);
#10663 = CARTESIAN_POINT('',(0.,3.));
#10664 = VECTOR('',#10665,1.);
#10665 = DIRECTION('',(1.,0.));
#10666 = ( GEOMETRIC_REPRESENTATION_CONTEXT(2) 
PARAMETRIC_REPRESENTATION_CONTEXT() REPRESENTATION_CONTEXT('2D SPACE',''
  ) );
#10667 = PCURVE('',#10668,#10673);
#10668 = CONICAL_SURFACE('',#10669,14.,9.966865249116E-02);
#10669 = AXIS2_PLACEMENT_3D('',#10670,#10671,#10672);
#10670 = CARTESIAN_POINT('',(0.,0.,220.));
#10671 = DIRECTION('',(-0.,-0.,-1.));
#10672 = DIRECTION('',(1.,0.,-0.));
#10673 = DEFINITIONAL_REPRESENTATION('',(#10674),#10678);
#10674 = LINE('',#10675,#10676);
#10675 = CARTESIAN_POINT('',(-0.,-0.));
#10676 = VECTOR('',#10677,1.);
#10677 = DIRECTION('',(-1.,-0.));
#10678 = ( GEOMETRIC_REPRESENTATION_CONTEXT(2) 
PARAMETRIC_REPRESENTATION_CONTEXT() REPRESENTATION_CONTEXT('2D SPACE',''
  ) );
#10679 = ORIENTED_EDGE('',*,*,#10630,.F.);
#10680 = ADVANCED_FACE('',(#10681),#10668,.T.);
#10681 = FACE_BOUND('',#10682,.T.);
#10682 = EDGE_LOOP('',(#10683,#10684,#10707,#10734));
#10683 = ORIENTED_EDGE('',*,*,#10653,.T.);
#10684 = ORIENTED_EDGE('',*,*,#10685,.T.);
#10685 = EDGE_CURVE('',#10631,#10686,#10688,.T.);
#10686 = VERTEX_POINT('',#10687);
#10687 = CARTESIAN_POINT('',(13.7,0.,223.));
#10688 = SEAM_CURVE('',#10689,(#10693,#10700),.PCURVE_S1.);
#10689 = LINE('',#10690,#10691);
#10690 = CARTESIAN_POINT('',(14.,0.,220.));
#10691 = VECTOR('',#10692,1.);
#10692 = DIRECTION('',(-9.9503719021E-02,0.,0.99503719021));
#10693 = PCURVE('',#10668,#10694);
#10694 = DEFINITIONAL_REPRESENTATION('',(#10695),#10699);
#10695 = LINE('',#10696,#10697);
#10696 = CARTESIAN_POINT('',(-0.,-0.));
#10697 = VECTOR('',#10698,1.);
#10698 = DIRECTION('',(-0.,-1.));
#10699 = ( GEOMETRIC_REPRESENTATION_CONTEXT(2) 
PARAMETRIC_REPRESENTATION_CONTEXT() REPRESENTATION_CONTEXT('2D SPACE',''
  ) );
#10700 = PCURVE('',#10668,#10701);
#10701 = DEFINITIONAL_REPRESENTATION('',(#10702),#10706);
#10702 = LINE('',#10703,#10704);
#10703 = CARTESIAN_POINT('',(-6.28318530718,-0.));
#10704 = VECTOR('',#10705,1.);
#10705 = DIRECTION('',(-0.,-1.));
#10706 = ( GEOMETRIC_REPRESENTATION_CONTEXT(2) 
PARAMETRIC_REPRESENTATION_CONTEXT() REPRESENTATION_CONTEXT('2D SPACE',''
  ) );
#10707 = ORIENTED_EDGE('',*,*,#10708,.F.);
#10708 = EDGE_CURVE('',#10686,#10686,#10709,.T.);
#10709 = SURFACE_CURVE('',#10710,(#10715,#10722),.PCURVE_S1.);
#10710 = CIRCLE('',#10711,13.7);
#10711 = AXIS2_PLACEMENT_3D('',#10712,#10713,#10714);
#10712 = CARTESIAN_POINT('',(0.,0.,223.));
#10713 = DIRECTION('',(0.,0.,1.));
#10714 = DIRECTION('',(1.,0.,-0.));
#10715 = PCURVE('',#10668,#10716);
#10716 = DEFINITIONAL_REPRESENTATION('',(#10717),#10721);
#10717 = LINE('',#10718,#10719);
#10718 = CARTESIAN_POINT('',(-0.,-3.));
#10719 = VECTOR('',#10720,1.);
#10720 = DIRECTION('',(-1.,-0.));
#10721 = ( GEOMETRIC_REPRESENTATION_CONTEXT(2) 
PARAMETRIC_REPRESENTATION_CONTEXT() REPRESENTATION_CONTEXT('2D SPACE',''
  ) );
#10722 = PCURVE('',#10723,#10728);
#10723 = CONICAL_SURFACE('',#10724,13.7,9.966865249116E-02);
#10724 = AXIS2_PLACEMENT_3D('',#10725,#10726,#10727);
#10725 = CARTESIAN_POINT('',(0.,0.,223.));
#10726 = DIRECTION('',(0.,0.,1.));
#10727 = DIRECTION('',(1.,0.,-0.));
#10728 = DEFINITIONAL_REPRESENTATION('',(#10729),#10733);
#10729 = LINE('',#10730,#10731);
#10730 = CARTESIAN_POINT('',(0.,0.));
#10731 = VECTOR('',#10732,1.);
#10732 = DIRECTION('',(1.,0.));
#10733 = ( GEOMETRIC_REPRESENTATION_CONTEXT(2) 
PARAMETRIC_REPRESENTATION_CONTEXT() REPRESENTATION_CONTEXT('2D SPACE',''
  ) );
#10734 = ORIENTED_EDGE('',*,*,#10685,.F.);
#10735 = ADVANCED_FACE('',(#10736),#10723,.T.);
#10736 = FACE_BOUND('',#10737,.T.);
#10737 = EDGE_LOOP('',(#10738,#10739,#10762,#10789));
#10738 = ORIENTED_EDGE('',*,*,#10708,.T.);
#10739 = ORIENTED_EDGE('',*,*,#10740,.T.);
#10740 = EDGE_CURVE('',#10686,#10741,#10743,.T.);
#10741 = VERTEX_POINT('',#10742);
#10742 = CARTESIAN_POINT('',(14.,0.,226.));
#10743 = SEAM_CURVE('',#10744,(#10748,#10755),.PCURVE_S1.);
#10744 = LINE('',#10745,#10746);
#10745 = CARTESIAN_POINT('',(13.7,0.,223.));
#10746 = VECTOR('',#10747,1.);
#10747 = DIRECTION('',(9.9503719021E-02,0.,0.99503719021));
#10748 = PCURVE('',#10723,#10749);
#10749 = DEFINITIONAL_REPRESENTATION('',(#10750),#10754);
#10750 = LINE('',#10751,#10752);
#10751 = CARTESIAN_POINT('',(0.,0.));
#10752 = VECTOR('',#10753,1.);
#10753 = DIRECTION('',(0.,1.));
#10754 = ( GEOMETRIC_REPRESENTATION_CONTEXT(2) 
PARAMETRIC_REPRESENTATION_CONTEXT() REPRESENTATION_CONTEXT('2D SPACE',''
  ) );
#10755 = PCURVE('',#10723,#10756);
#10756 = DEFINITIONAL_REPRESENTATION('',(#10757),#10761);
#10757 = LINE('',#10758,#10759);
#10758 = CARTESIAN_POINT('',(6.28318530718,0.));
#10759 = VECTOR('',#10760,1.);
#10760 = DIRECTION('',(0.,1.));
#10761 = ( GEOMETRIC_REPRESENTATION_CONTEXT(2) 
PARAMETRIC_REPRESENTATION_CONTEXT() REPRESENTATION_CONTEXT('2D SPACE',''
  ) );
#10762 = ORIENTED_EDGE('',*,*,#10763,.F.);
#10763 = EDGE_CURVE('',#10741,#10741,#10764,.T.);
#10764 = SURFACE_CURVE('',#10765,(#10770,#10777),.PCURVE_S1.);
#10765 = CIRCLE('',#10766,14.);
#10766 = AXIS2_PLACEMENT_3D('',#10767,#10768,#10769);
#10767 = CARTESIAN_POINT('',(0.,0.,226.));
#10768 = DIRECTION('',(0.,0.,1.));
#10769 = DIRECTION('',(1.,0.,-0.));
#10770 = PCURVE('',#10723,#10771);
#10771 = DEFINITIONAL_REPRESENTATION('',(#10772),#10776);
#10772 = LINE('',#10773,#10774);
#10773 = CARTESIAN_POINT('',(0.,3.));
#10774 = VECTOR('',#10775,1.);
#10775 = DIRECTION('',(1.,0.));
#10776 = ( GEOMETRIC_REPRESENTATION_CONTEXT(2) 
PARAMETRIC_REPRESENTATION_CONTEXT() REPRESENTATION_CONTEXT('2D SPACE',''
  ) );
#10777 = PCURVE('',#10778,#10783);
#10778 = CONICAL_SURFACE('',#10779,14.,9.966865249116E-02);
#10779 = AXIS2_PLACEMENT_3D('',#10780,#10781,#10782);
#10780 = CARTESIAN_POINT('',(0.,0.,226.));
#10781 = DIRECTION('',(-0.,-0.,-1.));
#10782 = DIRECTION('',(1.,0.,-0.));
#10783 = DEFINITIONAL_REPRESENTATION('',(#10784),#10788);
#10784 = LINE('',#10785,#10786);
#10785 = CARTESIAN_POINT('',(-0.,-0.));
#10786 = VECTOR('',#10787,1.);
#10787 = DIRECTION('',(-1.,-0.));
#10788 = ( GEOMETRIC_REPRESENTATION_CONTEXT(2) 
PARAMETRIC_REPRESENTATION_CONTEXT() REPRESENTATION_CONTEXT('2D SPACE',''
  ) );
#10789 = ORIENTED_EDGE('',*,*,#10740,.F.);
#10790 = ADVANCED_FACE('',(#10791),#10778,.T.);
#10791 = FACE_BOUND('',#10792,.T.);
#10792 = EDGE_LOOP('',(#10793,#10794,#10817,#10844));
#10793 = ORIENTED_EDGE('',*,*,#10763,.T.);
#10794 = ORIENTED_EDGE('',*,*,#10795,.T.);
#10795 = EDGE_CURVE('',#10741,#10796,#10798,.T.);
#10796 = VERTEX_POINT('',#10797);
#10797 = CARTESIAN_POINT('',(13.7,0.,229.));
#10798 = SEAM_CURVE('',#10799,(#10803,#10810),.PCURVE_S1.);
#10799 = LINE('',#10800,#10801);
#10800 = CARTESIAN_POINT('',(14.,0.,226.));
#10801 = VECTOR('',#10802,1.);
#10802 = DIRECTION('',(-9.9503719021E-02,0.,0.99503719021));
#10803 = PCURVE('',#10778,#10804);
#10804 = DEFINITIONAL_REPRESENTATION('',(#10805),#10809);
#10805 = LINE('',#10806,#10807);
#10806 = CARTESIAN_POINT('',(-0.,-0.));
#10807 = VECTOR('',#10808,1.);
#10808 = DIRECTION('',(-0.,-1.));
#10809 = ( GEOMETRIC_REPRESENTATION_CONTEXT(2) 
PARAMETRIC_REPRESENTATION_CONTEXT() REPRESENTATION_CONTEXT('2D SPACE',''
  ) );
#10810 = PCURVE('',#10778,#10811);
#10811 = DEFINITIONAL_REPRESENTATION('',(#10812),#10816);
#10812 = LINE('',#10813,#10814);
#10813 = CARTESIAN_POINT('',(-6.28318530718,-0.));
#10814 = VECTOR('',#10815,1.);
#10815 = DIRECTION('',(-0.,-1.));
#10816 = ( GEOMETRIC_REPRESENTATION_CONTEXT(2) 
PARAMETRIC_REPRESENTATION_CONTEXT() REPRESENTATION_CONTEXT('2D SPACE',''
  ) );
#10817 = ORIENTED_EDGE('',*,*,#10818,.F.);
#10818 = EDGE_CURVE('',#10796,#10796,#10819,.T.);
#10819 = SURFACE_CURVE('',#10820,(#10825,#10832),.PCURVE_S1.);
#10820 = CIRCLE('',#10821,13.7);
#10821 = AXIS2_PLACEMENT_3D('',#10822,#10823,#10824);
#10822 = CARTESIAN_POINT('',(0.,0.,229.));
#10823 = DIRECTION('',(0.,0.,1.));
#10824 = DIRECTION('',(1.,0.,-0.));
#10825 = PCURVE('',#10778,#10826);
#10826 = DEFINITIONAL_REPRESENTATION('',(#10827),#10831);
#10827 = LINE('',#10828,#10829);
#10828 = CARTESIAN_POINT('',(-0.,-3.));
#10829 = VECTOR('',#10830,1.);
#10830 = DIRECTION('',(-1.,-0.));
#10831 = ( GEOMETRIC_REPRESENTATION_CONTEXT(2) 
PARAMETRIC_REPRESENTATION_CONTEXT() REPRESENTATION_CONTEXT('2D SPACE',''
  ) );
#10832 = PCURVE('',#10833,#10838);
#10833 = CONICAL_SURFACE('',#10834,13.7,9.966865249116E-02);
#10834 = AXIS2_PLACEMENT_3D('',#10835,#10836,#10837);
#10835 = CARTESIAN_POINT('',(0.,0.,229.));
#10836 = DIRECTION('',(0.,0.,1.));
#10837 = DIRECTION('',(1.,0.,-0.));
#10838 = DEFINITIONAL_REPRESENTATION('',(#10839),#10843);
#10839 = LINE('',#10840,#10841);
#10840 = CARTESIAN_POINT('',(0.,0.));
#10841 = VECTOR('',#10842,1.);
#10842 = DIRECTION('',(1.,0.));
#10843 = ( GEOMETRIC_REPRESENTATION_CONTEXT(2) 
PARAMETRIC_REPRESENTATION_CONTEXT() REPRESENTATION_CONTEXT('2D SPACE',''
  ) );
#10844 = ORIENTED_EDGE('',*,*,#10795,.F.);
#10845 = ADVANCED_FACE('',(#10846),#10833,.T.);
#10846 = FACE_BOUND('',#10847,.T.);
#10847 = EDGE_LOOP('',(#10848,#10849,#10872,#10899));
#10848 = ORIENTED_EDGE('',*,*,#10818,.T.);
#10849 = ORIENTED_EDGE('',*,*,#10850,.T.);
#10850 = EDGE_CURVE('',#10796,#10851,#10853,.T.);
#10851 = VERTEX_POINT('',#10852);
#10852 = CARTESIAN_POINT('',(14.,0.,232.));
#10853 = SEAM_CURVE('',#10854,(#10858,#10865),.PCURVE_S1.);
#10854 = LINE('',#10855,#10856);
#10855 = CARTESIAN_POINT('',(13.7,0.,229.));
#10856 = VECTOR('',#10857,1.);
#10857 = DIRECTION('',(9.9503719021E-02,0.,0.99503719021));
#10858 = PCURVE('',#10833,#10859);
#10859 = DEFINITIONAL_REPRESENTATION('',(#10860),#10864);
#10860 = LINE('',#10861,#10862);
#10861 = CARTESIAN_POINT('',(0.,0.));
#10862 = VECTOR('',#10863,1.);
#10863 = DIRECTION('',(0.,1.));
#10864 = ( GEOMETRIC_REPRESENTATION_CONTEXT(2) 
PARAMETRIC_REPRESENTATION_CONTEXT() REPRESENTATION_CONTEXT('2D SPACE',''
  ) );
#10865 = PCURVE('',#10833,#10866);
#10866 = DEFINITIONAL_REPRESENTATION('',(#10867),#10871);
#10867 = LINE('',#10868,#10869);
#10868 = CARTESIAN_POINT('',(6.28318530718,0.));
#10869 = VECTOR('',#10870,1.);
#10870 = DIRECTION('',(0.,1.));
#10871 = ( GEOMETRIC_REPRESENTATION_CONTEXT(2) 
PARAMETRIC_REPRESENTATION_CONTEXT() REPRESENTATION_CONTEXT('2D SPACE',''
  ) );
#10872 = ORIENTED_EDGE('',*,*,#10873,.F.);
#10873 = EDGE_CURVE('',#10851,#10851,#10874,.T.);
#10874 = SURFACE_CURVE('',#10875,(#10880,#10887),.PCURVE_S1.);
#10875 = CIRCLE('',#10876,14.);
#10876 = AXIS2_PLACEMENT_3D('',#10877,#10878,#10879);
#10877 = CARTESIAN_POINT('',(0.,0.,232.));
#10878 = DIRECTION('',(0.,0.,1.));
#10879 = DIRECTION('',(1.,0.,-0.));
#10880 = PCURVE('',#10833,#10881);
#10881 = DEFINITIONAL_REPRESENTATION('',(#10882),#10886);
#10882 = LINE('',#10883,#10884);
#10883 = CARTESIAN_POINT('',(0.,3.));
#10884 = VECTOR('',#10885,1.);
#10885 = DIRECTION('',(1.,0.));
#10886 = ( GEOMETRIC_REPRESENTATION_CONTEXT(2) 
PARAMETRIC_REPRESENTATION_CONTEXT() REPRESENTATION_CONTEXT('2D SPACE',''
  ) );
#10887 = PCURVE('',#10888,#10893);
#10888 = CONICAL_SURFACE('',#10889,14.,9.966865249116E-02);
#10889 = AXIS2_PLACEMENT_3D('',#10890,#10891,#10892);
#10890 = CARTESIAN_POINT('',(0.,0.,232.));
#10891 = DIRECTION('',(-0.,-0.,-1.));
#10892 = DIRECTION('',(1.,0.,-0.));
#10893 = DEFINITIONAL_REPRESENTATION('',(#10894),#10898);
#10894 = LINE('',#10895,#10896);
#10895 = CARTESIAN_POINT('',(-0.,-0.));
#10896 = VECTOR('',#10897,1.);
#10897 = DIRECTION('',(-1.,-0.));
#10898 = ( GEOMETRIC_REPRESENTATION_CONTEXT(2) 
PARAMETRIC_REPRESENTATION_CONTEXT() REPRESENTATION_CONTEXT('2D SPACE',''
  ) );
#10899 = ORIENTED_EDGE('',*,*,#10850,.F.);
#10900 = ADVANCED_FACE('',(#10901),#10888,.T.);
#10901 = FACE_BOUND('',#10902,.T.);
#10902 = EDGE_LOOP('',(#10903,#10904,#10927,#10954));
#10903 = ORIENTED_EDGE('',*,*,#10873,.T.);
#10904 = ORIENTED_EDGE('',*,*,#10905,.T.);
#10905 = EDGE_CURVE('',#10851,#10906,#10908,.T.);
#10906 = VERTEX_POINT('',#10907);
#10907 = CARTESIAN_POINT('',(13.7,0.,235.));
#10908 = SEAM_CURVE('',#10909,(#10913,#10920),.PCURVE_S1.);
#10909 = LINE('',#10910,#10911);
#10910 = CARTESIAN_POINT('',(14.,0.,232.));
#10911 = VECTOR('',#10912,1.);
#10912 = DIRECTION('',(-9.9503719021E-02,0.,0.99503719021));
#10913 = PCURVE('',#10888,#10914);
#10914 = DEFINITIONAL_REPRESENTATION('',(#10915),#10919);
#10915 = LINE('',#10916,#10917);
#10916 = CARTESIAN_POINT('',(-0.,-0.));
#10917 = VECTOR('',#10918,1.);
#10918 = DIRECTION('',(-0.,-1.));
#10919 = ( GEOMETRIC_REPRESENTATION_CONTEXT(2) 
PARAMETRIC_REPRESENTATION_CONTEXT() REPRESENTATION_CONTEXT('2D SPACE',''
  ) );
#10920 = PCURVE('',#10888,#10921);
#10921 = DEFINITIONAL_REPRESENTATION('',(#10922),#10926);
#10922 = LINE('',#10923,#10924);
#10923 = CARTESIAN_POINT('',(-6.28318530718,-0.));
#10924 = VECTOR('',#10925,1.);
#10925 = DIRECTION('',(-0.,-1.));
#10926 = ( GEOMETRIC_REPRESENTATION_CONTEXT(2) 
PARAMETRIC_REPRESENTATION_CONTEXT() REPRESENTATION_CONTEXT('2D SPACE',''
  ) );
#10927 = ORIENTED_EDGE('',*,*,#10928,.F.);
#10928 = EDGE_CURVE('',#10906,#10906,#10929,.T.);
#10929 = SURFACE_CURVE('',#10930,(#10935,#10942),.PCURVE_S1.);
#10930 = CIRCLE('',#10931,13.7);
#10931 = AXIS2_PLACEMENT_3D('',#10932,#10933,#10934);
#10932 = CARTESIAN_POINT('',(0.,0.,235.));
#10933 = DIRECTION('',(0.,0.,1.));
#10934 = DIRECTION('',(1.,0.,-0.));
#10935 = PCURVE('',#10888,#10936);
#10936 = DEFINITIONAL_REPRESENTATION('',(#10937),#10941);
#10937 = LINE('',#10938,#10939);
#10938 = CARTESIAN_POINT('',(-0.,-3.));
#10939 = VECTOR('',#10940,1.);
#10940 = DIRECTION('',(-1.,-0.));
#10941 = ( GEOMETRIC_REPRESENTATION_CONTEXT(2) 
PARAMETRIC_REPRESENTATION_CONTEXT() REPRESENTATION_CONTEXT('2D SPACE',''
  ) );
#10942 = PCURVE('',#10943,#10948);
#10943 = CONICAL_SURFACE('',#10944,13.7,9.966865249116E-02);
#10944 = AXIS2_PLACEMENT_3D('',#10945,#10946,#10947);
#10945 = CARTESIAN_POINT('',(0.,0.,235.));
#10946 = DIRECTION('',(0.,0.,1.));
#10947 = DIRECTION('',(1.,0.,-0.));
#10948 = DEFINITIONAL_REPRESENTATION('',(#10949),#10953);
#10949 = LINE('',#10950,#10951);
#10950 = CARTESIAN_POINT('',(0.,0.));
#10951 = VECTOR('',#10952,1.);
#10952 = DIRECTION('',(1.,0.));
#10953 = ( GEOMETRIC_REPRESENTATION_CONTEXT(2) 
PARAMETRIC_REPRESENTATION_CONTEXT() REPRESENTATION_CONTEXT('2D SPACE',''
  ) );
#10954 = ORIENTED_EDGE('',*,*,#10905,.F.);
#10955 = ADVANCED_FACE('',(#10956),#10943,.T.);
#10956 = FACE_BOUND('',#10957,.T.);
#10957 = EDGE_LOOP('',(#10958,#10959,#10982,#11009));
#10958 = ORIENTED_EDGE('',*,*,#10928,.T.);
#10959 = ORIENTED_EDGE('',*,*,#10960,.T.);
#10960 = EDGE_CURVE('',#10906,#10961,#10963,.T.);
#10961 = VERTEX_POINT('',#10962);
#10962 = CARTESIAN_POINT('',(14.,0.,238.));
#10963 = SEAM_CURVE('',#10964,(#10968,#10975),.PCURVE_S1.);
#10964 = LINE('',#10965,#10966);
#10965 = CARTESIAN_POINT('',(13.7,0.,235.));
#10966 = VECTOR('',#10967,1.);
#10967 = DIRECTION('',(9.9503719021E-02,0.,0.99503719021));
#10968 = PCURVE('',#10943,#10969);
#10969 = DEFINITIONAL_REPRESENTATION('',(#10970),#10974);
#10970 = LINE('',#10971,#10972);
#10971 = CARTESIAN_POINT('',(0.,0.));
#10972 = VECTOR('',#10973,1.);
#10973 = DIRECTION('',(0.,1.));
#10974 = ( GEOMETRIC_REPRESENTATION_CONTEXT(2) 
PARAMETRIC_REPRESENTATION_CONTEXT() REPRESENTATION_CONTEXT('2D SPACE',''
  ) );
#10975 = PCURVE('',#10943,#10976);
#10976 = DEFINITIONAL_REPRESENTATION('',(#10977),#10981);
#10977 = LINE('',#10978,#10979);
#10978 = CARTESIAN_POINT('',(6.28318530718,0.));
#10979 = VECTOR('',#10980,1.);
#10980 = DIRECTION('',(0.,1.));
#10981 = ( GEOMETRIC_REPRESENTATION_CONTEXT(2) 
PARAMETRIC_REPRESENTATION_CONTEXT() REPRESENTATION_CONTEXT('2D SPACE',''
  ) );
#10982 = ORIENTED_EDGE('',*,*,#10983,.F.);
#10983 = EDGE_CURVE('',#10961,#10961,#10984,.T.);
#10984 = SURFACE_CURVE('',#10985,(#10990,#10997),.PCURVE_S1.);
#10985 = CIRCLE('',#10986,14.);
#10986 = AXIS2_PLACEMENT_3D('',#10987,#10988,#10989);
#10987 = CARTESIAN_POINT('',(0.,0.,238.));
#10988 = DIRECTION('',(0.,0.,1.));
#10989 = DIRECTION('',(1.,0.,-0.));
#10990 = PCURVE('',#10943,#10991);
#10991 = DEFINITIONAL_REPRESENTATION('',(#10992),#10996);
#10992 = LINE('',#10993,#10994);
#10993 = CARTESIAN_POINT('',(0.,3.));
#10994 = VECTOR('',#10995,1.);
#10995 = DIRECTION('',(1.,0.));
#10996 = ( GEOMETRIC_REPRESENTATION_CONTEXT(2) 
PARAMETRIC_REPRESENTATION_CONTEXT() REPRESENTATION_CONTEXT('2D SPACE',''
  ) );
#10997 = PCURVE('',#10998,#11003);
#10998 = CONICAL_SURFACE('',#10999,14.,9.966865249116E-02);
#10999 = AXIS2_PLACEMENT_3D('',#11000,#11001,#11002);
#11000 = CARTESIAN_POINT('',(0.,0.,238.));
#11001 = DIRECTION('',(-0.,-0.,-1.));
#11002 = DIRECTION('',(1.,0.,-0.));
#11003 = DEFINITIONAL_REPRESENTATION('',(#11004),#11008);
#11004 = LINE('',#11005,#11006);
#11005 = CARTESIAN_POINT('',(-0.,-0.));
#11006 = VECTOR('',#11007,1.);
#11007 = DIRECTION('',(-1.,-0.));
#11008 = ( GEOMETRIC_REPRESENTATION_CONTEXT(2) 
PARAMETRIC_REPRESENTATION_CONTEXT() REPRESENTATION_CONTEXT('2D SPACE',''
  ) );
#11009 = ORIENTED_EDGE('',*,*,#10960,.F.);
#11010 = ADVANCED_FACE('',(#11011),#10998,.T.);
#11011 = FACE_BOUND('',#11012,.T.);
#11012 = EDGE_LOOP('',(#11013,#11014,#11037,#11064));
#11013 = ORIENTED_EDGE('',*,*,#10983,.T.);
#11014 = ORIENTED_EDGE('',*,*,#11015,.T.);
#11015 = EDGE_CURVE('',#10961,#11016,#11018,.T.);
#11016 = VERTEX_POINT('',#11017);
#11017 = CARTESIAN_POINT('',(13.7,0.,241.));
#11018 = SEAM_CURVE('',#11019,(#11023,#11030),.PCURVE_S1.);
#11019 = LINE('',#11020,#11021);
#11020 = CARTESIAN_POINT('',(14.,0.,238.));
#11021 = VECTOR('',#11022,1.);
#11022 = DIRECTION('',(-9.9503719021E-02,0.,0.99503719021));
#11023 = PCURVE('',#10998,#11024);
#11024 = DEFINITIONAL_REPRESENTATION('',(#11025),#11029);
#11025 = LINE('',#11026,#11027);
#11026 = CARTESIAN_POINT('',(-0.,-0.));
#11027 = VECTOR('',#11028,1.);
#11028 = DIRECTION('',(-0.,-1.));
#11029 = ( GEOMETRIC_REPRESENTATION_CONTEXT(2) 
PARAMETRIC_REPRESENTATION_CONTEXT() REPRESENTATION_CONTEXT('2D SPACE',''
  ) );
#11030 = PCURVE('',#10998,#11031);
#11031 = DEFINITIONAL_REPRESENTATION('',(#11032),#11036);
#11032 = LINE('',#11033,#11034);
#11033 = CARTESIAN_POINT('',(-6.28318530718,-0.));
#11034 = VECTOR('',#11035,1.);
#11035 = DIRECTION('',(-0.,-1.));
#11036 = ( GEOMETRIC_REPRESENTATION_CONTEXT(2) 
PARAMETRIC_REPRESENTATION_CONTEXT() REPRESENTATION_CONTEXT('2D SPACE',''
  ) );
#11037 = ORIENTED_EDGE('',*,*,#11038,.F.);
#11038 = EDGE_CURVE('',#11016,#11016,#11039,.T.);
#11039 = SURFACE_CURVE('',#11040,(#11045,#11052),.PCURVE_S1.);
#11040 = CIRCLE('',#11041,13.7);
#11041 = AXIS2_PLACEMENT_3D('',#11042,#11043,#11044);
#11042 = CARTESIAN_POINT('',(0.,0.,241.));
#11043 = DIRECTION('',(0.,0.,1.));
#11044 = DIRECTION('',(1.,0.,-0.));
#11045 = PCURVE('',#10998,#11046);
#11046 = DEFINITIONAL_REPRESENTATION('',(#11047),#11051);
#11047 = LINE('',#11048,#11049);
#11048 = CARTESIAN_POINT('',(-0.,-3.));
#11049 = VECTOR('',#11050,1.);
#11050 = DIRECTION('',(-1.,-0.));
#11051 = ( GEOMETRIC_REPRESENTATION_CONTEXT(2) 
PARAMETRIC_REPRESENTATION_CONTEXT() REPRESENTATION_CONTEXT('2D SPACE',''
  ) );
#11052 = PCURVE('',#11053,#11058);
#11053 = CONICAL_SURFACE('',#11054,13.7,9.966865249116E-02);
#11054 = AXIS2_PLACEMENT_3D('',#11055,#11056,#11057);
#11055 = CARTESIAN_POINT('',(0.,0.,241.));
#11056 = DIRECTION('',(0.,0.,1.));
#11057 = DIRECTION('',(1.,0.,-0.));
#11058 = DEFINITIONAL_REPRESENTATION('',(#11059),#11063);
#11059 = LINE('',#11060,#11061);
#11060 = CARTESIAN_POINT('',(0.,0.));
#11061 = VECTOR('',#11062,1.);
#11062 = DIRECTION('',(1.,0.));
#11063 = ( GEOMETRIC_REPRESENTATION_CONTEXT(2) 
PARAMETRIC_REPRESENTATION_CONTEXT() REPRESENTATION_CONTEXT('2D SPACE',''
  ) );
#11064 = ORIENTED_EDGE('',*,*,#11015,.F.);
#11065 = ADVANCED_FACE('',(#11066),#11053,.T.);
#11066 = FACE_BOUND('',#11067,.T.);
#11067 = EDGE_LOOP('',(#11068,#11069,#11092,#11119));
#11068 = ORIENTED_EDGE('',*,*,#11038,.T.);
#11069 = ORIENTED_EDGE('',*,*,#11070,.T.);
#11070 = EDGE_CURVE('',#11016,#11071,#11073,.T.);
#11071 = VERTEX_POINT('',#11072);
#11072 = CARTESIAN_POINT('',(14.,0.,244.));
#11073 = SEAM_CURVE('',#11074,(#11078,#11085),.PCURVE_S1.);
#11074 = LINE('',#11075,#11076);
#11075 = CARTESIAN_POINT('',(13.7,0.,241.));
#11076 = VECTOR('',#11077,1.);
#11077 = DIRECTION('',(9.9503719021E-02,0.,0.99503719021));
#11078 = PCURVE('',#11053,#11079);
#11079 = DEFINITIONAL_REPRESENTATION('',(#11080),#11084);
#11080 = LINE('',#11081,#11082);
#11081 = CARTESIAN_POINT('',(0.,0.));
#11082 = VECTOR('',#11083,1.);
#11083 = DIRECTION('',(0.,1.));
#11084 = ( GEOMETRIC_REPRESENTATION_CONTEXT(2) 
PARAMETRIC_REPRESENTATION_CONTEXT() REPRESENTATION_CONTEXT('2D SPACE',''
  ) );
#11085 = PCURVE('',#11053,#11086);
#11086 = DEFINITIONAL_REPRESENTATION('',(#11087),#11091);
#11087 = LINE('',#11088,#11089);
#11088 = CARTESIAN_POINT('',(6.28318530718,0.));
#11089 = VECTOR('',#11090,1.);
#11090 = DIRECTION('',(0.,1.));
#11091 = ( GEOMETRIC_REPRESENTATION_CONTEXT(2) 
PARAMETRIC_REPRESENTATION_CONTEXT() REPRESENTATION_CONTEXT('2D SPACE',''
  ) );
#11092 = ORIENTED_EDGE('',*,*,#11093,.F.);
#11093 = EDGE_CURVE('',#11071,#11071,#11094,.T.);
#11094 = SURFACE_CURVE('',#11095,(#11100,#11107),.PCURVE_S1.);
#11095 = CIRCLE('',#11096,14.);
#11096 = AXIS2_PLACEMENT_3D('',#11097,#11098,#11099);
#11097 = CARTESIAN_POINT('',(0.,0.,244.));
#11098 = DIRECTION('',(0.,0.,1.));
#11099 = DIRECTION('',(1.,0.,-0.));
#11100 = PCURVE('',#11053,#11101);
#11101 = DEFINITIONAL_REPRESENTATION('',(#11102),#11106);
#11102 = LINE('',#11103,#11104);
#11103 = CARTESIAN_POINT('',(0.,3.));
#11104 = VECTOR('',#11105,1.);
#11105 = DIRECTION('',(1.,0.));
#11106 = ( GEOMETRIC_REPRESENTATION_CONTEXT(2) 
PARAMETRIC_REPRESENTATION_CONTEXT() REPRESENTATION_CONTEXT('2D SPACE',''
  ) );
#11107 = PCURVE('',#11108,#11113);
#11108 = CONICAL_SURFACE('',#11109,14.,9.966865249116E-02);
#11109 = AXIS2_PLACEMENT_3D('',#11110,#11111,#11112);
#11110 = CARTESIAN_POINT('',(0.,0.,244.));
#11111 = DIRECTION('',(-0.,-0.,-1.));
#11112 = DIRECTION('',(1.,0.,-0.));
#11113 = DEFINITIONAL_REPRESENTATION('',(#11114),#11118);
#11114 = LINE('',#11115,#11116);
#11115 = CARTESIAN_POINT('',(-0.,-0.));
#11116 = VECTOR('',#11117,1.);
#11117 = DIRECTION('',(-1.,-0.));
#11118 = ( GEOMETRIC_REPRESENTATION_CONTEXT(2) 
PARAMETRIC_REPRESENTATION_CONTEXT() REPRESENTATION_CONTEXT('2D SPACE',''
  ) );
#11119 = ORIENTED_EDGE('',*,*,#11070,.F.);
#11120 = ADVANCED_FACE('',(#11121),#11108,.T.);
#11121 = FACE_BOUND('',#11122,.T.);
#11122 = EDGE_LOOP('',(#11123,#11124,#11147,#11174));
#11123 = ORIENTED_EDGE('',*,*,#11093,.T.);
#11124 = ORIENTED_EDGE('',*,*,#11125,.T.);
#11125 = EDGE_CURVE('',#11071,#11126,#11128,.T.);
#11126 = VERTEX_POINT('',#11127);
#11127 = CARTESIAN_POINT('',(13.7,0.,247.));
#11128 = SEAM_CURVE('',#11129,(#11133,#11140),.PCURVE_S1.);
#11129 = LINE('',#11130,#11131);
#11130 = CARTESIAN_POINT('',(14.,0.,244.));
#11131 = VECTOR('',#11132,1.);
#11132 = DIRECTION('',(-9.9503719021E-02,0.,0.99503719021));
#11133 = PCURVE('',#11108,#11134);
#11134 = DEFINITIONAL_REPRESENTATION('',(#11135),#11139);
#11135 = LINE('',#11136,#11137);
#11136 = CARTESIAN_POINT('',(-0.,-0.));
#11137 = VECTOR('',#11138,1.);
#11138 = DIRECTION('',(-0.,-1.));
#11139 = ( GEOMETRIC_REPRESENTATION_CONTEXT(2) 
PARAMETRIC_REPRESENTATION_CONTEXT() REPRESENTATION_CONTEXT('2D SPACE',''
  ) );
#11140 = PCURVE('',#11108,#11141);
#11141 = DEFINITIONAL_REPRESENTATION('',(#11142),#11146);
#11142 = LINE('',#11143,#11144);
#11143 = CARTESIAN_POINT('',(-6.28318530718,-0.));
#11144 = VECTOR('',#11145,1.);
#11145 = DIRECTION('',(-0.,-1.));
#11146 = ( GEOMETRIC_REPRESENTATION_CONTEXT(2) 
PARAMETRIC_REPRESENTATION_CONTEXT() REPRESENTATION_CONTEXT('2D SPACE',''
  ) );
#11147 = ORIENTED_EDGE('',*,*,#11148,.F.);
#11148 = EDGE_CURVE('',#11126,#11126,#11149,.T.);
#11149 = SURFACE_CURVE('',#11150,(#11155,#11162),.PCURVE_S1.);
#11150 = CIRCLE('',#11151,13.7);
#11151 = AXIS2_PLACEMENT_3D('',#11152,#11153,#11154);
#11152 = CARTESIAN_POINT('',(0.,0.,247.));
#11153 = DIRECTION('',(0.,0.,1.));
#11154 = DIRECTION('',(1.,0.,-0.));
#11155 = PCURVE('',#11108,#11156);
#11156 = DEFINITIONAL_REPRESENTATION('',(#11157),#11161);
#11157 = LINE('',#11158,#11159);
#11158 = CARTESIAN_POINT('',(-0.,-3.));
#11159 = VECTOR('',#11160,1.);
#11160 = DIRECTION('',(-1.,-0.));
#11161 = ( GEOMETRIC_REPRESENTATION_CONTEXT(2) 
PARAMETRIC_REPRESENTATION_CONTEXT() REPRESENTATION_CONTEXT('2D SPACE',''
  ) );
#11162 = PCURVE('',#11163,#11168);
#11163 = CONICAL_SURFACE('',#11164,13.7,9.966865249116E-02);
#11164 = AXIS2_PLACEMENT_3D('',#11165,#11166,#11167);
#11165 = CARTESIAN_POINT('',(0.,0.,247.));
#11166 = DIRECTION('',(0.,0.,1.));
#11167 = DIRECTION('',(1.,0.,-0.));
#11168 = DEFINITIONAL_REPRESENTATION('',(#11169),#11173);
#11169 = LINE('',#11170,#11171);
#11170 = CARTESIAN_POINT('',(0.,0.));
#11171 = VECTOR('',#11172,1.);
#11172 = DIRECTION('',(1.,0.));
#11173 = ( GEOMETRIC_REPRESENTATION_CONTEXT(2) 
PARAMETRIC_REPRESENTATION_CONTEXT() REPRESENTATION_CONTEXT('2D SPACE',''
  ) );
#11174 = ORIENTED_EDGE('',*,*,#11125,.F.);
#11175 = ADVANCED_FACE('',(#11176),#11163,.T.);
#11176 = FACE_BOUND('',#11177,.T.);
#11177 = EDGE_LOOP('',(#11178,#11179,#11202,#11229));
#11178 = ORIENTED_EDGE('',*,*,#11148,.T.);
#11179 = ORIENTED_EDGE('',*,*,#11180,.T.);
#11180 = EDGE_CURVE('',#11126,#11181,#11183,.T.);
#11181 = VERTEX_POINT('',#11182);
#11182 = CARTESIAN_POINT('',(14.,0.,250.));
#11183 = SEAM_CURVE('',#11184,(#11188,#11195),.PCURVE_S1.);
#11184 = LINE('',#11185,#11186);
#11185 = CARTESIAN_POINT('',(13.7,0.,247.));
#11186 = VECTOR('',#11187,1.);
#11187 = DIRECTION('',(9.9503719021E-02,0.,0.99503719021));
#11188 = PCURVE('',#11163,#11189);
#11189 = DEFINITIONAL_REPRESENTATION('',(#11190),#11194);
#11190 = LINE('',#11191,#11192);
#11191 = CARTESIAN_POINT('',(0.,0.));
#11192 = VECTOR('',#11193,1.);
#11193 = DIRECTION('',(0.,1.));
#11194 = ( GEOMETRIC_REPRESENTATION_CONTEXT(2) 
PARAMETRIC_REPRESENTATION_CONTEXT() REPRESENTATION_CONTEXT('2D SPACE',''
  ) );
#11195 = PCURVE('',#11163,#11196);
#11196 = DEFINITIONAL_REPRESENTATION('',(#11197),#11201);
#11197 = LINE('',#11198,#11199);
#11198 = CARTESIAN_POINT('',(6.28318530718,0.));
#11199 = VECTOR('',#11200,1.);
#11200 = DIRECTION('',(0.,1.));
#11201 = ( GEOMETRIC_REPRESENTATION_CONTEXT(2) 
PARAMETRIC_REPRESENTATION_CONTEXT() REPRESENTATION_CONTEXT('2D SPACE',''
  ) );
#11202 = ORIENTED_EDGE('',*,*,#11203,.F.);
#11203 = EDGE_CURVE('',#11181,#11181,#11204,.T.);
#11204 = SURFACE_CURVE('',#11205,(#11210,#11217),.PCURVE_S1.);
#11205 = CIRCLE('',#11206,14.);
#11206 = AXIS2_PLACEMENT_3D('',#11207,#11208,#11209);
#11207 = CARTESIAN_POINT('',(0.,0.,250.));
#11208 = DIRECTION('',(0.,0.,1.));
#11209 = DIRECTION('',(1.,0.,-0.));
#11210 = PCURVE('',#11163,#11211);
#11211 = DEFINITIONAL_REPRESENTATION('',(#11212),#11216);
#11212 = LINE('',#11213,#11214);
#11213 = CARTESIAN_POINT('',(0.,3.));
#11214 = VECTOR('',#11215,1.);
#11215 = DIRECTION('',(1.,0.));
#11216 = ( GEOMETRIC_REPRESENTATION_CONTEXT(2) 
PARAMETRIC_REPRESENTATION_CONTEXT() REPRESENTATION_CONTEXT('2D SPACE',''
  ) );
#11217 = PCURVE('',#11218,#11223);
#11218 = CONICAL_SURFACE('',#11219,14.,9.966865249116E-02);
#11219 = AXIS2_PLACEMENT_3D('',#11220,#11221,#11222);
#11220 = CARTESIAN_POINT('',(0.,0.,250.));
#11221 = DIRECTION('',(-0.,-0.,-1.));
#11222 = DIRECTION('',(1.,0.,-0.));
#11223 = DEFINITIONAL_REPRESENTATION('',(#11224),#11228);
#11224 = LINE('',#11225,#11226);
#11225 = CARTESIAN_POINT('',(-0.,-0.));
#11226 = VECTOR('',#11227,1.);
#11227 = DIRECTION('',(-1.,-0.));
#11228 = ( GEOMETRIC_REPRESENTATION_CONTEXT(2) 
PARAMETRIC_REPRESENTATION_CONTEXT() REPRESENTATION_CONTEXT('2D SPACE',''
  ) );
#11229 = ORIENTED_EDGE('',*,*,#11180,.F.);
#11230 = ADVANCED_FACE('',(#11231),#11218,.T.);
#11231 = FACE_BOUND('',#11232,.T.);
#11232 = EDGE_LOOP('',(#11233,#11234,#11257,#11284));
#11233 = ORIENTED_EDGE('',*,*,#11203,.T.);
#11234 = ORIENTED_EDGE('',*,*,#11235,.T.);
#11235 = EDGE_CURVE('',#11181,#11236,#11238,.T.);
#11236 = VERTEX_POINT('',#11237);
#11237 = CARTESIAN_POINT('',(13.7,0.,253.));
#11238 = SEAM_CURVE('',#11239,(#11243,#11250),.PCURVE_S1.);
#11239 = LINE('',#11240,#11241);
#11240 = CARTESIAN_POINT('',(14.,0.,250.));
#11241 = VECTOR('',#11242,1.);
#11242 = DIRECTION('',(-9.9503719021E-02,0.,0.99503719021));
#11243 = PCURVE('',#11218,#11244);
#11244 = DEFINITIONAL_REPRESENTATION('',(#11245),#11249);
#11245 = LINE('',#11246,#11247);
#11246 = CARTESIAN_POINT('',(-0.,-0.));
#11247 = VECTOR('',#11248,1.);
#11248 = DIRECTION('',(-0.,-1.));
#11249 = ( GEOMETRIC_REPRESENTATION_CONTEXT(2) 
PARAMETRIC_REPRESENTATION_CONTEXT() REPRESENTATION_CONTEXT('2D SPACE',''
  ) );
#11250 = PCURVE('',#11218,#11251);
#11251 = DEFINITIONAL_REPRESENTATION('',(#11252),#11256);
#11252 = LINE('',#11253,#11254);
#11253 = CARTESIAN_POINT('',(-6.28318530718,-0.));
#11254 = VECTOR('',#11255,1.);
#11255 = DIRECTION('',(-0.,-1.));
#11256 = ( GEOMETRIC_REPRESENTATION_CONTEXT(2) 
PARAMETRIC_REPRESENTATION_CONTEXT() REPRESENTATION_CONTEXT('2D SPACE',''
  ) );
#11257 = ORIENTED_EDGE('',*,*,#11258,.F.);
#11258 = EDGE_CURVE('',#11236,#11236,#11259,.T.);
#11259 = SURFACE_CURVE('',#11260,(#11265,#11272),.PCURVE_S1.);
#11260 = CIRCLE('',#11261,13.7);
#11261 = AXIS2_PLACEMENT_3D('',#11262,#11263,#11264);
#11262 = CARTESIAN_POINT('',(0.,0.,253.));
#11263 = DIRECTION('',(0.,0.,1.));
#11264 = DIRECTION('',(1.,0.,-0.));
#11265 = PCURVE('',#11218,#11266);
#11266 = DEFINITIONAL_REPRESENTATION('',(#11267),#11271);
#11267 = LINE('',#11268,#11269);
#11268 = CARTESIAN_POINT('',(-0.,-3.));
#11269 = VECTOR('',#11270,1.);
#11270 = DIRECTION('',(-1.,-0.));
#11271 = ( GEOMETRIC_REPRESENTATION_CONTEXT(2) 
PARAMETRIC_REPRESENTATION_CONTEXT() REPRESENTATION_CONTEXT('2D SPACE',''
  ) );
#11272 = PCURVE('',#11273,#11278);
#11273 = CONICAL_SURFACE('',#11274,13.7,9.966865249116E-02);
#11274 = AXIS2_PLACEMENT_3D('',#11275,#11276,#11277);
#11275 = CARTESIAN_POINT('',(0.,0.,253.));
#11276 = DIRECTION('',(0.,0.,1.));
#11277 = DIRECTION('',(1.,0.,-0.));
#11278 = DEFINITIONAL_REPRESENTATION('',(#11279),#11283);
#11279 = LINE('',#11280,#11281);
#11280 = CARTESIAN_POINT('',(0.,0.));
#11281 = VECTOR('',#11282,1.);
#11282 = DIRECTION('',(1.,0.));
#11283 = ( GEOMETRIC_REPRESENTATION_CONTEXT(2) 
PARAMETRIC_REPRESENTATION_CONTEXT() REPRESENTATION_CONTEXT('2D SPACE',''
  ) );
#11284 = ORIENTED_EDGE('',*,*,#11235,.F.);
#11285 = ADVANCED_FACE('',(#11286),#11273,.T.);
#11286 = FACE_BOUND('',#11287,.T.);
#11287 = EDGE_LOOP('',(#11288,#11289,#11312,#11339));
#11288 = ORIENTED_EDGE('',*,*,#11258,.T.);
#11289 = ORIENTED_EDGE('',*,*,#11290,.T.);
#11290 = EDGE_CURVE('',#11236,#11291,#11293,.T.);
#11291 = VERTEX_POINT('',#11292);
#11292 = CARTESIAN_POINT('',(14.,0.,256.));
#11293 = SEAM_CURVE('',#11294,(#11298,#11305),.PCURVE_S1.);
#11294 = LINE('',#11295,#11296);
#11295 = CARTESIAN_POINT('',(13.7,0.,253.));
#11296 = VECTOR('',#11297,1.);
#11297 = DIRECTION('',(9.9503719021E-02,0.,0.99503719021));
#11298 = PCURVE('',#11273,#11299);
#11299 = DEFINITIONAL_REPRESENTATION('',(#11300),#11304);
#11300 = LINE('',#11301,#11302);
#11301 = CARTESIAN_POINT('',(0.,0.));
#11302 = VECTOR('',#11303,1.);
#11303 = DIRECTION('',(0.,1.));
#11304 = ( GEOMETRIC_REPRESENTATION_CONTEXT(2) 
PARAMETRIC_REPRESENTATION_CONTEXT() REPRESENTATION_CONTEXT('2D SPACE',''
  ) );
#11305 = PCURVE('',#11273,#11306);
#11306 = DEFINITIONAL_REPRESENTATION('',(#11307),#11311);
#11307 = LINE('',#11308,#11309);
#11308 = CARTESIAN_POINT('',(6.28318530718,0.));
#11309 = VECTOR('',#11310,1.);
#11310 = DIRECTION('',(0.,1.));
#11311 = ( GEOMETRIC_REPRESENTATION_CONTEXT(2) 
PARAMETRIC_REPRESENTATION_CONTEXT() REPRESENTATION_CONTEXT('2D SPACE',''
  ) );
#11312 = ORIENTED_EDGE('',*,*,#11313,.F.);
#11313 = EDGE_CURVE('',#11291,#11291,#11314,.T.);
#11314 = SURFACE_CURVE('',#11315,(#11320,#11327),.PCURVE_S1.);
#11315 = CIRCLE('',#11316,14.);
#11316 = AXIS2_PLACEMENT_3D('',#11317,#11318,#11319);
#11317 = CARTESIAN_POINT('',(0.,0.,256.));
#11318 = DIRECTION('',(0.,0.,1.));
#11319 = DIRECTION('',(1.,0.,-0.));
#11320 = PCURVE('',#11273,#11321);
#11321 = DEFINITIONAL_REPRESENTATION('',(#11322),#11326);
#11322 = LINE('',#11323,#11324);
#11323 = CARTESIAN_POINT('',(0.,3.));
#11324 = VECTOR('',#11325,1.);
#11325 = DIRECTION('',(1.,0.));
#11326 = ( GEOMETRIC_REPRESENTATION_CONTEXT(2) 
PARAMETRIC_REPRESENTATION_CONTEXT() REPRESENTATION_CONTEXT('2D SPACE',''
  ) );
#11327 = PCURVE('',#11328,#11333);
#11328 = CONICAL_SURFACE('',#11329,14.,9.966865249116E-02);
#11329 = AXIS2_PLACEMENT_3D('',#11330,#11331,#11332);
#11330 = CARTESIAN_POINT('',(0.,0.,256.));
#11331 = DIRECTION('',(-0.,-0.,-1.));
#11332 = DIRECTION('',(1.,0.,-0.));
#11333 = DEFINITIONAL_REPRESENTATION('',(#11334),#11338);
#11334 = LINE('',#11335,#11336);
#11335 = CARTESIAN_POINT('',(-0.,-0.));
#11336 = VECTOR('',#11337,1.);
#11337 = DIRECTION('',(-1.,-0.));
#11338 = ( GEOMETRIC_REPRESENTATION_CONTEXT(2) 
PARAMETRIC_REPRESENTATION_CONTEXT() REPRESENTATION_CONTEXT('2D SPACE',''
  ) );
#11339 = ORIENTED_EDGE('',*,*,#11290,.F.);
#11340 = ADVANCED_FACE('',(#11341),#11328,.T.);
#11341 = FACE_BOUND('',#11342,.T.);
#11342 = EDGE_LOOP('',(#11343,#11344,#11367,#11394));
#11343 = ORIENTED_EDGE('',*,*,#11313,.T.);
#11344 = ORIENTED_EDGE('',*,*,#11345,.T.);
#11345 = EDGE_CURVE('',#11291,#11346,#11348,.T.);
#11346 = VERTEX_POINT('',#11347);
#11347 = CARTESIAN_POINT('',(13.7,0.,259.));
#11348 = SEAM_CURVE('',#11349,(#11353,#11360),.PCURVE_S1.);
#11349 = LINE('',#11350,#11351);
#11350 = CARTESIAN_POINT('',(14.,0.,256.));
#11351 = VECTOR('',#11352,1.);
#11352 = DIRECTION('',(-9.9503719021E-02,0.,0.99503719021));
#11353 = PCURVE('',#11328,#11354);
#11354 = DEFINITIONAL_REPRESENTATION('',(#11355),#11359);
#11355 = LINE('',#11356,#11357);
#11356 = CARTESIAN_POINT('',(-0.,-0.));
#11357 = VECTOR('',#11358,1.);
#11358 = DIRECTION('',(-0.,-1.));
#11359 = ( GEOMETRIC_REPRESENTATION_CONTEXT(2) 
PARAMETRIC_REPRESENTATION_CONTEXT() REPRESENTATION_CONTEXT('2D SPACE',''
  ) );
#11360 = PCURVE('',#11328,#11361);
#11361 = DEFINITIONAL_REPRESENTATION('',(#11362),#11366);
#11362 = LINE('',#11363,#11364);
#11363 = CARTESIAN_POINT('',(-6.28318530718,-0.));
#11364 = VECTOR('',#11365,1.);
#11365 = DIRECTION('',(-0.,-1.));
#11366 = ( GEOMETRIC_REPRESENTATION_CONTEXT(2) 
PARAMETRIC_REPRESENTATION_CONTEXT() REPRESENTATION_CONTEXT('2D SPACE',''
  ) );
#11367 = ORIENTED_EDGE('',*,*,#11368,.F.);
#11368 = EDGE_CURVE('',#11346,#11346,#11369,.T.);
#11369 = SURFACE_CURVE('',#11370,(#11375,#11382),.PCURVE_S1.);
#11370 = CIRCLE('',#11371,13.7);
#11371 = AXIS2_PLACEMENT_3D('',#11372,#11373,#11374);
#11372 = CARTESIAN_POINT('',(0.,0.,259.));
#11373 = DIRECTION('',(0.,0.,1.));
#11374 = DIRECTION('',(1.,0.,-0.));
#11375 = PCURVE('',#11328,#11376);
#11376 = DEFINITIONAL_REPRESENTATION('',(#11377),#11381);
#11377 = LINE('',#11378,#11379);
#11378 = CARTESIAN_POINT('',(-0.,-3.));
#11379 = VECTOR('',#11380,1.);
#11380 = DIRECTION('',(-1.,-0.));
#11381 = ( GEOMETRIC_REPRESENTATION_CONTEXT(2) 
PARAMETRIC_REPRESENTATION_CONTEXT() REPRESENTATION_CONTEXT('2D SPACE',''
  ) );
#11382 = PCURVE('',#11383,#11388);
#11383 = CONICAL_SURFACE('',#11384,13.7,9.966865249116E-02);
#11384 = AXIS2_PLACEMENT_3D('',#11385,#11386,#11387);
#11385 = CARTESIAN_POINT('',(0.,0.,259.));
#11386 = DIRECTION('',(0.,0.,1.));
#11387 = DIRECTION('',(1.,0.,-0.));
#11388 = DEFINITIONAL_REPRESENTATION('',(#11389),#11393);
#11389 = LINE('',#11390,#11391);
#11390 = CARTESIAN_POINT('',(0.,0.));
#11391 = VECTOR('',#11392,1.);
#11392 = DIRECTION('',(1.,0.));
#11393 = ( GEOMETRIC_REPRESENTATION_CONTEXT(2) 
PARAMETRIC_REPRESENTATION_CONTEXT() REPRESENTATION_CONTEXT('2D SPACE',''
  ) );
#11394 = ORIENTED_EDGE('',*,*,#11345,.F.);
#11395 = ADVANCED_FACE('',(#11396),#11383,.T.);
#11396 = FACE_BOUND('',#11397,.T.);
#11397 = EDGE_LOOP('',(#11398,#11399,#11422,#11449));
#11398 = ORIENTED_EDGE('',*,*,#11368,.T.);
#11399 = ORIENTED_EDGE('',*,*,#11400,.T.);
#11400 = EDGE_CURVE('',#11346,#11401,#11403,.T.);
#11401 = VERTEX_POINT('',#11402);
#11402 = CARTESIAN_POINT('',(14.,0.,262.));
#11403 = SEAM_CURVE('',#11404,(#11408,#11415),.PCURVE_S1.);
#11404 = LINE('',#11405,#11406);
#11405 = CARTESIAN_POINT('',(13.7,0.,259.));
#11406 = VECTOR('',#11407,1.);
#11407 = DIRECTION('',(9.9503719021E-02,0.,0.99503719021));
#11408 = PCURVE('',#11383,#11409);
#11409 = DEFINITIONAL_REPRESENTATION('',(#11410),#11414);
#11410 = LINE('',#11411,#11412);
#11411 = CARTESIAN_POINT('',(0.,0.));
#11412 = VECTOR('',#11413,1.);
#11413 = DIRECTION('',(0.,1.));
#11414 = ( GEOMETRIC_REPRESENTATION_CONTEXT(2) 
PARAMETRIC_REPRESENTATION_CONTEXT() REPRESENTATION_CONTEXT('2D SPACE',''
  ) );
#11415 = PCURVE('',#11383,#11416);
#11416 = DEFINITIONAL_REPRESENTATION('',(#11417),#11421);
#11417 = LINE('',#11418,#11419);
#11418 = CARTESIAN_POINT('',(6.28318530718,0.));
#11419 = VECTOR('',#11420,1.);
#11420 = DIRECTION('',(0.,1.));
#11421 = ( GEOMETRIC_REPRESENTATION_CONTEXT(2) 
PARAMETRIC_REPRESENTATION_CONTEXT() REPRESENTATION_CONTEXT('2D SPACE',''
  ) );
#11422 = ORIENTED_EDGE('',*,*,#11423,.F.);
#11423 = EDGE_CURVE('',#11401,#11401,#11424,.T.);
#11424 = SURFACE_CURVE('',#11425,(#11430,#11437),.PCURVE_S1.);
#11425 = CIRCLE('',#11426,14.);
#11426 = AXIS2_PLACEMENT_3D('',#11427,#11428,#11429);
#11427 = CARTESIAN_POINT('',(0.,0.,262.));
#11428 = DIRECTION('',(0.,0.,1.));
#11429 = DIRECTION('',(1.,0.,-0.));
#11430 = PCURVE('',#11383,#11431);
#11431 = DEFINITIONAL_REPRESENTATION('',(#11432),#11436);
#11432 = LINE('',#11433,#11434);
#11433 = CARTESIAN_POINT('',(0.,3.));
#11434 = VECTOR('',#11435,1.);
#11435 = DIRECTION('',(1.,0.));
#11436 = ( GEOMETRIC_REPRESENTATION_CONTEXT(2) 
PARAMETRIC_REPRESENTATION_CONTEXT() REPRESENTATION_CONTEXT('2D SPACE',''
  ) );
#11437 = PCURVE('',#11438,#11443);
#11438 = CONICAL_SURFACE('',#11439,14.,9.966865249116E-02);
#11439 = AXIS2_PLACEMENT_3D('',#11440,#11441,#11442);
#11440 = CARTESIAN_POINT('',(0.,0.,262.));
#11441 = DIRECTION('',(-0.,-0.,-1.));
#11442 = DIRECTION('',(1.,0.,-0.));
#11443 = DEFINITIONAL_REPRESENTATION('',(#11444),#11448);
#11444 = LINE('',#11445,#11446);
#11445 = CARTESIAN_POINT('',(-0.,-0.));
#11446 = VECTOR('',#11447,1.);
#11447 = DIRECTION('',(-1.,-0.));
#11448 = ( GEOMETRIC_REPRESENTATION_CONTEXT(2) 
PARAMETRIC_REPRESENTATION_CONTEXT() REPRESENTATION_CONTEXT('2D SPACE',''
  ) );
#11449 = ORIENTED_EDGE('',*,*,#11400,.F.);
#11450 = ADVANCED_FACE('',(#11451),#11438,.T.);
#11451 = FACE_BOUND('',#11452,.T.);
#11452 = EDGE_LOOP('',(#11453,#11454,#11477,#11504));
#11453 = ORIENTED_EDGE('',*,*,#11423,.T.);
#11454 = ORIENTED_EDGE('',*,*,#11455,.T.);
#11455 = EDGE_CURVE('',#11401,#11456,#11458,.T.);
#11456 = VERTEX_POINT('',#11457);
#11457 = CARTESIAN_POINT('',(13.7,0.,265.));
#11458 = SEAM_CURVE('',#11459,(#11463,#11470),.PCURVE_S1.);
#11459 = LINE('',#11460,#11461);
#11460 = CARTESIAN_POINT('',(14.,0.,262.));
#11461 = VECTOR('',#11462,1.);
#11462 = DIRECTION('',(-9.9503719021E-02,0.,0.99503719021));
#11463 = PCURVE('',#11438,#11464);
#11464 = DEFINITIONAL_REPRESENTATION('',(#11465),#11469);
#11465 = LINE('',#11466,#11467);
#11466 = CARTESIAN_POINT('',(-0.,-0.));
#11467 = VECTOR('',#11468,1.);
#11468 = DIRECTION('',(-0.,-1.));
#11469 = ( GEOMETRIC_REPRESENTATION_CONTEXT(2) 
PARAMETRIC_REPRESENTATION_CONTEXT() REPRESENTATION_CONTEXT('2D SPACE',''
  ) );
#11470 = PCURVE('',#11438,#11471);
#11471 = DEFINITIONAL_REPRESENTATION('',(#11472),#11476);
#11472 = LINE('',#11473,#11474);
#11473 = CARTESIAN_POINT('',(-6.28318530718,-0.));
#11474 = VECTOR('',#11475,1.);
#11475 = DIRECTION('',(-0.,-1.));
#11476 = ( GEOMETRIC_REPRESENTATION_CONTEXT(2) 
PARAMETRIC_REPRESENTATION_CONTEXT() REPRESENTATION_CONTEXT('2D SPACE',''
  ) );
#11477 = ORIENTED_EDGE('',*,*,#11478,.F.);
#11478 = EDGE_CURVE('',#11456,#11456,#11479,.T.);
#11479 = SURFACE_CURVE('',#11480,(#11485,#11492),.PCURVE_S1.);
#11480 = CIRCLE('',#11481,13.7);
#11481 = AXIS2_PLACEMENT_3D('',#11482,#11483,#11484);
#11482 = CARTESIAN_POINT('',(0.,0.,265.));
#11483 = DIRECTION('',(0.,0.,1.));
#11484 = DIRECTION('',(1.,0.,-0.));
#11485 = PCURVE('',#11438,#11486);
#11486 = DEFINITIONAL_REPRESENTATION('',(#11487),#11491);
#11487 = LINE('',#11488,#11489);
#11488 = CARTESIAN_POINT('',(-0.,-3.));
#11489 = VECTOR('',#11490,1.);
#11490 = DIRECTION('',(-1.,-0.));
#11491 = ( GEOMETRIC_REPRESENTATION_CONTEXT(2) 
PARAMETRIC_REPRESENTATION_CONTEXT() REPRESENTATION_CONTEXT('2D SPACE',''
  ) );
#11492 = PCURVE('',#11493,#11498);
#11493 = CONICAL_SURFACE('',#11494,13.7,9.966865249116E-02);
#11494 = AXIS2_PLACEMENT_3D('',#11495,#11496,#11497);
#11495 = CARTESIAN_POINT('',(0.,0.,265.));
#11496 = DIRECTION('',(0.,0.,1.));
#11497 = DIRECTION('',(1.,0.,-0.));
#11498 = DEFINITIONAL_REPRESENTATION('',(#11499),#11503);
#11499 = LINE('',#11500,#11501);
#11500 = CARTESIAN_POINT('',(0.,0.));
#11501 = VECTOR('',#11502,1.);
#11502 = DIRECTION('',(1.,0.));
#11503 = ( GEOMETRIC_REPRESENTATION_CONTEXT(2) 
PARAMETRIC_REPRESENTATION_CONTEXT() REPRESENTATION_CONTEXT('2D SPACE',''
  ) );
#11504 = ORIENTED_EDGE('',*,*,#11455,.F.);
#11505 = ADVANCED_FACE('',(#11506),#11493,.T.);
#11506 = FACE_BOUND('',#11507,.T.);
#11507 = EDGE_LOOP('',(#11508,#11509,#11532,#11559));
#11508 = ORIENTED_EDGE('',*,*,#11478,.T.);
#11509 = ORIENTED_EDGE('',*,*,#11510,.T.);
#11510 = EDGE_CURVE('',#11456,#11511,#11513,.T.);
#11511 = VERTEX_POINT('',#11512);
#11512 = CARTESIAN_POINT('',(14.,0.,268.));
#11513 = SEAM_CURVE('',#11514,(#11518,#11525),.PCURVE_S1.);
#11514 = LINE('',#11515,#11516);
#11515 = CARTESIAN_POINT('',(13.7,0.,265.));
#11516 = VECTOR('',#11517,1.);
#11517 = DIRECTION('',(9.9503719021E-02,0.,0.99503719021));
#11518 = PCURVE('',#11493,#11519);
#11519 = DEFINITIONAL_REPRESENTATION('',(#11520),#11524);
#11520 = LINE('',#11521,#11522);
#11521 = CARTESIAN_POINT('',(0.,0.));
#11522 = VECTOR('',#11523,1.);
#11523 = DIRECTION('',(0.,1.));
#11524 = ( GEOMETRIC_REPRESENTATION_CONTEXT(2) 
PARAMETRIC_REPRESENTATION_CONTEXT() REPRESENTATION_CONTEXT('2D SPACE',''
  ) );
#11525 = PCURVE('',#11493,#11526);
#11526 = DEFINITIONAL_REPRESENTATION('',(#11527),#11531);
#11527 = LINE('',#11528,#11529);
#11528 = CARTESIAN_POINT('',(6.28318530718,0.));
#11529 = VECTOR('',#11530,1.);
#11530 = DIRECTION('',(0.,1.));
#11531 = ( GEOMETRIC_REPRESENTATION_CONTEXT(2) 
PARAMETRIC_REPRESENTATION_CONTEXT() REPRESENTATION_CONTEXT('2D SPACE',''
  ) );
#11532 = ORIENTED_EDGE('',*,*,#11533,.F.);
#11533 = EDGE_CURVE('',#11511,#11511,#11534,.T.);
#11534 = SURFACE_CURVE('',#11535,(#11540,#11547),.PCURVE_S1.);
#11535 = CIRCLE('',#11536,14.);
#11536 = AXIS2_PLACEMENT_3D('',#11537,#11538,#11539);
#11537 = CARTESIAN_POINT('',(0.,0.,268.));
#11538 = DIRECTION('',(0.,0.,1.));
#11539 = DIRECTION('',(1.,0.,-0.));
#11540 = PCURVE('',#11493,#11541);
#11541 = DEFINITIONAL_REPRESENTATION('',(#11542),#11546);
#11542 = LINE('',#11543,#11544);
#11543 = CARTESIAN_POINT('',(0.,3.));
#11544 = VECTOR('',#11545,1.);
#11545 = DIRECTION('',(1.,0.));
#11546 = ( GEOMETRIC_REPRESENTATION_CONTEXT(2) 
PARAMETRIC_REPRESENTATION_CONTEXT() REPRESENTATION_CONTEXT('2D SPACE',''
  ) );
#11547 = PCURVE('',#11548,#11553);
#11548 = CONICAL_SURFACE('',#11549,14.,9.966865249116E-02);
#11549 = AXIS2_PLACEMENT_3D('',#11550,#11551,#11552);
#11550 = CARTESIAN_POINT('',(0.,0.,268.));
#11551 = DIRECTION('',(-0.,-0.,-1.));
#11552 = DIRECTION('',(1.,0.,-0.));
#11553 = DEFINITIONAL_REPRESENTATION('',(#11554),#11558);
#11554 = LINE('',#11555,#11556);
#11555 = CARTESIAN_POINT('',(-0.,-0.));
#11556 = VECTOR('',#11557,1.);
#11557 = DIRECTION('',(-1.,-0.));
#11558 = ( GEOMETRIC_REPRESENTATION_CONTEXT(2) 
PARAMETRIC_REPRESENTATION_CONTEXT() REPRESENTATION_CONTEXT('2D SPACE',''
  ) );
#11559 = ORIENTED_EDGE('',*,*,#11510,.F.);
#11560 = ADVANCED_FACE('',(#11561),#11548,.T.);
#11561 = FACE_BOUND('',#11562,.T.);
#11562 = EDGE_LOOP('',(#11563,#11564,#11587,#11614));
#11563 = ORIENTED_EDGE('',*,*,#11533,.T.);
#11564 = ORIENTED_EDGE('',*,*,#11565,.T.);
#11565 = EDGE_CURVE('',#11511,#11566,#11568,.T.);
#11566 = VERTEX_POINT('',#11567);
#11567 = CARTESIAN_POINT('',(13.7,0.,271.));
#11568 = SEAM_CURVE('',#11569,(#11573,#11580),.PCURVE_S1.);
#11569 = LINE('',#11570,#11571);
#11570 = CARTESIAN_POINT('',(14.,0.,268.));
#11571 = VECTOR('',#11572,1.);
#11572 = DIRECTION('',(-9.9503719021E-02,0.,0.99503719021));
#11573 = PCURVE('',#11548,#11574);
#11574 = DEFINITIONAL_REPRESENTATION('',(#11575),#11579);
#11575 = LINE('',#11576,#11577);
#11576 = CARTESIAN_POINT('',(-0.,-0.));
#11577 = VECTOR('',#11578,1.);
#11578 = DIRECTION('',(-0.,-1.));
#11579 = ( GEOMETRIC_REPRESENTATION_CONTEXT(2) 
PARAMETRIC_REPRESENTATION_CONTEXT() REPRESENTATION_CONTEXT('2D SPACE',''
  ) );
#11580 = PCURVE('',#11548,#11581);
#11581 = DEFINITIONAL_REPRESENTATION('',(#11582),#11586);
#11582 = LINE('',#11583,#11584);
#11583 = CARTESIAN_POINT('',(-6.28318530718,-0.));
#11584 = VECTOR('',#11585,1.);
#11585 = DIRECTION('',(-0.,-1.));
#11586 = ( GEOMETRIC_REPRESENTATION_CONTEXT(2) 
PARAMETRIC_REPRESENTATION_CONTEXT() REPRESENTATION_CONTEXT('2D SPACE',''
  ) );
#11587 = ORIENTED_EDGE('',*,*,#11588,.F.);
#11588 = EDGE_CURVE('',#11566,#11566,#11589,.T.);
#11589 = SURFACE_CURVE('',#11590,(#11595,#11602),.PCURVE_S1.);
#11590 = CIRCLE('',#11591,13.7);
#11591 = AXIS2_PLACEMENT_3D('',#11592,#11593,#11594);
#11592 = CARTESIAN_POINT('',(0.,0.,271.));
#11593 = DIRECTION('',(0.,0.,1.));
#11594 = DIRECTION('',(1.,0.,-0.));
#11595 = PCURVE('',#11548,#11596);
#11596 = DEFINITIONAL_REPRESENTATION('',(#11597),#11601);
#11597 = LINE('',#11598,#11599);
#11598 = CARTESIAN_POINT('',(-0.,-3.));
#11599 = VECTOR('',#11600,1.);
#11600 = DIRECTION('',(-1.,-0.));
#11601 = ( GEOMETRIC_REPRESENTATION_CONTEXT(2) 
PARAMETRIC_REPRESENTATION_CONTEXT() REPRESENTATION_CONTEXT('2D SPACE',''
  ) );
#11602 = PCURVE('',#11603,#11608);
#11603 = CONICAL_SURFACE('',#11604,13.7,9.966865249116E-02);
#11604 = AXIS2_PLACEMENT_3D('',#11605,#11606,#11607);
#11605 = CARTESIAN_POINT('',(0.,0.,271.));
#11606 = DIRECTION('',(0.,0.,1.));
#11607 = DIRECTION('',(1.,0.,-0.));
#11608 = DEFINITIONAL_REPRESENTATION('',(#11609),#11613);
#11609 = LINE('',#11610,#11611);
#11610 = CARTESIAN_POINT('',(0.,0.));
#11611 = VECTOR('',#11612,1.);
#11612 = DIRECTION('',(1.,0.));
#11613 = ( GEOMETRIC_REPRESENTATION_CONTEXT(2) 
PARAMETRIC_REPRESENTATION_CONTEXT() REPRESENTATION_CONTEXT('2D SPACE',''
  ) );
#11614 = ORIENTED_EDGE('',*,*,#11565,.F.);
#11615 = ADVANCED_FACE('',(#11616),#11603,.T.);
#11616 = FACE_BOUND('',#11617,.T.);
#11617 = EDGE_LOOP('',(#11618,#11619,#11642,#11669));
#11618 = ORIENTED_EDGE('',*,*,#11588,.T.);
#11619 = ORIENTED_EDGE('',*,*,#11620,.T.);
#11620 = EDGE_CURVE('',#11566,#11621,#11623,.T.);
#11621 = VERTEX_POINT('',#11622);
#11622 = CARTESIAN_POINT('',(14.,0.,274.));
#11623 = SEAM_CURVE('',#11624,(#11628,#11635),.PCURVE_S1.);
#11624 = LINE('',#11625,#11626);
#11625 = CARTESIAN_POINT('',(13.7,0.,271.));
#11626 = VECTOR('',#11627,1.);
#11627 = DIRECTION('',(9.9503719021E-02,0.,0.99503719021));
#11628 = PCURVE('',#11603,#11629);
#11629 = DEFINITIONAL_REPRESENTATION('',(#11630),#11634);
#11630 = LINE('',#11631,#11632);
#11631 = CARTESIAN_POINT('',(0.,0.));
#11632 = VECTOR('',#11633,1.);
#11633 = DIRECTION('',(0.,1.));
#11634 = ( GEOMETRIC_REPRESENTATION_CONTEXT(2) 
PARAMETRIC_REPRESENTATION_CONTEXT() REPRESENTATION_CONTEXT('2D SPACE',''
  ) );
#11635 = PCURVE('',#11603,#11636);
#11636 = DEFINITIONAL_REPRESENTATION('',(#11637),#11641);
#11637 = LINE('',#11638,#11639);
#11638 = CARTESIAN_POINT('',(6.28318530718,0.));
#11639 = VECTOR('',#11640,1.);
#11640 = DIRECTION('',(0.,1.));
#11641 = ( GEOMETRIC_REPRESENTATION_CONTEXT(2) 
PARAMETRIC_REPRESENTATION_CONTEXT() REPRESENTATION_CONTEXT('2D SPACE',''
  ) );
#11642 = ORIENTED_EDGE('',*,*,#11643,.F.);
#11643 = EDGE_CURVE('',#11621,#11621,#11644,.T.);
#11644 = SURFACE_CURVE('',#11645,(#11650,#11657),.PCURVE_S1.);
#11645 = CIRCLE('',#11646,14.);
#11646 = AXIS2_PLACEMENT_3D('',#11647,#11648,#11649);
#11647 = CARTESIAN_POINT('',(0.,0.,274.));
#11648 = DIRECTION('',(0.,0.,1.));
#11649 = DIRECTION('',(1.,0.,-0.));
#11650 = PCURVE('',#11603,#11651);
#11651 = DEFINITIONAL_REPRESENTATION('',(#11652),#11656);
#11652 = LINE('',#11653,#11654);
#11653 = CARTESIAN_POINT('',(0.,3.));
#11654 = VECTOR('',#11655,1.);
#11655 = DIRECTION('',(1.,0.));
#11656 = ( GEOMETRIC_REPRESENTATION_CONTEXT(2) 
PARAMETRIC_REPRESENTATION_CONTEXT() REPRESENTATION_CONTEXT('2D SPACE',''
  ) );
#11657 = PCURVE('',#11658,#11663);
#11658 = CONICAL_SURFACE('',#11659,14.,9.966865249116E-02);
#11659 = AXIS2_PLACEMENT_3D('',#11660,#11661,#11662);
#11660 = CARTESIAN_POINT('',(0.,0.,274.));
#11661 = DIRECTION('',(-0.,-0.,-1.));
#11662 = DIRECTION('',(1.,0.,-0.));
#11663 = DEFINITIONAL_REPRESENTATION('',(#11664),#11668);
#11664 = LINE('',#11665,#11666);
#11665 = CARTESIAN_POINT('',(-0.,-0.));
#11666 = VECTOR('',#11667,1.);
#11667 = DIRECTION('',(-1.,-0.));
#11668 = ( GEOMETRIC_REPRESENTATION_CONTEXT(2) 
PARAMETRIC_REPRESENTATION_CONTEXT() REPRESENTATION_CONTEXT('2D SPACE',''
  ) );
#11669 = ORIENTED_EDGE('',*,*,#11620,.F.);
#11670 = ADVANCED_FACE('',(#11671),#11658,.T.);
#11671 = FACE_BOUND('',#11672,.T.);
#11672 = EDGE_LOOP('',(#11673,#11674,#11697,#11724));
#11673 = ORIENTED_EDGE('',*,*,#11643,.T.);
#11674 = ORIENTED_EDGE('',*,*,#11675,.T.);
#11675 = EDGE_CURVE('',#11621,#11676,#11678,.T.);
#11676 = VERTEX_POINT('',#11677);
#11677 = CARTESIAN_POINT('',(13.7,0.,277.));
#11678 = SEAM_CURVE('',#11679,(#11683,#11690),.PCURVE_S1.);
#11679 = LINE('',#11680,#11681);
#11680 = CARTESIAN_POINT('',(14.,0.,274.));
#11681 = VECTOR('',#11682,1.);
#11682 = DIRECTION('',(-9.9503719021E-02,0.,0.99503719021));
#11683 = PCURVE('',#11658,#11684);
#11684 = DEFINITIONAL_REPRESENTATION('',(#11685),#11689);
#11685 = LINE('',#11686,#11687);
#11686 = CARTESIAN_POINT('',(-0.,-0.));
#11687 = VECTOR('',#11688,1.);
#11688 = DIRECTION('',(-0.,-1.));
#11689 = ( GEOMETRIC_REPRESENTATION_CONTEXT(2) 
PARAMETRIC_REPRESENTATION_CONTEXT() REPRESENTATION_CONTEXT('2D SPACE',''
  ) );
#11690 = PCURVE('',#11658,#11691);
#11691 = DEFINITIONAL_REPRESENTATION('',(#11692),#11696);
#11692 = LINE('',#11693,#11694);
#11693 = CARTESIAN_POINT('',(-6.28318530718,-0.));
#11694 = VECTOR('',#11695,1.);
#11695 = DIRECTION('',(-0.,-1.));
#11696 = ( GEOMETRIC_REPRESENTATION_CONTEXT(2) 
PARAMETRIC_REPRESENTATION_CONTEXT() REPRESENTATION_CONTEXT('2D SPACE',''
  ) );
#11697 = ORIENTED_EDGE('',*,*,#11698,.F.);
#11698 = EDGE_CURVE('',#11676,#11676,#11699,.T.);
#11699 = SURFACE_CURVE('',#11700,(#11705,#11712),.PCURVE_S1.);
#11700 = CIRCLE('',#11701,13.7);
#11701 = AXIS2_PLACEMENT_3D('',#11702,#11703,#11704);
#11702 = CARTESIAN_POINT('',(0.,0.,277.));
#11703 = DIRECTION('',(0.,0.,1.));
#11704 = DIRECTION('',(1.,0.,-0.));
#11705 = PCURVE('',#11658,#11706);
#11706 = DEFINITIONAL_REPRESENTATION('',(#11707),#11711);
#11707 = LINE('',#11708,#11709);
#11708 = CARTESIAN_POINT('',(-0.,-3.));
#11709 = VECTOR('',#11710,1.);
#11710 = DIRECTION('',(-1.,-0.));
#11711 = ( GEOMETRIC_REPRESENTATION_CONTEXT(2) 
PARAMETRIC_REPRESENTATION_CONTEXT() REPRESENTATION_CONTEXT('2D SPACE',''
  ) );
#11712 = PCURVE('',#11713,#11718);
#11713 = CONICAL_SURFACE('',#11714,13.7,9.966865249116E-02);
#11714 = AXIS2_PLACEMENT_3D('',#11715,#11716,#11717);
#11715 = CARTESIAN_POINT('',(0.,0.,277.));
#11716 = DIRECTION('',(0.,0.,1.));
#11717 = DIRECTION('',(1.,0.,-0.));
#11718 = DEFINITIONAL_REPRESENTATION('',(#11719),#11723);
#11719 = LINE('',#11720,#11721);
#11720 = CARTESIAN_POINT('',(0.,0.));
#11721 = VECTOR('',#11722,1.);
#11722 = DIRECTION('',(1.,0.));
#11723 = ( GEOMETRIC_REPRESENTATION_CONTEXT(2) 
PARAMETRIC_REPRESENTATION_CONTEXT() REPRESENTATION_CONTEXT('2D SPACE',''
  ) );
#11724 = ORIENTED_EDGE('',*,*,#11675,.F.);
#11725 = ADVANCED_FACE('',(#11726),#11713,.T.);
#11726 = FACE_BOUND('',#11727,.T.);
#11727 = EDGE_LOOP('',(#11728,#11729,#11752,#11779));
#11728 = ORIENTED_EDGE('',*,*,#11698,.T.);
#11729 = ORIENTED_EDGE('',*,*,#11730,.T.);
#11730 = EDGE_CURVE('',#11676,#11731,#11733,.T.);
#11731 = VERTEX_POINT('',#11732);
#11732 = CARTESIAN_POINT('',(14.,0.,280.));
#11733 = SEAM_CURVE('',#11734,(#11738,#11745),.PCURVE_S1.);
#11734 = LINE('',#11735,#11736);
#11735 = CARTESIAN_POINT('',(13.7,0.,277.));
#11736 = VECTOR('',#11737,1.);
#11737 = DIRECTION('',(9.9503719021E-02,0.,0.99503719021));
#11738 = PCURVE('',#11713,#11739);
#11739 = DEFINITIONAL_REPRESENTATION('',(#11740),#11744);
#11740 = LINE('',#11741,#11742);
#11741 = CARTESIAN_POINT('',(0.,0.));
#11742 = VECTOR('',#11743,1.);
#11743 = DIRECTION('',(0.,1.));
#11744 = ( GEOMETRIC_REPRESENTATION_CONTEXT(2) 
PARAMETRIC_REPRESENTATION_CONTEXT() REPRESENTATION_CONTEXT('2D SPACE',''
  ) );
#11745 = PCURVE('',#11713,#11746);
#11746 = DEFINITIONAL_REPRESENTATION('',(#11747),#11751);
#11747 = LINE('',#11748,#11749);
#11748 = CARTESIAN_POINT('',(6.28318530718,0.));
#11749 = VECTOR('',#11750,1.);
#11750 = DIRECTION('',(0.,1.));
#11751 = ( GEOMETRIC_REPRESENTATION_CONTEXT(2) 
PARAMETRIC_REPRESENTATION_CONTEXT() REPRESENTATION_CONTEXT('2D SPACE',''
  ) );
#11752 = ORIENTED_EDGE('',*,*,#11753,.F.);
#11753 = EDGE_CURVE('',#11731,#11731,#11754,.T.);
#11754 = SURFACE_CURVE('',#11755,(#11760,#11767),.PCURVE_S1.);
#11755 = CIRCLE('',#11756,14.);
#11756 = AXIS2_PLACEMENT_3D('',#11757,#11758,#11759);
#11757 = CARTESIAN_POINT('',(0.,0.,280.));
#11758 = DIRECTION('',(0.,0.,1.));
#11759 = DIRECTION('',(1.,0.,-0.));
#11760 = PCURVE('',#11713,#11761);
#11761 = DEFINITIONAL_REPRESENTATION('',(#11762),#11766);
#11762 = LINE('',#11763,#11764);
#11763 = CARTESIAN_POINT('',(0.,3.));
#11764 = VECTOR('',#11765,1.);
#11765 = DIRECTION('',(1.,0.));
#11766 = ( GEOMETRIC_REPRESENTATION_CONTEXT(2) 
PARAMETRIC_REPRESENTATION_CONTEXT() REPRESENTATION_CONTEXT('2D SPACE',''
  ) );
#11767 = PCURVE('',#11768,#11773);
#11768 = CONICAL_SURFACE('',#11769,14.,9.966865249116E-02);
#11769 = AXIS2_PLACEMENT_3D('',#11770,#11771,#11772);
#11770 = CARTESIAN_POINT('',(0.,0.,280.));
#11771 = DIRECTION('',(-0.,-0.,-1.));
#11772 = DIRECTION('',(1.,0.,-0.));
#11773 = DEFINITIONAL_REPRESENTATION('',(#11774),#11778);
#11774 = LINE('',#11775,#11776);
#11775 = CARTESIAN_POINT('',(-0.,-0.));
#11776 = VECTOR('',#11777,1.);
#11777 = DIRECTION('',(-1.,-0.));
#11778 = ( GEOMETRIC_REPRESENTATION_CONTEXT(2) 
PARAMETRIC_REPRESENTATION_CONTEXT() REPRESENTATION_CONTEXT('2D SPACE',''
  ) );
#11779 = ORIENTED_EDGE('',*,*,#11730,.F.);
#11780 = ADVANCED_FACE('',(#11781),#11768,.T.);
#11781 = FACE_BOUND('',#11782,.T.);
#11782 = EDGE_LOOP('',(#11783,#11784,#11807,#11834));
#11783 = ORIENTED_EDGE('',*,*,#11753,.T.);
#11784 = ORIENTED_EDGE('',*,*,#11785,.T.);
#11785 = EDGE_CURVE('',#11731,#11786,#11788,.T.);
#11786 = VERTEX_POINT('',#11787);
#11787 = CARTESIAN_POINT('',(13.7,0.,283.));
#11788 = SEAM_CURVE('',#11789,(#11793,#11800),.PCURVE_S1.);
#11789 = LINE('',#11790,#11791);
#11790 = CARTESIAN_POINT('',(14.,0.,280.));
#11791 = VECTOR('',#11792,1.);
#11792 = DIRECTION('',(-9.9503719021E-02,0.,0.99503719021));
#11793 = PCURVE('',#11768,#11794);
#11794 = DEFINITIONAL_REPRESENTATION('',(#11795),#11799);
#11795 = LINE('',#11796,#11797);
#11796 = CARTESIAN_POINT('',(-0.,-0.));
#11797 = VECTOR('',#11798,1.);
#11798 = DIRECTION('',(-0.,-1.));
#11799 = ( GEOMETRIC_REPRESENTATION_CONTEXT(2) 
PARAMETRIC_REPRESENTATION_CONTEXT() REPRESENTATION_CONTEXT('2D SPACE',''
  ) );
#11800 = PCURVE('',#11768,#11801);
#11801 = DEFINITIONAL_REPRESENTATION('',(#11802),#11806);
#11802 = LINE('',#11803,#11804);
#11803 = CARTESIAN_POINT('',(-6.28318530718,-0.));
#11804 = VECTOR('',#11805,1.);
#11805 = DIRECTION('',(-0.,-1.));
#11806 = ( GEOMETRIC_REPRESENTATION_CONTEXT(2) 
PARAMETRIC_REPRESENTATION_CONTEXT() REPRESENTATION_CONTEXT('2D SPACE',''
  ) );
#11807 = ORIENTED_EDGE('',*,*,#11808,.F.);
#11808 = EDGE_CURVE('',#11786,#11786,#11809,.T.);
#11809 = SURFACE_CURVE('',#11810,(#11815,#11822),.PCURVE_S1.);
#11810 = CIRCLE('',#11811,13.7);
#11811 = AXIS2_PLACEMENT_3D('',#11812,#11813,#11814);
#11812 = CARTESIAN_POINT('',(0.,0.,283.));
#11813 = DIRECTION('',(0.,0.,1.));
#11814 = DIRECTION('',(1.,0.,-0.));
#11815 = PCURVE('',#11768,#11816);
#11816 = DEFINITIONAL_REPRESENTATION('',(#11817),#11821);
#11817 = LINE('',#11818,#11819);
#11818 = CARTESIAN_POINT('',(-0.,-3.));
#11819 = VECTOR('',#11820,1.);
#11820 = DIRECTION('',(-1.,-0.));
#11821 = ( GEOMETRIC_REPRESENTATION_CONTEXT(2) 
PARAMETRIC_REPRESENTATION_CONTEXT() REPRESENTATION_CONTEXT('2D SPACE',''
  ) );
#11822 = PCURVE('',#11823,#11828);
#11823 = CONICAL_SURFACE('',#11824,13.7,9.966865249116E-02);
#11824 = AXIS2_PLACEMENT_3D('',#11825,#11826,#11827);
#11825 = CARTESIAN_POINT('',(0.,0.,283.));
#11826 = DIRECTION('',(0.,0.,1.));
#11827 = DIRECTION('',(1.,0.,-0.));
#11828 = DEFINITIONAL_REPRESENTATION('',(#11829),#11833);
#11829 = LINE('',#11830,#11831);
#11830 = CARTESIAN_POINT('',(0.,0.));
#11831 = VECTOR('',#11832,1.);
#11832 = DIRECTION('',(1.,0.));
#11833 = ( GEOMETRIC_REPRESENTATION_CONTEXT(2) 
PARAMETRIC_REPRESENTATION_CONTEXT() REPRESENTATION_CONTEXT('2D SPACE',''
  ) );
#11834 = ORIENTED_EDGE('',*,*,#11785,.F.);
#11835 = ADVANCED_FACE('',(#11836),#11823,.T.);
#11836 = FACE_BOUND('',#11837,.T.);
#11837 = EDGE_LOOP('',(#11838,#11839,#11862,#11889));
#11838 = ORIENTED_EDGE('',*,*,#11808,.T.);
#11839 = ORIENTED_EDGE('',*,*,#11840,.T.);
#11840 = EDGE_CURVE('',#11786,#11841,#11843,.T.);
#11841 = VERTEX_POINT('',#11842);
#11842 = CARTESIAN_POINT('',(14.,0.,286.));
#11843 = SEAM_CURVE('',#11844,(#11848,#11855),.PCURVE_S1.);
#11844 = LINE('',#11845,#11846);
#11845 = CARTESIAN_POINT('',(13.7,0.,283.));
#11846 = VECTOR('',#11847,1.);
#11847 = DIRECTION('',(9.9503719021E-02,0.,0.99503719021));
#11848 = PCURVE('',#11823,#11849);
#11849 = DEFINITIONAL_REPRESENTATION('',(#11850),#11854);
#11850 = LINE('',#11851,#11852);
#11851 = CARTESIAN_POINT('',(0.,0.));
#11852 = VECTOR('',#11853,1.);
#11853 = DIRECTION('',(0.,1.));
#11854 = ( GEOMETRIC_REPRESENTATION_CONTEXT(2) 
PARAMETRIC_REPRESENTATION_CONTEXT() REPRESENTATION_CONTEXT('2D SPACE',''
  ) );
#11855 = PCURVE('',#11823,#11856);
#11856 = DEFINITIONAL_REPRESENTATION('',(#11857),#11861);
#11857 = LINE('',#11858,#11859);
#11858 = CARTESIAN_POINT('',(6.28318530718,0.));
#11859 = VECTOR('',#11860,1.);
#11860 = DIRECTION('',(0.,1.));
#11861 = ( GEOMETRIC_REPRESENTATION_CONTEXT(2) 
PARAMETRIC_REPRESENTATION_CONTEXT() REPRESENTATION_CONTEXT('2D SPACE',''
  ) );
#11862 = ORIENTED_EDGE('',*,*,#11863,.F.);
#11863 = EDGE_CURVE('',#11841,#11841,#11864,.T.);
#11864 = SURFACE_CURVE('',#11865,(#11870,#11877),.PCURVE_S1.);
#11865 = CIRCLE('',#11866,14.);
#11866 = AXIS2_PLACEMENT_3D('',#11867,#11868,#11869);
#11867 = CARTESIAN_POINT('',(0.,0.,286.));
#11868 = DIRECTION('',(0.,0.,1.));
#11869 = DIRECTION('',(1.,0.,-0.));
#11870 = PCURVE('',#11823,#11871);
#11871 = DEFINITIONAL_REPRESENTATION('',(#11872),#11876);
#11872 = LINE('',#11873,#11874);
#11873 = CARTESIAN_POINT('',(0.,3.));
#11874 = VECTOR('',#11875,1.);
#11875 = DIRECTION('',(1.,0.));
#11876 = ( GEOMETRIC_REPRESENTATION_CONTEXT(2) 
PARAMETRIC_REPRESENTATION_CONTEXT() REPRESENTATION_CONTEXT('2D SPACE',''
  ) );
#11877 = PCURVE('',#11878,#11883);
#11878 = CONICAL_SURFACE('',#11879,14.,9.966865249116E-02);
#11879 = AXIS2_PLACEMENT_3D('',#11880,#11881,#11882);
#11880 = CARTESIAN_POINT('',(0.,0.,286.));
#11881 = DIRECTION('',(-0.,-0.,-1.));
#11882 = DIRECTION('',(1.,0.,-0.));
#11883 = DEFINITIONAL_REPRESENTATION('',(#11884),#11888);
#11884 = LINE('',#11885,#11886);
#11885 = CARTESIAN_POINT('',(-0.,-0.));
#11886 = VECTOR('',#11887,1.);
#11887 = DIRECTION('',(-1.,-0.));
#11888 = ( GEOMETRIC_REPRESENTATION_CONTEXT(2) 
PARAMETRIC_REPRESENTATION_CONTEXT() REPRESENTATION_CONTEXT('2D SPACE',''
  ) );
#11889 = ORIENTED_EDGE('',*,*,#11840,.F.);
#11890 = ADVANCED_FACE('',(#11891),#11878,.T.);
#11891 = FACE_BOUND('',#11892,.T.);
#11892 = EDGE_LOOP('',(#11893,#11894,#11917,#11944));
#11893 = ORIENTED_EDGE('',*,*,#11863,.T.);
#11894 = ORIENTED_EDGE('',*,*,#11895,.T.);
#11895 = EDGE_CURVE('',#11841,#11896,#11898,.T.);
#11896 = VERTEX_POINT('',#11897);
#11897 = CARTESIAN_POINT('',(13.7,0.,289.));
#11898 = SEAM_CURVE('',#11899,(#11903,#11910),.PCURVE_S1.);
#11899 = LINE('',#11900,#11901);
#11900 = CARTESIAN_POINT('',(14.,0.,286.));
#11901 = VECTOR('',#11902,1.);
#11902 = DIRECTION('',(-9.9503719021E-02,0.,0.99503719021));
#11903 = PCURVE('',#11878,#11904);
#11904 = DEFINITIONAL_REPRESENTATION('',(#11905),#11909);
#11905 = LINE('',#11906,#11907);
#11906 = CARTESIAN_POINT('',(-0.,-0.));
#11907 = VECTOR('',#11908,1.);
#11908 = DIRECTION('',(-0.,-1.));
#11909 = ( GEOMETRIC_REPRESENTATION_CONTEXT(2) 
PARAMETRIC_REPRESENTATION_CONTEXT() REPRESENTATION_CONTEXT('2D SPACE',''
  ) );
#11910 = PCURVE('',#11878,#11911);
#11911 = DEFINITIONAL_REPRESENTATION('',(#11912),#11916);
#11912 = LINE('',#11913,#11914);
#11913 = CARTESIAN_POINT('',(-6.28318530718,-0.));
#11914 = VECTOR('',#11915,1.);
#11915 = DIRECTION('',(-0.,-1.));
#11916 = ( GEOMETRIC_REPRESENTATION_CONTEXT(2) 
PARAMETRIC_REPRESENTATION_CONTEXT() REPRESENTATION_CONTEXT('2D SPACE',''
  ) );
#11917 = ORIENTED_EDGE('',*,*,#11918,.F.);
#11918 = EDGE_CURVE('',#11896,#11896,#11919,.T.);
#11919 = SURFACE_CURVE('',#11920,(#11925,#11932),.PCURVE_S1.);
#11920 = CIRCLE('',#11921,13.7);
#11921 = AXIS2_PLACEMENT_3D('',#11922,#11923,#11924);
#11922 = CARTESIAN_POINT('',(0.,0.,289.));
#11923 = DIRECTION('',(0.,0.,1.));
#11924 = DIRECTION('',(1.,0.,-0.));
#11925 = PCURVE('',#11878,#11926);
#11926 = DEFINITIONAL_REPRESENTATION('',(#11927),#11931);
#11927 = LINE('',#11928,#11929);
#11928 = CARTESIAN_POINT('',(-0.,-3.));
#11929 = VECTOR('',#11930,1.);
#11930 = DIRECTION('',(-1.,-0.));
#11931 = ( GEOMETRIC_REPRESENTATION_CONTEXT(2) 
PARAMETRIC_REPRESENTATION_CONTEXT() REPRESENTATION_CONTEXT('2D SPACE',''
  ) );
#11932 = PCURVE('',#11933,#11938);
#11933 = CONICAL_SURFACE('',#11934,13.7,9.966865249116E-02);
#11934 = AXIS2_PLACEMENT_3D('',#11935,#11936,#11937);
#11935 = CARTESIAN_POINT('',(0.,0.,289.));
#11936 = DIRECTION('',(0.,0.,1.));
#11937 = DIRECTION('',(1.,0.,-0.));
#11938 = DEFINITIONAL_REPRESENTATION('',(#11939),#11943);
#11939 = LINE('',#11940,#11941);
#11940 = CARTESIAN_POINT('',(0.,0.));
#11941 = VECTOR('',#11942,1.);
#11942 = DIRECTION('',(1.,0.));
#11943 = ( GEOMETRIC_REPRESENTATION_CONTEXT(2) 
PARAMETRIC_REPRESENTATION_CONTEXT() REPRESENTATION_CONTEXT('2D SPACE',''
  ) );
#11944 = ORIENTED_EDGE('',*,*,#11895,.F.);
#11945 = ADVANCED_FACE('',(#11946),#11933,.T.);
#11946 = FACE_BOUND('',#11947,.T.);
#11947 = EDGE_LOOP('',(#11948,#11949,#11972,#11999));
#11948 = ORIENTED_EDGE('',*,*,#11918,.T.);
#11949 = ORIENTED_EDGE('',*,*,#11950,.T.);
#11950 = EDGE_CURVE('',#11896,#11951,#11953,.T.);
#11951 = VERTEX_POINT('',#11952);
#11952 = CARTESIAN_POINT('',(14.,0.,292.));
#11953 = SEAM_CURVE('',#11954,(#11958,#11965),.PCURVE_S1.);
#11954 = LINE('',#11955,#11956);
#11955 = CARTESIAN_POINT('',(13.7,0.,289.));
#11956 = VECTOR('',#11957,1.);
#11957 = DIRECTION('',(9.9503719021E-02,0.,0.99503719021));
#11958 = PCURVE('',#11933,#11959);
#11959 = DEFINITIONAL_REPRESENTATION('',(#11960),#11964);
#11960 = LINE('',#11961,#11962);
#11961 = CARTESIAN_POINT('',(0.,0.));
#11962 = VECTOR('',#11963,1.);
#11963 = DIRECTION('',(0.,1.));
#11964 = ( GEOMETRIC_REPRESENTATION_CONTEXT(2) 
PARAMETRIC_REPRESENTATION_CONTEXT() REPRESENTATION_CONTEXT('2D SPACE',''
  ) );
#11965 = PCURVE('',#11933,#11966);
#11966 = DEFINITIONAL_REPRESENTATION('',(#11967),#11971);
#11967 = LINE('',#11968,#11969);
#11968 = CARTESIAN_POINT('',(6.28318530718,0.));
#11969 = VECTOR('',#11970,1.);
#11970 = DIRECTION('',(0.,1.));
#11971 = ( GEOMETRIC_REPRESENTATION_CONTEXT(2) 
PARAMETRIC_REPRESENTATION_CONTEXT() REPRESENTATION_CONTEXT('2D SPACE',''
  ) );
#11972 = ORIENTED_EDGE('',*,*,#11973,.F.);
#11973 = EDGE_CURVE('',#11951,#11951,#11974,.T.);
#11974 = SURFACE_CURVE('',#11975,(#11980,#11987),.PCURVE_S1.);
#11975 = CIRCLE('',#11976,14.);
#11976 = AXIS2_PLACEMENT_3D('',#11977,#11978,#11979);
#11977 = CARTESIAN_POINT('',(0.,0.,292.));
#11978 = DIRECTION('',(0.,0.,1.));
#11979 = DIRECTION('',(1.,0.,-0.));
#11980 = PCURVE('',#11933,#11981);
#11981 = DEFINITIONAL_REPRESENTATION('',(#11982),#11986);
#11982 = LINE('',#11983,#11984);
#11983 = CARTESIAN_POINT('',(0.,3.));
#11984 = VECTOR('',#11985,1.);
#11985 = DIRECTION('',(1.,0.));
#11986 = ( GEOMETRIC_REPRESENTATION_CONTEXT(2) 
PARAMETRIC_REPRESENTATION_CONTEXT() REPRESENTATION_CONTEXT('2D SPACE',''
  ) );
#11987 = PCURVE('',#11988,#11993);
#11988 = CONICAL_SURFACE('',#11989,14.,9.966865249116E-02);
#11989 = AXIS2_PLACEMENT_3D('',#11990,#11991,#11992);
#11990 = CARTESIAN_POINT('',(0.,0.,292.));
#11991 = DIRECTION('',(-0.,-0.,-1.));
#11992 = DIRECTION('',(1.,0.,-0.));
#11993 = DEFINITIONAL_REPRESENTATION('',(#11994),#11998);
#11994 = LINE('',#11995,#11996);
#11995 = CARTESIAN_POINT('',(-0.,-0.));
#11996 = VECTOR('',#11997,1.);
#11997 = DIRECTION('',(-1.,-0.));
#11998 = ( GEOMETRIC_REPRESENTATION_CONTEXT(2) 
PARAMETRIC_REPRESENTATION_CONTEXT() REPRESENTATION_CONTEXT('2D SPACE',''
  ) );
#11999 = ORIENTED_EDGE('',*,*,#11950,.F.);
#12000 = ADVANCED_FACE('',(#12001),#11988,.T.);
#12001 = FACE_BOUND('',#12002,.T.);
#12002 = EDGE_LOOP('',(#12003,#12004,#12027,#12054));
#12003 = ORIENTED_EDGE('',*,*,#11973,.T.);
#12004 = ORIENTED_EDGE('',*,*,#12005,.T.);
#12005 = EDGE_CURVE('',#11951,#12006,#12008,.T.);
#12006 = VERTEX_POINT('',#12007);
#12007 = CARTESIAN_POINT('',(13.7,0.,295.));
#12008 = SEAM_CURVE('',#12009,(#12013,#12020),.PCURVE_S1.);
#12009 = LINE('',#12010,#12011);
#12010 = CARTESIAN_POINT('',(14.,0.,292.));
#12011 = VECTOR('',#12012,1.);
#12012 = DIRECTION('',(-9.9503719021E-02,0.,0.99503719021));
#12013 = PCURVE('',#11988,#12014);
#12014 = DEFINITIONAL_REPRESENTATION('',(#12015),#12019);
#12015 = LINE('',#12016,#12017);
#12016 = CARTESIAN_POINT('',(-0.,-0.));
#12017 = VECTOR('',#12018,1.);
#12018 = DIRECTION('',(-0.,-1.));
#12019 = ( GEOMETRIC_REPRESENTATION_CONTEXT(2) 
PARAMETRIC_REPRESENTATION_CONTEXT() REPRESENTATION_CONTEXT('2D SPACE',''
  ) );
#12020 = PCURVE('',#11988,#12021);
#12021 = DEFINITIONAL_REPRESENTATION('',(#12022),#12026);
#12022 = LINE('',#12023,#12024);
#12023 = CARTESIAN_POINT('',(-6.28318530718,-0.));
#12024 = VECTOR('',#12025,1.);
#12025 = DIRECTION('',(-0.,-1.));
#12026 = ( GEOMETRIC_REPRESENTATION_CONTEXT(2) 
PARAMETRIC_REPRESENTATION_CONTEXT() REPRESENTATION_CONTEXT('2D SPACE',''
  ) );
#12027 = ORIENTED_EDGE('',*,*,#12028,.F.);
#12028 = EDGE_CURVE('',#12006,#12006,#12029,.T.);
#12029 = SURFACE_CURVE('',#12030,(#12035,#12042),.PCURVE_S1.);
#12030 = CIRCLE('',#12031,13.7);
#12031 = AXIS2_PLACEMENT_3D('',#12032,#12033,#12034);
#12032 = CARTESIAN_POINT('',(0.,0.,295.));
#12033 = DIRECTION('',(0.,0.,1.));
#12034 = DIRECTION('',(1.,0.,-0.));
#12035 = PCURVE('',#11988,#12036);
#12036 = DEFINITIONAL_REPRESENTATION('',(#12037),#12041);
#12037 = LINE('',#12038,#12039);
#12038 = CARTESIAN_POINT('',(-0.,-3.));
#12039 = VECTOR('',#12040,1.);
#12040 = DIRECTION('',(-1.,-0.));
#12041 = ( GEOMETRIC_REPRESENTATION_CONTEXT(2) 
PARAMETRIC_REPRESENTATION_CONTEXT() REPRESENTATION_CONTEXT('2D SPACE',''
  ) );
#12042 = PCURVE('',#12043,#12048);
#12043 = CONICAL_SURFACE('',#12044,13.7,9.966865249116E-02);
#12044 = AXIS2_PLACEMENT_3D('',#12045,#12046,#12047);
#12045 = CARTESIAN_POINT('',(0.,0.,295.));
#12046 = DIRECTION('',(0.,0.,1.));
#12047 = DIRECTION('',(1.,0.,-0.));
#12048 = DEFINITIONAL_REPRESENTATION('',(#12049),#12053);
#12049 = LINE('',#12050,#12051);
#12050 = CARTESIAN_POINT('',(0.,0.));
#12051 = VECTOR('',#12052,1.);
#12052 = DIRECTION('',(1.,0.));
#12053 = ( GEOMETRIC_REPRESENTATION_CONTEXT(2) 
PARAMETRIC_REPRESENTATION_CONTEXT() REPRESENTATION_CONTEXT('2D SPACE',''
  ) );
#12054 = ORIENTED_EDGE('',*,*,#12005,.F.);
#12055 = ADVANCED_FACE('',(#12056),#12043,.T.);
#12056 = FACE_BOUND('',#12057,.T.);
#12057 = EDGE_LOOP('',(#12058,#12059,#12082,#12109));
#12058 = ORIENTED_EDGE('',*,*,#12028,.T.);
#12059 = ORIENTED_EDGE('',*,*,#12060,.T.);
#12060 = EDGE_CURVE('',#12006,#12061,#12063,.T.);
#12061 = VERTEX_POINT('',#12062);
#12062 = CARTESIAN_POINT('',(14.,0.,298.));
#12063 = SEAM_CURVE('',#12064,(#12068,#12075),.PCURVE_S1.);
#12064 = LINE('',#12065,#12066);
#12065 = CARTESIAN_POINT('',(13.7,0.,295.));
#12066 = VECTOR('',#12067,1.);
#12067 = DIRECTION('',(9.9503719021E-02,0.,0.99503719021));
#12068 = PCURVE('',#12043,#12069);
#12069 = DEFINITIONAL_REPRESENTATION('',(#12070),#12074);
#12070 = LINE('',#12071,#12072);
#12071 = CARTESIAN_POINT('',(0.,0.));
#12072 = VECTOR('',#12073,1.);
#12073 = DIRECTION('',(0.,1.));
#12074 = ( GEOMETRIC_REPRESENTATION_CONTEXT(2) 
PARAMETRIC_REPRESENTATION_CONTEXT() REPRESENTATION_CONTEXT('2D SPACE',''
  ) );
#12075 = PCURVE('',#12043,#12076);
#12076 = DEFINITIONAL_REPRESENTATION('',(#12077),#12081);
#12077 = LINE('',#12078,#12079);
#12078 = CARTESIAN_POINT('',(6.28318530718,0.));
#12079 = VECTOR('',#12080,1.);
#12080 = DIRECTION('',(0.,1.));
#12081 = ( GEOMETRIC_REPRESENTATION_CONTEXT(2) 
PARAMETRIC_REPRESENTATION_CONTEXT() REPRESENTATION_CONTEXT('2D SPACE',''
  ) );
#12082 = ORIENTED_EDGE('',*,*,#12083,.F.);
#12083 = EDGE_CURVE('',#12061,#12061,#12084,.T.);
#12084 = SURFACE_CURVE('',#12085,(#12090,#12097),.PCURVE_S1.);
#12085 = CIRCLE('',#12086,14.);
#12086 = AXIS2_PLACEMENT_3D('',#12087,#12088,#12089);
#12087 = CARTESIAN_POINT('',(0.,0.,298.));
#12088 = DIRECTION('',(0.,0.,1.));
#12089 = DIRECTION('',(1.,0.,-0.));
#12090 = PCURVE('',#12043,#12091);
#12091 = DEFINITIONAL_REPRESENTATION('',(#12092),#12096);
#12092 = LINE('',#12093,#12094);
#12093 = CARTESIAN_POINT('',(0.,3.));
#12094 = VECTOR('',#12095,1.);
#12095 = DIRECTION('',(1.,0.));
#12096 = ( GEOMETRIC_REPRESENTATION_CONTEXT(2) 
PARAMETRIC_REPRESENTATION_CONTEXT() REPRESENTATION_CONTEXT('2D SPACE',''
  ) );
#12097 = PCURVE('',#12098,#12103);
#12098 = CONICAL_SURFACE('',#12099,14.,9.966865249116E-02);
#12099 = AXIS2_PLACEMENT_3D('',#12100,#12101,#12102);
#12100 = CARTESIAN_POINT('',(0.,0.,298.));
#12101 = DIRECTION('',(-0.,-0.,-1.));
#12102 = DIRECTION('',(1.,0.,-0.));
#12103 = DEFINITIONAL_REPRESENTATION('',(#12104),#12108);
#12104 = LINE('',#12105,#12106);
#12105 = CARTESIAN_POINT('',(-0.,-0.));
#12106 = VECTOR('',#12107,1.);
#12107 = DIRECTION('',(-1.,-0.));
#12108 = ( GEOMETRIC_REPRESENTATION_CONTEXT(2) 
PARAMETRIC_REPRESENTATION_CONTEXT() REPRESENTATION_CONTEXT('2D SPACE',''
  ) );
#12109 = ORIENTED_EDGE('',*,*,#12060,.F.);
#12110 = ADVANCED_FACE('',(#12111),#12098,.T.);
#12111 = FACE_BOUND('',#12112,.T.);
#12112 = EDGE_LOOP('',(#12113,#12114,#12137,#12164));
#12113 = ORIENTED_EDGE('',*,*,#12083,.T.);
#12114 = ORIENTED_EDGE('',*,*,#12115,.T.);
#12115 = EDGE_CURVE('',#12061,#12116,#12118,.T.);
#12116 = VERTEX_POINT('',#12117);
#12117 = CARTESIAN_POINT('',(13.7,0.,301.));
#12118 = SEAM_CURVE('',#12119,(#12123,#12130),.PCURVE_S1.);
#12119 = LINE('',#12120,#12121);
#12120 = CARTESIAN_POINT('',(14.,0.,298.));
#12121 = VECTOR('',#12122,1.);
#12122 = DIRECTION('',(-9.9503719021E-02,0.,0.99503719021));
#12123 = PCURVE('',#12098,#12124);
#12124 = DEFINITIONAL_REPRESENTATION('',(#12125),#12129);
#12125 = LINE('',#12126,#12127);
#12126 = CARTESIAN_POINT('',(-0.,-0.));
#12127 = VECTOR('',#12128,1.);
#12128 = DIRECTION('',(-0.,-1.));
#12129 = ( GEOMETRIC_REPRESENTATION_CONTEXT(2) 
PARAMETRIC_REPRESENTATION_CONTEXT() REPRESENTATION_CONTEXT('2D SPACE',''
  ) );
#12130 = PCURVE('',#12098,#12131);
#12131 = DEFINITIONAL_REPRESENTATION('',(#12132),#12136);
#12132 = LINE('',#12133,#12134);
#12133 = CARTESIAN_POINT('',(-6.28318530718,-0.));
#12134 = VECTOR('',#12135,1.);
#12135 = DIRECTION('',(-0.,-1.));
#12136 = ( GEOMETRIC_REPRESENTATION_CONTEXT(2) 
PARAMETRIC_REPRESENTATION_CONTEXT() REPRESENTATION_CONTEXT('2D SPACE',''
  ) );
#12137 = ORIENTED_EDGE('',*,*,#12138,.F.);
#12138 = EDGE_CURVE('',#12116,#12116,#12139,.T.);
#12139 = SURFACE_CURVE('',#12140,(#12145,#12152),.PCURVE_S1.);
#12140 = CIRCLE('',#12141,13.7);
#12141 = AXIS2_PLACEMENT_3D('',#12142,#12143,#12144);
#12142 = CARTESIAN_POINT('',(0.,0.,301.));
#12143 = DIRECTION('',(0.,0.,1.));
#12144 = DIRECTION('',(1.,0.,-0.));
#12145 = PCURVE('',#12098,#12146);
#12146 = DEFINITIONAL_REPRESENTATION('',(#12147),#12151);
#12147 = LINE('',#12148,#12149);
#12148 = CARTESIAN_POINT('',(-0.,-3.));
#12149 = VECTOR('',#12150,1.);
#12150 = DIRECTION('',(-1.,-0.));
#12151 = ( GEOMETRIC_REPRESENTATION_CONTEXT(2) 
PARAMETRIC_REPRESENTATION_CONTEXT() REPRESENTATION_CONTEXT('2D SPACE',''
  ) );
#12152 = PCURVE('',#12153,#12158);
#12153 = CONICAL_SURFACE('',#12154,13.7,9.966865249116E-02);
#12154 = AXIS2_PLACEMENT_3D('',#12155,#12156,#12157);
#12155 = CARTESIAN_POINT('',(0.,0.,301.));
#12156 = DIRECTION('',(0.,0.,1.));
#12157 = DIRECTION('',(1.,0.,-0.));
#12158 = DEFINITIONAL_REPRESENTATION('',(#12159),#12163);
#12159 = LINE('',#12160,#12161);
#12160 = CARTESIAN_POINT('',(0.,0.));
#12161 = VECTOR('',#12162,1.);
#12162 = DIRECTION('',(1.,0.));
#12163 = ( GEOMETRIC_REPRESENTATION_CONTEXT(2) 
PARAMETRIC_REPRESENTATION_CONTEXT() REPRESENTATION_CONTEXT('2D SPACE',''
  ) );
#12164 = ORIENTED_EDGE('',*,*,#12115,.F.);
#12165 = ADVANCED_FACE('',(#12166),#12153,.T.);
#12166 = FACE_BOUND('',#12167,.T.);
#12167 = EDGE_LOOP('',(#12168,#12169,#12192,#12219));
#12168 = ORIENTED_EDGE('',*,*,#12138,.T.);
#12169 = ORIENTED_EDGE('',*,*,#12170,.T.);
#12170 = EDGE_CURVE('',#12116,#12171,#12173,.T.);
#12171 = VERTEX_POINT('',#12172);
#12172 = CARTESIAN_POINT('',(14.,0.,304.));
#12173 = SEAM_CURVE('',#12174,(#12178,#12185),.PCURVE_S1.);
#12174 = LINE('',#12175,#12176);
#12175 = CARTESIAN_POINT('',(13.7,0.,301.));
#12176 = VECTOR('',#12177,1.);
#12177 = DIRECTION('',(9.9503719021E-02,0.,0.99503719021));
#12178 = PCURVE('',#12153,#12179);
#12179 = DEFINITIONAL_REPRESENTATION('',(#12180),#12184);
#12180 = LINE('',#12181,#12182);
#12181 = CARTESIAN_POINT('',(0.,0.));
#12182 = VECTOR('',#12183,1.);
#12183 = DIRECTION('',(0.,1.));
#12184 = ( GEOMETRIC_REPRESENTATION_CONTEXT(2) 
PARAMETRIC_REPRESENTATION_CONTEXT() REPRESENTATION_CONTEXT('2D SPACE',''
  ) );
#12185 = PCURVE('',#12153,#12186);
#12186 = DEFINITIONAL_REPRESENTATION('',(#12187),#12191);
#12187 = LINE('',#12188,#12189);
#12188 = CARTESIAN_POINT('',(6.28318530718,0.));
#12189 = VECTOR('',#12190,1.);
#12190 = DIRECTION('',(0.,1.));
#12191 = ( GEOMETRIC_REPRESENTATION_CONTEXT(2) 
PARAMETRIC_REPRESENTATION_CONTEXT() REPRESENTATION_CONTEXT('2D SPACE',''
  ) );
#12192 = ORIENTED_EDGE('',*,*,#12193,.F.);
#12193 = EDGE_CURVE('',#12171,#12171,#12194,.T.);
#12194 = SURFACE_CURVE('',#12195,(#12200,#12207),.PCURVE_S1.);
#12195 = CIRCLE('',#12196,14.);
#12196 = AXIS2_PLACEMENT_3D('',#12197,#12198,#12199);
#12197 = CARTESIAN_POINT('',(0.,0.,304.));
#12198 = DIRECTION('',(0.,0.,1.));
#12199 = DIRECTION('',(1.,0.,-0.));
#12200 = PCURVE('',#12153,#12201);
#12201 = DEFINITIONAL_REPRESENTATION('',(#12202),#12206);
#12202 = LINE('',#12203,#12204);
#12203 = CARTESIAN_POINT('',(0.,3.));
#12204 = VECTOR('',#12205,1.);
#12205 = DIRECTION('',(1.,0.));
#12206 = ( GEOMETRIC_REPRESENTATION_CONTEXT(2) 
PARAMETRIC_REPRESENTATION_CONTEXT() REPRESENTATION_CONTEXT('2D SPACE',''
  ) );
#12207 = PCURVE('',#12208,#12213);
#12208 = CONICAL_SURFACE('',#12209,14.,9.966865249116E-02);
#12209 = AXIS2_PLACEMENT_3D('',#12210,#12211,#12212);
#12210 = CARTESIAN_POINT('',(0.,0.,304.));
#12211 = DIRECTION('',(-0.,-0.,-1.));
#12212 = DIRECTION('',(1.,0.,-0.));
#12213 = DEFINITIONAL_REPRESENTATION('',(#12214),#12218);
#12214 = LINE('',#12215,#12216);
#12215 = CARTESIAN_POINT('',(-0.,-0.));
#12216 = VECTOR('',#12217,1.);
#12217 = DIRECTION('',(-1.,-0.));
#12218 = ( GEOMETRIC_REPRESENTATION_CONTEXT(2) 
PARAMETRIC_REPRESENTATION_CONTEXT() REPRESENTATION_CONTEXT('2D SPACE',''
  ) );
#12219 = ORIENTED_EDGE('',*,*,#12170,.F.);
#12220 = ADVANCED_FACE('',(#12221),#12208,.T.);
#12221 = FACE_BOUND('',#12222,.T.);
#12222 = EDGE_LOOP('',(#12223,#12224,#12247,#12274));
#12223 = ORIENTED_EDGE('',*,*,#12193,.T.);
#12224 = ORIENTED_EDGE('',*,*,#12225,.T.);
#12225 = EDGE_CURVE('',#12171,#12226,#12228,.T.);
#12226 = VERTEX_POINT('',#12227);
#12227 = CARTESIAN_POINT('',(13.7,0.,307.));
#12228 = SEAM_CURVE('',#12229,(#12233,#12240),.PCURVE_S1.);
#12229 = LINE('',#12230,#12231);
#12230 = CARTESIAN_POINT('',(14.,0.,304.));
#12231 = VECTOR('',#12232,1.);
#12232 = DIRECTION('',(-9.9503719021E-02,0.,0.99503719021));
#12233 = PCURVE('',#12208,#12234);
#12234 = DEFINITIONAL_REPRESENTATION('',(#12235),#12239);
#12235 = LINE('',#12236,#12237);
#12236 = CARTESIAN_POINT('',(-0.,-0.));
#12237 = VECTOR('',#12238,1.);
#12238 = DIRECTION('',(-0.,-1.));
#12239 = ( GEOMETRIC_REPRESENTATION_CONTEXT(2) 
PARAMETRIC_REPRESENTATION_CONTEXT() REPRESENTATION_CONTEXT('2D SPACE',''
  ) );
#12240 = PCURVE('',#12208,#12241);
#12241 = DEFINITIONAL_REPRESENTATION('',(#12242),#12246);
#12242 = LINE('',#12243,#12244);
#12243 = CARTESIAN_POINT('',(-6.28318530718,-0.));
#12244 = VECTOR('',#12245,1.);
#12245 = DIRECTION('',(-0.,-1.));
#12246 = ( GEOMETRIC_REPRESENTATION_CONTEXT(2) 
PARAMETRIC_REPRESENTATION_CONTEXT() REPRESENTATION_CONTEXT('2D SPACE',''
  ) );
#12247 = ORIENTED_EDGE('',*,*,#12248,.F.);
#12248 = EDGE_CURVE('',#12226,#12226,#12249,.T.);
#12249 = SURFACE_CURVE('',#12250,(#12255,#12262),.PCURVE_S1.);
#12250 = CIRCLE('',#12251,13.7);
#12251 = AXIS2_PLACEMENT_3D('',#12252,#12253,#12254);
#12252 = CARTESIAN_POINT('',(0.,0.,307.));
#12253 = DIRECTION('',(0.,0.,1.));
#12254 = DIRECTION('',(1.,0.,-0.));
#12255 = PCURVE('',#12208,#12256);
#12256 = DEFINITIONAL_REPRESENTATION('',(#12257),#12261);
#12257 = LINE('',#12258,#12259);
#12258 = CARTESIAN_POINT('',(-0.,-3.));
#12259 = VECTOR('',#12260,1.);
#12260 = DIRECTION('',(-1.,-0.));
#12261 = ( GEOMETRIC_REPRESENTATION_CONTEXT(2) 
PARAMETRIC_REPRESENTATION_CONTEXT() REPRESENTATION_CONTEXT('2D SPACE',''
  ) );
#12262 = PCURVE('',#12263,#12268);
#12263 = CONICAL_SURFACE('',#12264,13.7,9.966865249116E-02);
#12264 = AXIS2_PLACEMENT_3D('',#12265,#12266,#12267);
#12265 = CARTESIAN_POINT('',(0.,0.,307.));
#12266 = DIRECTION('',(0.,0.,1.));
#12267 = DIRECTION('',(1.,0.,-0.));
#12268 = DEFINITIONAL_REPRESENTATION('',(#12269),#12273);
#12269 = LINE('',#12270,#12271);
#12270 = CARTESIAN_POINT('',(0.,0.));
#12271 = VECTOR('',#12272,1.);
#12272 = DIRECTION('',(1.,0.));
#12273 = ( GEOMETRIC_REPRESENTATION_CONTEXT(2) 
PARAMETRIC_REPRESENTATION_CONTEXT() REPRESENTATION_CONTEXT('2D SPACE',''
  ) );
#12274 = ORIENTED_EDGE('',*,*,#12225,.F.);
#12275 = ADVANCED_FACE('',(#12276),#12263,.T.);
#12276 = FACE_BOUND('',#12277,.T.);
#12277 = EDGE_LOOP('',(#12278,#12279,#12302,#12329));
#12278 = ORIENTED_EDGE('',*,*,#12248,.T.);
#12279 = ORIENTED_EDGE('',*,*,#12280,.T.);
#12280 = EDGE_CURVE('',#12226,#12281,#12283,.T.);
#12281 = VERTEX_POINT('',#12282);
#12282 = CARTESIAN_POINT('',(14.,0.,310.));
#12283 = SEAM_CURVE('',#12284,(#12288,#12295),.PCURVE_S1.);
#12284 = LINE('',#12285,#12286);
#12285 = CARTESIAN_POINT('',(13.7,0.,307.));
#12286 = VECTOR('',#12287,1.);
#12287 = DIRECTION('',(9.9503719021E-02,0.,0.99503719021));
#12288 = PCURVE('',#12263,#12289);
#12289 = DEFINITIONAL_REPRESENTATION('',(#12290),#12294);
#12290 = LINE('',#12291,#12292);
#12291 = CARTESIAN_POINT('',(0.,0.));
#12292 = VECTOR('',#12293,1.);
#12293 = DIRECTION('',(0.,1.));
#12294 = ( GEOMETRIC_REPRESENTATION_CONTEXT(2) 
PARAMETRIC_REPRESENTATION_CONTEXT() REPRESENTATION_CONTEXT('2D SPACE',''
  ) );
#12295 = PCURVE('',#12263,#12296);
#12296 = DEFINITIONAL_REPRESENTATION('',(#12297),#12301);
#12297 = LINE('',#12298,#12299);
#12298 = CARTESIAN_POINT('',(6.28318530718,0.));
#12299 = VECTOR('',#12300,1.);
#12300 = DIRECTION('',(0.,1.));
#12301 = ( GEOMETRIC_REPRESENTATION_CONTEXT(2) 
PARAMETRIC_REPRESENTATION_CONTEXT() REPRESENTATION_CONTEXT('2D SPACE',''
  ) );
#12302 = ORIENTED_EDGE('',*,*,#12303,.F.);
#12303 = EDGE_CURVE('',#12281,#12281,#12304,.T.);
#12304 = SURFACE_CURVE('',#12305,(#12310,#12317),.PCURVE_S1.);
#12305 = CIRCLE('',#12306,14.);
#12306 = AXIS2_PLACEMENT_3D('',#12307,#12308,#12309);
#12307 = CARTESIAN_POINT('',(0.,0.,310.));
#12308 = DIRECTION('',(0.,0.,1.));
#12309 = DIRECTION('',(1.,0.,-0.));
#12310 = PCURVE('',#12263,#12311);
#12311 = DEFINITIONAL_REPRESENTATION('',(#12312),#12316);
#12312 = LINE('',#12313,#12314);
#12313 = CARTESIAN_POINT('',(0.,3.));
#12314 = VECTOR('',#12315,1.);
#12315 = DIRECTION('',(1.,0.));
#12316 = ( GEOMETRIC_REPRESENTATION_CONTEXT(2) 
PARAMETRIC_REPRESENTATION_CONTEXT() REPRESENTATION_CONTEXT('2D SPACE',''
  ) );
#12317 = PCURVE('',#12318,#12323);
#12318 = CONICAL_SURFACE('',#12319,14.,9.966865249116E-02);
#12319 = AXIS2_PLACEMENT_3D('',#12320,#12321,#12322);
#12320 = CARTESIAN_POINT('',(0.,0.,310.));
#12321 = DIRECTION('',(-0.,-0.,-1.));
#12322 = DIRECTION('',(1.,0.,-0.));
#12323 = DEFINITIONAL_REPRESENTATION('',(#12324),#12328);
#12324 = LINE('',#12325,#12326);
#12325 = CARTESIAN_POINT('',(-0.,-0.));
#12326 = VECTOR('',#12327,1.);
#12327 = DIRECTION('',(-1.,-0.));
#12328 = ( GEOMETRIC_REPRESENTATION_CONTEXT(2) 
PARAMETRIC_REPRESENTATION_CONTEXT() REPRESENTATION_CONTEXT('2D SPACE',''
  ) );
#12329 = ORIENTED_EDGE('',*,*,#12280,.F.);
#12330 = ADVANCED_FACE('',(#12331),#12318,.T.);
#12331 = FACE_BOUND('',#12332,.T.);
#12332 = EDGE_LOOP('',(#12333,#12334,#12357,#12384));
#12333 = ORIENTED_EDGE('',*,*,#12303,.T.);
#12334 = ORIENTED_EDGE('',*,*,#12335,.T.);
#12335 = EDGE_CURVE('',#12281,#12336,#12338,.T.);
#12336 = VERTEX_POINT('',#12337);
#12337 = CARTESIAN_POINT('',(13.7,0.,313.));
#12338 = SEAM_CURVE('',#12339,(#12343,#12350),.PCURVE_S1.);
#12339 = LINE('',#12340,#12341);
#12340 = CARTESIAN_POINT('',(14.,0.,310.));
#12341 = VECTOR('',#12342,1.);
#12342 = DIRECTION('',(-9.9503719021E-02,0.,0.99503719021));
#12343 = PCURVE('',#12318,#12344);
#12344 = DEFINITIONAL_REPRESENTATION('',(#12345),#12349);
#12345 = LINE('',#12346,#12347);
#12346 = CARTESIAN_POINT('',(-0.,-0.));
#12347 = VECTOR('',#12348,1.);
#12348 = DIRECTION('',(-0.,-1.));
#12349 = ( GEOMETRIC_REPRESENTATION_CONTEXT(2) 
PARAMETRIC_REPRESENTATION_CONTEXT() REPRESENTATION_CONTEXT('2D SPACE',''
  ) );
#12350 = PCURVE('',#12318,#12351);
#12351 = DEFINITIONAL_REPRESENTATION('',(#12352),#12356);
#12352 = LINE('',#12353,#12354);
#12353 = CARTESIAN_POINT('',(-6.28318530718,-0.));
#12354 = VECTOR('',#12355,1.);
#12355 = DIRECTION('',(-0.,-1.));
#12356 = ( GEOMETRIC_REPRESENTATION_CONTEXT(2) 
PARAMETRIC_REPRESENTATION_CONTEXT() REPRESENTATION_CONTEXT('2D SPACE',''
  ) );
#12357 = ORIENTED_EDGE('',*,*,#12358,.F.);
#12358 = EDGE_CURVE('',#12336,#12336,#12359,.T.);
#12359 = SURFACE_CURVE('',#12360,(#12365,#12372),.PCURVE_S1.);
#12360 = CIRCLE('',#12361,13.7);
#12361 = AXIS2_PLACEMENT_3D('',#12362,#12363,#12364);
#12362 = CARTESIAN_POINT('',(0.,0.,313.));
#12363 = DIRECTION('',(0.,0.,1.));
#12364 = DIRECTION('',(1.,0.,-0.));
#12365 = PCURVE('',#12318,#12366);
#12366 = DEFINITIONAL_REPRESENTATION('',(#12367),#12371);
#12367 = LINE('',#12368,#12369);
#12368 = CARTESIAN_POINT('',(-0.,-3.));
#12369 = VECTOR('',#12370,1.);
#12370 = DIRECTION('',(-1.,-0.));
#12371 = ( GEOMETRIC_REPRESENTATION_CONTEXT(2) 
PARAMETRIC_REPRESENTATION_CONTEXT() REPRESENTATION_CONTEXT('2D SPACE',''
  ) );
#12372 = PCURVE('',#12373,#12378);
#12373 = CONICAL_SURFACE('',#12374,13.7,9.966865249116E-02);
#12374 = AXIS2_PLACEMENT_3D('',#12375,#12376,#12377);
#12375 = CARTESIAN_POINT('',(0.,0.,313.));
#12376 = DIRECTION('',(0.,0.,1.));
#12377 = DIRECTION('',(1.,0.,-0.));
#12378 = DEFINITIONAL_REPRESENTATION('',(#12379),#12383);
#12379 = LINE('',#12380,#12381);
#12380 = CARTESIAN_POINT('',(0.,0.));
#12381 = VECTOR('',#12382,1.);
#12382 = DIRECTION('',(1.,0.));
#12383 = ( GEOMETRIC_REPRESENTATION_CONTEXT(2) 
PARAMETRIC_REPRESENTATION_CONTEXT() REPRESENTATION_CONTEXT('2D SPACE',''
  ) );
#12384 = ORIENTED_EDGE('',*,*,#12335,.F.);
#12385 = ADVANCED_FACE('',(#12386),#12373,.T.);
#12386 = FACE_BOUND('',#12387,.T.);
#12387 = EDGE_LOOP('',(#12388,#12389,#12412,#12439));
#12388 = ORIENTED_EDGE('',*,*,#12358,.T.);
#12389 = ORIENTED_EDGE('',*,*,#12390,.T.);
#12390 = EDGE_CURVE('',#12336,#12391,#12393,.T.);
#12391 = VERTEX_POINT('',#12392);
#12392 = CARTESIAN_POINT('',(14.,0.,316.));
#12393 = SEAM_CURVE('',#12394,(#12398,#12405),.PCURVE_S1.);
#12394 = LINE('',#12395,#12396);
#12395 = CARTESIAN_POINT('',(13.7,0.,313.));
#12396 = VECTOR('',#12397,1.);
#12397 = DIRECTION('',(9.9503719021E-02,0.,0.99503719021));
#12398 = PCURVE('',#12373,#12399);
#12399 = DEFINITIONAL_REPRESENTATION('',(#12400),#12404);
#12400 = LINE('',#12401,#12402);
#12401 = CARTESIAN_POINT('',(0.,0.));
#12402 = VECTOR('',#12403,1.);
#12403 = DIRECTION('',(0.,1.));
#12404 = ( GEOMETRIC_REPRESENTATION_CONTEXT(2) 
PARAMETRIC_REPRESENTATION_CONTEXT() REPRESENTATION_CONTEXT('2D SPACE',''
  ) );
#12405 = PCURVE('',#12373,#12406);
#12406 = DEFINITIONAL_REPRESENTATION('',(#12407),#12411);
#12407 = LINE('',#12408,#12409);
#12408 = CARTESIAN_POINT('',(6.28318530718,0.));
#12409 = VECTOR('',#12410,1.);
#12410 = DIRECTION('',(0.,1.));
#12411 = ( GEOMETRIC_REPRESENTATION_CONTEXT(2) 
PARAMETRIC_REPRESENTATION_CONTEXT() REPRESENTATION_CONTEXT('2D SPACE',''
  ) );
#12412 = ORIENTED_EDGE('',*,*,#12413,.F.);
#12413 = EDGE_CURVE('',#12391,#12391,#12414,.T.);
#12414 = SURFACE_CURVE('',#12415,(#12420,#12427),.PCURVE_S1.);
#12415 = CIRCLE('',#12416,14.);
#12416 = AXIS2_PLACEMENT_3D('',#12417,#12418,#12419);
#12417 = CARTESIAN_POINT('',(0.,0.,316.));
#12418 = DIRECTION('',(0.,0.,1.));
#12419 = DIRECTION('',(1.,0.,-0.));
#12420 = PCURVE('',#12373,#12421);
#12421 = DEFINITIONAL_REPRESENTATION('',(#12422),#12426);
#12422 = LINE('',#12423,#12424);
#12423 = CARTESIAN_POINT('',(0.,3.));
#12424 = VECTOR('',#12425,1.);
#12425 = DIRECTION('',(1.,0.));
#12426 = ( GEOMETRIC_REPRESENTATION_CONTEXT(2) 
PARAMETRIC_REPRESENTATION_CONTEXT() REPRESENTATION_CONTEXT('2D SPACE',''
  ) );
#12427 = PCURVE('',#12428,#12433);
#12428 = CONICAL_SURFACE('',#12429,14.,9.966865249116E-02);
#12429 = AXIS2_PLACEMENT_3D('',#12430,#12431,#12432);
#12430 = CARTESIAN_POINT('',(0.,0.,316.));
#12431 = DIRECTION('',(-0.,-0.,-1.));
#12432 = DIRECTION('',(1.,0.,-0.));
#12433 = DEFINITIONAL_REPRESENTATION('',(#12434),#12438);
#12434 = LINE('',#12435,#12436);
#12435 = CARTESIAN_POINT('',(-0.,-0.));
#12436 = VECTOR('',#12437,1.);
#12437 = DIRECTION('',(-1.,-0.));
#12438 = ( GEOMETRIC_REPRESENTATION_CONTEXT(2) 
PARAMETRIC_REPRESENTATION_CONTEXT() REPRESENTATION_CONTEXT('2D SPACE',''
  ) );
#12439 = ORIENTED_EDGE('',*,*,#12390,.F.);
#12440 = ADVANCED_FACE('',(#12441),#12428,.T.);
#12441 = FACE_BOUND('',#12442,.T.);
#12442 = EDGE_LOOP('',(#12443,#12444,#12467,#12494));
#12443 = ORIENTED_EDGE('',*,*,#12413,.T.);
#12444 = ORIENTED_EDGE('',*,*,#12445,.T.);
#12445 = EDGE_CURVE('',#12391,#12446,#12448,.T.);
#12446 = VERTEX_POINT('',#12447);
#12447 = CARTESIAN_POINT('',(13.7,0.,319.));
#12448 = SEAM_CURVE('',#12449,(#12453,#12460),.PCURVE_S1.);
#12449 = LINE('',#12450,#12451);
#12450 = CARTESIAN_POINT('',(14.,0.,316.));
#12451 = VECTOR('',#12452,1.);
#12452 = DIRECTION('',(-9.9503719021E-02,0.,0.99503719021));
#12453 = PCURVE('',#12428,#12454);
#12454 = DEFINITIONAL_REPRESENTATION('',(#12455),#12459);
#12455 = LINE('',#12456,#12457);
#12456 = CARTESIAN_POINT('',(-0.,-0.));
#12457 = VECTOR('',#12458,1.);
#12458 = DIRECTION('',(-0.,-1.));
#12459 = ( GEOMETRIC_REPRESENTATION_CONTEXT(2) 
PARAMETRIC_REPRESENTATION_CONTEXT() REPRESENTATION_CONTEXT('2D SPACE',''
  ) );
#12460 = PCURVE('',#12428,#12461);
#12461 = DEFINITIONAL_REPRESENTATION('',(#12462),#12466);
#12462 = LINE('',#12463,#12464);
#12463 = CARTESIAN_POINT('',(-6.28318530718,-0.));
#12464 = VECTOR('',#12465,1.);
#12465 = DIRECTION('',(-0.,-1.));
#12466 = ( GEOMETRIC_REPRESENTATION_CONTEXT(2) 
PARAMETRIC_REPRESENTATION_CONTEXT() REPRESENTATION_CONTEXT('2D SPACE',''
  ) );
#12467 = ORIENTED_EDGE('',*,*,#12468,.F.);
#12468 = EDGE_CURVE('',#12446,#12446,#12469,.T.);
#12469 = SURFACE_CURVE('',#12470,(#12475,#12482),.PCURVE_S1.);
#12470 = CIRCLE('',#12471,13.7);
#12471 = AXIS2_PLACEMENT_3D('',#12472,#12473,#12474);
#12472 = CARTESIAN_POINT('',(0.,0.,319.));
#12473 = DIRECTION('',(0.,0.,1.));
#12474 = DIRECTION('',(1.,0.,-0.));
#12475 = PCURVE('',#12428,#12476);
#12476 = DEFINITIONAL_REPRESENTATION('',(#12477),#12481);
#12477 = LINE('',#12478,#12479);
#12478 = CARTESIAN_POINT('',(-0.,-3.));
#12479 = VECTOR('',#12480,1.);
#12480 = DIRECTION('',(-1.,-0.));
#12481 = ( GEOMETRIC_REPRESENTATION_CONTEXT(2) 
PARAMETRIC_REPRESENTATION_CONTEXT() REPRESENTATION_CONTEXT('2D SPACE',''
  ) );
#12482 = PCURVE('',#12483,#12488);
#12483 = CONICAL_SURFACE('',#12484,13.7,9.966865249116E-02);
#12484 = AXIS2_PLACEMENT_3D('',#12485,#12486,#12487);
#12485 = CARTESIAN_POINT('',(0.,0.,319.));
#12486 = DIRECTION('',(0.,0.,1.));
#12487 = DIRECTION('',(1.,0.,-0.));
#12488 = DEFINITIONAL_REPRESENTATION('',(#12489),#12493);
#12489 = LINE('',#12490,#12491);
#12490 = CARTESIAN_POINT('',(0.,0.));
#12491 = VECTOR('',#12492,1.);
#12492 = DIRECTION('',(1.,0.));
#12493 = ( GEOMETRIC_REPRESENTATION_CONTEXT(2) 
PARAMETRIC_REPRESENTATION_CONTEXT() REPRESENTATION_CONTEXT('2D SPACE',''
  ) );
#12494 = ORIENTED_EDGE('',*,*,#12445,.F.);
#12495 = ADVANCED_FACE('',(#12496),#12483,.T.);
#12496 = FACE_BOUND('',#12497,.T.);
#12497 = EDGE_LOOP('',(#12498,#12499,#12522,#12549));
#12498 = ORIENTED_EDGE('',*,*,#12468,.T.);
#12499 = ORIENTED_EDGE('',*,*,#12500,.T.);
#12500 = EDGE_CURVE('',#12446,#12501,#12503,.T.);
#12501 = VERTEX_POINT('',#12502);
#12502 = CARTESIAN_POINT('',(14.,0.,322.));
#12503 = SEAM_CURVE('',#12504,(#12508,#12515),.PCURVE_S1.);
#12504 = LINE('',#12505,#12506);
#12505 = CARTESIAN_POINT('',(13.7,0.,319.));
#12506 = VECTOR('',#12507,1.);
#12507 = DIRECTION('',(9.9503719021E-02,0.,0.99503719021));
#12508 = PCURVE('',#12483,#12509);
#12509 = DEFINITIONAL_REPRESENTATION('',(#12510),#12514);
#12510 = LINE('',#12511,#12512);
#12511 = CARTESIAN_POINT('',(0.,0.));
#12512 = VECTOR('',#12513,1.);
#12513 = DIRECTION('',(0.,1.));
#12514 = ( GEOMETRIC_REPRESENTATION_CONTEXT(2) 
PARAMETRIC_REPRESENTATION_CONTEXT() REPRESENTATION_CONTEXT('2D SPACE',''
  ) );
#12515 = PCURVE('',#12483,#12516);
#12516 = DEFINITIONAL_REPRESENTATION('',(#12517),#12521);
#12517 = LINE('',#12518,#12519);
#12518 = CARTESIAN_POINT('',(6.28318530718,0.));
#12519 = VECTOR('',#12520,1.);
#12520 = DIRECTION('',(0.,1.));
#12521 = ( GEOMETRIC_REPRESENTATION_CONTEXT(2) 
PARAMETRIC_REPRESENTATION_CONTEXT() REPRESENTATION_CONTEXT('2D SPACE',''
  ) );
#12522 = ORIENTED_EDGE('',*,*,#12523,.F.);
#12523 = EDGE_CURVE('',#12501,#12501,#12524,.T.);
#12524 = SURFACE_CURVE('',#12525,(#12530,#12537),.PCURVE_S1.);
#12525 = CIRCLE('',#12526,14.);
#12526 = AXIS2_PLACEMENT_3D('',#12527,#12528,#12529);
#12527 = CARTESIAN_POINT('',(0.,0.,322.));
#12528 = DIRECTION('',(0.,0.,1.));
#12529 = DIRECTION('',(1.,0.,-0.));
#12530 = PCURVE('',#12483,#12531);
#12531 = DEFINITIONAL_REPRESENTATION('',(#12532),#12536);
#12532 = LINE('',#12533,#12534);
#12533 = CARTESIAN_POINT('',(0.,3.));
#12534 = VECTOR('',#12535,1.);
#12535 = DIRECTION('',(1.,0.));
#12536 = ( GEOMETRIC_REPRESENTATION_CONTEXT(2) 
PARAMETRIC_REPRESENTATION_CONTEXT() REPRESENTATION_CONTEXT('2D SPACE',''
  ) );
#12537 = PCURVE('',#12538,#12543);
#12538 = CONICAL_SURFACE('',#12539,14.,9.966865249116E-02);
#12539 = AXIS2_PLACEMENT_3D('',#12540,#12541,#12542);
#12540 = CARTESIAN_POINT('',(0.,0.,322.));
#12541 = DIRECTION('',(-0.,-0.,-1.));
#12542 = DIRECTION('',(1.,0.,-0.));
#12543 = DEFINITIONAL_REPRESENTATION('',(#12544),#12548);
#12544 = LINE('',#12545,#12546);
#12545 = CARTESIAN_POINT('',(-0.,-0.));
#12546 = VECTOR('',#12547,1.);
#12547 = DIRECTION('',(-1.,-0.));
#12548 = ( GEOMETRIC_REPRESENTATION_CONTEXT(2) 
PARAMETRIC_REPRESENTATION_CONTEXT() REPRESENTATION_CONTEXT('2D SPACE',''
  ) );
#12549 = ORIENTED_EDGE('',*,*,#12500,.F.);
#12550 = ADVANCED_FACE('',(#12551),#12538,.T.);
#12551 = FACE_BOUND('',#12552,.T.);
#12552 = EDGE_LOOP('',(#12553,#12554,#12577,#12604));
#12553 = ORIENTED_EDGE('',*,*,#12523,.T.);
#12554 = ORIENTED_EDGE('',*,*,#12555,.T.);
#12555 = EDGE_CURVE('',#12501,#12556,#12558,.T.);
#12556 = VERTEX_POINT('',#12557);
#12557 = CARTESIAN_POINT('',(13.7,0.,325.));
#12558 = SEAM_CURVE('',#12559,(#12563,#12570),.PCURVE_S1.);
#12559 = LINE('',#12560,#12561);
#12560 = CARTESIAN_POINT('',(14.,0.,322.));
#12561 = VECTOR('',#12562,1.);
#12562 = DIRECTION('',(-9.9503719021E-02,0.,0.99503719021));
#12563 = PCURVE('',#12538,#12564);
#12564 = DEFINITIONAL_REPRESENTATION('',(#12565),#12569);
#12565 = LINE('',#12566,#12567);
#12566 = CARTESIAN_POINT('',(-0.,-0.));
#12567 = VECTOR('',#12568,1.);
#12568 = DIRECTION('',(-0.,-1.));
#12569 = ( GEOMETRIC_REPRESENTATION_CONTEXT(2) 
PARAMETRIC_REPRESENTATION_CONTEXT() REPRESENTATION_CONTEXT('2D SPACE',''
  ) );
#12570 = PCURVE('',#12538,#12571);
#12571 = DEFINITIONAL_REPRESENTATION('',(#12572),#12576);
#12572 = LINE('',#12573,#12574);
#12573 = CARTESIAN_POINT('',(-6.28318530718,-0.));
#12574 = VECTOR('',#12575,1.);
#12575 = DIRECTION('',(-0.,-1.));
#12576 = ( GEOMETRIC_REPRESENTATION_CONTEXT(2) 
PARAMETRIC_REPRESENTATION_CONTEXT() REPRESENTATION_CONTEXT('2D SPACE',''
  ) );
#12577 = ORIENTED_EDGE('',*,*,#12578,.F.);
#12578 = EDGE_CURVE('',#12556,#12556,#12579,.T.);
#12579 = SURFACE_CURVE('',#12580,(#12585,#12592),.PCURVE_S1.);
#12580 = CIRCLE('',#12581,13.7);
#12581 = AXIS2_PLACEMENT_3D('',#12582,#12583,#12584);
#12582 = CARTESIAN_POINT('',(0.,0.,325.));
#12583 = DIRECTION('',(0.,0.,1.));
#12584 = DIRECTION('',(1.,0.,-0.));
#12585 = PCURVE('',#12538,#12586);
#12586 = DEFINITIONAL_REPRESENTATION('',(#12587),#12591);
#12587 = LINE('',#12588,#12589);
#12588 = CARTESIAN_POINT('',(-0.,-3.));
#12589 = VECTOR('',#12590,1.);
#12590 = DIRECTION('',(-1.,-0.));
#12591 = ( GEOMETRIC_REPRESENTATION_CONTEXT(2) 
PARAMETRIC_REPRESENTATION_CONTEXT() REPRESENTATION_CONTEXT('2D SPACE',''
  ) );
#12592 = PCURVE('',#12593,#12598);
#12593 = CONICAL_SURFACE('',#12594,13.7,9.966865249116E-02);
#12594 = AXIS2_PLACEMENT_3D('',#12595,#12596,#12597);
#12595 = CARTESIAN_POINT('',(0.,0.,325.));
#12596 = DIRECTION('',(0.,0.,1.));
#12597 = DIRECTION('',(1.,0.,-0.));
#12598 = DEFINITIONAL_REPRESENTATION('',(#12599),#12603);
#12599 = LINE('',#12600,#12601);
#12600 = CARTESIAN_POINT('',(0.,0.));
#12601 = VECTOR('',#12602,1.);
#12602 = DIRECTION('',(1.,0.));
#12603 = ( GEOMETRIC_REPRESENTATION_CONTEXT(2) 
PARAMETRIC_REPRESENTATION_CONTEXT() REPRESENTATION_CONTEXT('2D SPACE',''
  ) );
#12604 = ORIENTED_EDGE('',*,*,#12555,.F.);
#12605 = ADVANCED_FACE('',(#12606),#12593,.T.);
#12606 = FACE_BOUND('',#12607,.T.);
#12607 = EDGE_LOOP('',(#12608,#12609,#12632,#12659));
#12608 = ORIENTED_EDGE('',*,*,#12578,.T.);
#12609 = ORIENTED_EDGE('',*,*,#12610,.T.);
#12610 = EDGE_CURVE('',#12556,#12611,#12613,.T.);
#12611 = VERTEX_POINT('',#12612);
#12612 = CARTESIAN_POINT('',(14.,0.,328.));
#12613 = SEAM_CURVE('',#12614,(#12618,#12625),.PCURVE_S1.);
#12614 = LINE('',#12615,#12616);
#12615 = CARTESIAN_POINT('',(13.7,0.,325.));
#12616 = VECTOR('',#12617,1.);
#12617 = DIRECTION('',(9.9503719021E-02,0.,0.99503719021));
#12618 = PCURVE('',#12593,#12619);
#12619 = DEFINITIONAL_REPRESENTATION('',(#12620),#12624);
#12620 = LINE('',#12621,#12622);
#12621 = CARTESIAN_POINT('',(0.,0.));
#12622 = VECTOR('',#12623,1.);
#12623 = DIRECTION('',(0.,1.));
#12624 = ( GEOMETRIC_REPRESENTATION_CONTEXT(2) 
PARAMETRIC_REPRESENTATION_CONTEXT() REPRESENTATION_CONTEXT('2D SPACE',''
  ) );
#12625 = PCURVE('',#12593,#12626);
#12626 = DEFINITIONAL_REPRESENTATION('',(#12627),#12631);
#12627 = LINE('',#12628,#12629);
#12628 = CARTESIAN_POINT('',(6.28318530718,0.));
#12629 = VECTOR('',#12630,1.);
#12630 = DIRECTION('',(0.,1.));
#12631 = ( GEOMETRIC_REPRESENTATION_CONTEXT(2) 
PARAMETRIC_REPRESENTATION_CONTEXT() REPRESENTATION_CONTEXT('2D SPACE',''
  ) );
#12632 = ORIENTED_EDGE('',*,*,#12633,.F.);
#12633 = EDGE_CURVE('',#12611,#12611,#12634,.T.);
#12634 = SURFACE_CURVE('',#12635,(#12640,#12647),.PCURVE_S1.);
#12635 = CIRCLE('',#12636,14.);
#12636 = AXIS2_PLACEMENT_3D('',#12637,#12638,#12639);
#12637 = CARTESIAN_POINT('',(0.,0.,328.));
#12638 = DIRECTION('',(0.,0.,1.));
#12639 = DIRECTION('',(1.,0.,-0.));
#12640 = PCURVE('',#12593,#12641);
#12641 = DEFINITIONAL_REPRESENTATION('',(#12642),#12646);
#12642 = LINE('',#12643,#12644);
#12643 = CARTESIAN_POINT('',(0.,3.));
#12644 = VECTOR('',#12645,1.);
#12645 = DIRECTION('',(1.,0.));
#12646 = ( GEOMETRIC_REPRESENTATION_CONTEXT(2) 
PARAMETRIC_REPRESENTATION_CONTEXT() REPRESENTATION_CONTEXT('2D SPACE',''
  ) );
#12647 = PCURVE('',#12648,#12653);
#12648 = CONICAL_SURFACE('',#12649,14.,9.966865249116E-02);
#12649 = AXIS2_PLACEMENT_3D('',#12650,#12651,#12652);
#12650 = CARTESIAN_POINT('',(0.,0.,328.));
#12651 = DIRECTION('',(-0.,-0.,-1.));
#12652 = DIRECTION('',(1.,0.,-0.));
#12653 = DEFINITIONAL_REPRESENTATION('',(#12654),#12658);
#12654 = LINE('',#12655,#12656);
#12655 = CARTESIAN_POINT('',(-0.,-0.));
#12656 = VECTOR('',#12657,1.);
#12657 = DIRECTION('',(-1.,-0.));
#12658 = ( GEOMETRIC_REPRESENTATION_CONTEXT(2) 
PARAMETRIC_REPRESENTATION_CONTEXT() REPRESENTATION_CONTEXT('2D SPACE',''
  ) );
#12659 = ORIENTED_EDGE('',*,*,#12610,.F.);
#12660 = ADVANCED_FACE('',(#12661),#12648,.T.);
#12661 = FACE_BOUND('',#12662,.T.);
#12662 = EDGE_LOOP('',(#12663,#12664,#12687,#12714));
#12663 = ORIENTED_EDGE('',*,*,#12633,.T.);
#12664 = ORIENTED_EDGE('',*,*,#12665,.T.);
#12665 = EDGE_CURVE('',#12611,#12666,#12668,.T.);
#12666 = VERTEX_POINT('',#12667);
#12667 = CARTESIAN_POINT('',(13.7,0.,331.));
#12668 = SEAM_CURVE('',#12669,(#12673,#12680),.PCURVE_S1.);
#12669 = LINE('',#12670,#12671);
#12670 = CARTESIAN_POINT('',(14.,0.,328.));
#12671 = VECTOR('',#12672,1.);
#12672 = DIRECTION('',(-9.9503719021E-02,0.,0.99503719021));
#12673 = PCURVE('',#12648,#12674);
#12674 = DEFINITIONAL_REPRESENTATION('',(#12675),#12679);
#12675 = LINE('',#12676,#12677);
#12676 = CARTESIAN_POINT('',(-0.,-0.));
#12677 = VECTOR('',#12678,1.);
#12678 = DIRECTION('',(-0.,-1.));
#12679 = ( GEOMETRIC_REPRESENTATION_CONTEXT(2) 
PARAMETRIC_REPRESENTATION_CONTEXT() REPRESENTATION_CONTEXT('2D SPACE',''
  ) );
#12680 = PCURVE('',#12648,#12681);
#12681 = DEFINITIONAL_REPRESENTATION('',(#12682),#12686);
#12682 = LINE('',#12683,#12684);
#12683 = CARTESIAN_POINT('',(-6.28318530718,-0.));
#12684 = VECTOR('',#12685,1.);
#12685 = DIRECTION('',(-0.,-1.));
#12686 = ( GEOMETRIC_REPRESENTATION_CONTEXT(2) 
PARAMETRIC_REPRESENTATION_CONTEXT() REPRESENTATION_CONTEXT('2D SPACE',''
  ) );
#12687 = ORIENTED_EDGE('',*,*,#12688,.F.);
#12688 = EDGE_CURVE('',#12666,#12666,#12689,.T.);
#12689 = SURFACE_CURVE('',#12690,(#12695,#12702),.PCURVE_S1.);
#12690 = CIRCLE('',#12691,13.7);
#12691 = AXIS2_PLACEMENT_3D('',#12692,#12693,#12694);
#12692 = CARTESIAN_POINT('',(0.,0.,331.));
#12693 = DIRECTION('',(0.,0.,1.));
#12694 = DIRECTION('',(1.,0.,-0.));
#12695 = PCURVE('',#12648,#12696);
#12696 = DEFINITIONAL_REPRESENTATION('',(#12697),#12701);
#12697 = LINE('',#12698,#12699);
#12698 = CARTESIAN_POINT('',(-0.,-3.));
#12699 = VECTOR('',#12700,1.);
#12700 = DIRECTION('',(-1.,-0.));
#12701 = ( GEOMETRIC_REPRESENTATION_CONTEXT(2) 
PARAMETRIC_REPRESENTATION_CONTEXT() REPRESENTATION_CONTEXT('2D SPACE',''
  ) );
#12702 = PCURVE('',#12703,#12708);
#12703 = CONICAL_SURFACE('',#12704,13.7,9.966865249116E-02);
#12704 = AXIS2_PLACEMENT_3D('',#12705,#12706,#12707);
#12705 = CARTESIAN_POINT('',(0.,0.,331.));
#12706 = DIRECTION('',(0.,0.,1.));
#12707 = DIRECTION('',(1.,0.,-0.));
#12708 = DEFINITIONAL_REPRESENTATION('',(#12709),#12713);
#12709 = LINE('',#12710,#12711);
#12710 = CARTESIAN_POINT('',(0.,0.));
#12711 = VECTOR('',#12712,1.);
#12712 = DIRECTION('',(1.,0.));
#12713 = ( GEOMETRIC_REPRESENTATION_CONTEXT(2) 
PARAMETRIC_REPRESENTATION_CONTEXT() REPRESENTATION_CONTEXT('2D SPACE',''
  ) );
#12714 = ORIENTED_EDGE('',*,*,#12665,.F.);
#12715 = ADVANCED_FACE('',(#12716),#12703,.T.);
#12716 = FACE_BOUND('',#12717,.T.);
#12717 = EDGE_LOOP('',(#12718,#12719,#12742,#12769));
#12718 = ORIENTED_EDGE('',*,*,#12688,.T.);
#12719 = ORIENTED_EDGE('',*,*,#12720,.T.);
#12720 = EDGE_CURVE('',#12666,#12721,#12723,.T.);
#12721 = VERTEX_POINT('',#12722);
#12722 = CARTESIAN_POINT('',(14.,0.,334.));
#12723 = SEAM_CURVE('',#12724,(#12728,#12735),.PCURVE_S1.);
#12724 = LINE('',#12725,#12726);
#12725 = CARTESIAN_POINT('',(13.7,0.,331.));
#12726 = VECTOR('',#12727,1.);
#12727 = DIRECTION('',(9.9503719021E-02,0.,0.99503719021));
#12728 = PCURVE('',#12703,#12729);
#12729 = DEFINITIONAL_REPRESENTATION('',(#12730),#12734);
#12730 = LINE('',#12731,#12732);
#12731 = CARTESIAN_POINT('',(0.,0.));
#12732 = VECTOR('',#12733,1.);
#12733 = DIRECTION('',(0.,1.));
#12734 = ( GEOMETRIC_REPRESENTATION_CONTEXT(2) 
PARAMETRIC_REPRESENTATION_CONTEXT() REPRESENTATION_CONTEXT('2D SPACE',''
  ) );
#12735 = PCURVE('',#12703,#12736);
#12736 = DEFINITIONAL_REPRESENTATION('',(#12737),#12741);
#12737 = LINE('',#12738,#12739);
#12738 = CARTESIAN_POINT('',(6.28318530718,0.));
#12739 = VECTOR('',#12740,1.);
#12740 = DIRECTION('',(0.,1.));
#12741 = ( GEOMETRIC_REPRESENTATION_CONTEXT(2) 
PARAMETRIC_REPRESENTATION_CONTEXT() REPRESENTATION_CONTEXT('2D SPACE',''
  ) );
#12742 = ORIENTED_EDGE('',*,*,#12743,.F.);
#12743 = EDGE_CURVE('',#12721,#12721,#12744,.T.);
#12744 = SURFACE_CURVE('',#12745,(#12750,#12757),.PCURVE_S1.);
#12745 = CIRCLE('',#12746,14.);
#12746 = AXIS2_PLACEMENT_3D('',#12747,#12748,#12749);
#12747 = CARTESIAN_POINT('',(0.,0.,334.));
#12748 = DIRECTION('',(0.,0.,1.));
#12749 = DIRECTION('',(1.,0.,-0.));
#12750 = PCURVE('',#12703,#12751);
#12751 = DEFINITIONAL_REPRESENTATION('',(#12752),#12756);
#12752 = LINE('',#12753,#12754);
#12753 = CARTESIAN_POINT('',(0.,3.));
#12754 = VECTOR('',#12755,1.);
#12755 = DIRECTION('',(1.,0.));
#12756 = ( GEOMETRIC_REPRESENTATION_CONTEXT(2) 
PARAMETRIC_REPRESENTATION_CONTEXT() REPRESENTATION_CONTEXT('2D SPACE',''
  ) );
#12757 = PCURVE('',#12758,#12763);
#12758 = CONICAL_SURFACE('',#12759,14.,9.966865249116E-02);
#12759 = AXIS2_PLACEMENT_3D('',#12760,#12761,#12762);
#12760 = CARTESIAN_POINT('',(0.,0.,334.));
#12761 = DIRECTION('',(-0.,-0.,-1.));
#12762 = DIRECTION('',(1.,0.,-0.));
#12763 = DEFINITIONAL_REPRESENTATION('',(#12764),#12768);
#12764 = LINE('',#12765,#12766);
#12765 = CARTESIAN_POINT('',(-0.,-0.));
#12766 = VECTOR('',#12767,1.);
#12767 = DIRECTION('',(-1.,-0.));
#12768 = ( GEOMETRIC_REPRESENTATION_CONTEXT(2) 
PARAMETRIC_REPRESENTATION_CONTEXT() REPRESENTATION_CONTEXT('2D SPACE',''
  ) );
#12769 = ORIENTED_EDGE('',*,*,#12720,.F.);
#12770 = ADVANCED_FACE('',(#12771),#12758,.T.);
#12771 = FACE_BOUND('',#12772,.T.);
#12772 = EDGE_LOOP('',(#12773,#12774,#12797,#12824));
#12773 = ORIENTED_EDGE('',*,*,#12743,.T.);
#12774 = ORIENTED_EDGE('',*,*,#12775,.T.);
#12775 = EDGE_CURVE('',#12721,#12776,#12778,.T.);
#12776 = VERTEX_POINT('',#12777);
#12777 = CARTESIAN_POINT('',(13.7,0.,337.));
#12778 = SEAM_CURVE('',#12779,(#12783,#12790),.PCURVE_S1.);
#12779 = LINE('',#12780,#12781);
#12780 = CARTESIAN_POINT('',(14.,0.,334.));
#12781 = VECTOR('',#12782,1.);
#12782 = DIRECTION('',(-9.9503719021E-02,0.,0.99503719021));
#12783 = PCURVE('',#12758,#12784);
#12784 = DEFINITIONAL_REPRESENTATION('',(#12785),#12789);
#12785 = LINE('',#12786,#12787);
#12786 = CARTESIAN_POINT('',(-0.,-0.));
#12787 = VECTOR('',#12788,1.);
#12788 = DIRECTION('',(-0.,-1.));
#12789 = ( GEOMETRIC_REPRESENTATION_CONTEXT(2) 
PARAMETRIC_REPRESENTATION_CONTEXT() REPRESENTATION_CONTEXT('2D SPACE',''
  ) );
#12790 = PCURVE('',#12758,#12791);
#12791 = DEFINITIONAL_REPRESENTATION('',(#12792),#12796);
#12792 = LINE('',#12793,#12794);
#12793 = CARTESIAN_POINT('',(-6.28318530718,-0.));
#12794 = VECTOR('',#12795,1.);
#12795 = DIRECTION('',(-0.,-1.));
#12796 = ( GEOMETRIC_REPRESENTATION_CONTEXT(2) 
PARAMETRIC_REPRESENTATION_CONTEXT() REPRESENTATION_CONTEXT('2D SPACE',''
  ) );
#12797 = ORIENTED_EDGE('',*,*,#12798,.F.);
#12798 = EDGE_CURVE('',#12776,#12776,#12799,.T.);
#12799 = SURFACE_CURVE('',#12800,(#12805,#12812),.PCURVE_S1.);
#12800 = CIRCLE('',#12801,13.7);
#12801 = AXIS2_PLACEMENT_3D('',#12802,#12803,#12804);
#12802 = CARTESIAN_POINT('',(0.,0.,337.));
#12803 = DIRECTION('',(0.,0.,1.));
#12804 = DIRECTION('',(1.,0.,-0.));
#12805 = PCURVE('',#12758,#12806);
#12806 = DEFINITIONAL_REPRESENTATION('',(#12807),#12811);
#12807 = LINE('',#12808,#12809);
#12808 = CARTESIAN_POINT('',(-0.,-3.));
#12809 = VECTOR('',#12810,1.);
#12810 = DIRECTION('',(-1.,-0.));
#12811 = ( GEOMETRIC_REPRESENTATION_CONTEXT(2) 
PARAMETRIC_REPRESENTATION_CONTEXT() REPRESENTATION_CONTEXT('2D SPACE',''
  ) );
#12812 = PCURVE('',#12813,#12818);
#12813 = CONICAL_SURFACE('',#12814,13.7,9.966865249116E-02);
#12814 = AXIS2_PLACEMENT_3D('',#12815,#12816,#12817);
#12815 = CARTESIAN_POINT('',(0.,0.,337.));
#12816 = DIRECTION('',(0.,0.,1.));
#12817 = DIRECTION('',(1.,0.,-0.));
#12818 = DEFINITIONAL_REPRESENTATION('',(#12819),#12823);
#12819 = LINE('',#12820,#12821);
#12820 = CARTESIAN_POINT('',(0.,0.));
#12821 = VECTOR('',#12822,1.);
#12822 = DIRECTION('',(1.,0.));
#12823 = ( GEOMETRIC_REPRESENTATION_CONTEXT(2) 
PARAMETRIC_REPRESENTATION_CONTEXT() REPRESENTATION_CONTEXT('2D SPACE',''
  ) );
#12824 = ORIENTED_EDGE('',*,*,#12775,.F.);
#12825 = ADVANCED_FACE('',(#12826),#12813,.T.);
#12826 = FACE_BOUND('',#12827,.T.);
#12827 = EDGE_LOOP('',(#12828,#12829,#12852,#12879));
#12828 = ORIENTED_EDGE('',*,*,#12798,.T.);
#12829 = ORIENTED_EDGE('',*,*,#12830,.T.);
#12830 = EDGE_CURVE('',#12776,#12831,#12833,.T.);
#12831 = VERTEX_POINT('',#12832);
#12832 = CARTESIAN_POINT('',(14.,0.,340.));
#12833 = SEAM_CURVE('',#12834,(#12838,#12845),.PCURVE_S1.);
#12834 = LINE('',#12835,#12836);
#12835 = CARTESIAN_POINT('',(13.7,0.,337.));
#12836 = VECTOR('',#12837,1.);
#12837 = DIRECTION('',(9.9503719021E-02,0.,0.99503719021));
#12838 = PCURVE('',#12813,#12839);
#12839 = DEFINITIONAL_REPRESENTATION('',(#12840),#12844);
#12840 = LINE('',#12841,#12842);
#12841 = CARTESIAN_POINT('',(0.,0.));
#12842 = VECTOR('',#12843,1.);
#12843 = DIRECTION('',(0.,1.));
#12844 = ( GEOMETRIC_REPRESENTATION_CONTEXT(2) 
PARAMETRIC_REPRESENTATION_CONTEXT() REPRESENTATION_CONTEXT('2D SPACE',''
  ) );
#12845 = PCURVE('',#12813,#12846);
#12846 = DEFINITIONAL_REPRESENTATION('',(#12847),#12851);
#12847 = LINE('',#12848,#12849);
#12848 = CARTESIAN_POINT('',(6.28318530718,0.));
#12849 = VECTOR('',#12850,1.);
#12850 = DIRECTION('',(0.,1.));
#12851 = ( GEOMETRIC_REPRESENTATION_CONTEXT(2) 
PARAMETRIC_REPRESENTATION_CONTEXT() REPRESENTATION_CONTEXT('2D SPACE',''
  ) );
#12852 = ORIENTED_EDGE('',*,*,#12853,.F.);
#12853 = EDGE_CURVE('',#12831,#12831,#12854,.T.);
#12854 = SURFACE_CURVE('',#12855,(#12860,#12867),.PCURVE_S1.);
#12855 = CIRCLE('',#12856,14.);
#12856 = AXIS2_PLACEMENT_3D('',#12857,#12858,#12859);
#12857 = CARTESIAN_POINT('',(0.,0.,340.));
#12858 = DIRECTION('',(0.,0.,1.));
#12859 = DIRECTION('',(1.,0.,-0.));
#12860 = PCURVE('',#12813,#12861);
#12861 = DEFINITIONAL_REPRESENTATION('',(#12862),#12866);
#12862 = LINE('',#12863,#12864);
#12863 = CARTESIAN_POINT('',(0.,3.));
#12864 = VECTOR('',#12865,1.);
#12865 = DIRECTION('',(1.,0.));
#12866 = ( GEOMETRIC_REPRESENTATION_CONTEXT(2) 
PARAMETRIC_REPRESENTATION_CONTEXT() REPRESENTATION_CONTEXT('2D SPACE',''
  ) );
#12867 = PCURVE('',#12868,#12873);
#12868 = CONICAL_SURFACE('',#12869,14.,9.966865249116E-02);
#12869 = AXIS2_PLACEMENT_3D('',#12870,#12871,#12872);
#12870 = CARTESIAN_POINT('',(0.,0.,340.));
#12871 = DIRECTION('',(-0.,-0.,-1.));
#12872 = DIRECTION('',(1.,0.,-0.));
#12873 = DEFINITIONAL_REPRESENTATION('',(#12874),#12878);
#12874 = LINE('',#12875,#12876);
#12875 = CARTESIAN_POINT('',(-0.,-0.));
#12876 = VECTOR('',#12877,1.);
#12877 = DIRECTION('',(-1.,-0.));
#12878 = ( GEOMETRIC_REPRESENTATION_CONTEXT(2) 
PARAMETRIC_REPRESENTATION_CONTEXT() REPRESENTATION_CONTEXT('2D SPACE',''
  ) );
#12879 = ORIENTED_EDGE('',*,*,#12830,.F.);
#12880 = ADVANCED_FACE('',(#12881),#12868,.T.);
#12881 = FACE_BOUND('',#12882,.T.);
#12882 = EDGE_LOOP('',(#12883,#12884,#12907,#12934));
#12883 = ORIENTED_EDGE('',*,*,#12853,.T.);
#12884 = ORIENTED_EDGE('',*,*,#12885,.T.);
#12885 = EDGE_CURVE('',#12831,#12886,#12888,.T.);
#12886 = VERTEX_POINT('',#12887);
#12887 = CARTESIAN_POINT('',(13.7,0.,343.));
#12888 = SEAM_CURVE('',#12889,(#12893,#12900),.PCURVE_S1.);
#12889 = LINE('',#12890,#12891);
#12890 = CARTESIAN_POINT('',(14.,0.,340.));
#12891 = VECTOR('',#12892,1.);
#12892 = DIRECTION('',(-9.9503719021E-02,0.,0.99503719021));
#12893 = PCURVE('',#12868,#12894);
#12894 = DEFINITIONAL_REPRESENTATION('',(#12895),#12899);
#12895 = LINE('',#12896,#12897);
#12896 = CARTESIAN_POINT('',(-0.,-0.));
#12897 = VECTOR('',#12898,1.);
#12898 = DIRECTION('',(-0.,-1.));
#12899 = ( GEOMETRIC_REPRESENTATION_CONTEXT(2) 
PARAMETRIC_REPRESENTATION_CONTEXT() REPRESENTATION_CONTEXT('2D SPACE',''
  ) );
#12900 = PCURVE('',#12868,#12901);
#12901 = DEFINITIONAL_REPRESENTATION('',(#12902),#12906);
#12902 = LINE('',#12903,#12904);
#12903 = CARTESIAN_POINT('',(-6.28318530718,-0.));
#12904 = VECTOR('',#12905,1.);
#12905 = DIRECTION('',(-0.,-1.));
#12906 = ( GEOMETRIC_REPRESENTATION_CONTEXT(2) 
PARAMETRIC_REPRESENTATION_CONTEXT() REPRESENTATION_CONTEXT('2D SPACE',''
  ) );
#12907 = ORIENTED_EDGE('',*,*,#12908,.F.);
#12908 = EDGE_CURVE('',#12886,#12886,#12909,.T.);
#12909 = SURFACE_CURVE('',#12910,(#12915,#12922),.PCURVE_S1.);
#12910 = CIRCLE('',#12911,13.7);
#12911 = AXIS2_PLACEMENT_3D('',#12912,#12913,#12914);
#12912 = CARTESIAN_POINT('',(0.,0.,343.));
#12913 = DIRECTION('',(0.,0.,1.));
#12914 = DIRECTION('',(1.,0.,-0.));
#12915 = PCURVE('',#12868,#12916);
#12916 = DEFINITIONAL_REPRESENTATION('',(#12917),#12921);
#12917 = LINE('',#12918,#12919);
#12918 = CARTESIAN_POINT('',(-0.,-3.));
#12919 = VECTOR('',#12920,1.);
#12920 = DIRECTION('',(-1.,-0.));
#12921 = ( GEOMETRIC_REPRESENTATION_CONTEXT(2) 
PARAMETRIC_REPRESENTATION_CONTEXT() REPRESENTATION_CONTEXT('2D SPACE',''
  ) );
#12922 = PCURVE('',#12923,#12928);
#12923 = CONICAL_SURFACE('',#12924,13.7,9.966865249116E-02);
#12924 = AXIS2_PLACEMENT_3D('',#12925,#12926,#12927);
#12925 = CARTESIAN_POINT('',(0.,0.,343.));
#12926 = DIRECTION('',(0.,0.,1.));
#12927 = DIRECTION('',(1.,0.,-0.));
#12928 = DEFINITIONAL_REPRESENTATION('',(#12929),#12933);
#12929 = LINE('',#12930,#12931);
#12930 = CARTESIAN_POINT('',(0.,0.));
#12931 = VECTOR('',#12932,1.);
#12932 = DIRECTION('',(1.,0.));
#12933 = ( GEOMETRIC_REPRESENTATION_CONTEXT(2) 
PARAMETRIC_REPRESENTATION_CONTEXT() REPRESENTATION_CONTEXT('2D SPACE',''
  ) );
#12934 = ORIENTED_EDGE('',*,*,#12885,.F.);
#12935 = ADVANCED_FACE('',(#12936),#12923,.T.);
#12936 = FACE_BOUND('',#12937,.T.);
#12937 = EDGE_LOOP('',(#12938,#12939,#12962,#12989));
#12938 = ORIENTED_EDGE('',*,*,#12908,.T.);
#12939 = ORIENTED_EDGE('',*,*,#12940,.T.);
#12940 = EDGE_CURVE('',#12886,#12941,#12943,.T.);
#12941 = VERTEX_POINT('',#12942);
#12942 = CARTESIAN_POINT('',(14.,0.,346.));
#12943 = SEAM_CURVE('',#12944,(#12948,#12955),.PCURVE_S1.);
#12944 = LINE('',#12945,#12946);
#12945 = CARTESIAN_POINT('',(13.7,0.,343.));
#12946 = VECTOR('',#12947,1.);
#12947 = DIRECTION('',(9.9503719021E-02,0.,0.99503719021));
#12948 = PCURVE('',#12923,#12949);
#12949 = DEFINITIONAL_REPRESENTATION('',(#12950),#12954);
#12950 = LINE('',#12951,#12952);
#12951 = CARTESIAN_POINT('',(0.,0.));
#12952 = VECTOR('',#12953,1.);
#12953 = DIRECTION('',(0.,1.));
#12954 = ( GEOMETRIC_REPRESENTATION_CONTEXT(2) 
PARAMETRIC_REPRESENTATION_CONTEXT() REPRESENTATION_CONTEXT('2D SPACE',''
  ) );
#12955 = PCURVE('',#12923,#12956);
#12956 = DEFINITIONAL_REPRESENTATION('',(#12957),#12961);
#12957 = LINE('',#12958,#12959);
#12958 = CARTESIAN_POINT('',(6.28318530718,0.));
#12959 = VECTOR('',#12960,1.);
#12960 = DIRECTION('',(0.,1.));
#12961 = ( GEOMETRIC_REPRESENTATION_CONTEXT(2) 
PARAMETRIC_REPRESENTATION_CONTEXT() REPRESENTATION_CONTEXT('2D SPACE',''
  ) );
#12962 = ORIENTED_EDGE('',*,*,#12963,.F.);
#12963 = EDGE_CURVE('',#12941,#12941,#12964,.T.);
#12964 = SURFACE_CURVE('',#12965,(#12970,#12977),.PCURVE_S1.);
#12965 = CIRCLE('',#12966,14.);
#12966 = AXIS2_PLACEMENT_3D('',#12967,#12968,#12969);
#12967 = CARTESIAN_POINT('',(0.,0.,346.));
#12968 = DIRECTION('',(0.,0.,1.));
#12969 = DIRECTION('',(1.,0.,-0.));
#12970 = PCURVE('',#12923,#12971);
#12971 = DEFINITIONAL_REPRESENTATION('',(#12972),#12976);
#12972 = LINE('',#12973,#12974);
#12973 = CARTESIAN_POINT('',(0.,3.));
#12974 = VECTOR('',#12975,1.);
#12975 = DIRECTION('',(1.,0.));
#12976 = ( GEOMETRIC_REPRESENTATION_CONTEXT(2) 
PARAMETRIC_REPRESENTATION_CONTEXT() REPRESENTATION_CONTEXT('2D SPACE',''
  ) );
#12977 = PCURVE('',#12978,#12983);
#12978 = CONICAL_SURFACE('',#12979,14.,9.966865249116E-02);
#12979 = AXIS2_PLACEMENT_3D('',#12980,#12981,#12982);
#12980 = CARTESIAN_POINT('',(0.,0.,346.));
#12981 = DIRECTION('',(-0.,-0.,-1.));
#12982 = DIRECTION('',(1.,0.,-0.));
#12983 = DEFINITIONAL_REPRESENTATION('',(#12984),#12988);
#12984 = LINE('',#12985,#12986);
#12985 = CARTESIAN_POINT('',(-0.,-0.));
#12986 = VECTOR('',#12987,1.);
#12987 = DIRECTION('',(-1.,-0.));
#12988 = ( GEOMETRIC_REPRESENTATION_CONTEXT(2) 
PARAMETRIC_REPRESENTATION_CONTEXT() REPRESENTATION_CONTEXT('2D SPACE',''
  ) );
#12989 = ORIENTED_EDGE('',*,*,#12940,.F.);
#12990 = ADVANCED_FACE('',(#12991),#12978,.T.);
#12991 = FACE_BOUND('',#12992,.T.);
#12992 = EDGE_LOOP('',(#12993,#12994,#13017,#13044));
#12993 = ORIENTED_EDGE('',*,*,#12963,.T.);
#12994 = ORIENTED_EDGE('',*,*,#12995,.T.);
#12995 = EDGE_CURVE('',#12941,#12996,#12998,.T.);
#12996 = VERTEX_POINT('',#12997);
#12997 = CARTESIAN_POINT('',(13.7,0.,349.));
#12998 = SEAM_CURVE('',#12999,(#13003,#13010),.PCURVE_S1.);
#12999 = LINE('',#13000,#13001);
#13000 = CARTESIAN_POINT('',(14.,0.,346.));
#13001 = VECTOR('',#13002,1.);
#13002 = DIRECTION('',(-9.9503719021E-02,0.,0.99503719021));
#13003 = PCURVE('',#12978,#13004);
#13004 = DEFINITIONAL_REPRESENTATION('',(#13005),#13009);
#13005 = LINE('',#13006,#13007);
#13006 = CARTESIAN_POINT('',(-0.,-0.));
#13007 = VECTOR('',#13008,1.);
#13008 = DIRECTION('',(-0.,-1.));
#13009 = ( GEOMETRIC_REPRESENTATION_CONTEXT(2) 
PARAMETRIC_REPRESENTATION_CONTEXT() REPRESENTATION_CONTEXT('2D SPACE',''
  ) );
#13010 = PCURVE('',#12978,#13011);
#13011 = DEFINITIONAL_REPRESENTATION('',(#13012),#13016);
#13012 = LINE('',#13013,#13014);
#13013 = CARTESIAN_POINT('',(-6.28318530718,-0.));
#13014 = VECTOR('',#13015,1.);
#13015 = DIRECTION('',(-0.,-1.));
#13016 = ( GEOMETRIC_REPRESENTATION_CONTEXT(2) 
PARAMETRIC_REPRESENTATION_CONTEXT() REPRESENTATION_CONTEXT('2D SPACE',''
  ) );
#13017 = ORIENTED_EDGE('',*,*,#13018,.F.);
#13018 = EDGE_CURVE('',#12996,#12996,#13019,.T.);
#13019 = SURFACE_CURVE('',#13020,(#13025,#13032),.PCURVE_S1.);
#13020 = CIRCLE('',#13021,13.7);
#13021 = AXIS2_PLACEMENT_3D('',#13022,#13023,#13024);
#13022 = CARTESIAN_POINT('',(0.,0.,349.));
#13023 = DIRECTION('',(0.,0.,1.));
#13024 = DIRECTION('',(1.,0.,-0.));
#13025 = PCURVE('',#12978,#13026);
#13026 = DEFINITIONAL_REPRESENTATION('',(#13027),#13031);
#13027 = LINE('',#13028,#13029);
#13028 = CARTESIAN_POINT('',(-0.,-3.));
#13029 = VECTOR('',#13030,1.);
#13030 = DIRECTION('',(-1.,-0.));
#13031 = ( GEOMETRIC_REPRESENTATION_CONTEXT(2) 
PARAMETRIC_REPRESENTATION_CONTEXT() REPRESENTATION_CONTEXT('2D SPACE',''
  ) );
#13032 = PCURVE('',#13033,#13038);
#13033 = CONICAL_SURFACE('',#13034,13.7,9.966865249116E-02);
#13034 = AXIS2_PLACEMENT_3D('',#13035,#13036,#13037);
#13035 = CARTESIAN_POINT('',(0.,0.,349.));
#13036 = DIRECTION('',(0.,0.,1.));
#13037 = DIRECTION('',(1.,0.,-0.));
#13038 = DEFINITIONAL_REPRESENTATION('',(#13039),#13043);
#13039 = LINE('',#13040,#13041);
#13040 = CARTESIAN_POINT('',(0.,0.));
#13041 = VECTOR('',#13042,1.);
#13042 = DIRECTION('',(1.,0.));
#13043 = ( GEOMETRIC_REPRESENTATION_CONTEXT(2) 
PARAMETRIC_REPRESENTATION_CONTEXT() REPRESENTATION_CONTEXT('2D SPACE',''
  ) );
#13044 = ORIENTED_EDGE('',*,*,#12995,.F.);
#13045 = ADVANCED_FACE('',(#13046),#13033,.T.);
#13046 = FACE_BOUND('',#13047,.T.);
#13047 = EDGE_LOOP('',(#13048,#13049,#13072,#13099));
#13048 = ORIENTED_EDGE('',*,*,#13018,.T.);
#13049 = ORIENTED_EDGE('',*,*,#13050,.T.);
#13050 = EDGE_CURVE('',#12996,#13051,#13053,.T.);
#13051 = VERTEX_POINT('',#13052);
#13052 = CARTESIAN_POINT('',(14.,0.,352.));
#13053 = SEAM_CURVE('',#13054,(#13058,#13065),.PCURVE_S1.);
#13054 = LINE('',#13055,#13056);
#13055 = CARTESIAN_POINT('',(13.7,0.,349.));
#13056 = VECTOR('',#13057,1.);
#13057 = DIRECTION('',(9.9503719021E-02,0.,0.99503719021));
#13058 = PCURVE('',#13033,#13059);
#13059 = DEFINITIONAL_REPRESENTATION('',(#13060),#13064);
#13060 = LINE('',#13061,#13062);
#13061 = CARTESIAN_POINT('',(0.,0.));
#13062 = VECTOR('',#13063,1.);
#13063 = DIRECTION('',(0.,1.));
#13064 = ( GEOMETRIC_REPRESENTATION_CONTEXT(2) 
PARAMETRIC_REPRESENTATION_CONTEXT() REPRESENTATION_CONTEXT('2D SPACE',''
  ) );
#13065 = PCURVE('',#13033,#13066);
#13066 = DEFINITIONAL_REPRESENTATION('',(#13067),#13071);
#13067 = LINE('',#13068,#13069);
#13068 = CARTESIAN_POINT('',(6.28318530718,0.));
#13069 = VECTOR('',#13070,1.);
#13070 = DIRECTION('',(0.,1.));
#13071 = ( GEOMETRIC_REPRESENTATION_CONTEXT(2) 
PARAMETRIC_REPRESENTATION_CONTEXT() REPRESENTATION_CONTEXT('2D SPACE',''
  ) );
#13072 = ORIENTED_EDGE('',*,*,#13073,.F.);
#13073 = EDGE_CURVE('',#13051,#13051,#13074,.T.);
#13074 = SURFACE_CURVE('',#13075,(#13080,#13087),.PCURVE_S1.);
#13075 = CIRCLE('',#13076,14.);
#13076 = AXIS2_PLACEMENT_3D('',#13077,#13078,#13079);
#13077 = CARTESIAN_POINT('',(0.,0.,352.));
#13078 = DIRECTION('',(0.,0.,1.));
#13079 = DIRECTION('',(1.,0.,-0.));
#13080 = PCURVE('',#13033,#13081);
#13081 = DEFINITIONAL_REPRESENTATION('',(#13082),#13086);
#13082 = LINE('',#13083,#13084);
#13083 = CARTESIAN_POINT('',(0.,3.));
#13084 = VECTOR('',#13085,1.);
#13085 = DIRECTION('',(1.,0.));
#13086 = ( GEOMETRIC_REPRESENTATION_CONTEXT(2) 
PARAMETRIC_REPRESENTATION_CONTEXT() REPRESENTATION_CONTEXT('2D SPACE',''
  ) );
#13087 = PCURVE('',#13088,#13093);
#13088 = CONICAL_SURFACE('',#13089,14.,9.966865249116E-02);
#13089 = AXIS2_PLACEMENT_3D('',#13090,#13091,#13092);
#13090 = CARTESIAN_POINT('',(0.,0.,352.));
#13091 = DIRECTION('',(-0.,-0.,-1.));
#13092 = DIRECTION('',(1.,0.,-0.));
#13093 = DEFINITIONAL_REPRESENTATION('',(#13094),#13098);
#13094 = LINE('',#13095,#13096);
#13095 = CARTESIAN_POINT('',(-0.,-0.));
#13096 = VECTOR('',#13097,1.);
#13097 = DIRECTION('',(-1.,-0.));
#13098 = ( GEOMETRIC_REPRESENTATION_CONTEXT(2) 
PARAMETRIC_REPRESENTATION_CONTEXT() REPRESENTATION_CONTEXT('2D SPACE',''
  ) );
#13099 = ORIENTED_EDGE('',*,*,#13050,.F.);
#13100 = ADVANCED_FACE('',(#13101),#13088,.T.);
#13101 = FACE_BOUND('',#13102,.T.);
#13102 = EDGE_LOOP('',(#13103,#13104,#13127,#13154));
#13103 = ORIENTED_EDGE('',*,*,#13073,.T.);
#13104 = ORIENTED_EDGE('',*,*,#13105,.T.);
#13105 = EDGE_CURVE('',#13051,#13106,#13108,.T.);
#13106 = VERTEX_POINT('',#13107);
#13107 = CARTESIAN_POINT('',(13.7,0.,355.));
#13108 = SEAM_CURVE('',#13109,(#13113,#13120),.PCURVE_S1.);
#13109 = LINE('',#13110,#13111);
#13110 = CARTESIAN_POINT('',(14.,0.,352.));
#13111 = VECTOR('',#13112,1.);
#13112 = DIRECTION('',(-9.9503719021E-02,0.,0.99503719021));
#13113 = PCURVE('',#13088,#13114);
#13114 = DEFINITIONAL_REPRESENTATION('',(#13115),#13119);
#13115 = LINE('',#13116,#13117);
#13116 = CARTESIAN_POINT('',(-0.,-0.));
#13117 = VECTOR('',#13118,1.);
#13118 = DIRECTION('',(-0.,-1.));
#13119 = ( GEOMETRIC_REPRESENTATION_CONTEXT(2) 
PARAMETRIC_REPRESENTATION_CONTEXT() REPRESENTATION_CONTEXT('2D SPACE',''
  ) );
#13120 = PCURVE('',#13088,#13121);
#13121 = DEFINITIONAL_REPRESENTATION('',(#13122),#13126);
#13122 = LINE('',#13123,#13124);
#13123 = CARTESIAN_POINT('',(-6.28318530718,-0.));
#13124 = VECTOR('',#13125,1.);
#13125 = DIRECTION('',(-0.,-1.));
#13126 = ( GEOMETRIC_REPRESENTATION_CONTEXT(2) 
PARAMETRIC_REPRESENTATION_CONTEXT() REPRESENTATION_CONTEXT('2D SPACE',''
  ) );
#13127 = ORIENTED_EDGE('',*,*,#13128,.F.);
#13128 = EDGE_CURVE('',#13106,#13106,#13129,.T.);
#13129 = SURFACE_CURVE('',#13130,(#13135,#13142),.PCURVE_S1.);
#13130 = CIRCLE('',#13131,13.7);
#13131 = AXIS2_PLACEMENT_3D('',#13132,#13133,#13134);
#13132 = CARTESIAN_POINT('',(0.,0.,355.));
#13133 = DIRECTION('',(0.,0.,1.));
#13134 = DIRECTION('',(1.,0.,-0.));
#13135 = PCURVE('',#13088,#13136);
#13136 = DEFINITIONAL_REPRESENTATION('',(#13137),#13141);
#13137 = LINE('',#13138,#13139);
#13138 = CARTESIAN_POINT('',(-0.,-3.));
#13139 = VECTOR('',#13140,1.);
#13140 = DIRECTION('',(-1.,-0.));
#13141 = ( GEOMETRIC_REPRESENTATION_CONTEXT(2) 
PARAMETRIC_REPRESENTATION_CONTEXT() REPRESENTATION_CONTEXT('2D SPACE',''
  ) );
#13142 = PCURVE('',#13143,#13148);
#13143 = CONICAL_SURFACE('',#13144,13.7,9.966865249116E-02);
#13144 = AXIS2_PLACEMENT_3D('',#13145,#13146,#13147);
#13145 = CARTESIAN_POINT('',(0.,0.,355.));
#13146 = DIRECTION('',(0.,0.,1.));
#13147 = DIRECTION('',(1.,0.,-0.));
#13148 = DEFINITIONAL_REPRESENTATION('',(#13149),#13153);
#13149 = LINE('',#13150,#13151);
#13150 = CARTESIAN_POINT('',(0.,0.));
#13151 = VECTOR('',#13152,1.);
#13152 = DIRECTION('',(1.,0.));
#13153 = ( GEOMETRIC_REPRESENTATION_CONTEXT(2) 
PARAMETRIC_REPRESENTATION_CONTEXT() REPRESENTATION_CONTEXT('2D SPACE',''
  ) );
#13154 = ORIENTED_EDGE('',*,*,#13105,.F.);
#13155 = ADVANCED_FACE('',(#13156),#13143,.T.);
#13156 = FACE_BOUND('',#13157,.T.);
#13157 = EDGE_LOOP('',(#13158,#13159,#13182,#13209));
#13158 = ORIENTED_EDGE('',*,*,#13128,.T.);
#13159 = ORIENTED_EDGE('',*,*,#13160,.T.);
#13160 = EDGE_CURVE('',#13106,#13161,#13163,.T.);
#13161 = VERTEX_POINT('',#13162);
#13162 = CARTESIAN_POINT('',(14.,0.,358.));
#13163 = SEAM_CURVE('',#13164,(#13168,#13175),.PCURVE_S1.);
#13164 = LINE('',#13165,#13166);
#13165 = CARTESIAN_POINT('',(13.7,0.,355.));
#13166 = VECTOR('',#13167,1.);
#13167 = DIRECTION('',(9.9503719021E-02,0.,0.99503719021));
#13168 = PCURVE('',#13143,#13169);
#13169 = DEFINITIONAL_REPRESENTATION('',(#13170),#13174);
#13170 = LINE('',#13171,#13172);
#13171 = CARTESIAN_POINT('',(0.,0.));
#13172 = VECTOR('',#13173,1.);
#13173 = DIRECTION('',(0.,1.));
#13174 = ( GEOMETRIC_REPRESENTATION_CONTEXT(2) 
PARAMETRIC_REPRESENTATION_CONTEXT() REPRESENTATION_CONTEXT('2D SPACE',''
  ) );
#13175 = PCURVE('',#13143,#13176);
#13176 = DEFINITIONAL_REPRESENTATION('',(#13177),#13181);
#13177 = LINE('',#13178,#13179);
#13178 = CARTESIAN_POINT('',(6.28318530718,0.));
#13179 = VECTOR('',#13180,1.);
#13180 = DIRECTION('',(0.,1.));
#13181 = ( GEOMETRIC_REPRESENTATION_CONTEXT(2) 
PARAMETRIC_REPRESENTATION_CONTEXT() REPRESENTATION_CONTEXT('2D SPACE',''
  ) );
#13182 = ORIENTED_EDGE('',*,*,#13183,.F.);
#13183 = EDGE_CURVE('',#13161,#13161,#13184,.T.);
#13184 = SURFACE_CURVE('',#13185,(#13190,#13197),.PCURVE_S1.);
#13185 = CIRCLE('',#13186,14.);
#13186 = AXIS2_PLACEMENT_3D('',#13187,#13188,#13189);
#13187 = CARTESIAN_POINT('',(0.,0.,358.));
#13188 = DIRECTION('',(0.,0.,1.));
#13189 = DIRECTION('',(1.,0.,-0.));
#13190 = PCURVE('',#13143,#13191);
#13191 = DEFINITIONAL_REPRESENTATION('',(#13192),#13196);
#13192 = LINE('',#13193,#13194);
#13193 = CARTESIAN_POINT('',(0.,3.));
#13194 = VECTOR('',#13195,1.);
#13195 = DIRECTION('',(1.,0.));
#13196 = ( GEOMETRIC_REPRESENTATION_CONTEXT(2) 
PARAMETRIC_REPRESENTATION_CONTEXT() REPRESENTATION_CONTEXT('2D SPACE',''
  ) );
#13197 = PCURVE('',#13198,#13203);
#13198 = CONICAL_SURFACE('',#13199,14.,9.966865249116E-02);
#13199 = AXIS2_PLACEMENT_3D('',#13200,#13201,#13202);
#13200 = CARTESIAN_POINT('',(0.,0.,358.));
#13201 = DIRECTION('',(-0.,-0.,-1.));
#13202 = DIRECTION('',(1.,0.,-0.));
#13203 = DEFINITIONAL_REPRESENTATION('',(#13204),#13208);
#13204 = LINE('',#13205,#13206);
#13205 = CARTESIAN_POINT('',(-0.,-0.));
#13206 = VECTOR('',#13207,1.);
#13207 = DIRECTION('',(-1.,-0.));
#13208 = ( GEOMETRIC_REPRESENTATION_CONTEXT(2) 
PARAMETRIC_REPRESENTATION_CONTEXT() REPRESENTATION_CONTEXT('2D SPACE',''
  ) );
#13209 = ORIENTED_EDGE('',*,*,#13160,.F.);
#13210 = ADVANCED_FACE('',(#13211),#13198,.T.);
#13211 = FACE_BOUND('',#13212,.T.);
#13212 = EDGE_LOOP('',(#13213,#13214,#13237,#13264));
#13213 = ORIENTED_EDGE('',*,*,#13183,.T.);
#13214 = ORIENTED_EDGE('',*,*,#13215,.T.);
#13215 = EDGE_CURVE('',#13161,#13216,#13218,.T.);
#13216 = VERTEX_POINT('',#13217);
#13217 = CARTESIAN_POINT('',(13.7,0.,361.));
#13218 = SEAM_CURVE('',#13219,(#13223,#13230),.PCURVE_S1.);
#13219 = LINE('',#13220,#13221);
#13220 = CARTESIAN_POINT('',(14.,0.,358.));
#13221 = VECTOR('',#13222,1.);
#13222 = DIRECTION('',(-9.9503719021E-02,0.,0.99503719021));
#13223 = PCURVE('',#13198,#13224);
#13224 = DEFINITIONAL_REPRESENTATION('',(#13225),#13229);
#13225 = LINE('',#13226,#13227);
#13226 = CARTESIAN_POINT('',(-0.,-0.));
#13227 = VECTOR('',#13228,1.);
#13228 = DIRECTION('',(-0.,-1.));
#13229 = ( GEOMETRIC_REPRESENTATION_CONTEXT(2) 
PARAMETRIC_REPRESENTATION_CONTEXT() REPRESENTATION_CONTEXT('2D SPACE',''
  ) );
#13230 = PCURVE('',#13198,#13231);
#13231 = DEFINITIONAL_REPRESENTATION('',(#13232),#13236);
#13232 = LINE('',#13233,#13234);
#13233 = CARTESIAN_POINT('',(-6.28318530718,-0.));
#13234 = VECTOR('',#13235,1.);
#13235 = DIRECTION('',(-0.,-1.));
#13236 = ( GEOMETRIC_REPRESENTATION_CONTEXT(2) 
PARAMETRIC_REPRESENTATION_CONTEXT() REPRESENTATION_CONTEXT('2D SPACE',''
  ) );
#13237 = ORIENTED_EDGE('',*,*,#13238,.F.);
#13238 = EDGE_CURVE('',#13216,#13216,#13239,.T.);
#13239 = SURFACE_CURVE('',#13240,(#13245,#13252),.PCURVE_S1.);
#13240 = CIRCLE('',#13241,13.7);
#13241 = AXIS2_PLACEMENT_3D('',#13242,#13243,#13244);
#13242 = CARTESIAN_POINT('',(0.,0.,361.));
#13243 = DIRECTION('',(0.,0.,1.));
#13244 = DIRECTION('',(1.,0.,-0.));
#13245 = PCURVE('',#13198,#13246);
#13246 = DEFINITIONAL_REPRESENTATION('',(#13247),#13251);
#13247 = LINE('',#13248,#13249);
#13248 = CARTESIAN_POINT('',(-0.,-3.));
#13249 = VECTOR('',#13250,1.);
#13250 = DIRECTION('',(-1.,-0.));
#13251 = ( GEOMETRIC_REPRESENTATION_CONTEXT(2) 
PARAMETRIC_REPRESENTATION_CONTEXT() REPRESENTATION_CONTEXT('2D SPACE',''
  ) );
#13252 = PCURVE('',#13253,#13258);
#13253 = CONICAL_SURFACE('',#13254,13.7,9.966865249116E-02);
#13254 = AXIS2_PLACEMENT_3D('',#13255,#13256,#13257);
#13255 = CARTESIAN_POINT('',(0.,0.,361.));
#13256 = DIRECTION('',(0.,0.,1.));
#13257 = DIRECTION('',(1.,0.,-0.));
#13258 = DEFINITIONAL_REPRESENTATION('',(#13259),#13263);
#13259 = LINE('',#13260,#13261);
#13260 = CARTESIAN_POINT('',(0.,0.));
#13261 = VECTOR('',#13262,1.);
#13262 = DIRECTION('',(1.,0.));
#13263 = ( GEOMETRIC_REPRESENTATION_CONTEXT(2) 
PARAMETRIC_REPRESENTATION_CONTEXT() REPRESENTATION_CONTEXT('2D SPACE',''
  ) );
#13264 = ORIENTED_EDGE('',*,*,#13215,.F.);
#13265 = ADVANCED_FACE('',(#13266),#13253,.T.);
#13266 = FACE_BOUND('',#13267,.T.);
#13267 = EDGE_LOOP('',(#13268,#13269,#13292,#13319));
#13268 = ORIENTED_EDGE('',*,*,#13238,.T.);
#13269 = ORIENTED_EDGE('',*,*,#13270,.T.);
#13270 = EDGE_CURVE('',#13216,#13271,#13273,.T.);
#13271 = VERTEX_POINT('',#13272);
#13272 = CARTESIAN_POINT('',(14.,0.,364.));
#13273 = SEAM_CURVE('',#13274,(#13278,#13285),.PCURVE_S1.);
#13274 = LINE('',#13275,#13276);
#13275 = CARTESIAN_POINT('',(13.7,0.,361.));
#13276 = VECTOR('',#13277,1.);
#13277 = DIRECTION('',(9.9503719021E-02,0.,0.99503719021));
#13278 = PCURVE('',#13253,#13279);
#13279 = DEFINITIONAL_REPRESENTATION('',(#13280),#13284);
#13280 = LINE('',#13281,#13282);
#13281 = CARTESIAN_POINT('',(0.,0.));
#13282 = VECTOR('',#13283,1.);
#13283 = DIRECTION('',(0.,1.));
#13284 = ( GEOMETRIC_REPRESENTATION_CONTEXT(2) 
PARAMETRIC_REPRESENTATION_CONTEXT() REPRESENTATION_CONTEXT('2D SPACE',''
  ) );
#13285 = PCURVE('',#13253,#13286);
#13286 = DEFINITIONAL_REPRESENTATION('',(#13287),#13291);
#13287 = LINE('',#13288,#13289);
#13288 = CARTESIAN_POINT('',(6.28318530718,0.));
#13289 = VECTOR('',#13290,1.);
#13290 = DIRECTION('',(0.,1.));
#13291 = ( GEOMETRIC_REPRESENTATION_CONTEXT(2) 
PARAMETRIC_REPRESENTATION_CONTEXT() REPRESENTATION_CONTEXT('2D SPACE',''
  ) );
#13292 = ORIENTED_EDGE('',*,*,#13293,.F.);
#13293 = EDGE_CURVE('',#13271,#13271,#13294,.T.);
#13294 = SURFACE_CURVE('',#13295,(#13300,#13307),.PCURVE_S1.);
#13295 = CIRCLE('',#13296,14.);
#13296 = AXIS2_PLACEMENT_3D('',#13297,#13298,#13299);
#13297 = CARTESIAN_POINT('',(0.,0.,364.));
#13298 = DIRECTION('',(0.,0.,1.));
#13299 = DIRECTION('',(1.,0.,-0.));
#13300 = PCURVE('',#13253,#13301);
#13301 = DEFINITIONAL_REPRESENTATION('',(#13302),#13306);
#13302 = LINE('',#13303,#13304);
#13303 = CARTESIAN_POINT('',(0.,3.));
#13304 = VECTOR('',#13305,1.);
#13305 = DIRECTION('',(1.,0.));
#13306 = ( GEOMETRIC_REPRESENTATION_CONTEXT(2) 
PARAMETRIC_REPRESENTATION_CONTEXT() REPRESENTATION_CONTEXT('2D SPACE',''
  ) );
#13307 = PCURVE('',#13308,#13313);
#13308 = CONICAL_SURFACE('',#13309,14.,9.966865249116E-02);
#13309 = AXIS2_PLACEMENT_3D('',#13310,#13311,#13312);
#13310 = CARTESIAN_POINT('',(0.,0.,364.));
#13311 = DIRECTION('',(-0.,-0.,-1.));
#13312 = DIRECTION('',(1.,0.,-0.));
#13313 = DEFINITIONAL_REPRESENTATION('',(#13314),#13318);
#13314 = LINE('',#13315,#13316);
#13315 = CARTESIAN_POINT('',(-0.,-0.));
#13316 = VECTOR('',#13317,1.);
#13317 = DIRECTION('',(-1.,-0.));
#13318 = ( GEOMETRIC_REPRESENTATION_CONTEXT(2) 
PARAMETRIC_REPRESENTATION_CONTEXT() REPRESENTATION_CONTEXT('2D SPACE',''
  ) );
#13319 = ORIENTED_EDGE('',*,*,#13270,.F.);
#13320 = ADVANCED_FACE('',(#13321),#13308,.T.);
#13321 = FACE_BOUND('',#13322,.T.);
#13322 = EDGE_LOOP('',(#13323,#13324,#13347,#13374));
#13323 = ORIENTED_EDGE('',*,*,#13293,.T.);
#13324 = ORIENTED_EDGE('',*,*,#13325,.T.);
#13325 = EDGE_CURVE('',#13271,#13326,#13328,.T.);
#13326 = VERTEX_POINT('',#13327);
#13327 = CARTESIAN_POINT('',(13.7,0.,367.));
#13328 = SEAM_CURVE('',#13329,(#13333,#13340),.PCURVE_S1.);
#13329 = LINE('',#13330,#13331);
#13330 = CARTESIAN_POINT('',(14.,0.,364.));
#13331 = VECTOR('',#13332,1.);
#13332 = DIRECTION('',(-9.9503719021E-02,0.,0.99503719021));
#13333 = PCURVE('',#13308,#13334);
#13334 = DEFINITIONAL_REPRESENTATION('',(#13335),#13339);
#13335 = LINE('',#13336,#13337);
#13336 = CARTESIAN_POINT('',(-0.,-0.));
#13337 = VECTOR('',#13338,1.);
#13338 = DIRECTION('',(-0.,-1.));
#13339 = ( GEOMETRIC_REPRESENTATION_CONTEXT(2) 
PARAMETRIC_REPRESENTATION_CONTEXT() REPRESENTATION_CONTEXT('2D SPACE',''
  ) );
#13340 = PCURVE('',#13308,#13341);
#13341 = DEFINITIONAL_REPRESENTATION('',(#13342),#13346);
#13342 = LINE('',#13343,#13344);
#13343 = CARTESIAN_POINT('',(-6.28318530718,-0.));
#13344 = VECTOR('',#13345,1.);
#13345 = DIRECTION('',(-0.,-1.));
#13346 = ( GEOMETRIC_REPRESENTATION_CONTEXT(2) 
PARAMETRIC_REPRESENTATION_CONTEXT() REPRESENTATION_CONTEXT('2D SPACE',''
  ) );
#13347 = ORIENTED_EDGE('',*,*,#13348,.F.);
#13348 = EDGE_CURVE('',#13326,#13326,#13349,.T.);
#13349 = SURFACE_CURVE('',#13350,(#13355,#13362),.PCURVE_S1.);
#13350 = CIRCLE('',#13351,13.7);
#13351 = AXIS2_PLACEMENT_3D('',#13352,#13353,#13354);
#13352 = CARTESIAN_POINT('',(0.,0.,367.));
#13353 = DIRECTION('',(0.,0.,1.));
#13354 = DIRECTION('',(1.,0.,-0.));
#13355 = PCURVE('',#13308,#13356);
#13356 = DEFINITIONAL_REPRESENTATION('',(#13357),#13361);
#13357 = LINE('',#13358,#13359);
#13358 = CARTESIAN_POINT('',(-0.,-3.));
#13359 = VECTOR('',#13360,1.);
#13360 = DIRECTION('',(-1.,-0.));
#13361 = ( GEOMETRIC_REPRESENTATION_CONTEXT(2) 
PARAMETRIC_REPRESENTATION_CONTEXT() REPRESENTATION_CONTEXT('2D SPACE',''
  ) );
#13362 = PCURVE('',#13363,#13368);
#13363 = CONICAL_SURFACE('',#13364,13.7,9.966865249116E-02);
#13364 = AXIS2_PLACEMENT_3D('',#13365,#13366,#13367);
#13365 = CARTESIAN_POINT('',(0.,0.,367.));
#13366 = DIRECTION('',(0.,0.,1.));
#13367 = DIRECTION('',(1.,0.,-0.));
#13368 = DEFINITIONAL_REPRESENTATION('',(#13369),#13373);
#13369 = LINE('',#13370,#13371);
#13370 = CARTESIAN_POINT('',(0.,0.));
#13371 = VECTOR('',#13372,1.);
#13372 = DIRECTION('',(1.,0.));
#13373 = ( GEOMETRIC_REPRESENTATION_CONTEXT(2) 
PARAMETRIC_REPRESENTATION_CONTEXT() REPRESENTATION_CONTEXT('2D SPACE',''
  ) );
#13374 = ORIENTED_EDGE('',*,*,#13325,.F.);
#13375 = ADVANCED_FACE('',(#13376),#13363,.T.);
#13376 = FACE_BOUND('',#13377,.T.);
#13377 = EDGE_LOOP('',(#13378,#13379,#13402,#13429));
#13378 = ORIENTED_EDGE('',*,*,#13348,.T.);
#13379 = ORIENTED_EDGE('',*,*,#13380,.T.);
#13380 = EDGE_CURVE('',#13326,#13381,#13383,.T.);
#13381 = VERTEX_POINT('',#13382);
#13382 = CARTESIAN_POINT('',(14.,0.,370.));
#13383 = SEAM_CURVE('',#13384,(#13388,#13395),.PCURVE_S1.);
#13384 = LINE('',#13385,#13386);
#13385 = CARTESIAN_POINT('',(13.7,0.,367.));
#13386 = VECTOR('',#13387,1.);
#13387 = DIRECTION('',(9.9503719021E-02,0.,0.99503719021));
#13388 = PCURVE('',#13363,#13389);
#13389 = DEFINITIONAL_REPRESENTATION('',(#13390),#13394);
#13390 = LINE('',#13391,#13392);
#13391 = CARTESIAN_POINT('',(0.,0.));
#13392 = VECTOR('',#13393,1.);
#13393 = DIRECTION('',(0.,1.));
#13394 = ( GEOMETRIC_REPRESENTATION_CONTEXT(2) 
PARAMETRIC_REPRESENTATION_CONTEXT() REPRESENTATION_CONTEXT('2D SPACE',''
  ) );
#13395 = PCURVE('',#13363,#13396);
#13396 = DEFINITIONAL_REPRESENTATION('',(#13397),#13401);
#13397 = LINE('',#13398,#13399);
#13398 = CARTESIAN_POINT('',(6.28318530718,0.));
#13399 = VECTOR('',#13400,1.);
#13400 = DIRECTION('',(0.,1.));
#13401 = ( GEOMETRIC_REPRESENTATION_CONTEXT(2) 
PARAMETRIC_REPRESENTATION_CONTEXT() REPRESENTATION_CONTEXT('2D SPACE',''
  ) );
#13402 = ORIENTED_EDGE('',*,*,#13403,.F.);
#13403 = EDGE_CURVE('',#13381,#13381,#13404,.T.);
#13404 = SURFACE_CURVE('',#13405,(#13410,#13417),.PCURVE_S1.);
#13405 = CIRCLE('',#13406,14.);
#13406 = AXIS2_PLACEMENT_3D('',#13407,#13408,#13409);
#13407 = CARTESIAN_POINT('',(0.,0.,370.));
#13408 = DIRECTION('',(0.,0.,1.));
#13409 = DIRECTION('',(1.,0.,-0.));
#13410 = PCURVE('',#13363,#13411);
#13411 = DEFINITIONAL_REPRESENTATION('',(#13412),#13416);
#13412 = LINE('',#13413,#13414);
#13413 = CARTESIAN_POINT('',(0.,3.));
#13414 = VECTOR('',#13415,1.);
#13415 = DIRECTION('',(1.,0.));
#13416 = ( GEOMETRIC_REPRESENTATION_CONTEXT(2) 
PARAMETRIC_REPRESENTATION_CONTEXT() REPRESENTATION_CONTEXT('2D SPACE',''
  ) );
#13417 = PCURVE('',#13418,#13423);
#13418 = CONICAL_SURFACE('',#13419,14.,9.966865249116E-02);
#13419 = AXIS2_PLACEMENT_3D('',#13420,#13421,#13422);
#13420 = CARTESIAN_POINT('',(0.,0.,370.));
#13421 = DIRECTION('',(-0.,-0.,-1.));
#13422 = DIRECTION('',(1.,0.,-0.));
#13423 = DEFINITIONAL_REPRESENTATION('',(#13424),#13428);
#13424 = LINE('',#13425,#13426);
#13425 = CARTESIAN_POINT('',(-0.,-0.));
#13426 = VECTOR('',#13427,1.);
#13427 = DIRECTION('',(-1.,-0.));
#13428 = ( GEOMETRIC_REPRESENTATION_CONTEXT(2) 
PARAMETRIC_REPRESENTATION_CONTEXT() REPRESENTATION_CONTEXT('2D SPACE',''
  ) );
#13429 = ORIENTED_EDGE('',*,*,#13380,.F.);
#13430 = ADVANCED_FACE('',(#13431),#13418,.T.);
#13431 = FACE_BOUND('',#13432,.T.);
#13432 = EDGE_LOOP('',(#13433,#13434,#13457,#13484));
#13433 = ORIENTED_EDGE('',*,*,#13403,.T.);
#13434 = ORIENTED_EDGE('',*,*,#13435,.T.);
#13435 = EDGE_CURVE('',#13381,#13436,#13438,.T.);
#13436 = VERTEX_POINT('',#13437);
#13437 = CARTESIAN_POINT('',(13.7,0.,373.));
#13438 = SEAM_CURVE('',#13439,(#13443,#13450),.PCURVE_S1.);
#13439 = LINE('',#13440,#13441);
#13440 = CARTESIAN_POINT('',(14.,0.,370.));
#13441 = VECTOR('',#13442,1.);
#13442 = DIRECTION('',(-9.9503719021E-02,0.,0.99503719021));
#13443 = PCURVE('',#13418,#13444);
#13444 = DEFINITIONAL_REPRESENTATION('',(#13445),#13449);
#13445 = LINE('',#13446,#13447);
#13446 = CARTESIAN_POINT('',(-0.,-0.));
#13447 = VECTOR('',#13448,1.);
#13448 = DIRECTION('',(-0.,-1.));
#13449 = ( GEOMETRIC_REPRESENTATION_CONTEXT(2) 
PARAMETRIC_REPRESENTATION_CONTEXT() REPRESENTATION_CONTEXT('2D SPACE',''
  ) );
#13450 = PCURVE('',#13418,#13451);
#13451 = DEFINITIONAL_REPRESENTATION('',(#13452),#13456);
#13452 = LINE('',#13453,#13454);
#13453 = CARTESIAN_POINT('',(-6.28318530718,-0.));
#13454 = VECTOR('',#13455,1.);
#13455 = DIRECTION('',(-0.,-1.));
#13456 = ( GEOMETRIC_REPRESENTATION_CONTEXT(2) 
PARAMETRIC_REPRESENTATION_CONTEXT() REPRESENTATION_CONTEXT('2D SPACE',''
  ) );
#13457 = ORIENTED_EDGE('',*,*,#13458,.F.);
#13458 = EDGE_CURVE('',#13436,#13436,#13459,.T.);
#13459 = SURFACE_CURVE('',#13460,(#13465,#13472),.PCURVE_S1.);
#13460 = CIRCLE('',#13461,13.7);
#13461 = AXIS2_PLACEMENT_3D('',#13462,#13463,#13464);
#13462 = CARTESIAN_POINT('',(0.,0.,373.));
#13463 = DIRECTION('',(0.,0.,1.));
#13464 = DIRECTION('',(1.,0.,-0.));
#13465 = PCURVE('',#13418,#13466);
#13466 = DEFINITIONAL_REPRESENTATION('',(#13467),#13471);
#13467 = LINE('',#13468,#13469);
#13468 = CARTESIAN_POINT('',(-0.,-3.));
#13469 = VECTOR('',#13470,1.);
#13470 = DIRECTION('',(-1.,-0.));
#13471 = ( GEOMETRIC_REPRESENTATION_CONTEXT(2) 
PARAMETRIC_REPRESENTATION_CONTEXT() REPRESENTATION_CONTEXT('2D SPACE',''
  ) );
#13472 = PCURVE('',#13473,#13478);
#13473 = CONICAL_SURFACE('',#13474,13.7,9.966865249116E-02);
#13474 = AXIS2_PLACEMENT_3D('',#13475,#13476,#13477);
#13475 = CARTESIAN_POINT('',(0.,0.,373.));
#13476 = DIRECTION('',(0.,0.,1.));
#13477 = DIRECTION('',(1.,0.,-0.));
#13478 = DEFINITIONAL_REPRESENTATION('',(#13479),#13483);
#13479 = LINE('',#13480,#13481);
#13480 = CARTESIAN_POINT('',(0.,0.));
#13481 = VECTOR('',#13482,1.);
#13482 = DIRECTION('',(1.,0.));
#13483 = ( GEOMETRIC_REPRESENTATION_CONTEXT(2) 
PARAMETRIC_REPRESENTATION_CONTEXT() REPRESENTATION_CONTEXT('2D SPACE',''
  ) );
#13484 = ORIENTED_EDGE('',*,*,#13435,.F.);
#13485 = ADVANCED_FACE('',(#13486),#13473,.T.);
#13486 = FACE_BOUND('',#13487,.T.);
#13487 = EDGE_LOOP('',(#13488,#13489,#13512,#13539));
#13488 = ORIENTED_EDGE('',*,*,#13458,.T.);
#13489 = ORIENTED_EDGE('',*,*,#13490,.T.);
#13490 = EDGE_CURVE('',#13436,#13491,#13493,.T.);
#13491 = VERTEX_POINT('',#13492);
#13492 = CARTESIAN_POINT('',(14.,0.,376.));
#13493 = SEAM_CURVE('',#13494,(#13498,#13505),.PCURVE_S1.);
#13494 = LINE('',#13495,#13496);
#13495 = CARTESIAN_POINT('',(13.7,0.,373.));
#13496 = VECTOR('',#13497,1.);
#13497 = DIRECTION('',(9.9503719021E-02,0.,0.99503719021));
#13498 = PCURVE('',#13473,#13499);
#13499 = DEFINITIONAL_REPRESENTATION('',(#13500),#13504);
#13500 = LINE('',#13501,#13502);
#13501 = CARTESIAN_POINT('',(0.,0.));
#13502 = VECTOR('',#13503,1.);
#13503 = DIRECTION('',(0.,1.));
#13504 = ( GEOMETRIC_REPRESENTATION_CONTEXT(2) 
PARAMETRIC_REPRESENTATION_CONTEXT() REPRESENTATION_CONTEXT('2D SPACE',''
  ) );
#13505 = PCURVE('',#13473,#13506);
#13506 = DEFINITIONAL_REPRESENTATION('',(#13507),#13511);
#13507 = LINE('',#13508,#13509);
#13508 = CARTESIAN_POINT('',(6.28318530718,0.));
#13509 = VECTOR('',#13510,1.);
#13510 = DIRECTION('',(0.,1.));
#13511 = ( GEOMETRIC_REPRESENTATION_CONTEXT(2) 
PARAMETRIC_REPRESENTATION_CONTEXT() REPRESENTATION_CONTEXT('2D SPACE',''
  ) );
#13512 = ORIENTED_EDGE('',*,*,#13513,.F.);
#13513 = EDGE_CURVE('',#13491,#13491,#13514,.T.);
#13514 = SURFACE_CURVE('',#13515,(#13520,#13527),.PCURVE_S1.);
#13515 = CIRCLE('',#13516,14.);
#13516 = AXIS2_PLACEMENT_3D('',#13517,#13518,#13519);
#13517 = CARTESIAN_POINT('',(0.,0.,376.));
#13518 = DIRECTION('',(0.,0.,1.));
#13519 = DIRECTION('',(1.,0.,-0.));
#13520 = PCURVE('',#13473,#13521);
#13521 = DEFINITIONAL_REPRESENTATION('',(#13522),#13526);
#13522 = LINE('',#13523,#13524);
#13523 = CARTESIAN_POINT('',(0.,3.));
#13524 = VECTOR('',#13525,1.);
#13525 = DIRECTION('',(1.,0.));
#13526 = ( GEOMETRIC_REPRESENTATION_CONTEXT(2) 
PARAMETRIC_REPRESENTATION_CONTEXT() REPRESENTATION_CONTEXT('2D SPACE',''
  ) );
#13527 = PCURVE('',#13528,#13533);
#13528 = CONICAL_SURFACE('',#13529,14.,9.966865249116E-02);
#13529 = AXIS2_PLACEMENT_3D('',#13530,#13531,#13532);
#13530 = CARTESIAN_POINT('',(0.,0.,376.));
#13531 = DIRECTION('',(-0.,-0.,-1.));
#13532 = DIRECTION('',(1.,0.,-0.));
#13533 = DEFINITIONAL_REPRESENTATION('',(#13534),#13538);
#13534 = LINE('',#13535,#13536);
#13535 = CARTESIAN_POINT('',(-0.,-0.));
#13536 = VECTOR('',#13537,1.);
#13537 = DIRECTION('',(-1.,-0.));
#13538 = ( GEOMETRIC_REPRESENTATION_CONTEXT(2) 
PARAMETRIC_REPRESENTATION_CONTEXT() REPRESENTATION_CONTEXT('2D SPACE',''
  ) );
#13539 = ORIENTED_EDGE('',*,*,#13490,.F.);
#13540 = ADVANCED_FACE('',(#13541),#13528,.T.);
#13541 = FACE_BOUND('',#13542,.T.);
#13542 = EDGE_LOOP('',(#13543,#13544,#13567,#13594));
#13543 = ORIENTED_EDGE('',*,*,#13513,.T.);
#13544 = ORIENTED_EDGE('',*,*,#13545,.T.);
#13545 = EDGE_CURVE('',#13491,#13546,#13548,.T.);
#13546 = VERTEX_POINT('',#13547);
#13547 = CARTESIAN_POINT('',(13.7,0.,379.));
#13548 = SEAM_CURVE('',#13549,(#13553,#13560),.PCURVE_S1.);
#13549 = LINE('',#13550,#13551);
#13550 = CARTESIAN_POINT('',(14.,0.,376.));
#13551 = VECTOR('',#13552,1.);
#13552 = DIRECTION('',(-9.9503719021E-02,0.,0.99503719021));
#13553 = PCURVE('',#13528,#13554);
#13554 = DEFINITIONAL_REPRESENTATION('',(#13555),#13559);
#13555 = LINE('',#13556,#13557);
#13556 = CARTESIAN_POINT('',(-0.,-0.));
#13557 = VECTOR('',#13558,1.);
#13558 = DIRECTION('',(-0.,-1.));
#13559 = ( GEOMETRIC_REPRESENTATION_CONTEXT(2) 
PARAMETRIC_REPRESENTATION_CONTEXT() REPRESENTATION_CONTEXT('2D SPACE',''
  ) );
#13560 = PCURVE('',#13528,#13561);
#13561 = DEFINITIONAL_REPRESENTATION('',(#13562),#13566);
#13562 = LINE('',#13563,#13564);
#13563 = CARTESIAN_POINT('',(-6.28318530718,-0.));
#13564 = VECTOR('',#13565,1.);
#13565 = DIRECTION('',(-0.,-1.));
#13566 = ( GEOMETRIC_REPRESENTATION_CONTEXT(2) 
PARAMETRIC_REPRESENTATION_CONTEXT() REPRESENTATION_CONTEXT('2D SPACE',''
  ) );
#13567 = ORIENTED_EDGE('',*,*,#13568,.F.);
#13568 = EDGE_CURVE('',#13546,#13546,#13569,.T.);
#13569 = SURFACE_CURVE('',#13570,(#13575,#13582),.PCURVE_S1.);
#13570 = CIRCLE('',#13571,13.7);
#13571 = AXIS2_PLACEMENT_3D('',#13572,#13573,#13574);
#13572 = CARTESIAN_POINT('',(0.,0.,379.));
#13573 = DIRECTION('',(0.,0.,1.));
#13574 = DIRECTION('',(1.,0.,-0.));
#13575 = PCURVE('',#13528,#13576);
#13576 = DEFINITIONAL_REPRESENTATION('',(#13577),#13581);
#13577 = LINE('',#13578,#13579);
#13578 = CARTESIAN_POINT('',(-0.,-3.));
#13579 = VECTOR('',#13580,1.);
#13580 = DIRECTION('',(-1.,-0.));
#13581 = ( GEOMETRIC_REPRESENTATION_CONTEXT(2) 
PARAMETRIC_REPRESENTATION_CONTEXT() REPRESENTATION_CONTEXT('2D SPACE',''
  ) );
#13582 = PCURVE('',#13583,#13588);
#13583 = CONICAL_SURFACE('',#13584,13.7,9.966865249116E-02);
#13584 = AXIS2_PLACEMENT_3D('',#13585,#13586,#13587);
#13585 = CARTESIAN_POINT('',(0.,0.,379.));
#13586 = DIRECTION('',(0.,0.,1.));
#13587 = DIRECTION('',(1.,0.,-0.));
#13588 = DEFINITIONAL_REPRESENTATION('',(#13589),#13593);
#13589 = LINE('',#13590,#13591);
#13590 = CARTESIAN_POINT('',(0.,0.));
#13591 = VECTOR('',#13592,1.);
#13592 = DIRECTION('',(1.,0.));
#13593 = ( GEOMETRIC_REPRESENTATION_CONTEXT(2) 
PARAMETRIC_REPRESENTATION_CONTEXT() REPRESENTATION_CONTEXT('2D SPACE',''
  ) );
#13594 = ORIENTED_EDGE('',*,*,#13545,.F.);
#13595 = ADVANCED_FACE('',(#13596),#13583,.T.);
#13596 = FACE_BOUND('',#13597,.T.);
#13597 = EDGE_LOOP('',(#13598,#13599,#13622,#13649));
#13598 = ORIENTED_EDGE('',*,*,#13568,.T.);
#13599 = ORIENTED_EDGE('',*,*,#13600,.T.);
#13600 = EDGE_CURVE('',#13546,#13601,#13603,.T.);
#13601 = VERTEX_POINT('',#13602);
#13602 = CARTESIAN_POINT('',(14.,0.,382.));
#13603 = SEAM_CURVE('',#13604,(#13608,#13615),.PCURVE_S1.);
#13604 = LINE('',#13605,#13606);
#13605 = CARTESIAN_POINT('',(13.7,0.,379.));
#13606 = VECTOR('',#13607,1.);
#13607 = DIRECTION('',(9.9503719021E-02,0.,0.99503719021));
#13608 = PCURVE('',#13583,#13609);
#13609 = DEFINITIONAL_REPRESENTATION('',(#13610),#13614);
#13610 = LINE('',#13611,#13612);
#13611 = CARTESIAN_POINT('',(0.,0.));
#13612 = VECTOR('',#13613,1.);
#13613 = DIRECTION('',(0.,1.));
#13614 = ( GEOMETRIC_REPRESENTATION_CONTEXT(2) 
PARAMETRIC_REPRESENTATION_CONTEXT() REPRESENTATION_CONTEXT('2D SPACE',''
  ) );
#13615 = PCURVE('',#13583,#13616);
#13616 = DEFINITIONAL_REPRESENTATION('',(#13617),#13621);
#13617 = LINE('',#13618,#13619);
#13618 = CARTESIAN_POINT('',(6.28318530718,0.));
#13619 = VECTOR('',#13620,1.);
#13620 = DIRECTION('',(0.,1.));
#13621 = ( GEOMETRIC_REPRESENTATION_CONTEXT(2) 
PARAMETRIC_REPRESENTATION_CONTEXT() REPRESENTATION_CONTEXT('2D SPACE',''
  ) );
#13622 = ORIENTED_EDGE('',*,*,#13623,.F.);
#13623 = EDGE_CURVE('',#13601,#13601,#13624,.T.);
#13624 = SURFACE_CURVE('',#13625,(#13630,#13637),.PCURVE_S1.);
#13625 = CIRCLE('',#13626,14.);
#13626 = AXIS2_PLACEMENT_3D('',#13627,#13628,#13629);
#13627 = CARTESIAN_POINT('',(0.,0.,382.));
#13628 = DIRECTION('',(0.,0.,1.));
#13629 = DIRECTION('',(1.,0.,-0.));
#13630 = PCURVE('',#13583,#13631);
#13631 = DEFINITIONAL_REPRESENTATION('',(#13632),#13636);
#13632 = LINE('',#13633,#13634);
#13633 = CARTESIAN_POINT('',(0.,3.));
#13634 = VECTOR('',#13635,1.);
#13635 = DIRECTION('',(1.,0.));
#13636 = ( GEOMETRIC_REPRESENTATION_CONTEXT(2) 
PARAMETRIC_REPRESENTATION_CONTEXT() REPRESENTATION_CONTEXT('2D SPACE',''
  ) );
#13637 = PCURVE('',#13638,#13643);
#13638 = CONICAL_SURFACE('',#13639,14.,9.966865249116E-02);
#13639 = AXIS2_PLACEMENT_3D('',#13640,#13641,#13642);
#13640 = CARTESIAN_POINT('',(0.,0.,382.));
#13641 = DIRECTION('',(-0.,-0.,-1.));
#13642 = DIRECTION('',(1.,0.,-0.));
#13643 = DEFINITIONAL_REPRESENTATION('',(#13644),#13648);
#13644 = LINE('',#13645,#13646);
#13645 = CARTESIAN_POINT('',(-0.,-0.));
#13646 = VECTOR('',#13647,1.);
#13647 = DIRECTION('',(-1.,-0.));
#13648 = ( GEOMETRIC_REPRESENTATION_CONTEXT(2) 
PARAMETRIC_REPRESENTATION_CONTEXT() REPRESENTATION_CONTEXT('2D SPACE',''
  ) );
#13649 = ORIENTED_EDGE('',*,*,#13600,.F.);
#13650 = ADVANCED_FACE('',(#13651),#13638,.T.);
#13651 = FACE_BOUND('',#13652,.T.);
#13652 = EDGE_LOOP('',(#13653,#13654,#13677,#13704));
#13653 = ORIENTED_EDGE('',*,*,#13623,.T.);
#13654 = ORIENTED_EDGE('',*,*,#13655,.T.);
#13655 = EDGE_CURVE('',#13601,#13656,#13658,.T.);
#13656 = VERTEX_POINT('',#13657);
#13657 = CARTESIAN_POINT('',(13.7,0.,385.));
#13658 = SEAM_CURVE('',#13659,(#13663,#13670),.PCURVE_S1.);
#13659 = LINE('',#13660,#13661);
#13660 = CARTESIAN_POINT('',(14.,0.,382.));
#13661 = VECTOR('',#13662,1.);
#13662 = DIRECTION('',(-9.9503719021E-02,0.,0.99503719021));
#13663 = PCURVE('',#13638,#13664);
#13664 = DEFINITIONAL_REPRESENTATION('',(#13665),#13669);
#13665 = LINE('',#13666,#13667);
#13666 = CARTESIAN_POINT('',(-0.,-0.));
#13667 = VECTOR('',#13668,1.);
#13668 = DIRECTION('',(-0.,-1.));
#13669 = ( GEOMETRIC_REPRESENTATION_CONTEXT(2) 
PARAMETRIC_REPRESENTATION_CONTEXT() REPRESENTATION_CONTEXT('2D SPACE',''
  ) );
#13670 = PCURVE('',#13638,#13671);
#13671 = DEFINITIONAL_REPRESENTATION('',(#13672),#13676);
#13672 = LINE('',#13673,#13674);
#13673 = CARTESIAN_POINT('',(-6.28318530718,-0.));
#13674 = VECTOR('',#13675,1.);
#13675 = DIRECTION('',(-0.,-1.));
#13676 = ( GEOMETRIC_REPRESENTATION_CONTEXT(2) 
PARAMETRIC_REPRESENTATION_CONTEXT() REPRESENTATION_CONTEXT('2D SPACE',''
  ) );
#13677 = ORIENTED_EDGE('',*,*,#13678,.F.);
#13678 = EDGE_CURVE('',#13656,#13656,#13679,.T.);
#13679 = SURFACE_CURVE('',#13680,(#13685,#13692),.PCURVE_S1.);
#13680 = CIRCLE('',#13681,13.7);
#13681 = AXIS2_PLACEMENT_3D('',#13682,#13683,#13684);
#13682 = CARTESIAN_POINT('',(0.,0.,385.));
#13683 = DIRECTION('',(0.,0.,1.));
#13684 = DIRECTION('',(1.,0.,-0.));
#13685 = PCURVE('',#13638,#13686);
#13686 = DEFINITIONAL_REPRESENTATION('',(#13687),#13691);
#13687 = LINE('',#13688,#13689);
#13688 = CARTESIAN_POINT('',(-0.,-3.));
#13689 = VECTOR('',#13690,1.);
#13690 = DIRECTION('',(-1.,-0.));
#13691 = ( GEOMETRIC_REPRESENTATION_CONTEXT(2) 
PARAMETRIC_REPRESENTATION_CONTEXT() REPRESENTATION_CONTEXT('2D SPACE',''
  ) );
#13692 = PCURVE('',#13693,#13698);
#13693 = CONICAL_SURFACE('',#13694,13.7,9.966865249116E-02);
#13694 = AXIS2_PLACEMENT_3D('',#13695,#13696,#13697);
#13695 = CARTESIAN_POINT('',(0.,0.,385.));
#13696 = DIRECTION('',(0.,0.,1.));
#13697 = DIRECTION('',(1.,0.,-0.));
#13698 = DEFINITIONAL_REPRESENTATION('',(#13699),#13703);
#13699 = LINE('',#13700,#13701);
#13700 = CARTESIAN_POINT('',(0.,0.));
#13701 = VECTOR('',#13702,1.);
#13702 = DIRECTION('',(1.,0.));
#13703 = ( GEOMETRIC_REPRESENTATION_CONTEXT(2) 
PARAMETRIC_REPRESENTATION_CONTEXT() REPRESENTATION_CONTEXT('2D SPACE',''
  ) );
#13704 = ORIENTED_EDGE('',*,*,#13655,.F.);
#13705 = ADVANCED_FACE('',(#13706),#13693,.T.);
#13706 = FACE_BOUND('',#13707,.T.);
#13707 = EDGE_LOOP('',(#13708,#13709,#13732,#13759));
#13708 = ORIENTED_EDGE('',*,*,#13678,.T.);
#13709 = ORIENTED_EDGE('',*,*,#13710,.T.);
#13710 = EDGE_CURVE('',#13656,#13711,#13713,.T.);
#13711 = VERTEX_POINT('',#13712);
#13712 = CARTESIAN_POINT('',(14.,0.,388.));
#13713 = SEAM_CURVE('',#13714,(#13718,#13725),.PCURVE_S1.);
#13714 = LINE('',#13715,#13716);
#13715 = CARTESIAN_POINT('',(13.7,0.,385.));
#13716 = VECTOR('',#13717,1.);
#13717 = DIRECTION('',(9.9503719021E-02,0.,0.99503719021));
#13718 = PCURVE('',#13693,#13719);
#13719 = DEFINITIONAL_REPRESENTATION('',(#13720),#13724);
#13720 = LINE('',#13721,#13722);
#13721 = CARTESIAN_POINT('',(0.,0.));
#13722 = VECTOR('',#13723,1.);
#13723 = DIRECTION('',(0.,1.));
#13724 = ( GEOMETRIC_REPRESENTATION_CONTEXT(2) 
PARAMETRIC_REPRESENTATION_CONTEXT() REPRESENTATION_CONTEXT('2D SPACE',''
  ) );
#13725 = PCURVE('',#13693,#13726);
#13726 = DEFINITIONAL_REPRESENTATION('',(#13727),#13731);
#13727 = LINE('',#13728,#13729);
#13728 = CARTESIAN_POINT('',(6.28318530718,0.));
#13729 = VECTOR('',#13730,1.);
#13730 = DIRECTION('',(0.,1.));
#13731 = ( GEOMETRIC_REPRESENTATION_CONTEXT(2) 
PARAMETRIC_REPRESENTATION_CONTEXT() REPRESENTATION_CONTEXT('2D SPACE',''
  ) );
#13732 = ORIENTED_EDGE('',*,*,#13733,.F.);
#13733 = EDGE_CURVE('',#13711,#13711,#13734,.T.);
#13734 = SURFACE_CURVE('',#13735,(#13740,#13747),.PCURVE_S1.);
#13735 = CIRCLE('',#13736,14.);
#13736 = AXIS2_PLACEMENT_3D('',#13737,#13738,#13739);
#13737 = CARTESIAN_POINT('',(0.,0.,388.));
#13738 = DIRECTION('',(0.,0.,1.));
#13739 = DIRECTION('',(1.,0.,-0.));
#13740 = PCURVE('',#13693,#13741);
#13741 = DEFINITIONAL_REPRESENTATION('',(#13742),#13746);
#13742 = LINE('',#13743,#13744);
#13743 = CARTESIAN_POINT('',(0.,3.));
#13744 = VECTOR('',#13745,1.);
#13745 = DIRECTION('',(1.,0.));
#13746 = ( GEOMETRIC_REPRESENTATION_CONTEXT(2) 
PARAMETRIC_REPRESENTATION_CONTEXT() REPRESENTATION_CONTEXT('2D SPACE',''
  ) );
#13747 = PCURVE('',#13748,#13753);
#13748 = CONICAL_SURFACE('',#13749,14.,9.966865249116E-02);
#13749 = AXIS2_PLACEMENT_3D('',#13750,#13751,#13752);
#13750 = CARTESIAN_POINT('',(0.,0.,388.));
#13751 = DIRECTION('',(-0.,-0.,-1.));
#13752 = DIRECTION('',(1.,0.,-0.));
#13753 = DEFINITIONAL_REPRESENTATION('',(#13754),#13758);
#13754 = LINE('',#13755,#13756);
#13755 = CARTESIAN_POINT('',(-0.,-0.));
#13756 = VECTOR('',#13757,1.);
#13757 = DIRECTION('',(-1.,-0.));
#13758 = ( GEOMETRIC_REPRESENTATION_CONTEXT(2) 
PARAMETRIC_REPRESENTATION_CONTEXT() REPRESENTATION_CONTEXT('2D SPACE',''
  ) );
#13759 = ORIENTED_EDGE('',*,*,#13710,.F.);
#13760 = ADVANCED_FACE('',(#13761),#13748,.T.);
#13761 = FACE_BOUND('',#13762,.T.);
#13762 = EDGE_LOOP('',(#13763,#13764,#13787,#13814));
#13763 = ORIENTED_EDGE('',*,*,#13733,.T.);
#13764 = ORIENTED_EDGE('',*,*,#13765,.T.);
#13765 = EDGE_CURVE('',#13711,#13766,#13768,.T.);
#13766 = VERTEX_POINT('',#13767);
#13767 = CARTESIAN_POINT('',(13.7,0.,391.));
#13768 = SEAM_CURVE('',#13769,(#13773,#13780),.PCURVE_S1.);
#13769 = LINE('',#13770,#13771);
#13770 = CARTESIAN_POINT('',(14.,0.,388.));
#13771 = VECTOR('',#13772,1.);
#13772 = DIRECTION('',(-9.9503719021E-02,0.,0.99503719021));
#13773 = PCURVE('',#13748,#13774);
#13774 = DEFINITIONAL_REPRESENTATION('',(#13775),#13779);
#13775 = LINE('',#13776,#13777);
#13776 = CARTESIAN_POINT('',(-0.,-0.));
#13777 = VECTOR('',#13778,1.);
#13778 = DIRECTION('',(-0.,-1.));
#13779 = ( GEOMETRIC_REPRESENTATION_CONTEXT(2) 
PARAMETRIC_REPRESENTATION_CONTEXT() REPRESENTATION_CONTEXT('2D SPACE',''
  ) );
#13780 = PCURVE('',#13748,#13781);
#13781 = DEFINITIONAL_REPRESENTATION('',(#13782),#13786);
#13782 = LINE('',#13783,#13784);
#13783 = CARTESIAN_POINT('',(-6.28318530718,-0.));
#13784 = VECTOR('',#13785,1.);
#13785 = DIRECTION('',(-0.,-1.));
#13786 = ( GEOMETRIC_REPRESENTATION_CONTEXT(2) 
PARAMETRIC_REPRESENTATION_CONTEXT() REPRESENTATION_CONTEXT('2D SPACE',''
  ) );
#13787 = ORIENTED_EDGE('',*,*,#13788,.F.);
#13788 = EDGE_CURVE('',#13766,#13766,#13789,.T.);
#13789 = SURFACE_CURVE('',#13790,(#13795,#13802),.PCURVE_S1.);
#13790 = CIRCLE('',#13791,13.7);
#13791 = AXIS2_PLACEMENT_3D('',#13792,#13793,#13794);
#13792 = CARTESIAN_POINT('',(0.,0.,391.));
#13793 = DIRECTION('',(0.,0.,1.));
#13794 = DIRECTION('',(1.,0.,-0.));
#13795 = PCURVE('',#13748,#13796);
#13796 = DEFINITIONAL_REPRESENTATION('',(#13797),#13801);
#13797 = LINE('',#13798,#13799);
#13798 = CARTESIAN_POINT('',(-0.,-3.));
#13799 = VECTOR('',#13800,1.);
#13800 = DIRECTION('',(-1.,-0.));
#13801 = ( GEOMETRIC_REPRESENTATION_CONTEXT(2) 
PARAMETRIC_REPRESENTATION_CONTEXT() REPRESENTATION_CONTEXT('2D SPACE',''
  ) );
#13802 = PCURVE('',#13803,#13808);
#13803 = CONICAL_SURFACE('',#13804,13.7,9.966865249116E-02);
#13804 = AXIS2_PLACEMENT_3D('',#13805,#13806,#13807);
#13805 = CARTESIAN_POINT('',(0.,0.,391.));
#13806 = DIRECTION('',(0.,0.,1.));
#13807 = DIRECTION('',(1.,0.,-0.));
#13808 = DEFINITIONAL_REPRESENTATION('',(#13809),#13813);
#13809 = LINE('',#13810,#13811);
#13810 = CARTESIAN_POINT('',(0.,0.));
#13811 = VECTOR('',#13812,1.);
#13812 = DIRECTION('',(1.,0.));
#13813 = ( GEOMETRIC_REPRESENTATION_CONTEXT(2) 
PARAMETRIC_REPRESENTATION_CONTEXT() REPRESENTATION_CONTEXT('2D SPACE',''
  ) );
#13814 = ORIENTED_EDGE('',*,*,#13765,.F.);
#13815 = ADVANCED_FACE('',(#13816),#13803,.T.);
#13816 = FACE_BOUND('',#13817,.T.);
#13817 = EDGE_LOOP('',(#13818,#13819,#13842,#13869));
#13818 = ORIENTED_EDGE('',*,*,#13788,.T.);
#13819 = ORIENTED_EDGE('',*,*,#13820,.T.);
#13820 = EDGE_CURVE('',#13766,#13821,#13823,.T.);
#13821 = VERTEX_POINT('',#13822);
#13822 = CARTESIAN_POINT('',(14.,0.,394.));
#13823 = SEAM_CURVE('',#13824,(#13828,#13835),.PCURVE_S1.);
#13824 = LINE('',#13825,#13826);
#13825 = CARTESIAN_POINT('',(13.7,0.,391.));
#13826 = VECTOR('',#13827,1.);
#13827 = DIRECTION('',(9.9503719021E-02,0.,0.99503719021));
#13828 = PCURVE('',#13803,#13829);
#13829 = DEFINITIONAL_REPRESENTATION('',(#13830),#13834);
#13830 = LINE('',#13831,#13832);
#13831 = CARTESIAN_POINT('',(0.,0.));
#13832 = VECTOR('',#13833,1.);
#13833 = DIRECTION('',(0.,1.));
#13834 = ( GEOMETRIC_REPRESENTATION_CONTEXT(2) 
PARAMETRIC_REPRESENTATION_CONTEXT() REPRESENTATION_CONTEXT('2D SPACE',''
  ) );
#13835 = PCURVE('',#13803,#13836);
#13836 = DEFINITIONAL_REPRESENTATION('',(#13837),#13841);
#13837 = LINE('',#13838,#13839);
#13838 = CARTESIAN_POINT('',(6.28318530718,0.));
#13839 = VECTOR('',#13840,1.);
#13840 = DIRECTION('',(0.,1.));
#13841 = ( GEOMETRIC_REPRESENTATION_CONTEXT(2) 
PARAMETRIC_REPRESENTATION_CONTEXT() REPRESENTATION_CONTEXT('2D SPACE',''
  ) );
#13842 = ORIENTED_EDGE('',*,*,#13843,.F.);
#13843 = EDGE_CURVE('',#13821,#13821,#13844,.T.);
#13844 = SURFACE_CURVE('',#13845,(#13850,#13857),.PCURVE_S1.);
#13845 = CIRCLE('',#13846,14.);
#13846 = AXIS2_PLACEMENT_3D('',#13847,#13848,#13849);
#13847 = CARTESIAN_POINT('',(0.,0.,394.));
#13848 = DIRECTION('',(0.,0.,1.));
#13849 = DIRECTION('',(1.,0.,-0.));
#13850 = PCURVE('',#13803,#13851);
#13851 = DEFINITIONAL_REPRESENTATION('',(#13852),#13856);
#13852 = LINE('',#13853,#13854);
#13853 = CARTESIAN_POINT('',(0.,3.));
#13854 = VECTOR('',#13855,1.);
#13855 = DIRECTION('',(1.,0.));
#13856 = ( GEOMETRIC_REPRESENTATION_CONTEXT(2) 
PARAMETRIC_REPRESENTATION_CONTEXT() REPRESENTATION_CONTEXT('2D SPACE',''
  ) );
#13857 = PCURVE('',#13858,#13863);
#13858 = CONICAL_SURFACE('',#13859,14.,9.966865249116E-02);
#13859 = AXIS2_PLACEMENT_3D('',#13860,#13861,#13862);
#13860 = CARTESIAN_POINT('',(0.,0.,394.));
#13861 = DIRECTION('',(-0.,-0.,-1.));
#13862 = DIRECTION('',(1.,0.,-0.));
#13863 = DEFINITIONAL_REPRESENTATION('',(#13864),#13868);
#13864 = LINE('',#13865,#13866);
#13865 = CARTESIAN_POINT('',(-0.,-0.));
#13866 = VECTOR('',#13867,1.);
#13867 = DIRECTION('',(-1.,-0.));
#13868 = ( GEOMETRIC_REPRESENTATION_CONTEXT(2) 
PARAMETRIC_REPRESENTATION_CONTEXT() REPRESENTATION_CONTEXT('2D SPACE',''
  ) );
#13869 = ORIENTED_EDGE('',*,*,#13820,.F.);
#13870 = ADVANCED_FACE('',(#13871),#13858,.T.);
#13871 = FACE_BOUND('',#13872,.T.);
#13872 = EDGE_LOOP('',(#13873,#13874,#13897,#13924));
#13873 = ORIENTED_EDGE('',*,*,#13843,.T.);
#13874 = ORIENTED_EDGE('',*,*,#13875,.T.);
#13875 = EDGE_CURVE('',#13821,#13876,#13878,.T.);
#13876 = VERTEX_POINT('',#13877);
#13877 = CARTESIAN_POINT('',(13.7,0.,397.));
#13878 = SEAM_CURVE('',#13879,(#13883,#13890),.PCURVE_S1.);
#13879 = LINE('',#13880,#13881);
#13880 = CARTESIAN_POINT('',(14.,0.,394.));
#13881 = VECTOR('',#13882,1.);
#13882 = DIRECTION('',(-9.9503719021E-02,0.,0.99503719021));
#13883 = PCURVE('',#13858,#13884);
#13884 = DEFINITIONAL_REPRESENTATION('',(#13885),#13889);
#13885 = LINE('',#13886,#13887);
#13886 = CARTESIAN_POINT('',(-0.,-0.));
#13887 = VECTOR('',#13888,1.);
#13888 = DIRECTION('',(-0.,-1.));
#13889 = ( GEOMETRIC_REPRESENTATION_CONTEXT(2) 
PARAMETRIC_REPRESENTATION_CONTEXT() REPRESENTATION_CONTEXT('2D SPACE',''
  ) );
#13890 = PCURVE('',#13858,#13891);
#13891 = DEFINITIONAL_REPRESENTATION('',(#13892),#13896);
#13892 = LINE('',#13893,#13894);
#13893 = CARTESIAN_POINT('',(-6.28318530718,-0.));
#13894 = VECTOR('',#13895,1.);
#13895 = DIRECTION('',(-0.,-1.));
#13896 = ( GEOMETRIC_REPRESENTATION_CONTEXT(2) 
PARAMETRIC_REPRESENTATION_CONTEXT() REPRESENTATION_CONTEXT('2D SPACE',''
  ) );
#13897 = ORIENTED_EDGE('',*,*,#13898,.F.);
#13898 = EDGE_CURVE('',#13876,#13876,#13899,.T.);
#13899 = SURFACE_CURVE('',#13900,(#13905,#13912),.PCURVE_S1.);
#13900 = CIRCLE('',#13901,13.7);
#13901 = AXIS2_PLACEMENT_3D('',#13902,#13903,#13904);
#13902 = CARTESIAN_POINT('',(0.,0.,397.));
#13903 = DIRECTION('',(0.,0.,1.));
#13904 = DIRECTION('',(1.,0.,-0.));
#13905 = PCURVE('',#13858,#13906);
#13906 = DEFINITIONAL_REPRESENTATION('',(#13907),#13911);
#13907 = LINE('',#13908,#13909);
#13908 = CARTESIAN_POINT('',(-0.,-3.));
#13909 = VECTOR('',#13910,1.);
#13910 = DIRECTION('',(-1.,-0.));
#13911 = ( GEOMETRIC_REPRESENTATION_CONTEXT(2) 
PARAMETRIC_REPRESENTATION_CONTEXT() REPRESENTATION_CONTEXT('2D SPACE',''
  ) );
#13912 = PCURVE('',#13913,#13918);
#13913 = CONICAL_SURFACE('',#13914,13.7,9.966865249116E-02);
#13914 = AXIS2_PLACEMENT_3D('',#13915,#13916,#13917);
#13915 = CARTESIAN_POINT('',(0.,0.,397.));
#13916 = DIRECTION('',(0.,0.,1.));
#13917 = DIRECTION('',(1.,0.,-0.));
#13918 = DEFINITIONAL_REPRESENTATION('',(#13919),#13923);
#13919 = LINE('',#13920,#13921);
#13920 = CARTESIAN_POINT('',(0.,0.));
#13921 = VECTOR('',#13922,1.);
#13922 = DIRECTION('',(1.,0.));
#13923 = ( GEOMETRIC_REPRESENTATION_CONTEXT(2) 
PARAMETRIC_REPRESENTATION_CONTEXT() REPRESENTATION_CONTEXT('2D SPACE',''
  ) );
#13924 = ORIENTED_EDGE('',*,*,#13875,.F.);
#13925 = ADVANCED_FACE('',(#13926),#13913,.T.);
#13926 = FACE_BOUND('',#13927,.T.);
#13927 = EDGE_LOOP('',(#13928,#13929,#13952,#13979));
#13928 = ORIENTED_EDGE('',*,*,#13898,.T.);
#13929 = ORIENTED_EDGE('',*,*,#13930,.T.);
#13930 = EDGE_CURVE('',#13876,#13931,#13933,.T.);
#13931 = VERTEX_POINT('',#13932);
#13932 = CARTESIAN_POINT('',(14.,0.,400.));
#13933 = SEAM_CURVE('',#13934,(#13938,#13945),.PCURVE_S1.);
#13934 = LINE('',#13935,#13936);
#13935 = CARTESIAN_POINT('',(13.7,0.,397.));
#13936 = VECTOR('',#13937,1.);
#13937 = DIRECTION('',(9.9503719021E-02,0.,0.99503719021));
#13938 = PCURVE('',#13913,#13939);
#13939 = DEFINITIONAL_REPRESENTATION('',(#13940),#13944);
#13940 = LINE('',#13941,#13942);
#13941 = CARTESIAN_POINT('',(0.,0.));
#13942 = VECTOR('',#13943,1.);
#13943 = DIRECTION('',(0.,1.));
#13944 = ( GEOMETRIC_REPRESENTATION_CONTEXT(2) 
PARAMETRIC_REPRESENTATION_CONTEXT() REPRESENTATION_CONTEXT('2D SPACE',''
  ) );
#13945 = PCURVE('',#13913,#13946);
#13946 = DEFINITIONAL_REPRESENTATION('',(#13947),#13951);
#13947 = LINE('',#13948,#13949);
#13948 = CARTESIAN_POINT('',(6.28318530718,0.));
#13949 = VECTOR('',#13950,1.);
#13950 = DIRECTION('',(0.,1.));
#13951 = ( GEOMETRIC_REPRESENTATION_CONTEXT(2) 
PARAMETRIC_REPRESENTATION_CONTEXT() REPRESENTATION_CONTEXT('2D SPACE',''
  ) );
#13952 = ORIENTED_EDGE('',*,*,#13953,.F.);
#13953 = EDGE_CURVE('',#13931,#13931,#13954,.T.);
#13954 = SURFACE_CURVE('',#13955,(#13960,#13967),.PCURVE_S1.);
#13955 = CIRCLE('',#13956,14.);
#13956 = AXIS2_PLACEMENT_3D('',#13957,#13958,#13959);
#13957 = CARTESIAN_POINT('',(0.,0.,400.));
#13958 = DIRECTION('',(0.,0.,1.));
#13959 = DIRECTION('',(1.,0.,-0.));
#13960 = PCURVE('',#13913,#13961);
#13961 = DEFINITIONAL_REPRESENTATION('',(#13962),#13966);
#13962 = LINE('',#13963,#13964);
#13963 = CARTESIAN_POINT('',(0.,3.));
#13964 = VECTOR('',#13965,1.);
#13965 = DIRECTION('',(1.,0.));
#13966 = ( GEOMETRIC_REPRESENTATION_CONTEXT(2) 
PARAMETRIC_REPRESENTATION_CONTEXT() REPRESENTATION_CONTEXT('2D SPACE',''
  ) );
#13967 = PCURVE('',#13968,#13973);
#13968 = CONICAL_SURFACE('',#13969,14.,0.291456794478);
#13969 = AXIS2_PLACEMENT_3D('',#13970,#13971,#13972);
#13970 = CARTESIAN_POINT('',(0.,0.,400.));
#13971 = DIRECTION('',(-0.,-0.,-1.));
#13972 = DIRECTION('',(1.,0.,-0.));
#13973 = DEFINITIONAL_REPRESENTATION('',(#13974),#13978);
#13974 = LINE('',#13975,#13976);
#13975 = CARTESIAN_POINT('',(-0.,-0.));
#13976 = VECTOR('',#13977,1.);
#13977 = DIRECTION('',(-1.,-0.));
#13978 = ( GEOMETRIC_REPRESENTATION_CONTEXT(2) 
PARAMETRIC_REPRESENTATION_CONTEXT() REPRESENTATION_CONTEXT('2D SPACE',''
  ) );
#13979 = ORIENTED_EDGE('',*,*,#13930,.F.);
#13980 = ADVANCED_FACE('',(#13981),#13968,.T.);
#13981 = FACE_BOUND('',#13982,.T.);
#13982 = EDGE_LOOP('',(#13983,#13984,#14007,#14034));
#13983 = ORIENTED_EDGE('',*,*,#13953,.T.);
#13984 = ORIENTED_EDGE('',*,*,#13985,.T.);
#13985 = EDGE_CURVE('',#13931,#13986,#13988,.T.);
#13986 = VERTEX_POINT('',#13987);
#13987 = CARTESIAN_POINT('',(13.7,0.,401.));
#13988 = SEAM_CURVE('',#13989,(#13993,#14000),.PCURVE_S1.);
#13989 = LINE('',#13990,#13991);
#13990 = CARTESIAN_POINT('',(14.,0.,400.));
#13991 = VECTOR('',#13992,1.);
#13992 = DIRECTION('',(-0.287347885566,0.,0.957826285221));
#13993 = PCURVE('',#13968,#13994);
#13994 = DEFINITIONAL_REPRESENTATION('',(#13995),#13999);
#13995 = LINE('',#13996,#13997);
#13996 = CARTESIAN_POINT('',(-0.,-0.));
#13997 = VECTOR('',#13998,1.);
#13998 = DIRECTION('',(-0.,-1.));
#13999 = ( GEOMETRIC_REPRESENTATION_CONTEXT(2) 
PARAMETRIC_REPRESENTATION_CONTEXT() REPRESENTATION_CONTEXT('2D SPACE',''
  ) );
#14000 = PCURVE('',#13968,#14001);
#14001 = DEFINITIONAL_REPRESENTATION('',(#14002),#14006);
#14002 = LINE('',#14003,#14004);
#14003 = CARTESIAN_POINT('',(-6.28318530718,-0.));
#14004 = VECTOR('',#14005,1.);
#14005 = DIRECTION('',(-0.,-1.));
#14006 = ( GEOMETRIC_REPRESENTATION_CONTEXT(2) 
PARAMETRIC_REPRESENTATION_CONTEXT() REPRESENTATION_CONTEXT('2D SPACE',''
  ) );
#14007 = ORIENTED_EDGE('',*,*,#14008,.F.);
#14008 = EDGE_CURVE('',#13986,#13986,#14009,.T.);
#14009 = SURFACE_CURVE('',#14010,(#14015,#14022),.PCURVE_S1.);
#14010 = CIRCLE('',#14011,13.7);
#14011 = AXIS2_PLACEMENT_3D('',#14012,#14013,#14014);
#14012 = CARTESIAN_POINT('',(0.,0.,401.));
#14013 = DIRECTION('',(0.,0.,1.));
#14014 = DIRECTION('',(1.,0.,-0.));
#14015 = PCURVE('',#13968,#14016);
#14016 = DEFINITIONAL_REPRESENTATION('',(#14017),#14021);
#14017 = LINE('',#14018,#14019);
#14018 = CARTESIAN_POINT('',(-0.,-1.));
#14019 = VECTOR('',#14020,1.);
#14020 = DIRECTION('',(-1.,-0.));
#14021 = ( GEOMETRIC_REPRESENTATION_CONTEXT(2) 
PARAMETRIC_REPRESENTATION_CONTEXT() REPRESENTATION_CONTEXT('2D SPACE',''
  ) );
#14022 = PCURVE('',#14023,#14028);
#14023 = PLANE('',#14024);
#14024 = AXIS2_PLACEMENT_3D('',#14025,#14026,#14027);
#14025 = CARTESIAN_POINT('',(0.,0.,401.));
#14026 = DIRECTION('',(0.,0.,1.));
#14027 = DIRECTION('',(1.,0.,-0.));
#14028 = DEFINITIONAL_REPRESENTATION('',(#14029),#14033);
#14029 = CIRCLE('',#14030,13.7);
#14030 = AXIS2_PLACEMENT_2D('',#14031,#14032);
#14031 = CARTESIAN_POINT('',(0.,0.));
#14032 = DIRECTION('',(1.,-0.));
#14033 = ( GEOMETRIC_REPRESENTATION_CONTEXT(2) 
PARAMETRIC_REPRESENTATION_CONTEXT() REPRESENTATION_CONTEXT('2D SPACE',''
  ) );
#14034 = ORIENTED_EDGE('',*,*,#13985,.F.);
#14035 = ADVANCED_FACE('',(#14036,#14067),#14023,.F.);
#14036 = FACE_BOUND('',#14037,.T.);
#14037 = EDGE_LOOP('',(#14038));
#14038 = ORIENTED_EDGE('',*,*,#14039,.F.);
#14039 = EDGE_CURVE('',#14040,#14040,#14042,.T.);
#14040 = VERTEX_POINT('',#14041);
#14041 = CARTESIAN_POINT('',(14.,-3.429011037613E-15,401.));
#14042 = SURFACE_CURVE('',#14043,(#14048,#14055),.PCURVE_S1.);
#14043 = CIRCLE('',#14044,14.);
#14044 = AXIS2_PLACEMENT_3D('',#14045,#14046,#14047);
#14045 = CARTESIAN_POINT('',(0.,0.,401.));
#14046 = DIRECTION('',(0.,0.,1.));
#14047 = DIRECTION('',(1.,0.,-0.));
#14048 = PCURVE('',#14023,#14049);
#14049 = DEFINITIONAL_REPRESENTATION('',(#14050),#14054);
#14050 = CIRCLE('',#14051,14.);
#14051 = AXIS2_PLACEMENT_2D('',#14052,#14053);
#14052 = CARTESIAN_POINT('',(0.,0.));
#14053 = DIRECTION('',(1.,-0.));
#14054 = ( GEOMETRIC_REPRESENTATION_CONTEXT(2) 
PARAMETRIC_REPRESENTATION_CONTEXT() REPRESENTATION_CONTEXT('2D SPACE',''
  ) );
#14055 = PCURVE('',#14056,#14061);
#14056 = CYLINDRICAL_SURFACE('',#14057,14.);
#14057 = AXIS2_PLACEMENT_3D('',#14058,#14059,#14060);
#14058 = CARTESIAN_POINT('',(0.,0.,-655.));
#14059 = DIRECTION('',(0.,0.,1.));
#14060 = DIRECTION('',(1.,0.,0.));
#14061 = DEFINITIONAL_REPRESENTATION('',(#14062),#14066);
#14062 = LINE('',#14063,#14064);
#14063 = CARTESIAN_POINT('',(0.,1.056E+03));
#14064 = VECTOR('',#14065,1.);
#14065 = DIRECTION('',(1.,0.));
#14066 = ( GEOMETRIC_REPRESENTATION_CONTEXT(2) 
PARAMETRIC_REPRESENTATION_CONTEXT() REPRESENTATION_CONTEXT('2D SPACE',''
  ) );
#14067 = FACE_BOUND('',#14068,.T.);
#14068 = EDGE_LOOP('',(#14069));
#14069 = ORIENTED_EDGE('',*,*,#14008,.T.);
#14070 = ADVANCED_FACE('',(#14071),#14056,.T.);
#14071 = FACE_BOUND('',#14072,.T.);
#14072 = EDGE_LOOP('',(#14073,#14096,#14097,#14098));
#14073 = ORIENTED_EDGE('',*,*,#14074,.F.);
#14074 = EDGE_CURVE('',#14040,#14075,#14077,.T.);
#14075 = VERTEX_POINT('',#14076);
#14076 = CARTESIAN_POINT('',(14.,0.,409.));
#14077 = SEAM_CURVE('',#14078,(#14082,#14089),.PCURVE_S1.);
#14078 = LINE('',#14079,#14080);
#14079 = CARTESIAN_POINT('',(14.,-3.429011037613E-15,-655.));
#14080 = VECTOR('',#14081,1.);
#14081 = DIRECTION('',(0.,0.,1.));
#14082 = PCURVE('',#14056,#14083);
#14083 = DEFINITIONAL_REPRESENTATION('',(#14084),#14088);
#14084 = LINE('',#14085,#14086);
#14085 = CARTESIAN_POINT('',(0.,-0.));
#14086 = VECTOR('',#14087,1.);
#14087 = DIRECTION('',(0.,1.));
#14088 = ( GEOMETRIC_REPRESENTATION_CONTEXT(2) 
PARAMETRIC_REPRESENTATION_CONTEXT() REPRESENTATION_CONTEXT('2D SPACE',''
  ) );
#14089 = PCURVE('',#14056,#14090);
#14090 = DEFINITIONAL_REPRESENTATION('',(#14091),#14095);
#14091 = LINE('',#14092,#14093);
#14092 = CARTESIAN_POINT('',(6.28318530718,-0.));
#14093 = VECTOR('',#14094,1.);
#14094 = DIRECTION('',(0.,1.));
#14095 = ( GEOMETRIC_REPRESENTATION_CONTEXT(2) 
PARAMETRIC_REPRESENTATION_CONTEXT() REPRESENTATION_CONTEXT('2D SPACE',''
  ) );
#14096 = ORIENTED_EDGE('',*,*,#14039,.T.);
#14097 = ORIENTED_EDGE('',*,*,#14074,.T.);
#14098 = ORIENTED_EDGE('',*,*,#14099,.F.);
#14099 = EDGE_CURVE('',#14075,#14075,#14100,.T.);
#14100 = SURFACE_CURVE('',#14101,(#14106,#14113),.PCURVE_S1.);
#14101 = CIRCLE('',#14102,14.);
#14102 = AXIS2_PLACEMENT_3D('',#14103,#14104,#14105);
#14103 = CARTESIAN_POINT('',(0.,0.,409.));
#14104 = DIRECTION('',(0.,0.,1.));
#14105 = DIRECTION('',(1.,0.,-0.));
#14106 = PCURVE('',#14056,#14107);
#14107 = DEFINITIONAL_REPRESENTATION('',(#14108),#14112);
#14108 = LINE('',#14109,#14110);
#14109 = CARTESIAN_POINT('',(0.,1.064E+03));
#14110 = VECTOR('',#14111,1.);
#14111 = DIRECTION('',(1.,0.));
#14112 = ( GEOMETRIC_REPRESENTATION_CONTEXT(2) 
PARAMETRIC_REPRESENTATION_CONTEXT() REPRESENTATION_CONTEXT('2D SPACE',''
  ) );
#14113 = PCURVE('',#14114,#14119);
#14114 = CONICAL_SURFACE('',#14115,14.,9.966865249116E-02);
#14115 = AXIS2_PLACEMENT_3D('',#14116,#14117,#14118);
#14116 = CARTESIAN_POINT('',(0.,0.,409.));
#14117 = DIRECTION('',(-0.,-0.,-1.));
#14118 = DIRECTION('',(1.,0.,-0.));
#14119 = DEFINITIONAL_REPRESENTATION('',(#14120),#14124);
#14120 = LINE('',#14121,#14122);
#14121 = CARTESIAN_POINT('',(-0.,-0.));
#14122 = VECTOR('',#14123,1.);
#14123 = DIRECTION('',(-1.,-0.));
#14124 = ( GEOMETRIC_REPRESENTATION_CONTEXT(2) 
PARAMETRIC_REPRESENTATION_CONTEXT() REPRESENTATION_CONTEXT('2D SPACE',''
  ) );
#14125 = ADVANCED_FACE('',(#14126),#14114,.T.);
#14126 = FACE_BOUND('',#14127,.T.);
#14127 = EDGE_LOOP('',(#14128,#14129,#14152,#14179));
#14128 = ORIENTED_EDGE('',*,*,#14099,.T.);
#14129 = ORIENTED_EDGE('',*,*,#14130,.T.);
#14130 = EDGE_CURVE('',#14075,#14131,#14133,.T.);
#14131 = VERTEX_POINT('',#14132);
#14132 = CARTESIAN_POINT('',(13.7,0.,412.));
#14133 = SEAM_CURVE('',#14134,(#14138,#14145),.PCURVE_S1.);
#14134 = LINE('',#14135,#14136);
#14135 = CARTESIAN_POINT('',(14.,0.,409.));
#14136 = VECTOR('',#14137,1.);
#14137 = DIRECTION('',(-9.9503719021E-02,0.,0.99503719021));
#14138 = PCURVE('',#14114,#14139);
#14139 = DEFINITIONAL_REPRESENTATION('',(#14140),#14144);
#14140 = LINE('',#14141,#14142);
#14141 = CARTESIAN_POINT('',(-0.,-0.));
#14142 = VECTOR('',#14143,1.);
#14143 = DIRECTION('',(-0.,-1.));
#14144 = ( GEOMETRIC_REPRESENTATION_CONTEXT(2) 
PARAMETRIC_REPRESENTATION_CONTEXT() REPRESENTATION_CONTEXT('2D SPACE',''
  ) );
#14145 = PCURVE('',#14114,#14146);
#14146 = DEFINITIONAL_REPRESENTATION('',(#14147),#14151);
#14147 = LINE('',#14148,#14149);
#14148 = CARTESIAN_POINT('',(-6.28318530718,-0.));
#14149 = VECTOR('',#14150,1.);
#14150 = DIRECTION('',(-0.,-1.));
#14151 = ( GEOMETRIC_REPRESENTATION_CONTEXT(2) 
PARAMETRIC_REPRESENTATION_CONTEXT() REPRESENTATION_CONTEXT('2D SPACE',''
  ) );
#14152 = ORIENTED_EDGE('',*,*,#14153,.F.);
#14153 = EDGE_CURVE('',#14131,#14131,#14154,.T.);
#14154 = SURFACE_CURVE('',#14155,(#14160,#14167),.PCURVE_S1.);
#14155 = CIRCLE('',#14156,13.7);
#14156 = AXIS2_PLACEMENT_3D('',#14157,#14158,#14159);
#14157 = CARTESIAN_POINT('',(0.,0.,412.));
#14158 = DIRECTION('',(0.,0.,1.));
#14159 = DIRECTION('',(1.,0.,-0.));
#14160 = PCURVE('',#14114,#14161);
#14161 = DEFINITIONAL_REPRESENTATION('',(#14162),#14166);
#14162 = LINE('',#14163,#14164);
#14163 = CARTESIAN_POINT('',(-0.,-3.));
#14164 = VECTOR('',#14165,1.);
#14165 = DIRECTION('',(-1.,-0.));
#14166 = ( GEOMETRIC_REPRESENTATION_CONTEXT(2) 
PARAMETRIC_REPRESENTATION_CONTEXT() REPRESENTATION_CONTEXT('2D SPACE',''
  ) );
#14167 = PCURVE('',#14168,#14173);
#14168 = CONICAL_SURFACE('',#14169,13.7,9.966865249116E-02);
#14169 = AXIS2_PLACEMENT_3D('',#14170,#14171,#14172);
#14170 = CARTESIAN_POINT('',(0.,0.,412.));
#14171 = DIRECTION('',(0.,0.,1.));
#14172 = DIRECTION('',(1.,0.,-0.));
#14173 = DEFINITIONAL_REPRESENTATION('',(#14174),#14178);
#14174 = LINE('',#14175,#14176);
#14175 = CARTESIAN_POINT('',(0.,0.));
#14176 = VECTOR('',#14177,1.);
#14177 = DIRECTION('',(1.,0.));
#14178 = ( GEOMETRIC_REPRESENTATION_CONTEXT(2) 
PARAMETRIC_REPRESENTATION_CONTEXT() REPRESENTATION_CONTEXT('2D SPACE',''
  ) );
#14179 = ORIENTED_EDGE('',*,*,#14130,.F.);
#14180 = ADVANCED_FACE('',(#14181),#14168,.T.);
#14181 = FACE_BOUND('',#14182,.T.);
#14182 = EDGE_LOOP('',(#14183,#14184,#14207,#14234));
#14183 = ORIENTED_EDGE('',*,*,#14153,.T.);
#14184 = ORIENTED_EDGE('',*,*,#14185,.T.);
#14185 = EDGE_CURVE('',#14131,#14186,#14188,.T.);
#14186 = VERTEX_POINT('',#14187);
#14187 = CARTESIAN_POINT('',(14.,0.,415.));
#14188 = SEAM_CURVE('',#14189,(#14193,#14200),.PCURVE_S1.);
#14189 = LINE('',#14190,#14191);
#14190 = CARTESIAN_POINT('',(13.7,0.,412.));
#14191 = VECTOR('',#14192,1.);
#14192 = DIRECTION('',(9.9503719021E-02,0.,0.99503719021));
#14193 = PCURVE('',#14168,#14194);
#14194 = DEFINITIONAL_REPRESENTATION('',(#14195),#14199);
#14195 = LINE('',#14196,#14197);
#14196 = CARTESIAN_POINT('',(0.,0.));
#14197 = VECTOR('',#14198,1.);
#14198 = DIRECTION('',(0.,1.));
#14199 = ( GEOMETRIC_REPRESENTATION_CONTEXT(2) 
PARAMETRIC_REPRESENTATION_CONTEXT() REPRESENTATION_CONTEXT('2D SPACE',''
  ) );
#14200 = PCURVE('',#14168,#14201);
#14201 = DEFINITIONAL_REPRESENTATION('',(#14202),#14206);
#14202 = LINE('',#14203,#14204);
#14203 = CARTESIAN_POINT('',(6.28318530718,0.));
#14204 = VECTOR('',#14205,1.);
#14205 = DIRECTION('',(0.,1.));
#14206 = ( GEOMETRIC_REPRESENTATION_CONTEXT(2) 
PARAMETRIC_REPRESENTATION_CONTEXT() REPRESENTATION_CONTEXT('2D SPACE',''
  ) );
#14207 = ORIENTED_EDGE('',*,*,#14208,.F.);
#14208 = EDGE_CURVE('',#14186,#14186,#14209,.T.);
#14209 = SURFACE_CURVE('',#14210,(#14215,#14222),.PCURVE_S1.);
#14210 = CIRCLE('',#14211,14.);
#14211 = AXIS2_PLACEMENT_3D('',#14212,#14213,#14214);
#14212 = CARTESIAN_POINT('',(0.,0.,415.));
#14213 = DIRECTION('',(0.,0.,1.));
#14214 = DIRECTION('',(1.,0.,-0.));
#14215 = PCURVE('',#14168,#14216);
#14216 = DEFINITIONAL_REPRESENTATION('',(#14217),#14221);
#14217 = LINE('',#14218,#14219);
#14218 = CARTESIAN_POINT('',(0.,3.));
#14219 = VECTOR('',#14220,1.);
#14220 = DIRECTION('',(1.,0.));
#14221 = ( GEOMETRIC_REPRESENTATION_CONTEXT(2) 
PARAMETRIC_REPRESENTATION_CONTEXT() REPRESENTATION_CONTEXT('2D SPACE',''
  ) );
#14222 = PCURVE('',#14223,#14228);
#14223 = CONICAL_SURFACE('',#14224,14.,9.966865249116E-02);
#14224 = AXIS2_PLACEMENT_3D('',#14225,#14226,#14227);
#14225 = CARTESIAN_POINT('',(0.,0.,415.));
#14226 = DIRECTION('',(-0.,-0.,-1.));
#14227 = DIRECTION('',(1.,0.,-0.));
#14228 = DEFINITIONAL_REPRESENTATION('',(#14229),#14233);
#14229 = LINE('',#14230,#14231);
#14230 = CARTESIAN_POINT('',(-0.,-0.));
#14231 = VECTOR('',#14232,1.);
#14232 = DIRECTION('',(-1.,-0.));
#14233 = ( GEOMETRIC_REPRESENTATION_CONTEXT(2) 
PARAMETRIC_REPRESENTATION_CONTEXT() REPRESENTATION_CONTEXT('2D SPACE',''
  ) );
#14234 = ORIENTED_EDGE('',*,*,#14185,.F.);
#14235 = ADVANCED_FACE('',(#14236),#14223,.T.);
#14236 = FACE_BOUND('',#14237,.T.);
#14237 = EDGE_LOOP('',(#14238,#14239,#14262,#14289));
#14238 = ORIENTED_EDGE('',*,*,#14208,.T.);
#14239 = ORIENTED_EDGE('',*,*,#14240,.T.);
#14240 = EDGE_CURVE('',#14186,#14241,#14243,.T.);
#14241 = VERTEX_POINT('',#14242);
#14242 = CARTESIAN_POINT('',(13.7,0.,418.));
#14243 = SEAM_CURVE('',#14244,(#14248,#14255),.PCURVE_S1.);
#14244 = LINE('',#14245,#14246);
#14245 = CARTESIAN_POINT('',(14.,0.,415.));
#14246 = VECTOR('',#14247,1.);
#14247 = DIRECTION('',(-9.9503719021E-02,0.,0.99503719021));
#14248 = PCURVE('',#14223,#14249);
#14249 = DEFINITIONAL_REPRESENTATION('',(#14250),#14254);
#14250 = LINE('',#14251,#14252);
#14251 = CARTESIAN_POINT('',(-0.,-0.));
#14252 = VECTOR('',#14253,1.);
#14253 = DIRECTION('',(-0.,-1.));
#14254 = ( GEOMETRIC_REPRESENTATION_CONTEXT(2) 
PARAMETRIC_REPRESENTATION_CONTEXT() REPRESENTATION_CONTEXT('2D SPACE',''
  ) );
#14255 = PCURVE('',#14223,#14256);
#14256 = DEFINITIONAL_REPRESENTATION('',(#14257),#14261);
#14257 = LINE('',#14258,#14259);
#14258 = CARTESIAN_POINT('',(-6.28318530718,-0.));
#14259 = VECTOR('',#14260,1.);
#14260 = DIRECTION('',(-0.,-1.));
#14261 = ( GEOMETRIC_REPRESENTATION_CONTEXT(2) 
PARAMETRIC_REPRESENTATION_CONTEXT() REPRESENTATION_CONTEXT('2D SPACE',''
  ) );
#14262 = ORIENTED_EDGE('',*,*,#14263,.F.);
#14263 = EDGE_CURVE('',#14241,#14241,#14264,.T.);
#14264 = SURFACE_CURVE('',#14265,(#14270,#14277),.PCURVE_S1.);
#14265 = CIRCLE('',#14266,13.7);
#14266 = AXIS2_PLACEMENT_3D('',#14267,#14268,#14269);
#14267 = CARTESIAN_POINT('',(0.,0.,418.));
#14268 = DIRECTION('',(0.,0.,1.));
#14269 = DIRECTION('',(1.,0.,-0.));
#14270 = PCURVE('',#14223,#14271);
#14271 = DEFINITIONAL_REPRESENTATION('',(#14272),#14276);
#14272 = LINE('',#14273,#14274);
#14273 = CARTESIAN_POINT('',(-0.,-3.));
#14274 = VECTOR('',#14275,1.);
#14275 = DIRECTION('',(-1.,-0.));
#14276 = ( GEOMETRIC_REPRESENTATION_CONTEXT(2) 
PARAMETRIC_REPRESENTATION_CONTEXT() REPRESENTATION_CONTEXT('2D SPACE',''
  ) );
#14277 = PCURVE('',#14278,#14283);
#14278 = CONICAL_SURFACE('',#14279,13.7,9.966865249116E-02);
#14279 = AXIS2_PLACEMENT_3D('',#14280,#14281,#14282);
#14280 = CARTESIAN_POINT('',(0.,0.,418.));
#14281 = DIRECTION('',(0.,0.,1.));
#14282 = DIRECTION('',(1.,0.,-0.));
#14283 = DEFINITIONAL_REPRESENTATION('',(#14284),#14288);
#14284 = LINE('',#14285,#14286);
#14285 = CARTESIAN_POINT('',(0.,0.));
#14286 = VECTOR('',#14287,1.);
#14287 = DIRECTION('',(1.,0.));
#14288 = ( GEOMETRIC_REPRESENTATION_CONTEXT(2) 
PARAMETRIC_REPRESENTATION_CONTEXT() REPRESENTATION_CONTEXT('2D SPACE',''
  ) );
#14289 = ORIENTED_EDGE('',*,*,#14240,.F.);
#14290 = ADVANCED_FACE('',(#14291),#14278,.T.);
#14291 = FACE_BOUND('',#14292,.T.);
#14292 = EDGE_LOOP('',(#14293,#14294,#14317,#14344));
#14293 = ORIENTED_EDGE('',*,*,#14263,.T.);
#14294 = ORIENTED_EDGE('',*,*,#14295,.T.);
#14295 = EDGE_CURVE('',#14241,#14296,#14298,.T.);
#14296 = VERTEX_POINT('',#14297);
#14297 = CARTESIAN_POINT('',(14.,0.,421.));
#14298 = SEAM_CURVE('',#14299,(#14303,#14310),.PCURVE_S1.);
#14299 = LINE('',#14300,#14301);
#14300 = CARTESIAN_POINT('',(13.7,0.,418.));
#14301 = VECTOR('',#14302,1.);
#14302 = DIRECTION('',(9.9503719021E-02,0.,0.99503719021));
#14303 = PCURVE('',#14278,#14304);
#14304 = DEFINITIONAL_REPRESENTATION('',(#14305),#14309);
#14305 = LINE('',#14306,#14307);
#14306 = CARTESIAN_POINT('',(0.,0.));
#14307 = VECTOR('',#14308,1.);
#14308 = DIRECTION('',(0.,1.));
#14309 = ( GEOMETRIC_REPRESENTATION_CONTEXT(2) 
PARAMETRIC_REPRESENTATION_CONTEXT() REPRESENTATION_CONTEXT('2D SPACE',''
  ) );
#14310 = PCURVE('',#14278,#14311);
#14311 = DEFINITIONAL_REPRESENTATION('',(#14312),#14316);
#14312 = LINE('',#14313,#14314);
#14313 = CARTESIAN_POINT('',(6.28318530718,0.));
#14314 = VECTOR('',#14315,1.);
#14315 = DIRECTION('',(0.,1.));
#14316 = ( GEOMETRIC_REPRESENTATION_CONTEXT(2) 
PARAMETRIC_REPRESENTATION_CONTEXT() REPRESENTATION_CONTEXT('2D SPACE',''
  ) );
#14317 = ORIENTED_EDGE('',*,*,#14318,.F.);
#14318 = EDGE_CURVE('',#14296,#14296,#14319,.T.);
#14319 = SURFACE_CURVE('',#14320,(#14325,#14332),.PCURVE_S1.);
#14320 = CIRCLE('',#14321,14.);
#14321 = AXIS2_PLACEMENT_3D('',#14322,#14323,#14324);
#14322 = CARTESIAN_POINT('',(0.,0.,421.));
#14323 = DIRECTION('',(0.,0.,1.));
#14324 = DIRECTION('',(1.,0.,-0.));
#14325 = PCURVE('',#14278,#14326);
#14326 = DEFINITIONAL_REPRESENTATION('',(#14327),#14331);
#14327 = LINE('',#14328,#14329);
#14328 = CARTESIAN_POINT('',(0.,3.));
#14329 = VECTOR('',#14330,1.);
#14330 = DIRECTION('',(1.,0.));
#14331 = ( GEOMETRIC_REPRESENTATION_CONTEXT(2) 
PARAMETRIC_REPRESENTATION_CONTEXT() REPRESENTATION_CONTEXT('2D SPACE',''
  ) );
#14332 = PCURVE('',#14333,#14338);
#14333 = CONICAL_SURFACE('',#14334,14.,9.966865249116E-02);
#14334 = AXIS2_PLACEMENT_3D('',#14335,#14336,#14337);
#14335 = CARTESIAN_POINT('',(0.,0.,421.));
#14336 = DIRECTION('',(-0.,-0.,-1.));
#14337 = DIRECTION('',(1.,0.,-0.));
#14338 = DEFINITIONAL_REPRESENTATION('',(#14339),#14343);
#14339 = LINE('',#14340,#14341);
#14340 = CARTESIAN_POINT('',(-0.,-0.));
#14341 = VECTOR('',#14342,1.);
#14342 = DIRECTION('',(-1.,-0.));
#14343 = ( GEOMETRIC_REPRESENTATION_CONTEXT(2) 
PARAMETRIC_REPRESENTATION_CONTEXT() REPRESENTATION_CONTEXT('2D SPACE',''
  ) );
#14344 = ORIENTED_EDGE('',*,*,#14295,.F.);
#14345 = ADVANCED_FACE('',(#14346),#14333,.T.);
#14346 = FACE_BOUND('',#14347,.T.);
#14347 = EDGE_LOOP('',(#14348,#14349,#14372,#14399));
#14348 = ORIENTED_EDGE('',*,*,#14318,.T.);
#14349 = ORIENTED_EDGE('',*,*,#14350,.T.);
#14350 = EDGE_CURVE('',#14296,#14351,#14353,.T.);
#14351 = VERTEX_POINT('',#14352);
#14352 = CARTESIAN_POINT('',(13.7,0.,424.));
#14353 = SEAM_CURVE('',#14354,(#14358,#14365),.PCURVE_S1.);
#14354 = LINE('',#14355,#14356);
#14355 = CARTESIAN_POINT('',(14.,0.,421.));
#14356 = VECTOR('',#14357,1.);
#14357 = DIRECTION('',(-9.9503719021E-02,0.,0.99503719021));
#14358 = PCURVE('',#14333,#14359);
#14359 = DEFINITIONAL_REPRESENTATION('',(#14360),#14364);
#14360 = LINE('',#14361,#14362);
#14361 = CARTESIAN_POINT('',(-0.,-0.));
#14362 = VECTOR('',#14363,1.);
#14363 = DIRECTION('',(-0.,-1.));
#14364 = ( GEOMETRIC_REPRESENTATION_CONTEXT(2) 
PARAMETRIC_REPRESENTATION_CONTEXT() REPRESENTATION_CONTEXT('2D SPACE',''
  ) );
#14365 = PCURVE('',#14333,#14366);
#14366 = DEFINITIONAL_REPRESENTATION('',(#14367),#14371);
#14367 = LINE('',#14368,#14369);
#14368 = CARTESIAN_POINT('',(-6.28318530718,-0.));
#14369 = VECTOR('',#14370,1.);
#14370 = DIRECTION('',(-0.,-1.));
#14371 = ( GEOMETRIC_REPRESENTATION_CONTEXT(2) 
PARAMETRIC_REPRESENTATION_CONTEXT() REPRESENTATION_CONTEXT('2D SPACE',''
  ) );
#14372 = ORIENTED_EDGE('',*,*,#14373,.F.);
#14373 = EDGE_CURVE('',#14351,#14351,#14374,.T.);
#14374 = SURFACE_CURVE('',#14375,(#14380,#14387),.PCURVE_S1.);
#14375 = CIRCLE('',#14376,13.7);
#14376 = AXIS2_PLACEMENT_3D('',#14377,#14378,#14379);
#14377 = CARTESIAN_POINT('',(0.,0.,424.));
#14378 = DIRECTION('',(0.,0.,1.));
#14379 = DIRECTION('',(1.,0.,-0.));
#14380 = PCURVE('',#14333,#14381);
#14381 = DEFINITIONAL_REPRESENTATION('',(#14382),#14386);
#14382 = LINE('',#14383,#14384);
#14383 = CARTESIAN_POINT('',(-0.,-3.));
#14384 = VECTOR('',#14385,1.);
#14385 = DIRECTION('',(-1.,-0.));
#14386 = ( GEOMETRIC_REPRESENTATION_CONTEXT(2) 
PARAMETRIC_REPRESENTATION_CONTEXT() REPRESENTATION_CONTEXT('2D SPACE',''
  ) );
#14387 = PCURVE('',#14388,#14393);
#14388 = CONICAL_SURFACE('',#14389,13.7,9.966865249116E-02);
#14389 = AXIS2_PLACEMENT_3D('',#14390,#14391,#14392);
#14390 = CARTESIAN_POINT('',(0.,0.,424.));
#14391 = DIRECTION('',(0.,0.,1.));
#14392 = DIRECTION('',(1.,0.,-0.));
#14393 = DEFINITIONAL_REPRESENTATION('',(#14394),#14398);
#14394 = LINE('',#14395,#14396);
#14395 = CARTESIAN_POINT('',(0.,0.));
#14396 = VECTOR('',#14397,1.);
#14397 = DIRECTION('',(1.,0.));
#14398 = ( GEOMETRIC_REPRESENTATION_CONTEXT(2) 
PARAMETRIC_REPRESENTATION_CONTEXT() REPRESENTATION_CONTEXT('2D SPACE',''
  ) );
#14399 = ORIENTED_EDGE('',*,*,#14350,.F.);
#14400 = ADVANCED_FACE('',(#14401),#14388,.T.);
#14401 = FACE_BOUND('',#14402,.T.);
#14402 = EDGE_LOOP('',(#14403,#14404,#14427,#14454));
#14403 = ORIENTED_EDGE('',*,*,#14373,.T.);
#14404 = ORIENTED_EDGE('',*,*,#14405,.T.);
#14405 = EDGE_CURVE('',#14351,#14406,#14408,.T.);
#14406 = VERTEX_POINT('',#14407);
#14407 = CARTESIAN_POINT('',(14.,0.,427.));
#14408 = SEAM_CURVE('',#14409,(#14413,#14420),.PCURVE_S1.);
#14409 = LINE('',#14410,#14411);
#14410 = CARTESIAN_POINT('',(13.7,0.,424.));
#14411 = VECTOR('',#14412,1.);
#14412 = DIRECTION('',(9.9503719021E-02,0.,0.99503719021));
#14413 = PCURVE('',#14388,#14414);
#14414 = DEFINITIONAL_REPRESENTATION('',(#14415),#14419);
#14415 = LINE('',#14416,#14417);
#14416 = CARTESIAN_POINT('',(0.,0.));
#14417 = VECTOR('',#14418,1.);
#14418 = DIRECTION('',(0.,1.));
#14419 = ( GEOMETRIC_REPRESENTATION_CONTEXT(2) 
PARAMETRIC_REPRESENTATION_CONTEXT() REPRESENTATION_CONTEXT('2D SPACE',''
  ) );
#14420 = PCURVE('',#14388,#14421);
#14421 = DEFINITIONAL_REPRESENTATION('',(#14422),#14426);
#14422 = LINE('',#14423,#14424);
#14423 = CARTESIAN_POINT('',(6.28318530718,0.));
#14424 = VECTOR('',#14425,1.);
#14425 = DIRECTION('',(0.,1.));
#14426 = ( GEOMETRIC_REPRESENTATION_CONTEXT(2) 
PARAMETRIC_REPRESENTATION_CONTEXT() REPRESENTATION_CONTEXT('2D SPACE',''
  ) );
#14427 = ORIENTED_EDGE('',*,*,#14428,.F.);
#14428 = EDGE_CURVE('',#14406,#14406,#14429,.T.);
#14429 = SURFACE_CURVE('',#14430,(#14435,#14442),.PCURVE_S1.);
#14430 = CIRCLE('',#14431,14.);
#14431 = AXIS2_PLACEMENT_3D('',#14432,#14433,#14434);
#14432 = CARTESIAN_POINT('',(0.,0.,427.));
#14433 = DIRECTION('',(0.,0.,1.));
#14434 = DIRECTION('',(1.,0.,-0.));
#14435 = PCURVE('',#14388,#14436);
#14436 = DEFINITIONAL_REPRESENTATION('',(#14437),#14441);
#14437 = LINE('',#14438,#14439);
#14438 = CARTESIAN_POINT('',(0.,3.));
#14439 = VECTOR('',#14440,1.);
#14440 = DIRECTION('',(1.,0.));
#14441 = ( GEOMETRIC_REPRESENTATION_CONTEXT(2) 
PARAMETRIC_REPRESENTATION_CONTEXT() REPRESENTATION_CONTEXT('2D SPACE',''
  ) );
#14442 = PCURVE('',#14443,#14448);
#14443 = CONICAL_SURFACE('',#14444,14.,9.966865249116E-02);
#14444 = AXIS2_PLACEMENT_3D('',#14445,#14446,#14447);
#14445 = CARTESIAN_POINT('',(0.,0.,427.));
#14446 = DIRECTION('',(-0.,-0.,-1.));
#14447 = DIRECTION('',(1.,0.,-0.));
#14448 = DEFINITIONAL_REPRESENTATION('',(#14449),#14453);
#14449 = LINE('',#14450,#14451);
#14450 = CARTESIAN_POINT('',(-0.,-0.));
#14451 = VECTOR('',#14452,1.);
#14452 = DIRECTION('',(-1.,-0.));
#14453 = ( GEOMETRIC_REPRESENTATION_CONTEXT(2) 
PARAMETRIC_REPRESENTATION_CONTEXT() REPRESENTATION_CONTEXT('2D SPACE',''
  ) );
#14454 = ORIENTED_EDGE('',*,*,#14405,.F.);
#14455 = ADVANCED_FACE('',(#14456),#14443,.T.);
#14456 = FACE_BOUND('',#14457,.T.);
#14457 = EDGE_LOOP('',(#14458,#14459,#14482,#14509));
#14458 = ORIENTED_EDGE('',*,*,#14428,.T.);
#14459 = ORIENTED_EDGE('',*,*,#14460,.T.);
#14460 = EDGE_CURVE('',#14406,#14461,#14463,.T.);
#14461 = VERTEX_POINT('',#14462);
#14462 = CARTESIAN_POINT('',(13.7,0.,430.));
#14463 = SEAM_CURVE('',#14464,(#14468,#14475),.PCURVE_S1.);
#14464 = LINE('',#14465,#14466);
#14465 = CARTESIAN_POINT('',(14.,0.,427.));
#14466 = VECTOR('',#14467,1.);
#14467 = DIRECTION('',(-9.9503719021E-02,0.,0.99503719021));
#14468 = PCURVE('',#14443,#14469);
#14469 = DEFINITIONAL_REPRESENTATION('',(#14470),#14474);
#14470 = LINE('',#14471,#14472);
#14471 = CARTESIAN_POINT('',(-0.,-0.));
#14472 = VECTOR('',#14473,1.);
#14473 = DIRECTION('',(-0.,-1.));
#14474 = ( GEOMETRIC_REPRESENTATION_CONTEXT(2) 
PARAMETRIC_REPRESENTATION_CONTEXT() REPRESENTATION_CONTEXT('2D SPACE',''
  ) );
#14475 = PCURVE('',#14443,#14476);
#14476 = DEFINITIONAL_REPRESENTATION('',(#14477),#14481);
#14477 = LINE('',#14478,#14479);
#14478 = CARTESIAN_POINT('',(-6.28318530718,-0.));
#14479 = VECTOR('',#14480,1.);
#14480 = DIRECTION('',(-0.,-1.));
#14481 = ( GEOMETRIC_REPRESENTATION_CONTEXT(2) 
PARAMETRIC_REPRESENTATION_CONTEXT() REPRESENTATION_CONTEXT('2D SPACE',''
  ) );
#14482 = ORIENTED_EDGE('',*,*,#14483,.F.);
#14483 = EDGE_CURVE('',#14461,#14461,#14484,.T.);
#14484 = SURFACE_CURVE('',#14485,(#14490,#14497),.PCURVE_S1.);
#14485 = CIRCLE('',#14486,13.7);
#14486 = AXIS2_PLACEMENT_3D('',#14487,#14488,#14489);
#14487 = CARTESIAN_POINT('',(0.,0.,430.));
#14488 = DIRECTION('',(0.,0.,1.));
#14489 = DIRECTION('',(1.,0.,-0.));
#14490 = PCURVE('',#14443,#14491);
#14491 = DEFINITIONAL_REPRESENTATION('',(#14492),#14496);
#14492 = LINE('',#14493,#14494);
#14493 = CARTESIAN_POINT('',(-0.,-3.));
#14494 = VECTOR('',#14495,1.);
#14495 = DIRECTION('',(-1.,-0.));
#14496 = ( GEOMETRIC_REPRESENTATION_CONTEXT(2) 
PARAMETRIC_REPRESENTATION_CONTEXT() REPRESENTATION_CONTEXT('2D SPACE',''
  ) );
#14497 = PCURVE('',#14498,#14503);
#14498 = CONICAL_SURFACE('',#14499,13.7,9.966865249116E-02);
#14499 = AXIS2_PLACEMENT_3D('',#14500,#14501,#14502);
#14500 = CARTESIAN_POINT('',(0.,0.,430.));
#14501 = DIRECTION('',(0.,0.,1.));
#14502 = DIRECTION('',(1.,0.,-0.));
#14503 = DEFINITIONAL_REPRESENTATION('',(#14504),#14508);
#14504 = LINE('',#14505,#14506);
#14505 = CARTESIAN_POINT('',(0.,0.));
#14506 = VECTOR('',#14507,1.);
#14507 = DIRECTION('',(1.,0.));
#14508 = ( GEOMETRIC_REPRESENTATION_CONTEXT(2) 
PARAMETRIC_REPRESENTATION_CONTEXT() REPRESENTATION_CONTEXT('2D SPACE',''
  ) );
#14509 = ORIENTED_EDGE('',*,*,#14460,.F.);
#14510 = ADVANCED_FACE('',(#14511),#14498,.T.);
#14511 = FACE_BOUND('',#14512,.T.);
#14512 = EDGE_LOOP('',(#14513,#14514,#14537,#14564));
#14513 = ORIENTED_EDGE('',*,*,#14483,.T.);
#14514 = ORIENTED_EDGE('',*,*,#14515,.T.);
#14515 = EDGE_CURVE('',#14461,#14516,#14518,.T.);
#14516 = VERTEX_POINT('',#14517);
#14517 = CARTESIAN_POINT('',(14.,0.,433.));
#14518 = SEAM_CURVE('',#14519,(#14523,#14530),.PCURVE_S1.);
#14519 = LINE('',#14520,#14521);
#14520 = CARTESIAN_POINT('',(13.7,0.,430.));
#14521 = VECTOR('',#14522,1.);
#14522 = DIRECTION('',(9.9503719021E-02,0.,0.99503719021));
#14523 = PCURVE('',#14498,#14524);
#14524 = DEFINITIONAL_REPRESENTATION('',(#14525),#14529);
#14525 = LINE('',#14526,#14527);
#14526 = CARTESIAN_POINT('',(0.,0.));
#14527 = VECTOR('',#14528,1.);
#14528 = DIRECTION('',(0.,1.));
#14529 = ( GEOMETRIC_REPRESENTATION_CONTEXT(2) 
PARAMETRIC_REPRESENTATION_CONTEXT() REPRESENTATION_CONTEXT('2D SPACE',''
  ) );
#14530 = PCURVE('',#14498,#14531);
#14531 = DEFINITIONAL_REPRESENTATION('',(#14532),#14536);
#14532 = LINE('',#14533,#14534);
#14533 = CARTESIAN_POINT('',(6.28318530718,0.));
#14534 = VECTOR('',#14535,1.);
#14535 = DIRECTION('',(0.,1.));
#14536 = ( GEOMETRIC_REPRESENTATION_CONTEXT(2) 
PARAMETRIC_REPRESENTATION_CONTEXT() REPRESENTATION_CONTEXT('2D SPACE',''
  ) );
#14537 = ORIENTED_EDGE('',*,*,#14538,.F.);
#14538 = EDGE_CURVE('',#14516,#14516,#14539,.T.);
#14539 = SURFACE_CURVE('',#14540,(#14545,#14552),.PCURVE_S1.);
#14540 = CIRCLE('',#14541,14.);
#14541 = AXIS2_PLACEMENT_3D('',#14542,#14543,#14544);
#14542 = CARTESIAN_POINT('',(0.,0.,433.));
#14543 = DIRECTION('',(0.,0.,1.));
#14544 = DIRECTION('',(1.,0.,-0.));
#14545 = PCURVE('',#14498,#14546);
#14546 = DEFINITIONAL_REPRESENTATION('',(#14547),#14551);
#14547 = LINE('',#14548,#14549);
#14548 = CARTESIAN_POINT('',(0.,3.));
#14549 = VECTOR('',#14550,1.);
#14550 = DIRECTION('',(1.,0.));
#14551 = ( GEOMETRIC_REPRESENTATION_CONTEXT(2) 
PARAMETRIC_REPRESENTATION_CONTEXT() REPRESENTATION_CONTEXT('2D SPACE',''
  ) );
#14552 = PCURVE('',#14553,#14558);
#14553 = CONICAL_SURFACE('',#14554,14.,9.966865249116E-02);
#14554 = AXIS2_PLACEMENT_3D('',#14555,#14556,#14557);
#14555 = CARTESIAN_POINT('',(0.,0.,433.));
#14556 = DIRECTION('',(-0.,-0.,-1.));
#14557 = DIRECTION('',(1.,0.,-0.));
#14558 = DEFINITIONAL_REPRESENTATION('',(#14559),#14563);
#14559 = LINE('',#14560,#14561);
#14560 = CARTESIAN_POINT('',(-0.,-0.));
#14561 = VECTOR('',#14562,1.);
#14562 = DIRECTION('',(-1.,-0.));
#14563 = ( GEOMETRIC_REPRESENTATION_CONTEXT(2) 
PARAMETRIC_REPRESENTATION_CONTEXT() REPRESENTATION_CONTEXT('2D SPACE',''
  ) );
#14564 = ORIENTED_EDGE('',*,*,#14515,.F.);
#14565 = ADVANCED_FACE('',(#14566),#14553,.T.);
#14566 = FACE_BOUND('',#14567,.T.);
#14567 = EDGE_LOOP('',(#14568,#14569,#14592,#14619));
#14568 = ORIENTED_EDGE('',*,*,#14538,.T.);
#14569 = ORIENTED_EDGE('',*,*,#14570,.T.);
#14570 = EDGE_CURVE('',#14516,#14571,#14573,.T.);
#14571 = VERTEX_POINT('',#14572);
#14572 = CARTESIAN_POINT('',(13.7,0.,436.));
#14573 = SEAM_CURVE('',#14574,(#14578,#14585),.PCURVE_S1.);
#14574 = LINE('',#14575,#14576);
#14575 = CARTESIAN_POINT('',(14.,0.,433.));
#14576 = VECTOR('',#14577,1.);
#14577 = DIRECTION('',(-9.9503719021E-02,0.,0.99503719021));
#14578 = PCURVE('',#14553,#14579);
#14579 = DEFINITIONAL_REPRESENTATION('',(#14580),#14584);
#14580 = LINE('',#14581,#14582);
#14581 = CARTESIAN_POINT('',(-0.,-0.));
#14582 = VECTOR('',#14583,1.);
#14583 = DIRECTION('',(-0.,-1.));
#14584 = ( GEOMETRIC_REPRESENTATION_CONTEXT(2) 
PARAMETRIC_REPRESENTATION_CONTEXT() REPRESENTATION_CONTEXT('2D SPACE',''
  ) );
#14585 = PCURVE('',#14553,#14586);
#14586 = DEFINITIONAL_REPRESENTATION('',(#14587),#14591);
#14587 = LINE('',#14588,#14589);
#14588 = CARTESIAN_POINT('',(-6.28318530718,-0.));
#14589 = VECTOR('',#14590,1.);
#14590 = DIRECTION('',(-0.,-1.));
#14591 = ( GEOMETRIC_REPRESENTATION_CONTEXT(2) 
PARAMETRIC_REPRESENTATION_CONTEXT() REPRESENTATION_CONTEXT('2D SPACE',''
  ) );
#14592 = ORIENTED_EDGE('',*,*,#14593,.F.);
#14593 = EDGE_CURVE('',#14571,#14571,#14594,.T.);
#14594 = SURFACE_CURVE('',#14595,(#14600,#14607),.PCURVE_S1.);
#14595 = CIRCLE('',#14596,13.7);
#14596 = AXIS2_PLACEMENT_3D('',#14597,#14598,#14599);
#14597 = CARTESIAN_POINT('',(0.,0.,436.));
#14598 = DIRECTION('',(0.,0.,1.));
#14599 = DIRECTION('',(1.,0.,-0.));
#14600 = PCURVE('',#14553,#14601);
#14601 = DEFINITIONAL_REPRESENTATION('',(#14602),#14606);
#14602 = LINE('',#14603,#14604);
#14603 = CARTESIAN_POINT('',(-0.,-3.));
#14604 = VECTOR('',#14605,1.);
#14605 = DIRECTION('',(-1.,-0.));
#14606 = ( GEOMETRIC_REPRESENTATION_CONTEXT(2) 
PARAMETRIC_REPRESENTATION_CONTEXT() REPRESENTATION_CONTEXT('2D SPACE',''
  ) );
#14607 = PCURVE('',#14608,#14613);
#14608 = CONICAL_SURFACE('',#14609,13.7,9.966865249116E-02);
#14609 = AXIS2_PLACEMENT_3D('',#14610,#14611,#14612);
#14610 = CARTESIAN_POINT('',(0.,0.,436.));
#14611 = DIRECTION('',(0.,0.,1.));
#14612 = DIRECTION('',(1.,0.,-0.));
#14613 = DEFINITIONAL_REPRESENTATION('',(#14614),#14618);
#14614 = LINE('',#14615,#14616);
#14615 = CARTESIAN_POINT('',(0.,0.));
#14616 = VECTOR('',#14617,1.);
#14617 = DIRECTION('',(1.,0.));
#14618 = ( GEOMETRIC_REPRESENTATION_CONTEXT(2) 
PARAMETRIC_REPRESENTATION_CONTEXT() REPRESENTATION_CONTEXT('2D SPACE',''
  ) );
#14619 = ORIENTED_EDGE('',*,*,#14570,.F.);
#14620 = ADVANCED_FACE('',(#14621),#14608,.T.);
#14621 = FACE_BOUND('',#14622,.T.);
#14622 = EDGE_LOOP('',(#14623,#14624,#14647,#14674));
#14623 = ORIENTED_EDGE('',*,*,#14593,.T.);
#14624 = ORIENTED_EDGE('',*,*,#14625,.T.);
#14625 = EDGE_CURVE('',#14571,#14626,#14628,.T.);
#14626 = VERTEX_POINT('',#14627);
#14627 = CARTESIAN_POINT('',(14.,0.,439.));
#14628 = SEAM_CURVE('',#14629,(#14633,#14640),.PCURVE_S1.);
#14629 = LINE('',#14630,#14631);
#14630 = CARTESIAN_POINT('',(13.7,0.,436.));
#14631 = VECTOR('',#14632,1.);
#14632 = DIRECTION('',(9.9503719021E-02,0.,0.99503719021));
#14633 = PCURVE('',#14608,#14634);
#14634 = DEFINITIONAL_REPRESENTATION('',(#14635),#14639);
#14635 = LINE('',#14636,#14637);
#14636 = CARTESIAN_POINT('',(0.,0.));
#14637 = VECTOR('',#14638,1.);
#14638 = DIRECTION('',(0.,1.));
#14639 = ( GEOMETRIC_REPRESENTATION_CONTEXT(2) 
PARAMETRIC_REPRESENTATION_CONTEXT() REPRESENTATION_CONTEXT('2D SPACE',''
  ) );
#14640 = PCURVE('',#14608,#14641);
#14641 = DEFINITIONAL_REPRESENTATION('',(#14642),#14646);
#14642 = LINE('',#14643,#14644);
#14643 = CARTESIAN_POINT('',(6.28318530718,0.));
#14644 = VECTOR('',#14645,1.);
#14645 = DIRECTION('',(0.,1.));
#14646 = ( GEOMETRIC_REPRESENTATION_CONTEXT(2) 
PARAMETRIC_REPRESENTATION_CONTEXT() REPRESENTATION_CONTEXT('2D SPACE',''
  ) );
#14647 = ORIENTED_EDGE('',*,*,#14648,.F.);
#14648 = EDGE_CURVE('',#14626,#14626,#14649,.T.);
#14649 = SURFACE_CURVE('',#14650,(#14655,#14662),.PCURVE_S1.);
#14650 = CIRCLE('',#14651,14.);
#14651 = AXIS2_PLACEMENT_3D('',#14652,#14653,#14654);
#14652 = CARTESIAN_POINT('',(0.,0.,439.));
#14653 = DIRECTION('',(0.,0.,1.));
#14654 = DIRECTION('',(1.,0.,-0.));
#14655 = PCURVE('',#14608,#14656);
#14656 = DEFINITIONAL_REPRESENTATION('',(#14657),#14661);
#14657 = LINE('',#14658,#14659);
#14658 = CARTESIAN_POINT('',(0.,3.));
#14659 = VECTOR('',#14660,1.);
#14660 = DIRECTION('',(1.,0.));
#14661 = ( GEOMETRIC_REPRESENTATION_CONTEXT(2) 
PARAMETRIC_REPRESENTATION_CONTEXT() REPRESENTATION_CONTEXT('2D SPACE',''
  ) );
#14662 = PCURVE('',#14663,#14668);
#14663 = CONICAL_SURFACE('',#14664,14.,9.966865249116E-02);
#14664 = AXIS2_PLACEMENT_3D('',#14665,#14666,#14667);
#14665 = CARTESIAN_POINT('',(0.,0.,439.));
#14666 = DIRECTION('',(-0.,-0.,-1.));
#14667 = DIRECTION('',(1.,0.,-0.));
#14668 = DEFINITIONAL_REPRESENTATION('',(#14669),#14673);
#14669 = LINE('',#14670,#14671);
#14670 = CARTESIAN_POINT('',(-0.,-0.));
#14671 = VECTOR('',#14672,1.);
#14672 = DIRECTION('',(-1.,-0.));
#14673 = ( GEOMETRIC_REPRESENTATION_CONTEXT(2) 
PARAMETRIC_REPRESENTATION_CONTEXT() REPRESENTATION_CONTEXT('2D SPACE',''
  ) );
#14674 = ORIENTED_EDGE('',*,*,#14625,.F.);
#14675 = ADVANCED_FACE('',(#14676),#14663,.T.);
#14676 = FACE_BOUND('',#14677,.T.);
#14677 = EDGE_LOOP('',(#14678,#14679,#14702,#14729));
#14678 = ORIENTED_EDGE('',*,*,#14648,.T.);
#14679 = ORIENTED_EDGE('',*,*,#14680,.T.);
#14680 = EDGE_CURVE('',#14626,#14681,#14683,.T.);
#14681 = VERTEX_POINT('',#14682);
#14682 = CARTESIAN_POINT('',(13.7,0.,442.));
#14683 = SEAM_CURVE('',#14684,(#14688,#14695),.PCURVE_S1.);
#14684 = LINE('',#14685,#14686);
#14685 = CARTESIAN_POINT('',(14.,0.,439.));
#14686 = VECTOR('',#14687,1.);
#14687 = DIRECTION('',(-9.9503719021E-02,0.,0.99503719021));
#14688 = PCURVE('',#14663,#14689);
#14689 = DEFINITIONAL_REPRESENTATION('',(#14690),#14694);
#14690 = LINE('',#14691,#14692);
#14691 = CARTESIAN_POINT('',(-0.,-0.));
#14692 = VECTOR('',#14693,1.);
#14693 = DIRECTION('',(-0.,-1.));
#14694 = ( GEOMETRIC_REPRESENTATION_CONTEXT(2) 
PARAMETRIC_REPRESENTATION_CONTEXT() REPRESENTATION_CONTEXT('2D SPACE',''
  ) );
#14695 = PCURVE('',#14663,#14696);
#14696 = DEFINITIONAL_REPRESENTATION('',(#14697),#14701);
#14697 = LINE('',#14698,#14699);
#14698 = CARTESIAN_POINT('',(-6.28318530718,-0.));
#14699 = VECTOR('',#14700,1.);
#14700 = DIRECTION('',(-0.,-1.));
#14701 = ( GEOMETRIC_REPRESENTATION_CONTEXT(2) 
PARAMETRIC_REPRESENTATION_CONTEXT() REPRESENTATION_CONTEXT('2D SPACE',''
  ) );
#14702 = ORIENTED_EDGE('',*,*,#14703,.F.);
#14703 = EDGE_CURVE('',#14681,#14681,#14704,.T.);
#14704 = SURFACE_CURVE('',#14705,(#14710,#14717),.PCURVE_S1.);
#14705 = CIRCLE('',#14706,13.7);
#14706 = AXIS2_PLACEMENT_3D('',#14707,#14708,#14709);
#14707 = CARTESIAN_POINT('',(0.,0.,442.));
#14708 = DIRECTION('',(0.,0.,1.));
#14709 = DIRECTION('',(1.,0.,-0.));
#14710 = PCURVE('',#14663,#14711);
#14711 = DEFINITIONAL_REPRESENTATION('',(#14712),#14716);
#14712 = LINE('',#14713,#14714);
#14713 = CARTESIAN_POINT('',(-0.,-3.));
#14714 = VECTOR('',#14715,1.);
#14715 = DIRECTION('',(-1.,-0.));
#14716 = ( GEOMETRIC_REPRESENTATION_CONTEXT(2) 
PARAMETRIC_REPRESENTATION_CONTEXT() REPRESENTATION_CONTEXT('2D SPACE',''
  ) );
#14717 = PCURVE('',#14718,#14723);
#14718 = CONICAL_SURFACE('',#14719,13.7,9.966865249116E-02);
#14719 = AXIS2_PLACEMENT_3D('',#14720,#14721,#14722);
#14720 = CARTESIAN_POINT('',(0.,0.,442.));
#14721 = DIRECTION('',(0.,0.,1.));
#14722 = DIRECTION('',(1.,0.,-0.));
#14723 = DEFINITIONAL_REPRESENTATION('',(#14724),#14728);
#14724 = LINE('',#14725,#14726);
#14725 = CARTESIAN_POINT('',(0.,0.));
#14726 = VECTOR('',#14727,1.);
#14727 = DIRECTION('',(1.,0.));
#14728 = ( GEOMETRIC_REPRESENTATION_CONTEXT(2) 
PARAMETRIC_REPRESENTATION_CONTEXT() REPRESENTATION_CONTEXT('2D SPACE',''
  ) );
#14729 = ORIENTED_EDGE('',*,*,#14680,.F.);
#14730 = ADVANCED_FACE('',(#14731),#14718,.T.);
#14731 = FACE_BOUND('',#14732,.T.);
#14732 = EDGE_LOOP('',(#14733,#14734,#14757,#14784));
#14733 = ORIENTED_EDGE('',*,*,#14703,.T.);
#14734 = ORIENTED_EDGE('',*,*,#14735,.T.);
#14735 = EDGE_CURVE('',#14681,#14736,#14738,.T.);
#14736 = VERTEX_POINT('',#14737);
#14737 = CARTESIAN_POINT('',(14.,0.,445.));
#14738 = SEAM_CURVE('',#14739,(#14743,#14750),.PCURVE_S1.);
#14739 = LINE('',#14740,#14741);
#14740 = CARTESIAN_POINT('',(13.7,0.,442.));
#14741 = VECTOR('',#14742,1.);
#14742 = DIRECTION('',(9.9503719021E-02,0.,0.99503719021));
#14743 = PCURVE('',#14718,#14744);
#14744 = DEFINITIONAL_REPRESENTATION('',(#14745),#14749);
#14745 = LINE('',#14746,#14747);
#14746 = CARTESIAN_POINT('',(0.,0.));
#14747 = VECTOR('',#14748,1.);
#14748 = DIRECTION('',(0.,1.));
#14749 = ( GEOMETRIC_REPRESENTATION_CONTEXT(2) 
PARAMETRIC_REPRESENTATION_CONTEXT() REPRESENTATION_CONTEXT('2D SPACE',''
  ) );
#14750 = PCURVE('',#14718,#14751);
#14751 = DEFINITIONAL_REPRESENTATION('',(#14752),#14756);
#14752 = LINE('',#14753,#14754);
#14753 = CARTESIAN_POINT('',(6.28318530718,0.));
#14754 = VECTOR('',#14755,1.);
#14755 = DIRECTION('',(0.,1.));
#14756 = ( GEOMETRIC_REPRESENTATION_CONTEXT(2) 
PARAMETRIC_REPRESENTATION_CONTEXT() REPRESENTATION_CONTEXT('2D SPACE',''
  ) );
#14757 = ORIENTED_EDGE('',*,*,#14758,.F.);
#14758 = EDGE_CURVE('',#14736,#14736,#14759,.T.);
#14759 = SURFACE_CURVE('',#14760,(#14765,#14772),.PCURVE_S1.);
#14760 = CIRCLE('',#14761,14.);
#14761 = AXIS2_PLACEMENT_3D('',#14762,#14763,#14764);
#14762 = CARTESIAN_POINT('',(0.,0.,445.));
#14763 = DIRECTION('',(0.,0.,1.));
#14764 = DIRECTION('',(1.,0.,-0.));
#14765 = PCURVE('',#14718,#14766);
#14766 = DEFINITIONAL_REPRESENTATION('',(#14767),#14771);
#14767 = LINE('',#14768,#14769);
#14768 = CARTESIAN_POINT('',(0.,3.));
#14769 = VECTOR('',#14770,1.);
#14770 = DIRECTION('',(1.,0.));
#14771 = ( GEOMETRIC_REPRESENTATION_CONTEXT(2) 
PARAMETRIC_REPRESENTATION_CONTEXT() REPRESENTATION_CONTEXT('2D SPACE',''
  ) );
#14772 = PCURVE('',#14773,#14778);
#14773 = CONICAL_SURFACE('',#14774,14.,9.966865249116E-02);
#14774 = AXIS2_PLACEMENT_3D('',#14775,#14776,#14777);
#14775 = CARTESIAN_POINT('',(0.,0.,445.));
#14776 = DIRECTION('',(-0.,-0.,-1.));
#14777 = DIRECTION('',(1.,0.,-0.));
#14778 = DEFINITIONAL_REPRESENTATION('',(#14779),#14783);
#14779 = LINE('',#14780,#14781);
#14780 = CARTESIAN_POINT('',(-0.,-0.));
#14781 = VECTOR('',#14782,1.);
#14782 = DIRECTION('',(-1.,-0.));
#14783 = ( GEOMETRIC_REPRESENTATION_CONTEXT(2) 
PARAMETRIC_REPRESENTATION_CONTEXT() REPRESENTATION_CONTEXT('2D SPACE',''
  ) );
#14784 = ORIENTED_EDGE('',*,*,#14735,.F.);
#14785 = ADVANCED_FACE('',(#14786),#14773,.T.);
#14786 = FACE_BOUND('',#14787,.T.);
#14787 = EDGE_LOOP('',(#14788,#14789,#14812,#14839));
#14788 = ORIENTED_EDGE('',*,*,#14758,.T.);
#14789 = ORIENTED_EDGE('',*,*,#14790,.T.);
#14790 = EDGE_CURVE('',#14736,#14791,#14793,.T.);
#14791 = VERTEX_POINT('',#14792);
#14792 = CARTESIAN_POINT('',(13.7,0.,448.));
#14793 = SEAM_CURVE('',#14794,(#14798,#14805),.PCURVE_S1.);
#14794 = LINE('',#14795,#14796);
#14795 = CARTESIAN_POINT('',(14.,0.,445.));
#14796 = VECTOR('',#14797,1.);
#14797 = DIRECTION('',(-9.9503719021E-02,0.,0.99503719021));
#14798 = PCURVE('',#14773,#14799);
#14799 = DEFINITIONAL_REPRESENTATION('',(#14800),#14804);
#14800 = LINE('',#14801,#14802);
#14801 = CARTESIAN_POINT('',(-0.,-0.));
#14802 = VECTOR('',#14803,1.);
#14803 = DIRECTION('',(-0.,-1.));
#14804 = ( GEOMETRIC_REPRESENTATION_CONTEXT(2) 
PARAMETRIC_REPRESENTATION_CONTEXT() REPRESENTATION_CONTEXT('2D SPACE',''
  ) );
#14805 = PCURVE('',#14773,#14806);
#14806 = DEFINITIONAL_REPRESENTATION('',(#14807),#14811);
#14807 = LINE('',#14808,#14809);
#14808 = CARTESIAN_POINT('',(-6.28318530718,-0.));
#14809 = VECTOR('',#14810,1.);
#14810 = DIRECTION('',(-0.,-1.));
#14811 = ( GEOMETRIC_REPRESENTATION_CONTEXT(2) 
PARAMETRIC_REPRESENTATION_CONTEXT() REPRESENTATION_CONTEXT('2D SPACE',''
  ) );
#14812 = ORIENTED_EDGE('',*,*,#14813,.F.);
#14813 = EDGE_CURVE('',#14791,#14791,#14814,.T.);
#14814 = SURFACE_CURVE('',#14815,(#14820,#14827),.PCURVE_S1.);
#14815 = CIRCLE('',#14816,13.7);
#14816 = AXIS2_PLACEMENT_3D('',#14817,#14818,#14819);
#14817 = CARTESIAN_POINT('',(0.,0.,448.));
#14818 = DIRECTION('',(0.,0.,1.));
#14819 = DIRECTION('',(1.,0.,-0.));
#14820 = PCURVE('',#14773,#14821);
#14821 = DEFINITIONAL_REPRESENTATION('',(#14822),#14826);
#14822 = LINE('',#14823,#14824);
#14823 = CARTESIAN_POINT('',(-0.,-3.));
#14824 = VECTOR('',#14825,1.);
#14825 = DIRECTION('',(-1.,-0.));
#14826 = ( GEOMETRIC_REPRESENTATION_CONTEXT(2) 
PARAMETRIC_REPRESENTATION_CONTEXT() REPRESENTATION_CONTEXT('2D SPACE',''
  ) );
#14827 = PCURVE('',#14828,#14833);
#14828 = CONICAL_SURFACE('',#14829,13.7,9.966865249116E-02);
#14829 = AXIS2_PLACEMENT_3D('',#14830,#14831,#14832);
#14830 = CARTESIAN_POINT('',(0.,0.,448.));
#14831 = DIRECTION('',(0.,0.,1.));
#14832 = DIRECTION('',(1.,0.,-0.));
#14833 = DEFINITIONAL_REPRESENTATION('',(#14834),#14838);
#14834 = LINE('',#14835,#14836);
#14835 = CARTESIAN_POINT('',(0.,0.));
#14836 = VECTOR('',#14837,1.);
#14837 = DIRECTION('',(1.,0.));
#14838 = ( GEOMETRIC_REPRESENTATION_CONTEXT(2) 
PARAMETRIC_REPRESENTATION_CONTEXT() REPRESENTATION_CONTEXT('2D SPACE',''
  ) );
#14839 = ORIENTED_EDGE('',*,*,#14790,.F.);
#14840 = ADVANCED_FACE('',(#14841),#14828,.T.);
#14841 = FACE_BOUND('',#14842,.T.);
#14842 = EDGE_LOOP('',(#14843,#14844,#14867,#14894));
#14843 = ORIENTED_EDGE('',*,*,#14813,.T.);
#14844 = ORIENTED_EDGE('',*,*,#14845,.T.);
#14845 = EDGE_CURVE('',#14791,#14846,#14848,.T.);
#14846 = VERTEX_POINT('',#14847);
#14847 = CARTESIAN_POINT('',(14.,0.,451.));
#14848 = SEAM_CURVE('',#14849,(#14853,#14860),.PCURVE_S1.);
#14849 = LINE('',#14850,#14851);
#14850 = CARTESIAN_POINT('',(13.7,0.,448.));
#14851 = VECTOR('',#14852,1.);
#14852 = DIRECTION('',(9.9503719021E-02,0.,0.99503719021));
#14853 = PCURVE('',#14828,#14854);
#14854 = DEFINITIONAL_REPRESENTATION('',(#14855),#14859);
#14855 = LINE('',#14856,#14857);
#14856 = CARTESIAN_POINT('',(0.,0.));
#14857 = VECTOR('',#14858,1.);
#14858 = DIRECTION('',(0.,1.));
#14859 = ( GEOMETRIC_REPRESENTATION_CONTEXT(2) 
PARAMETRIC_REPRESENTATION_CONTEXT() REPRESENTATION_CONTEXT('2D SPACE',''
  ) );
#14860 = PCURVE('',#14828,#14861);
#14861 = DEFINITIONAL_REPRESENTATION('',(#14862),#14866);
#14862 = LINE('',#14863,#14864);
#14863 = CARTESIAN_POINT('',(6.28318530718,0.));
#14864 = VECTOR('',#14865,1.);
#14865 = DIRECTION('',(0.,1.));
#14866 = ( GEOMETRIC_REPRESENTATION_CONTEXT(2) 
PARAMETRIC_REPRESENTATION_CONTEXT() REPRESENTATION_CONTEXT('2D SPACE',''
  ) );
#14867 = ORIENTED_EDGE('',*,*,#14868,.F.);
#14868 = EDGE_CURVE('',#14846,#14846,#14869,.T.);
#14869 = SURFACE_CURVE('',#14870,(#14875,#14882),.PCURVE_S1.);
#14870 = CIRCLE('',#14871,14.);
#14871 = AXIS2_PLACEMENT_3D('',#14872,#14873,#14874);
#14872 = CARTESIAN_POINT('',(0.,0.,451.));
#14873 = DIRECTION('',(0.,0.,1.));
#14874 = DIRECTION('',(1.,0.,-0.));
#14875 = PCURVE('',#14828,#14876);
#14876 = DEFINITIONAL_REPRESENTATION('',(#14877),#14881);
#14877 = LINE('',#14878,#14879);
#14878 = CARTESIAN_POINT('',(0.,3.));
#14879 = VECTOR('',#14880,1.);
#14880 = DIRECTION('',(1.,0.));
#14881 = ( GEOMETRIC_REPRESENTATION_CONTEXT(2) 
PARAMETRIC_REPRESENTATION_CONTEXT() REPRESENTATION_CONTEXT('2D SPACE',''
  ) );
#14882 = PCURVE('',#14883,#14888);
#14883 = CONICAL_SURFACE('',#14884,14.,9.966865249116E-02);
#14884 = AXIS2_PLACEMENT_3D('',#14885,#14886,#14887);
#14885 = CARTESIAN_POINT('',(0.,0.,451.));
#14886 = DIRECTION('',(-0.,-0.,-1.));
#14887 = DIRECTION('',(1.,0.,-0.));
#14888 = DEFINITIONAL_REPRESENTATION('',(#14889),#14893);
#14889 = LINE('',#14890,#14891);
#14890 = CARTESIAN_POINT('',(-0.,-0.));
#14891 = VECTOR('',#14892,1.);
#14892 = DIRECTION('',(-1.,-0.));
#14893 = ( GEOMETRIC_REPRESENTATION_CONTEXT(2) 
PARAMETRIC_REPRESENTATION_CONTEXT() REPRESENTATION_CONTEXT('2D SPACE',''
  ) );
#14894 = ORIENTED_EDGE('',*,*,#14845,.F.);
#14895 = ADVANCED_FACE('',(#14896),#14883,.T.);
#14896 = FACE_BOUND('',#14897,.T.);
#14897 = EDGE_LOOP('',(#14898,#14899,#14922,#14949));
#14898 = ORIENTED_EDGE('',*,*,#14868,.T.);
#14899 = ORIENTED_EDGE('',*,*,#14900,.T.);
#14900 = EDGE_CURVE('',#14846,#14901,#14903,.T.);
#14901 = VERTEX_POINT('',#14902);
#14902 = CARTESIAN_POINT('',(13.7,0.,454.));
#14903 = SEAM_CURVE('',#14904,(#14908,#14915),.PCURVE_S1.);
#14904 = LINE('',#14905,#14906);
#14905 = CARTESIAN_POINT('',(14.,0.,451.));
#14906 = VECTOR('',#14907,1.);
#14907 = DIRECTION('',(-9.9503719021E-02,0.,0.99503719021));
#14908 = PCURVE('',#14883,#14909);
#14909 = DEFINITIONAL_REPRESENTATION('',(#14910),#14914);
#14910 = LINE('',#14911,#14912);
#14911 = CARTESIAN_POINT('',(-0.,-0.));
#14912 = VECTOR('',#14913,1.);
#14913 = DIRECTION('',(-0.,-1.));
#14914 = ( GEOMETRIC_REPRESENTATION_CONTEXT(2) 
PARAMETRIC_REPRESENTATION_CONTEXT() REPRESENTATION_CONTEXT('2D SPACE',''
  ) );
#14915 = PCURVE('',#14883,#14916);
#14916 = DEFINITIONAL_REPRESENTATION('',(#14917),#14921);
#14917 = LINE('',#14918,#14919);
#14918 = CARTESIAN_POINT('',(-6.28318530718,-0.));
#14919 = VECTOR('',#14920,1.);
#14920 = DIRECTION('',(-0.,-1.));
#14921 = ( GEOMETRIC_REPRESENTATION_CONTEXT(2) 
PARAMETRIC_REPRESENTATION_CONTEXT() REPRESENTATION_CONTEXT('2D SPACE',''
  ) );
#14922 = ORIENTED_EDGE('',*,*,#14923,.F.);
#14923 = EDGE_CURVE('',#14901,#14901,#14924,.T.);
#14924 = SURFACE_CURVE('',#14925,(#14930,#14937),.PCURVE_S1.);
#14925 = CIRCLE('',#14926,13.7);
#14926 = AXIS2_PLACEMENT_3D('',#14927,#14928,#14929);
#14927 = CARTESIAN_POINT('',(0.,0.,454.));
#14928 = DIRECTION('',(0.,0.,1.));
#14929 = DIRECTION('',(1.,0.,-0.));
#14930 = PCURVE('',#14883,#14931);
#14931 = DEFINITIONAL_REPRESENTATION('',(#14932),#14936);
#14932 = LINE('',#14933,#14934);
#14933 = CARTESIAN_POINT('',(-0.,-3.));
#14934 = VECTOR('',#14935,1.);
#14935 = DIRECTION('',(-1.,-0.));
#14936 = ( GEOMETRIC_REPRESENTATION_CONTEXT(2) 
PARAMETRIC_REPRESENTATION_CONTEXT() REPRESENTATION_CONTEXT('2D SPACE',''
  ) );
#14937 = PCURVE('',#14938,#14943);
#14938 = CONICAL_SURFACE('',#14939,13.7,9.966865249116E-02);
#14939 = AXIS2_PLACEMENT_3D('',#14940,#14941,#14942);
#14940 = CARTESIAN_POINT('',(0.,0.,454.));
#14941 = DIRECTION('',(0.,0.,1.));
#14942 = DIRECTION('',(1.,0.,-0.));
#14943 = DEFINITIONAL_REPRESENTATION('',(#14944),#14948);
#14944 = LINE('',#14945,#14946);
#14945 = CARTESIAN_POINT('',(0.,0.));
#14946 = VECTOR('',#14947,1.);
#14947 = DIRECTION('',(1.,0.));
#14948 = ( GEOMETRIC_REPRESENTATION_CONTEXT(2) 
PARAMETRIC_REPRESENTATION_CONTEXT() REPRESENTATION_CONTEXT('2D SPACE',''
  ) );
#14949 = ORIENTED_EDGE('',*,*,#14900,.F.);
#14950 = ADVANCED_FACE('',(#14951),#14938,.T.);
#14951 = FACE_BOUND('',#14952,.T.);
#14952 = EDGE_LOOP('',(#14953,#14954,#14977,#15004));
#14953 = ORIENTED_EDGE('',*,*,#14923,.T.);
#14954 = ORIENTED_EDGE('',*,*,#14955,.T.);
#14955 = EDGE_CURVE('',#14901,#14956,#14958,.T.);
#14956 = VERTEX_POINT('',#14957);
#14957 = CARTESIAN_POINT('',(14.,0.,457.));
#14958 = SEAM_CURVE('',#14959,(#14963,#14970),.PCURVE_S1.);
#14959 = LINE('',#14960,#14961);
#14960 = CARTESIAN_POINT('',(13.7,0.,454.));
#14961 = VECTOR('',#14962,1.);
#14962 = DIRECTION('',(9.9503719021E-02,0.,0.99503719021));
#14963 = PCURVE('',#14938,#14964);
#14964 = DEFINITIONAL_REPRESENTATION('',(#14965),#14969);
#14965 = LINE('',#14966,#14967);
#14966 = CARTESIAN_POINT('',(0.,0.));
#14967 = VECTOR('',#14968,1.);
#14968 = DIRECTION('',(0.,1.));
#14969 = ( GEOMETRIC_REPRESENTATION_CONTEXT(2) 
PARAMETRIC_REPRESENTATION_CONTEXT() REPRESENTATION_CONTEXT('2D SPACE',''
  ) );
#14970 = PCURVE('',#14938,#14971);
#14971 = DEFINITIONAL_REPRESENTATION('',(#14972),#14976);
#14972 = LINE('',#14973,#14974);
#14973 = CARTESIAN_POINT('',(6.28318530718,0.));
#14974 = VECTOR('',#14975,1.);
#14975 = DIRECTION('',(0.,1.));
#14976 = ( GEOMETRIC_REPRESENTATION_CONTEXT(2) 
PARAMETRIC_REPRESENTATION_CONTEXT() REPRESENTATION_CONTEXT('2D SPACE',''
  ) );
#14977 = ORIENTED_EDGE('',*,*,#14978,.F.);
#14978 = EDGE_CURVE('',#14956,#14956,#14979,.T.);
#14979 = SURFACE_CURVE('',#14980,(#14985,#14992),.PCURVE_S1.);
#14980 = CIRCLE('',#14981,14.);
#14981 = AXIS2_PLACEMENT_3D('',#14982,#14983,#14984);
#14982 = CARTESIAN_POINT('',(0.,0.,457.));
#14983 = DIRECTION('',(0.,0.,1.));
#14984 = DIRECTION('',(1.,0.,-0.));
#14985 = PCURVE('',#14938,#14986);
#14986 = DEFINITIONAL_REPRESENTATION('',(#14987),#14991);
#14987 = LINE('',#14988,#14989);
#14988 = CARTESIAN_POINT('',(0.,3.));
#14989 = VECTOR('',#14990,1.);
#14990 = DIRECTION('',(1.,0.));
#14991 = ( GEOMETRIC_REPRESENTATION_CONTEXT(2) 
PARAMETRIC_REPRESENTATION_CONTEXT() REPRESENTATION_CONTEXT('2D SPACE',''
  ) );
#14992 = PCURVE('',#14993,#14998);
#14993 = CONICAL_SURFACE('',#14994,14.,9.966865249116E-02);
#14994 = AXIS2_PLACEMENT_3D('',#14995,#14996,#14997);
#14995 = CARTESIAN_POINT('',(0.,0.,457.));
#14996 = DIRECTION('',(-0.,-0.,-1.));
#14997 = DIRECTION('',(1.,0.,-0.));
#14998 = DEFINITIONAL_REPRESENTATION('',(#14999),#15003);
#14999 = LINE('',#15000,#15001);
#15000 = CARTESIAN_POINT('',(-0.,-0.));
#15001 = VECTOR('',#15002,1.);
#15002 = DIRECTION('',(-1.,-0.));
#15003 = ( GEOMETRIC_REPRESENTATION_CONTEXT(2) 
PARAMETRIC_REPRESENTATION_CONTEXT() REPRESENTATION_CONTEXT('2D SPACE',''
  ) );
#15004 = ORIENTED_EDGE('',*,*,#14955,.F.);
#15005 = ADVANCED_FACE('',(#15006),#14993,.T.);
#15006 = FACE_BOUND('',#15007,.T.);
#15007 = EDGE_LOOP('',(#15008,#15009,#15032,#15059));
#15008 = ORIENTED_EDGE('',*,*,#14978,.T.);
#15009 = ORIENTED_EDGE('',*,*,#15010,.T.);
#15010 = EDGE_CURVE('',#14956,#15011,#15013,.T.);
#15011 = VERTEX_POINT('',#15012);
#15012 = CARTESIAN_POINT('',(13.7,0.,460.));
#15013 = SEAM_CURVE('',#15014,(#15018,#15025),.PCURVE_S1.);
#15014 = LINE('',#15015,#15016);
#15015 = CARTESIAN_POINT('',(14.,0.,457.));
#15016 = VECTOR('',#15017,1.);
#15017 = DIRECTION('',(-9.9503719021E-02,0.,0.99503719021));
#15018 = PCURVE('',#14993,#15019);
#15019 = DEFINITIONAL_REPRESENTATION('',(#15020),#15024);
#15020 = LINE('',#15021,#15022);
#15021 = CARTESIAN_POINT('',(-0.,-0.));
#15022 = VECTOR('',#15023,1.);
#15023 = DIRECTION('',(-0.,-1.));
#15024 = ( GEOMETRIC_REPRESENTATION_CONTEXT(2) 
PARAMETRIC_REPRESENTATION_CONTEXT() REPRESENTATION_CONTEXT('2D SPACE',''
  ) );
#15025 = PCURVE('',#14993,#15026);
#15026 = DEFINITIONAL_REPRESENTATION('',(#15027),#15031);
#15027 = LINE('',#15028,#15029);
#15028 = CARTESIAN_POINT('',(-6.28318530718,-0.));
#15029 = VECTOR('',#15030,1.);
#15030 = DIRECTION('',(-0.,-1.));
#15031 = ( GEOMETRIC_REPRESENTATION_CONTEXT(2) 
PARAMETRIC_REPRESENTATION_CONTEXT() REPRESENTATION_CONTEXT('2D SPACE',''
  ) );
#15032 = ORIENTED_EDGE('',*,*,#15033,.F.);
#15033 = EDGE_CURVE('',#15011,#15011,#15034,.T.);
#15034 = SURFACE_CURVE('',#15035,(#15040,#15047),.PCURVE_S1.);
#15035 = CIRCLE('',#15036,13.7);
#15036 = AXIS2_PLACEMENT_3D('',#15037,#15038,#15039);
#15037 = CARTESIAN_POINT('',(0.,0.,460.));
#15038 = DIRECTION('',(0.,0.,1.));
#15039 = DIRECTION('',(1.,0.,-0.));
#15040 = PCURVE('',#14993,#15041);
#15041 = DEFINITIONAL_REPRESENTATION('',(#15042),#15046);
#15042 = LINE('',#15043,#15044);
#15043 = CARTESIAN_POINT('',(-0.,-3.));
#15044 = VECTOR('',#15045,1.);
#15045 = DIRECTION('',(-1.,-0.));
#15046 = ( GEOMETRIC_REPRESENTATION_CONTEXT(2) 
PARAMETRIC_REPRESENTATION_CONTEXT() REPRESENTATION_CONTEXT('2D SPACE',''
  ) );
#15047 = PCURVE('',#15048,#15053);
#15048 = CONICAL_SURFACE('',#15049,13.7,9.966865249116E-02);
#15049 = AXIS2_PLACEMENT_3D('',#15050,#15051,#15052);
#15050 = CARTESIAN_POINT('',(0.,0.,460.));
#15051 = DIRECTION('',(0.,0.,1.));
#15052 = DIRECTION('',(1.,0.,-0.));
#15053 = DEFINITIONAL_REPRESENTATION('',(#15054),#15058);
#15054 = LINE('',#15055,#15056);
#15055 = CARTESIAN_POINT('',(0.,0.));
#15056 = VECTOR('',#15057,1.);
#15057 = DIRECTION('',(1.,0.));
#15058 = ( GEOMETRIC_REPRESENTATION_CONTEXT(2) 
PARAMETRIC_REPRESENTATION_CONTEXT() REPRESENTATION_CONTEXT('2D SPACE',''
  ) );
#15059 = ORIENTED_EDGE('',*,*,#15010,.F.);
#15060 = ADVANCED_FACE('',(#15061),#15048,.T.);
#15061 = FACE_BOUND('',#15062,.T.);
#15062 = EDGE_LOOP('',(#15063,#15064,#15087,#15114));
#15063 = ORIENTED_EDGE('',*,*,#15033,.T.);
#15064 = ORIENTED_EDGE('',*,*,#15065,.T.);
#15065 = EDGE_CURVE('',#15011,#15066,#15068,.T.);
#15066 = VERTEX_POINT('',#15067);
#15067 = CARTESIAN_POINT('',(14.,0.,463.));
#15068 = SEAM_CURVE('',#15069,(#15073,#15080),.PCURVE_S1.);
#15069 = LINE('',#15070,#15071);
#15070 = CARTESIAN_POINT('',(13.7,0.,460.));
#15071 = VECTOR('',#15072,1.);
#15072 = DIRECTION('',(9.9503719021E-02,0.,0.99503719021));
#15073 = PCURVE('',#15048,#15074);
#15074 = DEFINITIONAL_REPRESENTATION('',(#15075),#15079);
#15075 = LINE('',#15076,#15077);
#15076 = CARTESIAN_POINT('',(0.,0.));
#15077 = VECTOR('',#15078,1.);
#15078 = DIRECTION('',(0.,1.));
#15079 = ( GEOMETRIC_REPRESENTATION_CONTEXT(2) 
PARAMETRIC_REPRESENTATION_CONTEXT() REPRESENTATION_CONTEXT('2D SPACE',''
  ) );
#15080 = PCURVE('',#15048,#15081);
#15081 = DEFINITIONAL_REPRESENTATION('',(#15082),#15086);
#15082 = LINE('',#15083,#15084);
#15083 = CARTESIAN_POINT('',(6.28318530718,0.));
#15084 = VECTOR('',#15085,1.);
#15085 = DIRECTION('',(0.,1.));
#15086 = ( GEOMETRIC_REPRESENTATION_CONTEXT(2) 
PARAMETRIC_REPRESENTATION_CONTEXT() REPRESENTATION_CONTEXT('2D SPACE',''
  ) );
#15087 = ORIENTED_EDGE('',*,*,#15088,.F.);
#15088 = EDGE_CURVE('',#15066,#15066,#15089,.T.);
#15089 = SURFACE_CURVE('',#15090,(#15095,#15102),.PCURVE_S1.);
#15090 = CIRCLE('',#15091,14.);
#15091 = AXIS2_PLACEMENT_3D('',#15092,#15093,#15094);
#15092 = CARTESIAN_POINT('',(0.,0.,463.));
#15093 = DIRECTION('',(0.,0.,1.));
#15094 = DIRECTION('',(1.,0.,-0.));
#15095 = PCURVE('',#15048,#15096);
#15096 = DEFINITIONAL_REPRESENTATION('',(#15097),#15101);
#15097 = LINE('',#15098,#15099);
#15098 = CARTESIAN_POINT('',(0.,3.));
#15099 = VECTOR('',#15100,1.);
#15100 = DIRECTION('',(1.,0.));
#15101 = ( GEOMETRIC_REPRESENTATION_CONTEXT(2) 
PARAMETRIC_REPRESENTATION_CONTEXT() REPRESENTATION_CONTEXT('2D SPACE',''
  ) );
#15102 = PCURVE('',#15103,#15108);
#15103 = CONICAL_SURFACE('',#15104,14.,9.966865249116E-02);
#15104 = AXIS2_PLACEMENT_3D('',#15105,#15106,#15107);
#15105 = CARTESIAN_POINT('',(0.,0.,463.));
#15106 = DIRECTION('',(-0.,-0.,-1.));
#15107 = DIRECTION('',(1.,0.,-0.));
#15108 = DEFINITIONAL_REPRESENTATION('',(#15109),#15113);
#15109 = LINE('',#15110,#15111);
#15110 = CARTESIAN_POINT('',(-0.,-0.));
#15111 = VECTOR('',#15112,1.);
#15112 = DIRECTION('',(-1.,-0.));
#15113 = ( GEOMETRIC_REPRESENTATION_CONTEXT(2) 
PARAMETRIC_REPRESENTATION_CONTEXT() REPRESENTATION_CONTEXT('2D SPACE',''
  ) );
#15114 = ORIENTED_EDGE('',*,*,#15065,.F.);
#15115 = ADVANCED_FACE('',(#15116),#15103,.T.);
#15116 = FACE_BOUND('',#15117,.T.);
#15117 = EDGE_LOOP('',(#15118,#15119,#15142,#15169));
#15118 = ORIENTED_EDGE('',*,*,#15088,.T.);
#15119 = ORIENTED_EDGE('',*,*,#15120,.T.);
#15120 = EDGE_CURVE('',#15066,#15121,#15123,.T.);
#15121 = VERTEX_POINT('',#15122);
#15122 = CARTESIAN_POINT('',(13.7,0.,466.));
#15123 = SEAM_CURVE('',#15124,(#15128,#15135),.PCURVE_S1.);
#15124 = LINE('',#15125,#15126);
#15125 = CARTESIAN_POINT('',(14.,0.,463.));
#15126 = VECTOR('',#15127,1.);
#15127 = DIRECTION('',(-9.9503719021E-02,0.,0.99503719021));
#15128 = PCURVE('',#15103,#15129);
#15129 = DEFINITIONAL_REPRESENTATION('',(#15130),#15134);
#15130 = LINE('',#15131,#15132);
#15131 = CARTESIAN_POINT('',(-0.,-0.));
#15132 = VECTOR('',#15133,1.);
#15133 = DIRECTION('',(-0.,-1.));
#15134 = ( GEOMETRIC_REPRESENTATION_CONTEXT(2) 
PARAMETRIC_REPRESENTATION_CONTEXT() REPRESENTATION_CONTEXT('2D SPACE',''
  ) );
#15135 = PCURVE('',#15103,#15136);
#15136 = DEFINITIONAL_REPRESENTATION('',(#15137),#15141);
#15137 = LINE('',#15138,#15139);
#15138 = CARTESIAN_POINT('',(-6.28318530718,-0.));
#15139 = VECTOR('',#15140,1.);
#15140 = DIRECTION('',(-0.,-1.));
#15141 = ( GEOMETRIC_REPRESENTATION_CONTEXT(2) 
PARAMETRIC_REPRESENTATION_CONTEXT() REPRESENTATION_CONTEXT('2D SPACE',''
  ) );
#15142 = ORIENTED_EDGE('',*,*,#15143,.F.);
#15143 = EDGE_CURVE('',#15121,#15121,#15144,.T.);
#15144 = SURFACE_CURVE('',#15145,(#15150,#15157),.PCURVE_S1.);
#15145 = CIRCLE('',#15146,13.7);
#15146 = AXIS2_PLACEMENT_3D('',#15147,#15148,#15149);
#15147 = CARTESIAN_POINT('',(0.,0.,466.));
#15148 = DIRECTION('',(0.,0.,1.));
#15149 = DIRECTION('',(1.,0.,-0.));
#15150 = PCURVE('',#15103,#15151);
#15151 = DEFINITIONAL_REPRESENTATION('',(#15152),#15156);
#15152 = LINE('',#15153,#15154);
#15153 = CARTESIAN_POINT('',(-0.,-3.));
#15154 = VECTOR('',#15155,1.);
#15155 = DIRECTION('',(-1.,-0.));
#15156 = ( GEOMETRIC_REPRESENTATION_CONTEXT(2) 
PARAMETRIC_REPRESENTATION_CONTEXT() REPRESENTATION_CONTEXT('2D SPACE',''
  ) );
#15157 = PCURVE('',#15158,#15163);
#15158 = CONICAL_SURFACE('',#15159,13.7,9.966865249116E-02);
#15159 = AXIS2_PLACEMENT_3D('',#15160,#15161,#15162);
#15160 = CARTESIAN_POINT('',(0.,0.,466.));
#15161 = DIRECTION('',(0.,0.,1.));
#15162 = DIRECTION('',(1.,0.,-0.));
#15163 = DEFINITIONAL_REPRESENTATION('',(#15164),#15168);
#15164 = LINE('',#15165,#15166);
#15165 = CARTESIAN_POINT('',(0.,0.));
#15166 = VECTOR('',#15167,1.);
#15167 = DIRECTION('',(1.,0.));
#15168 = ( GEOMETRIC_REPRESENTATION_CONTEXT(2) 
PARAMETRIC_REPRESENTATION_CONTEXT() REPRESENTATION_CONTEXT('2D SPACE',''
  ) );
#15169 = ORIENTED_EDGE('',*,*,#15120,.F.);
#15170 = ADVANCED_FACE('',(#15171),#15158,.T.);
#15171 = FACE_BOUND('',#15172,.T.);
#15172 = EDGE_LOOP('',(#15173,#15174,#15197,#15224));
#15173 = ORIENTED_EDGE('',*,*,#15143,.T.);
#15174 = ORIENTED_EDGE('',*,*,#15175,.T.);
#15175 = EDGE_CURVE('',#15121,#15176,#15178,.T.);
#15176 = VERTEX_POINT('',#15177);
#15177 = CARTESIAN_POINT('',(14.,0.,469.));
#15178 = SEAM_CURVE('',#15179,(#15183,#15190),.PCURVE_S1.);
#15179 = LINE('',#15180,#15181);
#15180 = CARTESIAN_POINT('',(13.7,0.,466.));
#15181 = VECTOR('',#15182,1.);
#15182 = DIRECTION('',(9.9503719021E-02,0.,0.99503719021));
#15183 = PCURVE('',#15158,#15184);
#15184 = DEFINITIONAL_REPRESENTATION('',(#15185),#15189);
#15185 = LINE('',#15186,#15187);
#15186 = CARTESIAN_POINT('',(0.,0.));
#15187 = VECTOR('',#15188,1.);
#15188 = DIRECTION('',(0.,1.));
#15189 = ( GEOMETRIC_REPRESENTATION_CONTEXT(2) 
PARAMETRIC_REPRESENTATION_CONTEXT() REPRESENTATION_CONTEXT('2D SPACE',''
  ) );
#15190 = PCURVE('',#15158,#15191);
#15191 = DEFINITIONAL_REPRESENTATION('',(#15192),#15196);
#15192 = LINE('',#15193,#15194);
#15193 = CARTESIAN_POINT('',(6.28318530718,0.));
#15194 = VECTOR('',#15195,1.);
#15195 = DIRECTION('',(0.,1.));
#15196 = ( GEOMETRIC_REPRESENTATION_CONTEXT(2) 
PARAMETRIC_REPRESENTATION_CONTEXT() REPRESENTATION_CONTEXT('2D SPACE',''
  ) );
#15197 = ORIENTED_EDGE('',*,*,#15198,.F.);
#15198 = EDGE_CURVE('',#15176,#15176,#15199,.T.);
#15199 = SURFACE_CURVE('',#15200,(#15205,#15212),.PCURVE_S1.);
#15200 = CIRCLE('',#15201,14.);
#15201 = AXIS2_PLACEMENT_3D('',#15202,#15203,#15204);
#15202 = CARTESIAN_POINT('',(0.,0.,469.));
#15203 = DIRECTION('',(0.,0.,1.));
#15204 = DIRECTION('',(1.,0.,-0.));
#15205 = PCURVE('',#15158,#15206);
#15206 = DEFINITIONAL_REPRESENTATION('',(#15207),#15211);
#15207 = LINE('',#15208,#15209);
#15208 = CARTESIAN_POINT('',(0.,3.));
#15209 = VECTOR('',#15210,1.);
#15210 = DIRECTION('',(1.,0.));
#15211 = ( GEOMETRIC_REPRESENTATION_CONTEXT(2) 
PARAMETRIC_REPRESENTATION_CONTEXT() REPRESENTATION_CONTEXT('2D SPACE',''
  ) );
#15212 = PCURVE('',#15213,#15218);
#15213 = CONICAL_SURFACE('',#15214,14.,9.966865249116E-02);
#15214 = AXIS2_PLACEMENT_3D('',#15215,#15216,#15217);
#15215 = CARTESIAN_POINT('',(0.,0.,469.));
#15216 = DIRECTION('',(-0.,-0.,-1.));
#15217 = DIRECTION('',(1.,0.,-0.));
#15218 = DEFINITIONAL_REPRESENTATION('',(#15219),#15223);
#15219 = LINE('',#15220,#15221);
#15220 = CARTESIAN_POINT('',(-0.,-0.));
#15221 = VECTOR('',#15222,1.);
#15222 = DIRECTION('',(-1.,-0.));
#15223 = ( GEOMETRIC_REPRESENTATION_CONTEXT(2) 
PARAMETRIC_REPRESENTATION_CONTEXT() REPRESENTATION_CONTEXT('2D SPACE',''
  ) );
#15224 = ORIENTED_EDGE('',*,*,#15175,.F.);
#15225 = ADVANCED_FACE('',(#15226),#15213,.T.);
#15226 = FACE_BOUND('',#15227,.T.);
#15227 = EDGE_LOOP('',(#15228,#15229,#15252,#15279));
#15228 = ORIENTED_EDGE('',*,*,#15198,.T.);
#15229 = ORIENTED_EDGE('',*,*,#15230,.T.);
#15230 = EDGE_CURVE('',#15176,#15231,#15233,.T.);
#15231 = VERTEX_POINT('',#15232);
#15232 = CARTESIAN_POINT('',(13.7,0.,472.));
#15233 = SEAM_CURVE('',#15234,(#15238,#15245),.PCURVE_S1.);
#15234 = LINE('',#15235,#15236);
#15235 = CARTESIAN_POINT('',(14.,0.,469.));
#15236 = VECTOR('',#15237,1.);
#15237 = DIRECTION('',(-9.9503719021E-02,0.,0.99503719021));
#15238 = PCURVE('',#15213,#15239);
#15239 = DEFINITIONAL_REPRESENTATION('',(#15240),#15244);
#15240 = LINE('',#15241,#15242);
#15241 = CARTESIAN_POINT('',(-0.,-0.));
#15242 = VECTOR('',#15243,1.);
#15243 = DIRECTION('',(-0.,-1.));
#15244 = ( GEOMETRIC_REPRESENTATION_CONTEXT(2) 
PARAMETRIC_REPRESENTATION_CONTEXT() REPRESENTATION_CONTEXT('2D SPACE',''
  ) );
#15245 = PCURVE('',#15213,#15246);
#15246 = DEFINITIONAL_REPRESENTATION('',(#15247),#15251);
#15247 = LINE('',#15248,#15249);
#15248 = CARTESIAN_POINT('',(-6.28318530718,-0.));
#15249 = VECTOR('',#15250,1.);
#15250 = DIRECTION('',(-0.,-1.));
#15251 = ( GEOMETRIC_REPRESENTATION_CONTEXT(2) 
PARAMETRIC_REPRESENTATION_CONTEXT() REPRESENTATION_CONTEXT('2D SPACE',''
  ) );
#15252 = ORIENTED_EDGE('',*,*,#15253,.F.);
#15253 = EDGE_CURVE('',#15231,#15231,#15254,.T.);
#15254 = SURFACE_CURVE('',#15255,(#15260,#15267),.PCURVE_S1.);
#15255 = CIRCLE('',#15256,13.7);
#15256 = AXIS2_PLACEMENT_3D('',#15257,#15258,#15259);
#15257 = CARTESIAN_POINT('',(0.,0.,472.));
#15258 = DIRECTION('',(0.,0.,1.));
#15259 = DIRECTION('',(1.,0.,-0.));
#15260 = PCURVE('',#15213,#15261);
#15261 = DEFINITIONAL_REPRESENTATION('',(#15262),#15266);
#15262 = LINE('',#15263,#15264);
#15263 = CARTESIAN_POINT('',(-0.,-3.));
#15264 = VECTOR('',#15265,1.);
#15265 = DIRECTION('',(-1.,-0.));
#15266 = ( GEOMETRIC_REPRESENTATION_CONTEXT(2) 
PARAMETRIC_REPRESENTATION_CONTEXT() REPRESENTATION_CONTEXT('2D SPACE',''
  ) );
#15267 = PCURVE('',#15268,#15273);
#15268 = CONICAL_SURFACE('',#15269,13.7,9.966865249116E-02);
#15269 = AXIS2_PLACEMENT_3D('',#15270,#15271,#15272);
#15270 = CARTESIAN_POINT('',(0.,0.,472.));
#15271 = DIRECTION('',(0.,0.,1.));
#15272 = DIRECTION('',(1.,0.,-0.));
#15273 = DEFINITIONAL_REPRESENTATION('',(#15274),#15278);
#15274 = LINE('',#15275,#15276);
#15275 = CARTESIAN_POINT('',(0.,0.));
#15276 = VECTOR('',#15277,1.);
#15277 = DIRECTION('',(1.,0.));
#15278 = ( GEOMETRIC_REPRESENTATION_CONTEXT(2) 
PARAMETRIC_REPRESENTATION_CONTEXT() REPRESENTATION_CONTEXT('2D SPACE',''
  ) );
#15279 = ORIENTED_EDGE('',*,*,#15230,.F.);
#15280 = ADVANCED_FACE('',(#15281),#15268,.T.);
#15281 = FACE_BOUND('',#15282,.T.);
#15282 = EDGE_LOOP('',(#15283,#15284,#15307,#15334));
#15283 = ORIENTED_EDGE('',*,*,#15253,.T.);
#15284 = ORIENTED_EDGE('',*,*,#15285,.T.);
#15285 = EDGE_CURVE('',#15231,#15286,#15288,.T.);
#15286 = VERTEX_POINT('',#15287);
#15287 = CARTESIAN_POINT('',(14.,0.,475.));
#15288 = SEAM_CURVE('',#15289,(#15293,#15300),.PCURVE_S1.);
#15289 = LINE('',#15290,#15291);
#15290 = CARTESIAN_POINT('',(13.7,0.,472.));
#15291 = VECTOR('',#15292,1.);
#15292 = DIRECTION('',(9.9503719021E-02,0.,0.99503719021));
#15293 = PCURVE('',#15268,#15294);
#15294 = DEFINITIONAL_REPRESENTATION('',(#15295),#15299);
#15295 = LINE('',#15296,#15297);
#15296 = CARTESIAN_POINT('',(0.,0.));
#15297 = VECTOR('',#15298,1.);
#15298 = DIRECTION('',(0.,1.));
#15299 = ( GEOMETRIC_REPRESENTATION_CONTEXT(2) 
PARAMETRIC_REPRESENTATION_CONTEXT() REPRESENTATION_CONTEXT('2D SPACE',''
  ) );
#15300 = PCURVE('',#15268,#15301);
#15301 = DEFINITIONAL_REPRESENTATION('',(#15302),#15306);
#15302 = LINE('',#15303,#15304);
#15303 = CARTESIAN_POINT('',(6.28318530718,0.));
#15304 = VECTOR('',#15305,1.);
#15305 = DIRECTION('',(0.,1.));
#15306 = ( GEOMETRIC_REPRESENTATION_CONTEXT(2) 
PARAMETRIC_REPRESENTATION_CONTEXT() REPRESENTATION_CONTEXT('2D SPACE',''
  ) );
#15307 = ORIENTED_EDGE('',*,*,#15308,.F.);
#15308 = EDGE_CURVE('',#15286,#15286,#15309,.T.);
#15309 = SURFACE_CURVE('',#15310,(#15315,#15322),.PCURVE_S1.);
#15310 = CIRCLE('',#15311,14.);
#15311 = AXIS2_PLACEMENT_3D('',#15312,#15313,#15314);
#15312 = CARTESIAN_POINT('',(0.,0.,475.));
#15313 = DIRECTION('',(0.,0.,1.));
#15314 = DIRECTION('',(1.,0.,-0.));
#15315 = PCURVE('',#15268,#15316);
#15316 = DEFINITIONAL_REPRESENTATION('',(#15317),#15321);
#15317 = LINE('',#15318,#15319);
#15318 = CARTESIAN_POINT('',(0.,3.));
#15319 = VECTOR('',#15320,1.);
#15320 = DIRECTION('',(1.,0.));
#15321 = ( GEOMETRIC_REPRESENTATION_CONTEXT(2) 
PARAMETRIC_REPRESENTATION_CONTEXT() REPRESENTATION_CONTEXT('2D SPACE',''
  ) );
#15322 = PCURVE('',#15323,#15328);
#15323 = CONICAL_SURFACE('',#15324,14.,9.966865249116E-02);
#15324 = AXIS2_PLACEMENT_3D('',#15325,#15326,#15327);
#15325 = CARTESIAN_POINT('',(0.,0.,475.));
#15326 = DIRECTION('',(-0.,-0.,-1.));
#15327 = DIRECTION('',(1.,0.,-0.));
#15328 = DEFINITIONAL_REPRESENTATION('',(#15329),#15333);
#15329 = LINE('',#15330,#15331);
#15330 = CARTESIAN_POINT('',(-0.,-0.));
#15331 = VECTOR('',#15332,1.);
#15332 = DIRECTION('',(-1.,-0.));
#15333 = ( GEOMETRIC_REPRESENTATION_CONTEXT(2) 
PARAMETRIC_REPRESENTATION_CONTEXT() REPRESENTATION_CONTEXT('2D SPACE',''
  ) );
#15334 = ORIENTED_EDGE('',*,*,#15285,.F.);
#15335 = ADVANCED_FACE('',(#15336),#15323,.T.);
#15336 = FACE_BOUND('',#15337,.T.);
#15337 = EDGE_LOOP('',(#15338,#15339,#15362,#15389));
#15338 = ORIENTED_EDGE('',*,*,#15308,.T.);
#15339 = ORIENTED_EDGE('',*,*,#15340,.T.);
#15340 = EDGE_CURVE('',#15286,#15341,#15343,.T.);
#15341 = VERTEX_POINT('',#15342);
#15342 = CARTESIAN_POINT('',(13.7,0.,478.));
#15343 = SEAM_CURVE('',#15344,(#15348,#15355),.PCURVE_S1.);
#15344 = LINE('',#15345,#15346);
#15345 = CARTESIAN_POINT('',(14.,0.,475.));
#15346 = VECTOR('',#15347,1.);
#15347 = DIRECTION('',(-9.9503719021E-02,0.,0.99503719021));
#15348 = PCURVE('',#15323,#15349);
#15349 = DEFINITIONAL_REPRESENTATION('',(#15350),#15354);
#15350 = LINE('',#15351,#15352);
#15351 = CARTESIAN_POINT('',(-0.,-0.));
#15352 = VECTOR('',#15353,1.);
#15353 = DIRECTION('',(-0.,-1.));
#15354 = ( GEOMETRIC_REPRESENTATION_CONTEXT(2) 
PARAMETRIC_REPRESENTATION_CONTEXT() REPRESENTATION_CONTEXT('2D SPACE',''
  ) );
#15355 = PCURVE('',#15323,#15356);
#15356 = DEFINITIONAL_REPRESENTATION('',(#15357),#15361);
#15357 = LINE('',#15358,#15359);
#15358 = CARTESIAN_POINT('',(-6.28318530718,-0.));
#15359 = VECTOR('',#15360,1.);
#15360 = DIRECTION('',(-0.,-1.));
#15361 = ( GEOMETRIC_REPRESENTATION_CONTEXT(2) 
PARAMETRIC_REPRESENTATION_CONTEXT() REPRESENTATION_CONTEXT('2D SPACE',''
  ) );
#15362 = ORIENTED_EDGE('',*,*,#15363,.F.);
#15363 = EDGE_CURVE('',#15341,#15341,#15364,.T.);
#15364 = SURFACE_CURVE('',#15365,(#15370,#15377),.PCURVE_S1.);
#15365 = CIRCLE('',#15366,13.7);
#15366 = AXIS2_PLACEMENT_3D('',#15367,#15368,#15369);
#15367 = CARTESIAN_POINT('',(0.,0.,478.));
#15368 = DIRECTION('',(0.,0.,1.));
#15369 = DIRECTION('',(1.,0.,-0.));
#15370 = PCURVE('',#15323,#15371);
#15371 = DEFINITIONAL_REPRESENTATION('',(#15372),#15376);
#15372 = LINE('',#15373,#15374);
#15373 = CARTESIAN_POINT('',(-0.,-3.));
#15374 = VECTOR('',#15375,1.);
#15375 = DIRECTION('',(-1.,-0.));
#15376 = ( GEOMETRIC_REPRESENTATION_CONTEXT(2) 
PARAMETRIC_REPRESENTATION_CONTEXT() REPRESENTATION_CONTEXT('2D SPACE',''
  ) );
#15377 = PCURVE('',#15378,#15383);
#15378 = CONICAL_SURFACE('',#15379,13.7,9.966865249116E-02);
#15379 = AXIS2_PLACEMENT_3D('',#15380,#15381,#15382);
#15380 = CARTESIAN_POINT('',(0.,0.,478.));
#15381 = DIRECTION('',(0.,0.,1.));
#15382 = DIRECTION('',(1.,0.,-0.));
#15383 = DEFINITIONAL_REPRESENTATION('',(#15384),#15388);
#15384 = LINE('',#15385,#15386);
#15385 = CARTESIAN_POINT('',(0.,0.));
#15386 = VECTOR('',#15387,1.);
#15387 = DIRECTION('',(1.,0.));
#15388 = ( GEOMETRIC_REPRESENTATION_CONTEXT(2) 
PARAMETRIC_REPRESENTATION_CONTEXT() REPRESENTATION_CONTEXT('2D SPACE',''
  ) );
#15389 = ORIENTED_EDGE('',*,*,#15340,.F.);
#15390 = ADVANCED_FACE('',(#15391),#15378,.T.);
#15391 = FACE_BOUND('',#15392,.T.);
#15392 = EDGE_LOOP('',(#15393,#15394,#15417,#15444));
#15393 = ORIENTED_EDGE('',*,*,#15363,.T.);
#15394 = ORIENTED_EDGE('',*,*,#15395,.T.);
#15395 = EDGE_CURVE('',#15341,#15396,#15398,.T.);
#15396 = VERTEX_POINT('',#15397);
#15397 = CARTESIAN_POINT('',(14.,0.,481.));
#15398 = SEAM_CURVE('',#15399,(#15403,#15410),.PCURVE_S1.);
#15399 = LINE('',#15400,#15401);
#15400 = CARTESIAN_POINT('',(13.7,0.,478.));
#15401 = VECTOR('',#15402,1.);
#15402 = DIRECTION('',(9.9503719021E-02,0.,0.99503719021));
#15403 = PCURVE('',#15378,#15404);
#15404 = DEFINITIONAL_REPRESENTATION('',(#15405),#15409);
#15405 = LINE('',#15406,#15407);
#15406 = CARTESIAN_POINT('',(0.,0.));
#15407 = VECTOR('',#15408,1.);
#15408 = DIRECTION('',(0.,1.));
#15409 = ( GEOMETRIC_REPRESENTATION_CONTEXT(2) 
PARAMETRIC_REPRESENTATION_CONTEXT() REPRESENTATION_CONTEXT('2D SPACE',''
  ) );
#15410 = PCURVE('',#15378,#15411);
#15411 = DEFINITIONAL_REPRESENTATION('',(#15412),#15416);
#15412 = LINE('',#15413,#15414);
#15413 = CARTESIAN_POINT('',(6.28318530718,0.));
#15414 = VECTOR('',#15415,1.);
#15415 = DIRECTION('',(0.,1.));
#15416 = ( GEOMETRIC_REPRESENTATION_CONTEXT(2) 
PARAMETRIC_REPRESENTATION_CONTEXT() REPRESENTATION_CONTEXT('2D SPACE',''
  ) );
#15417 = ORIENTED_EDGE('',*,*,#15418,.F.);
#15418 = EDGE_CURVE('',#15396,#15396,#15419,.T.);
#15419 = SURFACE_CURVE('',#15420,(#15425,#15432),.PCURVE_S1.);
#15420 = CIRCLE('',#15421,14.);
#15421 = AXIS2_PLACEMENT_3D('',#15422,#15423,#15424);
#15422 = CARTESIAN_POINT('',(0.,0.,481.));
#15423 = DIRECTION('',(0.,0.,1.));
#15424 = DIRECTION('',(1.,0.,-0.));
#15425 = PCURVE('',#15378,#15426);
#15426 = DEFINITIONAL_REPRESENTATION('',(#15427),#15431);
#15427 = LINE('',#15428,#15429);
#15428 = CARTESIAN_POINT('',(0.,3.));
#15429 = VECTOR('',#15430,1.);
#15430 = DIRECTION('',(1.,0.));
#15431 = ( GEOMETRIC_REPRESENTATION_CONTEXT(2) 
PARAMETRIC_REPRESENTATION_CONTEXT() REPRESENTATION_CONTEXT('2D SPACE',''
  ) );
#15432 = PCURVE('',#15433,#15438);
#15433 = CONICAL_SURFACE('',#15434,14.,9.966865249116E-02);
#15434 = AXIS2_PLACEMENT_3D('',#15435,#15436,#15437);
#15435 = CARTESIAN_POINT('',(0.,0.,481.));
#15436 = DIRECTION('',(-0.,-0.,-1.));
#15437 = DIRECTION('',(1.,0.,-0.));
#15438 = DEFINITIONAL_REPRESENTATION('',(#15439),#15443);
#15439 = LINE('',#15440,#15441);
#15440 = CARTESIAN_POINT('',(-0.,-0.));
#15441 = VECTOR('',#15442,1.);
#15442 = DIRECTION('',(-1.,-0.));
#15443 = ( GEOMETRIC_REPRESENTATION_CONTEXT(2) 
PARAMETRIC_REPRESENTATION_CONTEXT() REPRESENTATION_CONTEXT('2D SPACE',''
  ) );
#15444 = ORIENTED_EDGE('',*,*,#15395,.F.);
#15445 = ADVANCED_FACE('',(#15446),#15433,.T.);
#15446 = FACE_BOUND('',#15447,.T.);
#15447 = EDGE_LOOP('',(#15448,#15449,#15472,#15499));
#15448 = ORIENTED_EDGE('',*,*,#15418,.T.);
#15449 = ORIENTED_EDGE('',*,*,#15450,.T.);
#15450 = EDGE_CURVE('',#15396,#15451,#15453,.T.);
#15451 = VERTEX_POINT('',#15452);
#15452 = CARTESIAN_POINT('',(13.7,0.,484.));
#15453 = SEAM_CURVE('',#15454,(#15458,#15465),.PCURVE_S1.);
#15454 = LINE('',#15455,#15456);
#15455 = CARTESIAN_POINT('',(14.,0.,481.));
#15456 = VECTOR('',#15457,1.);
#15457 = DIRECTION('',(-9.9503719021E-02,0.,0.99503719021));
#15458 = PCURVE('',#15433,#15459);
#15459 = DEFINITIONAL_REPRESENTATION('',(#15460),#15464);
#15460 = LINE('',#15461,#15462);
#15461 = CARTESIAN_POINT('',(-0.,-0.));
#15462 = VECTOR('',#15463,1.);
#15463 = DIRECTION('',(-0.,-1.));
#15464 = ( GEOMETRIC_REPRESENTATION_CONTEXT(2) 
PARAMETRIC_REPRESENTATION_CONTEXT() REPRESENTATION_CONTEXT('2D SPACE',''
  ) );
#15465 = PCURVE('',#15433,#15466);
#15466 = DEFINITIONAL_REPRESENTATION('',(#15467),#15471);
#15467 = LINE('',#15468,#15469);
#15468 = CARTESIAN_POINT('',(-6.28318530718,-0.));
#15469 = VECTOR('',#15470,1.);
#15470 = DIRECTION('',(-0.,-1.));
#15471 = ( GEOMETRIC_REPRESENTATION_CONTEXT(2) 
PARAMETRIC_REPRESENTATION_CONTEXT() REPRESENTATION_CONTEXT('2D SPACE',''
  ) );
#15472 = ORIENTED_EDGE('',*,*,#15473,.F.);
#15473 = EDGE_CURVE('',#15451,#15451,#15474,.T.);
#15474 = SURFACE_CURVE('',#15475,(#15480,#15487),.PCURVE_S1.);
#15475 = CIRCLE('',#15476,13.7);
#15476 = AXIS2_PLACEMENT_3D('',#15477,#15478,#15479);
#15477 = CARTESIAN_POINT('',(0.,0.,484.));
#15478 = DIRECTION('',(0.,0.,1.));
#15479 = DIRECTION('',(1.,0.,-0.));
#15480 = PCURVE('',#15433,#15481);
#15481 = DEFINITIONAL_REPRESENTATION('',(#15482),#15486);
#15482 = LINE('',#15483,#15484);
#15483 = CARTESIAN_POINT('',(-0.,-3.));
#15484 = VECTOR('',#15485,1.);
#15485 = DIRECTION('',(-1.,-0.));
#15486 = ( GEOMETRIC_REPRESENTATION_CONTEXT(2) 
PARAMETRIC_REPRESENTATION_CONTEXT() REPRESENTATION_CONTEXT('2D SPACE',''
  ) );
#15487 = PCURVE('',#15488,#15493);
#15488 = CONICAL_SURFACE('',#15489,13.7,9.966865249116E-02);
#15489 = AXIS2_PLACEMENT_3D('',#15490,#15491,#15492);
#15490 = CARTESIAN_POINT('',(0.,0.,484.));
#15491 = DIRECTION('',(0.,0.,1.));
#15492 = DIRECTION('',(1.,0.,-0.));
#15493 = DEFINITIONAL_REPRESENTATION('',(#15494),#15498);
#15494 = LINE('',#15495,#15496);
#15495 = CARTESIAN_POINT('',(0.,0.));
#15496 = VECTOR('',#15497,1.);
#15497 = DIRECTION('',(1.,0.));
#15498 = ( GEOMETRIC_REPRESENTATION_CONTEXT(2) 
PARAMETRIC_REPRESENTATION_CONTEXT() REPRESENTATION_CONTEXT('2D SPACE',''
  ) );
#15499 = ORIENTED_EDGE('',*,*,#15450,.F.);
#15500 = ADVANCED_FACE('',(#15501),#15488,.T.);
#15501 = FACE_BOUND('',#15502,.T.);
#15502 = EDGE_LOOP('',(#15503,#15504,#15527,#15554));
#15503 = ORIENTED_EDGE('',*,*,#15473,.T.);
#15504 = ORIENTED_EDGE('',*,*,#15505,.T.);
#15505 = EDGE_CURVE('',#15451,#15506,#15508,.T.);
#15506 = VERTEX_POINT('',#15507);
#15507 = CARTESIAN_POINT('',(14.,0.,487.));
#15508 = SEAM_CURVE('',#15509,(#15513,#15520),.PCURVE_S1.);
#15509 = LINE('',#15510,#15511);
#15510 = CARTESIAN_POINT('',(13.7,0.,484.));
#15511 = VECTOR('',#15512,1.);
#15512 = DIRECTION('',(9.9503719021E-02,0.,0.99503719021));
#15513 = PCURVE('',#15488,#15514);
#15514 = DEFINITIONAL_REPRESENTATION('',(#15515),#15519);
#15515 = LINE('',#15516,#15517);
#15516 = CARTESIAN_POINT('',(0.,0.));
#15517 = VECTOR('',#15518,1.);
#15518 = DIRECTION('',(0.,1.));
#15519 = ( GEOMETRIC_REPRESENTATION_CONTEXT(2) 
PARAMETRIC_REPRESENTATION_CONTEXT() REPRESENTATION_CONTEXT('2D SPACE',''
  ) );
#15520 = PCURVE('',#15488,#15521);
#15521 = DEFINITIONAL_REPRESENTATION('',(#15522),#15526);
#15522 = LINE('',#15523,#15524);
#15523 = CARTESIAN_POINT('',(6.28318530718,0.));
#15524 = VECTOR('',#15525,1.);
#15525 = DIRECTION('',(0.,1.));
#15526 = ( GEOMETRIC_REPRESENTATION_CONTEXT(2) 
PARAMETRIC_REPRESENTATION_CONTEXT() REPRESENTATION_CONTEXT('2D SPACE',''
  ) );
#15527 = ORIENTED_EDGE('',*,*,#15528,.F.);
#15528 = EDGE_CURVE('',#15506,#15506,#15529,.T.);
#15529 = SURFACE_CURVE('',#15530,(#15535,#15542),.PCURVE_S1.);
#15530 = CIRCLE('',#15531,14.);
#15531 = AXIS2_PLACEMENT_3D('',#15532,#15533,#15534);
#15532 = CARTESIAN_POINT('',(0.,0.,487.));
#15533 = DIRECTION('',(0.,0.,1.));
#15534 = DIRECTION('',(1.,0.,-0.));
#15535 = PCURVE('',#15488,#15536);
#15536 = DEFINITIONAL_REPRESENTATION('',(#15537),#15541);
#15537 = LINE('',#15538,#15539);
#15538 = CARTESIAN_POINT('',(0.,3.));
#15539 = VECTOR('',#15540,1.);
#15540 = DIRECTION('',(1.,0.));
#15541 = ( GEOMETRIC_REPRESENTATION_CONTEXT(2) 
PARAMETRIC_REPRESENTATION_CONTEXT() REPRESENTATION_CONTEXT('2D SPACE',''
  ) );
#15542 = PCURVE('',#15543,#15548);
#15543 = CONICAL_SURFACE('',#15544,14.,9.966865249116E-02);
#15544 = AXIS2_PLACEMENT_3D('',#15545,#15546,#15547);
#15545 = CARTESIAN_POINT('',(0.,0.,487.));
#15546 = DIRECTION('',(-0.,-0.,-1.));
#15547 = DIRECTION('',(1.,0.,-0.));
#15548 = DEFINITIONAL_REPRESENTATION('',(#15549),#15553);
#15549 = LINE('',#15550,#15551);
#15550 = CARTESIAN_POINT('',(-0.,-0.));
#15551 = VECTOR('',#15552,1.);
#15552 = DIRECTION('',(-1.,-0.));
#15553 = ( GEOMETRIC_REPRESENTATION_CONTEXT(2) 
PARAMETRIC_REPRESENTATION_CONTEXT() REPRESENTATION_CONTEXT('2D SPACE',''
  ) );
#15554 = ORIENTED_EDGE('',*,*,#15505,.F.);
#15555 = ADVANCED_FACE('',(#15556),#15543,.T.);
#15556 = FACE_BOUND('',#15557,.T.);
#15557 = EDGE_LOOP('',(#15558,#15559,#15582,#15609));
#15558 = ORIENTED_EDGE('',*,*,#15528,.T.);
#15559 = ORIENTED_EDGE('',*,*,#15560,.T.);
#15560 = EDGE_CURVE('',#15506,#15561,#15563,.T.);
#15561 = VERTEX_POINT('',#15562);
#15562 = CARTESIAN_POINT('',(13.7,0.,490.));
#15563 = SEAM_CURVE('',#15564,(#15568,#15575),.PCURVE_S1.);
#15564 = LINE('',#15565,#15566);
#15565 = CARTESIAN_POINT('',(14.,0.,487.));
#15566 = VECTOR('',#15567,1.);
#15567 = DIRECTION('',(-9.9503719021E-02,0.,0.99503719021));
#15568 = PCURVE('',#15543,#15569);
#15569 = DEFINITIONAL_REPRESENTATION('',(#15570),#15574);
#15570 = LINE('',#15571,#15572);
#15571 = CARTESIAN_POINT('',(-0.,-0.));
#15572 = VECTOR('',#15573,1.);
#15573 = DIRECTION('',(-0.,-1.));
#15574 = ( GEOMETRIC_REPRESENTATION_CONTEXT(2) 
PARAMETRIC_REPRESENTATION_CONTEXT() REPRESENTATION_CONTEXT('2D SPACE',''
  ) );
#15575 = PCURVE('',#15543,#15576);
#15576 = DEFINITIONAL_REPRESENTATION('',(#15577),#15581);
#15577 = LINE('',#15578,#15579);
#15578 = CARTESIAN_POINT('',(-6.28318530718,-0.));
#15579 = VECTOR('',#15580,1.);
#15580 = DIRECTION('',(-0.,-1.));
#15581 = ( GEOMETRIC_REPRESENTATION_CONTEXT(2) 
PARAMETRIC_REPRESENTATION_CONTEXT() REPRESENTATION_CONTEXT('2D SPACE',''
  ) );
#15582 = ORIENTED_EDGE('',*,*,#15583,.F.);
#15583 = EDGE_CURVE('',#15561,#15561,#15584,.T.);
#15584 = SURFACE_CURVE('',#15585,(#15590,#15597),.PCURVE_S1.);
#15585 = CIRCLE('',#15586,13.7);
#15586 = AXIS2_PLACEMENT_3D('',#15587,#15588,#15589);
#15587 = CARTESIAN_POINT('',(0.,0.,490.));
#15588 = DIRECTION('',(0.,0.,1.));
#15589 = DIRECTION('',(1.,0.,-0.));
#15590 = PCURVE('',#15543,#15591);
#15591 = DEFINITIONAL_REPRESENTATION('',(#15592),#15596);
#15592 = LINE('',#15593,#15594);
#15593 = CARTESIAN_POINT('',(-0.,-3.));
#15594 = VECTOR('',#15595,1.);
#15595 = DIRECTION('',(-1.,-0.));
#15596 = ( GEOMETRIC_REPRESENTATION_CONTEXT(2) 
PARAMETRIC_REPRESENTATION_CONTEXT() REPRESENTATION_CONTEXT('2D SPACE',''
  ) );
#15597 = PCURVE('',#15598,#15603);
#15598 = CONICAL_SURFACE('',#15599,13.7,9.966865249116E-02);
#15599 = AXIS2_PLACEMENT_3D('',#15600,#15601,#15602);
#15600 = CARTESIAN_POINT('',(0.,0.,490.));
#15601 = DIRECTION('',(0.,0.,1.));
#15602 = DIRECTION('',(1.,0.,-0.));
#15603 = DEFINITIONAL_REPRESENTATION('',(#15604),#15608);
#15604 = LINE('',#15605,#15606);
#15605 = CARTESIAN_POINT('',(0.,0.));
#15606 = VECTOR('',#15607,1.);
#15607 = DIRECTION('',(1.,0.));
#15608 = ( GEOMETRIC_REPRESENTATION_CONTEXT(2) 
PARAMETRIC_REPRESENTATION_CONTEXT() REPRESENTATION_CONTEXT('2D SPACE',''
  ) );
#15609 = ORIENTED_EDGE('',*,*,#15560,.F.);
#15610 = ADVANCED_FACE('',(#15611),#15598,.T.);
#15611 = FACE_BOUND('',#15612,.T.);
#15612 = EDGE_LOOP('',(#15613,#15614,#15637,#15664));
#15613 = ORIENTED_EDGE('',*,*,#15583,.T.);
#15614 = ORIENTED_EDGE('',*,*,#15615,.T.);
#15615 = EDGE_CURVE('',#15561,#15616,#15618,.T.);
#15616 = VERTEX_POINT('',#15617);
#15617 = CARTESIAN_POINT('',(14.,0.,493.));
#15618 = SEAM_CURVE('',#15619,(#15623,#15630),.PCURVE_S1.);
#15619 = LINE('',#15620,#15621);
#15620 = CARTESIAN_POINT('',(13.7,0.,490.));
#15621 = VECTOR('',#15622,1.);
#15622 = DIRECTION('',(9.9503719021E-02,0.,0.99503719021));
#15623 = PCURVE('',#15598,#15624);
#15624 = DEFINITIONAL_REPRESENTATION('',(#15625),#15629);
#15625 = LINE('',#15626,#15627);
#15626 = CARTESIAN_POINT('',(0.,0.));
#15627 = VECTOR('',#15628,1.);
#15628 = DIRECTION('',(0.,1.));
#15629 = ( GEOMETRIC_REPRESENTATION_CONTEXT(2) 
PARAMETRIC_REPRESENTATION_CONTEXT() REPRESENTATION_CONTEXT('2D SPACE',''
  ) );
#15630 = PCURVE('',#15598,#15631);
#15631 = DEFINITIONAL_REPRESENTATION('',(#15632),#15636);
#15632 = LINE('',#15633,#15634);
#15633 = CARTESIAN_POINT('',(6.28318530718,0.));
#15634 = VECTOR('',#15635,1.);
#15635 = DIRECTION('',(0.,1.));
#15636 = ( GEOMETRIC_REPRESENTATION_CONTEXT(2) 
PARAMETRIC_REPRESENTATION_CONTEXT() REPRESENTATION_CONTEXT('2D SPACE',''
  ) );
#15637 = ORIENTED_EDGE('',*,*,#15638,.F.);
#15638 = EDGE_CURVE('',#15616,#15616,#15639,.T.);
#15639 = SURFACE_CURVE('',#15640,(#15645,#15652),.PCURVE_S1.);
#15640 = CIRCLE('',#15641,14.);
#15641 = AXIS2_PLACEMENT_3D('',#15642,#15643,#15644);
#15642 = CARTESIAN_POINT('',(0.,0.,493.));
#15643 = DIRECTION('',(0.,0.,1.));
#15644 = DIRECTION('',(1.,0.,-0.));
#15645 = PCURVE('',#15598,#15646);
#15646 = DEFINITIONAL_REPRESENTATION('',(#15647),#15651);
#15647 = LINE('',#15648,#15649);
#15648 = CARTESIAN_POINT('',(0.,3.));
#15649 = VECTOR('',#15650,1.);
#15650 = DIRECTION('',(1.,0.));
#15651 = ( GEOMETRIC_REPRESENTATION_CONTEXT(2) 
PARAMETRIC_REPRESENTATION_CONTEXT() REPRESENTATION_CONTEXT('2D SPACE',''
  ) );
#15652 = PCURVE('',#15653,#15658);
#15653 = CONICAL_SURFACE('',#15654,14.,9.966865249116E-02);
#15654 = AXIS2_PLACEMENT_3D('',#15655,#15656,#15657);
#15655 = CARTESIAN_POINT('',(0.,0.,493.));
#15656 = DIRECTION('',(-0.,-0.,-1.));
#15657 = DIRECTION('',(1.,0.,-0.));
#15658 = DEFINITIONAL_REPRESENTATION('',(#15659),#15663);
#15659 = LINE('',#15660,#15661);
#15660 = CARTESIAN_POINT('',(-0.,-0.));
#15661 = VECTOR('',#15662,1.);
#15662 = DIRECTION('',(-1.,-0.));
#15663 = ( GEOMETRIC_REPRESENTATION_CONTEXT(2) 
PARAMETRIC_REPRESENTATION_CONTEXT() REPRESENTATION_CONTEXT('2D SPACE',''
  ) );
#15664 = ORIENTED_EDGE('',*,*,#15615,.F.);
#15665 = ADVANCED_FACE('',(#15666),#15653,.T.);
#15666 = FACE_BOUND('',#15667,.T.);
#15667 = EDGE_LOOP('',(#15668,#15669,#15692,#15719));
#15668 = ORIENTED_EDGE('',*,*,#15638,.T.);
#15669 = ORIENTED_EDGE('',*,*,#15670,.T.);
#15670 = EDGE_CURVE('',#15616,#15671,#15673,.T.);
#15671 = VERTEX_POINT('',#15672);
#15672 = CARTESIAN_POINT('',(13.7,0.,496.));
#15673 = SEAM_CURVE('',#15674,(#15678,#15685),.PCURVE_S1.);
#15674 = LINE('',#15675,#15676);
#15675 = CARTESIAN_POINT('',(14.,0.,493.));
#15676 = VECTOR('',#15677,1.);
#15677 = DIRECTION('',(-9.9503719021E-02,0.,0.99503719021));
#15678 = PCURVE('',#15653,#15679);
#15679 = DEFINITIONAL_REPRESENTATION('',(#15680),#15684);
#15680 = LINE('',#15681,#15682);
#15681 = CARTESIAN_POINT('',(-0.,-0.));
#15682 = VECTOR('',#15683,1.);
#15683 = DIRECTION('',(-0.,-1.));
#15684 = ( GEOMETRIC_REPRESENTATION_CONTEXT(2) 
PARAMETRIC_REPRESENTATION_CONTEXT() REPRESENTATION_CONTEXT('2D SPACE',''
  ) );
#15685 = PCURVE('',#15653,#15686);
#15686 = DEFINITIONAL_REPRESENTATION('',(#15687),#15691);
#15687 = LINE('',#15688,#15689);
#15688 = CARTESIAN_POINT('',(-6.28318530718,-0.));
#15689 = VECTOR('',#15690,1.);
#15690 = DIRECTION('',(-0.,-1.));
#15691 = ( GEOMETRIC_REPRESENTATION_CONTEXT(2) 
PARAMETRIC_REPRESENTATION_CONTEXT() REPRESENTATION_CONTEXT('2D SPACE',''
  ) );
#15692 = ORIENTED_EDGE('',*,*,#15693,.F.);
#15693 = EDGE_CURVE('',#15671,#15671,#15694,.T.);
#15694 = SURFACE_CURVE('',#15695,(#15700,#15707),.PCURVE_S1.);
#15695 = CIRCLE('',#15696,13.7);
#15696 = AXIS2_PLACEMENT_3D('',#15697,#15698,#15699);
#15697 = CARTESIAN_POINT('',(0.,0.,496.));
#15698 = DIRECTION('',(0.,0.,1.));
#15699 = DIRECTION('',(1.,0.,-0.));
#15700 = PCURVE('',#15653,#15701);
#15701 = DEFINITIONAL_REPRESENTATION('',(#15702),#15706);
#15702 = LINE('',#15703,#15704);
#15703 = CARTESIAN_POINT('',(-0.,-3.));
#15704 = VECTOR('',#15705,1.);
#15705 = DIRECTION('',(-1.,-0.));
#15706 = ( GEOMETRIC_REPRESENTATION_CONTEXT(2) 
PARAMETRIC_REPRESENTATION_CONTEXT() REPRESENTATION_CONTEXT('2D SPACE',''
  ) );
#15707 = PCURVE('',#15708,#15713);
#15708 = CONICAL_SURFACE('',#15709,13.7,9.966865249116E-02);
#15709 = AXIS2_PLACEMENT_3D('',#15710,#15711,#15712);
#15710 = CARTESIAN_POINT('',(0.,0.,496.));
#15711 = DIRECTION('',(0.,0.,1.));
#15712 = DIRECTION('',(1.,0.,-0.));
#15713 = DEFINITIONAL_REPRESENTATION('',(#15714),#15718);
#15714 = LINE('',#15715,#15716);
#15715 = CARTESIAN_POINT('',(0.,0.));
#15716 = VECTOR('',#15717,1.);
#15717 = DIRECTION('',(1.,0.));
#15718 = ( GEOMETRIC_REPRESENTATION_CONTEXT(2) 
PARAMETRIC_REPRESENTATION_CONTEXT() REPRESENTATION_CONTEXT('2D SPACE',''
  ) );
#15719 = ORIENTED_EDGE('',*,*,#15670,.F.);
#15720 = ADVANCED_FACE('',(#15721),#15708,.T.);
#15721 = FACE_BOUND('',#15722,.T.);
#15722 = EDGE_LOOP('',(#15723,#15724,#15747,#15774));
#15723 = ORIENTED_EDGE('',*,*,#15693,.T.);
#15724 = ORIENTED_EDGE('',*,*,#15725,.T.);
#15725 = EDGE_CURVE('',#15671,#15726,#15728,.T.);
#15726 = VERTEX_POINT('',#15727);
#15727 = CARTESIAN_POINT('',(14.,0.,499.));
#15728 = SEAM_CURVE('',#15729,(#15733,#15740),.PCURVE_S1.);
#15729 = LINE('',#15730,#15731);
#15730 = CARTESIAN_POINT('',(13.7,0.,496.));
#15731 = VECTOR('',#15732,1.);
#15732 = DIRECTION('',(9.9503719021E-02,0.,0.99503719021));
#15733 = PCURVE('',#15708,#15734);
#15734 = DEFINITIONAL_REPRESENTATION('',(#15735),#15739);
#15735 = LINE('',#15736,#15737);
#15736 = CARTESIAN_POINT('',(0.,0.));
#15737 = VECTOR('',#15738,1.);
#15738 = DIRECTION('',(0.,1.));
#15739 = ( GEOMETRIC_REPRESENTATION_CONTEXT(2) 
PARAMETRIC_REPRESENTATION_CONTEXT() REPRESENTATION_CONTEXT('2D SPACE',''
  ) );
#15740 = PCURVE('',#15708,#15741);
#15741 = DEFINITIONAL_REPRESENTATION('',(#15742),#15746);
#15742 = LINE('',#15743,#15744);
#15743 = CARTESIAN_POINT('',(6.28318530718,0.));
#15744 = VECTOR('',#15745,1.);
#15745 = DIRECTION('',(0.,1.));
#15746 = ( GEOMETRIC_REPRESENTATION_CONTEXT(2) 
PARAMETRIC_REPRESENTATION_CONTEXT() REPRESENTATION_CONTEXT('2D SPACE',''
  ) );
#15747 = ORIENTED_EDGE('',*,*,#15748,.F.);
#15748 = EDGE_CURVE('',#15726,#15726,#15749,.T.);
#15749 = SURFACE_CURVE('',#15750,(#15755,#15762),.PCURVE_S1.);
#15750 = CIRCLE('',#15751,14.);
#15751 = AXIS2_PLACEMENT_3D('',#15752,#15753,#15754);
#15752 = CARTESIAN_POINT('',(0.,0.,499.));
#15753 = DIRECTION('',(0.,0.,1.));
#15754 = DIRECTION('',(1.,0.,-0.));
#15755 = PCURVE('',#15708,#15756);
#15756 = DEFINITIONAL_REPRESENTATION('',(#15757),#15761);
#15757 = LINE('',#15758,#15759);
#15758 = CARTESIAN_POINT('',(0.,3.));
#15759 = VECTOR('',#15760,1.);
#15760 = DIRECTION('',(1.,0.));
#15761 = ( GEOMETRIC_REPRESENTATION_CONTEXT(2) 
PARAMETRIC_REPRESENTATION_CONTEXT() REPRESENTATION_CONTEXT('2D SPACE',''
  ) );
#15762 = PCURVE('',#15763,#15768);
#15763 = CONICAL_SURFACE('',#15764,14.,9.966865249116E-02);
#15764 = AXIS2_PLACEMENT_3D('',#15765,#15766,#15767);
#15765 = CARTESIAN_POINT('',(0.,0.,499.));
#15766 = DIRECTION('',(-0.,-0.,-1.));
#15767 = DIRECTION('',(1.,0.,-0.));
#15768 = DEFINITIONAL_REPRESENTATION('',(#15769),#15773);
#15769 = LINE('',#15770,#15771);
#15770 = CARTESIAN_POINT('',(-0.,-0.));
#15771 = VECTOR('',#15772,1.);
#15772 = DIRECTION('',(-1.,-0.));
#15773 = ( GEOMETRIC_REPRESENTATION_CONTEXT(2) 
PARAMETRIC_REPRESENTATION_CONTEXT() REPRESENTATION_CONTEXT('2D SPACE',''
  ) );
#15774 = ORIENTED_EDGE('',*,*,#15725,.F.);
#15775 = ADVANCED_FACE('',(#15776),#15763,.T.);
#15776 = FACE_BOUND('',#15777,.T.);
#15777 = EDGE_LOOP('',(#15778,#15779,#15802,#15829));
#15778 = ORIENTED_EDGE('',*,*,#15748,.T.);
#15779 = ORIENTED_EDGE('',*,*,#15780,.T.);
#15780 = EDGE_CURVE('',#15726,#15781,#15783,.T.);
#15781 = VERTEX_POINT('',#15782);
#15782 = CARTESIAN_POINT('',(13.7,0.,502.));
#15783 = SEAM_CURVE('',#15784,(#15788,#15795),.PCURVE_S1.);
#15784 = LINE('',#15785,#15786);
#15785 = CARTESIAN_POINT('',(14.,0.,499.));
#15786 = VECTOR('',#15787,1.);
#15787 = DIRECTION('',(-9.9503719021E-02,0.,0.99503719021));
#15788 = PCURVE('',#15763,#15789);
#15789 = DEFINITIONAL_REPRESENTATION('',(#15790),#15794);
#15790 = LINE('',#15791,#15792);
#15791 = CARTESIAN_POINT('',(-0.,-0.));
#15792 = VECTOR('',#15793,1.);
#15793 = DIRECTION('',(-0.,-1.));
#15794 = ( GEOMETRIC_REPRESENTATION_CONTEXT(2) 
PARAMETRIC_REPRESENTATION_CONTEXT() REPRESENTATION_CONTEXT('2D SPACE',''
  ) );
#15795 = PCURVE('',#15763,#15796);
#15796 = DEFINITIONAL_REPRESENTATION('',(#15797),#15801);
#15797 = LINE('',#15798,#15799);
#15798 = CARTESIAN_POINT('',(-6.28318530718,-0.));
#15799 = VECTOR('',#15800,1.);
#15800 = DIRECTION('',(-0.,-1.));
#15801 = ( GEOMETRIC_REPRESENTATION_CONTEXT(2) 
PARAMETRIC_REPRESENTATION_CONTEXT() REPRESENTATION_CONTEXT('2D SPACE',''
  ) );
#15802 = ORIENTED_EDGE('',*,*,#15803,.F.);
#15803 = EDGE_CURVE('',#15781,#15781,#15804,.T.);
#15804 = SURFACE_CURVE('',#15805,(#15810,#15817),.PCURVE_S1.);
#15805 = CIRCLE('',#15806,13.7);
#15806 = AXIS2_PLACEMENT_3D('',#15807,#15808,#15809);
#15807 = CARTESIAN_POINT('',(0.,0.,502.));
#15808 = DIRECTION('',(0.,0.,1.));
#15809 = DIRECTION('',(1.,0.,-0.));
#15810 = PCURVE('',#15763,#15811);
#15811 = DEFINITIONAL_REPRESENTATION('',(#15812),#15816);
#15812 = LINE('',#15813,#15814);
#15813 = CARTESIAN_POINT('',(-0.,-3.));
#15814 = VECTOR('',#15815,1.);
#15815 = DIRECTION('',(-1.,-0.));
#15816 = ( GEOMETRIC_REPRESENTATION_CONTEXT(2) 
PARAMETRIC_REPRESENTATION_CONTEXT() REPRESENTATION_CONTEXT('2D SPACE',''
  ) );
#15817 = PCURVE('',#15818,#15823);
#15818 = CONICAL_SURFACE('',#15819,13.7,9.966865249116E-02);
#15819 = AXIS2_PLACEMENT_3D('',#15820,#15821,#15822);
#15820 = CARTESIAN_POINT('',(0.,0.,502.));
#15821 = DIRECTION('',(0.,0.,1.));
#15822 = DIRECTION('',(1.,0.,-0.));
#15823 = DEFINITIONAL_REPRESENTATION('',(#15824),#15828);
#15824 = LINE('',#15825,#15826);
#15825 = CARTESIAN_POINT('',(0.,0.));
#15826 = VECTOR('',#15827,1.);
#15827 = DIRECTION('',(1.,0.));
#15828 = ( GEOMETRIC_REPRESENTATION_CONTEXT(2) 
PARAMETRIC_REPRESENTATION_CONTEXT() REPRESENTATION_CONTEXT('2D SPACE',''
  ) );
#15829 = ORIENTED_EDGE('',*,*,#15780,.F.);
#15830 = ADVANCED_FACE('',(#15831),#15818,.T.);
#15831 = FACE_BOUND('',#15832,.T.);
#15832 = EDGE_LOOP('',(#15833,#15834,#15857,#15884));
#15833 = ORIENTED_EDGE('',*,*,#15803,.T.);
#15834 = ORIENTED_EDGE('',*,*,#15835,.T.);
#15835 = EDGE_CURVE('',#15781,#15836,#15838,.T.);
#15836 = VERTEX_POINT('',#15837);
#15837 = CARTESIAN_POINT('',(14.,0.,505.));
#15838 = SEAM_CURVE('',#15839,(#15843,#15850),.PCURVE_S1.);
#15839 = LINE('',#15840,#15841);
#15840 = CARTESIAN_POINT('',(13.7,0.,502.));
#15841 = VECTOR('',#15842,1.);
#15842 = DIRECTION('',(9.9503719021E-02,0.,0.99503719021));
#15843 = PCURVE('',#15818,#15844);
#15844 = DEFINITIONAL_REPRESENTATION('',(#15845),#15849);
#15845 = LINE('',#15846,#15847);
#15846 = CARTESIAN_POINT('',(0.,0.));
#15847 = VECTOR('',#15848,1.);
#15848 = DIRECTION('',(0.,1.));
#15849 = ( GEOMETRIC_REPRESENTATION_CONTEXT(2) 
PARAMETRIC_REPRESENTATION_CONTEXT() REPRESENTATION_CONTEXT('2D SPACE',''
  ) );
#15850 = PCURVE('',#15818,#15851);
#15851 = DEFINITIONAL_REPRESENTATION('',(#15852),#15856);
#15852 = LINE('',#15853,#15854);
#15853 = CARTESIAN_POINT('',(6.28318530718,0.));
#15854 = VECTOR('',#15855,1.);
#15855 = DIRECTION('',(0.,1.));
#15856 = ( GEOMETRIC_REPRESENTATION_CONTEXT(2) 
PARAMETRIC_REPRESENTATION_CONTEXT() REPRESENTATION_CONTEXT('2D SPACE',''
  ) );
#15857 = ORIENTED_EDGE('',*,*,#15858,.F.);
#15858 = EDGE_CURVE('',#15836,#15836,#15859,.T.);
#15859 = SURFACE_CURVE('',#15860,(#15865,#15872),.PCURVE_S1.);
#15860 = CIRCLE('',#15861,14.);
#15861 = AXIS2_PLACEMENT_3D('',#15862,#15863,#15864);
#15862 = CARTESIAN_POINT('',(0.,0.,505.));
#15863 = DIRECTION('',(0.,0.,1.));
#15864 = DIRECTION('',(1.,0.,-0.));
#15865 = PCURVE('',#15818,#15866);
#15866 = DEFINITIONAL_REPRESENTATION('',(#15867),#15871);
#15867 = LINE('',#15868,#15869);
#15868 = CARTESIAN_POINT('',(0.,3.));
#15869 = VECTOR('',#15870,1.);
#15870 = DIRECTION('',(1.,0.));
#15871 = ( GEOMETRIC_REPRESENTATION_CONTEXT(2) 
PARAMETRIC_REPRESENTATION_CONTEXT() REPRESENTATION_CONTEXT('2D SPACE',''
  ) );
#15872 = PCURVE('',#15873,#15878);
#15873 = CONICAL_SURFACE('',#15874,14.,9.966865249116E-02);
#15874 = AXIS2_PLACEMENT_3D('',#15875,#15876,#15877);
#15875 = CARTESIAN_POINT('',(0.,0.,505.));
#15876 = DIRECTION('',(-0.,-0.,-1.));
#15877 = DIRECTION('',(1.,0.,-0.));
#15878 = DEFINITIONAL_REPRESENTATION('',(#15879),#15883);
#15879 = LINE('',#15880,#15881);
#15880 = CARTESIAN_POINT('',(-0.,-0.));
#15881 = VECTOR('',#15882,1.);
#15882 = DIRECTION('',(-1.,-0.));
#15883 = ( GEOMETRIC_REPRESENTATION_CONTEXT(2) 
PARAMETRIC_REPRESENTATION_CONTEXT() REPRESENTATION_CONTEXT('2D SPACE',''
  ) );
#15884 = ORIENTED_EDGE('',*,*,#15835,.F.);
#15885 = ADVANCED_FACE('',(#15886),#15873,.T.);
#15886 = FACE_BOUND('',#15887,.T.);
#15887 = EDGE_LOOP('',(#15888,#15889,#15912,#15939));
#15888 = ORIENTED_EDGE('',*,*,#15858,.T.);
#15889 = ORIENTED_EDGE('',*,*,#15890,.T.);
#15890 = EDGE_CURVE('',#15836,#15891,#15893,.T.);
#15891 = VERTEX_POINT('',#15892);
#15892 = CARTESIAN_POINT('',(13.7,0.,508.));
#15893 = SEAM_CURVE('',#15894,(#15898,#15905),.PCURVE_S1.);
#15894 = LINE('',#15895,#15896);
#15895 = CARTESIAN_POINT('',(14.,0.,505.));
#15896 = VECTOR('',#15897,1.);
#15897 = DIRECTION('',(-9.9503719021E-02,0.,0.99503719021));
#15898 = PCURVE('',#15873,#15899);
#15899 = DEFINITIONAL_REPRESENTATION('',(#15900),#15904);
#15900 = LINE('',#15901,#15902);
#15901 = CARTESIAN_POINT('',(-0.,-0.));
#15902 = VECTOR('',#15903,1.);
#15903 = DIRECTION('',(-0.,-1.));
#15904 = ( GEOMETRIC_REPRESENTATION_CONTEXT(2) 
PARAMETRIC_REPRESENTATION_CONTEXT() REPRESENTATION_CONTEXT('2D SPACE',''
  ) );
#15905 = PCURVE('',#15873,#15906);
#15906 = DEFINITIONAL_REPRESENTATION('',(#15907),#15911);
#15907 = LINE('',#15908,#15909);
#15908 = CARTESIAN_POINT('',(-6.28318530718,-0.));
#15909 = VECTOR('',#15910,1.);
#15910 = DIRECTION('',(-0.,-1.));
#15911 = ( GEOMETRIC_REPRESENTATION_CONTEXT(2) 
PARAMETRIC_REPRESENTATION_CONTEXT() REPRESENTATION_CONTEXT('2D SPACE',''
  ) );
#15912 = ORIENTED_EDGE('',*,*,#15913,.F.);
#15913 = EDGE_CURVE('',#15891,#15891,#15914,.T.);
#15914 = SURFACE_CURVE('',#15915,(#15920,#15927),.PCURVE_S1.);
#15915 = CIRCLE('',#15916,13.7);
#15916 = AXIS2_PLACEMENT_3D('',#15917,#15918,#15919);
#15917 = CARTESIAN_POINT('',(0.,0.,508.));
#15918 = DIRECTION('',(0.,0.,1.));
#15919 = DIRECTION('',(1.,0.,-0.));
#15920 = PCURVE('',#15873,#15921);
#15921 = DEFINITIONAL_REPRESENTATION('',(#15922),#15926);
#15922 = LINE('',#15923,#15924);
#15923 = CARTESIAN_POINT('',(-0.,-3.));
#15924 = VECTOR('',#15925,1.);
#15925 = DIRECTION('',(-1.,-0.));
#15926 = ( GEOMETRIC_REPRESENTATION_CONTEXT(2) 
PARAMETRIC_REPRESENTATION_CONTEXT() REPRESENTATION_CONTEXT('2D SPACE',''
  ) );
#15927 = PCURVE('',#15928,#15933);
#15928 = CONICAL_SURFACE('',#15929,13.7,9.966865249116E-02);
#15929 = AXIS2_PLACEMENT_3D('',#15930,#15931,#15932);
#15930 = CARTESIAN_POINT('',(0.,0.,508.));
#15931 = DIRECTION('',(0.,0.,1.));
#15932 = DIRECTION('',(1.,0.,-0.));
#15933 = DEFINITIONAL_REPRESENTATION('',(#15934),#15938);
#15934 = LINE('',#15935,#15936);
#15935 = CARTESIAN_POINT('',(0.,0.));
#15936 = VECTOR('',#15937,1.);
#15937 = DIRECTION('',(1.,0.));
#15938 = ( GEOMETRIC_REPRESENTATION_CONTEXT(2) 
PARAMETRIC_REPRESENTATION_CONTEXT() REPRESENTATION_CONTEXT('2D SPACE',''
  ) );
#15939 = ORIENTED_EDGE('',*,*,#15890,.F.);
#15940 = ADVANCED_FACE('',(#15941),#15928,.T.);
#15941 = FACE_BOUND('',#15942,.T.);
#15942 = EDGE_LOOP('',(#15943,#15944,#15967,#15994));
#15943 = ORIENTED_EDGE('',*,*,#15913,.T.);
#15944 = ORIENTED_EDGE('',*,*,#15945,.T.);
#15945 = EDGE_CURVE('',#15891,#15946,#15948,.T.);
#15946 = VERTEX_POINT('',#15947);
#15947 = CARTESIAN_POINT('',(14.,0.,511.));
#15948 = SEAM_CURVE('',#15949,(#15953,#15960),.PCURVE_S1.);
#15949 = LINE('',#15950,#15951);
#15950 = CARTESIAN_POINT('',(13.7,0.,508.));
#15951 = VECTOR('',#15952,1.);
#15952 = DIRECTION('',(9.9503719021E-02,0.,0.99503719021));
#15953 = PCURVE('',#15928,#15954);
#15954 = DEFINITIONAL_REPRESENTATION('',(#15955),#15959);
#15955 = LINE('',#15956,#15957);
#15956 = CARTESIAN_POINT('',(0.,0.));
#15957 = VECTOR('',#15958,1.);
#15958 = DIRECTION('',(0.,1.));
#15959 = ( GEOMETRIC_REPRESENTATION_CONTEXT(2) 
PARAMETRIC_REPRESENTATION_CONTEXT() REPRESENTATION_CONTEXT('2D SPACE',''
  ) );
#15960 = PCURVE('',#15928,#15961);
#15961 = DEFINITIONAL_REPRESENTATION('',(#15962),#15966);
#15962 = LINE('',#15963,#15964);
#15963 = CARTESIAN_POINT('',(6.28318530718,0.));
#15964 = VECTOR('',#15965,1.);
#15965 = DIRECTION('',(0.,1.));
#15966 = ( GEOMETRIC_REPRESENTATION_CONTEXT(2) 
PARAMETRIC_REPRESENTATION_CONTEXT() REPRESENTATION_CONTEXT('2D SPACE',''
  ) );
#15967 = ORIENTED_EDGE('',*,*,#15968,.F.);
#15968 = EDGE_CURVE('',#15946,#15946,#15969,.T.);
#15969 = SURFACE_CURVE('',#15970,(#15975,#15982),.PCURVE_S1.);
#15970 = CIRCLE('',#15971,14.);
#15971 = AXIS2_PLACEMENT_3D('',#15972,#15973,#15974);
#15972 = CARTESIAN_POINT('',(0.,0.,511.));
#15973 = DIRECTION('',(0.,0.,1.));
#15974 = DIRECTION('',(1.,0.,-0.));
#15975 = PCURVE('',#15928,#15976);
#15976 = DEFINITIONAL_REPRESENTATION('',(#15977),#15981);
#15977 = LINE('',#15978,#15979);
#15978 = CARTESIAN_POINT('',(0.,3.));
#15979 = VECTOR('',#15980,1.);
#15980 = DIRECTION('',(1.,0.));
#15981 = ( GEOMETRIC_REPRESENTATION_CONTEXT(2) 
PARAMETRIC_REPRESENTATION_CONTEXT() REPRESENTATION_CONTEXT('2D SPACE',''
  ) );
#15982 = PCURVE('',#15983,#15988);
#15983 = CONICAL_SURFACE('',#15984,14.,9.966865249116E-02);
#15984 = AXIS2_PLACEMENT_3D('',#15985,#15986,#15987);
#15985 = CARTESIAN_POINT('',(0.,0.,511.));
#15986 = DIRECTION('',(-0.,-0.,-1.));
#15987 = DIRECTION('',(1.,0.,-0.));
#15988 = DEFINITIONAL_REPRESENTATION('',(#15989),#15993);
#15989 = LINE('',#15990,#15991);
#15990 = CARTESIAN_POINT('',(-0.,-0.));
#15991 = VECTOR('',#15992,1.);
#15992 = DIRECTION('',(-1.,-0.));
#15993 = ( GEOMETRIC_REPRESENTATION_CONTEXT(2) 
PARAMETRIC_REPRESENTATION_CONTEXT() REPRESENTATION_CONTEXT('2D SPACE',''
  ) );
#15994 = ORIENTED_EDGE('',*,*,#15945,.F.);
#15995 = ADVANCED_FACE('',(#15996),#15983,.T.);
#15996 = FACE_BOUND('',#15997,.T.);
#15997 = EDGE_LOOP('',(#15998,#15999,#16022,#16049));
#15998 = ORIENTED_EDGE('',*,*,#15968,.T.);
#15999 = ORIENTED_EDGE('',*,*,#16000,.T.);
#16000 = EDGE_CURVE('',#15946,#16001,#16003,.T.);
#16001 = VERTEX_POINT('',#16002);
#16002 = CARTESIAN_POINT('',(13.7,0.,514.));
#16003 = SEAM_CURVE('',#16004,(#16008,#16015),.PCURVE_S1.);
#16004 = LINE('',#16005,#16006);
#16005 = CARTESIAN_POINT('',(14.,0.,511.));
#16006 = VECTOR('',#16007,1.);
#16007 = DIRECTION('',(-9.9503719021E-02,0.,0.99503719021));
#16008 = PCURVE('',#15983,#16009);
#16009 = DEFINITIONAL_REPRESENTATION('',(#16010),#16014);
#16010 = LINE('',#16011,#16012);
#16011 = CARTESIAN_POINT('',(-0.,-0.));
#16012 = VECTOR('',#16013,1.);
#16013 = DIRECTION('',(-0.,-1.));
#16014 = ( GEOMETRIC_REPRESENTATION_CONTEXT(2) 
PARAMETRIC_REPRESENTATION_CONTEXT() REPRESENTATION_CONTEXT('2D SPACE',''
  ) );
#16015 = PCURVE('',#15983,#16016);
#16016 = DEFINITIONAL_REPRESENTATION('',(#16017),#16021);
#16017 = LINE('',#16018,#16019);
#16018 = CARTESIAN_POINT('',(-6.28318530718,-0.));
#16019 = VECTOR('',#16020,1.);
#16020 = DIRECTION('',(-0.,-1.));
#16021 = ( GEOMETRIC_REPRESENTATION_CONTEXT(2) 
PARAMETRIC_REPRESENTATION_CONTEXT() REPRESENTATION_CONTEXT('2D SPACE',''
  ) );
#16022 = ORIENTED_EDGE('',*,*,#16023,.F.);
#16023 = EDGE_CURVE('',#16001,#16001,#16024,.T.);
#16024 = SURFACE_CURVE('',#16025,(#16030,#16037),.PCURVE_S1.);
#16025 = CIRCLE('',#16026,13.7);
#16026 = AXIS2_PLACEMENT_3D('',#16027,#16028,#16029);
#16027 = CARTESIAN_POINT('',(0.,0.,514.));
#16028 = DIRECTION('',(0.,0.,1.));
#16029 = DIRECTION('',(1.,0.,-0.));
#16030 = PCURVE('',#15983,#16031);
#16031 = DEFINITIONAL_REPRESENTATION('',(#16032),#16036);
#16032 = LINE('',#16033,#16034);
#16033 = CARTESIAN_POINT('',(-0.,-3.));
#16034 = VECTOR('',#16035,1.);
#16035 = DIRECTION('',(-1.,-0.));
#16036 = ( GEOMETRIC_REPRESENTATION_CONTEXT(2) 
PARAMETRIC_REPRESENTATION_CONTEXT() REPRESENTATION_CONTEXT('2D SPACE',''
  ) );
#16037 = PCURVE('',#16038,#16043);
#16038 = CONICAL_SURFACE('',#16039,13.7,9.966865249116E-02);
#16039 = AXIS2_PLACEMENT_3D('',#16040,#16041,#16042);
#16040 = CARTESIAN_POINT('',(0.,0.,514.));
#16041 = DIRECTION('',(0.,0.,1.));
#16042 = DIRECTION('',(1.,0.,-0.));
#16043 = DEFINITIONAL_REPRESENTATION('',(#16044),#16048);
#16044 = LINE('',#16045,#16046);
#16045 = CARTESIAN_POINT('',(0.,0.));
#16046 = VECTOR('',#16047,1.);
#16047 = DIRECTION('',(1.,0.));
#16048 = ( GEOMETRIC_REPRESENTATION_CONTEXT(2) 
PARAMETRIC_REPRESENTATION_CONTEXT() REPRESENTATION_CONTEXT('2D SPACE',''
  ) );
#16049 = ORIENTED_EDGE('',*,*,#16000,.F.);
#16050 = ADVANCED_FACE('',(#16051),#16038,.T.);
#16051 = FACE_BOUND('',#16052,.T.);
#16052 = EDGE_LOOP('',(#16053,#16054,#16077,#16104));
#16053 = ORIENTED_EDGE('',*,*,#16023,.T.);
#16054 = ORIENTED_EDGE('',*,*,#16055,.T.);
#16055 = EDGE_CURVE('',#16001,#16056,#16058,.T.);
#16056 = VERTEX_POINT('',#16057);
#16057 = CARTESIAN_POINT('',(14.,0.,517.));
#16058 = SEAM_CURVE('',#16059,(#16063,#16070),.PCURVE_S1.);
#16059 = LINE('',#16060,#16061);
#16060 = CARTESIAN_POINT('',(13.7,0.,514.));
#16061 = VECTOR('',#16062,1.);
#16062 = DIRECTION('',(9.9503719021E-02,0.,0.99503719021));
#16063 = PCURVE('',#16038,#16064);
#16064 = DEFINITIONAL_REPRESENTATION('',(#16065),#16069);
#16065 = LINE('',#16066,#16067);
#16066 = CARTESIAN_POINT('',(0.,0.));
#16067 = VECTOR('',#16068,1.);
#16068 = DIRECTION('',(0.,1.));
#16069 = ( GEOMETRIC_REPRESENTATION_CONTEXT(2) 
PARAMETRIC_REPRESENTATION_CONTEXT() REPRESENTATION_CONTEXT('2D SPACE',''
  ) );
#16070 = PCURVE('',#16038,#16071);
#16071 = DEFINITIONAL_REPRESENTATION('',(#16072),#16076);
#16072 = LINE('',#16073,#16074);
#16073 = CARTESIAN_POINT('',(6.28318530718,0.));
#16074 = VECTOR('',#16075,1.);
#16075 = DIRECTION('',(0.,1.));
#16076 = ( GEOMETRIC_REPRESENTATION_CONTEXT(2) 
PARAMETRIC_REPRESENTATION_CONTEXT() REPRESENTATION_CONTEXT('2D SPACE',''
  ) );
#16077 = ORIENTED_EDGE('',*,*,#16078,.F.);
#16078 = EDGE_CURVE('',#16056,#16056,#16079,.T.);
#16079 = SURFACE_CURVE('',#16080,(#16085,#16092),.PCURVE_S1.);
#16080 = CIRCLE('',#16081,14.);
#16081 = AXIS2_PLACEMENT_3D('',#16082,#16083,#16084);
#16082 = CARTESIAN_POINT('',(0.,0.,517.));
#16083 = DIRECTION('',(0.,0.,1.));
#16084 = DIRECTION('',(1.,0.,-0.));
#16085 = PCURVE('',#16038,#16086);
#16086 = DEFINITIONAL_REPRESENTATION('',(#16087),#16091);
#16087 = LINE('',#16088,#16089);
#16088 = CARTESIAN_POINT('',(0.,3.));
#16089 = VECTOR('',#16090,1.);
#16090 = DIRECTION('',(1.,0.));
#16091 = ( GEOMETRIC_REPRESENTATION_CONTEXT(2) 
PARAMETRIC_REPRESENTATION_CONTEXT() REPRESENTATION_CONTEXT('2D SPACE',''
  ) );
#16092 = PCURVE('',#16093,#16098);
#16093 = CONICAL_SURFACE('',#16094,14.,9.966865249116E-02);
#16094 = AXIS2_PLACEMENT_3D('',#16095,#16096,#16097);
#16095 = CARTESIAN_POINT('',(0.,0.,517.));
#16096 = DIRECTION('',(-0.,-0.,-1.));
#16097 = DIRECTION('',(1.,0.,-0.));
#16098 = DEFINITIONAL_REPRESENTATION('',(#16099),#16103);
#16099 = LINE('',#16100,#16101);
#16100 = CARTESIAN_POINT('',(-0.,-0.));
#16101 = VECTOR('',#16102,1.);
#16102 = DIRECTION('',(-1.,-0.));
#16103 = ( GEOMETRIC_REPRESENTATION_CONTEXT(2) 
PARAMETRIC_REPRESENTATION_CONTEXT() REPRESENTATION_CONTEXT('2D SPACE',''
  ) );
#16104 = ORIENTED_EDGE('',*,*,#16055,.F.);
#16105 = ADVANCED_FACE('',(#16106),#16093,.T.);
#16106 = FACE_BOUND('',#16107,.T.);
#16107 = EDGE_LOOP('',(#16108,#16109,#16132,#16159));
#16108 = ORIENTED_EDGE('',*,*,#16078,.T.);
#16109 = ORIENTED_EDGE('',*,*,#16110,.T.);
#16110 = EDGE_CURVE('',#16056,#16111,#16113,.T.);
#16111 = VERTEX_POINT('',#16112);
#16112 = CARTESIAN_POINT('',(13.7,0.,520.));
#16113 = SEAM_CURVE('',#16114,(#16118,#16125),.PCURVE_S1.);
#16114 = LINE('',#16115,#16116);
#16115 = CARTESIAN_POINT('',(14.,0.,517.));
#16116 = VECTOR('',#16117,1.);
#16117 = DIRECTION('',(-9.9503719021E-02,0.,0.99503719021));
#16118 = PCURVE('',#16093,#16119);
#16119 = DEFINITIONAL_REPRESENTATION('',(#16120),#16124);
#16120 = LINE('',#16121,#16122);
#16121 = CARTESIAN_POINT('',(-0.,-0.));
#16122 = VECTOR('',#16123,1.);
#16123 = DIRECTION('',(-0.,-1.));
#16124 = ( GEOMETRIC_REPRESENTATION_CONTEXT(2) 
PARAMETRIC_REPRESENTATION_CONTEXT() REPRESENTATION_CONTEXT('2D SPACE',''
  ) );
#16125 = PCURVE('',#16093,#16126);
#16126 = DEFINITIONAL_REPRESENTATION('',(#16127),#16131);
#16127 = LINE('',#16128,#16129);
#16128 = CARTESIAN_POINT('',(-6.28318530718,-0.));
#16129 = VECTOR('',#16130,1.);
#16130 = DIRECTION('',(-0.,-1.));
#16131 = ( GEOMETRIC_REPRESENTATION_CONTEXT(2) 
PARAMETRIC_REPRESENTATION_CONTEXT() REPRESENTATION_CONTEXT('2D SPACE',''
  ) );
#16132 = ORIENTED_EDGE('',*,*,#16133,.F.);
#16133 = EDGE_CURVE('',#16111,#16111,#16134,.T.);
#16134 = SURFACE_CURVE('',#16135,(#16140,#16147),.PCURVE_S1.);
#16135 = CIRCLE('',#16136,13.7);
#16136 = AXIS2_PLACEMENT_3D('',#16137,#16138,#16139);
#16137 = CARTESIAN_POINT('',(0.,0.,520.));
#16138 = DIRECTION('',(0.,0.,1.));
#16139 = DIRECTION('',(1.,0.,-0.));
#16140 = PCURVE('',#16093,#16141);
#16141 = DEFINITIONAL_REPRESENTATION('',(#16142),#16146);
#16142 = LINE('',#16143,#16144);
#16143 = CARTESIAN_POINT('',(-0.,-3.));
#16144 = VECTOR('',#16145,1.);
#16145 = DIRECTION('',(-1.,-0.));
#16146 = ( GEOMETRIC_REPRESENTATION_CONTEXT(2) 
PARAMETRIC_REPRESENTATION_CONTEXT() REPRESENTATION_CONTEXT('2D SPACE',''
  ) );
#16147 = PCURVE('',#16148,#16153);
#16148 = CONICAL_SURFACE('',#16149,13.7,9.966865249116E-02);
#16149 = AXIS2_PLACEMENT_3D('',#16150,#16151,#16152);
#16150 = CARTESIAN_POINT('',(0.,0.,520.));
#16151 = DIRECTION('',(0.,0.,1.));
#16152 = DIRECTION('',(1.,0.,-0.));
#16153 = DEFINITIONAL_REPRESENTATION('',(#16154),#16158);
#16154 = LINE('',#16155,#16156);
#16155 = CARTESIAN_POINT('',(0.,0.));
#16156 = VECTOR('',#16157,1.);
#16157 = DIRECTION('',(1.,0.));
#16158 = ( GEOMETRIC_REPRESENTATION_CONTEXT(2) 
PARAMETRIC_REPRESENTATION_CONTEXT() REPRESENTATION_CONTEXT('2D SPACE',''
  ) );
#16159 = ORIENTED_EDGE('',*,*,#16110,.F.);
#16160 = ADVANCED_FACE('',(#16161),#16148,.T.);
#16161 = FACE_BOUND('',#16162,.T.);
#16162 = EDGE_LOOP('',(#16163,#16164,#16187,#16214));
#16163 = ORIENTED_EDGE('',*,*,#16133,.T.);
#16164 = ORIENTED_EDGE('',*,*,#16165,.T.);
#16165 = EDGE_CURVE('',#16111,#16166,#16168,.T.);
#16166 = VERTEX_POINT('',#16167);
#16167 = CARTESIAN_POINT('',(14.,0.,523.));
#16168 = SEAM_CURVE('',#16169,(#16173,#16180),.PCURVE_S1.);
#16169 = LINE('',#16170,#16171);
#16170 = CARTESIAN_POINT('',(13.7,0.,520.));
#16171 = VECTOR('',#16172,1.);
#16172 = DIRECTION('',(9.9503719021E-02,0.,0.99503719021));
#16173 = PCURVE('',#16148,#16174);
#16174 = DEFINITIONAL_REPRESENTATION('',(#16175),#16179);
#16175 = LINE('',#16176,#16177);
#16176 = CARTESIAN_POINT('',(0.,0.));
#16177 = VECTOR('',#16178,1.);
#16178 = DIRECTION('',(0.,1.));
#16179 = ( GEOMETRIC_REPRESENTATION_CONTEXT(2) 
PARAMETRIC_REPRESENTATION_CONTEXT() REPRESENTATION_CONTEXT('2D SPACE',''
  ) );
#16180 = PCURVE('',#16148,#16181);
#16181 = DEFINITIONAL_REPRESENTATION('',(#16182),#16186);
#16182 = LINE('',#16183,#16184);
#16183 = CARTESIAN_POINT('',(6.28318530718,0.));
#16184 = VECTOR('',#16185,1.);
#16185 = DIRECTION('',(0.,1.));
#16186 = ( GEOMETRIC_REPRESENTATION_CONTEXT(2) 
PARAMETRIC_REPRESENTATION_CONTEXT() REPRESENTATION_CONTEXT('2D SPACE',''
  ) );
#16187 = ORIENTED_EDGE('',*,*,#16188,.F.);
#16188 = EDGE_CURVE('',#16166,#16166,#16189,.T.);
#16189 = SURFACE_CURVE('',#16190,(#16195,#16202),.PCURVE_S1.);
#16190 = CIRCLE('',#16191,14.);
#16191 = AXIS2_PLACEMENT_3D('',#16192,#16193,#16194);
#16192 = CARTESIAN_POINT('',(0.,0.,523.));
#16193 = DIRECTION('',(0.,0.,1.));
#16194 = DIRECTION('',(1.,0.,-0.));
#16195 = PCURVE('',#16148,#16196);
#16196 = DEFINITIONAL_REPRESENTATION('',(#16197),#16201);
#16197 = LINE('',#16198,#16199);
#16198 = CARTESIAN_POINT('',(0.,3.));
#16199 = VECTOR('',#16200,1.);
#16200 = DIRECTION('',(1.,0.));
#16201 = ( GEOMETRIC_REPRESENTATION_CONTEXT(2) 
PARAMETRIC_REPRESENTATION_CONTEXT() REPRESENTATION_CONTEXT('2D SPACE',''
  ) );
#16202 = PCURVE('',#16203,#16208);
#16203 = CONICAL_SURFACE('',#16204,14.,9.966865249116E-02);
#16204 = AXIS2_PLACEMENT_3D('',#16205,#16206,#16207);
#16205 = CARTESIAN_POINT('',(0.,0.,523.));
#16206 = DIRECTION('',(-0.,-0.,-1.));
#16207 = DIRECTION('',(1.,0.,-0.));
#16208 = DEFINITIONAL_REPRESENTATION('',(#16209),#16213);
#16209 = LINE('',#16210,#16211);
#16210 = CARTESIAN_POINT('',(-0.,-0.));
#16211 = VECTOR('',#16212,1.);
#16212 = DIRECTION('',(-1.,-0.));
#16213 = ( GEOMETRIC_REPRESENTATION_CONTEXT(2) 
PARAMETRIC_REPRESENTATION_CONTEXT() REPRESENTATION_CONTEXT('2D SPACE',''
  ) );
#16214 = ORIENTED_EDGE('',*,*,#16165,.F.);
#16215 = ADVANCED_FACE('',(#16216),#16203,.T.);
#16216 = FACE_BOUND('',#16217,.T.);
#16217 = EDGE_LOOP('',(#16218,#16219,#16242,#16269));
#16218 = ORIENTED_EDGE('',*,*,#16188,.T.);
#16219 = ORIENTED_EDGE('',*,*,#16220,.T.);
#16220 = EDGE_CURVE('',#16166,#16221,#16223,.T.);
#16221 = VERTEX_POINT('',#16222);
#16222 = CARTESIAN_POINT('',(13.7,0.,526.));
#16223 = SEAM_CURVE('',#16224,(#16228,#16235),.PCURVE_S1.);
#16224 = LINE('',#16225,#16226);
#16225 = CARTESIAN_POINT('',(14.,0.,523.));
#16226 = VECTOR('',#16227,1.);
#16227 = DIRECTION('',(-9.9503719021E-02,0.,0.99503719021));
#16228 = PCURVE('',#16203,#16229);
#16229 = DEFINITIONAL_REPRESENTATION('',(#16230),#16234);
#16230 = LINE('',#16231,#16232);
#16231 = CARTESIAN_POINT('',(-0.,-0.));
#16232 = VECTOR('',#16233,1.);
#16233 = DIRECTION('',(-0.,-1.));
#16234 = ( GEOMETRIC_REPRESENTATION_CONTEXT(2) 
PARAMETRIC_REPRESENTATION_CONTEXT() REPRESENTATION_CONTEXT('2D SPACE',''
  ) );
#16235 = PCURVE('',#16203,#16236);
#16236 = DEFINITIONAL_REPRESENTATION('',(#16237),#16241);
#16237 = LINE('',#16238,#16239);
#16238 = CARTESIAN_POINT('',(-6.28318530718,-0.));
#16239 = VECTOR('',#16240,1.);
#16240 = DIRECTION('',(-0.,-1.));
#16241 = ( GEOMETRIC_REPRESENTATION_CONTEXT(2) 
PARAMETRIC_REPRESENTATION_CONTEXT() REPRESENTATION_CONTEXT('2D SPACE',''
  ) );
#16242 = ORIENTED_EDGE('',*,*,#16243,.F.);
#16243 = EDGE_CURVE('',#16221,#16221,#16244,.T.);
#16244 = SURFACE_CURVE('',#16245,(#16250,#16257),.PCURVE_S1.);
#16245 = CIRCLE('',#16246,13.7);
#16246 = AXIS2_PLACEMENT_3D('',#16247,#16248,#16249);
#16247 = CARTESIAN_POINT('',(0.,0.,526.));
#16248 = DIRECTION('',(0.,0.,1.));
#16249 = DIRECTION('',(1.,0.,-0.));
#16250 = PCURVE('',#16203,#16251);
#16251 = DEFINITIONAL_REPRESENTATION('',(#16252),#16256);
#16252 = LINE('',#16253,#16254);
#16253 = CARTESIAN_POINT('',(-0.,-3.));
#16254 = VECTOR('',#16255,1.);
#16255 = DIRECTION('',(-1.,-0.));
#16256 = ( GEOMETRIC_REPRESENTATION_CONTEXT(2) 
PARAMETRIC_REPRESENTATION_CONTEXT() REPRESENTATION_CONTEXT('2D SPACE',''
  ) );
#16257 = PCURVE('',#16258,#16263);
#16258 = CONICAL_SURFACE('',#16259,13.7,9.966865249116E-02);
#16259 = AXIS2_PLACEMENT_3D('',#16260,#16261,#16262);
#16260 = CARTESIAN_POINT('',(0.,0.,526.));
#16261 = DIRECTION('',(0.,0.,1.));
#16262 = DIRECTION('',(1.,0.,-0.));
#16263 = DEFINITIONAL_REPRESENTATION('',(#16264),#16268);
#16264 = LINE('',#16265,#16266);
#16265 = CARTESIAN_POINT('',(0.,0.));
#16266 = VECTOR('',#16267,1.);
#16267 = DIRECTION('',(1.,0.));
#16268 = ( GEOMETRIC_REPRESENTATION_CONTEXT(2) 
PARAMETRIC_REPRESENTATION_CONTEXT() REPRESENTATION_CONTEXT('2D SPACE',''
  ) );
#16269 = ORIENTED_EDGE('',*,*,#16220,.F.);
#16270 = ADVANCED_FACE('',(#16271),#16258,.T.);
#16271 = FACE_BOUND('',#16272,.T.);
#16272 = EDGE_LOOP('',(#16273,#16274,#16297,#16324));
#16273 = ORIENTED_EDGE('',*,*,#16243,.T.);
#16274 = ORIENTED_EDGE('',*,*,#16275,.T.);
#16275 = EDGE_CURVE('',#16221,#16276,#16278,.T.);
#16276 = VERTEX_POINT('',#16277);
#16277 = CARTESIAN_POINT('',(14.,0.,529.));
#16278 = SEAM_CURVE('',#16279,(#16283,#16290),.PCURVE_S1.);
#16279 = LINE('',#16280,#16281);
#16280 = CARTESIAN_POINT('',(13.7,0.,526.));
#16281 = VECTOR('',#16282,1.);
#16282 = DIRECTION('',(9.9503719021E-02,0.,0.99503719021));
#16283 = PCURVE('',#16258,#16284);
#16284 = DEFINITIONAL_REPRESENTATION('',(#16285),#16289);
#16285 = LINE('',#16286,#16287);
#16286 = CARTESIAN_POINT('',(0.,0.));
#16287 = VECTOR('',#16288,1.);
#16288 = DIRECTION('',(0.,1.));
#16289 = ( GEOMETRIC_REPRESENTATION_CONTEXT(2) 
PARAMETRIC_REPRESENTATION_CONTEXT() REPRESENTATION_CONTEXT('2D SPACE',''
  ) );
#16290 = PCURVE('',#16258,#16291);
#16291 = DEFINITIONAL_REPRESENTATION('',(#16292),#16296);
#16292 = LINE('',#16293,#16294);
#16293 = CARTESIAN_POINT('',(6.28318530718,0.));
#16294 = VECTOR('',#16295,1.);
#16295 = DIRECTION('',(0.,1.));
#16296 = ( GEOMETRIC_REPRESENTATION_CONTEXT(2) 
PARAMETRIC_REPRESENTATION_CONTEXT() REPRESENTATION_CONTEXT('2D SPACE',''
  ) );
#16297 = ORIENTED_EDGE('',*,*,#16298,.F.);
#16298 = EDGE_CURVE('',#16276,#16276,#16299,.T.);
#16299 = SURFACE_CURVE('',#16300,(#16305,#16312),.PCURVE_S1.);
#16300 = CIRCLE('',#16301,14.);
#16301 = AXIS2_PLACEMENT_3D('',#16302,#16303,#16304);
#16302 = CARTESIAN_POINT('',(0.,0.,529.));
#16303 = DIRECTION('',(0.,0.,1.));
#16304 = DIRECTION('',(1.,0.,-0.));
#16305 = PCURVE('',#16258,#16306);
#16306 = DEFINITIONAL_REPRESENTATION('',(#16307),#16311);
#16307 = LINE('',#16308,#16309);
#16308 = CARTESIAN_POINT('',(0.,3.));
#16309 = VECTOR('',#16310,1.);
#16310 = DIRECTION('',(1.,0.));
#16311 = ( GEOMETRIC_REPRESENTATION_CONTEXT(2) 
PARAMETRIC_REPRESENTATION_CONTEXT() REPRESENTATION_CONTEXT('2D SPACE',''
  ) );
#16312 = PCURVE('',#16313,#16318);
#16313 = CONICAL_SURFACE('',#16314,14.,9.966865249116E-02);
#16314 = AXIS2_PLACEMENT_3D('',#16315,#16316,#16317);
#16315 = CARTESIAN_POINT('',(0.,0.,529.));
#16316 = DIRECTION('',(-0.,-0.,-1.));
#16317 = DIRECTION('',(1.,0.,-0.));
#16318 = DEFINITIONAL_REPRESENTATION('',(#16319),#16323);
#16319 = LINE('',#16320,#16321);
#16320 = CARTESIAN_POINT('',(-0.,-0.));
#16321 = VECTOR('',#16322,1.);
#16322 = DIRECTION('',(-1.,-0.));
#16323 = ( GEOMETRIC_REPRESENTATION_CONTEXT(2) 
PARAMETRIC_REPRESENTATION_CONTEXT() REPRESENTATION_CONTEXT('2D SPACE',''
  ) );
#16324 = ORIENTED_EDGE('',*,*,#16275,.F.);
#16325 = ADVANCED_FACE('',(#16326),#16313,.T.);
#16326 = FACE_BOUND('',#16327,.T.);
#16327 = EDGE_LOOP('',(#16328,#16329,#16352,#16379));
#16328 = ORIENTED_EDGE('',*,*,#16298,.T.);
#16329 = ORIENTED_EDGE('',*,*,#16330,.T.);
#16330 = EDGE_CURVE('',#16276,#16331,#16333,.T.);
#16331 = VERTEX_POINT('',#16332);
#16332 = CARTESIAN_POINT('',(13.7,0.,532.));
#16333 = SEAM_CURVE('',#16334,(#16338,#16345),.PCURVE_S1.);
#16334 = LINE('',#16335,#16336);
#16335 = CARTESIAN_POINT('',(14.,0.,529.));
#16336 = VECTOR('',#16337,1.);
#16337 = DIRECTION('',(-9.9503719021E-02,0.,0.99503719021));
#16338 = PCURVE('',#16313,#16339);
#16339 = DEFINITIONAL_REPRESENTATION('',(#16340),#16344);
#16340 = LINE('',#16341,#16342);
#16341 = CARTESIAN_POINT('',(-0.,-0.));
#16342 = VECTOR('',#16343,1.);
#16343 = DIRECTION('',(-0.,-1.));
#16344 = ( GEOMETRIC_REPRESENTATION_CONTEXT(2) 
PARAMETRIC_REPRESENTATION_CONTEXT() REPRESENTATION_CONTEXT('2D SPACE',''
  ) );
#16345 = PCURVE('',#16313,#16346);
#16346 = DEFINITIONAL_REPRESENTATION('',(#16347),#16351);
#16347 = LINE('',#16348,#16349);
#16348 = CARTESIAN_POINT('',(-6.28318530718,-0.));
#16349 = VECTOR('',#16350,1.);
#16350 = DIRECTION('',(-0.,-1.));
#16351 = ( GEOMETRIC_REPRESENTATION_CONTEXT(2) 
PARAMETRIC_REPRESENTATION_CONTEXT() REPRESENTATION_CONTEXT('2D SPACE',''
  ) );
#16352 = ORIENTED_EDGE('',*,*,#16353,.F.);
#16353 = EDGE_CURVE('',#16331,#16331,#16354,.T.);
#16354 = SURFACE_CURVE('',#16355,(#16360,#16367),.PCURVE_S1.);
#16355 = CIRCLE('',#16356,13.7);
#16356 = AXIS2_PLACEMENT_3D('',#16357,#16358,#16359);
#16357 = CARTESIAN_POINT('',(0.,0.,532.));
#16358 = DIRECTION('',(0.,0.,1.));
#16359 = DIRECTION('',(1.,0.,-0.));
#16360 = PCURVE('',#16313,#16361);
#16361 = DEFINITIONAL_REPRESENTATION('',(#16362),#16366);
#16362 = LINE('',#16363,#16364);
#16363 = CARTESIAN_POINT('',(-0.,-3.));
#16364 = VECTOR('',#16365,1.);
#16365 = DIRECTION('',(-1.,-0.));
#16366 = ( GEOMETRIC_REPRESENTATION_CONTEXT(2) 
PARAMETRIC_REPRESENTATION_CONTEXT() REPRESENTATION_CONTEXT('2D SPACE',''
  ) );
#16367 = PCURVE('',#16368,#16373);
#16368 = CONICAL_SURFACE('',#16369,13.7,9.966865249116E-02);
#16369 = AXIS2_PLACEMENT_3D('',#16370,#16371,#16372);
#16370 = CARTESIAN_POINT('',(0.,0.,532.));
#16371 = DIRECTION('',(0.,0.,1.));
#16372 = DIRECTION('',(1.,0.,-0.));
#16373 = DEFINITIONAL_REPRESENTATION('',(#16374),#16378);
#16374 = LINE('',#16375,#16376);
#16375 = CARTESIAN_POINT('',(0.,0.));
#16376 = VECTOR('',#16377,1.);
#16377 = DIRECTION('',(1.,0.));
#16378 = ( GEOMETRIC_REPRESENTATION_CONTEXT(2) 
PARAMETRIC_REPRESENTATION_CONTEXT() REPRESENTATION_CONTEXT('2D SPACE',''
  ) );
#16379 = ORIENTED_EDGE('',*,*,#16330,.F.);
#16380 = ADVANCED_FACE('',(#16381),#16368,.T.);
#16381 = FACE_BOUND('',#16382,.T.);
#16382 = EDGE_LOOP('',(#16383,#16384,#16407,#16434));
#16383 = ORIENTED_EDGE('',*,*,#16353,.T.);
#16384 = ORIENTED_EDGE('',*,*,#16385,.T.);
#16385 = EDGE_CURVE('',#16331,#16386,#16388,.T.);
#16386 = VERTEX_POINT('',#16387);
#16387 = CARTESIAN_POINT('',(14.,0.,535.));
#16388 = SEAM_CURVE('',#16389,(#16393,#16400),.PCURVE_S1.);
#16389 = LINE('',#16390,#16391);
#16390 = CARTESIAN_POINT('',(13.7,0.,532.));
#16391 = VECTOR('',#16392,1.);
#16392 = DIRECTION('',(9.9503719021E-02,0.,0.99503719021));
#16393 = PCURVE('',#16368,#16394);
#16394 = DEFINITIONAL_REPRESENTATION('',(#16395),#16399);
#16395 = LINE('',#16396,#16397);
#16396 = CARTESIAN_POINT('',(0.,0.));
#16397 = VECTOR('',#16398,1.);
#16398 = DIRECTION('',(0.,1.));
#16399 = ( GEOMETRIC_REPRESENTATION_CONTEXT(2) 
PARAMETRIC_REPRESENTATION_CONTEXT() REPRESENTATION_CONTEXT('2D SPACE',''
  ) );
#16400 = PCURVE('',#16368,#16401);
#16401 = DEFINITIONAL_REPRESENTATION('',(#16402),#16406);
#16402 = LINE('',#16403,#16404);
#16403 = CARTESIAN_POINT('',(6.28318530718,0.));
#16404 = VECTOR('',#16405,1.);
#16405 = DIRECTION('',(0.,1.));
#16406 = ( GEOMETRIC_REPRESENTATION_CONTEXT(2) 
PARAMETRIC_REPRESENTATION_CONTEXT() REPRESENTATION_CONTEXT('2D SPACE',''
  ) );
#16407 = ORIENTED_EDGE('',*,*,#16408,.F.);
#16408 = EDGE_CURVE('',#16386,#16386,#16409,.T.);
#16409 = SURFACE_CURVE('',#16410,(#16415,#16422),.PCURVE_S1.);
#16410 = CIRCLE('',#16411,14.);
#16411 = AXIS2_PLACEMENT_3D('',#16412,#16413,#16414);
#16412 = CARTESIAN_POINT('',(0.,0.,535.));
#16413 = DIRECTION('',(0.,0.,1.));
#16414 = DIRECTION('',(1.,0.,-0.));
#16415 = PCURVE('',#16368,#16416);
#16416 = DEFINITIONAL_REPRESENTATION('',(#16417),#16421);
#16417 = LINE('',#16418,#16419);
#16418 = CARTESIAN_POINT('',(0.,3.));
#16419 = VECTOR('',#16420,1.);
#16420 = DIRECTION('',(1.,0.));
#16421 = ( GEOMETRIC_REPRESENTATION_CONTEXT(2) 
PARAMETRIC_REPRESENTATION_CONTEXT() REPRESENTATION_CONTEXT('2D SPACE',''
  ) );
#16422 = PCURVE('',#16423,#16428);
#16423 = CONICAL_SURFACE('',#16424,14.,9.966865249116E-02);
#16424 = AXIS2_PLACEMENT_3D('',#16425,#16426,#16427);
#16425 = CARTESIAN_POINT('',(0.,0.,535.));
#16426 = DIRECTION('',(-0.,-0.,-1.));
#16427 = DIRECTION('',(1.,0.,-0.));
#16428 = DEFINITIONAL_REPRESENTATION('',(#16429),#16433);
#16429 = LINE('',#16430,#16431);
#16430 = CARTESIAN_POINT('',(-0.,-0.));
#16431 = VECTOR('',#16432,1.);
#16432 = DIRECTION('',(-1.,-0.));
#16433 = ( GEOMETRIC_REPRESENTATION_CONTEXT(2) 
PARAMETRIC_REPRESENTATION_CONTEXT() REPRESENTATION_CONTEXT('2D SPACE',''
  ) );
#16434 = ORIENTED_EDGE('',*,*,#16385,.F.);
#16435 = ADVANCED_FACE('',(#16436),#16423,.T.);
#16436 = FACE_BOUND('',#16437,.T.);
#16437 = EDGE_LOOP('',(#16438,#16439,#16462,#16489));
#16438 = ORIENTED_EDGE('',*,*,#16408,.T.);
#16439 = ORIENTED_EDGE('',*,*,#16440,.T.);
#16440 = EDGE_CURVE('',#16386,#16441,#16443,.T.);
#16441 = VERTEX_POINT('',#16442);
#16442 = CARTESIAN_POINT('',(13.7,0.,538.));
#16443 = SEAM_CURVE('',#16444,(#16448,#16455),.PCURVE_S1.);
#16444 = LINE('',#16445,#16446);
#16445 = CARTESIAN_POINT('',(14.,0.,535.));
#16446 = VECTOR('',#16447,1.);
#16447 = DIRECTION('',(-9.9503719021E-02,0.,0.99503719021));
#16448 = PCURVE('',#16423,#16449);
#16449 = DEFINITIONAL_REPRESENTATION('',(#16450),#16454);
#16450 = LINE('',#16451,#16452);
#16451 = CARTESIAN_POINT('',(-0.,-0.));
#16452 = VECTOR('',#16453,1.);
#16453 = DIRECTION('',(-0.,-1.));
#16454 = ( GEOMETRIC_REPRESENTATION_CONTEXT(2) 
PARAMETRIC_REPRESENTATION_CONTEXT() REPRESENTATION_CONTEXT('2D SPACE',''
  ) );
#16455 = PCURVE('',#16423,#16456);
#16456 = DEFINITIONAL_REPRESENTATION('',(#16457),#16461);
#16457 = LINE('',#16458,#16459);
#16458 = CARTESIAN_POINT('',(-6.28318530718,-0.));
#16459 = VECTOR('',#16460,1.);
#16460 = DIRECTION('',(-0.,-1.));
#16461 = ( GEOMETRIC_REPRESENTATION_CONTEXT(2) 
PARAMETRIC_REPRESENTATION_CONTEXT() REPRESENTATION_CONTEXT('2D SPACE',''
  ) );
#16462 = ORIENTED_EDGE('',*,*,#16463,.F.);
#16463 = EDGE_CURVE('',#16441,#16441,#16464,.T.);
#16464 = SURFACE_CURVE('',#16465,(#16470,#16477),.PCURVE_S1.);
#16465 = CIRCLE('',#16466,13.7);
#16466 = AXIS2_PLACEMENT_3D('',#16467,#16468,#16469);
#16467 = CARTESIAN_POINT('',(0.,0.,538.));
#16468 = DIRECTION('',(0.,0.,1.));
#16469 = DIRECTION('',(1.,0.,-0.));
#16470 = PCURVE('',#16423,#16471);
#16471 = DEFINITIONAL_REPRESENTATION('',(#16472),#16476);
#16472 = LINE('',#16473,#16474);
#16473 = CARTESIAN_POINT('',(-0.,-3.));
#16474 = VECTOR('',#16475,1.);
#16475 = DIRECTION('',(-1.,-0.));
#16476 = ( GEOMETRIC_REPRESENTATION_CONTEXT(2) 
PARAMETRIC_REPRESENTATION_CONTEXT() REPRESENTATION_CONTEXT('2D SPACE',''
  ) );
#16477 = PCURVE('',#16478,#16483);
#16478 = CONICAL_SURFACE('',#16479,13.7,9.966865249116E-02);
#16479 = AXIS2_PLACEMENT_3D('',#16480,#16481,#16482);
#16480 = CARTESIAN_POINT('',(0.,0.,538.));
#16481 = DIRECTION('',(0.,0.,1.));
#16482 = DIRECTION('',(1.,0.,-0.));
#16483 = DEFINITIONAL_REPRESENTATION('',(#16484),#16488);
#16484 = LINE('',#16485,#16486);
#16485 = CARTESIAN_POINT('',(0.,0.));
#16486 = VECTOR('',#16487,1.);
#16487 = DIRECTION('',(1.,0.));
#16488 = ( GEOMETRIC_REPRESENTATION_CONTEXT(2) 
PARAMETRIC_REPRESENTATION_CONTEXT() REPRESENTATION_CONTEXT('2D SPACE',''
  ) );
#16489 = ORIENTED_EDGE('',*,*,#16440,.F.);
#16490 = ADVANCED_FACE('',(#16491),#16478,.T.);
#16491 = FACE_BOUND('',#16492,.T.);
#16492 = EDGE_LOOP('',(#16493,#16494,#16517,#16544));
#16493 = ORIENTED_EDGE('',*,*,#16463,.T.);
#16494 = ORIENTED_EDGE('',*,*,#16495,.T.);
#16495 = EDGE_CURVE('',#16441,#16496,#16498,.T.);
#16496 = VERTEX_POINT('',#16497);
#16497 = CARTESIAN_POINT('',(14.,0.,541.));
#16498 = SEAM_CURVE('',#16499,(#16503,#16510),.PCURVE_S1.);
#16499 = LINE('',#16500,#16501);
#16500 = CARTESIAN_POINT('',(13.7,0.,538.));
#16501 = VECTOR('',#16502,1.);
#16502 = DIRECTION('',(9.9503719021E-02,0.,0.99503719021));
#16503 = PCURVE('',#16478,#16504);
#16504 = DEFINITIONAL_REPRESENTATION('',(#16505),#16509);
#16505 = LINE('',#16506,#16507);
#16506 = CARTESIAN_POINT('',(0.,0.));
#16507 = VECTOR('',#16508,1.);
#16508 = DIRECTION('',(0.,1.));
#16509 = ( GEOMETRIC_REPRESENTATION_CONTEXT(2) 
PARAMETRIC_REPRESENTATION_CONTEXT() REPRESENTATION_CONTEXT('2D SPACE',''
  ) );
#16510 = PCURVE('',#16478,#16511);
#16511 = DEFINITIONAL_REPRESENTATION('',(#16512),#16516);
#16512 = LINE('',#16513,#16514);
#16513 = CARTESIAN_POINT('',(6.28318530718,0.));
#16514 = VECTOR('',#16515,1.);
#16515 = DIRECTION('',(0.,1.));
#16516 = ( GEOMETRIC_REPRESENTATION_CONTEXT(2) 
PARAMETRIC_REPRESENTATION_CONTEXT() REPRESENTATION_CONTEXT('2D SPACE',''
  ) );
#16517 = ORIENTED_EDGE('',*,*,#16518,.F.);
#16518 = EDGE_CURVE('',#16496,#16496,#16519,.T.);
#16519 = SURFACE_CURVE('',#16520,(#16525,#16532),.PCURVE_S1.);
#16520 = CIRCLE('',#16521,14.);
#16521 = AXIS2_PLACEMENT_3D('',#16522,#16523,#16524);
#16522 = CARTESIAN_POINT('',(0.,0.,541.));
#16523 = DIRECTION('',(0.,0.,1.));
#16524 = DIRECTION('',(1.,0.,-0.));
#16525 = PCURVE('',#16478,#16526);
#16526 = DEFINITIONAL_REPRESENTATION('',(#16527),#16531);
#16527 = LINE('',#16528,#16529);
#16528 = CARTESIAN_POINT('',(0.,3.));
#16529 = VECTOR('',#16530,1.);
#16530 = DIRECTION('',(1.,0.));
#16531 = ( GEOMETRIC_REPRESENTATION_CONTEXT(2) 
PARAMETRIC_REPRESENTATION_CONTEXT() REPRESENTATION_CONTEXT('2D SPACE',''
  ) );
#16532 = PCURVE('',#16533,#16538);
#16533 = CONICAL_SURFACE('',#16534,14.,9.966865249116E-02);
#16534 = AXIS2_PLACEMENT_3D('',#16535,#16536,#16537);
#16535 = CARTESIAN_POINT('',(0.,0.,541.));
#16536 = DIRECTION('',(-0.,-0.,-1.));
#16537 = DIRECTION('',(1.,0.,-0.));
#16538 = DEFINITIONAL_REPRESENTATION('',(#16539),#16543);
#16539 = LINE('',#16540,#16541);
#16540 = CARTESIAN_POINT('',(-0.,-0.));
#16541 = VECTOR('',#16542,1.);
#16542 = DIRECTION('',(-1.,-0.));
#16543 = ( GEOMETRIC_REPRESENTATION_CONTEXT(2) 
PARAMETRIC_REPRESENTATION_CONTEXT() REPRESENTATION_CONTEXT('2D SPACE',''
  ) );
#16544 = ORIENTED_EDGE('',*,*,#16495,.F.);
#16545 = ADVANCED_FACE('',(#16546),#16533,.T.);
#16546 = FACE_BOUND('',#16547,.T.);
#16547 = EDGE_LOOP('',(#16548,#16549,#16572,#16599));
#16548 = ORIENTED_EDGE('',*,*,#16518,.T.);
#16549 = ORIENTED_EDGE('',*,*,#16550,.T.);
#16550 = EDGE_CURVE('',#16496,#16551,#16553,.T.);
#16551 = VERTEX_POINT('',#16552);
#16552 = CARTESIAN_POINT('',(13.7,0.,544.));
#16553 = SEAM_CURVE('',#16554,(#16558,#16565),.PCURVE_S1.);
#16554 = LINE('',#16555,#16556);
#16555 = CARTESIAN_POINT('',(14.,0.,541.));
#16556 = VECTOR('',#16557,1.);
#16557 = DIRECTION('',(-9.9503719021E-02,0.,0.99503719021));
#16558 = PCURVE('',#16533,#16559);
#16559 = DEFINITIONAL_REPRESENTATION('',(#16560),#16564);
#16560 = LINE('',#16561,#16562);
#16561 = CARTESIAN_POINT('',(-0.,-0.));
#16562 = VECTOR('',#16563,1.);
#16563 = DIRECTION('',(-0.,-1.));
#16564 = ( GEOMETRIC_REPRESENTATION_CONTEXT(2) 
PARAMETRIC_REPRESENTATION_CONTEXT() REPRESENTATION_CONTEXT('2D SPACE',''
  ) );
#16565 = PCURVE('',#16533,#16566);
#16566 = DEFINITIONAL_REPRESENTATION('',(#16567),#16571);
#16567 = LINE('',#16568,#16569);
#16568 = CARTESIAN_POINT('',(-6.28318530718,-0.));
#16569 = VECTOR('',#16570,1.);
#16570 = DIRECTION('',(-0.,-1.));
#16571 = ( GEOMETRIC_REPRESENTATION_CONTEXT(2) 
PARAMETRIC_REPRESENTATION_CONTEXT() REPRESENTATION_CONTEXT('2D SPACE',''
  ) );
#16572 = ORIENTED_EDGE('',*,*,#16573,.F.);
#16573 = EDGE_CURVE('',#16551,#16551,#16574,.T.);
#16574 = SURFACE_CURVE('',#16575,(#16580,#16587),.PCURVE_S1.);
#16575 = CIRCLE('',#16576,13.7);
#16576 = AXIS2_PLACEMENT_3D('',#16577,#16578,#16579);
#16577 = CARTESIAN_POINT('',(0.,0.,544.));
#16578 = DIRECTION('',(0.,0.,1.));
#16579 = DIRECTION('',(1.,0.,-0.));
#16580 = PCURVE('',#16533,#16581);
#16581 = DEFINITIONAL_REPRESENTATION('',(#16582),#16586);
#16582 = LINE('',#16583,#16584);
#16583 = CARTESIAN_POINT('',(-0.,-3.));
#16584 = VECTOR('',#16585,1.);
#16585 = DIRECTION('',(-1.,-0.));
#16586 = ( GEOMETRIC_REPRESENTATION_CONTEXT(2) 
PARAMETRIC_REPRESENTATION_CONTEXT() REPRESENTATION_CONTEXT('2D SPACE',''
  ) );
#16587 = PCURVE('',#16588,#16593);
#16588 = CONICAL_SURFACE('',#16589,13.7,9.966865249116E-02);
#16589 = AXIS2_PLACEMENT_3D('',#16590,#16591,#16592);
#16590 = CARTESIAN_POINT('',(0.,0.,544.));
#16591 = DIRECTION('',(0.,0.,1.));
#16592 = DIRECTION('',(1.,0.,-0.));
#16593 = DEFINITIONAL_REPRESENTATION('',(#16594),#16598);
#16594 = LINE('',#16595,#16596);
#16595 = CARTESIAN_POINT('',(0.,0.));
#16596 = VECTOR('',#16597,1.);
#16597 = DIRECTION('',(1.,0.));
#16598 = ( GEOMETRIC_REPRESENTATION_CONTEXT(2) 
PARAMETRIC_REPRESENTATION_CONTEXT() REPRESENTATION_CONTEXT('2D SPACE',''
  ) );
#16599 = ORIENTED_EDGE('',*,*,#16550,.F.);
#16600 = ADVANCED_FACE('',(#16601),#16588,.T.);
#16601 = FACE_BOUND('',#16602,.T.);
#16602 = EDGE_LOOP('',(#16603,#16604,#16627,#16654));
#16603 = ORIENTED_EDGE('',*,*,#16573,.T.);
#16604 = ORIENTED_EDGE('',*,*,#16605,.T.);
#16605 = EDGE_CURVE('',#16551,#16606,#16608,.T.);
#16606 = VERTEX_POINT('',#16607);
#16607 = CARTESIAN_POINT('',(14.,0.,547.));
#16608 = SEAM_CURVE('',#16609,(#16613,#16620),.PCURVE_S1.);
#16609 = LINE('',#16610,#16611);
#16610 = CARTESIAN_POINT('',(13.7,0.,544.));
#16611 = VECTOR('',#16612,1.);
#16612 = DIRECTION('',(9.9503719021E-02,0.,0.99503719021));
#16613 = PCURVE('',#16588,#16614);
#16614 = DEFINITIONAL_REPRESENTATION('',(#16615),#16619);
#16615 = LINE('',#16616,#16617);
#16616 = CARTESIAN_POINT('',(0.,0.));
#16617 = VECTOR('',#16618,1.);
#16618 = DIRECTION('',(0.,1.));
#16619 = ( GEOMETRIC_REPRESENTATION_CONTEXT(2) 
PARAMETRIC_REPRESENTATION_CONTEXT() REPRESENTATION_CONTEXT('2D SPACE',''
  ) );
#16620 = PCURVE('',#16588,#16621);
#16621 = DEFINITIONAL_REPRESENTATION('',(#16622),#16626);
#16622 = LINE('',#16623,#16624);
#16623 = CARTESIAN_POINT('',(6.28318530718,0.));
#16624 = VECTOR('',#16625,1.);
#16625 = DIRECTION('',(0.,1.));
#16626 = ( GEOMETRIC_REPRESENTATION_CONTEXT(2) 
PARAMETRIC_REPRESENTATION_CONTEXT() REPRESENTATION_CONTEXT('2D SPACE',''
  ) );
#16627 = ORIENTED_EDGE('',*,*,#16628,.F.);
#16628 = EDGE_CURVE('',#16606,#16606,#16629,.T.);
#16629 = SURFACE_CURVE('',#16630,(#16635,#16642),.PCURVE_S1.);
#16630 = CIRCLE('',#16631,14.);
#16631 = AXIS2_PLACEMENT_3D('',#16632,#16633,#16634);
#16632 = CARTESIAN_POINT('',(0.,0.,547.));
#16633 = DIRECTION('',(0.,0.,1.));
#16634 = DIRECTION('',(1.,0.,-0.));
#16635 = PCURVE('',#16588,#16636);
#16636 = DEFINITIONAL_REPRESENTATION('',(#16637),#16641);
#16637 = LINE('',#16638,#16639);
#16638 = CARTESIAN_POINT('',(0.,3.));
#16639 = VECTOR('',#16640,1.);
#16640 = DIRECTION('',(1.,0.));
#16641 = ( GEOMETRIC_REPRESENTATION_CONTEXT(2) 
PARAMETRIC_REPRESENTATION_CONTEXT() REPRESENTATION_CONTEXT('2D SPACE',''
  ) );
#16642 = PCURVE('',#16643,#16648);
#16643 = CONICAL_SURFACE('',#16644,14.,9.966865249116E-02);
#16644 = AXIS2_PLACEMENT_3D('',#16645,#16646,#16647);
#16645 = CARTESIAN_POINT('',(0.,0.,547.));
#16646 = DIRECTION('',(-0.,-0.,-1.));
#16647 = DIRECTION('',(1.,0.,-0.));
#16648 = DEFINITIONAL_REPRESENTATION('',(#16649),#16653);
#16649 = LINE('',#16650,#16651);
#16650 = CARTESIAN_POINT('',(-0.,-0.));
#16651 = VECTOR('',#16652,1.);
#16652 = DIRECTION('',(-1.,-0.));
#16653 = ( GEOMETRIC_REPRESENTATION_CONTEXT(2) 
PARAMETRIC_REPRESENTATION_CONTEXT() REPRESENTATION_CONTEXT('2D SPACE',''
  ) );
#16654 = ORIENTED_EDGE('',*,*,#16605,.F.);
#16655 = ADVANCED_FACE('',(#16656),#16643,.T.);
#16656 = FACE_BOUND('',#16657,.T.);
#16657 = EDGE_LOOP('',(#16658,#16659,#16682,#16709));
#16658 = ORIENTED_EDGE('',*,*,#16628,.T.);
#16659 = ORIENTED_EDGE('',*,*,#16660,.T.);
#16660 = EDGE_CURVE('',#16606,#16661,#16663,.T.);
#16661 = VERTEX_POINT('',#16662);
#16662 = CARTESIAN_POINT('',(13.7,0.,550.));
#16663 = SEAM_CURVE('',#16664,(#16668,#16675),.PCURVE_S1.);
#16664 = LINE('',#16665,#16666);
#16665 = CARTESIAN_POINT('',(14.,0.,547.));
#16666 = VECTOR('',#16667,1.);
#16667 = DIRECTION('',(-9.9503719021E-02,0.,0.99503719021));
#16668 = PCURVE('',#16643,#16669);
#16669 = DEFINITIONAL_REPRESENTATION('',(#16670),#16674);
#16670 = LINE('',#16671,#16672);
#16671 = CARTESIAN_POINT('',(-0.,-0.));
#16672 = VECTOR('',#16673,1.);
#16673 = DIRECTION('',(-0.,-1.));
#16674 = ( GEOMETRIC_REPRESENTATION_CONTEXT(2) 
PARAMETRIC_REPRESENTATION_CONTEXT() REPRESENTATION_CONTEXT('2D SPACE',''
  ) );
#16675 = PCURVE('',#16643,#16676);
#16676 = DEFINITIONAL_REPRESENTATION('',(#16677),#16681);
#16677 = LINE('',#16678,#16679);
#16678 = CARTESIAN_POINT('',(-6.28318530718,-0.));
#16679 = VECTOR('',#16680,1.);
#16680 = DIRECTION('',(-0.,-1.));
#16681 = ( GEOMETRIC_REPRESENTATION_CONTEXT(2) 
PARAMETRIC_REPRESENTATION_CONTEXT() REPRESENTATION_CONTEXT('2D SPACE',''
  ) );
#16682 = ORIENTED_EDGE('',*,*,#16683,.F.);
#16683 = EDGE_CURVE('',#16661,#16661,#16684,.T.);
#16684 = SURFACE_CURVE('',#16685,(#16690,#16697),.PCURVE_S1.);
#16685 = CIRCLE('',#16686,13.7);
#16686 = AXIS2_PLACEMENT_3D('',#16687,#16688,#16689);
#16687 = CARTESIAN_POINT('',(0.,0.,550.));
#16688 = DIRECTION('',(0.,0.,1.));
#16689 = DIRECTION('',(1.,0.,-0.));
#16690 = PCURVE('',#16643,#16691);
#16691 = DEFINITIONAL_REPRESENTATION('',(#16692),#16696);
#16692 = LINE('',#16693,#16694);
#16693 = CARTESIAN_POINT('',(-0.,-3.));
#16694 = VECTOR('',#16695,1.);
#16695 = DIRECTION('',(-1.,-0.));
#16696 = ( GEOMETRIC_REPRESENTATION_CONTEXT(2) 
PARAMETRIC_REPRESENTATION_CONTEXT() REPRESENTATION_CONTEXT('2D SPACE',''
  ) );
#16697 = PCURVE('',#16698,#16703);
#16698 = CONICAL_SURFACE('',#16699,13.7,9.966865249116E-02);
#16699 = AXIS2_PLACEMENT_3D('',#16700,#16701,#16702);
#16700 = CARTESIAN_POINT('',(0.,0.,550.));
#16701 = DIRECTION('',(0.,0.,1.));
#16702 = DIRECTION('',(1.,0.,-0.));
#16703 = DEFINITIONAL_REPRESENTATION('',(#16704),#16708);
#16704 = LINE('',#16705,#16706);
#16705 = CARTESIAN_POINT('',(0.,0.));
#16706 = VECTOR('',#16707,1.);
#16707 = DIRECTION('',(1.,0.));
#16708 = ( GEOMETRIC_REPRESENTATION_CONTEXT(2) 
PARAMETRIC_REPRESENTATION_CONTEXT() REPRESENTATION_CONTEXT('2D SPACE',''
  ) );
#16709 = ORIENTED_EDGE('',*,*,#16660,.F.);
#16710 = ADVANCED_FACE('',(#16711),#16698,.T.);
#16711 = FACE_BOUND('',#16712,.T.);
#16712 = EDGE_LOOP('',(#16713,#16714,#16737,#16764));
#16713 = ORIENTED_EDGE('',*,*,#16683,.T.);
#16714 = ORIENTED_EDGE('',*,*,#16715,.T.);
#16715 = EDGE_CURVE('',#16661,#16716,#16718,.T.);
#16716 = VERTEX_POINT('',#16717);
#16717 = CARTESIAN_POINT('',(14.,0.,553.));
#16718 = SEAM_CURVE('',#16719,(#16723,#16730),.PCURVE_S1.);
#16719 = LINE('',#16720,#16721);
#16720 = CARTESIAN_POINT('',(13.7,0.,550.));
#16721 = VECTOR('',#16722,1.);
#16722 = DIRECTION('',(9.9503719021E-02,0.,0.99503719021));
#16723 = PCURVE('',#16698,#16724);
#16724 = DEFINITIONAL_REPRESENTATION('',(#16725),#16729);
#16725 = LINE('',#16726,#16727);
#16726 = CARTESIAN_POINT('',(0.,0.));
#16727 = VECTOR('',#16728,1.);
#16728 = DIRECTION('',(0.,1.));
#16729 = ( GEOMETRIC_REPRESENTATION_CONTEXT(2) 
PARAMETRIC_REPRESENTATION_CONTEXT() REPRESENTATION_CONTEXT('2D SPACE',''
  ) );
#16730 = PCURVE('',#16698,#16731);
#16731 = DEFINITIONAL_REPRESENTATION('',(#16732),#16736);
#16732 = LINE('',#16733,#16734);
#16733 = CARTESIAN_POINT('',(6.28318530718,0.));
#16734 = VECTOR('',#16735,1.);
#16735 = DIRECTION('',(0.,1.));
#16736 = ( GEOMETRIC_REPRESENTATION_CONTEXT(2) 
PARAMETRIC_REPRESENTATION_CONTEXT() REPRESENTATION_CONTEXT('2D SPACE',''
  ) );
#16737 = ORIENTED_EDGE('',*,*,#16738,.F.);
#16738 = EDGE_CURVE('',#16716,#16716,#16739,.T.);
#16739 = SURFACE_CURVE('',#16740,(#16745,#16752),.PCURVE_S1.);
#16740 = CIRCLE('',#16741,14.);
#16741 = AXIS2_PLACEMENT_3D('',#16742,#16743,#16744);
#16742 = CARTESIAN_POINT('',(0.,0.,553.));
#16743 = DIRECTION('',(0.,0.,1.));
#16744 = DIRECTION('',(1.,0.,-0.));
#16745 = PCURVE('',#16698,#16746);
#16746 = DEFINITIONAL_REPRESENTATION('',(#16747),#16751);
#16747 = LINE('',#16748,#16749);
#16748 = CARTESIAN_POINT('',(0.,3.));
#16749 = VECTOR('',#16750,1.);
#16750 = DIRECTION('',(1.,0.));
#16751 = ( GEOMETRIC_REPRESENTATION_CONTEXT(2) 
PARAMETRIC_REPRESENTATION_CONTEXT() REPRESENTATION_CONTEXT('2D SPACE',''
  ) );
#16752 = PCURVE('',#16753,#16758);
#16753 = CONICAL_SURFACE('',#16754,14.,9.966865249116E-02);
#16754 = AXIS2_PLACEMENT_3D('',#16755,#16756,#16757);
#16755 = CARTESIAN_POINT('',(0.,0.,553.));
#16756 = DIRECTION('',(-0.,-0.,-1.));
#16757 = DIRECTION('',(1.,0.,-0.));
#16758 = DEFINITIONAL_REPRESENTATION('',(#16759),#16763);
#16759 = LINE('',#16760,#16761);
#16760 = CARTESIAN_POINT('',(-0.,-0.));
#16761 = VECTOR('',#16762,1.);
#16762 = DIRECTION('',(-1.,-0.));
#16763 = ( GEOMETRIC_REPRESENTATION_CONTEXT(2) 
PARAMETRIC_REPRESENTATION_CONTEXT() REPRESENTATION_CONTEXT('2D SPACE',''
  ) );
#16764 = ORIENTED_EDGE('',*,*,#16715,.F.);
#16765 = ADVANCED_FACE('',(#16766),#16753,.T.);
#16766 = FACE_BOUND('',#16767,.T.);
#16767 = EDGE_LOOP('',(#16768,#16769,#16792,#16819));
#16768 = ORIENTED_EDGE('',*,*,#16738,.T.);
#16769 = ORIENTED_EDGE('',*,*,#16770,.T.);
#16770 = EDGE_CURVE('',#16716,#16771,#16773,.T.);
#16771 = VERTEX_POINT('',#16772);
#16772 = CARTESIAN_POINT('',(13.7,0.,556.));
#16773 = SEAM_CURVE('',#16774,(#16778,#16785),.PCURVE_S1.);
#16774 = LINE('',#16775,#16776);
#16775 = CARTESIAN_POINT('',(14.,0.,553.));
#16776 = VECTOR('',#16777,1.);
#16777 = DIRECTION('',(-9.9503719021E-02,0.,0.99503719021));
#16778 = PCURVE('',#16753,#16779);
#16779 = DEFINITIONAL_REPRESENTATION('',(#16780),#16784);
#16780 = LINE('',#16781,#16782);
#16781 = CARTESIAN_POINT('',(-0.,-0.));
#16782 = VECTOR('',#16783,1.);
#16783 = DIRECTION('',(-0.,-1.));
#16784 = ( GEOMETRIC_REPRESENTATION_CONTEXT(2) 
PARAMETRIC_REPRESENTATION_CONTEXT() REPRESENTATION_CONTEXT('2D SPACE',''
  ) );
#16785 = PCURVE('',#16753,#16786);
#16786 = DEFINITIONAL_REPRESENTATION('',(#16787),#16791);
#16787 = LINE('',#16788,#16789);
#16788 = CARTESIAN_POINT('',(-6.28318530718,-0.));
#16789 = VECTOR('',#16790,1.);
#16790 = DIRECTION('',(-0.,-1.));
#16791 = ( GEOMETRIC_REPRESENTATION_CONTEXT(2) 
PARAMETRIC_REPRESENTATION_CONTEXT() REPRESENTATION_CONTEXT('2D SPACE',''
  ) );
#16792 = ORIENTED_EDGE('',*,*,#16793,.F.);
#16793 = EDGE_CURVE('',#16771,#16771,#16794,.T.);
#16794 = SURFACE_CURVE('',#16795,(#16800,#16807),.PCURVE_S1.);
#16795 = CIRCLE('',#16796,13.7);
#16796 = AXIS2_PLACEMENT_3D('',#16797,#16798,#16799);
#16797 = CARTESIAN_POINT('',(0.,0.,556.));
#16798 = DIRECTION('',(0.,0.,1.));
#16799 = DIRECTION('',(1.,0.,-0.));
#16800 = PCURVE('',#16753,#16801);
#16801 = DEFINITIONAL_REPRESENTATION('',(#16802),#16806);
#16802 = LINE('',#16803,#16804);
#16803 = CARTESIAN_POINT('',(-0.,-3.));
#16804 = VECTOR('',#16805,1.);
#16805 = DIRECTION('',(-1.,-0.));
#16806 = ( GEOMETRIC_REPRESENTATION_CONTEXT(2) 
PARAMETRIC_REPRESENTATION_CONTEXT() REPRESENTATION_CONTEXT('2D SPACE',''
  ) );
#16807 = PCURVE('',#16808,#16813);
#16808 = CONICAL_SURFACE('',#16809,13.7,9.966865249116E-02);
#16809 = AXIS2_PLACEMENT_3D('',#16810,#16811,#16812);
#16810 = CARTESIAN_POINT('',(0.,0.,556.));
#16811 = DIRECTION('',(0.,0.,1.));
#16812 = DIRECTION('',(1.,0.,-0.));
#16813 = DEFINITIONAL_REPRESENTATION('',(#16814),#16818);
#16814 = LINE('',#16815,#16816);
#16815 = CARTESIAN_POINT('',(0.,0.));
#16816 = VECTOR('',#16817,1.);
#16817 = DIRECTION('',(1.,0.));
#16818 = ( GEOMETRIC_REPRESENTATION_CONTEXT(2) 
PARAMETRIC_REPRESENTATION_CONTEXT() REPRESENTATION_CONTEXT('2D SPACE',''
  ) );
#16819 = ORIENTED_EDGE('',*,*,#16770,.F.);
#16820 = ADVANCED_FACE('',(#16821),#16808,.T.);
#16821 = FACE_BOUND('',#16822,.T.);
#16822 = EDGE_LOOP('',(#16823,#16824,#16847,#16874));
#16823 = ORIENTED_EDGE('',*,*,#16793,.T.);
#16824 = ORIENTED_EDGE('',*,*,#16825,.T.);
#16825 = EDGE_CURVE('',#16771,#16826,#16828,.T.);
#16826 = VERTEX_POINT('',#16827);
#16827 = CARTESIAN_POINT('',(14.,0.,559.));
#16828 = SEAM_CURVE('',#16829,(#16833,#16840),.PCURVE_S1.);
#16829 = LINE('',#16830,#16831);
#16830 = CARTESIAN_POINT('',(13.7,0.,556.));
#16831 = VECTOR('',#16832,1.);
#16832 = DIRECTION('',(9.9503719021E-02,0.,0.99503719021));
#16833 = PCURVE('',#16808,#16834);
#16834 = DEFINITIONAL_REPRESENTATION('',(#16835),#16839);
#16835 = LINE('',#16836,#16837);
#16836 = CARTESIAN_POINT('',(0.,0.));
#16837 = VECTOR('',#16838,1.);
#16838 = DIRECTION('',(0.,1.));
#16839 = ( GEOMETRIC_REPRESENTATION_CONTEXT(2) 
PARAMETRIC_REPRESENTATION_CONTEXT() REPRESENTATION_CONTEXT('2D SPACE',''
  ) );
#16840 = PCURVE('',#16808,#16841);
#16841 = DEFINITIONAL_REPRESENTATION('',(#16842),#16846);
#16842 = LINE('',#16843,#16844);
#16843 = CARTESIAN_POINT('',(6.28318530718,0.));
#16844 = VECTOR('',#16845,1.);
#16845 = DIRECTION('',(0.,1.));
#16846 = ( GEOMETRIC_REPRESENTATION_CONTEXT(2) 
PARAMETRIC_REPRESENTATION_CONTEXT() REPRESENTATION_CONTEXT('2D SPACE',''
  ) );
#16847 = ORIENTED_EDGE('',*,*,#16848,.F.);
#16848 = EDGE_CURVE('',#16826,#16826,#16849,.T.);
#16849 = SURFACE_CURVE('',#16850,(#16855,#16862),.PCURVE_S1.);
#16850 = CIRCLE('',#16851,14.);
#16851 = AXIS2_PLACEMENT_3D('',#16852,#16853,#16854);
#16852 = CARTESIAN_POINT('',(0.,0.,559.));
#16853 = DIRECTION('',(0.,0.,1.));
#16854 = DIRECTION('',(1.,0.,-0.));
#16855 = PCURVE('',#16808,#16856);
#16856 = DEFINITIONAL_REPRESENTATION('',(#16857),#16861);
#16857 = LINE('',#16858,#16859);
#16858 = CARTESIAN_POINT('',(0.,3.));
#16859 = VECTOR('',#16860,1.);
#16860 = DIRECTION('',(1.,0.));
#16861 = ( GEOMETRIC_REPRESENTATION_CONTEXT(2) 
PARAMETRIC_REPRESENTATION_CONTEXT() REPRESENTATION_CONTEXT('2D SPACE',''
  ) );
#16862 = PCURVE('',#16863,#16868);
#16863 = CONICAL_SURFACE('',#16864,14.,9.966865249116E-02);
#16864 = AXIS2_PLACEMENT_3D('',#16865,#16866,#16867);
#16865 = CARTESIAN_POINT('',(0.,0.,559.));
#16866 = DIRECTION('',(-0.,-0.,-1.));
#16867 = DIRECTION('',(1.,0.,-0.));
#16868 = DEFINITIONAL_REPRESENTATION('',(#16869),#16873);
#16869 = LINE('',#16870,#16871);
#16870 = CARTESIAN_POINT('',(-0.,-0.));
#16871 = VECTOR('',#16872,1.);
#16872 = DIRECTION('',(-1.,-0.));
#16873 = ( GEOMETRIC_REPRESENTATION_CONTEXT(2) 
PARAMETRIC_REPRESENTATION_CONTEXT() REPRESENTATION_CONTEXT('2D SPACE',''
  ) );
#16874 = ORIENTED_EDGE('',*,*,#16825,.F.);
#16875 = ADVANCED_FACE('',(#16876),#16863,.T.);
#16876 = FACE_BOUND('',#16877,.T.);
#16877 = EDGE_LOOP('',(#16878,#16879,#16902,#16929));
#16878 = ORIENTED_EDGE('',*,*,#16848,.T.);
#16879 = ORIENTED_EDGE('',*,*,#16880,.T.);
#16880 = EDGE_CURVE('',#16826,#16881,#16883,.T.);
#16881 = VERTEX_POINT('',#16882);
#16882 = CARTESIAN_POINT('',(13.7,0.,562.));
#16883 = SEAM_CURVE('',#16884,(#16888,#16895),.PCURVE_S1.);
#16884 = LINE('',#16885,#16886);
#16885 = CARTESIAN_POINT('',(14.,0.,559.));
#16886 = VECTOR('',#16887,1.);
#16887 = DIRECTION('',(-9.9503719021E-02,0.,0.99503719021));
#16888 = PCURVE('',#16863,#16889);
#16889 = DEFINITIONAL_REPRESENTATION('',(#16890),#16894);
#16890 = LINE('',#16891,#16892);
#16891 = CARTESIAN_POINT('',(-0.,-0.));
#16892 = VECTOR('',#16893,1.);
#16893 = DIRECTION('',(-0.,-1.));
#16894 = ( GEOMETRIC_REPRESENTATION_CONTEXT(2) 
PARAMETRIC_REPRESENTATION_CONTEXT() REPRESENTATION_CONTEXT('2D SPACE',''
  ) );
#16895 = PCURVE('',#16863,#16896);
#16896 = DEFINITIONAL_REPRESENTATION('',(#16897),#16901);
#16897 = LINE('',#16898,#16899);
#16898 = CARTESIAN_POINT('',(-6.28318530718,-0.));
#16899 = VECTOR('',#16900,1.);
#16900 = DIRECTION('',(-0.,-1.));
#16901 = ( GEOMETRIC_REPRESENTATION_CONTEXT(2) 
PARAMETRIC_REPRESENTATION_CONTEXT() REPRESENTATION_CONTEXT('2D SPACE',''
  ) );
#16902 = ORIENTED_EDGE('',*,*,#16903,.F.);
#16903 = EDGE_CURVE('',#16881,#16881,#16904,.T.);
#16904 = SURFACE_CURVE('',#16905,(#16910,#16917),.PCURVE_S1.);
#16905 = CIRCLE('',#16906,13.7);
#16906 = AXIS2_PLACEMENT_3D('',#16907,#16908,#16909);
#16907 = CARTESIAN_POINT('',(0.,0.,562.));
#16908 = DIRECTION('',(0.,0.,1.));
#16909 = DIRECTION('',(1.,0.,-0.));
#16910 = PCURVE('',#16863,#16911);
#16911 = DEFINITIONAL_REPRESENTATION('',(#16912),#16916);
#16912 = LINE('',#16913,#16914);
#16913 = CARTESIAN_POINT('',(-0.,-3.));
#16914 = VECTOR('',#16915,1.);
#16915 = DIRECTION('',(-1.,-0.));
#16916 = ( GEOMETRIC_REPRESENTATION_CONTEXT(2) 
PARAMETRIC_REPRESENTATION_CONTEXT() REPRESENTATION_CONTEXT('2D SPACE',''
  ) );
#16917 = PCURVE('',#16918,#16923);
#16918 = CONICAL_SURFACE('',#16919,13.7,9.966865249116E-02);
#16919 = AXIS2_PLACEMENT_3D('',#16920,#16921,#16922);
#16920 = CARTESIAN_POINT('',(0.,0.,562.));
#16921 = DIRECTION('',(0.,0.,1.));
#16922 = DIRECTION('',(1.,0.,-0.));
#16923 = DEFINITIONAL_REPRESENTATION('',(#16924),#16928);
#16924 = LINE('',#16925,#16926);
#16925 = CARTESIAN_POINT('',(0.,0.));
#16926 = VECTOR('',#16927,1.);
#16927 = DIRECTION('',(1.,0.));
#16928 = ( GEOMETRIC_REPRESENTATION_CONTEXT(2) 
PARAMETRIC_REPRESENTATION_CONTEXT() REPRESENTATION_CONTEXT('2D SPACE',''
  ) );
#16929 = ORIENTED_EDGE('',*,*,#16880,.F.);
#16930 = ADVANCED_FACE('',(#16931),#16918,.T.);
#16931 = FACE_BOUND('',#16932,.T.);
#16932 = EDGE_LOOP('',(#16933,#16934,#16957,#16984));
#16933 = ORIENTED_EDGE('',*,*,#16903,.T.);
#16934 = ORIENTED_EDGE('',*,*,#16935,.T.);
#16935 = EDGE_CURVE('',#16881,#16936,#16938,.T.);
#16936 = VERTEX_POINT('',#16937);
#16937 = CARTESIAN_POINT('',(14.,0.,565.));
#16938 = SEAM_CURVE('',#16939,(#16943,#16950),.PCURVE_S1.);
#16939 = LINE('',#16940,#16941);
#16940 = CARTESIAN_POINT('',(13.7,0.,562.));
#16941 = VECTOR('',#16942,1.);
#16942 = DIRECTION('',(9.9503719021E-02,0.,0.99503719021));
#16943 = PCURVE('',#16918,#16944);
#16944 = DEFINITIONAL_REPRESENTATION('',(#16945),#16949);
#16945 = LINE('',#16946,#16947);
#16946 = CARTESIAN_POINT('',(0.,0.));
#16947 = VECTOR('',#16948,1.);
#16948 = DIRECTION('',(0.,1.));
#16949 = ( GEOMETRIC_REPRESENTATION_CONTEXT(2) 
PARAMETRIC_REPRESENTATION_CONTEXT() REPRESENTATION_CONTEXT('2D SPACE',''
  ) );
#16950 = PCURVE('',#16918,#16951);
#16951 = DEFINITIONAL_REPRESENTATION('',(#16952),#16956);
#16952 = LINE('',#16953,#16954);
#16953 = CARTESIAN_POINT('',(6.28318530718,0.));
#16954 = VECTOR('',#16955,1.);
#16955 = DIRECTION('',(0.,1.));
#16956 = ( GEOMETRIC_REPRESENTATION_CONTEXT(2) 
PARAMETRIC_REPRESENTATION_CONTEXT() REPRESENTATION_CONTEXT('2D SPACE',''
  ) );
#16957 = ORIENTED_EDGE('',*,*,#16958,.F.);
#16958 = EDGE_CURVE('',#16936,#16936,#16959,.T.);
#16959 = SURFACE_CURVE('',#16960,(#16965,#16972),.PCURVE_S1.);
#16960 = CIRCLE('',#16961,14.);
#16961 = AXIS2_PLACEMENT_3D('',#16962,#16963,#16964);
#16962 = CARTESIAN_POINT('',(0.,0.,565.));
#16963 = DIRECTION('',(0.,0.,1.));
#16964 = DIRECTION('',(1.,0.,-0.));
#16965 = PCURVE('',#16918,#16966);
#16966 = DEFINITIONAL_REPRESENTATION('',(#16967),#16971);
#16967 = LINE('',#16968,#16969);
#16968 = CARTESIAN_POINT('',(0.,3.));
#16969 = VECTOR('',#16970,1.);
#16970 = DIRECTION('',(1.,0.));
#16971 = ( GEOMETRIC_REPRESENTATION_CONTEXT(2) 
PARAMETRIC_REPRESENTATION_CONTEXT() REPRESENTATION_CONTEXT('2D SPACE',''
  ) );
#16972 = PCURVE('',#16973,#16978);
#16973 = CONICAL_SURFACE('',#16974,14.,9.966865249116E-02);
#16974 = AXIS2_PLACEMENT_3D('',#16975,#16976,#16977);
#16975 = CARTESIAN_POINT('',(0.,0.,565.));
#16976 = DIRECTION('',(-0.,-0.,-1.));
#16977 = DIRECTION('',(1.,0.,-0.));
#16978 = DEFINITIONAL_REPRESENTATION('',(#16979),#16983);
#16979 = LINE('',#16980,#16981);
#16980 = CARTESIAN_POINT('',(-0.,-0.));
#16981 = VECTOR('',#16982,1.);
#16982 = DIRECTION('',(-1.,-0.));
#16983 = ( GEOMETRIC_REPRESENTATION_CONTEXT(2) 
PARAMETRIC_REPRESENTATION_CONTEXT() REPRESENTATION_CONTEXT('2D SPACE',''
  ) );
#16984 = ORIENTED_EDGE('',*,*,#16935,.F.);
#16985 = ADVANCED_FACE('',(#16986),#16973,.T.);
#16986 = FACE_BOUND('',#16987,.T.);
#16987 = EDGE_LOOP('',(#16988,#16989,#17012,#17039));
#16988 = ORIENTED_EDGE('',*,*,#16958,.T.);
#16989 = ORIENTED_EDGE('',*,*,#16990,.T.);
#16990 = EDGE_CURVE('',#16936,#16991,#16993,.T.);
#16991 = VERTEX_POINT('',#16992);
#16992 = CARTESIAN_POINT('',(13.7,0.,568.));
#16993 = SEAM_CURVE('',#16994,(#16998,#17005),.PCURVE_S1.);
#16994 = LINE('',#16995,#16996);
#16995 = CARTESIAN_POINT('',(14.,0.,565.));
#16996 = VECTOR('',#16997,1.);
#16997 = DIRECTION('',(-9.9503719021E-02,0.,0.99503719021));
#16998 = PCURVE('',#16973,#16999);
#16999 = DEFINITIONAL_REPRESENTATION('',(#17000),#17004);
#17000 = LINE('',#17001,#17002);
#17001 = CARTESIAN_POINT('',(-0.,-0.));
#17002 = VECTOR('',#17003,1.);
#17003 = DIRECTION('',(-0.,-1.));
#17004 = ( GEOMETRIC_REPRESENTATION_CONTEXT(2) 
PARAMETRIC_REPRESENTATION_CONTEXT() REPRESENTATION_CONTEXT('2D SPACE',''
  ) );
#17005 = PCURVE('',#16973,#17006);
#17006 = DEFINITIONAL_REPRESENTATION('',(#17007),#17011);
#17007 = LINE('',#17008,#17009);
#17008 = CARTESIAN_POINT('',(-6.28318530718,-0.));
#17009 = VECTOR('',#17010,1.);
#17010 = DIRECTION('',(-0.,-1.));
#17011 = ( GEOMETRIC_REPRESENTATION_CONTEXT(2) 
PARAMETRIC_REPRESENTATION_CONTEXT() REPRESENTATION_CONTEXT('2D SPACE',''
  ) );
#17012 = ORIENTED_EDGE('',*,*,#17013,.F.);
#17013 = EDGE_CURVE('',#16991,#16991,#17014,.T.);
#17014 = SURFACE_CURVE('',#17015,(#17020,#17027),.PCURVE_S1.);
#17015 = CIRCLE('',#17016,13.7);
#17016 = AXIS2_PLACEMENT_3D('',#17017,#17018,#17019);
#17017 = CARTESIAN_POINT('',(0.,0.,568.));
#17018 = DIRECTION('',(0.,0.,1.));
#17019 = DIRECTION('',(1.,0.,-0.));
#17020 = PCURVE('',#16973,#17021);
#17021 = DEFINITIONAL_REPRESENTATION('',(#17022),#17026);
#17022 = LINE('',#17023,#17024);
#17023 = CARTESIAN_POINT('',(-0.,-3.));
#17024 = VECTOR('',#17025,1.);
#17025 = DIRECTION('',(-1.,-0.));
#17026 = ( GEOMETRIC_REPRESENTATION_CONTEXT(2) 
PARAMETRIC_REPRESENTATION_CONTEXT() REPRESENTATION_CONTEXT('2D SPACE',''
  ) );
#17027 = PCURVE('',#17028,#17033);
#17028 = CONICAL_SURFACE('',#17029,13.7,9.966865249116E-02);
#17029 = AXIS2_PLACEMENT_3D('',#17030,#17031,#17032);
#17030 = CARTESIAN_POINT('',(0.,0.,568.));
#17031 = DIRECTION('',(0.,0.,1.));
#17032 = DIRECTION('',(1.,0.,-0.));
#17033 = DEFINITIONAL_REPRESENTATION('',(#17034),#17038);
#17034 = LINE('',#17035,#17036);
#17035 = CARTESIAN_POINT('',(0.,0.));
#17036 = VECTOR('',#17037,1.);
#17037 = DIRECTION('',(1.,0.));
#17038 = ( GEOMETRIC_REPRESENTATION_CONTEXT(2) 
PARAMETRIC_REPRESENTATION_CONTEXT() REPRESENTATION_CONTEXT('2D SPACE',''
  ) );
#17039 = ORIENTED_EDGE('',*,*,#16990,.F.);
#17040 = ADVANCED_FACE('',(#17041),#17028,.T.);
#17041 = FACE_BOUND('',#17042,.T.);
#17042 = EDGE_LOOP('',(#17043,#17044,#17067,#17094));
#17043 = ORIENTED_EDGE('',*,*,#17013,.T.);
#17044 = ORIENTED_EDGE('',*,*,#17045,.T.);
#17045 = EDGE_CURVE('',#16991,#17046,#17048,.T.);
#17046 = VERTEX_POINT('',#17047);
#17047 = CARTESIAN_POINT('',(14.,0.,571.));
#17048 = SEAM_CURVE('',#17049,(#17053,#17060),.PCURVE_S1.);
#17049 = LINE('',#17050,#17051);
#17050 = CARTESIAN_POINT('',(13.7,0.,568.));
#17051 = VECTOR('',#17052,1.);
#17052 = DIRECTION('',(9.9503719021E-02,0.,0.99503719021));
#17053 = PCURVE('',#17028,#17054);
#17054 = DEFINITIONAL_REPRESENTATION('',(#17055),#17059);
#17055 = LINE('',#17056,#17057);
#17056 = CARTESIAN_POINT('',(0.,0.));
#17057 = VECTOR('',#17058,1.);
#17058 = DIRECTION('',(0.,1.));
#17059 = ( GEOMETRIC_REPRESENTATION_CONTEXT(2) 
PARAMETRIC_REPRESENTATION_CONTEXT() REPRESENTATION_CONTEXT('2D SPACE',''
  ) );
#17060 = PCURVE('',#17028,#17061);
#17061 = DEFINITIONAL_REPRESENTATION('',(#17062),#17066);
#17062 = LINE('',#17063,#17064);
#17063 = CARTESIAN_POINT('',(6.28318530718,0.));
#17064 = VECTOR('',#17065,1.);
#17065 = DIRECTION('',(0.,1.));
#17066 = ( GEOMETRIC_REPRESENTATION_CONTEXT(2) 
PARAMETRIC_REPRESENTATION_CONTEXT() REPRESENTATION_CONTEXT('2D SPACE',''
  ) );
#17067 = ORIENTED_EDGE('',*,*,#17068,.F.);
#17068 = EDGE_CURVE('',#17046,#17046,#17069,.T.);
#17069 = SURFACE_CURVE('',#17070,(#17075,#17082),.PCURVE_S1.);
#17070 = CIRCLE('',#17071,14.);
#17071 = AXIS2_PLACEMENT_3D('',#17072,#17073,#17074);
#17072 = CARTESIAN_POINT('',(0.,0.,571.));
#17073 = DIRECTION('',(0.,0.,1.));
#17074 = DIRECTION('',(1.,0.,-0.));
#17075 = PCURVE('',#17028,#17076);
#17076 = DEFINITIONAL_REPRESENTATION('',(#17077),#17081);
#17077 = LINE('',#17078,#17079);
#17078 = CARTESIAN_POINT('',(0.,3.));
#17079 = VECTOR('',#17080,1.);
#17080 = DIRECTION('',(1.,0.));
#17081 = ( GEOMETRIC_REPRESENTATION_CONTEXT(2) 
PARAMETRIC_REPRESENTATION_CONTEXT() REPRESENTATION_CONTEXT('2D SPACE',''
  ) );
#17082 = PCURVE('',#17083,#17088);
#17083 = CONICAL_SURFACE('',#17084,14.,9.966865249116E-02);
#17084 = AXIS2_PLACEMENT_3D('',#17085,#17086,#17087);
#17085 = CARTESIAN_POINT('',(0.,0.,571.));
#17086 = DIRECTION('',(-0.,-0.,-1.));
#17087 = DIRECTION('',(1.,0.,-0.));
#17088 = DEFINITIONAL_REPRESENTATION('',(#17089),#17093);
#17089 = LINE('',#17090,#17091);
#17090 = CARTESIAN_POINT('',(-0.,-0.));
#17091 = VECTOR('',#17092,1.);
#17092 = DIRECTION('',(-1.,-0.));
#17093 = ( GEOMETRIC_REPRESENTATION_CONTEXT(2) 
PARAMETRIC_REPRESENTATION_CONTEXT() REPRESENTATION_CONTEXT('2D SPACE',''
  ) );
#17094 = ORIENTED_EDGE('',*,*,#17045,.F.);
#17095 = ADVANCED_FACE('',(#17096),#17083,.T.);
#17096 = FACE_BOUND('',#17097,.T.);
#17097 = EDGE_LOOP('',(#17098,#17099,#17122,#17149));
#17098 = ORIENTED_EDGE('',*,*,#17068,.T.);
#17099 = ORIENTED_EDGE('',*,*,#17100,.T.);
#17100 = EDGE_CURVE('',#17046,#17101,#17103,.T.);
#17101 = VERTEX_POINT('',#17102);
#17102 = CARTESIAN_POINT('',(13.7,0.,574.));
#17103 = SEAM_CURVE('',#17104,(#17108,#17115),.PCURVE_S1.);
#17104 = LINE('',#17105,#17106);
#17105 = CARTESIAN_POINT('',(14.,0.,571.));
#17106 = VECTOR('',#17107,1.);
#17107 = DIRECTION('',(-9.9503719021E-02,0.,0.99503719021));
#17108 = PCURVE('',#17083,#17109);
#17109 = DEFINITIONAL_REPRESENTATION('',(#17110),#17114);
#17110 = LINE('',#17111,#17112);
#17111 = CARTESIAN_POINT('',(-0.,-0.));
#17112 = VECTOR('',#17113,1.);
#17113 = DIRECTION('',(-0.,-1.));
#17114 = ( GEOMETRIC_REPRESENTATION_CONTEXT(2) 
PARAMETRIC_REPRESENTATION_CONTEXT() REPRESENTATION_CONTEXT('2D SPACE',''
  ) );
#17115 = PCURVE('',#17083,#17116);
#17116 = DEFINITIONAL_REPRESENTATION('',(#17117),#17121);
#17117 = LINE('',#17118,#17119);
#17118 = CARTESIAN_POINT('',(-6.28318530718,-0.));
#17119 = VECTOR('',#17120,1.);
#17120 = DIRECTION('',(-0.,-1.));
#17121 = ( GEOMETRIC_REPRESENTATION_CONTEXT(2) 
PARAMETRIC_REPRESENTATION_CONTEXT() REPRESENTATION_CONTEXT('2D SPACE',''
  ) );
#17122 = ORIENTED_EDGE('',*,*,#17123,.F.);
#17123 = EDGE_CURVE('',#17101,#17101,#17124,.T.);
#17124 = SURFACE_CURVE('',#17125,(#17130,#17137),.PCURVE_S1.);
#17125 = CIRCLE('',#17126,13.7);
#17126 = AXIS2_PLACEMENT_3D('',#17127,#17128,#17129);
#17127 = CARTESIAN_POINT('',(0.,0.,574.));
#17128 = DIRECTION('',(0.,0.,1.));
#17129 = DIRECTION('',(1.,0.,-0.));
#17130 = PCURVE('',#17083,#17131);
#17131 = DEFINITIONAL_REPRESENTATION('',(#17132),#17136);
#17132 = LINE('',#17133,#17134);
#17133 = CARTESIAN_POINT('',(-0.,-3.));
#17134 = VECTOR('',#17135,1.);
#17135 = DIRECTION('',(-1.,-0.));
#17136 = ( GEOMETRIC_REPRESENTATION_CONTEXT(2) 
PARAMETRIC_REPRESENTATION_CONTEXT() REPRESENTATION_CONTEXT('2D SPACE',''
  ) );
#17137 = PCURVE('',#17138,#17143);
#17138 = CONICAL_SURFACE('',#17139,13.7,9.966865249116E-02);
#17139 = AXIS2_PLACEMENT_3D('',#17140,#17141,#17142);
#17140 = CARTESIAN_POINT('',(0.,0.,574.));
#17141 = DIRECTION('',(0.,0.,1.));
#17142 = DIRECTION('',(1.,0.,-0.));
#17143 = DEFINITIONAL_REPRESENTATION('',(#17144),#17148);
#17144 = LINE('',#17145,#17146);
#17145 = CARTESIAN_POINT('',(0.,0.));
#17146 = VECTOR('',#17147,1.);
#17147 = DIRECTION('',(1.,0.));
#17148 = ( GEOMETRIC_REPRESENTATION_CONTEXT(2) 
PARAMETRIC_REPRESENTATION_CONTEXT() REPRESENTATION_CONTEXT('2D SPACE',''
  ) );
#17149 = ORIENTED_EDGE('',*,*,#17100,.F.);
#17150 = ADVANCED_FACE('',(#17151),#17138,.T.);
#17151 = FACE_BOUND('',#17152,.T.);
#17152 = EDGE_LOOP('',(#17153,#17154,#17177,#17204));
#17153 = ORIENTED_EDGE('',*,*,#17123,.T.);
#17154 = ORIENTED_EDGE('',*,*,#17155,.T.);
#17155 = EDGE_CURVE('',#17101,#17156,#17158,.T.);
#17156 = VERTEX_POINT('',#17157);
#17157 = CARTESIAN_POINT('',(14.,0.,577.));
#17158 = SEAM_CURVE('',#17159,(#17163,#17170),.PCURVE_S1.);
#17159 = LINE('',#17160,#17161);
#17160 = CARTESIAN_POINT('',(13.7,0.,574.));
#17161 = VECTOR('',#17162,1.);
#17162 = DIRECTION('',(9.9503719021E-02,0.,0.99503719021));
#17163 = PCURVE('',#17138,#17164);
#17164 = DEFINITIONAL_REPRESENTATION('',(#17165),#17169);
#17165 = LINE('',#17166,#17167);
#17166 = CARTESIAN_POINT('',(0.,0.));
#17167 = VECTOR('',#17168,1.);
#17168 = DIRECTION('',(0.,1.));
#17169 = ( GEOMETRIC_REPRESENTATION_CONTEXT(2) 
PARAMETRIC_REPRESENTATION_CONTEXT() REPRESENTATION_CONTEXT('2D SPACE',''
  ) );
#17170 = PCURVE('',#17138,#17171);
#17171 = DEFINITIONAL_REPRESENTATION('',(#17172),#17176);
#17172 = LINE('',#17173,#17174);
#17173 = CARTESIAN_POINT('',(6.28318530718,0.));
#17174 = VECTOR('',#17175,1.);
#17175 = DIRECTION('',(0.,1.));
#17176 = ( GEOMETRIC_REPRESENTATION_CONTEXT(2) 
PARAMETRIC_REPRESENTATION_CONTEXT() REPRESENTATION_CONTEXT('2D SPACE',''
  ) );
#17177 = ORIENTED_EDGE('',*,*,#17178,.F.);
#17178 = EDGE_CURVE('',#17156,#17156,#17179,.T.);
#17179 = SURFACE_CURVE('',#17180,(#17185,#17192),.PCURVE_S1.);
#17180 = CIRCLE('',#17181,14.);
#17181 = AXIS2_PLACEMENT_3D('',#17182,#17183,#17184);
#17182 = CARTESIAN_POINT('',(0.,0.,577.));
#17183 = DIRECTION('',(0.,0.,1.));
#17184 = DIRECTION('',(1.,0.,-0.));
#17185 = PCURVE('',#17138,#17186);
#17186 = DEFINITIONAL_REPRESENTATION('',(#17187),#17191);
#17187 = LINE('',#17188,#17189);
#17188 = CARTESIAN_POINT('',(0.,3.));
#17189 = VECTOR('',#17190,1.);
#17190 = DIRECTION('',(1.,0.));
#17191 = ( GEOMETRIC_REPRESENTATION_CONTEXT(2) 
PARAMETRIC_REPRESENTATION_CONTEXT() REPRESENTATION_CONTEXT('2D SPACE',''
  ) );
#17192 = PCURVE('',#17193,#17198);
#17193 = CONICAL_SURFACE('',#17194,14.,9.966865249116E-02);
#17194 = AXIS2_PLACEMENT_3D('',#17195,#17196,#17197);
#17195 = CARTESIAN_POINT('',(0.,0.,577.));
#17196 = DIRECTION('',(-0.,-0.,-1.));
#17197 = DIRECTION('',(1.,0.,-0.));
#17198 = DEFINITIONAL_REPRESENTATION('',(#17199),#17203);
#17199 = LINE('',#17200,#17201);
#17200 = CARTESIAN_POINT('',(-0.,-0.));
#17201 = VECTOR('',#17202,1.);
#17202 = DIRECTION('',(-1.,-0.));
#17203 = ( GEOMETRIC_REPRESENTATION_CONTEXT(2) 
PARAMETRIC_REPRESENTATION_CONTEXT() REPRESENTATION_CONTEXT('2D SPACE',''
  ) );
#17204 = ORIENTED_EDGE('',*,*,#17155,.F.);
#17205 = ADVANCED_FACE('',(#17206),#17193,.T.);
#17206 = FACE_BOUND('',#17207,.T.);
#17207 = EDGE_LOOP('',(#17208,#17209,#17232,#17259));
#17208 = ORIENTED_EDGE('',*,*,#17178,.T.);
#17209 = ORIENTED_EDGE('',*,*,#17210,.T.);
#17210 = EDGE_CURVE('',#17156,#17211,#17213,.T.);
#17211 = VERTEX_POINT('',#17212);
#17212 = CARTESIAN_POINT('',(13.7,0.,580.));
#17213 = SEAM_CURVE('',#17214,(#17218,#17225),.PCURVE_S1.);
#17214 = LINE('',#17215,#17216);
#17215 = CARTESIAN_POINT('',(14.,0.,577.));
#17216 = VECTOR('',#17217,1.);
#17217 = DIRECTION('',(-9.9503719021E-02,0.,0.99503719021));
#17218 = PCURVE('',#17193,#17219);
#17219 = DEFINITIONAL_REPRESENTATION('',(#17220),#17224);
#17220 = LINE('',#17221,#17222);
#17221 = CARTESIAN_POINT('',(-0.,-0.));
#17222 = VECTOR('',#17223,1.);
#17223 = DIRECTION('',(-0.,-1.));
#17224 = ( GEOMETRIC_REPRESENTATION_CONTEXT(2) 
PARAMETRIC_REPRESENTATION_CONTEXT() REPRESENTATION_CONTEXT('2D SPACE',''
  ) );
#17225 = PCURVE('',#17193,#17226);
#17226 = DEFINITIONAL_REPRESENTATION('',(#17227),#17231);
#17227 = LINE('',#17228,#17229);
#17228 = CARTESIAN_POINT('',(-6.28318530718,-0.));
#17229 = VECTOR('',#17230,1.);
#17230 = DIRECTION('',(-0.,-1.));
#17231 = ( GEOMETRIC_REPRESENTATION_CONTEXT(2) 
PARAMETRIC_REPRESENTATION_CONTEXT() REPRESENTATION_CONTEXT('2D SPACE',''
  ) );
#17232 = ORIENTED_EDGE('',*,*,#17233,.F.);
#17233 = EDGE_CURVE('',#17211,#17211,#17234,.T.);
#17234 = SURFACE_CURVE('',#17235,(#17240,#17247),.PCURVE_S1.);
#17235 = CIRCLE('',#17236,13.7);
#17236 = AXIS2_PLACEMENT_3D('',#17237,#17238,#17239);
#17237 = CARTESIAN_POINT('',(0.,0.,580.));
#17238 = DIRECTION('',(0.,0.,1.));
#17239 = DIRECTION('',(1.,0.,-0.));
#17240 = PCURVE('',#17193,#17241);
#17241 = DEFINITIONAL_REPRESENTATION('',(#17242),#17246);
#17242 = LINE('',#17243,#17244);
#17243 = CARTESIAN_POINT('',(-0.,-3.));
#17244 = VECTOR('',#17245,1.);
#17245 = DIRECTION('',(-1.,-0.));
#17246 = ( GEOMETRIC_REPRESENTATION_CONTEXT(2) 
PARAMETRIC_REPRESENTATION_CONTEXT() REPRESENTATION_CONTEXT('2D SPACE',''
  ) );
#17247 = PCURVE('',#17248,#17253);
#17248 = CONICAL_SURFACE('',#17249,13.7,9.966865249116E-02);
#17249 = AXIS2_PLACEMENT_3D('',#17250,#17251,#17252);
#17250 = CARTESIAN_POINT('',(0.,0.,580.));
#17251 = DIRECTION('',(0.,0.,1.));
#17252 = DIRECTION('',(1.,0.,-0.));
#17253 = DEFINITIONAL_REPRESENTATION('',(#17254),#17258);
#17254 = LINE('',#17255,#17256);
#17255 = CARTESIAN_POINT('',(0.,0.));
#17256 = VECTOR('',#17257,1.);
#17257 = DIRECTION('',(1.,0.));
#17258 = ( GEOMETRIC_REPRESENTATION_CONTEXT(2) 
PARAMETRIC_REPRESENTATION_CONTEXT() REPRESENTATION_CONTEXT('2D SPACE',''
  ) );
#17259 = ORIENTED_EDGE('',*,*,#17210,.F.);
#17260 = ADVANCED_FACE('',(#17261),#17248,.T.);
#17261 = FACE_BOUND('',#17262,.T.);
#17262 = EDGE_LOOP('',(#17263,#17264,#17287,#17314));
#17263 = ORIENTED_EDGE('',*,*,#17233,.T.);
#17264 = ORIENTED_EDGE('',*,*,#17265,.T.);
#17265 = EDGE_CURVE('',#17211,#17266,#17268,.T.);
#17266 = VERTEX_POINT('',#17267);
#17267 = CARTESIAN_POINT('',(14.,0.,583.));
#17268 = SEAM_CURVE('',#17269,(#17273,#17280),.PCURVE_S1.);
#17269 = LINE('',#17270,#17271);
#17270 = CARTESIAN_POINT('',(13.7,0.,580.));
#17271 = VECTOR('',#17272,1.);
#17272 = DIRECTION('',(9.9503719021E-02,0.,0.99503719021));
#17273 = PCURVE('',#17248,#17274);
#17274 = DEFINITIONAL_REPRESENTATION('',(#17275),#17279);
#17275 = LINE('',#17276,#17277);
#17276 = CARTESIAN_POINT('',(0.,0.));
#17277 = VECTOR('',#17278,1.);
#17278 = DIRECTION('',(0.,1.));
#17279 = ( GEOMETRIC_REPRESENTATION_CONTEXT(2) 
PARAMETRIC_REPRESENTATION_CONTEXT() REPRESENTATION_CONTEXT('2D SPACE',''
  ) );
#17280 = PCURVE('',#17248,#17281);
#17281 = DEFINITIONAL_REPRESENTATION('',(#17282),#17286);
#17282 = LINE('',#17283,#17284);
#17283 = CARTESIAN_POINT('',(6.28318530718,0.));
#17284 = VECTOR('',#17285,1.);
#17285 = DIRECTION('',(0.,1.));
#17286 = ( GEOMETRIC_REPRESENTATION_CONTEXT(2) 
PARAMETRIC_REPRESENTATION_CONTEXT() REPRESENTATION_CONTEXT('2D SPACE',''
  ) );
#17287 = ORIENTED_EDGE('',*,*,#17288,.F.);
#17288 = EDGE_CURVE('',#17266,#17266,#17289,.T.);
#17289 = SURFACE_CURVE('',#17290,(#17295,#17302),.PCURVE_S1.);
#17290 = CIRCLE('',#17291,14.);
#17291 = AXIS2_PLACEMENT_3D('',#17292,#17293,#17294);
#17292 = CARTESIAN_POINT('',(0.,0.,583.));
#17293 = DIRECTION('',(0.,0.,1.));
#17294 = DIRECTION('',(1.,0.,-0.));
#17295 = PCURVE('',#17248,#17296);
#17296 = DEFINITIONAL_REPRESENTATION('',(#17297),#17301);
#17297 = LINE('',#17298,#17299);
#17298 = CARTESIAN_POINT('',(0.,3.));
#17299 = VECTOR('',#17300,1.);
#17300 = DIRECTION('',(1.,0.));
#17301 = ( GEOMETRIC_REPRESENTATION_CONTEXT(2) 
PARAMETRIC_REPRESENTATION_CONTEXT() REPRESENTATION_CONTEXT('2D SPACE',''
  ) );
#17302 = PCURVE('',#17303,#17308);
#17303 = CONICAL_SURFACE('',#17304,14.,9.966865249116E-02);
#17304 = AXIS2_PLACEMENT_3D('',#17305,#17306,#17307);
#17305 = CARTESIAN_POINT('',(0.,0.,583.));
#17306 = DIRECTION('',(-0.,-0.,-1.));
#17307 = DIRECTION('',(1.,0.,-0.));
#17308 = DEFINITIONAL_REPRESENTATION('',(#17309),#17313);
#17309 = LINE('',#17310,#17311);
#17310 = CARTESIAN_POINT('',(-0.,-0.));
#17311 = VECTOR('',#17312,1.);
#17312 = DIRECTION('',(-1.,-0.));
#17313 = ( GEOMETRIC_REPRESENTATION_CONTEXT(2) 
PARAMETRIC_REPRESENTATION_CONTEXT() REPRESENTATION_CONTEXT('2D SPACE',''
  ) );
#17314 = ORIENTED_EDGE('',*,*,#17265,.F.);
#17315 = ADVANCED_FACE('',(#17316),#17303,.T.);
#17316 = FACE_BOUND('',#17317,.T.);
#17317 = EDGE_LOOP('',(#17318,#17319,#17342,#17369));
#17318 = ORIENTED_EDGE('',*,*,#17288,.T.);
#17319 = ORIENTED_EDGE('',*,*,#17320,.T.);
#17320 = EDGE_CURVE('',#17266,#17321,#17323,.T.);
#17321 = VERTEX_POINT('',#17322);
#17322 = CARTESIAN_POINT('',(13.7,0.,586.));
#17323 = SEAM_CURVE('',#17324,(#17328,#17335),.PCURVE_S1.);
#17324 = LINE('',#17325,#17326);
#17325 = CARTESIAN_POINT('',(14.,0.,583.));
#17326 = VECTOR('',#17327,1.);
#17327 = DIRECTION('',(-9.9503719021E-02,0.,0.99503719021));
#17328 = PCURVE('',#17303,#17329);
#17329 = DEFINITIONAL_REPRESENTATION('',(#17330),#17334);
#17330 = LINE('',#17331,#17332);
#17331 = CARTESIAN_POINT('',(-0.,-0.));
#17332 = VECTOR('',#17333,1.);
#17333 = DIRECTION('',(-0.,-1.));
#17334 = ( GEOMETRIC_REPRESENTATION_CONTEXT(2) 
PARAMETRIC_REPRESENTATION_CONTEXT() REPRESENTATION_CONTEXT('2D SPACE',''
  ) );
#17335 = PCURVE('',#17303,#17336);
#17336 = DEFINITIONAL_REPRESENTATION('',(#17337),#17341);
#17337 = LINE('',#17338,#17339);
#17338 = CARTESIAN_POINT('',(-6.28318530718,-0.));
#17339 = VECTOR('',#17340,1.);
#17340 = DIRECTION('',(-0.,-1.));
#17341 = ( GEOMETRIC_REPRESENTATION_CONTEXT(2) 
PARAMETRIC_REPRESENTATION_CONTEXT() REPRESENTATION_CONTEXT('2D SPACE',''
  ) );
#17342 = ORIENTED_EDGE('',*,*,#17343,.F.);
#17343 = EDGE_CURVE('',#17321,#17321,#17344,.T.);
#17344 = SURFACE_CURVE('',#17345,(#17350,#17357),.PCURVE_S1.);
#17345 = CIRCLE('',#17346,13.7);
#17346 = AXIS2_PLACEMENT_3D('',#17347,#17348,#17349);
#17347 = CARTESIAN_POINT('',(0.,0.,586.));
#17348 = DIRECTION('',(0.,0.,1.));
#17349 = DIRECTION('',(1.,0.,-0.));
#17350 = PCURVE('',#17303,#17351);
#17351 = DEFINITIONAL_REPRESENTATION('',(#17352),#17356);
#17352 = LINE('',#17353,#17354);
#17353 = CARTESIAN_POINT('',(-0.,-3.));
#17354 = VECTOR('',#17355,1.);
#17355 = DIRECTION('',(-1.,-0.));
#17356 = ( GEOMETRIC_REPRESENTATION_CONTEXT(2) 
PARAMETRIC_REPRESENTATION_CONTEXT() REPRESENTATION_CONTEXT('2D SPACE',''
  ) );
#17357 = PCURVE('',#17358,#17363);
#17358 = CONICAL_SURFACE('',#17359,13.7,9.966865249116E-02);
#17359 = AXIS2_PLACEMENT_3D('',#17360,#17361,#17362);
#17360 = CARTESIAN_POINT('',(0.,0.,586.));
#17361 = DIRECTION('',(0.,0.,1.));
#17362 = DIRECTION('',(1.,0.,-0.));
#17363 = DEFINITIONAL_REPRESENTATION('',(#17364),#17368);
#17364 = LINE('',#17365,#17366);
#17365 = CARTESIAN_POINT('',(0.,0.));
#17366 = VECTOR('',#17367,1.);
#17367 = DIRECTION('',(1.,0.));
#17368 = ( GEOMETRIC_REPRESENTATION_CONTEXT(2) 
PARAMETRIC_REPRESENTATION_CONTEXT() REPRESENTATION_CONTEXT('2D SPACE',''
  ) );
#17369 = ORIENTED_EDGE('',*,*,#17320,.F.);
#17370 = ADVANCED_FACE('',(#17371),#17358,.T.);
#17371 = FACE_BOUND('',#17372,.T.);
#17372 = EDGE_LOOP('',(#17373,#17374,#17397,#17424));
#17373 = ORIENTED_EDGE('',*,*,#17343,.T.);
#17374 = ORIENTED_EDGE('',*,*,#17375,.T.);
#17375 = EDGE_CURVE('',#17321,#17376,#17378,.T.);
#17376 = VERTEX_POINT('',#17377);
#17377 = CARTESIAN_POINT('',(14.,0.,589.));
#17378 = SEAM_CURVE('',#17379,(#17383,#17390),.PCURVE_S1.);
#17379 = LINE('',#17380,#17381);
#17380 = CARTESIAN_POINT('',(13.7,0.,586.));
#17381 = VECTOR('',#17382,1.);
#17382 = DIRECTION('',(9.9503719021E-02,0.,0.99503719021));
#17383 = PCURVE('',#17358,#17384);
#17384 = DEFINITIONAL_REPRESENTATION('',(#17385),#17389);
#17385 = LINE('',#17386,#17387);
#17386 = CARTESIAN_POINT('',(0.,0.));
#17387 = VECTOR('',#17388,1.);
#17388 = DIRECTION('',(0.,1.));
#17389 = ( GEOMETRIC_REPRESENTATION_CONTEXT(2) 
PARAMETRIC_REPRESENTATION_CONTEXT() REPRESENTATION_CONTEXT('2D SPACE',''
  ) );
#17390 = PCURVE('',#17358,#17391);
#17391 = DEFINITIONAL_REPRESENTATION('',(#17392),#17396);
#17392 = LINE('',#17393,#17394);
#17393 = CARTESIAN_POINT('',(6.28318530718,0.));
#17394 = VECTOR('',#17395,1.);
#17395 = DIRECTION('',(0.,1.));
#17396 = ( GEOMETRIC_REPRESENTATION_CONTEXT(2) 
PARAMETRIC_REPRESENTATION_CONTEXT() REPRESENTATION_CONTEXT('2D SPACE',''
  ) );
#17397 = ORIENTED_EDGE('',*,*,#17398,.F.);
#17398 = EDGE_CURVE('',#17376,#17376,#17399,.T.);
#17399 = SURFACE_CURVE('',#17400,(#17405,#17412),.PCURVE_S1.);
#17400 = CIRCLE('',#17401,14.);
#17401 = AXIS2_PLACEMENT_3D('',#17402,#17403,#17404);
#17402 = CARTESIAN_POINT('',(0.,0.,589.));
#17403 = DIRECTION('',(0.,0.,1.));
#17404 = DIRECTION('',(1.,0.,-0.));
#17405 = PCURVE('',#17358,#17406);
#17406 = DEFINITIONAL_REPRESENTATION('',(#17407),#17411);
#17407 = LINE('',#17408,#17409);
#17408 = CARTESIAN_POINT('',(0.,3.));
#17409 = VECTOR('',#17410,1.);
#17410 = DIRECTION('',(1.,0.));
#17411 = ( GEOMETRIC_REPRESENTATION_CONTEXT(2) 
PARAMETRIC_REPRESENTATION_CONTEXT() REPRESENTATION_CONTEXT('2D SPACE',''
  ) );
#17412 = PCURVE('',#17413,#17418);
#17413 = CONICAL_SURFACE('',#17414,14.,9.966865249116E-02);
#17414 = AXIS2_PLACEMENT_3D('',#17415,#17416,#17417);
#17415 = CARTESIAN_POINT('',(0.,0.,589.));
#17416 = DIRECTION('',(-0.,-0.,-1.));
#17417 = DIRECTION('',(1.,0.,-0.));
#17418 = DEFINITIONAL_REPRESENTATION('',(#17419),#17423);
#17419 = LINE('',#17420,#17421);
#17420 = CARTESIAN_POINT('',(-0.,-0.));
#17421 = VECTOR('',#17422,1.);
#17422 = DIRECTION('',(-1.,-0.));
#17423 = ( GEOMETRIC_REPRESENTATION_CONTEXT(2) 
PARAMETRIC_REPRESENTATION_CONTEXT() REPRESENTATION_CONTEXT('2D SPACE',''
  ) );
#17424 = ORIENTED_EDGE('',*,*,#17375,.F.);
#17425 = ADVANCED_FACE('',(#17426),#17413,.T.);
#17426 = FACE_BOUND('',#17427,.T.);
#17427 = EDGE_LOOP('',(#17428,#17429,#17452,#17479));
#17428 = ORIENTED_EDGE('',*,*,#17398,.T.);
#17429 = ORIENTED_EDGE('',*,*,#17430,.T.);
#17430 = EDGE_CURVE('',#17376,#17431,#17433,.T.);
#17431 = VERTEX_POINT('',#17432);
#17432 = CARTESIAN_POINT('',(13.7,0.,592.));
#17433 = SEAM_CURVE('',#17434,(#17438,#17445),.PCURVE_S1.);
#17434 = LINE('',#17435,#17436);
#17435 = CARTESIAN_POINT('',(14.,0.,589.));
#17436 = VECTOR('',#17437,1.);
#17437 = DIRECTION('',(-9.9503719021E-02,0.,0.99503719021));
#17438 = PCURVE('',#17413,#17439);
#17439 = DEFINITIONAL_REPRESENTATION('',(#17440),#17444);
#17440 = LINE('',#17441,#17442);
#17441 = CARTESIAN_POINT('',(-0.,-0.));
#17442 = VECTOR('',#17443,1.);
#17443 = DIRECTION('',(-0.,-1.));
#17444 = ( GEOMETRIC_REPRESENTATION_CONTEXT(2) 
PARAMETRIC_REPRESENTATION_CONTEXT() REPRESENTATION_CONTEXT('2D SPACE',''
  ) );
#17445 = PCURVE('',#17413,#17446);
#17446 = DEFINITIONAL_REPRESENTATION('',(#17447),#17451);
#17447 = LINE('',#17448,#17449);
#17448 = CARTESIAN_POINT('',(-6.28318530718,-0.));
#17449 = VECTOR('',#17450,1.);
#17450 = DIRECTION('',(-0.,-1.));
#17451 = ( GEOMETRIC_REPRESENTATION_CONTEXT(2) 
PARAMETRIC_REPRESENTATION_CONTEXT() REPRESENTATION_CONTEXT('2D SPACE',''
  ) );
#17452 = ORIENTED_EDGE('',*,*,#17453,.F.);
#17453 = EDGE_CURVE('',#17431,#17431,#17454,.T.);
#17454 = SURFACE_CURVE('',#17455,(#17460,#17467),.PCURVE_S1.);
#17455 = CIRCLE('',#17456,13.7);
#17456 = AXIS2_PLACEMENT_3D('',#17457,#17458,#17459);
#17457 = CARTESIAN_POINT('',(0.,0.,592.));
#17458 = DIRECTION('',(0.,0.,1.));
#17459 = DIRECTION('',(1.,0.,-0.));
#17460 = PCURVE('',#17413,#17461);
#17461 = DEFINITIONAL_REPRESENTATION('',(#17462),#17466);
#17462 = LINE('',#17463,#17464);
#17463 = CARTESIAN_POINT('',(-0.,-3.));
#17464 = VECTOR('',#17465,1.);
#17465 = DIRECTION('',(-1.,-0.));
#17466 = ( GEOMETRIC_REPRESENTATION_CONTEXT(2) 
PARAMETRIC_REPRESENTATION_CONTEXT() REPRESENTATION_CONTEXT('2D SPACE',''
  ) );
#17467 = PCURVE('',#17468,#17473);
#17468 = CONICAL_SURFACE('',#17469,13.7,9.966865249116E-02);
#17469 = AXIS2_PLACEMENT_3D('',#17470,#17471,#17472);
#17470 = CARTESIAN_POINT('',(0.,0.,592.));
#17471 = DIRECTION('',(0.,0.,1.));
#17472 = DIRECTION('',(1.,0.,-0.));
#17473 = DEFINITIONAL_REPRESENTATION('',(#17474),#17478);
#17474 = LINE('',#17475,#17476);
#17475 = CARTESIAN_POINT('',(0.,0.));
#17476 = VECTOR('',#17477,1.);
#17477 = DIRECTION('',(1.,0.));
#17478 = ( GEOMETRIC_REPRESENTATION_CONTEXT(2) 
PARAMETRIC_REPRESENTATION_CONTEXT() REPRESENTATION_CONTEXT('2D SPACE',''
  ) );
#17479 = ORIENTED_EDGE('',*,*,#17430,.F.);
#17480 = ADVANCED_FACE('',(#17481),#17468,.T.);
#17481 = FACE_BOUND('',#17482,.T.);
#17482 = EDGE_LOOP('',(#17483,#17484,#17507,#17534));
#17483 = ORIENTED_EDGE('',*,*,#17453,.T.);
#17484 = ORIENTED_EDGE('',*,*,#17485,.T.);
#17485 = EDGE_CURVE('',#17431,#17486,#17488,.T.);
#17486 = VERTEX_POINT('',#17487);
#17487 = CARTESIAN_POINT('',(14.,0.,595.));
#17488 = SEAM_CURVE('',#17489,(#17493,#17500),.PCURVE_S1.);
#17489 = LINE('',#17490,#17491);
#17490 = CARTESIAN_POINT('',(13.7,0.,592.));
#17491 = VECTOR('',#17492,1.);
#17492 = DIRECTION('',(9.9503719021E-02,0.,0.99503719021));
#17493 = PCURVE('',#17468,#17494);
#17494 = DEFINITIONAL_REPRESENTATION('',(#17495),#17499);
#17495 = LINE('',#17496,#17497);
#17496 = CARTESIAN_POINT('',(0.,0.));
#17497 = VECTOR('',#17498,1.);
#17498 = DIRECTION('',(0.,1.));
#17499 = ( GEOMETRIC_REPRESENTATION_CONTEXT(2) 
PARAMETRIC_REPRESENTATION_CONTEXT() REPRESENTATION_CONTEXT('2D SPACE',''
  ) );
#17500 = PCURVE('',#17468,#17501);
#17501 = DEFINITIONAL_REPRESENTATION('',(#17502),#17506);
#17502 = LINE('',#17503,#17504);
#17503 = CARTESIAN_POINT('',(6.28318530718,0.));
#17504 = VECTOR('',#17505,1.);
#17505 = DIRECTION('',(0.,1.));
#17506 = ( GEOMETRIC_REPRESENTATION_CONTEXT(2) 
PARAMETRIC_REPRESENTATION_CONTEXT() REPRESENTATION_CONTEXT('2D SPACE',''
  ) );
#17507 = ORIENTED_EDGE('',*,*,#17508,.F.);
#17508 = EDGE_CURVE('',#17486,#17486,#17509,.T.);
#17509 = SURFACE_CURVE('',#17510,(#17515,#17522),.PCURVE_S1.);
#17510 = CIRCLE('',#17511,14.);
#17511 = AXIS2_PLACEMENT_3D('',#17512,#17513,#17514);
#17512 = CARTESIAN_POINT('',(0.,0.,595.));
#17513 = DIRECTION('',(0.,0.,1.));
#17514 = DIRECTION('',(1.,0.,-0.));
#17515 = PCURVE('',#17468,#17516);
#17516 = DEFINITIONAL_REPRESENTATION('',(#17517),#17521);
#17517 = LINE('',#17518,#17519);
#17518 = CARTESIAN_POINT('',(0.,3.));
#17519 = VECTOR('',#17520,1.);
#17520 = DIRECTION('',(1.,0.));
#17521 = ( GEOMETRIC_REPRESENTATION_CONTEXT(2) 
PARAMETRIC_REPRESENTATION_CONTEXT() REPRESENTATION_CONTEXT('2D SPACE',''
  ) );
#17522 = PCURVE('',#17523,#17528);
#17523 = CONICAL_SURFACE('',#17524,14.,9.966865249116E-02);
#17524 = AXIS2_PLACEMENT_3D('',#17525,#17526,#17527);
#17525 = CARTESIAN_POINT('',(0.,0.,595.));
#17526 = DIRECTION('',(-0.,-0.,-1.));
#17527 = DIRECTION('',(1.,0.,-0.));
#17528 = DEFINITIONAL_REPRESENTATION('',(#17529),#17533);
#17529 = LINE('',#17530,#17531);
#17530 = CARTESIAN_POINT('',(-0.,-0.));
#17531 = VECTOR('',#17532,1.);
#17532 = DIRECTION('',(-1.,-0.));
#17533 = ( GEOMETRIC_REPRESENTATION_CONTEXT(2) 
PARAMETRIC_REPRESENTATION_CONTEXT() REPRESENTATION_CONTEXT('2D SPACE',''
  ) );
#17534 = ORIENTED_EDGE('',*,*,#17485,.F.);
#17535 = ADVANCED_FACE('',(#17536),#17523,.T.);
#17536 = FACE_BOUND('',#17537,.T.);
#17537 = EDGE_LOOP('',(#17538,#17539,#17562,#17589));
#17538 = ORIENTED_EDGE('',*,*,#17508,.T.);
#17539 = ORIENTED_EDGE('',*,*,#17540,.T.);
#17540 = EDGE_CURVE('',#17486,#17541,#17543,.T.);
#17541 = VERTEX_POINT('',#17542);
#17542 = CARTESIAN_POINT('',(13.7,0.,598.));
#17543 = SEAM_CURVE('',#17544,(#17548,#17555),.PCURVE_S1.);
#17544 = LINE('',#17545,#17546);
#17545 = CARTESIAN_POINT('',(14.,0.,595.));
#17546 = VECTOR('',#17547,1.);
#17547 = DIRECTION('',(-9.9503719021E-02,0.,0.99503719021));
#17548 = PCURVE('',#17523,#17549);
#17549 = DEFINITIONAL_REPRESENTATION('',(#17550),#17554);
#17550 = LINE('',#17551,#17552);
#17551 = CARTESIAN_POINT('',(-0.,-0.));
#17552 = VECTOR('',#17553,1.);
#17553 = DIRECTION('',(-0.,-1.));
#17554 = ( GEOMETRIC_REPRESENTATION_CONTEXT(2) 
PARAMETRIC_REPRESENTATION_CONTEXT() REPRESENTATION_CONTEXT('2D SPACE',''
  ) );
#17555 = PCURVE('',#17523,#17556);
#17556 = DEFINITIONAL_REPRESENTATION('',(#17557),#17561);
#17557 = LINE('',#17558,#17559);
#17558 = CARTESIAN_POINT('',(-6.28318530718,-0.));
#17559 = VECTOR('',#17560,1.);
#17560 = DIRECTION('',(-0.,-1.));
#17561 = ( GEOMETRIC_REPRESENTATION_CONTEXT(2) 
PARAMETRIC_REPRESENTATION_CONTEXT() REPRESENTATION_CONTEXT('2D SPACE',''
  ) );
#17562 = ORIENTED_EDGE('',*,*,#17563,.F.);
#17563 = EDGE_CURVE('',#17541,#17541,#17564,.T.);
#17564 = SURFACE_CURVE('',#17565,(#17570,#17577),.PCURVE_S1.);
#17565 = CIRCLE('',#17566,13.7);
#17566 = AXIS2_PLACEMENT_3D('',#17567,#17568,#17569);
#17567 = CARTESIAN_POINT('',(0.,0.,598.));
#17568 = DIRECTION('',(0.,0.,1.));
#17569 = DIRECTION('',(1.,0.,-0.));
#17570 = PCURVE('',#17523,#17571);
#17571 = DEFINITIONAL_REPRESENTATION('',(#17572),#17576);
#17572 = LINE('',#17573,#17574);
#17573 = CARTESIAN_POINT('',(-0.,-3.));
#17574 = VECTOR('',#17575,1.);
#17575 = DIRECTION('',(-1.,-0.));
#17576 = ( GEOMETRIC_REPRESENTATION_CONTEXT(2) 
PARAMETRIC_REPRESENTATION_CONTEXT() REPRESENTATION_CONTEXT('2D SPACE',''
  ) );
#17577 = PCURVE('',#17578,#17583);
#17578 = CONICAL_SURFACE('',#17579,13.7,0.148889947609);
#17579 = AXIS2_PLACEMENT_3D('',#17580,#17581,#17582);
#17580 = CARTESIAN_POINT('',(0.,0.,598.));
#17581 = DIRECTION('',(0.,0.,1.));
#17582 = DIRECTION('',(1.,0.,-0.));
#17583 = DEFINITIONAL_REPRESENTATION('',(#17584),#17588);
#17584 = LINE('',#17585,#17586);
#17585 = CARTESIAN_POINT('',(0.,0.));
#17586 = VECTOR('',#17587,1.);
#17587 = DIRECTION('',(1.,0.));
#17588 = ( GEOMETRIC_REPRESENTATION_CONTEXT(2) 
PARAMETRIC_REPRESENTATION_CONTEXT() REPRESENTATION_CONTEXT('2D SPACE',''
  ) );
#17589 = ORIENTED_EDGE('',*,*,#17540,.F.);
#17590 = ADVANCED_FACE('',(#17591),#17578,.T.);
#17591 = FACE_BOUND('',#17592,.T.);
#17592 = EDGE_LOOP('',(#17593,#17594,#17617,#17644));
#17593 = ORIENTED_EDGE('',*,*,#17563,.T.);
#17594 = ORIENTED_EDGE('',*,*,#17595,.T.);
#17595 = EDGE_CURVE('',#17541,#17596,#17598,.T.);
#17596 = VERTEX_POINT('',#17597);
#17597 = CARTESIAN_POINT('',(14.,0.,600.));
#17598 = SEAM_CURVE('',#17599,(#17603,#17610),.PCURVE_S1.);
#17599 = LINE('',#17600,#17601);
#17600 = CARTESIAN_POINT('',(13.7,0.,598.));
#17601 = VECTOR('',#17602,1.);
#17602 = DIRECTION('',(0.14834045293,0.,0.988936352868));
#17603 = PCURVE('',#17578,#17604);
#17604 = DEFINITIONAL_REPRESENTATION('',(#17605),#17609);
#17605 = LINE('',#17606,#17607);
#17606 = CARTESIAN_POINT('',(0.,0.));
#17607 = VECTOR('',#17608,1.);
#17608 = DIRECTION('',(0.,1.));
#17609 = ( GEOMETRIC_REPRESENTATION_CONTEXT(2) 
PARAMETRIC_REPRESENTATION_CONTEXT() REPRESENTATION_CONTEXT('2D SPACE',''
  ) );
#17610 = PCURVE('',#17578,#17611);
#17611 = DEFINITIONAL_REPRESENTATION('',(#17612),#17616);
#17612 = LINE('',#17613,#17614);
#17613 = CARTESIAN_POINT('',(6.28318530718,0.));
#17614 = VECTOR('',#17615,1.);
#17615 = DIRECTION('',(0.,1.));
#17616 = ( GEOMETRIC_REPRESENTATION_CONTEXT(2) 
PARAMETRIC_REPRESENTATION_CONTEXT() REPRESENTATION_CONTEXT('2D SPACE',''
  ) );
#17617 = ORIENTED_EDGE('',*,*,#17618,.F.);
#17618 = EDGE_CURVE('',#17596,#17596,#17619,.T.);
#17619 = SURFACE_CURVE('',#17620,(#17625,#17632),.PCURVE_S1.);
#17620 = CIRCLE('',#17621,14.);
#17621 = AXIS2_PLACEMENT_3D('',#17622,#17623,#17624);
#17622 = CARTESIAN_POINT('',(0.,0.,600.));
#17623 = DIRECTION('',(0.,0.,1.));
#17624 = DIRECTION('',(1.,0.,-0.));
#17625 = PCURVE('',#17578,#17626);
#17626 = DEFINITIONAL_REPRESENTATION('',(#17627),#17631);
#17627 = LINE('',#17628,#17629);
#17628 = CARTESIAN_POINT('',(0.,2.));
#17629 = VECTOR('',#17630,1.);
#17630 = DIRECTION('',(1.,0.));
#17631 = ( GEOMETRIC_REPRESENTATION_CONTEXT(2) 
PARAMETRIC_REPRESENTATION_CONTEXT() REPRESENTATION_CONTEXT('2D SPACE',''
  ) );
#17632 = PCURVE('',#17633,#17638);
#17633 = CYLINDRICAL_SURFACE('',#17634,14.);
#17634 = AXIS2_PLACEMENT_3D('',#17635,#17636,#17637);
#17635 = CARTESIAN_POINT('',(0.,0.,-655.));
#17636 = DIRECTION('',(0.,0.,1.));
#17637 = DIRECTION('',(1.,0.,0.));
#17638 = DEFINITIONAL_REPRESENTATION('',(#17639),#17643);
#17639 = LINE('',#17640,#17641);
#17640 = CARTESIAN_POINT('',(0.,1.255E+03));
#17641 = VECTOR('',#17642,1.);
#17642 = DIRECTION('',(1.,0.));
#17643 = ( GEOMETRIC_REPRESENTATION_CONTEXT(2) 
PARAMETRIC_REPRESENTATION_CONTEXT() REPRESENTATION_CONTEXT('2D SPACE',''
  ) );
#17644 = ORIENTED_EDGE('',*,*,#17595,.F.);
#17645 = ADVANCED_FACE('',(#17646),#17633,.T.);
#17646 = FACE_BOUND('',#17647,.T.);
#17647 = EDGE_LOOP('',(#17648,#17649,#17672,#17699));
#17648 = ORIENTED_EDGE('',*,*,#17618,.T.);
#17649 = ORIENTED_EDGE('',*,*,#17650,.T.);
#17650 = EDGE_CURVE('',#17596,#17651,#17653,.T.);
#17651 = VERTEX_POINT('',#17652);
#17652 = CARTESIAN_POINT('',(14.,-3.429011037613E-15,655.));
#17653 = SEAM_CURVE('',#17654,(#17658,#17665),.PCURVE_S1.);
#17654 = LINE('',#17655,#17656);
#17655 = CARTESIAN_POINT('',(14.,-3.429011037613E-15,-655.));
#17656 = VECTOR('',#17657,1.);
#17657 = DIRECTION('',(0.,0.,1.));
#17658 = PCURVE('',#17633,#17659);
#17659 = DEFINITIONAL_REPRESENTATION('',(#17660),#17664);
#17660 = LINE('',#17661,#17662);
#17661 = CARTESIAN_POINT('',(0.,-0.));
#17662 = VECTOR('',#17663,1.);
#17663 = DIRECTION('',(0.,1.));
#17664 = ( GEOMETRIC_REPRESENTATION_CONTEXT(2) 
PARAMETRIC_REPRESENTATION_CONTEXT() REPRESENTATION_CONTEXT('2D SPACE',''
  ) );
#17665 = PCURVE('',#17633,#17666);
#17666 = DEFINITIONAL_REPRESENTATION('',(#17667),#17671);
#17667 = LINE('',#17668,#17669);
#17668 = CARTESIAN_POINT('',(6.28318530718,-0.));
#17669 = VECTOR('',#17670,1.);
#17670 = DIRECTION('',(0.,1.));
#17671 = ( GEOMETRIC_REPRESENTATION_CONTEXT(2) 
PARAMETRIC_REPRESENTATION_CONTEXT() REPRESENTATION_CONTEXT('2D SPACE',''
  ) );
#17672 = ORIENTED_EDGE('',*,*,#17673,.F.);
#17673 = EDGE_CURVE('',#17651,#17651,#17674,.T.);
#17674 = SURFACE_CURVE('',#17675,(#17680,#17687),.PCURVE_S1.);
#17675 = CIRCLE('',#17676,14.);
#17676 = AXIS2_PLACEMENT_3D('',#17677,#17678,#17679);
#17677 = CARTESIAN_POINT('',(0.,0.,655.));
#17678 = DIRECTION('',(0.,0.,1.));
#17679 = DIRECTION('',(1.,0.,0.));
#17680 = PCURVE('',#17633,#17681);
#17681 = DEFINITIONAL_REPRESENTATION('',(#17682),#17686);
#17682 = LINE('',#17683,#17684);
#17683 = CARTESIAN_POINT('',(0.,1.31E+03));
#17684 = VECTOR('',#17685,1.);
#17685 = DIRECTION('',(1.,0.));
#17686 = ( GEOMETRIC_REPRESENTATION_CONTEXT(2) 
PARAMETRIC_REPRESENTATION_CONTEXT() REPRESENTATION_CONTEXT('2D SPACE',''
  ) );
#17687 = PCURVE('',#17688,#17693);
#17688 = PLANE('',#17689);
#17689 = AXIS2_PLACEMENT_3D('',#17690,#17691,#17692);
#17690 = CARTESIAN_POINT('',(0.,0.,655.));
#17691 = DIRECTION('',(0.,0.,1.));
#17692 = DIRECTION('',(1.,0.,0.));
#17693 = DEFINITIONAL_REPRESENTATION('',(#17694),#17698);
#17694 = CIRCLE('',#17695,14.);
#17695 = AXIS2_PLACEMENT_2D('',#17696,#17697);
#17696 = CARTESIAN_POINT('',(0.,0.));
#17697 = DIRECTION('',(1.,0.));
#17698 = ( GEOMETRIC_REPRESENTATION_CONTEXT(2) 
PARAMETRIC_REPRESENTATION_CONTEXT() REPRESENTATION_CONTEXT('2D SPACE',''
  ) );
#17699 = ORIENTED_EDGE('',*,*,#17650,.F.);
#17700 = ADVANCED_FACE('',(#17701,#17732),#17688,.F.);
#17701 = FACE_BOUND('',#17702,.F.);
#17702 = EDGE_LOOP('',(#17703));
#17703 = ORIENTED_EDGE('',*,*,#17704,.T.);
#17704 = EDGE_CURVE('',#17705,#17705,#17707,.T.);
#17705 = VERTEX_POINT('',#17706);
#17706 = CARTESIAN_POINT('',(31.,-7.592810154714E-15,655.));
#17707 = SURFACE_CURVE('',#17708,(#17713,#17720),.PCURVE_S1.);
#17708 = CIRCLE('',#17709,31.);
#17709 = AXIS2_PLACEMENT_3D('',#17710,#17711,#17712);
#17710 = CARTESIAN_POINT('',(0.,0.,655.));
#17711 = DIRECTION('',(0.,0.,1.));
#17712 = DIRECTION('',(1.,0.,0.));
#17713 = PCURVE('',#17688,#17714);
#17714 = DEFINITIONAL_REPRESENTATION('',(#17715),#17719);
#17715 = CIRCLE('',#17716,31.);
#17716 = AXIS2_PLACEMENT_2D('',#17717,#17718);
#17717 = CARTESIAN_POINT('',(0.,0.));
#17718 = DIRECTION('',(1.,0.));
#17719 = ( GEOMETRIC_REPRESENTATION_CONTEXT(2) 
PARAMETRIC_REPRESENTATION_CONTEXT() REPRESENTATION_CONTEXT('2D SPACE',''
  ) );
#17720 = PCURVE('',#17721,#17726);
#17721 = CYLINDRICAL_SURFACE('',#17722,31.);
#17722 = AXIS2_PLACEMENT_3D('',#17723,#17724,#17725);
#17723 = CARTESIAN_POINT('',(0.,0.,655.));
#17724 = DIRECTION('',(0.,0.,1.));
#17725 = DIRECTION('',(1.,0.,0.));
#17726 = DEFINITIONAL_REPRESENTATION('',(#17727),#17731);
#17727 = LINE('',#17728,#17729);
#17728 = CARTESIAN_POINT('',(0.,0.));
#17729 = VECTOR('',#17730,1.);
#17730 = DIRECTION('',(1.,0.));
#17731 = ( GEOMETRIC_REPRESENTATION_CONTEXT(2) 
PARAMETRIC_REPRESENTATION_CONTEXT() REPRESENTATION_CONTEXT('2D SPACE',''
  ) );
#17732 = FACE_BOUND('',#17733,.F.);
#17733 = EDGE_LOOP('',(#17734));
#17734 = ORIENTED_EDGE('',*,*,#17673,.F.);
#17735 = ADVANCED_FACE('',(#17736),#17721,.T.);
#17736 = FACE_BOUND('',#17737,.T.);
#17737 = EDGE_LOOP('',(#17738,#17767,#17788,#17789));
#17738 = ORIENTED_EDGE('',*,*,#17739,.F.);
#17739 = EDGE_CURVE('',#17740,#17740,#17742,.T.);
#17740 = VERTEX_POINT('',#17741);
#17741 = CARTESIAN_POINT('',(31.,-7.592810154714E-15,667.));
#17742 = SURFACE_CURVE('',#17743,(#17748,#17755),.PCURVE_S1.);
#17743 = CIRCLE('',#17744,31.);
#17744 = AXIS2_PLACEMENT_3D('',#17745,#17746,#17747);
#17745 = CARTESIAN_POINT('',(0.,0.,667.));
#17746 = DIRECTION('',(0.,0.,1.));
#17747 = DIRECTION('',(1.,0.,0.));
#17748 = PCURVE('',#17721,#17749);
#17749 = DEFINITIONAL_REPRESENTATION('',(#17750),#17754);
#17750 = LINE('',#17751,#17752);
#17751 = CARTESIAN_POINT('',(0.,12.));
#17752 = VECTOR('',#17753,1.);
#17753 = DIRECTION('',(1.,0.));
#17754 = ( GEOMETRIC_REPRESENTATION_CONTEXT(2) 
PARAMETRIC_REPRESENTATION_CONTEXT() REPRESENTATION_CONTEXT('2D SPACE',''
  ) );
#17755 = PCURVE('',#17756,#17761);
#17756 = PLANE('',#17757);
#17757 = AXIS2_PLACEMENT_3D('',#17758,#17759,#17760);
#17758 = CARTESIAN_POINT('',(0.,0.,667.));
#17759 = DIRECTION('',(0.,0.,1.));
#17760 = DIRECTION('',(1.,0.,0.));
#17761 = DEFINITIONAL_REPRESENTATION('',(#17762),#17766);
#17762 = CIRCLE('',#17763,31.);
#17763 = AXIS2_PLACEMENT_2D('',#17764,#17765);
#17764 = CARTESIAN_POINT('',(0.,0.));
#17765 = DIRECTION('',(1.,0.));
#17766 = ( GEOMETRIC_REPRESENTATION_CONTEXT(2) 
PARAMETRIC_REPRESENTATION_CONTEXT() REPRESENTATION_CONTEXT('2D SPACE',''
  ) );
#17767 = ORIENTED_EDGE('',*,*,#17768,.F.);
#17768 = EDGE_CURVE('',#17705,#17740,#17769,.T.);
#17769 = SEAM_CURVE('',#17770,(#17774,#17781),.PCURVE_S1.);
#17770 = LINE('',#17771,#17772);
#17771 = CARTESIAN_POINT('',(31.,-7.592810154714E-15,655.));
#17772 = VECTOR('',#17773,1.);
#17773 = DIRECTION('',(0.,0.,1.));
#17774 = PCURVE('',#17721,#17775);
#17775 = DEFINITIONAL_REPRESENTATION('',(#17776),#17780);
#17776 = LINE('',#17777,#17778);
#17777 = CARTESIAN_POINT('',(6.28318530718,-0.));
#17778 = VECTOR('',#17779,1.);
#17779 = DIRECTION('',(0.,1.));
#17780 = ( GEOMETRIC_REPRESENTATION_CONTEXT(2) 
PARAMETRIC_REPRESENTATION_CONTEXT() REPRESENTATION_CONTEXT('2D SPACE',''
  ) );
#17781 = PCURVE('',#17721,#17782);
#17782 = DEFINITIONAL_REPRESENTATION('',(#17783),#17787);
#17783 = LINE('',#17784,#17785);
#17784 = CARTESIAN_POINT('',(0.,-0.));
#17785 = VECTOR('',#17786,1.);
#17786 = DIRECTION('',(0.,1.));
#17787 = ( GEOMETRIC_REPRESENTATION_CONTEXT(2) 
PARAMETRIC_REPRESENTATION_CONTEXT() REPRESENTATION_CONTEXT('2D SPACE',''
  ) );
#17788 = ORIENTED_EDGE('',*,*,#17704,.T.);
#17789 = ORIENTED_EDGE('',*,*,#17768,.T.);
#17790 = ADVANCED_FACE('',(#17791,#17794),#17756,.T.);
#17791 = FACE_BOUND('',#17792,.T.);
#17792 = EDGE_LOOP('',(#17793));
#17793 = ORIENTED_EDGE('',*,*,#17739,.T.);
#17794 = FACE_BOUND('',#17795,.T.);
#17795 = EDGE_LOOP('',(#17796));
#17796 = ORIENTED_EDGE('',*,*,#17797,.F.);
#17797 = EDGE_CURVE('',#17798,#17798,#17800,.T.);
#17798 = VERTEX_POINT('',#17799);
#17799 = CARTESIAN_POINT('',(24.7,-6.049755187788E-15,667.));
#17800 = SURFACE_CURVE('',#17801,(#17806,#17813),.PCURVE_S1.);
#17801 = CIRCLE('',#17802,24.7);
#17802 = AXIS2_PLACEMENT_3D('',#17803,#17804,#17805);
#17803 = CARTESIAN_POINT('',(0.,0.,667.));
#17804 = DIRECTION('',(0.,0.,1.));
#17805 = DIRECTION('',(1.,0.,0.));
#17806 = PCURVE('',#17756,#17807);
#17807 = DEFINITIONAL_REPRESENTATION('',(#17808),#17812);
#17808 = CIRCLE('',#17809,24.7);
#17809 = AXIS2_PLACEMENT_2D('',#17810,#17811);
#17810 = CARTESIAN_POINT('',(0.,0.));
#17811 = DIRECTION('',(1.,0.));
#17812 = ( GEOMETRIC_REPRESENTATION_CONTEXT(2) 
PARAMETRIC_REPRESENTATION_CONTEXT() REPRESENTATION_CONTEXT('2D SPACE',''
  ) );
#17813 = PCURVE('',#17814,#17819);
#17814 = CYLINDRICAL_SURFACE('',#17815,24.7);
#17815 = AXIS2_PLACEMENT_3D('',#17816,#17817,#17818);
#17816 = CARTESIAN_POINT('',(0.,0.,667.));
#17817 = DIRECTION('',(0.,0.,1.));
#17818 = DIRECTION('',(1.,0.,0.));
#17819 = DEFINITIONAL_REPRESENTATION('',(#17820),#17824);
#17820 = LINE('',#17821,#17822);
#17821 = CARTESIAN_POINT('',(0.,0.));
#17822 = VECTOR('',#17823,1.);
#17823 = DIRECTION('',(1.,0.));
#17824 = ( GEOMETRIC_REPRESENTATION_CONTEXT(2) 
PARAMETRIC_REPRESENTATION_CONTEXT() REPRESENTATION_CONTEXT('2D SPACE',''
  ) );
#17825 = ADVANCED_FACE('',(#17826),#17814,.T.);
#17826 = FACE_BOUND('',#17827,.T.);
#17827 = EDGE_LOOP('',(#17828,#17851,#17878,#17879));
#17828 = ORIENTED_EDGE('',*,*,#17829,.T.);
#17829 = EDGE_CURVE('',#17798,#17830,#17832,.T.);
#17830 = VERTEX_POINT('',#17831);
#17831 = CARTESIAN_POINT('',(24.7,0.,1.0985E+03));
#17832 = SEAM_CURVE('',#17833,(#17837,#17844),.PCURVE_S1.);
#17833 = LINE('',#17834,#17835);
#17834 = CARTESIAN_POINT('',(24.7,-6.049755187788E-15,667.));
#17835 = VECTOR('',#17836,1.);
#17836 = DIRECTION('',(0.,0.,1.));
#17837 = PCURVE('',#17814,#17838);
#17838 = DEFINITIONAL_REPRESENTATION('',(#17839),#17843);
#17839 = LINE('',#17840,#17841);
#17840 = CARTESIAN_POINT('',(6.28318530718,-0.));
#17841 = VECTOR('',#17842,1.);
#17842 = DIRECTION('',(0.,1.));
#17843 = ( GEOMETRIC_REPRESENTATION_CONTEXT(2) 
PARAMETRIC_REPRESENTATION_CONTEXT() REPRESENTATION_CONTEXT('2D SPACE',''
  ) );
#17844 = PCURVE('',#17814,#17845);
#17845 = DEFINITIONAL_REPRESENTATION('',(#17846),#17850);
#17846 = LINE('',#17847,#17848);
#17847 = CARTESIAN_POINT('',(0.,-0.));
#17848 = VECTOR('',#17849,1.);
#17849 = DIRECTION('',(0.,1.));
#17850 = ( GEOMETRIC_REPRESENTATION_CONTEXT(2) 
PARAMETRIC_REPRESENTATION_CONTEXT() REPRESENTATION_CONTEXT('2D SPACE',''
  ) );
#17851 = ORIENTED_EDGE('',*,*,#17852,.F.);
#17852 = EDGE_CURVE('',#17830,#17830,#17853,.T.);
#17853 = SURFACE_CURVE('',#17854,(#17859,#17866),.PCURVE_S1.);
#17854 = CIRCLE('',#17855,24.7);
#17855 = AXIS2_PLACEMENT_3D('',#17856,#17857,#17858);
#17856 = CARTESIAN_POINT('',(0.,0.,1.0985E+03));
#17857 = DIRECTION('',(0.,0.,1.));
#17858 = DIRECTION('',(1.,0.,-0.));
#17859 = PCURVE('',#17814,#17860);
#17860 = DEFINITIONAL_REPRESENTATION('',(#17861),#17865);
#17861 = LINE('',#17862,#17863);
#17862 = CARTESIAN_POINT('',(0.,431.5));
#17863 = VECTOR('',#17864,1.);
#17864 = DIRECTION('',(1.,0.));
#17865 = ( GEOMETRIC_REPRESENTATION_CONTEXT(2) 
PARAMETRIC_REPRESENTATION_CONTEXT() REPRESENTATION_CONTEXT('2D SPACE',''
  ) );
#17866 = PCURVE('',#17867,#17872);
#17867 = CONICAL_SURFACE('',#17868,24.7,0.785398163397);
#17868 = AXIS2_PLACEMENT_3D('',#17869,#17870,#17871);
#17869 = CARTESIAN_POINT('',(0.,0.,1.0985E+03));
#17870 = DIRECTION('',(-0.,-0.,-1.));
#17871 = DIRECTION('',(1.,0.,-0.));
#17872 = DEFINITIONAL_REPRESENTATION('',(#17873),#17877);
#17873 = LINE('',#17874,#17875);
#17874 = CARTESIAN_POINT('',(-0.,-0.));
#17875 = VECTOR('',#17876,1.);
#17876 = DIRECTION('',(-1.,-0.));
#17877 = ( GEOMETRIC_REPRESENTATION_CONTEXT(2) 
PARAMETRIC_REPRESENTATION_CONTEXT() REPRESENTATION_CONTEXT('2D SPACE',''
  ) );
#17878 = ORIENTED_EDGE('',*,*,#17829,.F.);
#17879 = ORIENTED_EDGE('',*,*,#17797,.T.);
#17880 = ADVANCED_FACE('',(#17881),#17867,.T.);
#17881 = FACE_BOUND('',#17882,.T.);
#17882 = EDGE_LOOP('',(#17883,#17904,#17905,#17906));
#17883 = ORIENTED_EDGE('',*,*,#17884,.F.);
#17884 = EDGE_CURVE('',#17830,#17885,#17887,.T.);
#17885 = VERTEX_POINT('',#17886);
#17886 = CARTESIAN_POINT('',(23.2,0.,1.1E+03));
#17887 = SEAM_CURVE('',#17888,(#17892,#17898),.PCURVE_S1.);
#17888 = LINE('',#17889,#17890);
#17889 = CARTESIAN_POINT('',(24.7,0.,1.0985E+03));
#17890 = VECTOR('',#17891,1.);
#17891 = DIRECTION('',(-0.707106781187,0.,0.707106781187));
#17892 = PCURVE('',#17867,#17893);
#17893 = DEFINITIONAL_REPRESENTATION('',(#17894),#17897);
#17894 = B_SPLINE_CURVE_WITH_KNOTS('',1,(#17895,#17896),.UNSPECIFIED.,
  .F.,.F.,(2,2),(0.,2.12132034356),.PIECEWISE_BEZIER_KNOTS.);
#17895 = CARTESIAN_POINT('',(0.,0.));
#17896 = CARTESIAN_POINT('',(0.,-1.5));
#17897 = ( GEOMETRIC_REPRESENTATION_CONTEXT(2) 
PARAMETRIC_REPRESENTATION_CONTEXT() REPRESENTATION_CONTEXT('2D SPACE',''
  ) );
#17898 = PCURVE('',#17867,#17899);
#17899 = DEFINITIONAL_REPRESENTATION('',(#17900),#17903);
#17900 = B_SPLINE_CURVE_WITH_KNOTS('',1,(#17901,#17902),.UNSPECIFIED.,
  .F.,.F.,(2,2),(0.,2.12132034356),.PIECEWISE_BEZIER_KNOTS.);
#17901 = CARTESIAN_POINT('',(-6.28318530718,0.));
#17902 = CARTESIAN_POINT('',(-6.28318530718,-1.5));
#17903 = ( GEOMETRIC_REPRESENTATION_CONTEXT(2) 
PARAMETRIC_REPRESENTATION_CONTEXT() REPRESENTATION_CONTEXT('2D SPACE',''
  ) );
#17904 = ORIENTED_EDGE('',*,*,#17852,.T.);
#17905 = ORIENTED_EDGE('',*,*,#17884,.T.);
#17906 = ORIENTED_EDGE('',*,*,#17907,.F.);
#17907 = EDGE_CURVE('',#17885,#17885,#17908,.T.);
#17908 = SURFACE_CURVE('',#17909,(#17914,#17921),.PCURVE_S1.);
#17909 = CIRCLE('',#17910,23.2);
#17910 = AXIS2_PLACEMENT_3D('',#17911,#17912,#17913);
#17911 = CARTESIAN_POINT('',(0.,0.,1.1E+03));
#17912 = DIRECTION('',(0.,0.,1.));
#17913 = DIRECTION('',(1.,0.,-0.));
#17914 = PCURVE('',#17867,#17915);
#17915 = DEFINITIONAL_REPRESENTATION('',(#17916),#17920);
#17916 = LINE('',#17917,#17918);
#17917 = CARTESIAN_POINT('',(-0.,-1.5));
#17918 = VECTOR('',#17919,1.);
#17919 = DIRECTION('',(-1.,-0.));
#17920 = ( GEOMETRIC_REPRESENTATION_CONTEXT(2) 
PARAMETRIC_REPRESENTATION_CONTEXT() REPRESENTATION_CONTEXT('2D SPACE',''
  ) );
#17921 = PCURVE('',#17922,#17927);
#17922 = PLANE('',#17923);
#17923 = AXIS2_PLACEMENT_3D('',#17924,#17925,#17926);
#17924 = CARTESIAN_POINT('',(0.,0.,1.1E+03));
#17925 = DIRECTION('',(0.,0.,1.));
#17926 = DIRECTION('',(1.,0.,0.));
#17927 = DEFINITIONAL_REPRESENTATION('',(#17928),#17932);
#17928 = CIRCLE('',#17929,23.2);
#17929 = AXIS2_PLACEMENT_2D('',#17930,#17931);
#17930 = CARTESIAN_POINT('',(0.,0.));
#17931 = DIRECTION('',(1.,0.));
#17932 = ( GEOMETRIC_REPRESENTATION_CONTEXT(2) 
PARAMETRIC_REPRESENTATION_CONTEXT() REPRESENTATION_CONTEXT('2D SPACE',''
  ) );
#17933 = ADVANCED_FACE('',(#17934),#17922,.T.);
#17934 = FACE_BOUND('',#17935,.T.);
#17935 = EDGE_LOOP('',(#17936));
#17936 = ORIENTED_EDGE('',*,*,#17907,.T.);
#17937 = ( GEOMETRIC_REPRESENTATION_CONTEXT(3) 
GLOBAL_UNCERTAINTY_ASSIGNED_CONTEXT((#17941)) 
GLOBAL_UNIT_ASSIGNED_CONTEXT((#17938,#17939,#17940)) 
REPRESENTATION_CONTEXT('Context #1',
  '3D Context with UNIT and UNCERTAINTY') );
#17938 = ( LENGTH_UNIT() NAMED_UNIT(*) SI_UNIT(.MILLI.,.METRE.) );
#17939 = ( NAMED_UNIT(*) PLANE_ANGLE_UNIT() SI_UNIT($,.RADIAN.) );
#17940 = ( NAMED_UNIT(*) SI_UNIT($,.STERADIAN.) SOLID_ANGLE_UNIT() );
#17941 = UNCERTAINTY_MEASURE_WITH_UNIT(LENGTH_MEASURE(1.E-07),#17938,
  'distance_accuracy_value','confusion accuracy');
#17942 = CONTEXT_DEPENDENT_SHAPE_REPRESENTATION(#17943,#17945);
#17943 = ( REPRESENTATION_RELATIONSHIP('','',#32,#10) 
REPRESENTATION_RELATIONSHIP_WITH_TRANSFORMATION(#17944) 
SHAPE_REPRESENTATION_RELATIONSHIP() );
#17944 = ITEM_DEFINED_TRANSFORMATION('','',#11,#15);
#17945 = PRODUCT_DEFINITION_SHAPE('Placement','Placement of an item',
  #17946);
#17946 = NEXT_ASSEMBLY_USAGE_OCCURRENCE('1','=>[0:1:1:2]','',#5,#27,$);
#17947 = PRODUCT_RELATED_PRODUCT_CATEGORY('part',$,(#29));
ENDSEC;
END-ISO-10303-21;
