ISO-10303-21;
HEADER;
FILE_DESCRIPTION(('Open CASCADE Model'),'2;1');
FILE_NAME('kettlebell_35kg','2000-01-01T00:00:00',('Author'),(
    'Open CASCADE'),'Open CASCADE STEP processor 7.9','cadgen','Unknown'
  );
FILE_SCHEMA(('AUTOMOTIVE_DESIGN { 1 0 10303 214 1 1 1 1 }'));
ENDSEC;
DATA;
#1 = APPLICATION_PROTOCOL_DEFINITION('international standard',
  'automotive_design',2000,#2);
#2 = APPLICATION_CONTEXT(
  'core data for automotive mechanical design processes');
#3 = SHAPE_DEFINITION_REPRESENTATION(#4,#10);
#4 = PRODUCT_DEFINITION_SHAPE('','',#5);
#5 = PRODUCT_DEFINITION('design','',#6,#9);
#6 = PRODUCT_DEFINITION_FORMATION('','',#7);
#7 = PRODUCT('=>[0:1:1:2]','=>[0:1:1:2]','',(#8));
#8 = PRODUCT_CONTEXT('',#2,'mechanical');
#9 = PRODUCT_DEFINITION_CONTEXT('part definition',#2,'design');
#10 = SHAPE_REPRESENTATION('',(#11,#15),#19);
#11 = AXIS2_PLACEMENT_3D('',#12,#13,#14);
#12 = CARTESIAN_POINT('',(0.,0.,0.));
#13 = DIRECTION('',(0.,0.,1.));
#14 = DIRECTION('',(1.,0.,-0.));
#15 = AXIS2_PLACEMENT_3D('',#16,#17,#18);
#16 = CARTESIAN_POINT('',(0.,0.,0.));
#17 = DIRECTION('',(0.,0.,1.));
#18 = DIRECTION('',(1.,0.,0.));
#19 = ( GEOMETRIC_REPRESENTATION_CONTEXT(3) 
GLOBAL_UNCERTAINTY_ASSIGNED_CONTEXT((#23)) GLOBAL_UNIT_ASSIGNED_CONTEXT(
(#20,#21,#22)) REPRESENTATION_CONTEXT('Context #1',
  '3D Context with UNIT and UNCERTAINTY') );
#20 = ( LENGTH_UNIT() NAMED_UNIT(*) SI_UNIT(.MILLI.,.METRE.) );
#21 = ( NAMED_UNIT(*) PLANE_ANGLE_UNIT() SI_UNIT($,.RADIAN.) );
#22 = ( NAMED_UNIT(*) SI_UNIT($,.STERADIAN.) SOLID_ANGLE_UNIT() );
#23 = UNCERTAINTY_MEASURE_WITH_UNIT(LENGTH_MEASURE(1.E-07),#20,
  'distance_accuracy_value','confusion accuracy');
#24 = PRODUCT_RELATED_PRODUCT_CATEGORY('part',$,(#7));
#25 = SHAPE_DEFINITION_REPRESENTATION(#26,#32);
#26 = PRODUCT_DEFINITION_SHAPE('','',#27);
#27 = PRODUCT_DEFINITION('design','',#28,#31);
#28 = PRODUCT_DEFINITION_FORMATION('','',#29);
#29 = PRODUCT('kettlebell_35kg','kettlebell_35kg','',(#30));
#30 = PRODUCT_CONTEXT('',#2,'mechanical');
#31 = PRODUCT_DEFINITION_CONTEXT('part definition',#2,'design');
#32 = ADVANCED_BREP_SHAPE_REPRESENTATION('',(#11,#33),#8794);
#33 = MANIFOLD_SOLID_BREP('',#34);
#34 = CLOSED_SHELL('',(#35,#997,#1051,#1055,#3763,#3816,#3870,#3946,
    #3995,#4044,#4093,#4142,#4191,#4240,#4289,#4338,#4387,#4436,#4463,
    #4539,#4588,#4637,#4686,#4735,#4784,#4833,#4882,#4931,#4980,#5029,
    #5078,#5127,#5176,#5225,#5274,#5323,#5372,#5421,#5470,#5519,#5568,
    #5617,#5666,#5715,#5764,#5813,#5862,#5889,#5965,#6014,#6063,#6112,
    #6161,#6210,#6259,#6308,#6357,#6406,#6455,#6504,#6553,#6602,#6651,
    #6700,#6749,#6798,#6847,#6896,#6945,#6994,#7043,#7092,#7119,#7195,
    #7244,#7293,#7342,#7391,#7440,#7489,#7538,#7587,#7636,#7685,#7734,
    #7783,#7832,#7881,#7930,#7979,#8028,#8077,#8126,#8175,#8224,#8273,
    #8322,#8371,#8398,#8452,#8505,#8520,#8552,#8580,#8609,#8662,#8719,
    #8768));
#35 = ADVANCED_FACE('',(#36,#495,#595),#51,.T.);
#36 = FACE_BOUND('',#37,.T.);
#37 = EDGE_LOOP('',(#38,#69,#96,#97,#287,#311,#312));
#38 = ORIENTED_EDGE('',*,*,#39,.F.);
#39 = EDGE_CURVE('',#40,#42,#44,.T.);
#40 = VERTEX_POINT('',#41);
#41 = CARTESIAN_POINT('',(37.515043019481,-9.188535470736E-15,0.));
#42 = VERTEX_POINT('',#43);
#43 = CARTESIAN_POINT('',(79.032228610202,-1.935731315939E-14,
    169.2158202431));
#44 = SEAM_CURVE('',#45,(#50,#62),.PCURVE_S1.);
#45 = CIRCLE('',#46,105.7811504049);
#46 = AXIS2_PLACEMENT_3D('',#47,#48,#49);
#47 = CARTESIAN_POINT('',(0.,0.,98.905375628589));
#48 = DIRECTION('',(-2.449293598295E-16,-1.,0.));
#49 = DIRECTION('',(1.,-2.449293598295E-16,0.));
#50 = PCURVE('',#51,#56);
#51 = SPHERICAL_SURFACE('',#52,105.7811504049);
#52 = AXIS2_PLACEMENT_3D('',#53,#54,#55);
#53 = CARTESIAN_POINT('',(0.,0.,98.905375628589));
#54 = DIRECTION('',(0.,0.,1.));
#55 = DIRECTION('',(1.,0.,0.));
#56 = DEFINITIONAL_REPRESENTATION('',(#57),#61);
#57 = LINE('',#58,#59);
#58 = CARTESIAN_POINT('',(0.,-6.28318530718));
#59 = VECTOR('',#60,1.);
#60 = DIRECTION('',(0.,1.));
#61 = ( GEOMETRIC_REPRESENTATION_CONTEXT(2) 
PARAMETRIC_REPRESENTATION_CONTEXT() REPRESENTATION_CONTEXT('2D SPACE',''
  ) );
#62 = PCURVE('',#51,#63);
#63 = DEFINITIONAL_REPRESENTATION('',(#64),#68);
#64 = LINE('',#65,#66);
#65 = CARTESIAN_POINT('',(6.28318530718,-6.28318530718));
#66 = VECTOR('',#67,1.);
#67 = DIRECTION('',(0.,1.));
#68 = ( GEOMETRIC_REPRESENTATION_CONTEXT(2) 
PARAMETRIC_REPRESENTATION_CONTEXT() REPRESENTATION_CONTEXT('2D SPACE',''
  ) );
#69 = ORIENTED_EDGE('',*,*,#70,.T.);
#70 = EDGE_CURVE('',#40,#40,#71,.T.);
#71 = SURFACE_CURVE('',#72,(#77,#84),.PCURVE_S1.);
#72 = CIRCLE('',#73,37.515043019481);
#73 = AXIS2_PLACEMENT_3D('',#74,#75,#76);
#74 = CARTESIAN_POINT('',(0.,0.,0.));
#75 = DIRECTION('',(0.,0.,1.));
#76 = DIRECTION('',(1.,0.,-0.));
#77 = PCURVE('',#51,#78);
#78 = DEFINITIONAL_REPRESENTATION('',(#79),#83);
#79 = LINE('',#80,#81);
#80 = CARTESIAN_POINT('',(0.,-1.208259064507));
#81 = VECTOR('',#82,1.);
#82 = DIRECTION('',(1.,0.));
#83 = ( GEOMETRIC_REPRESENTATION_CONTEXT(2) 
PARAMETRIC_REPRESENTATION_CONTEXT() REPRESENTATION_CONTEXT('2D SPACE',''
  ) );
#84 = PCURVE('',#85,#90);
#85 = PLANE('',#86);
#86 = AXIS2_PLACEMENT_3D('',#87,#88,#89);
#87 = CARTESIAN_POINT('',(-317.3434512147,-317.3434512147,0.));
#88 = DIRECTION('',(0.,0.,1.));
#89 = DIRECTION('',(1.,0.,0.));
#90 = DEFINITIONAL_REPRESENTATION('',(#91),#95);
#91 = CIRCLE('',#92,37.515043019481);
#92 = AXIS2_PLACEMENT_2D('',#93,#94);
#93 = CARTESIAN_POINT('',(317.34345121472,317.34345121472));
#94 = DIRECTION('',(1.,0.));
#95 = ( GEOMETRIC_REPRESENTATION_CONTEXT(2) 
PARAMETRIC_REPRESENTATION_CONTEXT() REPRESENTATION_CONTEXT('2D SPACE',''
  ) );
#96 = ORIENTED_EDGE('',*,*,#39,.T.);
#97 = ORIENTED_EDGE('',*,*,#98,.T.);
#98 = EDGE_CURVE('',#42,#99,#101,.T.);
#99 = VERTEX_POINT('',#100);
#100 = CARTESIAN_POINT('',(51.607170299611,-6.320055592047E-15,
    191.24362206338));
#101 = SURFACE_CURVE('',#102,(#160,#221),.PCURVE_S1.);
#102 = B_SPLINE_CURVE_WITH_KNOTS('',6,(#103,#104,#105,#106,#107,#108,
    #109,#110,#111,#112,#113,#114,#115,#116,#117,#118,#119,#120,#121,
    #122,#123,#124,#125,#126,#127,#128,#129,#130,#131,#132,#133,#134,
    #135,#136,#137,#138,#139,#140,#141,#142,#143,#144,#145,#146,#147,
    #148,#149,#150,#151,#152,#153,#154,#155,#156,#157,#158,#159),
  .UNSPECIFIED.,.F.,.F.,(7,5,5,5,5,5,5,5,5,5,5,7),(0.,3.650228242006E-02
    ,5.100545008645E-02,0.16965963161,0.287687906016,0.406120619361,
    0.524772195192,0.643345986716,0.76159161328,0.879432309534,
    0.984997976653,1.),.UNSPECIFIED.);
#103 = CARTESIAN_POINT('',(79.032228610202,3.552713678801E-15,
    169.2158202431));
#104 = CARTESIAN_POINT('',(79.032228610202,-0.336148538097,
    169.2158202431));
#105 = CARTESIAN_POINT('',(79.026164669589,-0.672292280715,
    169.22070790895));
#106 = CARTESIAN_POINT('',(79.014036823283,-1.008207283171,
    169.23048321202));
#107 = CARTESIAN_POINT('',(78.995852335137,-1.343667902611,
    169.24514023874));
#108 = CARTESIAN_POINT('',(78.971625697938,-1.67844679801,
    169.26466719065));
#109 = CARTESIAN_POINT('',(78.929360802759,-2.144968155621,
    169.29873277965));
#110 = CARTESIAN_POINT('',(78.916392548374,-2.277477891802,
    169.30918518133));
#111 = CARTESIAN_POINT('',(78.902475228607,-2.409829962007,
    169.32040248363));
#112 = CARTESIAN_POINT('',(78.887610379273,-2.542010227534,
    169.33238343632));
#113 = CARTESIAN_POINT('',(78.87179971364,-2.674004587686,
    169.34512664473));
#114 = CARTESIAN_POINT('',(78.717971460189,-3.884043131828,
    169.46910968798));
#115 = CARTESIAN_POINT('',(78.517710240385,-4.948963304366,
    169.63051212956));
#116 = CARTESIAN_POINT('',(78.255301368901,-5.992720350952,
    169.84199144265));
#117 = CARTESIAN_POINT('',(77.932596456222,-7.007909635453,
    170.10204081234));
#118 = CARTESIAN_POINT('',(77.552098824996,-7.987494854327,
    170.40862320293));
#119 = CARTESIAN_POINT('',(76.684336397594,-9.857290826667,
    171.10770494986));
#120 = CARTESIAN_POINT('',(76.197600020392,-10.7480432896,
    171.49977910974));
#121 = CARTESIAN_POINT('',(75.660039283119,-11.5906250662,
    171.93272837251));
#122 = CARTESIAN_POINT('',(75.075403456268,-12.37928928306,
    172.40350797538));
#123 = CARTESIAN_POINT('',(74.447890962145,-13.10890956897,
    172.90871190571));
#124 = CARTESIAN_POINT('',(73.114249403667,-14.44348420996,
    173.98217708093));
#125 = CARTESIAN_POINT('',(72.407800324702,-15.04806068075,
    174.55069514686));
#126 = CARTESIAN_POINT('',(71.667592514476,-15.58430483353,
    175.14625048714));
#127 = CARTESIAN_POINT('',(70.898664390764,-16.0486290917,
    175.76476711666));
#128 = CARTESIAN_POINT('',(70.106298029448,-16.43818578202,
    176.40197867897));
#129 = CARTESIAN_POINT('',(68.484310453749,-17.06431294588,
    177.70603086257));
#130 = CARTESIAN_POINT('',(67.654562499894,-17.30062269434,
    178.37297278268));
#131 = CARTESIAN_POINT('',(66.812384948063,-17.45784629932,
    179.04973297543));
#132 = CARTESIAN_POINT('',(65.963427341002,-17.53485064955,
    179.73176369628));
#133 = CARTESIAN_POINT('',(65.113397613496,-17.53127772427,
    180.4144783905));
#134 = CARTESIAN_POINT('',(63.423292395925,-17.36411070331,
    181.77157001427));
#135 = CARTESIAN_POINT('',(62.58314961869,-17.20061549327,
    182.44600119917));
#136 = CARTESIAN_POINT('',(61.753405859632,-16.95769843177,
    183.11191454783));
#137 = CARTESIAN_POINT('',(60.939686639598,-16.63675486549,
    183.7648051296));
#138 = CARTESIAN_POINT('',(60.147494214763,-16.23995186563,
    184.40027391063));
#139 = CARTESIAN_POINT('',(58.618964412127,-15.30210457315,
    185.62613898578));
#140 = CARTESIAN_POINT('',(57.882417155372,-14.76142498672,
    186.21670436719));
#141 = CARTESIAN_POINT('',(57.177848242945,-14.15139054171,
    186.78150423338));
#142 = CARTESIAN_POINT('',(56.510205600158,-13.47584759159,
    187.31659421143));
#143 = CARTESIAN_POINT('',(55.884108249817,-12.73935098902,
    187.81829651593));
#144 = CARTESIAN_POINT('',(54.725385131901,-11.15798801784,
    188.74665553108));
#145 = CARTESIAN_POINT('',(54.192391813098,-10.31342679705,
    189.17360725725));
#146 = CARTESIAN_POINT('',(53.708956311058,-9.418986648189,
    189.56079893345));
#147 = CARTESIAN_POINT('',(53.27864500001,-8.48062105575,189.90539695451
    ));
#148 = CARTESIAN_POINT('',(52.904484376843,-7.504807771462,
    190.20499798818));
#149 = CARTESIAN_POINT('',(52.306042477866,-5.597303952232,
    190.68415065705));
#150 = CARTESIAN_POINT('',(52.0701853939,-4.671531430474,190.87297519721
    ));
#151 = CARTESIAN_POINT('',(51.882951657951,-3.726428756644,
    191.02286169304));
#152 = CARTESIAN_POINT('',(51.745531130694,-2.767257232528,
    191.13286648056));
#153 = CARTESIAN_POINT('',(51.658664498571,-1.799424336564,
    191.20240192483));
#154 = CARTESIAN_POINT('',(51.61743390282,-0.690523802786,
    191.23540626005));
#155 = CARTESIAN_POINT('',(51.613328875416,-0.552482171491,
    191.23869225311));
#156 = CARTESIAN_POINT('',(51.610249691017,-0.414393197624,
    191.24115707615));
#157 = CARTESIAN_POINT('',(51.608196763436,-0.276272655481,
    191.24280040095));
#158 = CARTESIAN_POINT('',(51.607170299613,-0.138136326648,
    191.24362206338));
#159 = CARTESIAN_POINT('',(51.607170299613,-3.552713678801E-15,
    191.24362206338));
#160 = PCURVE('',#51,#161);
#161 = DEFINITIONAL_REPRESENTATION('',(#162),#220);
#162 = B_SPLINE_CURVE_WITH_KNOTS('',6,(#163,#164,#165,#166,#167,#168,
    #169,#170,#171,#172,#173,#174,#175,#176,#177,#178,#179,#180,#181,
    #182,#183,#184,#185,#186,#187,#188,#189,#190,#191,#192,#193,#194,
    #195,#196,#197,#198,#199,#200,#201,#202,#203,#204,#205,#206,#207,
    #208,#209,#210,#211,#212,#213,#214,#215,#216,#217,#218,#219),
  .UNSPECIFIED.,.F.,.F.,(7,5,5,5,5,5,5,5,5,5,5,7),(0.,3.650228242006E-02
    ,5.100545008645E-02,0.16965963161,0.287687906016,0.406120619361,
    0.524772195192,0.643345986716,0.76159161328,0.879432309534,
    0.984997976653,1.),.UNSPECIFIED.);
#163 = CARTESIAN_POINT('',(6.28318530718,0.727063273107));
#164 = CARTESIAN_POINT('',(6.278931997561,0.727063273107));
#165 = CARTESIAN_POINT('',(6.274678750193,0.727125117025));
#166 = CARTESIAN_POINT('',(6.270427202406,0.727248804607));
#167 = CARTESIAN_POINT('',(6.266179020873,0.72743428652));
#168 = CARTESIAN_POINT('',(6.261935901611,0.727681464352));
#169 = CARTESIAN_POINT('',(6.256016381321,0.728112854417));
#170 = CARTESIAN_POINT('',(6.254334260798,0.728245234644));
#171 = CARTESIAN_POINT('',(6.252653314485,0.72838732208));
#172 = CARTESIAN_POINT('',(6.250973648437,0.7285391063));
#173 = CARTESIAN_POINT('',(6.249295368694,0.72870057567));
#174 = CARTESIAN_POINT('',(6.233900347956,0.73027187187));
#175 = CARTESIAN_POINT('',(6.220281234513,0.7323195021));
#176 = CARTESIAN_POINT('',(6.206821057214,0.735007530481));
#177 = CARTESIAN_POINT('',(6.19357665562,0.738323260182));
#178 = CARTESIAN_POINT('',(6.180605241275,0.742249809423));
#179 = CARTESIAN_POINT('',(6.15539443645,0.751254905063));
#180 = CARTESIAN_POINT('',(6.14315023345,0.756327735012));
#181 = CARTESIAN_POINT('',(6.13129243781,0.761960544041));
#182 = CARTESIAN_POINT('',(6.119877529627,0.768126973541));
#183 = CARTESIAN_POINT('',(6.108963534724,0.774797169321));
#184 = CARTESIAN_POINT('',(6.088223769196,0.789099151639));
#185 = CARTESIAN_POINT('',(6.078400955271,0.796734775378));
#186 = CARTESIAN_POINT('',(6.069204450076,0.804807559025));
#187 = CARTESIAN_POINT('',(6.060695692386,0.813279049896));
#188 = CARTESIAN_POINT('',(6.052939652181,0.822107284632));
#189 = CARTESIAN_POINT('',(6.039057218657,0.840399009892));
#190 = CARTESIAN_POINT('',(6.032933338797,0.84986432691));
#191 = CARTESIAN_POINT('',(6.027702264956,0.859593020785));
#192 = CARTESIAN_POINT('',(6.023434775414,0.869534137563));
#193 = CARTESIAN_POINT('',(6.020206136206,0.879632122798));
#194 = CARTESIAN_POINT('',(6.015979368945,0.900010606894));
#195 = CARTESIAN_POINT('',(6.014979612742,0.910291720832));
#196 = CARTESIAN_POINT('',(6.015168678811,0.920605861916));
#197 = CARTESIAN_POINT('',(6.016621942557,0.930886676341));
#198 = CARTESIAN_POINT('',(6.019413614072,0.941061656491));
#199 = CARTESIAN_POINT('',(6.027780861173,0.961013693608));
#200 = CARTESIAN_POINT('',(6.033349042786,0.970792580919));
#201 = CARTESIAN_POINT('',(6.04036666628,0.980309261837));
#202 = CARTESIAN_POINT('',(6.048879005957,0.989481058473));
#203 = CARTESIAN_POINT('',(6.058907033508,0.998220242484));
#204 = CARTESIAN_POINT('',(6.081901748372,1.01462827892));
#205 = CARTESIAN_POINT('',(6.094859386314,1.022301471025));
#206 = CARTESIAN_POINT('',(6.109270712638,1.029370003548));
#207 = CARTESIAN_POINT('',(6.1250675032,1.035748058594));
#208 = CARTESIAN_POINT('',(6.142119720011,1.041354927284));
#209 = CARTESIAN_POINT('',(6.176461104375,1.050397448377));
#210 = CARTESIAN_POINT('',(6.193541916973,1.05399877477));
#211 = CARTESIAN_POINT('',(6.211337801741,1.056880977029));
#212 = CARTESIAN_POINT('',(6.229674156722,1.059006780286));
#213 = CARTESIAN_POINT('',(6.248345426877,1.060352927493));
#214 = CARTESIAN_POINT('',(6.269808007215,1.060992184492));
#215 = CARTESIAN_POINT('',(6.272481010688,1.061055844078));
#216 = CARTESIAN_POINT('',(6.275155855682,1.061103601922));
#217 = CARTESIAN_POINT('',(6.27783192961,1.061135444874));
#218 = CARTESIAN_POINT('',(6.280508618536,1.061151366356));
#219 = CARTESIAN_POINT('',(6.28318530718,1.061151366356));
#220 = ( GEOMETRIC_REPRESENTATION_CONTEXT(2) 
PARAMETRIC_REPRESENTATION_CONTEXT() REPRESENTATION_CONTEXT('2D SPACE',''
  ) );
#221 = PCURVE('',#222,#227);
#222 = CYLINDRICAL_SURFACE('',#223,17.5);
#223 = AXIS2_PLACEMENT_3D('',#224,#225,#226);
#224 = CARTESIAN_POINT('',(90.837814104685,0.,219.47030911907));
#225 = DIRECTION('',(-0.545164542766,0.,-0.838329065052));
#226 = DIRECTION('',(-0.838329065052,0.,0.545164542766));
#227 = DEFINITIONAL_REPRESENTATION('',(#228),#286);
#228 = B_SPLINE_CURVE_WITH_KNOTS('',6,(#229,#230,#231,#232,#233,#234,
    #235,#236,#237,#238,#239,#240,#241,#242,#243,#244,#245,#246,#247,
    #248,#249,#250,#251,#252,#253,#254,#255,#256,#257,#258,#259,#260,
    #261,#262,#263,#264,#265,#266,#267,#268,#269,#270,#271,#272,#273,
    #274,#275,#276,#277,#278,#279,#280,#281,#282,#283,#284,#285),
  .UNSPECIFIED.,.F.,.F.,(7,5,5,5,5,5,5,5,5,5,5,7),(0.,3.650228242006E-02
    ,5.100545008645E-02,0.16965963161,0.287687906016,0.406120619361,
    0.524772195192,0.643345986716,0.76159161328,0.879432309534,
    0.984997976653,1.),.UNSPECIFIED.);
#229 = CARTESIAN_POINT('',(3.14159265359,48.565785292248));
#230 = CARTESIAN_POINT('',(3.160801141481,48.565785292248));
#231 = CARTESIAN_POINT('',(3.180009348497,48.56499366531));
#232 = CARTESIAN_POINT('',(3.199217255068,48.563410416418));
#233 = CARTESIAN_POINT('',(3.218424710345,48.561036543078));
#234 = CARTESIAN_POINT('',(3.237631432198,48.557874035326));
#235 = CARTESIAN_POINT('',(3.2644678088,48.552357184207));
#236 = CARTESIAN_POINT('',(3.272098444716,48.550664464553));
#237 = CARTESIAN_POINT('',(3.279728898799,48.548847903269));
#238 = CARTESIAN_POINT('',(3.287359155037,48.546907711196));
#239 = CARTESIAN_POINT('',(3.294989197574,48.544844123504));
#240 = CARTESIAN_POINT('',(3.36504049362,48.524767244232));
#241 = CARTESIAN_POINT('',(3.427450091716,48.498634202611));
#242 = CARTESIAN_POINT('',(3.489831429097,48.46440096023));
#243 = CARTESIAN_POINT('',(3.552181384379,48.422321291436));
#244 = CARTESIAN_POINT('',(3.614497703735,48.372738179727));
#245 = CARTESIAN_POINT('',(3.738710789654,48.259750939387));
#246 = CARTESIAN_POINT('',(3.800614465113,48.196415190028));
#247 = CARTESIAN_POINT('',(3.862469424505,48.126520292907));
#248 = CARTESIAN_POINT('',(3.924277760379,48.050574791814));
#249 = CARTESIAN_POINT('',(3.986042778305,47.969145215174));
#250 = CARTESIAN_POINT('',(4.109689875285,47.79628224891));
#251 = CARTESIAN_POINT('',(4.171576955293,47.704808019355));
#252 = CARTESIAN_POINT('',(4.233419353418,47.609071720167));
#253 = CARTESIAN_POINT('',(4.295224789234,47.5097436014));
#254 = CARTESIAN_POINT('',(4.357001870169,47.407520673196));
#255 = CARTESIAN_POINT('',(4.480617608941,47.198545940422));
#256 = CARTESIAN_POINT('',(4.542460745477,47.091778307966));
#257 = CARTESIAN_POINT('',(4.60428489273,46.983555908283));
#258 = CARTESIAN_POINT('',(4.666100861813,46.874611317417));
#259 = CARTESIAN_POINT('',(4.727919615294,46.765677813846));
#260 = CARTESIAN_POINT('',(4.851529412825,46.549373899866));
#261 = CARTESIAN_POINT('',(4.913324878694,46.441994688191));
#262 = CARTESIAN_POINT('',(4.975134495072,46.336087050226));
#263 = CARTESIAN_POINT('',(5.036968288115,46.232360765754));
#264 = CARTESIAN_POINT('',(5.098835670871,46.131504037754));
#265 = CARTESIAN_POINT('',(5.222466764633,45.937125966377));
#266 = CARTESIAN_POINT('',(5.284235205887,45.843577290789));
#267 = CARTESIAN_POINT('',(5.346041295645,45.754195136009));
#268 = CARTESIAN_POINT('',(5.407890931433,45.669588751075));
#269 = CARTESIAN_POINT('',(5.469788945265,45.590323202939));
#270 = CARTESIAN_POINT('',(5.593456889988,45.443747616504));
#271 = CARTESIAN_POINT('',(5.655232326455,45.376390634028));
#272 = CARTESIAN_POINT('',(5.717047552782,45.315348492542));
#273 = CARTESIAN_POINT('',(5.778903097052,45.261052424864));
#274 = CARTESIAN_POINT('',(5.840798525508,45.213867275473));
#275 = CARTESIAN_POINT('',(5.958193374598,45.138428970786));
#276 = CARTESIAN_POINT('',(6.013691966684,45.108712789913));
#277 = CARTESIAN_POINT('',(6.069208052699,45.085131778047));
#278 = CARTESIAN_POINT('',(6.124738801959,45.067828366284));
#279 = CARTESIAN_POINT('',(6.180281074662,45.056891390085));
#280 = CARTESIAN_POINT('',(6.243717951728,45.051700355476));
#281 = CARTESIAN_POINT('',(6.25161135617,45.05118352738));
#282 = CARTESIAN_POINT('',(6.259504810604,45.05079585674));
#283 = CARTESIAN_POINT('',(6.267398298374,45.05053739312));
#284 = CARTESIAN_POINT('',(6.2752918028,45.050408161307));
#285 = CARTESIAN_POINT('',(6.28318530718,45.050408161307));
#286 = ( GEOMETRIC_REPRESENTATION_CONTEXT(2) 
PARAMETRIC_REPRESENTATION_CONTEXT() REPRESENTATION_CONTEXT('2D SPACE',''
  ) );
#287 = ORIENTED_EDGE('',*,*,#288,.T.);
#288 = EDGE_CURVE('',#99,#289,#291,.T.);
#289 = VERTEX_POINT('',#290);
#290 = CARTESIAN_POINT('',(6.477227362675E-15,-1.58646315141E-30,
    204.68652603349));
#291 = SEAM_CURVE('',#292,(#297,#304),.PCURVE_S1.);
#292 = CIRCLE('',#293,105.7811504049);
#293 = AXIS2_PLACEMENT_3D('',#294,#295,#296);
#294 = CARTESIAN_POINT('',(0.,0.,98.905375628589));
#295 = DIRECTION('',(-2.449293598295E-16,-1.,0.));
#296 = DIRECTION('',(1.,-2.449293598295E-16,0.));
#297 = PCURVE('',#51,#298);
#298 = DEFINITIONAL_REPRESENTATION('',(#299),#303);
#299 = LINE('',#300,#301);
#300 = CARTESIAN_POINT('',(0.,-6.28318530718));
#301 = VECTOR('',#302,1.);
#302 = DIRECTION('',(0.,1.));
#303 = ( GEOMETRIC_REPRESENTATION_CONTEXT(2) 
PARAMETRIC_REPRESENTATION_CONTEXT() REPRESENTATION_CONTEXT('2D SPACE',''
  ) );
#304 = PCURVE('',#51,#305);
#305 = DEFINITIONAL_REPRESENTATION('',(#306),#310);
#306 = LINE('',#307,#308);
#307 = CARTESIAN_POINT('',(6.28318530718,-6.28318530718));
#308 = VECTOR('',#309,1.);
#309 = DIRECTION('',(0.,1.));
#310 = ( GEOMETRIC_REPRESENTATION_CONTEXT(2) 
PARAMETRIC_REPRESENTATION_CONTEXT() REPRESENTATION_CONTEXT('2D SPACE',''
  ) );
#311 = ORIENTED_EDGE('',*,*,#288,.F.);
#312 = ORIENTED_EDGE('',*,*,#313,.T.);
#313 = EDGE_CURVE('',#99,#42,#314,.T.);
#314 = SURFACE_CURVE('',#315,(#373,#434),.PCURVE_S1.);
#315 = B_SPLINE_CURVE_WITH_KNOTS('',6,(#316,#317,#318,#319,#320,#321,
    #322,#323,#324,#325,#326,#327,#328,#329,#330,#331,#332,#333,#334,
    #335,#336,#337,#338,#339,#340,#341,#342,#343,#344,#345,#346,#347,
    #348,#349,#350,#351,#352,#353,#354,#355,#356,#357,#358,#359,#360,
    #361,#362,#363,#364,#365,#366,#367,#368,#369,#370,#371,#372),
  .UNSPECIFIED.,.F.,.F.,(7,5,5,5,5,5,5,5,5,5,5,7),(0.,0.169155078965,
    0.253474265716,0.338005895521,0.3904317933,0.506534497128,
    0.58832748079,0.623644397571,0.675058036172,0.757568691042,
    0.838867209852,1.),.UNSPECIFIED.);
#316 = CARTESIAN_POINT('',(51.607170299613,-4.286263797016E-15,
    191.24362206338));
#317 = CARTESIAN_POINT('',(51.607170299613,1.557582962551,
    191.24362206338));
#318 = CARTESIAN_POINT('',(51.73767722789,3.115483504211,191.13915404502
    ));
#319 = CARTESIAN_POINT('',(51.998782402651,4.650279544341,
    190.93014492782));
#320 = CARTESIAN_POINT('',(52.386836467987,6.139919921129,
    190.61949139868));
#321 = CARTESIAN_POINT('',(52.895656513928,7.563371833855,
    190.21209413576));
#322 = CARTESIAN_POINT('',(53.824495613658,9.567905732841,
    189.46823764125));
#323 = CARTESIAN_POINT('',(54.161110997013,10.213512986089,
    189.19863867617));
#324 = CARTESIAN_POINT('',(54.524203239363,10.835553541204,
    188.90780629914));
#325 = CARTESIAN_POINT('',(54.912463264348,11.431848441544,
    188.59678084034));
#326 = CARTESIAN_POINT('',(55.324448526918,12.000379801784,
    188.26670935997));
#327 = CARTESIAN_POINT('',(56.193796411782,13.079577136927,187.570118452
    ));
#328 = CARTESIAN_POINT('',(56.651281391122,13.590106903234,
    187.2035007602));
#329 = CARTESIAN_POINT('',(57.129439076604,14.069026592401,
    186.82026563844));
#330 = CARTESIAN_POINT('',(57.62657302419,14.514689472898,
    186.42176411648));
#331 = CARTESIAN_POINT('',(58.140895624312,14.925641963638,
    186.00942104339));
#332 = CARTESIAN_POINT('',(58.998994692513,15.533200121765,
    185.32135477805));
#333 = CARTESIAN_POINT('',(59.333355896613,15.751936813778,
    185.05322196637));
#334 = CARTESIAN_POINT('',(59.673159886608,15.956546497953,
    184.78069761356));
#335 = CARTESIAN_POINT('',(60.017950596367,16.146764006795,
    184.50414583941));
#336 = CARTESIAN_POINT('',(60.367263034456,16.322355846998,
    184.22393812584));
#337 = CARTESIAN_POINT('',(61.503176986619,16.839149886849,
    183.31264617955));
#338 = CARTESIAN_POINT('',(62.30561024656,17.122470281864,
    182.66874484744));
#339 = CARTESIAN_POINT('',(63.122737263728,17.330859226124,
    182.01289509958));
#340 = CARTESIAN_POINT('',(63.949285326151,17.462936907079,
    181.34931811064));
#341 = CARTESIAN_POINT('',(64.779915605501,17.518038650448,
    180.68229512131));
#342 = CARTESIAN_POINT('',(66.193445616895,17.481010429718,
    179.54690085624));
#343 = CARTESIAN_POINT('',(66.777034063981,17.427576409798,
    179.07806042363));
#344 = CARTESIAN_POINT('',(67.3580980159,17.336062471759,178.61116498845
    ));
#345 = CARTESIAN_POINT('',(67.934774083723,17.206707784409,
    178.14771313979));
#346 = CARTESIAN_POINT('',(68.505218166903,17.039942408595,
    177.68918969623));
#347 = CARTESIAN_POINT('',(69.310436743664,16.748497648565,
    177.04184450408));
#348 = CARTESIAN_POINT('',(69.551766034789,16.653747523294,
    176.84781639773));
#349 = CARTESIAN_POINT('',(69.79144803164,16.552188424928,
    176.65509842507));
#350 = CARTESIAN_POINT('',(70.029337943621,16.443876839622,
    176.4638073585));
#351 = CARTESIAN_POINT('',(70.265292430466,16.328875793096,
    176.27405885724));
#352 = CARTESIAN_POINT('',(70.839643162295,16.030201592545,
    175.81214790373));
#353 = CARTESIAN_POINT('',(71.175714962091,15.839118605569,
    175.54183969098));
#354 = CARTESIAN_POINT('',(71.506946563859,15.634220705755,
    175.27539678422));
#355 = CARTESIAN_POINT('',(71.832908844853,15.415751509361,
    175.01316584105));
#356 = CARTESIAN_POINT('',(72.153181997346,15.183983432866,
    174.75548622155));
#357 = CARTESIAN_POINT('',(72.971553724188,14.546407885309,
    174.09699252498));
#358 = CARTESIAN_POINT('',(73.460048483831,14.120117464604,
    173.70386726806));
#359 = CARTESIAN_POINT('',(73.931136862478,13.661599286441,
    173.32469167852));
#360 = CARTESIAN_POINT('',(74.383204219835,13.172280385671,
    172.96077328058));
#361 = CARTESIAN_POINT('',(74.814728614364,12.653767405425,
    172.61334568306));
#362 = CARTESIAN_POINT('',(75.627825123235,11.56995650463,
    171.95862822086));
#363 = CARTESIAN_POINT('',(76.010046242247,11.005446709406,
    171.65081699995));
#364 = CARTESIAN_POINT('',(76.369585156351,10.416039709698,
    171.36123680371));
#365 = CARTESIAN_POINT('',(76.705197632402,9.803591240664,
    171.09089779665));
#366 = CARTESIAN_POINT('',(77.015763817977,9.170099326992,
    170.84070979698));
#367 = CARTESIAN_POINT('',(77.864228143135,7.224675125749,
    170.15714194358));
#368 = CARTESIAN_POINT('',(78.326016512995,5.857099490027,169.7850198732
    ));
#369 = CARTESIAN_POINT('',(78.67766696108,4.432095330247,169.50160452445
    ));
#370 = CARTESIAN_POINT('',(78.914068247999,2.967954103971,
    169.31106001515));
#371 = CARTESIAN_POINT('',(79.032228610202,1.483832357048,169.2158202431
    ));
#372 = CARTESIAN_POINT('',(79.032228610202,0.,169.2158202431));
#373 = PCURVE('',#51,#374);
#374 = DEFINITIONAL_REPRESENTATION('',(#375),#433);
#375 = B_SPLINE_CURVE_WITH_KNOTS('',6,(#376,#377,#378,#379,#380,#381,
    #382,#383,#384,#385,#386,#387,#388,#389,#390,#391,#392,#393,#394,
    #395,#396,#397,#398,#399,#400,#401,#402,#403,#404,#405,#406,#407,
    #408,#409,#410,#411,#412,#413,#414,#415,#416,#417,#418,#419,#420,
    #421,#422,#423,#424,#425,#426,#427,#428,#429,#430,#431,#432),
  .UNSPECIFIED.,.F.,.F.,(7,5,5,5,5,5,5,5,5,5,5,7),(0.,0.169155078965,
    0.253474265716,0.338005895521,0.3904317933,0.506534497128,
    0.58832748079,0.623644397571,0.675058036172,0.757568691042,
    0.838867209852,1.),.UNSPECIFIED.);
#376 = CARTESIAN_POINT('',(0.,1.061151366356));
#377 = CARTESIAN_POINT('',(3.018152232544E-02,1.061151366356));
#378 = CARTESIAN_POINT('',(6.036897908768E-02,1.059127193479));
#379 = CARTESIAN_POINT('',(8.966779403961E-02,1.055076612487));
#380 = CARTESIAN_POINT('',(0.117200047886,1.049113536746));
#381 = CARTESIAN_POINT('',(0.142369200471,1.041435944046));
#382 = CARTESIAN_POINT('',(0.176008780729,1.027724483216));
#383 = CARTESIAN_POINT('',(0.186524856335,1.022796771353));
#384 = CARTESIAN_POINT('',(0.196323318063,1.017531876541));
#385 = CARTESIAN_POINT('',(0.205376971706,1.0119611539));
#386 = CARTESIAN_POINT('',(0.213672205659,1.006116498942));
#387 = CARTESIAN_POINT('',(0.228757839222,0.99392792475));
#388 = CARTESIAN_POINT('',(0.23554458322,0.987582635119));
#389 = CARTESIAN_POINT('',(0.241562230997,0.981026173063));
#390 = CARTESIAN_POINT('',(0.246818212242,0.974290243088));
#391 = CARTESIAN_POINT('',(0.251326856256,0.967405426452));
#392 = CARTESIAN_POINT('',(0.257451506821,0.956057344882));
#393 = CARTESIAN_POINT('',(0.259515749995,0.951667479529));
#394 = CARTESIAN_POINT('',(0.261304424767,0.947238688966));
#395 = CARTESIAN_POINT('',(0.262822648245,0.942777773856));
#396 = CARTESIAN_POINT('',(0.264076014542,0.938291321377));
#397 = CARTESIAN_POINT('',(0.267273198079,0.923807541));
#398 = CARTESIAN_POINT('',(0.268206474256,0.913735054467));
#399 = CARTESIAN_POINT('',(0.267934951112,0.903638082046));
#400 = CARTESIAN_POINT('',(0.266531076812,0.893579955637));
#401 = CARTESIAN_POINT('',(0.264065941854,0.88361869647));
#402 = CARTESIAN_POINT('',(0.258175075599,0.86689763927));
#403 = CARTESIAN_POINT('',(0.255248395937,0.860061447748));
#404 = CARTESIAN_POINT('',(0.251854325731,0.853318986166));
#405 = CARTESIAN_POINT('',(0.248016767598,0.8466878163));
#406 = CARTESIAN_POINT('',(0.24375898352,0.840184438912));
#407 = CARTESIAN_POINT('',(0.23709342953,0.831078452943));
#408 = CARTESIAN_POINT('',(0.235009155038,0.828359096984));
#409 = CARTESIAN_POINT('',(0.23285255702,0.825667738414));
#410 = CARTESIAN_POINT('',(0.230625426825,0.82300559886));
#411 = CARTESIAN_POINT('',(0.228329532092,0.820373866951));
#412 = CARTESIAN_POINT('',(0.222526733353,0.813988426488));
#413 = CARTESIAN_POINT('',(0.218944813718,0.810270044782));
#414 = CARTESIAN_POINT('',(0.215226234396,0.806622119703));
#415 = CARTESIAN_POINT('',(0.211376280007,0.803048076215));
#416 = CARTESIAN_POINT('',(0.20740014324,0.799551197745));
#417 = CARTESIAN_POINT('',(0.196727545602,0.790651576079));
#418 = CARTESIAN_POINT('',(0.189840247614,0.785375301663));
#419 = CARTESIAN_POINT('',(0.182662295659,0.780318904816));
#420 = CARTESIAN_POINT('',(0.175214187754,0.775494407004));
#421 = CARTESIAN_POINT('',(0.167516033718,0.770912888046));
#422 = CARTESIAN_POINT('',(0.151776302763,0.762319946724));
#423 = CARTESIAN_POINT('',(0.143741271711,0.758301050156));
#424 = CARTESIAN_POINT('',(0.135502116147,0.754537762642));
#425 = CARTESIAN_POINT('',(0.127077583629,0.751038861575));
#426 = CARTESIAN_POINT('',(0.118486288267,0.747812146487));
#427 = CARTESIAN_POINT('',(9.242613860974E-02,0.739022330025));
#428 = CARTESIAN_POINT('',(7.452022220978E-02,0.734275080133));
#429 = CARTESIAN_POINT('',(5.618216549779E-02,0.730679326044));
#430 = CARTESIAN_POINT('',(3.755369871929E-02,0.72826834625));
#431 = CARTESIAN_POINT('',(1.877502865782E-02,0.727063273107));
#432 = CARTESIAN_POINT('',(0.,0.727063273107));
#433 = ( GEOMETRIC_REPRESENTATION_CONTEXT(2) 
PARAMETRIC_REPRESENTATION_CONTEXT() REPRESENTATION_CONTEXT('2D SPACE',''
  ) );
#434 = PCURVE('',#222,#435);
#435 = DEFINITIONAL_REPRESENTATION('',(#436),#494);
#436 = B_SPLINE_CURVE_WITH_KNOTS('',6,(#437,#438,#439,#440,#441,#442,
    #443,#444,#445,#446,#447,#448,#449,#450,#451,#452,#453,#454,#455,
    #456,#457,#458,#459,#460,#461,#462,#463,#464,#465,#466,#467,#468,
    #469,#470,#471,#472,#473,#474,#475,#476,#477,#478,#479,#480,#481,
    #482,#483,#484,#485,#486,#487,#488,#489,#490,#491,#492,#493),
  .UNSPECIFIED.,.F.,.F.,(7,5,5,5,5,5,5,5,5,5,5,7),(0.,0.169155078965,
    0.253474265716,0.338005895521,0.3904317933,0.506534497128,
    0.58832748079,0.623644397571,0.675058036172,0.757568691042,
    0.838867209852,1.),.UNSPECIFIED.);
#437 = CARTESIAN_POINT('',(0.,45.050408161307));
#438 = CARTESIAN_POINT('',(8.900474071717E-02,45.050408161307));
#439 = CARTESIAN_POINT('',(0.178027297952,45.066838987583));
#440 = CARTESIAN_POINT('',(0.267000704021,45.099712122181));
#441 = CARTESIAN_POINT('',(0.35592851407,45.148588687722));
#442 = CARTESIAN_POINT('',(0.444813709844,45.212731006553));
#443 = CARTESIAN_POINT('',(0.577853261261,45.329957383022));
#444 = CARTESIAN_POINT('',(0.622090249609,45.372459259802));
#445 = CARTESIAN_POINT('',(0.666305394271,45.418327478243));
#446 = CARTESIAN_POINT('',(0.710498403839,45.46740356133));
#447 = CARTESIAN_POINT('',(0.754669364754,45.519512319573));
#448 = CARTESIAN_POINT('',(0.843075918713,45.629547082025));
#449 = CARTESIAN_POINT('',(0.887312471166,45.687488759237));
#450 = CARTESIAN_POINT('',(0.931525623526,45.748091284578));
#451 = CARTESIAN_POINT('',(0.975716561806,45.811146891677));
#452 = CARTESIAN_POINT('',(1.019886853545,45.876435629493));
#453 = CARTESIAN_POINT('',(1.091418449764,45.985456392246));
#454 = CARTESIAN_POINT('',(1.118792418459,46.027958048621));
#455 = CARTESIAN_POINT('',(1.146159176296,46.071174047682));
#456 = CARTESIAN_POINT('',(1.17351914113,46.115047768309));
#457 = CARTESIAN_POINT('',(1.20087278727,46.159521283249));
#458 = CARTESIAN_POINT('',(1.28878537428,46.304223798221));
#459 = CARTESIAN_POINT('',(1.349323644903,46.406566838701));
#460 = CARTESIAN_POINT('',(1.409837169158,46.510916067938));
#461 = CARTESIAN_POINT('',(1.470335413617,46.616607248144));
#462 = CARTESIAN_POINT('',(1.530828241851,46.722961830713));
#463 = CARTESIAN_POINT('',(1.633934525626,46.904189401062));
#464 = CARTESIAN_POINT('',(1.676550187044,46.979080233674));
#465 = CARTESIAN_POINT('',(1.719168314337,47.053716783657));
#466 = CARTESIAN_POINT('',(1.761792027794,47.127858593803));
#467 = CARTESIAN_POINT('',(1.804424352246,47.201266235774));
#468 = CARTESIAN_POINT('',(1.865479474648,47.304977908245));
#469 = CARTESIAN_POINT('',(1.883893903508,47.336073136585));
#470 = CARTESIAN_POINT('',(1.902310519916,47.3669680882));
#471 = CARTESIAN_POINT('',(1.920729510966,47.397643804099));
#472 = CARTESIAN_POINT('',(1.939151055045,47.428081467816));
#473 = CARTESIAN_POINT('',(1.984396989199,47.502199191505));
#474 = CARTESIAN_POINT('',(2.011224443243,47.545591993707));
#475 = CARTESIAN_POINT('',(2.038058201355,47.58838310189));
#476 = CARTESIAN_POINT('',(2.064898727921,47.630515845426));
#477 = CARTESIAN_POINT('',(2.091746434326,47.671934593192));
#478 = CARTESIAN_POINT('',(2.161700045091,47.777821749899));
#479 = CARTESIAN_POINT('',(2.20481830109,47.841080056698));
#480 = CARTESIAN_POINT('',(2.247956958317,47.902133293619));
#481 = CARTESIAN_POINT('',(2.291117539543,47.960765569753));
#482 = CARTESIAN_POINT('',(2.334301108953,48.016772423513));
#483 = CARTESIAN_POINT('',(2.420077775182,48.122369714993));
#484 = CARTESIAN_POINT('',(2.462671106952,48.172043406449));
#485 = CARTESIAN_POINT('',(2.505285776514,48.218799033909));
#486 = CARTESIAN_POINT('',(2.547921840556,48.26246805889));
#487 = CARTESIAN_POINT('',(2.59057889654,48.302898258181));
#488 = CARTESIAN_POINT('',(2.717837223849,48.413400391751));
#489 = CARTESIAN_POINT('',(2.802512386333,48.473610493583));
#490 = CARTESIAN_POINT('',(2.887231850951,48.519498462177));
#491 = CARTESIAN_POINT('',(2.971995516615,48.550359863022));
#492 = CARTESIAN_POINT('',(3.056802233187,48.565785292248));
#493 = CARTESIAN_POINT('',(3.14159265359,48.565785292248));
#494 = ( GEOMETRIC_REPRESENTATION_CONTEXT(2) 
PARAMETRIC_REPRESENTATION_CONTEXT() REPRESENTATION_CONTEXT('2D SPACE',''
  ) );
#495 = FACE_BOUND('',#496,.T.);
#496 = EDGE_LOOP('',(#497));
#497 = ORIENTED_EDGE('',*,*,#498,.F.);
#498 = EDGE_CURVE('',#499,#499,#501,.T.);
#499 = VERTEX_POINT('',#500);
#500 = CARTESIAN_POINT('',(0.,-99.7811504049,63.785953582392));
#501 = SURFACE_CURVE('',#502,(#507,#583),.PCURVE_S1.);
#502 = CIRCLE('',#503,35.119422046197);
#503 = AXIS2_PLACEMENT_3D('',#504,#505,#506);
#504 = CARTESIAN_POINT('',(0.,-99.7811504049,98.905375628589));
#505 = DIRECTION('',(0.,-1.,2.22044604925E-16));
#506 = DIRECTION('',(0.,-2.22044604925E-16,-1.));
#507 = PCURVE('',#51,#508);
#508 = DEFINITIONAL_REPRESENTATION('',(#509),#582);
#509 = B_SPLINE_CURVE_WITH_KNOTS('',8,(#510,#511,#512,#513,#514,#515,
    #516,#517,#518,#519,#520,#521,#522,#523,#524,#525,#526,#527,#528,
    #529,#530,#531,#532,#533,#534,#535,#536,#537,#538,#539,#540,#541,
    #542,#543,#544,#545,#546,#547,#548,#549,#550,#551,#552,#553,#554,
    #555,#556,#557,#558,#559,#560,#561,#562,#563,#564,#565,#566,#567,
    #568,#569,#570,#571,#572,#573,#574,#575,#576,#577,#578,#579,#580,
    #581),.UNSPECIFIED.,.F.,.F.,(9,7,7,7,7,7,7,7,7,7,9),(0.,
    0.785398163397,1.47262155637,2.073942025221,2.600097435466,
    3.06048341943,3.866158891368,4.470415495321,5.37680040125,
    5.829992854215,6.28318530718),.UNSPECIFIED.);
#510 = CARTESIAN_POINT('',(4.712388980385,-0.338423851672));
#511 = CARTESIAN_POINT('',(4.746943013715,-0.338423851672));
#512 = CARTESIAN_POINT('',(4.781497042339,-0.334546889569));
#513 = CARTESIAN_POINT('',(4.815417874252,-0.326793044098));
#514 = CARTESIAN_POINT('',(4.848072183209,-0.31527131542));
#515 = CARTESIAN_POINT('',(4.878886948904,-0.300201368078));
#516 = CARTESIAN_POINT('',(4.907410736428,-0.281886802037));
#517 = CARTESIAN_POINT('',(4.933301663212,-0.260681773201));
#518 = CARTESIAN_POINT('',(4.976442170333,-0.216225286946));
#519 = CARTESIAN_POINT('',(4.994367366608,-0.193560956454));
#520 = CARTESIAN_POINT('',(5.009918115742,-0.169236767472));
#521 = CARTESIAN_POINT('',(5.022980713737,-0.143528955069));
#522 = CARTESIAN_POINT('',(5.033485006243,-0.116721082703));
#523 = CARTESIAN_POINT('',(5.041387937063,-8.909802121869E-02));
#524 = CARTESIAN_POINT('',(5.046664367551,-6.09450560668E-02));
#525 = CARTESIAN_POINT('',(5.051613746303,-7.699659065559E-03));
#526 = CARTESIAN_POINT('',(5.051904689338,1.733544922495E-02));
#527 = CARTESIAN_POINT('',(5.050169973576,4.236666291581E-02));
#528 = CARTESIAN_POINT('',(5.046411530134,6.720279918951E-02));
#529 = CARTESIAN_POINT('',(5.040638389459,9.165275144363E-02));
#530 = CARTESIAN_POINT('',(5.032868519317,0.115525222008));
#531 = CARTESIAN_POINT('',(5.023133406362,0.138629305064));
#532 = CARTESIAN_POINT('',(5.001291825789,0.180156505573));
#533 = CARTESIAN_POINT('',(4.989633886939,0.198803743788));
#534 = CARTESIAN_POINT('',(4.976545231698,0.216592997205));
#535 = CARTESIAN_POINT('',(4.962072056953,0.233400227455));
#536 = CARTESIAN_POINT('',(4.946275337005,0.249104423052));
#537 = CARTESIAN_POINT('',(4.929234675799,0.263589971792));
#538 = CARTESIAN_POINT('',(4.911051001957,0.276749867291));
#539 = CARTESIAN_POINT('',(4.875041928124,0.298761517122));
#540 = CARTESIAN_POINT('',(4.857455860826,0.307946164077));
#541 = CARTESIAN_POINT('',(4.839169603931,0.31597990882));
#542 = CARTESIAN_POINT('',(4.820276990342,0.322806487636));
#543 = CARTESIAN_POINT('',(4.800884030618,0.32837865005));
#544 = CARTESIAN_POINT('',(4.781107060344,0.332660036794));
#545 = CARTESIAN_POINT('',(4.761069481738,0.3356265906));
#546 = CARTESIAN_POINT('',(4.705596626357,0.34013767715));
#547 = CARTESIAN_POINT('',(4.669884217895,0.338946997523));
#548 = CARTESIAN_POINT('',(4.634437011098,0.333634363698));
#549 = CARTESIAN_POINT('',(4.599958636561,0.324258181131));
#550 = CARTESIAN_POINT('',(4.567115164307,0.311005683749));
#551 = CARTESIAN_POINT('',(4.536447889246,0.294170478736));
#552 = CARTESIAN_POINT('',(4.508373803317,0.274112138343));
#553 = CARTESIAN_POINT('',(4.464323310084,0.234072579194));
#554 = CARTESIAN_POINT('',(4.447077109059,0.215325723473));
#555 = CARTESIAN_POINT('',(4.431593987908,0.195161236817));
#556 = CARTESIAN_POINT('',(4.417970252675,0.173761804291));
#557 = CARTESIAN_POINT('',(4.406272754192,0.151316940309));
#558 = CARTESIAN_POINT('',(4.396546538745,0.128019040458));
#559 = CARTESIAN_POINT('',(4.388821964347,0.104061424788));
#560 = CARTESIAN_POINT('',(4.374561639473,4.300253828725E-02));
#561 = CARTESIAN_POINT('',(4.370551466289,5.318840559141E-03));
#562 = CARTESIAN_POINT('',(4.37115086063,-3.275931664496E-02));
#563 = CARTESIAN_POINT('',(4.376366049753,-7.057593255342E-02));
#564 = CARTESIAN_POINT('',(4.386172364368,-0.107478500426));
#565 = CARTESIAN_POINT('',(4.400512622903,-0.142809810675));
#566 = CARTESIAN_POINT('',(4.419241866206,-0.175913438926));
#567 = CARTESIAN_POINT('',(4.453493859951,-0.221294865994));
#568 = CARTESIAN_POINT('',(4.465937548438,-0.235709672019));
#569 = CARTESIAN_POINT('',(4.479372156814,-0.249334425017));
#570 = CARTESIAN_POINT('',(4.493753616541,-0.262093583093));
#571 = CARTESIAN_POINT('',(4.50902768463,-0.273914762882));
#572 = CARTESIAN_POINT('',(4.525128572552,-0.284730222539));
#573 = CARTESIAN_POINT('',(4.541978428259,-0.294478586227));
#574 = CARTESIAN_POINT('',(4.576998276298,-0.311734518469));
#575 = CARTESIAN_POINT('',(4.595168270273,-0.319242085903));
#576 = CARTESIAN_POINT('',(4.613909416634,-0.325575952481));
#577 = CARTESIAN_POINT('',(4.633121792861,-0.330690862026));
#578 = CARTESIAN_POINT('',(4.652695260874,-0.334551300849));
#579 = CARTESIAN_POINT('',(4.672512069329,-0.337132999875));
#580 = CARTESIAN_POINT('',(4.692450523874,-0.338423851672));
#581 = CARTESIAN_POINT('',(4.712388980385,-0.338423851672));
#582 = ( GEOMETRIC_REPRESENTATION_CONTEXT(2) 
PARAMETRIC_REPRESENTATION_CONTEXT() REPRESENTATION_CONTEXT('2D SPACE',''
  ) );
#583 = PCURVE('',#584,#589);
#584 = PLANE('',#585);
#585 = AXIS2_PLACEMENT_3D('',#586,#587,#588);
#586 = CARTESIAN_POINT('',(0.,-99.7811504049,98.905375628589));
#587 = DIRECTION('',(0.,-1.,2.22044604925E-16));
#588 = DIRECTION('',(1.,0.,0.));
#589 = DEFINITIONAL_REPRESENTATION('',(#590),#594);
#590 = CIRCLE('',#591,35.119422046197);
#591 = AXIS2_PLACEMENT_2D('',#592,#593);
#592 = CARTESIAN_POINT('',(0.,4.263256414561E-14));
#593 = DIRECTION('',(0.,-1.));
#594 = ( GEOMETRIC_REPRESENTATION_CONTEXT(2) 
PARAMETRIC_REPRESENTATION_CONTEXT() REPRESENTATION_CONTEXT('2D SPACE',''
  ) );
#595 = FACE_BOUND('',#596,.T.);
#596 = EDGE_LOOP('',(#597));
#597 = ORIENTED_EDGE('',*,*,#598,.F.);
#598 = EDGE_CURVE('',#599,#599,#601,.T.);
#599 = VERTEX_POINT('',#600);
#600 = CARTESIAN_POINT('',(-51.60717030363,0.,191.24362206113));
#601 = SURFACE_CURVE('',#602,(#730,#861),.PCURVE_S1.);
#602 = B_SPLINE_CURVE_WITH_KNOTS('',6,(#603,#604,#605,#606,#607,#608,
    #609,#610,#611,#612,#613,#614,#615,#616,#617,#618,#619,#620,#621,
    #622,#623,#624,#625,#626,#627,#628,#629,#630,#631,#632,#633,#634,
    #635,#636,#637,#638,#639,#640,#641,#642,#643,#644,#645,#646,#647,
    #648,#649,#650,#651,#652,#653,#654,#655,#656,#657,#658,#659,#660,
    #661,#662,#663,#664,#665,#666,#667,#668,#669,#670,#671,#672,#673,
    #674,#675,#676,#677,#678,#679,#680,#681,#682,#683,#684,#685,#686,
    #687,#688,#689,#690,#691,#692,#693,#694,#695,#696,#697,#698,#699,
    #700,#701,#702,#703,#704,#705,#706,#707,#708,#709,#710,#711,#712,
    #713,#714,#715,#716,#717,#718,#719,#720,#721,#722,#723,#724,#725,
    #726,#727,#728,#729),.UNSPECIFIED.,.T.,.F.,(7,5,5,5,5,5,5,5,5,5,5,5,
    5,5,5,5,5,5,5,5,5,5,5,5,5,7),(0.,8.457672068381E-02,0.12673590591,
    0.169001311634,0.195214006754,0.253264796668,0.294160892577,
    0.311819180014,0.337525750445,0.378780678485,0.419429544362,
    0.44447541911,0.460990798744,0.499999873504,0.555523753049,
    0.580569652318,0.621218557993,0.662473526423,0.688180122022,
    0.705838426748,0.746734562696,0.804785409445,0.830998130228,
    0.873263577333,0.915422803835,1.),.UNSPECIFIED.);
#603 = CARTESIAN_POINT('',(-51.60717030363,-3.552713678801E-15,
    191.24362206113));
#604 = CARTESIAN_POINT('',(-51.60717030363,1.557582962543,
    191.24362206113));
#605 = CARTESIAN_POINT('',(-51.7376772319,3.115483504197,191.13915404277
    ));
#606 = CARTESIAN_POINT('',(-51.99878240664,4.650279544321,
    190.93014492556));
#607 = CARTESIAN_POINT('',(-52.38683647195,6.139919921111,
    190.61949139641));
#608 = CARTESIAN_POINT('',(-52.89565651786,7.563371833844,
    190.21209413348));
#609 = CARTESIAN_POINT('',(-53.82449561753,9.567905732837,
    189.46823763895));
#610 = CARTESIAN_POINT('',(-54.16111100086,10.21351298608,
    189.19863867386));
#611 = CARTESIAN_POINT('',(-54.52420324319,10.835553541198,
    188.90780629682));
#612 = CARTESIAN_POINT('',(-54.91246326815,11.431848441537,
    188.59678083801));
#613 = CARTESIAN_POINT('',(-55.3244485307,12.00037980178,188.26670935763
    ));
#614 = CARTESIAN_POINT('',(-56.19379641551,13.079577136924,
    187.57011844963));
#615 = CARTESIAN_POINT('',(-56.65128139482,13.590106903227,
    187.20350075783));
#616 = CARTESIAN_POINT('',(-57.12943908027,14.069026592397,
    186.82026563606));
#617 = CARTESIAN_POINT('',(-57.62657302782,14.514689472893,
    186.42176411409));
#618 = CARTESIAN_POINT('',(-58.14089562792,14.925641963636,
    186.00942104098));
#619 = CARTESIAN_POINT('',(-58.99899469607,15.533200121764,
    185.32135477562));
#620 = CARTESIAN_POINT('',(-59.33335590015,15.751936813777,
    185.05322196393));
#621 = CARTESIAN_POINT('',(-59.67315989012,15.956546497952,
    184.78069761111));
#622 = CARTESIAN_POINT('',(-60.01795059986,16.146764006794,
    184.50414583695));
#623 = CARTESIAN_POINT('',(-60.36726303793,16.322355846997,
    184.22393812338));
#624 = CARTESIAN_POINT('',(-61.50317699002,16.839149886848,
    183.31264617707));
#625 = CARTESIAN_POINT('',(-62.30561024991,17.122470281861,
    182.66874484495));
#626 = CARTESIAN_POINT('',(-63.12273726704,17.330859226124,
    182.01289509707));
#627 = CARTESIAN_POINT('',(-63.9492853294,17.462936907078,
    181.34931810812));
#628 = CARTESIAN_POINT('',(-64.77991560871,17.518038650448,
    180.68229511876));
#629 = CARTESIAN_POINT('',(-66.19344562002,17.481010429718,
    179.54690085367));
#630 = CARTESIAN_POINT('',(-66.77703406707,17.427576409798,
    179.07806042105));
#631 = CARTESIAN_POINT('',(-67.35809801896,17.336062471759,
    178.61116498586));
#632 = CARTESIAN_POINT('',(-67.93477408675,17.206707784408,
    178.14771313719));
#633 = CARTESIAN_POINT('',(-68.5052181699,17.039942408595,
    177.68918969362));
#634 = CARTESIAN_POINT('',(-69.31043674661,16.748497648565,
    177.04184450146));
#635 = CARTESIAN_POINT('',(-69.55176603772,16.653747523294,
    176.84781639511));
#636 = CARTESIAN_POINT('',(-69.79144803456,16.552188424928,
    176.65509842244));
#637 = CARTESIAN_POINT('',(-70.02933794653,16.443876839621,
    176.46380735587));
#638 = CARTESIAN_POINT('',(-70.26529243336,16.328875793095,
    176.27405885461));
#639 = CARTESIAN_POINT('',(-70.83964316516,16.030201592545,
    175.81214790109));
#640 = CARTESIAN_POINT('',(-71.17571496493,15.839118605568,
    175.54183968833));
#641 = CARTESIAN_POINT('',(-71.50694656668,15.634220705753,
    175.27539678157));
#642 = CARTESIAN_POINT('',(-71.83290884766,15.41575150936,175.0131658384
    ));
#643 = CARTESIAN_POINT('',(-72.15318200013,15.183983432865,
    174.75548621889));
#644 = CARTESIAN_POINT('',(-72.97155372693,14.546407885306,
    174.09699252232));
#645 = CARTESIAN_POINT('',(-73.46004848655,14.1201174646,173.70386726539
    ));
#646 = CARTESIAN_POINT('',(-73.93113686517,13.661599286435,
    173.32469167584));
#647 = CARTESIAN_POINT('',(-74.3832042225,13.172280385665,
    172.96077327789));
#648 = CARTESIAN_POINT('',(-74.81472861701,12.653767405421,
    172.61334568038));
#649 = CARTESIAN_POINT('',(-75.62782512583,11.569956504627,
    171.95862821817));
#650 = CARTESIAN_POINT('',(-76.01004624483,11.0054467094,171.65081699725
    ));
#651 = CARTESIAN_POINT('',(-76.36958515891,10.416039709691,
    171.36123680101));
#652 = CARTESIAN_POINT('',(-76.70519763494,9.803591240657,
    171.09089779395));
#653 = CARTESIAN_POINT('',(-77.0157638205,9.170099326988,170.84070979428
    ));
#654 = CARTESIAN_POINT('',(-77.4756069293,8.115735712445,170.47023580087
    ));
#655 = CARTESIAN_POINT('',(-77.64103744921,7.706585241304,
    170.33694837874));
#656 = CARTESIAN_POINT('',(-77.79635417292,7.290756074833,
    170.21180300898));
#657 = CARTESIAN_POINT('',(-77.94134803754,6.868763180833,
    170.09496967113));
#658 = CARTESIAN_POINT('',(-78.0758317639,6.441136913164,169.98660067742
    ));
#659 = CARTESIAN_POINT('',(-78.28127955461,5.72308922218,169.82104181468
    ));
#660 = CARTESIAN_POINT('',(-78.35827749811,5.435542850196,
    169.75899178459));
#661 = CARTESIAN_POINT('',(-78.43058636657,5.145940158775,
    169.70071907933));
#662 = CARTESIAN_POINT('',(-78.49816332267,4.854439536714,
    169.64625855224));
#663 = CARTESIAN_POINT('',(-78.5609700123,4.561201498628,169.59564141318
    ));
#664 = CARTESIAN_POINT('',(-78.75597370794,3.570045316328,
    169.43848145373));
#665 = CARTESIAN_POINT('',(-78.86617411048,2.864907618022,
    169.34966248473));
#666 = CARTESIAN_POINT('',(-78.94912548954,2.153133269329,169.2828031384
    ));
#667 = CARTESIAN_POINT('',(-79.00452739199,1.436909172038,
    169.23814801285));
#668 = CARTESIAN_POINT('',(-79.03222861262,0.718450541887,
    169.21582024038));
#669 = CARTESIAN_POINT('',(-79.03222861262,-1.022612343218,
    169.21582024038));
#670 = CARTESIAN_POINT('',(-78.97610806011,-2.045272098223,
    169.26105460431));
#671 = CARTESIAN_POINT('',(-78.86385752334,-3.061457206994,
    169.35153093598));
#672 = CARTESIAN_POINT('',(-78.69612507501,-4.064815588902,
    169.48672182688));
#673 = CARTESIAN_POINT('',(-78.4741081657,-5.049146034642,
    169.66565204172));
#674 = CARTESIAN_POINT('',(-78.0758317639,-6.441136913165,
    169.98660067742));
#675 = CARTESIAN_POINT('',(-77.94134803754,-6.868763180833,
    170.09496967113));
#676 = CARTESIAN_POINT('',(-77.79635417292,-7.290756074834,
    170.21180300898));
#677 = CARTESIAN_POINT('',(-77.64103744921,-7.706585241304,
    170.33694837874));
#678 = CARTESIAN_POINT('',(-77.4756069293,-8.115735712446,
    170.47023580087));
#679 = CARTESIAN_POINT('',(-77.0157638205,-9.170099326989,
    170.84070979428));
#680 = CARTESIAN_POINT('',(-76.70519763494,-9.803591240657,
    171.09089779395));
#681 = CARTESIAN_POINT('',(-76.36958515891,-10.41603970969,
    171.36123680101));
#682 = CARTESIAN_POINT('',(-76.01004624483,-11.0054467094,
    171.65081699725));
#683 = CARTESIAN_POINT('',(-75.62782512583,-11.56995650462,
    171.95862821817));
#684 = CARTESIAN_POINT('',(-74.81472861701,-12.65376740542,
    172.61334568038));
#685 = CARTESIAN_POINT('',(-74.3832042225,-13.17228038566,
    172.96077327789));
#686 = CARTESIAN_POINT('',(-73.93113686517,-13.66159928643,
    173.32469167584));
#687 = CARTESIAN_POINT('',(-73.46004848655,-14.1201174646,
    173.70386726539));
#688 = CARTESIAN_POINT('',(-72.97155372693,-14.5464078853,
    174.09699252232));
#689 = CARTESIAN_POINT('',(-72.15318200013,-15.18398343286,
    174.75548621889));
#690 = CARTESIAN_POINT('',(-71.83290884766,-15.41575150936,
    175.0131658384));
#691 = CARTESIAN_POINT('',(-71.50694656668,-15.63422070575,
    175.27539678157));
#692 = CARTESIAN_POINT('',(-71.17571496493,-15.83911860556,
    175.54183968833));
#693 = CARTESIAN_POINT('',(-70.83964316516,-16.03020159254,
    175.81214790109));
#694 = CARTESIAN_POINT('',(-70.26529243336,-16.32887579309,
    176.27405885461));
#695 = CARTESIAN_POINT('',(-70.02933794653,-16.44387683962,
    176.46380735587));
#696 = CARTESIAN_POINT('',(-69.79144803456,-16.55218842492,
    176.65509842244));
#697 = CARTESIAN_POINT('',(-69.55176603772,-16.65374752329,
    176.84781639511));
#698 = CARTESIAN_POINT('',(-69.31043674661,-16.74849764856,
    177.04184450146));
#699 = CARTESIAN_POINT('',(-68.5052181699,-17.03994240859,
    177.68918969362));
#700 = CARTESIAN_POINT('',(-67.93477408675,-17.2067077844,
    178.14771313719));
#701 = CARTESIAN_POINT('',(-67.35809801896,-17.33606247175,
    178.61116498587));
#702 = CARTESIAN_POINT('',(-66.77703406707,-17.42757640979,
    179.07806042105));
#703 = CARTESIAN_POINT('',(-66.19344562002,-17.48101042971,
    179.54690085367));
#704 = CARTESIAN_POINT('',(-64.77991560871,-17.51803865044,
    180.68229511876));
#705 = CARTESIAN_POINT('',(-63.9492853294,-17.46293690707,
    181.34931810812));
#706 = CARTESIAN_POINT('',(-63.12273726703,-17.33085922612,
    182.01289509707));
#707 = CARTESIAN_POINT('',(-62.30561024991,-17.12247028186,
    182.66874484494));
#708 = CARTESIAN_POINT('',(-61.50317699002,-16.83914988684,
    183.31264617707));
#709 = CARTESIAN_POINT('',(-60.36726303793,-16.32235584699,
    184.22393812338));
#710 = CARTESIAN_POINT('',(-60.01795059986,-16.14676400679,
    184.50414583696));
#711 = CARTESIAN_POINT('',(-59.67315989012,-15.95654649795,
    184.78069761111));
#712 = CARTESIAN_POINT('',(-59.33335590015,-15.75193681377,
    185.05322196393));
#713 = CARTESIAN_POINT('',(-58.99899469607,-15.53320012176,
    185.32135477562));
#714 = CARTESIAN_POINT('',(-58.14089562792,-14.92564196363,
    186.00942104098));
#715 = CARTESIAN_POINT('',(-57.62657302782,-14.51468947289,
    186.42176411409));
#716 = CARTESIAN_POINT('',(-57.12943908027,-14.06902659239,
    186.82026563606));
#717 = CARTESIAN_POINT('',(-56.65128139482,-13.59010690322,
    187.20350075783));
#718 = CARTESIAN_POINT('',(-56.19379641551,-13.07957713692,
    187.57011844963));
#719 = CARTESIAN_POINT('',(-55.3244485307,-12.00037980177,
    188.26670935763));
#720 = CARTESIAN_POINT('',(-54.91246326815,-11.43184844153,
    188.59678083801));
#721 = CARTESIAN_POINT('',(-54.52420324319,-10.83555354119,
    188.90780629682));
#722 = CARTESIAN_POINT('',(-54.16111100086,-10.21351298607,
    189.19863867386));
#723 = CARTESIAN_POINT('',(-53.82449561753,-9.567905732836,
    189.46823763895));
#724 = CARTESIAN_POINT('',(-52.89565363996,-7.563365623041,
    190.21209643823));
#725 = CARTESIAN_POINT('',(-52.38683609743,-6.139915962825,
    190.6194916957));
#726 = CARTESIAN_POINT('',(-51.9987800721,-4.650274425107,
    190.93014679525));
#727 = CARTESIAN_POINT('',(-51.73767174856,-3.115462562583,
    191.13915843184));
#728 = CARTESIAN_POINT('',(-51.60717030363,-1.55755052907,
    191.24362206113));
#729 = CARTESIAN_POINT('',(-51.60717030363,-3.552713678801E-15,
    191.24362206113));
#730 = PCURVE('',#51,#731);
#731 = DEFINITIONAL_REPRESENTATION('',(#732),#860);
#732 = B_SPLINE_CURVE_WITH_KNOTS('',6,(#733,#734,#735,#736,#737,#738,
    #739,#740,#741,#742,#743,#744,#745,#746,#747,#748,#749,#750,#751,
    #752,#753,#754,#755,#756,#757,#758,#759,#760,#761,#762,#763,#764,
    #765,#766,#767,#768,#769,#770,#771,#772,#773,#774,#775,#776,#777,
    #778,#779,#780,#781,#782,#783,#784,#785,#786,#787,#788,#789,#790,
    #791,#792,#793,#794,#795,#796,#797,#798,#799,#800,#801,#802,#803,
    #804,#805,#806,#807,#808,#809,#810,#811,#812,#813,#814,#815,#816,
    #817,#818,#819,#820,#821,#822,#823,#824,#825,#826,#827,#828,#829,
    #830,#831,#832,#833,#834,#835,#836,#837,#838,#839,#840,#841,#842,
    #843,#844,#845,#846,#847,#848,#849,#850,#851,#852,#853,#854,#855,
    #856,#857,#858,#859),.UNSPECIFIED.,.T.,.F.,(7,5,5,5,5,5,5,5,5,5,5,5,
    5,5,5,5,5,5,5,5,5,5,5,5,5,7),(0.,8.457672068381E-02,0.12673590591,
    0.169001311634,0.195214006754,0.253264796668,0.294160892577,
    0.311819180014,0.337525750445,0.378780678485,0.419429544362,
    0.44447541911,0.460990798744,0.499999873504,0.555523753049,
    0.580569652318,0.621218557993,0.662473526423,0.688180122022,
    0.705838426748,0.746734562696,0.804785409445,0.830998130228,
    0.873263577333,0.915422803835,1.),.UNSPECIFIED.);
#733 = CARTESIAN_POINT('',(3.14159265359,1.061151366312));
#734 = CARTESIAN_POINT('',(3.111411131267,1.061151366312));
#735 = CARTESIAN_POINT('',(3.081223674507,1.059127193435));
#736 = CARTESIAN_POINT('',(3.051924859557,1.055076612443));
#737 = CARTESIAN_POINT('',(3.024392605713,1.049113536703));
#738 = CARTESIAN_POINT('',(2.999223453129,1.041435944003));
#739 = CARTESIAN_POINT('',(2.965583872873,1.027724483174));
#740 = CARTESIAN_POINT('',(2.955067797268,1.022796771312));
#741 = CARTESIAN_POINT('',(2.94526933554,1.017531876499));
#742 = CARTESIAN_POINT('',(2.936215681898,1.011961153858));
#743 = CARTESIAN_POINT('',(2.927920447945,1.006116498901));
#744 = CARTESIAN_POINT('',(2.912834814383,0.993927924709));
#745 = CARTESIAN_POINT('',(2.906048070384,0.987582635079));
#746 = CARTESIAN_POINT('',(2.900030422608,0.981026173022));
#747 = CARTESIAN_POINT('',(2.894774441363,0.974290243047));
#748 = CARTESIAN_POINT('',(2.890265797349,0.967405426412));
#749 = CARTESIAN_POINT('',(2.884141146784,0.956057344842));
#750 = CARTESIAN_POINT('',(2.88207690361,0.951667479489));
#751 = CARTESIAN_POINT('',(2.880288228837,0.947238688926));
#752 = CARTESIAN_POINT('',(2.878770005359,0.942777773816));
#753 = CARTESIAN_POINT('',(2.877516639062,0.938291321338));
#754 = CARTESIAN_POINT('',(2.874319455525,0.923807540961));
#755 = CARTESIAN_POINT('',(2.873386179348,0.913735054429));
#756 = CARTESIAN_POINT('',(2.873657702492,0.903638082007));
#757 = CARTESIAN_POINT('',(2.87506157679,0.893579955599));
#758 = CARTESIAN_POINT('',(2.877526711748,0.883618696432));
#759 = CARTESIAN_POINT('',(2.883417578002,0.866897639232));
#760 = CARTESIAN_POINT('',(2.886344257664,0.860061447711));
#761 = CARTESIAN_POINT('',(2.88973832787,0.853318986129));
#762 = CARTESIAN_POINT('',(2.893575886003,0.846687816263));
#763 = CARTESIAN_POINT('',(2.89783367008,0.840184438875));
#764 = CARTESIAN_POINT('',(2.904499224069,0.831078452906));
#765 = CARTESIAN_POINT('',(2.906583498561,0.828359096947));
#766 = CARTESIAN_POINT('',(2.908740096579,0.825667738378));
#767 = CARTESIAN_POINT('',(2.910967226774,0.823005598823));
#768 = CARTESIAN_POINT('',(2.913263121507,0.820373866914));
#769 = CARTESIAN_POINT('',(2.919065920245,0.813988426451));
#770 = CARTESIAN_POINT('',(2.92264783988,0.810270044746));
#771 = CARTESIAN_POINT('',(2.926366419202,0.806622119667));
#772 = CARTESIAN_POINT('',(2.930216373591,0.803048076178));
#773 = CARTESIAN_POINT('',(2.934192510358,0.799551197709));
#774 = CARTESIAN_POINT('',(2.944865107995,0.790651576043));
#775 = CARTESIAN_POINT('',(2.951752405983,0.785375301628));
#776 = CARTESIAN_POINT('',(2.958930357938,0.78031890478));
#777 = CARTESIAN_POINT('',(2.966378465842,0.775494406968));
#778 = CARTESIAN_POINT('',(2.974076619878,0.77091288801));
#779 = CARTESIAN_POINT('',(2.989816350832,0.762319946688));
#780 = CARTESIAN_POINT('',(2.997851381883,0.758301050121));
#781 = CARTESIAN_POINT('',(3.006090537447,0.754537762607));
#782 = CARTESIAN_POINT('',(3.014515069965,0.75103886154));
#783 = CARTESIAN_POINT('',(3.023106365326,0.747812146453));
#784 = CARTESIAN_POINT('',(3.037230212233,0.743048320316));
#785 = CARTESIAN_POINT('',(3.042671057044,0.741338064368));
#786 = CARTESIAN_POINT('',(3.048163713666,0.739735342033));
#787 = CARTESIAN_POINT('',(3.053703816154,0.738241596133));
#788 = CARTESIAN_POINT('',(3.059287001682,0.736858113693));
#789 = CARTESIAN_POINT('',(3.068616026389,0.73474720467));
#790 = CARTESIAN_POINT('',(3.072339981062,0.733956818528));
#791 = CARTESIAN_POINT('',(3.07607952407,0.733215191365));
#792 = CARTESIAN_POINT('',(3.079833404627,0.732522615939));
#793 = CARTESIAN_POINT('',(3.083600371651,0.731879353907));
#794 = CARTESIAN_POINT('',(3.096304646722,0.729883282776));
#795 = CARTESIAN_POINT('',(3.105296253524,0.728757321036));
#796 = CARTESIAN_POINT('',(3.114337282351,0.72791081087));
#797 = CARTESIAN_POINT('',(3.123411347079,0.727345788536));
#798 = CARTESIAN_POINT('',(3.132502051509,0.727063273073));
#799 = CARTESIAN_POINT('',(3.154531834999,0.727063273073));
#800 = CARTESIAN_POINT('',(3.1674716147,0.727635626359));
#801 = CARTESIAN_POINT('',(3.180363027451,0.728780429743));
#802 = CARTESIAN_POINT('',(3.193159223493,0.730493194346));
#803 = CARTESIAN_POINT('',(3.205813270952,0.732765953601));
#804 = CARTESIAN_POINT('',(3.223898305497,0.736858113693));
#805 = CARTESIAN_POINT('',(3.229481491025,0.738241596133));
#806 = CARTESIAN_POINT('',(3.235021593513,0.739735342033));
#807 = CARTESIAN_POINT('',(3.240514250135,0.741338064368));
#808 = CARTESIAN_POINT('',(3.245955094946,0.743048320316));
#809 = CARTESIAN_POINT('',(3.260078941853,0.747812146453));
#810 = CARTESIAN_POINT('',(3.268670237215,0.75103886154));
#811 = CARTESIAN_POINT('',(3.277094769733,0.754537762607));
#812 = CARTESIAN_POINT('',(3.285333925296,0.758301050121));
#813 = CARTESIAN_POINT('',(3.293368956348,0.762319946688));
#814 = CARTESIAN_POINT('',(3.309108687302,0.77091288801));
#815 = CARTESIAN_POINT('',(3.316806841338,0.775494406968));
#816 = CARTESIAN_POINT('',(3.324254949242,0.78031890478));
#817 = CARTESIAN_POINT('',(3.331432901196,0.785375301628));
#818 = CARTESIAN_POINT('',(3.338320199185,0.790651576043));
#819 = CARTESIAN_POINT('',(3.348992796822,0.799551197709));
#820 = CARTESIAN_POINT('',(3.352968933589,0.803048076178));
#821 = CARTESIAN_POINT('',(3.356818887978,0.806622119667));
#822 = CARTESIAN_POINT('',(3.3605374673,0.810270044746));
#823 = CARTESIAN_POINT('',(3.364119386934,0.813988426451));
#824 = CARTESIAN_POINT('',(3.369922185673,0.820373866914));
#825 = CARTESIAN_POINT('',(3.372218080405,0.823005598823));
#826 = CARTESIAN_POINT('',(3.3744452106,0.825667738378));
#827 = CARTESIAN_POINT('',(3.376601808619,0.828359096947));
#828 = CARTESIAN_POINT('',(3.378686083111,0.831078452906));
#829 = CARTESIAN_POINT('',(3.3853516371,0.840184438875));
#830 = CARTESIAN_POINT('',(3.389609421177,0.846687816263));
#831 = CARTESIAN_POINT('',(3.39344697931,0.853318986129));
#832 = CARTESIAN_POINT('',(3.396841049516,0.860061447711));
#833 = CARTESIAN_POINT('',(3.399767729177,0.866897639232));
#834 = CARTESIAN_POINT('',(3.405658595431,0.883618696432));
#835 = CARTESIAN_POINT('',(3.408123730389,0.893579955599));
#836 = CARTESIAN_POINT('',(3.409527604688,0.903638082007));
#837 = CARTESIAN_POINT('',(3.409799127832,0.913735054429));
#838 = CARTESIAN_POINT('',(3.408865851654,0.923807540961));
#839 = CARTESIAN_POINT('',(3.405668668118,0.938291321338));
#840 = CARTESIAN_POINT('',(3.40441530182,0.942777773816));
#841 = CARTESIAN_POINT('',(3.402897078343,0.947238688926));
#842 = CARTESIAN_POINT('',(3.40110840357,0.951667479489));
#843 = CARTESIAN_POINT('',(3.399044160396,0.956057344842));
#844 = CARTESIAN_POINT('',(3.392919509831,0.967405426412));
#845 = CARTESIAN_POINT('',(3.388410865817,0.974290243047));
#846 = CARTESIAN_POINT('',(3.383154884571,0.981026173022));
#847 = CARTESIAN_POINT('',(3.377137236795,0.987582635079));
#848 = CARTESIAN_POINT('',(3.370350492797,0.993927924709));
#849 = CARTESIAN_POINT('',(3.355264859234,1.006116498901));
#850 = CARTESIAN_POINT('',(3.346969625282,1.011961153858));
#851 = CARTESIAN_POINT('',(3.33791597164,1.017531876499));
#852 = CARTESIAN_POINT('',(3.328117509912,1.022796771312));
#853 = CARTESIAN_POINT('',(3.317601434306,1.027724483174));
#854 = CARTESIAN_POINT('',(3.283961749822,1.041435986486));
#855 = CARTESIAN_POINT('',(3.258792621037,1.049113543277));
#856 = CARTESIAN_POINT('',(3.231260368974,1.055076647147));
#857 = CARTESIAN_POINT('',(3.201961229278,1.059127278633));
#858 = CARTESIAN_POINT('',(3.171773547444,1.061151366312));
#859 = CARTESIAN_POINT('',(3.14159265359,1.061151366312));
#860 = ( GEOMETRIC_REPRESENTATION_CONTEXT(2) 
PARAMETRIC_REPRESENTATION_CONTEXT() REPRESENTATION_CONTEXT('2D SPACE',''
  ) );
#861 = PCURVE('',#862,#867);
#862 = CYLINDRICAL_SURFACE('',#863,17.5);
#863 = AXIS2_PLACEMENT_3D('',#864,#865,#866);
#864 = CARTESIAN_POINT('',(-58.17963272269,0.,169.25005355113));
#865 = DIRECTION('',(-0.545164543025,0.,0.838329064883));
#866 = DIRECTION('',(0.838329064883,0.,0.545164543025));
#867 = DEFINITIONAL_REPRESENTATION('',(#868),#996);
#868 = B_SPLINE_CURVE_WITH_KNOTS('',6,(#869,#870,#871,#872,#873,#874,
    #875,#876,#877,#878,#879,#880,#881,#882,#883,#884,#885,#886,#887,
    #888,#889,#890,#891,#892,#893,#894,#895,#896,#897,#898,#899,#900,
    #901,#902,#903,#904,#905,#906,#907,#908,#909,#910,#911,#912,#913,
    #914,#915,#916,#917,#918,#919,#920,#921,#922,#923,#924,#925,#926,
    #927,#928,#929,#930,#931,#932,#933,#934,#935,#936,#937,#938,#939,
    #940,#941,#942,#943,#944,#945,#946,#947,#948,#949,#950,#951,#952,
    #953,#954,#955,#956,#957,#958,#959,#960,#961,#962,#963,#964,#965,
    #966,#967,#968,#969,#970,#971,#972,#973,#974,#975,#976,#977,#978,
    #979,#980,#981,#982,#983,#984,#985,#986,#987,#988,#989,#990,#991,
    #992,#993,#994,#995),.UNSPECIFIED.,.F.,.F.,(7,5,5,5,5,5,5,5,5,5,5,5,
    5,5,5,5,5,5,5,5,5,5,5,5,5,7),(0.,8.457672068381E-02,0.12673590591,
    0.169001311634,0.195214006754,0.253264796668,0.294160892577,
    0.311819180014,0.337525750445,0.378780678485,0.419429544362,
    0.44447541911,0.460990798744,0.499999873504,0.555523753049,
    0.580569652318,0.621218557993,0.662473526423,0.688180122022,
    0.705838426748,0.746734562696,0.804785409445,0.830998130228,
    0.873263577333,0.915422803835,1.),.UNSPECIFIED.);
#869 = CARTESIAN_POINT('',(0.,14.854774251202));
#870 = CARTESIAN_POINT('',(8.900474071675E-02,14.854774251202));
#871 = CARTESIAN_POINT('',(0.178027297951,14.83834342497));
#872 = CARTESIAN_POINT('',(0.26700070402,14.805470290461));
#873 = CARTESIAN_POINT('',(0.355928514069,14.75659372505));
#874 = CARTESIAN_POINT('',(0.444813709843,14.692451406391));
#875 = CARTESIAN_POINT('',(0.577853261261,14.575225030236));
#876 = CARTESIAN_POINT('',(0.622090249609,14.53272315357));
#877 = CARTESIAN_POINT('',(0.666305394271,14.486854935253));
#878 = CARTESIAN_POINT('',(0.710498403839,14.437778852297));
#879 = CARTESIAN_POINT('',(0.754669364754,14.385670094194));
#880 = CARTESIAN_POINT('',(0.843075918712,14.275635332038));
#881 = CARTESIAN_POINT('',(0.887312471166,14.217693654982));
#882 = CARTESIAN_POINT('',(0.931525623526,14.157091129804));
#883 = CARTESIAN_POINT('',(0.975716561806,14.094035522875));
#884 = CARTESIAN_POINT('',(1.019886853545,14.028746785235));
#885 = CARTESIAN_POINT('',(1.091418449763,13.919726022776));
#886 = CARTESIAN_POINT('',(1.118792418459,13.877224366516));
#887 = CARTESIAN_POINT('',(1.146159176296,13.834008367572));
#888 = CARTESIAN_POINT('',(1.17351914113,13.790134647064));
#889 = CARTESIAN_POINT('',(1.20087278727,13.745661132244));
#890 = CARTESIAN_POINT('',(1.28878537428,13.600958617663));
#891 = CARTESIAN_POINT('',(1.349323644902,13.498615577461));
#892 = CARTESIAN_POINT('',(1.409837169158,13.394266348506));
#893 = CARTESIAN_POINT('',(1.470335413616,13.288575168588));
#894 = CARTESIAN_POINT('',(1.530828241851,13.182220586307));
#895 = CARTESIAN_POINT('',(1.633934525626,13.000993016452));
#896 = CARTESIAN_POINT('',(1.676550187044,12.926102184043));
#897 = CARTESIAN_POINT('',(1.719168314338,12.851465634264));
#898 = CARTESIAN_POINT('',(1.761792027794,12.77732382432));
#899 = CARTESIAN_POINT('',(1.804424352246,12.70391618255));
#900 = CARTESIAN_POINT('',(1.865479474648,12.600204510362));
#901 = CARTESIAN_POINT('',(1.883893903508,12.569109282107));
#902 = CARTESIAN_POINT('',(1.902310519916,12.538214330576));
#903 = CARTESIAN_POINT('',(1.920729510966,12.507538614762));
#904 = CARTESIAN_POINT('',(1.939151055045,12.477100951128));
#905 = CARTESIAN_POINT('',(1.984396989199,12.402983227642));
#906 = CARTESIAN_POINT('',(2.011224443244,12.359590425558));
#907 = CARTESIAN_POINT('',(2.038058201355,12.316799317493));
#908 = CARTESIAN_POINT('',(2.064898727921,12.274666574072));
#909 = CARTESIAN_POINT('',(2.091746434326,12.23324782642));
#910 = CARTESIAN_POINT('',(2.161700045092,12.127360670004));
#911 = CARTESIAN_POINT('',(2.20481830109,12.064102363379));
#912 = CARTESIAN_POINT('',(2.247956958317,12.003049126625));
#913 = CARTESIAN_POINT('',(2.291117539543,11.944416850652));
#914 = CARTESIAN_POINT('',(2.334301108953,11.888409997047));
#915 = CARTESIAN_POINT('',(2.420077775183,11.782812705859));
#916 = CARTESIAN_POINT('',(2.462671106953,11.733139014539));
#917 = CARTESIAN_POINT('',(2.505285776514,11.686383387207));
#918 = CARTESIAN_POINT('',(2.547921840556,11.642714362347));
#919 = CARTESIAN_POINT('',(2.59057889654,11.602284163168));
#920 = CARTESIAN_POINT('',(2.659549226957,11.542395204982));
#921 = CARTESIAN_POINT('',(2.685851153746,11.520843338817));
#922 = CARTESIAN_POINT('',(2.712159978203,11.50060350872));
#923 = CARTESIAN_POINT('',(2.738475296722,11.481704239795));
#924 = CARTESIAN_POINT('',(2.76479665007,11.464171121868));
#925 = CARTESIAN_POINT('',(2.808483600124,11.437381166221));
#926 = CARTESIAN_POINT('',(2.825846085747,11.427339371196));
#927 = CARTESIAN_POINT('',(2.843210833002,11.417907899919));
#928 = CARTESIAN_POINT('',(2.860577686405,11.409092617563));
#929 = CARTESIAN_POINT('',(2.877946482244,11.400898778961));
#930 = CARTESIAN_POINT('',(2.9363460613,11.375456117735));
#931 = CARTESIAN_POINT('',(2.97738543932,11.361073946606));
#932 = CARTESIAN_POINT('',(3.018431913169,11.350245963978));
#933 = CARTESIAN_POINT('',(3.059483557378,11.343013427161));
#934 = CARTESIAN_POINT('',(3.100538336911,11.339397129829));
#935 = CARTESIAN_POINT('',(3.200027644631,11.339397129829));
#936 = CARTESIAN_POINT('',(3.258465326336,11.346723476483));
#937 = CARTESIAN_POINT('',(3.316892301033,11.361377402424));
#938 = CARTESIAN_POINT('',(3.375304470124,11.383270072027));
#939 = CARTESIAN_POINT('',(3.433698132024,11.412236724801));
#940 = CARTESIAN_POINT('',(3.51838865711,11.464171121868));
#941 = CARTESIAN_POINT('',(3.544710010458,11.481704239796));
#942 = CARTESIAN_POINT('',(3.571025328976,11.500603508721));
#943 = CARTESIAN_POINT('',(3.597334153434,11.520843338817));
#944 = CARTESIAN_POINT('',(3.623636080222,11.542395204982));
#945 = CARTESIAN_POINT('',(3.69260641064,11.602284163169));
#946 = CARTESIAN_POINT('',(3.735263466624,11.642714362347));
#947 = CARTESIAN_POINT('',(3.777899530665,11.686383387207));
#948 = CARTESIAN_POINT('',(3.820514200227,11.733139014539));
#949 = CARTESIAN_POINT('',(3.863107531997,11.782812705859));
#950 = CARTESIAN_POINT('',(3.948884198227,11.888409997047));
#951 = CARTESIAN_POINT('',(3.992067767637,11.944416850653));
#952 = CARTESIAN_POINT('',(4.035228348862,12.003049126625));
#953 = CARTESIAN_POINT('',(4.07836700609,12.064102363379));
#954 = CARTESIAN_POINT('',(4.121485262088,12.127360670004));
#955 = CARTESIAN_POINT('',(4.191438872853,12.23324782642));
#956 = CARTESIAN_POINT('',(4.218286579258,12.274666574072));
#957 = CARTESIAN_POINT('',(4.245127105824,12.316799317493));
#958 = CARTESIAN_POINT('',(4.271960863936,12.359590425558));
#959 = CARTESIAN_POINT('',(4.29878831798,12.402983227642));
#960 = CARTESIAN_POINT('',(4.344034252135,12.477100951128));
#961 = CARTESIAN_POINT('',(4.362455796214,12.507538614762));
#962 = CARTESIAN_POINT('',(4.380874787264,12.538214330577));
#963 = CARTESIAN_POINT('',(4.399291403672,12.569109282107));
#964 = CARTESIAN_POINT('',(4.417705832531,12.600204510362));
#965 = CARTESIAN_POINT('',(4.478760954934,12.70391618255));
#966 = CARTESIAN_POINT('',(4.521393279386,12.77732382432));
#967 = CARTESIAN_POINT('',(4.564016992842,12.851465634264));
#968 = CARTESIAN_POINT('',(4.606635120136,12.926102184043));
#969 = CARTESIAN_POINT('',(4.649250781553,13.000993016452));
#970 = CARTESIAN_POINT('',(4.752357065329,13.182220586307));
#971 = CARTESIAN_POINT('',(4.812849893563,13.288575168588));
#972 = CARTESIAN_POINT('',(4.873348138022,13.394266348506));
#973 = CARTESIAN_POINT('',(4.933861662277,13.498615577461));
#974 = CARTESIAN_POINT('',(4.9943999329,13.600958617663));
#975 = CARTESIAN_POINT('',(5.08231251991,13.745661132244));
#976 = CARTESIAN_POINT('',(5.109666166049,13.790134647064));
#977 = CARTESIAN_POINT('',(5.137026130884,13.834008367572));
#978 = CARTESIAN_POINT('',(5.164392888721,13.877224366516));
#979 = CARTESIAN_POINT('',(5.191766857416,13.919726022776));
#980 = CARTESIAN_POINT('',(5.263298453635,14.028746785235));
#981 = CARTESIAN_POINT('',(5.307468745374,14.094035522875));
#982 = CARTESIAN_POINT('',(5.351659683654,14.157091129805));
#983 = CARTESIAN_POINT('',(5.395872836014,14.217693654982));
#984 = CARTESIAN_POINT('',(5.440109388467,14.275635332038));
#985 = CARTESIAN_POINT('',(5.528515942426,14.385670094194));
#986 = CARTESIAN_POINT('',(5.572686903341,14.437778852298));
#987 = CARTESIAN_POINT('',(5.616879912909,14.486854935253));
#988 = CARTESIAN_POINT('',(5.661095057571,14.53272315357));
#989 = CARTESIAN_POINT('',(5.705332045918,14.575225030236));
#990 = CARTESIAN_POINT('',(5.838372009544,14.692451769603));
#991 = CARTESIAN_POINT('',(5.927256999771,14.756593771774));
#992 = CARTESIAN_POINT('',(6.016184966132,14.805470585164));
#993 = CARTESIAN_POINT('',(6.105159207782,14.838344115137));
#994 = CARTESIAN_POINT('',(6.194182419804,14.854774251202));
#995 = CARTESIAN_POINT('',(6.28318530718,14.854774251202));
#996 = ( GEOMETRIC_REPRESENTATION_CONTEXT(2) 
PARAMETRIC_REPRESENTATION_CONTEXT() REPRESENTATION_CONTEXT('2D SPACE',''
  ) );
#997 = ADVANCED_FACE('',(#998),#222,.T.);
#998 = FACE_BOUND('',#999,.T.);
#999 = EDGE_LOOP('',(#1000,#1028,#1048,#1049,#1050));
#1000 = ORIENTED_EDGE('',*,*,#1001,.F.);
#1001 = EDGE_CURVE('',#1002,#1002,#1004,.T.);
#1002 = VERTEX_POINT('',#1003);
#1003 = CARTESIAN_POINT('',(76.167055469225,0.,229.01068862201));
#1004 = SURFACE_CURVE('',#1005,(#1010,#1016),.PCURVE_S1.);
#1005 = CIRCLE('',#1006,17.5);
#1006 = AXIS2_PLACEMENT_3D('',#1007,#1008,#1009);
#1007 = CARTESIAN_POINT('',(90.837814104685,0.,219.47030911907));
#1008 = DIRECTION('',(0.545164543025,-0.,0.838329064883));
#1009 = DIRECTION('',(0.838329064883,0.,-0.545164543025));
#1010 = PCURVE('',#222,#1011);
#1011 = DEFINITIONAL_REPRESENTATION('',(#1012),#1015);
#1012 = B_SPLINE_CURVE_WITH_KNOTS('',1,(#1013,#1014),.UNSPECIFIED.,.F.,
  .F.,(2,2),(3.14159265359,9.424777960769),.PIECEWISE_BEZIER_KNOTS.);
#1013 = CARTESIAN_POINT('',(6.28318530718,0.));
#1014 = CARTESIAN_POINT('',(0.,0.));
#1015 = ( GEOMETRIC_REPRESENTATION_CONTEXT(2) 
PARAMETRIC_REPRESENTATION_CONTEXT() REPRESENTATION_CONTEXT('2D SPACE',''
  ) );
#1016 = PCURVE('',#1017,#1022);
#1017 = TOROIDAL_SURFACE('',#1018,21.114841704776,17.5);
#1018 = AXIS2_PLACEMENT_3D('',#1019,#1020,#1021);
#1019 = CARTESIAN_POINT('',(73.136628603159,0.,230.9813721481));
#1020 = DIRECTION('',(0.,1.,0.));
#1021 = DIRECTION('',(0.,0.,-1.));
#1022 = DEFINITIONAL_REPRESENTATION('',(#1023),#1027);
#1023 = LINE('',#1024,#1025);
#1024 = CARTESIAN_POINT('',(5.288974357583,0.));
#1025 = VECTOR('',#1026,1.);
#1026 = DIRECTION('',(0.,1.));
#1027 = ( GEOMETRIC_REPRESENTATION_CONTEXT(2) 
PARAMETRIC_REPRESENTATION_CONTEXT() REPRESENTATION_CONTEXT('2D SPACE',''
  ) );
#1028 = ORIENTED_EDGE('',*,*,#1029,.T.);
#1029 = EDGE_CURVE('',#1002,#99,#1030,.T.);
#1030 = SEAM_CURVE('',#1031,(#1035,#1042),.PCURVE_S1.);
#1031 = LINE('',#1032,#1033);
#1032 = CARTESIAN_POINT('',(76.167055466271,0.,229.01068861746));
#1033 = VECTOR('',#1034,1.);
#1034 = DIRECTION('',(-0.545164542766,0.,-0.838329065052));
#1035 = PCURVE('',#222,#1036);
#1036 = DEFINITIONAL_REPRESENTATION('',(#1037),#1041);
#1037 = LINE('',#1038,#1039);
#1038 = CARTESIAN_POINT('',(0.,0.));
#1039 = VECTOR('',#1040,1.);
#1040 = DIRECTION('',(0.,1.));
#1041 = ( GEOMETRIC_REPRESENTATION_CONTEXT(2) 
PARAMETRIC_REPRESENTATION_CONTEXT() REPRESENTATION_CONTEXT('2D SPACE',''
  ) );
#1042 = PCURVE('',#222,#1043);
#1043 = DEFINITIONAL_REPRESENTATION('',(#1044),#1047);
#1044 = B_SPLINE_CURVE_WITH_KNOTS('',1,(#1045,#1046),.UNSPECIFIED.,.F.,
  .F.,(2,2),(0.,59.905182417619),.PIECEWISE_BEZIER_KNOTS.);
#1045 = CARTESIAN_POINT('',(6.28318530718,0.));
#1046 = CARTESIAN_POINT('',(6.28318530718,59.905182417619));
#1047 = ( GEOMETRIC_REPRESENTATION_CONTEXT(2) 
PARAMETRIC_REPRESENTATION_CONTEXT() REPRESENTATION_CONTEXT('2D SPACE',''
  ) );
#1048 = ORIENTED_EDGE('',*,*,#98,.F.);
#1049 = ORIENTED_EDGE('',*,*,#313,.F.);
#1050 = ORIENTED_EDGE('',*,*,#1029,.F.);
#1051 = ADVANCED_FACE('',(#1052),#85,.F.);
#1052 = FACE_BOUND('',#1053,.F.);
#1053 = EDGE_LOOP('',(#1054));
#1054 = ORIENTED_EDGE('',*,*,#70,.T.);
#1055 = ADVANCED_FACE('',(#1056,#1059,#1397,#2253,#2995),#584,.T.);
#1056 = FACE_BOUND('',#1057,.T.);
#1057 = EDGE_LOOP('',(#1058));
#1058 = ORIENTED_EDGE('',*,*,#498,.T.);
#1059 = FACE_BOUND('',#1060,.T.);
#1060 = EDGE_LOOP('',(#1061,#1091,#1119,#1147,#1175,#1203,#1231,#1259,
    #1287,#1315,#1343,#1371));
#1061 = ORIENTED_EDGE('',*,*,#1062,.T.);
#1062 = EDGE_CURVE('',#1063,#1065,#1067,.T.);
#1063 = VERTEX_POINT('',#1064);
#1064 = CARTESIAN_POINT('',(-1.492780752061,-99.7811504049,
    77.055653002913));
#1065 = VERTEX_POINT('',#1066);
#1066 = CARTESIAN_POINT('',(-3.776401581722,-99.7811504049,
    80.37887940894));
#1067 = SURFACE_CURVE('',#1068,(#1072,#1079),.PCURVE_S1.);
#1068 = LINE('',#1069,#1070);
#1069 = CARTESIAN_POINT('',(-1.492780752061,-99.7811504049,
    77.055653002913));
#1070 = VECTOR('',#1071,1.);
#1071 = DIRECTION('',(-0.566344013733,9.150113444477E-17,0.824168949979)
  );
#1072 = PCURVE('',#584,#1073);
#1073 = DEFINITIONAL_REPRESENTATION('',(#1074),#1078);
#1074 = LINE('',#1075,#1076);
#1075 = CARTESIAN_POINT('',(-1.492780752061,-21.84972262567));
#1076 = VECTOR('',#1077,1.);
#1077 = DIRECTION('',(-0.566344013733,0.824168949979));
#1078 = ( GEOMETRIC_REPRESENTATION_CONTEXT(2) 
PARAMETRIC_REPRESENTATION_CONTEXT() REPRESENTATION_CONTEXT('2D SPACE',''
  ) );
#1079 = PCURVE('',#1080,#1085);
#1080 = PLANE('',#1081);
#1081 = AXIS2_PLACEMENT_3D('',#1082,#1083,#1084);
#1082 = CARTESIAN_POINT('',(-1.492780752061,-99.7811504049,
    77.055653002913));
#1083 = DIRECTION('',(-0.824168949979,-6.287681639046E-17,
    -0.566344013733));
#1084 = DIRECTION('',(-0.566344013733,9.150113444477E-17,0.824168949979)
  );
#1085 = DEFINITIONAL_REPRESENTATION('',(#1086),#1090);
#1086 = LINE('',#1087,#1088);
#1087 = CARTESIAN_POINT('',(0.,0.));
#1088 = VECTOR('',#1089,1.);
#1089 = DIRECTION('',(1.,0.));
#1090 = ( GEOMETRIC_REPRESENTATION_CONTEXT(2) 
PARAMETRIC_REPRESENTATION_CONTEXT() REPRESENTATION_CONTEXT('2D SPACE',''
  ) );
#1091 = ORIENTED_EDGE('',*,*,#1092,.T.);
#1092 = EDGE_CURVE('',#1065,#1093,#1095,.T.);
#1093 = VERTEX_POINT('',#1094);
#1094 = CARTESIAN_POINT('',(-4.833766821543,-99.7811504049,
    79.321485244586));
#1095 = SURFACE_CURVE('',#1096,(#1100,#1107),.PCURVE_S1.);
#1096 = LINE('',#1097,#1098);
#1097 = CARTESIAN_POINT('',(-3.776401581722,-99.7811504049,
    80.37887940894));
#1098 = VECTOR('',#1099,1.);
#1099 = DIRECTION('',(-0.707097109697,-7.850569667054E-17,
    -0.707116452544));
#1100 = PCURVE('',#584,#1101);
#1101 = DEFINITIONAL_REPRESENTATION('',(#1102),#1106);
#1102 = LINE('',#1103,#1104);
#1103 = CARTESIAN_POINT('',(-3.776401581722,-18.52649621964));
#1104 = VECTOR('',#1105,1.);
#1105 = DIRECTION('',(-0.707097109697,-0.707116452544));
#1106 = ( GEOMETRIC_REPRESENTATION_CONTEXT(2) 
PARAMETRIC_REPRESENTATION_CONTEXT() REPRESENTATION_CONTEXT('2D SPACE',''
  ) );
#1107 = PCURVE('',#1108,#1113);
#1108 = PLANE('',#1109);
#1109 = AXIS2_PLACEMENT_3D('',#1110,#1111,#1112);
#1110 = CARTESIAN_POINT('',(-3.776401581722,-99.7811504049,
    80.37887940894));
#1111 = DIRECTION('',(0.707116452544,-7.850354918315E-17,-0.707097109697
    ));
#1112 = DIRECTION('',(-0.707097109697,-7.850569667054E-17,
    -0.707116452544));
#1113 = DEFINITIONAL_REPRESENTATION('',(#1114),#1118);
#1114 = LINE('',#1115,#1116);
#1115 = CARTESIAN_POINT('',(0.,0.));
#1116 = VECTOR('',#1117,1.);
#1117 = DIRECTION('',(1.,0.));
#1118 = ( GEOMETRIC_REPRESENTATION_CONTEXT(2) 
PARAMETRIC_REPRESENTATION_CONTEXT() REPRESENTATION_CONTEXT('2D SPACE',''
  ) );
#1119 = ORIENTED_EDGE('',*,*,#1120,.T.);
#1120 = EDGE_CURVE('',#1093,#1121,#1123,.T.);
#1121 = VERTEX_POINT('',#1122);
#1122 = CARTESIAN_POINT('',(-4.833766821543,-99.7811504049,
    77.055653002913));
#1123 = SURFACE_CURVE('',#1124,(#1128,#1135),.PCURVE_S1.);
#1124 = LINE('',#1125,#1126);
#1125 = CARTESIAN_POINT('',(-4.833766821543,-99.7811504049,
    79.321485244586));
#1126 = VECTOR('',#1127,1.);
#1127 = DIRECTION('',(0.,-1.110223024625E-16,-1.));
#1128 = PCURVE('',#584,#1129);
#1129 = DEFINITIONAL_REPRESENTATION('',(#1130),#1134);
#1130 = LINE('',#1131,#1132);
#1131 = CARTESIAN_POINT('',(-4.833766821543,-19.583890384));
#1132 = VECTOR('',#1133,1.);
#1133 = DIRECTION('',(0.,-1.));
#1134 = ( GEOMETRIC_REPRESENTATION_CONTEXT(2) 
PARAMETRIC_REPRESENTATION_CONTEXT() REPRESENTATION_CONTEXT('2D SPACE',''
  ) );
#1135 = PCURVE('',#1136,#1141);
#1136 = PLANE('',#1137);
#1137 = AXIS2_PLACEMENT_3D('',#1138,#1139,#1140);
#1138 = CARTESIAN_POINT('',(-4.833766821543,-99.7811504049,
    79.321485244586));
#1139 = DIRECTION('',(1.,0.,0.));
#1140 = DIRECTION('',(0.,-1.110223024625E-16,-1.));
#1141 = DEFINITIONAL_REPRESENTATION('',(#1142),#1146);
#1142 = LINE('',#1143,#1144);
#1143 = CARTESIAN_POINT('',(0.,0.));
#1144 = VECTOR('',#1145,1.);
#1145 = DIRECTION('',(1.,0.));
#1146 = ( GEOMETRIC_REPRESENTATION_CONTEXT(2) 
PARAMETRIC_REPRESENTATION_CONTEXT() REPRESENTATION_CONTEXT('2D SPACE',''
  ) );
#1147 = ORIENTED_EDGE('',*,*,#1148,.T.);
#1148 = EDGE_CURVE('',#1121,#1149,#1151,.T.);
#1149 = VERTEX_POINT('',#1150);
#1150 = CARTESIAN_POINT('',(-5.660140738319,-99.7811504049,
    77.055653002913));
#1151 = SURFACE_CURVE('',#1152,(#1156,#1163),.PCURVE_S1.);
#1152 = LINE('',#1153,#1154);
#1153 = CARTESIAN_POINT('',(-4.833766821543,-99.7811504049,
    77.055653002913));
#1154 = VECTOR('',#1155,1.);
#1155 = DIRECTION('',(-1.,0.,0.));
#1156 = PCURVE('',#584,#1157);
#1157 = DEFINITIONAL_REPRESENTATION('',(#1158),#1162);
#1158 = LINE('',#1159,#1160);
#1159 = CARTESIAN_POINT('',(-4.833766821543,-21.84972262567));
#1160 = VECTOR('',#1161,1.);
#1161 = DIRECTION('',(-1.,0.));
#1162 = ( GEOMETRIC_REPRESENTATION_CONTEXT(2) 
PARAMETRIC_REPRESENTATION_CONTEXT() REPRESENTATION_CONTEXT('2D SPACE',''
  ) );
#1163 = PCURVE('',#1164,#1169);
#1164 = PLANE('',#1165);
#1165 = AXIS2_PLACEMENT_3D('',#1166,#1167,#1168);
#1166 = CARTESIAN_POINT('',(-4.833766821543,-99.7811504049,
    77.055653002913));
#1167 = DIRECTION('',(0.,-1.110223024625E-16,-1.));
#1168 = DIRECTION('',(-1.,0.,0.));
#1169 = DEFINITIONAL_REPRESENTATION('',(#1170),#1174);
#1170 = LINE('',#1171,#1172);
#1171 = CARTESIAN_POINT('',(0.,-0.));
#1172 = VECTOR('',#1173,1.);
#1173 = DIRECTION('',(1.,0.));
#1174 = ( GEOMETRIC_REPRESENTATION_CONTEXT(2) 
PARAMETRIC_REPRESENTATION_CONTEXT() REPRESENTATION_CONTEXT('2D SPACE',''
  ) );
#1175 = ORIENTED_EDGE('',*,*,#1176,.T.);
#1176 = EDGE_CURVE('',#1149,#1177,#1179,.T.);
#1177 = VERTEX_POINT('',#1178);
#1178 = CARTESIAN_POINT('',(-5.660140738319,-99.7811504049,
    83.533273314014));
#1179 = SURFACE_CURVE('',#1180,(#1184,#1191),.PCURVE_S1.);
#1180 = LINE('',#1181,#1182);
#1181 = CARTESIAN_POINT('',(-5.660140738319,-99.7811504049,
    77.055653002913));
#1182 = VECTOR('',#1183,1.);
#1183 = DIRECTION('',(0.,1.110223024625E-16,1.));
#1184 = PCURVE('',#584,#1185);
#1185 = DEFINITIONAL_REPRESENTATION('',(#1186),#1190);
#1186 = LINE('',#1187,#1188);
#1187 = CARTESIAN_POINT('',(-5.660140738319,-21.84972262567));
#1188 = VECTOR('',#1189,1.);
#1189 = DIRECTION('',(0.,1.));
#1190 = ( GEOMETRIC_REPRESENTATION_CONTEXT(2) 
PARAMETRIC_REPRESENTATION_CONTEXT() REPRESENTATION_CONTEXT('2D SPACE',''
  ) );
#1191 = PCURVE('',#1192,#1197);
#1192 = PLANE('',#1193);
#1193 = AXIS2_PLACEMENT_3D('',#1194,#1195,#1196);
#1194 = CARTESIAN_POINT('',(-5.660140738319,-99.7811504049,
    77.055653002913));
#1195 = DIRECTION('',(-1.,0.,0.));
#1196 = DIRECTION('',(0.,1.110223024625E-16,1.));
#1197 = DEFINITIONAL_REPRESENTATION('',(#1198),#1202);
#1198 = LINE('',#1199,#1200);
#1199 = CARTESIAN_POINT('',(0.,0.));
#1200 = VECTOR('',#1201,1.);
#1201 = DIRECTION('',(1.,0.));
#1202 = ( GEOMETRIC_REPRESENTATION_CONTEXT(2) 
PARAMETRIC_REPRESENTATION_CONTEXT() REPRESENTATION_CONTEXT('2D SPACE',''
  ) );
#1203 = ORIENTED_EDGE('',*,*,#1204,.T.);
#1204 = EDGE_CURVE('',#1177,#1205,#1207,.T.);
#1205 = VERTEX_POINT('',#1206);
#1206 = CARTESIAN_POINT('',(-4.833766821543,-99.7811504049,
    83.533273314014));
#1207 = SURFACE_CURVE('',#1208,(#1212,#1219),.PCURVE_S1.);
#1208 = LINE('',#1209,#1210);
#1209 = CARTESIAN_POINT('',(-5.660140738319,-99.7811504049,
    83.533273314014));
#1210 = VECTOR('',#1211,1.);
#1211 = DIRECTION('',(1.,0.,0.));
#1212 = PCURVE('',#584,#1213);
#1213 = DEFINITIONAL_REPRESENTATION('',(#1214),#1218);
#1214 = LINE('',#1215,#1216);
#1215 = CARTESIAN_POINT('',(-5.660140738319,-15.37210231457));
#1216 = VECTOR('',#1217,1.);
#1217 = DIRECTION('',(1.,0.));
#1218 = ( GEOMETRIC_REPRESENTATION_CONTEXT(2) 
PARAMETRIC_REPRESENTATION_CONTEXT() REPRESENTATION_CONTEXT('2D SPACE',''
  ) );
#1219 = PCURVE('',#1220,#1225);
#1220 = PLANE('',#1221);
#1221 = AXIS2_PLACEMENT_3D('',#1222,#1223,#1224);
#1222 = CARTESIAN_POINT('',(-5.660140738319,-99.7811504049,
    83.533273314014));
#1223 = DIRECTION('',(0.,1.110223024625E-16,1.));
#1224 = DIRECTION('',(1.,0.,0.));
#1225 = DEFINITIONAL_REPRESENTATION('',(#1226),#1230);
#1226 = LINE('',#1227,#1228);
#1227 = CARTESIAN_POINT('',(0.,0.));
#1228 = VECTOR('',#1229,1.);
#1229 = DIRECTION('',(1.,0.));
#1230 = ( GEOMETRIC_REPRESENTATION_CONTEXT(2) 
PARAMETRIC_REPRESENTATION_CONTEXT() REPRESENTATION_CONTEXT('2D SPACE',''
  ) );
#1231 = ORIENTED_EDGE('',*,*,#1232,.T.);
#1232 = EDGE_CURVE('',#1205,#1233,#1235,.T.);
#1233 = VERTEX_POINT('',#1234);
#1234 = CARTESIAN_POINT('',(-4.833766821543,-99.7811504049,
    80.254474991157));
#1235 = SURFACE_CURVE('',#1236,(#1240,#1247),.PCURVE_S1.);
#1236 = LINE('',#1237,#1238);
#1237 = CARTESIAN_POINT('',(-4.833766821543,-99.7811504049,
    83.533273314014));
#1238 = VECTOR('',#1239,1.);
#1239 = DIRECTION('',(0.,-1.110223024625E-16,-1.));
#1240 = PCURVE('',#584,#1241);
#1241 = DEFINITIONAL_REPRESENTATION('',(#1242),#1246);
#1242 = LINE('',#1243,#1244);
#1243 = CARTESIAN_POINT('',(-4.833766821543,-15.37210231457));
#1244 = VECTOR('',#1245,1.);
#1245 = DIRECTION('',(0.,-1.));
#1246 = ( GEOMETRIC_REPRESENTATION_CONTEXT(2) 
PARAMETRIC_REPRESENTATION_CONTEXT() REPRESENTATION_CONTEXT('2D SPACE',''
  ) );
#1247 = PCURVE('',#1248,#1253);
#1248 = PLANE('',#1249);
#1249 = AXIS2_PLACEMENT_3D('',#1250,#1251,#1252);
#1250 = CARTESIAN_POINT('',(-4.833766821543,-99.7811504049,
    83.533273314014));
#1251 = DIRECTION('',(1.,0.,0.));
#1252 = DIRECTION('',(0.,-1.110223024625E-16,-1.));
#1253 = DEFINITIONAL_REPRESENTATION('',(#1254),#1258);
#1254 = LINE('',#1255,#1256);
#1255 = CARTESIAN_POINT('',(0.,0.));
#1256 = VECTOR('',#1257,1.);
#1257 = DIRECTION('',(1.,0.));
#1258 = ( GEOMETRIC_REPRESENTATION_CONTEXT(2) 
PARAMETRIC_REPRESENTATION_CONTEXT() REPRESENTATION_CONTEXT('2D SPACE',''
  ) );
#1259 = ORIENTED_EDGE('',*,*,#1260,.T.);
#1260 = EDGE_CURVE('',#1233,#1261,#1263,.T.);
#1261 = VERTEX_POINT('',#1262);
#1262 = CARTESIAN_POINT('',(-1.608305338116,-99.7811504049,
    83.533273314014));
#1263 = SURFACE_CURVE('',#1264,(#1268,#1275),.PCURVE_S1.);
#1264 = LINE('',#1265,#1266);
#1265 = CARTESIAN_POINT('',(-4.833766821543,-99.7811504049,
    80.254474991157));
#1266 = VECTOR('',#1267,1.);
#1267 = DIRECTION('',(0.701284719559,7.914572285863E-17,0.712881295948)
  );
#1268 = PCURVE('',#584,#1269);
#1269 = DEFINITIONAL_REPRESENTATION('',(#1270),#1274);
#1270 = LINE('',#1271,#1272);
#1271 = CARTESIAN_POINT('',(-4.833766821543,-18.65090063743));
#1272 = VECTOR('',#1273,1.);
#1273 = DIRECTION('',(0.701284719559,0.712881295948));
#1274 = ( GEOMETRIC_REPRESENTATION_CONTEXT(2) 
PARAMETRIC_REPRESENTATION_CONTEXT() REPRESENTATION_CONTEXT('2D SPACE',''
  ) );
#1275 = PCURVE('',#1276,#1281);
#1276 = PLANE('',#1277);
#1277 = AXIS2_PLACEMENT_3D('',#1278,#1279,#1280);
#1278 = CARTESIAN_POINT('',(-4.833766821543,-99.7811504049,
    80.254474991157));
#1279 = DIRECTION('',(-0.712881295948,7.785824424724E-17,0.701284719559)
  );
#1280 = DIRECTION('',(0.701284719559,7.914572285863E-17,0.712881295948)
  );
#1281 = DEFINITIONAL_REPRESENTATION('',(#1282),#1286);
#1282 = LINE('',#1283,#1284);
#1283 = CARTESIAN_POINT('',(0.,0.));
#1284 = VECTOR('',#1285,1.);
#1285 = DIRECTION('',(1.,0.));
#1286 = ( GEOMETRIC_REPRESENTATION_CONTEXT(2) 
PARAMETRIC_REPRESENTATION_CONTEXT() REPRESENTATION_CONTEXT('2D SPACE',''
  ) );
#1287 = ORIENTED_EDGE('',*,*,#1288,.T.);
#1288 = EDGE_CURVE('',#1261,#1289,#1291,.T.);
#1289 = VERTEX_POINT('',#1290);
#1290 = CARTESIAN_POINT('',(-0.542031342035,-99.7811504049,
    83.533273314014));
#1291 = SURFACE_CURVE('',#1292,(#1296,#1303),.PCURVE_S1.);
#1292 = LINE('',#1293,#1294);
#1293 = CARTESIAN_POINT('',(-1.608305338116,-99.7811504049,
    83.533273314014));
#1294 = VECTOR('',#1295,1.);
#1295 = DIRECTION('',(1.,0.,0.));
#1296 = PCURVE('',#584,#1297);
#1297 = DEFINITIONAL_REPRESENTATION('',(#1298),#1302);
#1298 = LINE('',#1299,#1300);
#1299 = CARTESIAN_POINT('',(-1.608305338116,-15.37210231457));
#1300 = VECTOR('',#1301,1.);
#1301 = DIRECTION('',(1.,0.));
#1302 = ( GEOMETRIC_REPRESENTATION_CONTEXT(2) 
PARAMETRIC_REPRESENTATION_CONTEXT() REPRESENTATION_CONTEXT('2D SPACE',''
  ) );
#1303 = PCURVE('',#1304,#1309);
#1304 = PLANE('',#1305);
#1305 = AXIS2_PLACEMENT_3D('',#1306,#1307,#1308);
#1306 = CARTESIAN_POINT('',(-1.608305338116,-99.7811504049,
    83.533273314014));
#1307 = DIRECTION('',(0.,1.110223024625E-16,1.));
#1308 = DIRECTION('',(1.,0.,0.));
#1309 = DEFINITIONAL_REPRESENTATION('',(#1310),#1314);
#1310 = LINE('',#1311,#1312);
#1311 = CARTESIAN_POINT('',(0.,0.));
#1312 = VECTOR('',#1313,1.);
#1313 = DIRECTION('',(1.,0.));
#1314 = ( GEOMETRIC_REPRESENTATION_CONTEXT(2) 
PARAMETRIC_REPRESENTATION_CONTEXT() REPRESENTATION_CONTEXT('2D SPACE',''
  ) );
#1315 = ORIENTED_EDGE('',*,*,#1316,.T.);
#1316 = EDGE_CURVE('',#1289,#1317,#1319,.T.);
#1317 = VERTEX_POINT('',#1318);
#1318 = CARTESIAN_POINT('',(-3.181047912523,-99.7811504049,
    80.894227818993));
#1319 = SURFACE_CURVE('',#1320,(#1324,#1331),.PCURVE_S1.);
#1320 = LINE('',#1321,#1322);
#1321 = CARTESIAN_POINT('',(-0.542031342035,-99.7811504049,
    83.533273314014));
#1322 = VECTOR('',#1323,1.);
#1323 = DIRECTION('',(-0.70710290613,-7.850505314955E-17,-0.707110656222
    ));
#1324 = PCURVE('',#584,#1325);
#1325 = DEFINITIONAL_REPRESENTATION('',(#1326),#1330);
#1326 = LINE('',#1327,#1328);
#1327 = CARTESIAN_POINT('',(-0.542031342035,-15.37210231457));
#1328 = VECTOR('',#1329,1.);
#1329 = DIRECTION('',(-0.70710290613,-0.707110656222));
#1330 = ( GEOMETRIC_REPRESENTATION_CONTEXT(2) 
PARAMETRIC_REPRESENTATION_CONTEXT() REPRESENTATION_CONTEXT('2D SPACE',''
  ) );
#1331 = PCURVE('',#1332,#1337);
#1332 = PLANE('',#1333);
#1333 = AXIS2_PLACEMENT_3D('',#1334,#1335,#1336);
#1334 = CARTESIAN_POINT('',(-0.542031342035,-99.7811504049,
    83.533273314014));
#1335 = DIRECTION('',(0.707110656222,-7.850419271647E-17,-0.70710290613)
  );
#1336 = DIRECTION('',(-0.70710290613,-7.850505314955E-17,-0.707110656222
    ));
#1337 = DEFINITIONAL_REPRESENTATION('',(#1338),#1342);
#1338 = LINE('',#1339,#1340);
#1339 = CARTESIAN_POINT('',(0.,0.));
#1340 = VECTOR('',#1341,1.);
#1341 = DIRECTION('',(1.,0.));
#1342 = ( GEOMETRIC_REPRESENTATION_CONTEXT(2) 
PARAMETRIC_REPRESENTATION_CONTEXT() REPRESENTATION_CONTEXT('2D SPACE',''
  ) );
#1343 = ORIENTED_EDGE('',*,*,#1344,.T.);
#1344 = EDGE_CURVE('',#1317,#1345,#1347,.T.);
#1345 = VERTEX_POINT('',#1346);
#1346 = CARTESIAN_POINT('',(-0.515362922319,-99.7811504049,
    77.055653002913));
#1347 = SURFACE_CURVE('',#1348,(#1352,#1359),.PCURVE_S1.);
#1348 = LINE('',#1349,#1350);
#1349 = CARTESIAN_POINT('',(-3.181047912523,-99.7811504049,
    80.894227818993));
#1350 = VECTOR('',#1351,1.);
#1351 = DIRECTION('',(0.570396969366,-9.119029533779E-17,-0.821369160206
    ));
#1352 = PCURVE('',#584,#1353);
#1353 = DEFINITIONAL_REPRESENTATION('',(#1354),#1358);
#1354 = LINE('',#1355,#1356);
#1355 = CARTESIAN_POINT('',(-3.181047912523,-18.01114780959));
#1356 = VECTOR('',#1357,1.);
#1357 = DIRECTION('',(0.570396969366,-0.821369160206));
#1358 = ( GEOMETRIC_REPRESENTATION_CONTEXT(2) 
PARAMETRIC_REPRESENTATION_CONTEXT() REPRESENTATION_CONTEXT('2D SPACE',''
  ) );
#1359 = PCURVE('',#1360,#1365);
#1360 = PLANE('',#1361);
#1361 = AXIS2_PLACEMENT_3D('',#1362,#1363,#1364);
#1362 = CARTESIAN_POINT('',(-3.181047912523,-99.7811504049,
    80.894227818993));
#1363 = DIRECTION('',(0.821369160206,6.332678485669E-17,0.570396969366)
  );
#1364 = DIRECTION('',(0.570396969366,-9.119029533779E-17,-0.821369160206
    ));
#1365 = DEFINITIONAL_REPRESENTATION('',(#1366),#1370);
#1366 = LINE('',#1367,#1368);
#1367 = CARTESIAN_POINT('',(0.,0.));
#1368 = VECTOR('',#1369,1.);
#1369 = DIRECTION('',(1.,0.));
#1370 = ( GEOMETRIC_REPRESENTATION_CONTEXT(2) 
PARAMETRIC_REPRESENTATION_CONTEXT() REPRESENTATION_CONTEXT('2D SPACE',''
  ) );
#1371 = ORIENTED_EDGE('',*,*,#1372,.T.);
#1372 = EDGE_CURVE('',#1345,#1063,#1373,.T.);
#1373 = SURFACE_CURVE('',#1374,(#1378,#1385),.PCURVE_S1.);
#1374 = LINE('',#1375,#1376);
#1375 = CARTESIAN_POINT('',(-0.515362922319,-99.7811504049,
    77.055653002913));
#1376 = VECTOR('',#1377,1.);
#1377 = DIRECTION('',(-1.,0.,0.));
#1378 = PCURVE('',#584,#1379);
#1379 = DEFINITIONAL_REPRESENTATION('',(#1380),#1384);
#1380 = LINE('',#1381,#1382);
#1381 = CARTESIAN_POINT('',(-0.515362922319,-21.84972262567));
#1382 = VECTOR('',#1383,1.);
#1383 = DIRECTION('',(-1.,0.));
#1384 = ( GEOMETRIC_REPRESENTATION_CONTEXT(2) 
PARAMETRIC_REPRESENTATION_CONTEXT() REPRESENTATION_CONTEXT('2D SPACE',''
  ) );
#1385 = PCURVE('',#1386,#1391);
#1386 = PLANE('',#1387);
#1387 = AXIS2_PLACEMENT_3D('',#1388,#1389,#1390);
#1388 = CARTESIAN_POINT('',(-0.515362922319,-99.7811504049,
    77.055653002913));
#1389 = DIRECTION('',(0.,-1.110223024625E-16,-1.));
#1390 = DIRECTION('',(-1.,0.,0.));
#1391 = DEFINITIONAL_REPRESENTATION('',(#1392),#1396);
#1392 = LINE('',#1393,#1394);
#1393 = CARTESIAN_POINT('',(0.,-0.));
#1394 = VECTOR('',#1395,1.);
#1395 = DIRECTION('',(1.,0.));
#1396 = ( GEOMETRIC_REPRESENTATION_CONTEXT(2) 
PARAMETRIC_REPRESENTATION_CONTEXT() REPRESENTATION_CONTEXT('2D SPACE',''
  ) );
#1397 = FACE_BOUND('',#1398,.T.);
#1398 = EDGE_LOOP('',(#1399,#1431,#1461,#1491,#1521,#1551,#1581,#1611,
    #1641,#1669,#1697,#1725,#1753,#1781,#1809,#1837,#1867,#1897,#1927,
    #1957,#1987,#2017,#2047,#2077,#2107,#2137,#2165,#2195,#2225));
#1399 = ORIENTED_EDGE('',*,*,#1400,.T.);
#1400 = EDGE_CURVE('',#1401,#1403,#1405,.T.);
#1401 = VERTEX_POINT('',#1402);
#1402 = CARTESIAN_POINT('',(1.199572657858,-99.7811504049,
    82.187096609055));
#1403 = VERTEX_POINT('',#1404);
#1404 = CARTESIAN_POINT('',(0.577579493477,-99.7811504049,
    80.272234654612));
#1405 = SURFACE_CURVE('',#1406,(#1410,#1417),.PCURVE_S1.);
#1406 = B_SPLINE_CURVE_WITH_KNOTS('',2,(#1407,#1408,#1409),
  .UNSPECIFIED.,.F.,.F.,(3,3),(0.,1.),.PIECEWISE_BEZIER_KNOTS.);
#1407 = CARTESIAN_POINT('',(1.199572657858,-99.7811504049,
    82.187096609055));
#1408 = CARTESIAN_POINT('',(0.577579493477,-99.7811504049,
    81.462913068476));
#1409 = CARTESIAN_POINT('',(0.577579493477,-99.7811504049,
    80.272234654612));
#1410 = PCURVE('',#584,#1411);
#1411 = DEFINITIONAL_REPRESENTATION('',(#1412),#1416);
#1412 = B_SPLINE_CURVE_WITH_KNOTS('',2,(#1413,#1414,#1415),
  .UNSPECIFIED.,.F.,.F.,(3,3),(0.,1.),.PIECEWISE_BEZIER_KNOTS.);
#1413 = CARTESIAN_POINT('',(1.199572657858,-16.71827901953));
#1414 = CARTESIAN_POINT('',(0.577579493477,-17.44246256011));
#1415 = CARTESIAN_POINT('',(0.577579493477,-18.63314097397));
#1416 = ( GEOMETRIC_REPRESENTATION_CONTEXT(2) 
PARAMETRIC_REPRESENTATION_CONTEXT() REPRESENTATION_CONTEXT('2D SPACE',''
  ) );
#1417 = PCURVE('',#1418,#1425);
#1418 = SURFACE_OF_LINEAR_EXTRUSION('',#1419,#1423);
#1419 = B_SPLINE_CURVE_WITH_KNOTS('',2,(#1420,#1421,#1422),
  .UNSPECIFIED.,.F.,.F.,(3,3),(0.,1.),.PIECEWISE_BEZIER_KNOTS.);
#1420 = CARTESIAN_POINT('',(1.199572657858,-99.7811504049,
    82.187096609055));
#1421 = CARTESIAN_POINT('',(0.577579493477,-99.7811504049,
    81.462913068476));
#1422 = CARTESIAN_POINT('',(0.577579493477,-99.7811504049,
    80.272234654612));
#1423 = VECTOR('',#1424,1.);
#1424 = DIRECTION('',(-0.,1.,-1.110223024625E-16));
#1425 = DEFINITIONAL_REPRESENTATION('',(#1426),#1430);
#1426 = LINE('',#1427,#1428);
#1427 = CARTESIAN_POINT('',(0.,0.));
#1428 = VECTOR('',#1429,1.);
#1429 = DIRECTION('',(1.,0.));
#1430 = ( GEOMETRIC_REPRESENTATION_CONTEXT(2) 
PARAMETRIC_REPRESENTATION_CONTEXT() REPRESENTATION_CONTEXT('2D SPACE',''
  ) );
#1431 = ORIENTED_EDGE('',*,*,#1432,.T.);
#1432 = EDGE_CURVE('',#1403,#1433,#1435,.T.);
#1433 = VERTEX_POINT('',#1434);
#1434 = CARTESIAN_POINT('',(0.639767240102,-99.7811504049,79.59249365947
    ));
#1435 = SURFACE_CURVE('',#1436,(#1440,#1447),.PCURVE_S1.);
#1436 = B_SPLINE_CURVE_WITH_KNOTS('',2,(#1437,#1438,#1439),
  .UNSPECIFIED.,.F.,.F.,(3,3),(0.,1.),.PIECEWISE_BEZIER_KNOTS.);
#1437 = CARTESIAN_POINT('',(0.577579493477,-99.7811504049,
    80.272234654612));
#1438 = CARTESIAN_POINT('',(0.577579493477,-99.7811504049,
    79.934598577239));
#1439 = CARTESIAN_POINT('',(0.639767240102,-99.7811504049,79.59249365947
    ));
#1440 = PCURVE('',#584,#1441);
#1441 = DEFINITIONAL_REPRESENTATION('',(#1442),#1446);
#1442 = B_SPLINE_CURVE_WITH_KNOTS('',2,(#1443,#1444,#1445),
  .UNSPECIFIED.,.F.,.F.,(3,3),(0.,1.),.PIECEWISE_BEZIER_KNOTS.);
#1443 = CARTESIAN_POINT('',(0.577579493477,-18.63314097397));
#1444 = CARTESIAN_POINT('',(0.577579493477,-18.97077705134));
#1445 = CARTESIAN_POINT('',(0.639767240102,-19.31288196911));
#1446 = ( GEOMETRIC_REPRESENTATION_CONTEXT(2) 
PARAMETRIC_REPRESENTATION_CONTEXT() REPRESENTATION_CONTEXT('2D SPACE',''
  ) );
#1447 = PCURVE('',#1448,#1455);
#1448 = SURFACE_OF_LINEAR_EXTRUSION('',#1449,#1453);
#1449 = B_SPLINE_CURVE_WITH_KNOTS('',2,(#1450,#1451,#1452),
  .UNSPECIFIED.,.F.,.F.,(3,3),(0.,1.),.PIECEWISE_BEZIER_KNOTS.);
#1450 = CARTESIAN_POINT('',(0.577579493477,-99.7811504049,
    80.272234654612));
#1451 = CARTESIAN_POINT('',(0.577579493477,-99.7811504049,
    79.934598577239));
#1452 = CARTESIAN_POINT('',(0.639767240102,-99.7811504049,79.59249365947
    ));
#1453 = VECTOR('',#1454,1.);
#1454 = DIRECTION('',(-0.,1.,-1.110223024625E-16));
#1455 = DEFINITIONAL_REPRESENTATION('',(#1456),#1460);
#1456 = LINE('',#1457,#1458);
#1457 = CARTESIAN_POINT('',(0.,0.));
#1458 = VECTOR('',#1459,1.);
#1459 = DIRECTION('',(1.,0.));
#1460 = ( GEOMETRIC_REPRESENTATION_CONTEXT(2) 
PARAMETRIC_REPRESENTATION_CONTEXT() REPRESENTATION_CONTEXT('2D SPACE',''
  ) );
#1461 = ORIENTED_EDGE('',*,*,#1462,.T.);
#1462 = EDGE_CURVE('',#1433,#1463,#1465,.T.);
#1463 = VERTEX_POINT('',#1464);
#1464 = CARTESIAN_POINT('',(0.861907655953,-99.7811504049,
    78.877204412885));
#1465 = SURFACE_CURVE('',#1466,(#1470,#1477),.PCURVE_S1.);
#1466 = B_SPLINE_CURVE_WITH_KNOTS('',2,(#1467,#1468,#1469),
  .UNSPECIFIED.,.F.,.F.,(3,3),(0.,1.),.PIECEWISE_BEZIER_KNOTS.);
#1467 = CARTESIAN_POINT('',(0.639767240102,-99.7811504049,79.59249365947
    ));
#1468 = CARTESIAN_POINT('',(0.701954986727,-99.7811504049,79.2503887417)
  );
#1469 = CARTESIAN_POINT('',(0.861907655953,-99.7811504049,
    78.877204412885));
#1470 = PCURVE('',#584,#1471);
#1471 = DEFINITIONAL_REPRESENTATION('',(#1472),#1476);
#1472 = B_SPLINE_CURVE_WITH_KNOTS('',2,(#1473,#1474,#1475),
  .UNSPECIFIED.,.F.,.F.,(3,3),(0.,1.),.PIECEWISE_BEZIER_KNOTS.);
#1473 = CARTESIAN_POINT('',(0.639767240102,-19.31288196911));
#1474 = CARTESIAN_POINT('',(0.701954986727,-19.65498688688));
#1475 = CARTESIAN_POINT('',(0.861907655953,-20.0281712157));
#1476 = ( GEOMETRIC_REPRESENTATION_CONTEXT(2) 
PARAMETRIC_REPRESENTATION_CONTEXT() REPRESENTATION_CONTEXT('2D SPACE',''
  ) );
#1477 = PCURVE('',#1478,#1485);
#1478 = SURFACE_OF_LINEAR_EXTRUSION('',#1479,#1483);
#1479 = B_SPLINE_CURVE_WITH_KNOTS('',2,(#1480,#1481,#1482),
  .UNSPECIFIED.,.F.,.F.,(3,3),(0.,1.),.PIECEWISE_BEZIER_KNOTS.);
#1480 = CARTESIAN_POINT('',(0.639767240102,-99.7811504049,79.59249365947
    ));
#1481 = CARTESIAN_POINT('',(0.701954986727,-99.7811504049,79.2503887417)
  );
#1482 = CARTESIAN_POINT('',(0.861907655953,-99.7811504049,
    78.877204412885));
#1483 = VECTOR('',#1484,1.);
#1484 = DIRECTION('',(-0.,1.,-1.110223024625E-16));
#1485 = DEFINITIONAL_REPRESENTATION('',(#1486),#1490);
#1486 = LINE('',#1487,#1488);
#1487 = CARTESIAN_POINT('',(0.,0.));
#1488 = VECTOR('',#1489,1.);
#1489 = DIRECTION('',(1.,0.));
#1490 = ( GEOMETRIC_REPRESENTATION_CONTEXT(2) 
PARAMETRIC_REPRESENTATION_CONTEXT() REPRESENTATION_CONTEXT('2D SPACE',''
  ) );
#1491 = ORIENTED_EDGE('',*,*,#1492,.T.);
#1492 = EDGE_CURVE('',#1463,#1493,#1495,.T.);
#1493 = VERTEX_POINT('',#1494);
#1494 = CARTESIAN_POINT('',(1.275094614341,-99.7811504049,
    78.224117375192));
#1495 = SURFACE_CURVE('',#1496,(#1500,#1507),.PCURVE_S1.);
#1496 = B_SPLINE_CURVE_WITH_KNOTS('',2,(#1497,#1498,#1499),
  .UNSPECIFIED.,.F.,.F.,(3,3),(0.,1.),.PIECEWISE_BEZIER_KNOTS.);
#1497 = CARTESIAN_POINT('',(0.861907655953,-99.7811504049,
    78.877204412885));
#1498 = CARTESIAN_POINT('',(1.021860325178,-99.7811504049,78.50402008407
    ));
#1499 = CARTESIAN_POINT('',(1.275094614341,-99.7811504049,
    78.224117375192));
#1500 = PCURVE('',#584,#1501);
#1501 = DEFINITIONAL_REPRESENTATION('',(#1502),#1506);
#1502 = B_SPLINE_CURVE_WITH_KNOTS('',2,(#1503,#1504,#1505),
  .UNSPECIFIED.,.F.,.F.,(3,3),(0.,1.),.PIECEWISE_BEZIER_KNOTS.);
#1503 = CARTESIAN_POINT('',(0.861907655953,-20.0281712157));
#1504 = CARTESIAN_POINT('',(1.021860325178,-20.40135554451));
#1505 = CARTESIAN_POINT('',(1.275094614341,-20.68125825339));
#1506 = ( GEOMETRIC_REPRESENTATION_CONTEXT(2) 
PARAMETRIC_REPRESENTATION_CONTEXT() REPRESENTATION_CONTEXT('2D SPACE',''
  ) );
#1507 = PCURVE('',#1508,#1515);
#1508 = SURFACE_OF_LINEAR_EXTRUSION('',#1509,#1513);
#1509 = B_SPLINE_CURVE_WITH_KNOTS('',2,(#1510,#1511,#1512),
  .UNSPECIFIED.,.F.,.F.,(3,3),(0.,1.),.PIECEWISE_BEZIER_KNOTS.);
#1510 = CARTESIAN_POINT('',(0.861907655953,-99.7811504049,
    78.877204412885));
#1511 = CARTESIAN_POINT('',(1.021860325178,-99.7811504049,78.50402008407
    ));
#1512 = CARTESIAN_POINT('',(1.275094614341,-99.7811504049,
    78.224117375192));
#1513 = VECTOR('',#1514,1.);
#1514 = DIRECTION('',(-0.,1.,-1.110223024625E-16));
#1515 = DEFINITIONAL_REPRESENTATION('',(#1516),#1520);
#1516 = LINE('',#1517,#1518);
#1517 = CARTESIAN_POINT('',(0.,0.));
#1518 = VECTOR('',#1519,1.);
#1519 = DIRECTION('',(1.,0.));
#1520 = ( GEOMETRIC_REPRESENTATION_CONTEXT(2) 
PARAMETRIC_REPRESENTATION_CONTEXT() REPRESENTATION_CONTEXT('2D SPACE',''
  ) );
#1521 = ORIENTED_EDGE('',*,*,#1522,.T.);
#1522 = EDGE_CURVE('',#1493,#1523,#1525,.T.);
#1523 = VERTEX_POINT('',#1524);
#1524 = CARTESIAN_POINT('',(1.945955777755,-99.7811504049,77.76206241777
    ));
#1525 = SURFACE_CURVE('',#1526,(#1530,#1537),.PCURVE_S1.);
#1526 = B_SPLINE_CURVE_WITH_KNOTS('',2,(#1527,#1528,#1529),
  .UNSPECIFIED.,.F.,.F.,(3,3),(0.,1.),.PIECEWISE_BEZIER_KNOTS.);
#1527 = CARTESIAN_POINT('',(1.275094614341,-99.7811504049,
    78.224117375192));
#1528 = CARTESIAN_POINT('',(1.528328903503,-99.7811504049,
    77.944214666314));
#1529 = CARTESIAN_POINT('',(1.945955777755,-99.7811504049,77.76206241777
    ));
#1530 = PCURVE('',#584,#1531);
#1531 = DEFINITIONAL_REPRESENTATION('',(#1532),#1536);
#1532 = B_SPLINE_CURVE_WITH_KNOTS('',2,(#1533,#1534,#1535),
  .UNSPECIFIED.,.F.,.F.,(3,3),(0.,1.),.PIECEWISE_BEZIER_KNOTS.);
#1533 = CARTESIAN_POINT('',(1.275094614341,-20.68125825339));
#1534 = CARTESIAN_POINT('',(1.528328903503,-20.96116096227));
#1535 = CARTESIAN_POINT('',(1.945955777755,-21.14331321081));
#1536 = ( GEOMETRIC_REPRESENTATION_CONTEXT(2) 
PARAMETRIC_REPRESENTATION_CONTEXT() REPRESENTATION_CONTEXT('2D SPACE',''
  ) );
#1537 = PCURVE('',#1538,#1545);
#1538 = SURFACE_OF_LINEAR_EXTRUSION('',#1539,#1543);
#1539 = B_SPLINE_CURVE_WITH_KNOTS('',2,(#1540,#1541,#1542),
  .UNSPECIFIED.,.F.,.F.,(3,3),(0.,1.),.PIECEWISE_BEZIER_KNOTS.);
#1540 = CARTESIAN_POINT('',(1.275094614341,-99.7811504049,
    78.224117375192));
#1541 = CARTESIAN_POINT('',(1.528328903503,-99.7811504049,
    77.944214666314));
#1542 = CARTESIAN_POINT('',(1.945955777755,-99.7811504049,77.76206241777
    ));
#1543 = VECTOR('',#1544,1.);
#1544 = DIRECTION('',(-0.,1.,-1.110223024625E-16));
#1545 = DEFINITIONAL_REPRESENTATION('',(#1546),#1550);
#1546 = LINE('',#1547,#1548);
#1547 = CARTESIAN_POINT('',(0.,0.));
#1548 = VECTOR('',#1549,1.);
#1549 = DIRECTION('',(1.,0.));
#1550 = ( GEOMETRIC_REPRESENTATION_CONTEXT(2) 
PARAMETRIC_REPRESENTATION_CONTEXT() REPRESENTATION_CONTEXT('2D SPACE',''
  ) );
#1551 = ORIENTED_EDGE('',*,*,#1552,.T.);
#1552 = EDGE_CURVE('',#1523,#1553,#1555,.T.);
#1553 = VERTEX_POINT('',#1554);
#1554 = CARTESIAN_POINT('',(2.896719650048,-99.7811504049,
    77.579910169226));
#1555 = SURFACE_CURVE('',#1556,(#1560,#1567),.PCURVE_S1.);
#1556 = B_SPLINE_CURVE_WITH_KNOTS('',2,(#1557,#1558,#1559),
  .UNSPECIFIED.,.F.,.F.,(3,3),(0.,1.),.PIECEWISE_BEZIER_KNOTS.);
#1557 = CARTESIAN_POINT('',(1.945955777755,-99.7811504049,77.76206241777
    ));
#1558 = CARTESIAN_POINT('',(2.363582652007,-99.7811504049,
    77.579910169226));
#1559 = CARTESIAN_POINT('',(2.896719650048,-99.7811504049,
    77.579910169226));
#1560 = PCURVE('',#584,#1561);
#1561 = DEFINITIONAL_REPRESENTATION('',(#1562),#1566);
#1562 = B_SPLINE_CURVE_WITH_KNOTS('',2,(#1563,#1564,#1565),
  .UNSPECIFIED.,.F.,.F.,(3,3),(0.,1.),.PIECEWISE_BEZIER_KNOTS.);
#1563 = CARTESIAN_POINT('',(1.945955777755,-21.14331321081));
#1564 = CARTESIAN_POINT('',(2.363582652007,-21.32546545936));
#1565 = CARTESIAN_POINT('',(2.896719650048,-21.32546545936));
#1566 = ( GEOMETRIC_REPRESENTATION_CONTEXT(2) 
PARAMETRIC_REPRESENTATION_CONTEXT() REPRESENTATION_CONTEXT('2D SPACE',''
  ) );
#1567 = PCURVE('',#1568,#1575);
#1568 = SURFACE_OF_LINEAR_EXTRUSION('',#1569,#1573);
#1569 = B_SPLINE_CURVE_WITH_KNOTS('',2,(#1570,#1571,#1572),
  .UNSPECIFIED.,.F.,.F.,(3,3),(0.,1.),.PIECEWISE_BEZIER_KNOTS.);
#1570 = CARTESIAN_POINT('',(1.945955777755,-99.7811504049,77.76206241777
    ));
#1571 = CARTESIAN_POINT('',(2.363582652007,-99.7811504049,
    77.579910169226));
#1572 = CARTESIAN_POINT('',(2.896719650048,-99.7811504049,
    77.579910169226));
#1573 = VECTOR('',#1574,1.);
#1574 = DIRECTION('',(-0.,1.,-1.110223024625E-16));
#1575 = DEFINITIONAL_REPRESENTATION('',(#1576),#1580);
#1576 = LINE('',#1577,#1578);
#1577 = CARTESIAN_POINT('',(0.,0.));
#1578 = VECTOR('',#1579,1.);
#1579 = DIRECTION('',(1.,0.));
#1580 = ( GEOMETRIC_REPRESENTATION_CONTEXT(2) 
PARAMETRIC_REPRESENTATION_CONTEXT() REPRESENTATION_CONTEXT('2D SPACE',''
  ) );
#1581 = ORIENTED_EDGE('',*,*,#1582,.T.);
#1582 = EDGE_CURVE('',#1553,#1583,#1585,.T.);
#1583 = VERTEX_POINT('',#1584);
#1584 = CARTESIAN_POINT('',(4.358406478796,-99.7811504049,
    78.139701124715));
#1585 = SURFACE_CURVE('',#1586,(#1590,#1597),.PCURVE_S1.);
#1586 = B_SPLINE_CURVE_WITH_KNOTS('',2,(#1587,#1588,#1589),
  .UNSPECIFIED.,.F.,.F.,(3,3),(0.,1.),.PIECEWISE_BEZIER_KNOTS.);
#1587 = CARTESIAN_POINT('',(2.896719650048,-99.7811504049,
    77.579910169226));
#1588 = CARTESIAN_POINT('',(3.785281313449,-99.7811504049,
    77.579910169226));
#1589 = CARTESIAN_POINT('',(4.358406478796,-99.7811504049,
    78.139701124715));
#1590 = PCURVE('',#584,#1591);
#1591 = DEFINITIONAL_REPRESENTATION('',(#1592),#1596);
#1592 = B_SPLINE_CURVE_WITH_KNOTS('',2,(#1593,#1594,#1595),
  .UNSPECIFIED.,.F.,.F.,(3,3),(0.,1.),.PIECEWISE_BEZIER_KNOTS.);
#1593 = CARTESIAN_POINT('',(2.896719650048,-21.32546545936));
#1594 = CARTESIAN_POINT('',(3.785281313449,-21.32546545936));
#1595 = CARTESIAN_POINT('',(4.358406478796,-20.76567450387));
#1596 = ( GEOMETRIC_REPRESENTATION_CONTEXT(2) 
PARAMETRIC_REPRESENTATION_CONTEXT() REPRESENTATION_CONTEXT('2D SPACE',''
  ) );
#1597 = PCURVE('',#1598,#1605);
#1598 = SURFACE_OF_LINEAR_EXTRUSION('',#1599,#1603);
#1599 = B_SPLINE_CURVE_WITH_KNOTS('',2,(#1600,#1601,#1602),
  .UNSPECIFIED.,.F.,.F.,(3,3),(0.,1.),.PIECEWISE_BEZIER_KNOTS.);
#1600 = CARTESIAN_POINT('',(2.896719650048,-99.7811504049,
    77.579910169226));
#1601 = CARTESIAN_POINT('',(3.785281313449,-99.7811504049,
    77.579910169226));
#1602 = CARTESIAN_POINT('',(4.358406478796,-99.7811504049,
    78.139701124715));
#1603 = VECTOR('',#1604,1.);
#1604 = DIRECTION('',(-0.,1.,-1.110223024625E-16));
#1605 = DEFINITIONAL_REPRESENTATION('',(#1606),#1610);
#1606 = LINE('',#1607,#1608);
#1607 = CARTESIAN_POINT('',(0.,0.));
#1608 = VECTOR('',#1609,1.);
#1609 = DIRECTION('',(1.,0.));
#1610 = ( GEOMETRIC_REPRESENTATION_CONTEXT(2) 
PARAMETRIC_REPRESENTATION_CONTEXT() REPRESENTATION_CONTEXT('2D SPACE',''
  ) );
#1611 = ORIENTED_EDGE('',*,*,#1612,.T.);
#1612 = EDGE_CURVE('',#1583,#1613,#1615,.T.);
#1613 = VERTEX_POINT('',#1614);
#1614 = CARTESIAN_POINT('',(4.931531644143,-99.7811504049,
    79.570294080151));
#1615 = SURFACE_CURVE('',#1616,(#1620,#1627),.PCURVE_S1.);
#1616 = B_SPLINE_CURVE_WITH_KNOTS('',2,(#1617,#1618,#1619),
  .UNSPECIFIED.,.F.,.F.,(3,3),(0.,1.),.PIECEWISE_BEZIER_KNOTS.);
#1617 = CARTESIAN_POINT('',(4.358406478796,-99.7811504049,
    78.139701124715));
#1618 = CARTESIAN_POINT('',(4.931531644143,-99.7811504049,
    78.699492080205));
#1619 = CARTESIAN_POINT('',(4.931531644143,-99.7811504049,
    79.570294080151));
#1620 = PCURVE('',#584,#1621);
#1621 = DEFINITIONAL_REPRESENTATION('',(#1622),#1626);
#1622 = B_SPLINE_CURVE_WITH_KNOTS('',2,(#1623,#1624,#1625),
  .UNSPECIFIED.,.F.,.F.,(3,3),(0.,1.),.PIECEWISE_BEZIER_KNOTS.);
#1623 = CARTESIAN_POINT('',(4.358406478796,-20.76567450387));
#1624 = CARTESIAN_POINT('',(4.931531644143,-20.20588354838));
#1625 = CARTESIAN_POINT('',(4.931531644143,-19.33508154843));
#1626 = ( GEOMETRIC_REPRESENTATION_CONTEXT(2) 
PARAMETRIC_REPRESENTATION_CONTEXT() REPRESENTATION_CONTEXT('2D SPACE',''
  ) );
#1627 = PCURVE('',#1628,#1635);
#1628 = SURFACE_OF_LINEAR_EXTRUSION('',#1629,#1633);
#1629 = B_SPLINE_CURVE_WITH_KNOTS('',2,(#1630,#1631,#1632),
  .UNSPECIFIED.,.F.,.F.,(3,3),(0.,1.),.PIECEWISE_BEZIER_KNOTS.);
#1630 = CARTESIAN_POINT('',(4.358406478796,-99.7811504049,
    78.139701124715));
#1631 = CARTESIAN_POINT('',(4.931531644143,-99.7811504049,
    78.699492080205));
#1632 = CARTESIAN_POINT('',(4.931531644143,-99.7811504049,
    79.570294080151));
#1633 = VECTOR('',#1634,1.);
#1634 = DIRECTION('',(-0.,1.,-1.110223024625E-16));
#1635 = DEFINITIONAL_REPRESENTATION('',(#1636),#1640);
#1636 = LINE('',#1637,#1638);
#1637 = CARTESIAN_POINT('',(0.,0.));
#1638 = VECTOR('',#1639,1.);
#1639 = DIRECTION('',(1.,0.));
#1640 = ( GEOMETRIC_REPRESENTATION_CONTEXT(2) 
PARAMETRIC_REPRESENTATION_CONTEXT() REPRESENTATION_CONTEXT('2D SPACE',''
  ) );
#1641 = ORIENTED_EDGE('',*,*,#1642,.T.);
#1642 = EDGE_CURVE('',#1613,#1643,#1645,.T.);
#1643 = VERTEX_POINT('',#1644);
#1644 = CARTESIAN_POINT('',(4.931531644143,-99.7811504049,
    79.748006412832));
#1645 = SURFACE_CURVE('',#1646,(#1650,#1657),.PCURVE_S1.);
#1646 = LINE('',#1647,#1648);
#1647 = CARTESIAN_POINT('',(4.931531644143,-99.7811504049,
    79.570294080151));
#1648 = VECTOR('',#1649,1.);
#1649 = DIRECTION('',(0.,1.110223024625E-16,1.));
#1650 = PCURVE('',#584,#1651);
#1651 = DEFINITIONAL_REPRESENTATION('',(#1652),#1656);
#1652 = LINE('',#1653,#1654);
#1653 = CARTESIAN_POINT('',(4.931531644143,-19.33508154843));
#1654 = VECTOR('',#1655,1.);
#1655 = DIRECTION('',(0.,1.));
#1656 = ( GEOMETRIC_REPRESENTATION_CONTEXT(2) 
PARAMETRIC_REPRESENTATION_CONTEXT() REPRESENTATION_CONTEXT('2D SPACE',''
  ) );
#1657 = PCURVE('',#1658,#1663);
#1658 = PLANE('',#1659);
#1659 = AXIS2_PLACEMENT_3D('',#1660,#1661,#1662);
#1660 = CARTESIAN_POINT('',(4.931531644143,-99.7811504049,
    79.570294080151));
#1661 = DIRECTION('',(-1.,0.,0.));
#1662 = DIRECTION('',(0.,1.110223024625E-16,1.));
#1663 = DEFINITIONAL_REPRESENTATION('',(#1664),#1668);
#1664 = LINE('',#1665,#1666);
#1665 = CARTESIAN_POINT('',(0.,0.));
#1666 = VECTOR('',#1667,1.);
#1667 = DIRECTION('',(1.,0.));
#1668 = ( GEOMETRIC_REPRESENTATION_CONTEXT(2) 
PARAMETRIC_REPRESENTATION_CONTEXT() REPRESENTATION_CONTEXT('2D SPACE',''
  ) );
#1669 = ORIENTED_EDGE('',*,*,#1670,.T.);
#1670 = EDGE_CURVE('',#1643,#1671,#1673,.T.);
#1671 = VERTEX_POINT('',#1672);
#1672 = CARTESIAN_POINT('',(2.958907396673,-99.7811504049,
    79.748006412832));
#1673 = SURFACE_CURVE('',#1674,(#1678,#1685),.PCURVE_S1.);
#1674 = LINE('',#1675,#1676);
#1675 = CARTESIAN_POINT('',(4.931531644143,-99.7811504049,
    79.748006412832));
#1676 = VECTOR('',#1677,1.);
#1677 = DIRECTION('',(-1.,0.,0.));
#1678 = PCURVE('',#584,#1679);
#1679 = DEFINITIONAL_REPRESENTATION('',(#1680),#1684);
#1680 = LINE('',#1681,#1682);
#1681 = CARTESIAN_POINT('',(4.931531644143,-19.15736921575));
#1682 = VECTOR('',#1683,1.);
#1683 = DIRECTION('',(-1.,0.));
#1684 = ( GEOMETRIC_REPRESENTATION_CONTEXT(2) 
PARAMETRIC_REPRESENTATION_CONTEXT() REPRESENTATION_CONTEXT('2D SPACE',''
  ) );
#1685 = PCURVE('',#1686,#1691);
#1686 = PLANE('',#1687);
#1687 = AXIS2_PLACEMENT_3D('',#1688,#1689,#1690);
#1688 = CARTESIAN_POINT('',(4.931531644143,-99.7811504049,
    79.748006412832));
#1689 = DIRECTION('',(0.,-1.110223024625E-16,-1.));
#1690 = DIRECTION('',(-1.,0.,0.));
#1691 = DEFINITIONAL_REPRESENTATION('',(#1692),#1696);
#1692 = LINE('',#1693,#1694);
#1693 = CARTESIAN_POINT('',(0.,-0.));
#1694 = VECTOR('',#1695,1.);
#1695 = DIRECTION('',(1.,0.));
#1696 = ( GEOMETRIC_REPRESENTATION_CONTEXT(2) 
PARAMETRIC_REPRESENTATION_CONTEXT() REPRESENTATION_CONTEXT('2D SPACE',''
  ) );
#1697 = ORIENTED_EDGE('',*,*,#1698,.T.);
#1698 = EDGE_CURVE('',#1671,#1699,#1701,.T.);
#1699 = VERTEX_POINT('',#1700);
#1700 = CARTESIAN_POINT('',(2.958907396673,-99.7811504049,
    80.476615407007));
#1701 = SURFACE_CURVE('',#1702,(#1706,#1713),.PCURVE_S1.);
#1702 = LINE('',#1703,#1704);
#1703 = CARTESIAN_POINT('',(2.958907396673,-99.7811504049,
    79.748006412832));
#1704 = VECTOR('',#1705,1.);
#1705 = DIRECTION('',(0.,1.110223024625E-16,1.));
#1706 = PCURVE('',#584,#1707);
#1707 = DEFINITIONAL_REPRESENTATION('',(#1708),#1712);
#1708 = LINE('',#1709,#1710);
#1709 = CARTESIAN_POINT('',(2.958907396673,-19.15736921575));
#1710 = VECTOR('',#1711,1.);
#1711 = DIRECTION('',(0.,1.));
#1712 = ( GEOMETRIC_REPRESENTATION_CONTEXT(2) 
PARAMETRIC_REPRESENTATION_CONTEXT() REPRESENTATION_CONTEXT('2D SPACE',''
  ) );
#1713 = PCURVE('',#1714,#1719);
#1714 = PLANE('',#1715);
#1715 = AXIS2_PLACEMENT_3D('',#1716,#1717,#1718);
#1716 = CARTESIAN_POINT('',(2.958907396673,-99.7811504049,
    79.748006412832));
#1717 = DIRECTION('',(-1.,0.,0.));
#1718 = DIRECTION('',(0.,1.110223024625E-16,1.));
#1719 = DEFINITIONAL_REPRESENTATION('',(#1720),#1724);
#1720 = LINE('',#1721,#1722);
#1721 = CARTESIAN_POINT('',(0.,0.));
#1722 = VECTOR('',#1723,1.);
#1723 = DIRECTION('',(1.,0.));
#1724 = ( GEOMETRIC_REPRESENTATION_CONTEXT(2) 
PARAMETRIC_REPRESENTATION_CONTEXT() REPRESENTATION_CONTEXT('2D SPACE',''
  ) );
#1725 = ORIENTED_EDGE('',*,*,#1726,.T.);
#1726 = EDGE_CURVE('',#1699,#1727,#1729,.T.);
#1727 = VERTEX_POINT('',#1728);
#1728 = CARTESIAN_POINT('',(5.660140638319,-99.7811504049,
    80.476615407007));
#1729 = SURFACE_CURVE('',#1730,(#1734,#1741),.PCURVE_S1.);
#1730 = LINE('',#1731,#1732);
#1731 = CARTESIAN_POINT('',(2.958907396673,-99.7811504049,
    80.476615407007));
#1732 = VECTOR('',#1733,1.);
#1733 = DIRECTION('',(1.,0.,0.));
#1734 = PCURVE('',#584,#1735);
#1735 = DEFINITIONAL_REPRESENTATION('',(#1736),#1740);
#1736 = LINE('',#1737,#1738);
#1737 = CARTESIAN_POINT('',(2.958907396673,-18.42876022158));
#1738 = VECTOR('',#1739,1.);
#1739 = DIRECTION('',(1.,0.));
#1740 = ( GEOMETRIC_REPRESENTATION_CONTEXT(2) 
PARAMETRIC_REPRESENTATION_CONTEXT() REPRESENTATION_CONTEXT('2D SPACE',''
  ) );
#1741 = PCURVE('',#1742,#1747);
#1742 = PLANE('',#1743);
#1743 = AXIS2_PLACEMENT_3D('',#1744,#1745,#1746);
#1744 = CARTESIAN_POINT('',(2.958907396673,-99.7811504049,
    80.476615407007));
#1745 = DIRECTION('',(0.,1.110223024625E-16,1.));
#1746 = DIRECTION('',(1.,0.,0.));
#1747 = DEFINITIONAL_REPRESENTATION('',(#1748),#1752);
#1748 = LINE('',#1749,#1750);
#1749 = CARTESIAN_POINT('',(0.,0.));
#1750 = VECTOR('',#1751,1.);
#1751 = DIRECTION('',(1.,0.));
#1752 = ( GEOMETRIC_REPRESENTATION_CONTEXT(2) 
PARAMETRIC_REPRESENTATION_CONTEXT() REPRESENTATION_CONTEXT('2D SPACE',''
  ) );
#1753 = ORIENTED_EDGE('',*,*,#1754,.T.);
#1754 = EDGE_CURVE('',#1727,#1755,#1757,.T.);
#1755 = VERTEX_POINT('',#1756);
#1756 = CARTESIAN_POINT('',(5.660140638319,-99.7811504049,77.02010475147
    ));
#1757 = SURFACE_CURVE('',#1758,(#1762,#1769),.PCURVE_S1.);
#1758 = LINE('',#1759,#1760);
#1759 = CARTESIAN_POINT('',(5.660140638319,-99.7811504049,
    80.476615407007));
#1760 = VECTOR('',#1761,1.);
#1761 = DIRECTION('',(0.,-1.110223024625E-16,-1.));
#1762 = PCURVE('',#584,#1763);
#1763 = DEFINITIONAL_REPRESENTATION('',(#1764),#1768);
#1764 = LINE('',#1765,#1766);
#1765 = CARTESIAN_POINT('',(5.660140638319,-18.42876022158));
#1766 = VECTOR('',#1767,1.);
#1767 = DIRECTION('',(0.,-1.));
#1768 = ( GEOMETRIC_REPRESENTATION_CONTEXT(2) 
PARAMETRIC_REPRESENTATION_CONTEXT() REPRESENTATION_CONTEXT('2D SPACE',''
  ) );
#1769 = PCURVE('',#1770,#1775);
#1770 = PLANE('',#1771);
#1771 = AXIS2_PLACEMENT_3D('',#1772,#1773,#1774);
#1772 = CARTESIAN_POINT('',(5.660140638319,-99.7811504049,
    80.476615407007));
#1773 = DIRECTION('',(1.,0.,0.));
#1774 = DIRECTION('',(0.,-1.110223024625E-16,-1.));
#1775 = DEFINITIONAL_REPRESENTATION('',(#1776),#1780);
#1776 = LINE('',#1777,#1778);
#1777 = CARTESIAN_POINT('',(0.,0.));
#1778 = VECTOR('',#1779,1.);
#1779 = DIRECTION('',(1.,0.));
#1780 = ( GEOMETRIC_REPRESENTATION_CONTEXT(2) 
PARAMETRIC_REPRESENTATION_CONTEXT() REPRESENTATION_CONTEXT('2D SPACE',''
  ) );
#1781 = ORIENTED_EDGE('',*,*,#1782,.T.);
#1782 = EDGE_CURVE('',#1755,#1783,#1785,.T.);
#1783 = VERTEX_POINT('',#1784);
#1784 = CARTESIAN_POINT('',(5.135883472006,-99.7811504049,77.02010475147
    ));
#1785 = SURFACE_CURVE('',#1786,(#1790,#1797),.PCURVE_S1.);
#1786 = LINE('',#1787,#1788);
#1787 = CARTESIAN_POINT('',(5.660140638319,-99.7811504049,77.02010475147
    ));
#1788 = VECTOR('',#1789,1.);
#1789 = DIRECTION('',(-1.,0.,0.));
#1790 = PCURVE('',#584,#1791);
#1791 = DEFINITIONAL_REPRESENTATION('',(#1792),#1796);
#1792 = LINE('',#1793,#1794);
#1793 = CARTESIAN_POINT('',(5.660140638319,-21.88527087711));
#1794 = VECTOR('',#1795,1.);
#1795 = DIRECTION('',(-1.,0.));
#1796 = ( GEOMETRIC_REPRESENTATION_CONTEXT(2) 
PARAMETRIC_REPRESENTATION_CONTEXT() REPRESENTATION_CONTEXT('2D SPACE',''
  ) );
#1797 = PCURVE('',#1798,#1803);
#1798 = PLANE('',#1799);
#1799 = AXIS2_PLACEMENT_3D('',#1800,#1801,#1802);
#1800 = CARTESIAN_POINT('',(5.660140638319,-99.7811504049,77.02010475147
    ));
#1801 = DIRECTION('',(0.,-1.110223024625E-16,-1.));
#1802 = DIRECTION('',(-1.,0.,0.));
#1803 = DEFINITIONAL_REPRESENTATION('',(#1804),#1808);
#1804 = LINE('',#1805,#1806);
#1805 = CARTESIAN_POINT('',(0.,-0.));
#1806 = VECTOR('',#1807,1.);
#1807 = DIRECTION('',(1.,0.));
#1808 = ( GEOMETRIC_REPRESENTATION_CONTEXT(2) 
PARAMETRIC_REPRESENTATION_CONTEXT() REPRESENTATION_CONTEXT('2D SPACE',''
  ) );
#1809 = ORIENTED_EDGE('',*,*,#1810,.T.);
#1810 = EDGE_CURVE('',#1783,#1811,#1813,.T.);
#1811 = VERTEX_POINT('',#1812);
#1812 = CARTESIAN_POINT('',(4.931531644143,-99.7811504049,
    77.882026919689));
#1813 = SURFACE_CURVE('',#1814,(#1818,#1825),.PCURVE_S1.);
#1814 = LINE('',#1815,#1816);
#1815 = CARTESIAN_POINT('',(5.135883472006,-99.7811504049,77.02010475147
    ));
#1816 = VECTOR('',#1817,1.);
#1817 = DIRECTION('',(-0.230693385488,1.080276419415E-16,0.973026495987)
  );
#1818 = PCURVE('',#584,#1819);
#1819 = DEFINITIONAL_REPRESENTATION('',(#1820),#1824);
#1820 = LINE('',#1821,#1822);
#1821 = CARTESIAN_POINT('',(5.135883472006,-21.88527087711));
#1822 = VECTOR('',#1823,1.);
#1823 = DIRECTION('',(-0.230693385488,0.973026495987));
#1824 = ( GEOMETRIC_REPRESENTATION_CONTEXT(2) 
PARAMETRIC_REPRESENTATION_CONTEXT() REPRESENTATION_CONTEXT('2D SPACE',''
  ) );
#1825 = PCURVE('',#1826,#1831);
#1826 = PLANE('',#1827);
#1827 = AXIS2_PLACEMENT_3D('',#1828,#1829,#1830);
#1828 = CARTESIAN_POINT('',(5.135883472006,-99.7811504049,77.02010475147
    ));
#1829 = DIRECTION('',(-0.973026495987,-2.561211081971E-17,
    -0.230693385488));
#1830 = DIRECTION('',(-0.230693385488,1.080276419415E-16,0.973026495987)
  );
#1831 = DEFINITIONAL_REPRESENTATION('',(#1832),#1836);
#1832 = LINE('',#1833,#1834);
#1833 = CARTESIAN_POINT('',(0.,0.));
#1834 = VECTOR('',#1835,1.);
#1835 = DIRECTION('',(1.,0.));
#1836 = ( GEOMETRIC_REPRESENTATION_CONTEXT(2) 
PARAMETRIC_REPRESENTATION_CONTEXT() REPRESENTATION_CONTEXT('2D SPACE',''
  ) );
#1837 = ORIENTED_EDGE('',*,*,#1838,.T.);
#1838 = EDGE_CURVE('',#1811,#1839,#1841,.T.);
#1839 = VERTEX_POINT('',#1840);
#1840 = CARTESIAN_POINT('',(2.719007317368,-99.7811504049,
    76.851272250517));
#1841 = SURFACE_CURVE('',#1842,(#1846,#1853),.PCURVE_S1.);
#1842 = B_SPLINE_CURVE_WITH_KNOTS('',2,(#1843,#1844,#1845),
  .UNSPECIFIED.,.F.,.F.,(3,3),(0.,1.),.PIECEWISE_BEZIER_KNOTS.);
#1843 = CARTESIAN_POINT('',(4.931531644143,-99.7811504049,
    77.882026919689));
#1844 = CARTESIAN_POINT('',(4.0074217293,-99.7811504049,76.851272250517)
  );
#1845 = CARTESIAN_POINT('',(2.719007317368,-99.7811504049,
    76.851272250517));
#1846 = PCURVE('',#584,#1847);
#1847 = DEFINITIONAL_REPRESENTATION('',(#1848),#1852);
#1848 = B_SPLINE_CURVE_WITH_KNOTS('',2,(#1849,#1850,#1851),
  .UNSPECIFIED.,.F.,.F.,(3,3),(0.,1.),.PIECEWISE_BEZIER_KNOTS.);
#1849 = CARTESIAN_POINT('',(4.931531644143,-21.0233487089));
#1850 = CARTESIAN_POINT('',(4.0074217293,-22.05410337807));
#1851 = CARTESIAN_POINT('',(2.719007317368,-22.05410337807));
#1852 = ( GEOMETRIC_REPRESENTATION_CONTEXT(2) 
PARAMETRIC_REPRESENTATION_CONTEXT() REPRESENTATION_CONTEXT('2D SPACE',''
  ) );
#1853 = PCURVE('',#1854,#1861);
#1854 = SURFACE_OF_LINEAR_EXTRUSION('',#1855,#1859);
#1855 = B_SPLINE_CURVE_WITH_KNOTS('',2,(#1856,#1857,#1858),
  .UNSPECIFIED.,.F.,.F.,(3,3),(0.,1.),.PIECEWISE_BEZIER_KNOTS.);
#1856 = CARTESIAN_POINT('',(4.931531644143,-99.7811504049,
    77.882026919689));
#1857 = CARTESIAN_POINT('',(4.0074217293,-99.7811504049,76.851272250517)
  );
#1858 = CARTESIAN_POINT('',(2.719007317368,-99.7811504049,
    76.851272250517));
#1859 = VECTOR('',#1860,1.);
#1860 = DIRECTION('',(-0.,1.,-1.110223024625E-16));
#1861 = DEFINITIONAL_REPRESENTATION('',(#1862),#1866);
#1862 = LINE('',#1863,#1864);
#1863 = CARTESIAN_POINT('',(0.,0.));
#1864 = VECTOR('',#1865,1.);
#1865 = DIRECTION('',(1.,0.));
#1866 = ( GEOMETRIC_REPRESENTATION_CONTEXT(2) 
PARAMETRIC_REPRESENTATION_CONTEXT() REPRESENTATION_CONTEXT('2D SPACE',''
  ) );
#1867 = ORIENTED_EDGE('',*,*,#1868,.T.);
#1868 = EDGE_CURVE('',#1839,#1869,#1871,.T.);
#1869 = VERTEX_POINT('',#1870);
#1870 = CARTESIAN_POINT('',(0.577565031211,-99.7811504049,
    77.793156291082));
#1871 = SURFACE_CURVE('',#1872,(#1876,#1883),.PCURVE_S1.);
#1872 = B_SPLINE_CURVE_WITH_KNOTS('',2,(#1873,#1874,#1875),
  .UNSPECIFIED.,.F.,.F.,(3,3),(0.,1.),.PIECEWISE_BEZIER_KNOTS.);
#1873 = CARTESIAN_POINT('',(2.719007317368,-99.7811504049,
    76.851272250517));
#1874 = CARTESIAN_POINT('',(1.403924485721,-99.7811504049,
    76.851272250517));
#1875 = CARTESIAN_POINT('',(0.577565031211,-99.7811504049,
    77.793156291082));
#1876 = PCURVE('',#584,#1877);
#1877 = DEFINITIONAL_REPRESENTATION('',(#1878),#1882);
#1878 = B_SPLINE_CURVE_WITH_KNOTS('',2,(#1879,#1880,#1881),
  .UNSPECIFIED.,.F.,.F.,(3,3),(0.,1.),.PIECEWISE_BEZIER_KNOTS.);
#1879 = CARTESIAN_POINT('',(2.719007317368,-22.05410337807));
#1880 = CARTESIAN_POINT('',(1.403924485721,-22.05410337807));
#1881 = CARTESIAN_POINT('',(0.577565031211,-21.1122193375));
#1882 = ( GEOMETRIC_REPRESENTATION_CONTEXT(2) 
PARAMETRIC_REPRESENTATION_CONTEXT() REPRESENTATION_CONTEXT('2D SPACE',''
  ) );
#1883 = PCURVE('',#1884,#1891);
#1884 = SURFACE_OF_LINEAR_EXTRUSION('',#1885,#1889);
#1885 = B_SPLINE_CURVE_WITH_KNOTS('',2,(#1886,#1887,#1888),
  .UNSPECIFIED.,.F.,.F.,(3,3),(0.,1.),.PIECEWISE_BEZIER_KNOTS.);
#1886 = CARTESIAN_POINT('',(2.719007317368,-99.7811504049,
    76.851272250517));
#1887 = CARTESIAN_POINT('',(1.403924485721,-99.7811504049,
    76.851272250517));
#1888 = CARTESIAN_POINT('',(0.577565031211,-99.7811504049,
    77.793156291082));
#1889 = VECTOR('',#1890,1.);
#1890 = DIRECTION('',(-0.,1.,-1.110223024625E-16));
#1891 = DEFINITIONAL_REPRESENTATION('',(#1892),#1896);
#1892 = LINE('',#1893,#1894);
#1893 = CARTESIAN_POINT('',(0.,0.));
#1894 = VECTOR('',#1895,1.);
#1895 = DIRECTION('',(1.,0.));
#1896 = ( GEOMETRIC_REPRESENTATION_CONTEXT(2) 
PARAMETRIC_REPRESENTATION_CONTEXT() REPRESENTATION_CONTEXT('2D SPACE',''
  ) );
#1897 = ORIENTED_EDGE('',*,*,#1898,.T.);
#1898 = EDGE_CURVE('',#1869,#1899,#1901,.T.);
#1899 = VERTEX_POINT('',#1900);
#1900 = CARTESIAN_POINT('',(-0.248794423299,-99.7811504049,
    80.227806571442));
#1901 = SURFACE_CURVE('',#1902,(#1906,#1913),.PCURVE_S1.);
#1902 = B_SPLINE_CURVE_WITH_KNOTS('',2,(#1903,#1904,#1905),
  .UNSPECIFIED.,.F.,.F.,(3,3),(0.,1.),.PIECEWISE_BEZIER_KNOTS.);
#1903 = CARTESIAN_POINT('',(0.577565031211,-99.7811504049,
    77.793156291082));
#1904 = CARTESIAN_POINT('',(-0.248794423299,-99.7811504049,
    78.735040331648));
#1905 = CARTESIAN_POINT('',(-0.248794423299,-99.7811504049,
    80.227806571442));
#1906 = PCURVE('',#584,#1907);
#1907 = DEFINITIONAL_REPRESENTATION('',(#1908),#1912);
#1908 = B_SPLINE_CURVE_WITH_KNOTS('',2,(#1909,#1910,#1911),
  .UNSPECIFIED.,.F.,.F.,(3,3),(0.,1.),.PIECEWISE_BEZIER_KNOTS.);
#1909 = CARTESIAN_POINT('',(0.577565031211,-21.1122193375));
#1910 = CARTESIAN_POINT('',(-0.248794423299,-20.17033529694));
#1911 = CARTESIAN_POINT('',(-0.248794423299,-18.67756905714));
#1912 = ( GEOMETRIC_REPRESENTATION_CONTEXT(2) 
PARAMETRIC_REPRESENTATION_CONTEXT() REPRESENTATION_CONTEXT('2D SPACE',''
  ) );
#1913 = PCURVE('',#1914,#1921);
#1914 = SURFACE_OF_LINEAR_EXTRUSION('',#1915,#1919);
#1915 = B_SPLINE_CURVE_WITH_KNOTS('',2,(#1916,#1917,#1918),
  .UNSPECIFIED.,.F.,.F.,(3,3),(0.,1.),.PIECEWISE_BEZIER_KNOTS.);
#1916 = CARTESIAN_POINT('',(0.577565031211,-99.7811504049,
    77.793156291082));
#1917 = CARTESIAN_POINT('',(-0.248794423299,-99.7811504049,
    78.735040331648));
#1918 = CARTESIAN_POINT('',(-0.248794423299,-99.7811504049,
    80.227806571442));
#1919 = VECTOR('',#1920,1.);
#1920 = DIRECTION('',(-0.,1.,-1.110223024625E-16));
#1921 = DEFINITIONAL_REPRESENTATION('',(#1922),#1926);
#1922 = LINE('',#1923,#1924);
#1923 = CARTESIAN_POINT('',(0.,0.));
#1924 = VECTOR('',#1925,1.);
#1925 = DIRECTION('',(1.,0.));
#1926 = ( GEOMETRIC_REPRESENTATION_CONTEXT(2) 
PARAMETRIC_REPRESENTATION_CONTEXT() REPRESENTATION_CONTEXT('2D SPACE',''
  ) );
#1927 = ORIENTED_EDGE('',*,*,#1928,.T.);
#1928 = EDGE_CURVE('',#1899,#1929,#1931,.T.);
#1929 = VERTEX_POINT('',#1930);
#1930 = CARTESIAN_POINT('',(-0.168818088686,-99.7811504049,
    81.08527436153));
#1931 = SURFACE_CURVE('',#1932,(#1936,#1943),.PCURVE_S1.);
#1932 = B_SPLINE_CURVE_WITH_KNOTS('',2,(#1933,#1934,#1935),
  .UNSPECIFIED.,.F.,.F.,(3,3),(0.,1.),.PIECEWISE_BEZIER_KNOTS.);
#1933 = CARTESIAN_POINT('',(-0.248794423299,-99.7811504049,
    80.227806571442));
#1934 = CARTESIAN_POINT('',(-0.248794423299,-99.7811504049,
    80.654327739688));
#1935 = CARTESIAN_POINT('',(-0.168818088686,-99.7811504049,
    81.08527436153));
#1936 = PCURVE('',#584,#1937);
#1937 = DEFINITIONAL_REPRESENTATION('',(#1938),#1942);
#1938 = B_SPLINE_CURVE_WITH_KNOTS('',2,(#1939,#1940,#1941),
  .UNSPECIFIED.,.F.,.F.,(3,3),(0.,1.),.PIECEWISE_BEZIER_KNOTS.);
#1939 = CARTESIAN_POINT('',(-0.248794423299,-18.67756905714));
#1940 = CARTESIAN_POINT('',(-0.248794423299,-18.2510478889));
#1941 = CARTESIAN_POINT('',(-0.168818088686,-17.82010126705));
#1942 = ( GEOMETRIC_REPRESENTATION_CONTEXT(2) 
PARAMETRIC_REPRESENTATION_CONTEXT() REPRESENTATION_CONTEXT('2D SPACE',''
  ) );
#1943 = PCURVE('',#1944,#1951);
#1944 = SURFACE_OF_LINEAR_EXTRUSION('',#1945,#1949);
#1945 = B_SPLINE_CURVE_WITH_KNOTS('',2,(#1946,#1947,#1948),
  .UNSPECIFIED.,.F.,.F.,(3,3),(0.,1.),.PIECEWISE_BEZIER_KNOTS.);
#1946 = CARTESIAN_POINT('',(-0.248794423299,-99.7811504049,
    80.227806571442));
#1947 = CARTESIAN_POINT('',(-0.248794423299,-99.7811504049,
    80.654327739688));
#1948 = CARTESIAN_POINT('',(-0.168818088686,-99.7811504049,
    81.08527436153));
#1949 = VECTOR('',#1950,1.);
#1950 = DIRECTION('',(-0.,1.,-1.110223024625E-16));
#1951 = DEFINITIONAL_REPRESENTATION('',(#1952),#1956);
#1952 = LINE('',#1953,#1954);
#1953 = CARTESIAN_POINT('',(0.,0.));
#1954 = VECTOR('',#1955,1.);
#1955 = DIRECTION('',(1.,0.));
#1956 = ( GEOMETRIC_REPRESENTATION_CONTEXT(2) 
PARAMETRIC_REPRESENTATION_CONTEXT() REPRESENTATION_CONTEXT('2D SPACE',''
  ) );
#1957 = ORIENTED_EDGE('',*,*,#1958,.T.);
#1958 = EDGE_CURVE('',#1929,#1959,#1961,.T.);
#1959 = VERTEX_POINT('',#1960);
#1960 = CARTESIAN_POINT('',(0.133298661777,-99.7811504049,
    81.987170234789));
#1961 = SURFACE_CURVE('',#1962,(#1966,#1973),.PCURVE_S1.);
#1962 = B_SPLINE_CURVE_WITH_KNOTS('',2,(#1963,#1964,#1965),
  .UNSPECIFIED.,.F.,.F.,(3,3),(0.,1.),.PIECEWISE_BEZIER_KNOTS.);
#1963 = CARTESIAN_POINT('',(-0.168818088686,-99.7811504049,
    81.08527436153));
#1964 = CARTESIAN_POINT('',(-8.884175407347E-02,-99.7811504049,
    81.516220983373));
#1965 = CARTESIAN_POINT('',(0.133298661777,-99.7811504049,
    81.987170234789));
#1966 = PCURVE('',#584,#1967);
#1967 = DEFINITIONAL_REPRESENTATION('',(#1968),#1972);
#1968 = B_SPLINE_CURVE_WITH_KNOTS('',2,(#1969,#1970,#1971),
  .UNSPECIFIED.,.F.,.F.,(3,3),(0.,1.),.PIECEWISE_BEZIER_KNOTS.);
#1969 = CARTESIAN_POINT('',(-0.168818088686,-17.82010126705));
#1970 = CARTESIAN_POINT('',(-8.884175407347E-02,-17.38915464521));
#1971 = CARTESIAN_POINT('',(0.133298661777,-16.91820539379));
#1972 = ( GEOMETRIC_REPRESENTATION_CONTEXT(2) 
PARAMETRIC_REPRESENTATION_CONTEXT() REPRESENTATION_CONTEXT('2D SPACE',''
  ) );
#1973 = PCURVE('',#1974,#1981);
#1974 = SURFACE_OF_LINEAR_EXTRUSION('',#1975,#1979);
#1975 = B_SPLINE_CURVE_WITH_KNOTS('',2,(#1976,#1977,#1978),
  .UNSPECIFIED.,.F.,.F.,(3,3),(0.,1.),.PIECEWISE_BEZIER_KNOTS.);
#1976 = CARTESIAN_POINT('',(-0.168818088686,-99.7811504049,
    81.08527436153));
#1977 = CARTESIAN_POINT('',(-8.884175407347E-02,-99.7811504049,
    81.516220983373));
#1978 = CARTESIAN_POINT('',(0.133298661777,-99.7811504049,
    81.987170234789));
#1979 = VECTOR('',#1980,1.);
#1980 = DIRECTION('',(-0.,1.,-1.110223024625E-16));
#1981 = DEFINITIONAL_REPRESENTATION('',(#1982),#1986);
#1982 = LINE('',#1983,#1984);
#1983 = CARTESIAN_POINT('',(0.,0.));
#1984 = VECTOR('',#1985,1.);
#1985 = DIRECTION('',(1.,0.));
#1986 = ( GEOMETRIC_REPRESENTATION_CONTEXT(2) 
PARAMETRIC_REPRESENTATION_CONTEXT() REPRESENTATION_CONTEXT('2D SPACE',''
  ) );
#1987 = ORIENTED_EDGE('',*,*,#1988,.T.);
#1988 = EDGE_CURVE('',#1959,#1989,#1991,.T.);
#1989 = VERTEX_POINT('',#1990);
#1990 = CARTESIAN_POINT('',(0.688649701403,-99.7811504049,
    82.813544151566));
#1991 = SURFACE_CURVE('',#1992,(#1996,#2003),.PCURVE_S1.);
#1992 = B_SPLINE_CURVE_WITH_KNOTS('',2,(#1993,#1994,#1995),
  .UNSPECIFIED.,.F.,.F.,(3,3),(0.,1.),.PIECEWISE_BEZIER_KNOTS.);
#1993 = CARTESIAN_POINT('',(0.133298661777,-99.7811504049,
    81.987170234789));
#1994 = CARTESIAN_POINT('',(0.355439077627,-99.7811504049,
    82.458119486205));
#1995 = CARTESIAN_POINT('',(0.688649701403,-99.7811504049,
    82.813544151566));
#1996 = PCURVE('',#584,#1997);
#1997 = DEFINITIONAL_REPRESENTATION('',(#1998),#2002);
#1998 = B_SPLINE_CURVE_WITH_KNOTS('',2,(#1999,#2000,#2001),
  .UNSPECIFIED.,.F.,.F.,(3,3),(0.,1.),.PIECEWISE_BEZIER_KNOTS.);
#1999 = CARTESIAN_POINT('',(0.133298661777,-16.91820539379));
#2000 = CARTESIAN_POINT('',(0.355439077627,-16.44725614238));
#2001 = CARTESIAN_POINT('',(0.688649701403,-16.09183147702));
#2002 = ( GEOMETRIC_REPRESENTATION_CONTEXT(2) 
PARAMETRIC_REPRESENTATION_CONTEXT() REPRESENTATION_CONTEXT('2D SPACE',''
  ) );
#2003 = PCURVE('',#2004,#2011);
#2004 = SURFACE_OF_LINEAR_EXTRUSION('',#2005,#2009);
#2005 = B_SPLINE_CURVE_WITH_KNOTS('',2,(#2006,#2007,#2008),
  .UNSPECIFIED.,.F.,.F.,(3,3),(0.,1.),.PIECEWISE_BEZIER_KNOTS.);
#2006 = CARTESIAN_POINT('',(0.133298661777,-99.7811504049,
    81.987170234789));
#2007 = CARTESIAN_POINT('',(0.355439077627,-99.7811504049,
    82.458119486205));
#2008 = CARTESIAN_POINT('',(0.688649701403,-99.7811504049,
    82.813544151566));
#2009 = VECTOR('',#2010,1.);
#2010 = DIRECTION('',(-0.,1.,-1.110223024625E-16));
#2011 = DEFINITIONAL_REPRESENTATION('',(#2012),#2016);
#2012 = LINE('',#2013,#2014);
#2013 = CARTESIAN_POINT('',(0.,0.));
#2014 = VECTOR('',#2015,1.);
#2015 = DIRECTION('',(1.,0.));
#2016 = ( GEOMETRIC_REPRESENTATION_CONTEXT(2) 
PARAMETRIC_REPRESENTATION_CONTEXT() REPRESENTATION_CONTEXT('2D SPACE',''
  ) );
#2017 = ORIENTED_EDGE('',*,*,#2018,.T.);
#2018 = EDGE_CURVE('',#1989,#2019,#2021,.T.);
#2019 = VERTEX_POINT('',#2020);
#2020 = CARTESIAN_POINT('',(1.586091196531,-99.7811504049,
    83.404428980368));
#2021 = SURFACE_CURVE('',#2022,(#2026,#2033),.PCURVE_S1.);
#2022 = B_SPLINE_CURVE_WITH_KNOTS('',2,(#2023,#2024,#2025),
  .UNSPECIFIED.,.F.,.F.,(3,3),(0.,1.),.PIECEWISE_BEZIER_KNOTS.);
#2023 = CARTESIAN_POINT('',(0.688649701403,-99.7811504049,
    82.813544151566));
#2024 = CARTESIAN_POINT('',(1.021860325178,-99.7811504049,
    83.168968816926));
#2025 = CARTESIAN_POINT('',(1.586091196531,-99.7811504049,
    83.404428980368));
#2026 = PCURVE('',#584,#2027);
#2027 = DEFINITIONAL_REPRESENTATION('',(#2028),#2032);
#2028 = B_SPLINE_CURVE_WITH_KNOTS('',2,(#2029,#2030,#2031),
  .UNSPECIFIED.,.F.,.F.,(3,3),(0.,1.),.PIECEWISE_BEZIER_KNOTS.);
#2029 = CARTESIAN_POINT('',(0.688649701403,-16.09183147702));
#2030 = CARTESIAN_POINT('',(1.021860325178,-15.73640681166));
#2031 = CARTESIAN_POINT('',(1.586091196531,-15.50094664822));
#2032 = ( GEOMETRIC_REPRESENTATION_CONTEXT(2) 
PARAMETRIC_REPRESENTATION_CONTEXT() REPRESENTATION_CONTEXT('2D SPACE',''
  ) );
#2033 = PCURVE('',#2034,#2041);
#2034 = SURFACE_OF_LINEAR_EXTRUSION('',#2035,#2039);
#2035 = B_SPLINE_CURVE_WITH_KNOTS('',2,(#2036,#2037,#2038),
  .UNSPECIFIED.,.F.,.F.,(3,3),(0.,1.),.PIECEWISE_BEZIER_KNOTS.);
#2036 = CARTESIAN_POINT('',(0.688649701403,-99.7811504049,
    82.813544151566));
#2037 = CARTESIAN_POINT('',(1.021860325178,-99.7811504049,
    83.168968816926));
#2038 = CARTESIAN_POINT('',(1.586091196531,-99.7811504049,
    83.404428980368));
#2039 = VECTOR('',#2040,1.);
#2040 = DIRECTION('',(-0.,1.,-1.110223024625E-16));
#2041 = DEFINITIONAL_REPRESENTATION('',(#2042),#2046);
#2042 = LINE('',#2043,#2044);
#2043 = CARTESIAN_POINT('',(0.,0.));
#2044 = VECTOR('',#2045,1.);
#2045 = DIRECTION('',(1.,0.));
#2046 = ( GEOMETRIC_REPRESENTATION_CONTEXT(2) 
PARAMETRIC_REPRESENTATION_CONTEXT() REPRESENTATION_CONTEXT('2D SPACE',''
  ) );
#2047 = ORIENTED_EDGE('',*,*,#2048,.T.);
#2048 = EDGE_CURVE('',#2019,#2049,#2051,.T.);
#2049 = VERTEX_POINT('',#2050);
#2050 = CARTESIAN_POINT('',(2.861171398605,-99.7811504049,
    83.639889143809));
#2051 = SURFACE_CURVE('',#2052,(#2056,#2063),.PCURVE_S1.);
#2052 = B_SPLINE_CURVE_WITH_KNOTS('',2,(#2053,#2054,#2055),
  .UNSPECIFIED.,.F.,.F.,(3,3),(0.,1.),.PIECEWISE_BEZIER_KNOTS.);
#2053 = CARTESIAN_POINT('',(1.586091196531,-99.7811504049,
    83.404428980368));
#2054 = CARTESIAN_POINT('',(2.150322067884,-99.7811504049,
    83.639889143809));
#2055 = CARTESIAN_POINT('',(2.861171398605,-99.7811504049,
    83.639889143809));
#2056 = PCURVE('',#584,#2057);
#2057 = DEFINITIONAL_REPRESENTATION('',(#2058),#2062);
#2058 = B_SPLINE_CURVE_WITH_KNOTS('',2,(#2059,#2060,#2061),
  .UNSPECIFIED.,.F.,.F.,(3,3),(0.,1.),.PIECEWISE_BEZIER_KNOTS.);
#2059 = CARTESIAN_POINT('',(1.586091196531,-15.50094664822));
#2060 = CARTESIAN_POINT('',(2.150322067884,-15.26548648478));
#2061 = CARTESIAN_POINT('',(2.861171398605,-15.26548648478));
#2062 = ( GEOMETRIC_REPRESENTATION_CONTEXT(2) 
PARAMETRIC_REPRESENTATION_CONTEXT() REPRESENTATION_CONTEXT('2D SPACE',''
  ) );
#2063 = PCURVE('',#2064,#2071);
#2064 = SURFACE_OF_LINEAR_EXTRUSION('',#2065,#2069);
#2065 = B_SPLINE_CURVE_WITH_KNOTS('',2,(#2066,#2067,#2068),
  .UNSPECIFIED.,.F.,.F.,(3,3),(0.,1.),.PIECEWISE_BEZIER_KNOTS.);
#2066 = CARTESIAN_POINT('',(1.586091196531,-99.7811504049,
    83.404428980368));
#2067 = CARTESIAN_POINT('',(2.150322067884,-99.7811504049,
    83.639889143809));
#2068 = CARTESIAN_POINT('',(2.861171398605,-99.7811504049,
    83.639889143809));
#2069 = VECTOR('',#2070,1.);
#2070 = DIRECTION('',(-0.,1.,-1.110223024625E-16));
#2071 = DEFINITIONAL_REPRESENTATION('',(#2072),#2076);
#2072 = LINE('',#2073,#2074);
#2073 = CARTESIAN_POINT('',(0.,0.));
#2074 = VECTOR('',#2075,1.);
#2075 = DIRECTION('',(1.,0.));
#2076 = ( GEOMETRIC_REPRESENTATION_CONTEXT(2) 
PARAMETRIC_REPRESENTATION_CONTEXT() REPRESENTATION_CONTEXT('2D SPACE',''
  ) );
#2077 = ORIENTED_EDGE('',*,*,#2078,.T.);
#2078 = EDGE_CURVE('',#2049,#2079,#2081,.T.);
#2079 = VERTEX_POINT('',#2080);
#2080 = CARTESIAN_POINT('',(4.687162724441,-99.7811504049,
    83.097872314041));
#2081 = SURFACE_CURVE('',#2082,(#2086,#2093),.PCURVE_S1.);
#2082 = B_SPLINE_CURVE_WITH_KNOTS('',2,(#2083,#2084,#2085),
  .UNSPECIFIED.,.F.,.F.,(3,3),(0.,1.),.PIECEWISE_BEZIER_KNOTS.);
#2083 = CARTESIAN_POINT('',(2.861171398605,-99.7811504049,
    83.639889143809));
#2084 = CARTESIAN_POINT('',(3.971873477857,-99.7811504049,
    83.639889143809));
#2085 = CARTESIAN_POINT('',(4.687162724441,-99.7811504049,
    83.097872314041));
#2086 = PCURVE('',#584,#2087);
#2087 = DEFINITIONAL_REPRESENTATION('',(#2088),#2092);
#2088 = B_SPLINE_CURVE_WITH_KNOTS('',2,(#2089,#2090,#2091),
  .UNSPECIFIED.,.F.,.F.,(3,3),(0.,1.),.PIECEWISE_BEZIER_KNOTS.);
#2089 = CARTESIAN_POINT('',(2.861171398605,-15.26548648478));
#2090 = CARTESIAN_POINT('',(3.971873477857,-15.26548648478));
#2091 = CARTESIAN_POINT('',(4.687162724441,-15.80750331454));
#2092 = ( GEOMETRIC_REPRESENTATION_CONTEXT(2) 
PARAMETRIC_REPRESENTATION_CONTEXT() REPRESENTATION_CONTEXT('2D SPACE',''
  ) );
#2093 = PCURVE('',#2094,#2101);
#2094 = SURFACE_OF_LINEAR_EXTRUSION('',#2095,#2099);
#2095 = B_SPLINE_CURVE_WITH_KNOTS('',2,(#2096,#2097,#2098),
  .UNSPECIFIED.,.F.,.F.,(3,3),(0.,1.),.PIECEWISE_BEZIER_KNOTS.);
#2096 = CARTESIAN_POINT('',(2.861171398605,-99.7811504049,
    83.639889143809));
#2097 = CARTESIAN_POINT('',(3.971873477857,-99.7811504049,
    83.639889143809));
#2098 = CARTESIAN_POINT('',(4.687162724441,-99.7811504049,
    83.097872314041));
#2099 = VECTOR('',#2100,1.);
#2100 = DIRECTION('',(-0.,1.,-1.110223024625E-16));
#2101 = DEFINITIONAL_REPRESENTATION('',(#2102),#2106);
#2102 = LINE('',#2103,#2104);
#2103 = CARTESIAN_POINT('',(0.,0.));
#2104 = VECTOR('',#2105,1.);
#2105 = DIRECTION('',(1.,0.));
#2106 = ( GEOMETRIC_REPRESENTATION_CONTEXT(2) 
PARAMETRIC_REPRESENTATION_CONTEXT() REPRESENTATION_CONTEXT('2D SPACE',''
  ) );
#2107 = ORIENTED_EDGE('',*,*,#2108,.T.);
#2108 = EDGE_CURVE('',#2079,#2109,#2111,.T.);
#2109 = VERTEX_POINT('',#2110);
#2110 = CARTESIAN_POINT('',(5.571284471979,-99.7811504049,
    81.569557822804));
#2111 = SURFACE_CURVE('',#2112,(#2116,#2123),.PCURVE_S1.);
#2112 = B_SPLINE_CURVE_WITH_KNOTS('',2,(#2113,#2114,#2115),
  .UNSPECIFIED.,.F.,.F.,(3,3),(0.,1.),.PIECEWISE_BEZIER_KNOTS.);
#2113 = CARTESIAN_POINT('',(4.687162724441,-99.7811504049,
    83.097872314041));
#2114 = CARTESIAN_POINT('',(5.402451971026,-99.7811504049,
    82.555855484273));
#2115 = CARTESIAN_POINT('',(5.571284471979,-99.7811504049,
    81.569557822804));
#2116 = PCURVE('',#584,#2117);
#2117 = DEFINITIONAL_REPRESENTATION('',(#2118),#2122);
#2118 = B_SPLINE_CURVE_WITH_KNOTS('',2,(#2119,#2120,#2121),
  .UNSPECIFIED.,.F.,.F.,(3,3),(0.,1.),.PIECEWISE_BEZIER_KNOTS.);
#2119 = CARTESIAN_POINT('',(4.687162724441,-15.80750331454));
#2120 = CARTESIAN_POINT('',(5.402451971026,-16.34952014431));
#2121 = CARTESIAN_POINT('',(5.571284471979,-17.33581780578));
#2122 = ( GEOMETRIC_REPRESENTATION_CONTEXT(2) 
PARAMETRIC_REPRESENTATION_CONTEXT() REPRESENTATION_CONTEXT('2D SPACE',''
  ) );
#2123 = PCURVE('',#2124,#2131);
#2124 = SURFACE_OF_LINEAR_EXTRUSION('',#2125,#2129);
#2125 = B_SPLINE_CURVE_WITH_KNOTS('',2,(#2126,#2127,#2128),
  .UNSPECIFIED.,.F.,.F.,(3,3),(0.,1.),.PIECEWISE_BEZIER_KNOTS.);
#2126 = CARTESIAN_POINT('',(4.687162724441,-99.7811504049,
    83.097872314041));
#2127 = CARTESIAN_POINT('',(5.402451971026,-99.7811504049,
    82.555855484273));
#2128 = CARTESIAN_POINT('',(5.571284471979,-99.7811504049,
    81.569557822804));
#2129 = VECTOR('',#2130,1.);
#2130 = DIRECTION('',(-0.,1.,-1.110223024625E-16));
#2131 = DEFINITIONAL_REPRESENTATION('',(#2132),#2136);
#2132 = LINE('',#2133,#2134);
#2133 = CARTESIAN_POINT('',(0.,0.));
#2134 = VECTOR('',#2135,1.);
#2135 = DIRECTION('',(1.,0.));
#2136 = ( GEOMETRIC_REPRESENTATION_CONTEXT(2) 
PARAMETRIC_REPRESENTATION_CONTEXT() REPRESENTATION_CONTEXT('2D SPACE',''
  ) );
#2137 = ORIENTED_EDGE('',*,*,#2138,.T.);
#2138 = EDGE_CURVE('',#2109,#2139,#2141,.T.);
#2139 = VERTEX_POINT('',#2140);
#2140 = CARTESIAN_POINT('',(4.727150891748,-99.7811504049,
    81.569557822804));
#2141 = SURFACE_CURVE('',#2142,(#2146,#2153),.PCURVE_S1.);
#2142 = LINE('',#2143,#2144);
#2143 = CARTESIAN_POINT('',(5.571284471979,-99.7811504049,
    81.569557822804));
#2144 = VECTOR('',#2145,1.);
#2145 = DIRECTION('',(-1.,0.,0.));
#2146 = PCURVE('',#584,#2147);
#2147 = DEFINITIONAL_REPRESENTATION('',(#2148),#2152);
#2148 = LINE('',#2149,#2150);
#2149 = CARTESIAN_POINT('',(5.571284471979,-17.33581780578));
#2150 = VECTOR('',#2151,1.);
#2151 = DIRECTION('',(-1.,0.));
#2152 = ( GEOMETRIC_REPRESENTATION_CONTEXT(2) 
PARAMETRIC_REPRESENTATION_CONTEXT() REPRESENTATION_CONTEXT('2D SPACE',''
  ) );
#2153 = PCURVE('',#2154,#2159);
#2154 = PLANE('',#2155);
#2155 = AXIS2_PLACEMENT_3D('',#2156,#2157,#2158);
#2156 = CARTESIAN_POINT('',(5.571284471979,-99.7811504049,
    81.569557822804));
#2157 = DIRECTION('',(0.,-1.110223024625E-16,-1.));
#2158 = DIRECTION('',(-1.,0.,0.));
#2159 = DEFINITIONAL_REPRESENTATION('',(#2160),#2164);
#2160 = LINE('',#2161,#2162);
#2161 = CARTESIAN_POINT('',(0.,-0.));
#2162 = VECTOR('',#2163,1.);
#2163 = DIRECTION('',(1.,0.));
#2164 = ( GEOMETRIC_REPRESENTATION_CONTEXT(2) 
PARAMETRIC_REPRESENTATION_CONTEXT() REPRESENTATION_CONTEXT('2D SPACE',''
  ) );
#2165 = ORIENTED_EDGE('',*,*,#2166,.T.);
#2166 = EDGE_CURVE('',#2139,#2167,#2169,.T.);
#2167 = VERTEX_POINT('',#2168);
#2168 = CARTESIAN_POINT('',(4.091823517509,-99.7811504049,
    82.551415568409));
#2169 = SURFACE_CURVE('',#2170,(#2174,#2181),.PCURVE_S1.);
#2170 = B_SPLINE_CURVE_WITH_KNOTS('',2,(#2171,#2172,#2173),
  .UNSPECIFIED.,.F.,.F.,(3,3),(0.,1.),.PIECEWISE_BEZIER_KNOTS.);
#2171 = CARTESIAN_POINT('',(4.727150891748,-99.7811504049,
    81.569557822804));
#2172 = CARTESIAN_POINT('',(4.593866642238,-99.7811504049,
    82.191550987185));
#2173 = CARTESIAN_POINT('',(4.091823517509,-99.7811504049,
    82.551415568409));
#2174 = PCURVE('',#584,#2175);
#2175 = DEFINITIONAL_REPRESENTATION('',(#2176),#2180);
#2176 = B_SPLINE_CURVE_WITH_KNOTS('',2,(#2177,#2178,#2179),
  .UNSPECIFIED.,.F.,.F.,(3,3),(0.,1.),.PIECEWISE_BEZIER_KNOTS.);
#2177 = CARTESIAN_POINT('',(4.727150891748,-17.33581780578));
#2178 = CARTESIAN_POINT('',(4.593866642238,-16.7138246414));
#2179 = CARTESIAN_POINT('',(4.091823517509,-16.35396006018));
#2180 = ( GEOMETRIC_REPRESENTATION_CONTEXT(2) 
PARAMETRIC_REPRESENTATION_CONTEXT() REPRESENTATION_CONTEXT('2D SPACE',''
  ) );
#2181 = PCURVE('',#2182,#2189);
#2182 = SURFACE_OF_LINEAR_EXTRUSION('',#2183,#2187);
#2183 = B_SPLINE_CURVE_WITH_KNOTS('',2,(#2184,#2185,#2186),
  .UNSPECIFIED.,.F.,.F.,(3,3),(0.,1.),.PIECEWISE_BEZIER_KNOTS.);
#2184 = CARTESIAN_POINT('',(4.727150891748,-99.7811504049,
    81.569557822804));
#2185 = CARTESIAN_POINT('',(4.593866642238,-99.7811504049,
    82.191550987185));
#2186 = CARTESIAN_POINT('',(4.091823517509,-99.7811504049,
    82.551415568409));
#2187 = VECTOR('',#2188,1.);
#2188 = DIRECTION('',(-0.,1.,-1.110223024625E-16));
#2189 = DEFINITIONAL_REPRESENTATION('',(#2190),#2194);
#2190 = LINE('',#2191,#2192);
#2191 = CARTESIAN_POINT('',(0.,0.));
#2192 = VECTOR('',#2193,1.);
#2193 = DIRECTION('',(1.,0.));
#2194 = ( GEOMETRIC_REPRESENTATION_CONTEXT(2) 
PARAMETRIC_REPRESENTATION_CONTEXT() REPRESENTATION_CONTEXT('2D SPACE',''
  ) );
#2195 = ORIENTED_EDGE('',*,*,#2196,.T.);
#2196 = EDGE_CURVE('',#2167,#2197,#2199,.T.);
#2197 = VERTEX_POINT('',#2198);
#2198 = CARTESIAN_POINT('',(2.852291566878,-99.7811504049,
    82.911280149633));
#2199 = SURFACE_CURVE('',#2200,(#2204,#2211),.PCURVE_S1.);
#2200 = B_SPLINE_CURVE_WITH_KNOTS('',2,(#2201,#2202,#2203),
  .UNSPECIFIED.,.F.,.F.,(3,3),(0.,1.),.PIECEWISE_BEZIER_KNOTS.);
#2201 = CARTESIAN_POINT('',(4.091823517509,-99.7811504049,
    82.551415568409));
#2202 = CARTESIAN_POINT('',(3.589780392781,-99.7811504049,
    82.911280149633));
#2203 = CARTESIAN_POINT('',(2.852291566878,-99.7811504049,
    82.911280149633));
#2204 = PCURVE('',#584,#2205);
#2205 = DEFINITIONAL_REPRESENTATION('',(#2206),#2210);
#2206 = B_SPLINE_CURVE_WITH_KNOTS('',2,(#2207,#2208,#2209),
  .UNSPECIFIED.,.F.,.F.,(3,3),(0.,1.),.PIECEWISE_BEZIER_KNOTS.);
#2207 = CARTESIAN_POINT('',(4.091823517509,-16.35396006018));
#2208 = CARTESIAN_POINT('',(3.589780392781,-15.99409547895));
#2209 = CARTESIAN_POINT('',(2.852291566878,-15.99409547895));
#2210 = ( GEOMETRIC_REPRESENTATION_CONTEXT(2) 
PARAMETRIC_REPRESENTATION_CONTEXT() REPRESENTATION_CONTEXT('2D SPACE',''
  ) );
#2211 = PCURVE('',#2212,#2219);
#2212 = SURFACE_OF_LINEAR_EXTRUSION('',#2213,#2217);
#2213 = B_SPLINE_CURVE_WITH_KNOTS('',2,(#2214,#2215,#2216),
  .UNSPECIFIED.,.F.,.F.,(3,3),(0.,1.),.PIECEWISE_BEZIER_KNOTS.);
#2214 = CARTESIAN_POINT('',(4.091823517509,-99.7811504049,
    82.551415568409));
#2215 = CARTESIAN_POINT('',(3.589780392781,-99.7811504049,
    82.911280149633));
#2216 = CARTESIAN_POINT('',(2.852291566878,-99.7811504049,
    82.911280149633));
#2217 = VECTOR('',#2218,1.);
#2218 = DIRECTION('',(-0.,1.,-1.110223024625E-16));
#2219 = DEFINITIONAL_REPRESENTATION('',(#2220),#2224);
#2220 = LINE('',#2221,#2222);
#2221 = CARTESIAN_POINT('',(0.,0.));
#2222 = VECTOR('',#2223,1.);
#2223 = DIRECTION('',(1.,0.));
#2224 = ( GEOMETRIC_REPRESENTATION_CONTEXT(2) 
PARAMETRIC_REPRESENTATION_CONTEXT() REPRESENTATION_CONTEXT('2D SPACE',''
  ) );
#2225 = ORIENTED_EDGE('',*,*,#2226,.T.);
#2226 = EDGE_CURVE('',#2197,#1401,#2227,.T.);
#2227 = SURFACE_CURVE('',#2228,(#2232,#2239),.PCURVE_S1.);
#2228 = B_SPLINE_CURVE_WITH_KNOTS('',2,(#2229,#2230,#2231),
  .UNSPECIFIED.,.F.,.F.,(3,3),(0.,1.),.PIECEWISE_BEZIER_KNOTS.);
#2229 = CARTESIAN_POINT('',(2.852291566878,-99.7811504049,
    82.911280149633));
#2230 = CARTESIAN_POINT('',(1.821565822239,-99.7811504049,
    82.911280149633));
#2231 = CARTESIAN_POINT('',(1.199572657858,-99.7811504049,
    82.187096609055));
#2232 = PCURVE('',#584,#2233);
#2233 = DEFINITIONAL_REPRESENTATION('',(#2234),#2238);
#2234 = B_SPLINE_CURVE_WITH_KNOTS('',2,(#2235,#2236,#2237),
  .UNSPECIFIED.,.F.,.F.,(3,3),(0.,1.),.PIECEWISE_BEZIER_KNOTS.);
#2235 = CARTESIAN_POINT('',(2.852291566878,-15.99409547895));
#2236 = CARTESIAN_POINT('',(1.821565822239,-15.99409547895));
#2237 = CARTESIAN_POINT('',(1.199572657858,-16.71827901953));
#2238 = ( GEOMETRIC_REPRESENTATION_CONTEXT(2) 
PARAMETRIC_REPRESENTATION_CONTEXT() REPRESENTATION_CONTEXT('2D SPACE',''
  ) );
#2239 = PCURVE('',#2240,#2247);
#2240 = SURFACE_OF_LINEAR_EXTRUSION('',#2241,#2245);
#2241 = B_SPLINE_CURVE_WITH_KNOTS('',2,(#2242,#2243,#2244),
  .UNSPECIFIED.,.F.,.F.,(3,3),(0.,1.),.PIECEWISE_BEZIER_KNOTS.);
#2242 = CARTESIAN_POINT('',(2.852291566878,-99.7811504049,
    82.911280149633));
#2243 = CARTESIAN_POINT('',(1.821565822239,-99.7811504049,
    82.911280149633));
#2244 = CARTESIAN_POINT('',(1.199572657858,-99.7811504049,
    82.187096609055));
#2245 = VECTOR('',#2246,1.);
#2246 = DIRECTION('',(-0.,1.,-1.110223024625E-16));
#2247 = DEFINITIONAL_REPRESENTATION('',(#2248),#2252);
#2248 = LINE('',#2249,#2250);
#2249 = CARTESIAN_POINT('',(0.,0.));
#2250 = VECTOR('',#2251,1.);
#2251 = DIRECTION('',(1.,0.));
#2252 = ( GEOMETRIC_REPRESENTATION_CONTEXT(2) 
PARAMETRIC_REPRESENTATION_CONTEXT() REPRESENTATION_CONTEXT('2D SPACE',''
  ) );
#2253 = FACE_BOUND('',#2254,.T.);
#2254 = EDGE_LOOP('',(#2255,#2287,#2317,#2347,#2375,#2405,#2435,#2465,
    #2495,#2525,#2555,#2585,#2615,#2645,#2673,#2703,#2733,#2763,#2793,
    #2823,#2851,#2879,#2907,#2937,#2967));
#2255 = ORIENTED_EDGE('',*,*,#2256,.T.);
#2256 = EDGE_CURVE('',#2257,#2259,#2261,.T.);
#2257 = VERTEX_POINT('',#2258);
#2258 = CARTESIAN_POINT('',(-3.526683019583,-99.7811504049,
    110.80008811325));
#2259 = VERTEX_POINT('',#2260);
#2260 = CARTESIAN_POINT('',(-5.234066404113,-99.7811504049,
    111.40653144852));
#2261 = SURFACE_CURVE('',#2262,(#2266,#2273),.PCURVE_S1.);
#2262 = B_SPLINE_CURVE_WITH_KNOTS('',2,(#2263,#2264,#2265),
  .UNSPECIFIED.,.F.,.F.,(3,3),(0.,1.),.PIECEWISE_BEZIER_KNOTS.);
#2263 = CARTESIAN_POINT('',(-3.526683019583,-99.7811504049,
    110.80008811325));
#2264 = CARTESIAN_POINT('',(-4.151774001482,-99.7811504049,
    111.40653144852));
#2265 = CARTESIAN_POINT('',(-5.234066404113,-99.7811504049,
    111.40653144852));
#2266 = PCURVE('',#584,#2267);
#2267 = DEFINITIONAL_REPRESENTATION('',(#2268),#2272);
#2268 = B_SPLINE_CURVE_WITH_KNOTS('',2,(#2269,#2270,#2271),
  .UNSPECIFIED.,.F.,.F.,(3,3),(0.,1.),.PIECEWISE_BEZIER_KNOTS.);
#2269 = CARTESIAN_POINT('',(-3.526683019583,11.894712484665));
#2270 = CARTESIAN_POINT('',(-4.151774001482,12.501155819936));
#2271 = CARTESIAN_POINT('',(-5.234066404113,12.501155819936));
#2272 = ( GEOMETRIC_REPRESENTATION_CONTEXT(2) 
PARAMETRIC_REPRESENTATION_CONTEXT() REPRESENTATION_CONTEXT('2D SPACE',''
  ) );
#2273 = PCURVE('',#2274,#2281);
#2274 = SURFACE_OF_LINEAR_EXTRUSION('',#2275,#2279);
#2275 = B_SPLINE_CURVE_WITH_KNOTS('',2,(#2276,#2277,#2278),
  .UNSPECIFIED.,.F.,.F.,(3,3),(0.,1.),.PIECEWISE_BEZIER_KNOTS.);
#2276 = CARTESIAN_POINT('',(-3.526683019583,-99.7811504049,
    110.80008811325));
#2277 = CARTESIAN_POINT('',(-4.151774001482,-99.7811504049,
    111.40653144852));
#2278 = CARTESIAN_POINT('',(-5.234066404113,-99.7811504049,
    111.40653144852));
#2279 = VECTOR('',#2280,1.);
#2280 = DIRECTION('',(-0.,1.,-1.110223024625E-16));
#2281 = DEFINITIONAL_REPRESENTATION('',(#2282),#2286);
#2282 = LINE('',#2283,#2284);
#2283 = CARTESIAN_POINT('',(0.,0.));
#2284 = VECTOR('',#2285,1.);
#2285 = DIRECTION('',(1.,0.));
#2286 = ( GEOMETRIC_REPRESENTATION_CONTEXT(2) 
PARAMETRIC_REPRESENTATION_CONTEXT() REPRESENTATION_CONTEXT('2D SPACE',''
  ) );
#2287 = ORIENTED_EDGE('',*,*,#2288,.T.);
#2288 = EDGE_CURVE('',#2259,#2289,#2291,.T.);
#2289 = VERTEX_POINT('',#2290);
#2290 = CARTESIAN_POINT('',(-7.184021048599,-99.7811504049,
    110.63216818132));
#2291 = SURFACE_CURVE('',#2292,(#2296,#2303),.PCURVE_S1.);
#2292 = B_SPLINE_CURVE_WITH_KNOTS('',2,(#2293,#2294,#2295),
  .UNSPECIFIED.,.F.,.F.,(3,3),(0.,1.),.PIECEWISE_BEZIER_KNOTS.);
#2293 = CARTESIAN_POINT('',(-5.234066404113,-99.7811504049,
    111.40653144852));
#2294 = CARTESIAN_POINT('',(-6.652198670597,-99.7811504049,
    111.40653144852));
#2295 = CARTESIAN_POINT('',(-7.184021048599,-99.7811504049,
    110.63216818132));
#2296 = PCURVE('',#584,#2297);
#2297 = DEFINITIONAL_REPRESENTATION('',(#2298),#2302);
#2298 = B_SPLINE_CURVE_WITH_KNOTS('',2,(#2299,#2300,#2301),
  .UNSPECIFIED.,.F.,.F.,(3,3),(0.,1.),.PIECEWISE_BEZIER_KNOTS.);
#2299 = CARTESIAN_POINT('',(-5.234066404113,12.501155819936));
#2300 = CARTESIAN_POINT('',(-6.652198670597,12.501155819936));
#2301 = CARTESIAN_POINT('',(-7.184021048599,11.726792552738));
#2302 = ( GEOMETRIC_REPRESENTATION_CONTEXT(2) 
PARAMETRIC_REPRESENTATION_CONTEXT() REPRESENTATION_CONTEXT('2D SPACE',''
  ) );
#2303 = PCURVE('',#2304,#2311);
#2304 = SURFACE_OF_LINEAR_EXTRUSION('',#2305,#2309);
#2305 = B_SPLINE_CURVE_WITH_KNOTS('',2,(#2306,#2307,#2308),
  .UNSPECIFIED.,.F.,.F.,(3,3),(0.,1.),.PIECEWISE_BEZIER_KNOTS.);
#2306 = CARTESIAN_POINT('',(-5.234066404113,-99.7811504049,
    111.40653144852));
#2307 = CARTESIAN_POINT('',(-6.652198670597,-99.7811504049,
    111.40653144852));
#2308 = CARTESIAN_POINT('',(-7.184021048599,-99.7811504049,
    110.63216818132));
#2309 = VECTOR('',#2310,1.);
#2310 = DIRECTION('',(-0.,1.,-1.110223024625E-16));
#2311 = DEFINITIONAL_REPRESENTATION('',(#2312),#2316);
#2312 = LINE('',#2313,#2314);
#2313 = CARTESIAN_POINT('',(0.,0.));
#2314 = VECTOR('',#2315,1.);
#2315 = DIRECTION('',(1.,0.));
#2316 = ( GEOMETRIC_REPRESENTATION_CONTEXT(2) 
PARAMETRIC_REPRESENTATION_CONTEXT() REPRESENTATION_CONTEXT('2D SPACE',''
  ) );
#2317 = ORIENTED_EDGE('',*,*,#2318,.T.);
#2318 = EDGE_CURVE('',#2289,#2319,#2321,.T.);
#2319 = VERTEX_POINT('',#2320);
#2320 = CARTESIAN_POINT('',(-7.753138719855,-99.7811504049,
    108.57026691555));
#2321 = SURFACE_CURVE('',#2322,(#2326,#2333),.PCURVE_S1.);
#2322 = B_SPLINE_CURVE_WITH_KNOTS('',2,(#2323,#2324,#2325),
  .UNSPECIFIED.,.F.,.F.,(3,3),(0.,1.),.PIECEWISE_BEZIER_KNOTS.);
#2323 = CARTESIAN_POINT('',(-7.184021048599,-99.7811504049,
    110.63216818132));
#2324 = CARTESIAN_POINT('',(-7.715843426601,-99.7811504049,
    109.85780491412));
#2325 = CARTESIAN_POINT('',(-7.753138719855,-99.7811504049,
    108.57026691555));
#2326 = PCURVE('',#584,#2327);
#2327 = DEFINITIONAL_REPRESENTATION('',(#2328),#2332);
#2328 = B_SPLINE_CURVE_WITH_KNOTS('',2,(#2329,#2330,#2331),
  .UNSPECIFIED.,.F.,.F.,(3,3),(0.,1.),.PIECEWISE_BEZIER_KNOTS.);
#2329 = CARTESIAN_POINT('',(-7.184021048599,11.726792552738));
#2330 = CARTESIAN_POINT('',(-7.715843426601,10.952429285539));
#2331 = CARTESIAN_POINT('',(-7.753138719855,9.664891286967));
#2332 = ( GEOMETRIC_REPRESENTATION_CONTEXT(2) 
PARAMETRIC_REPRESENTATION_CONTEXT() REPRESENTATION_CONTEXT('2D SPACE',''
  ) );
#2333 = PCURVE('',#2334,#2341);
#2334 = SURFACE_OF_LINEAR_EXTRUSION('',#2335,#2339);
#2335 = B_SPLINE_CURVE_WITH_KNOTS('',2,(#2336,#2337,#2338),
  .UNSPECIFIED.,.F.,.F.,(3,3),(0.,1.),.PIECEWISE_BEZIER_KNOTS.);
#2336 = CARTESIAN_POINT('',(-7.184021048599,-99.7811504049,
    110.63216818132));
#2337 = CARTESIAN_POINT('',(-7.715843426601,-99.7811504049,
    109.85780491412));
#2338 = CARTESIAN_POINT('',(-7.753138719855,-99.7811504049,
    108.57026691555));
#2339 = VECTOR('',#2340,1.);
#2340 = DIRECTION('',(-0.,1.,-1.110223024625E-16));
#2341 = DEFINITIONAL_REPRESENTATION('',(#2342),#2346);
#2342 = LINE('',#2343,#2344);
#2343 = CARTESIAN_POINT('',(0.,0.));
#2344 = VECTOR('',#2345,1.);
#2345 = DIRECTION('',(1.,0.));
#2346 = ( GEOMETRIC_REPRESENTATION_CONTEXT(2) 
PARAMETRIC_REPRESENTATION_CONTEXT() REPRESENTATION_CONTEXT('2D SPACE',''
  ) );
#2347 = ORIENTED_EDGE('',*,*,#2348,.T.);
#2348 = EDGE_CURVE('',#2319,#2349,#2351,.T.);
#2349 = VERTEX_POINT('',#2350);
#2350 = CARTESIAN_POINT('',(-9.395224970429,-99.7811504049,
    108.57026691555));
#2351 = SURFACE_CURVE('',#2352,(#2356,#2363),.PCURVE_S1.);
#2352 = LINE('',#2353,#2354);
#2353 = CARTESIAN_POINT('',(-7.753138719855,-99.7811504049,
    108.57026691555));
#2354 = VECTOR('',#2355,1.);
#2355 = DIRECTION('',(-1.,0.,0.));
#2356 = PCURVE('',#584,#2357);
#2357 = DEFINITIONAL_REPRESENTATION('',(#2358),#2362);
#2358 = LINE('',#2359,#2360);
#2359 = CARTESIAN_POINT('',(-7.753138719855,9.664891286967));
#2360 = VECTOR('',#2361,1.);
#2361 = DIRECTION('',(-1.,0.));
#2362 = ( GEOMETRIC_REPRESENTATION_CONTEXT(2) 
PARAMETRIC_REPRESENTATION_CONTEXT() REPRESENTATION_CONTEXT('2D SPACE',''
  ) );
#2363 = PCURVE('',#2364,#2369);
#2364 = PLANE('',#2365);
#2365 = AXIS2_PLACEMENT_3D('',#2366,#2367,#2368);
#2366 = CARTESIAN_POINT('',(-7.753138719855,-99.7811504049,
    108.57026691555));
#2367 = DIRECTION('',(0.,-1.110223024625E-16,-1.));
#2368 = DIRECTION('',(-1.,0.,0.));
#2369 = DEFINITIONAL_REPRESENTATION('',(#2370),#2374);
#2370 = LINE('',#2371,#2372);
#2371 = CARTESIAN_POINT('',(0.,-0.));
#2372 = VECTOR('',#2373,1.);
#2373 = DIRECTION('',(1.,0.));
#2374 = ( GEOMETRIC_REPRESENTATION_CONTEXT(2) 
PARAMETRIC_REPRESENTATION_CONTEXT() REPRESENTATION_CONTEXT('2D SPACE',''
  ) );
#2375 = ORIENTED_EDGE('',*,*,#2376,.T.);
#2376 = EDGE_CURVE('',#2349,#2377,#2379,.T.);
#2377 = VERTEX_POINT('',#2378);
#2378 = CARTESIAN_POINT('',(-5.25271405074,-99.7811504049,
    112.84337210315));
#2379 = SURFACE_CURVE('',#2380,(#2384,#2391),.PCURVE_S1.);
#2380 = B_SPLINE_CURVE_WITH_KNOTS('',2,(#2381,#2382,#2383),
  .UNSPECIFIED.,.F.,.F.,(3,3),(0.,1.),.PIECEWISE_BEZIER_KNOTS.);
#2381 = CARTESIAN_POINT('',(-9.395224970429,-99.7811504049,
    108.57026691555));
#2382 = CARTESIAN_POINT('',(-9.301925995772,-99.7811504049,
    112.84337210315));
#2383 = CARTESIAN_POINT('',(-5.25271405074,-99.7811504049,
    112.84337210315));
#2384 = PCURVE('',#584,#2385);
#2385 = DEFINITIONAL_REPRESENTATION('',(#2386),#2390);
#2386 = B_SPLINE_CURVE_WITH_KNOTS('',2,(#2387,#2388,#2389),
  .UNSPECIFIED.,.F.,.F.,(3,3),(0.,1.),.PIECEWISE_BEZIER_KNOTS.);
#2387 = CARTESIAN_POINT('',(-9.395224970429,9.664891286967));
#2388 = CARTESIAN_POINT('',(-9.301925995772,13.937996474568));
#2389 = CARTESIAN_POINT('',(-5.25271405074,13.937996474568));
#2390 = ( GEOMETRIC_REPRESENTATION_CONTEXT(2) 
PARAMETRIC_REPRESENTATION_CONTEXT() REPRESENTATION_CONTEXT('2D SPACE',''
  ) );
#2391 = PCURVE('',#2392,#2399);
#2392 = SURFACE_OF_LINEAR_EXTRUSION('',#2393,#2397);
#2393 = B_SPLINE_CURVE_WITH_KNOTS('',2,(#2394,#2395,#2396),
  .UNSPECIFIED.,.F.,.F.,(3,3),(0.,1.),.PIECEWISE_BEZIER_KNOTS.);
#2394 = CARTESIAN_POINT('',(-9.395224970429,-99.7811504049,
    108.57026691555));
#2395 = CARTESIAN_POINT('',(-9.301925995772,-99.7811504049,
    112.84337210315));
#2396 = CARTESIAN_POINT('',(-5.25271405074,-99.7811504049,
    112.84337210315));
#2397 = VECTOR('',#2398,1.);
#2398 = DIRECTION('',(-0.,1.,-1.110223024625E-16));
#2399 = DEFINITIONAL_REPRESENTATION('',(#2400),#2404);
#2400 = LINE('',#2401,#2402);
#2401 = CARTESIAN_POINT('',(0.,0.));
#2402 = VECTOR('',#2403,1.);
#2403 = DIRECTION('',(1.,0.));
#2404 = ( GEOMETRIC_REPRESENTATION_CONTEXT(2) 
PARAMETRIC_REPRESENTATION_CONTEXT() REPRESENTATION_CONTEXT('2D SPACE',''
  ) );
#2405 = ORIENTED_EDGE('',*,*,#2406,.T.);
#2406 = EDGE_CURVE('',#2377,#2407,#2409,.T.);
#2407 = VERTEX_POINT('',#2408);
#2408 = CARTESIAN_POINT('',(-2.295148702413,-99.7811504049,
    111.87305669257));
#2409 = SURFACE_CURVE('',#2410,(#2414,#2421),.PCURVE_S1.);
#2410 = B_SPLINE_CURVE_WITH_KNOTS('',2,(#2411,#2412,#2413),
  .UNSPECIFIED.,.F.,.F.,(3,3),(0.,1.),.PIECEWISE_BEZIER_KNOTS.);
#2411 = CARTESIAN_POINT('',(-5.25271405074,-99.7811504049,
    112.84337210315));
#2412 = CARTESIAN_POINT('',(-3.36808691097,-99.7811504049,
    112.84337210315));
#2413 = CARTESIAN_POINT('',(-2.295148702413,-99.7811504049,
    111.87305669257));
#2414 = PCURVE('',#584,#2415);
#2415 = DEFINITIONAL_REPRESENTATION('',(#2416),#2420);
#2416 = B_SPLINE_CURVE_WITH_KNOTS('',2,(#2417,#2418,#2419),
  .UNSPECIFIED.,.F.,.F.,(3,3),(0.,1.),.PIECEWISE_BEZIER_KNOTS.);
#2417 = CARTESIAN_POINT('',(-5.25271405074,13.937996474568));
#2418 = CARTESIAN_POINT('',(-3.36808691097,13.937996474568));
#2419 = CARTESIAN_POINT('',(-2.295148702413,12.967681063981));
#2420 = ( GEOMETRIC_REPRESENTATION_CONTEXT(2) 
PARAMETRIC_REPRESENTATION_CONTEXT() REPRESENTATION_CONTEXT('2D SPACE',''
  ) );
#2421 = PCURVE('',#2422,#2429);
#2422 = SURFACE_OF_LINEAR_EXTRUSION('',#2423,#2427);
#2423 = B_SPLINE_CURVE_WITH_KNOTS('',2,(#2424,#2425,#2426),
  .UNSPECIFIED.,.F.,.F.,(3,3),(0.,1.),.PIECEWISE_BEZIER_KNOTS.);
#2424 = CARTESIAN_POINT('',(-5.25271405074,-99.7811504049,
    112.84337210315));
#2425 = CARTESIAN_POINT('',(-3.36808691097,-99.7811504049,
    112.84337210315));
#2426 = CARTESIAN_POINT('',(-2.295148702413,-99.7811504049,
    111.87305669257));
#2427 = VECTOR('',#2428,1.);
#2428 = DIRECTION('',(-0.,1.,-1.110223024625E-16));
#2429 = DEFINITIONAL_REPRESENTATION('',(#2430),#2434);
#2430 = LINE('',#2431,#2432);
#2431 = CARTESIAN_POINT('',(0.,0.));
#2432 = VECTOR('',#2433,1.);
#2433 = DIRECTION('',(1.,0.));
#2434 = ( GEOMETRIC_REPRESENTATION_CONTEXT(2) 
PARAMETRIC_REPRESENTATION_CONTEXT() REPRESENTATION_CONTEXT('2D SPACE',''
  ) );
#2435 = ORIENTED_EDGE('',*,*,#2436,.T.);
#2436 = EDGE_CURVE('',#2407,#2437,#2439,.T.);
#2437 = VERTEX_POINT('',#2438);
#2438 = CARTESIAN_POINT('',(-1.222210493856,-99.7811504049,
    109.20471209152));
#2439 = SURFACE_CURVE('',#2440,(#2444,#2451),.PCURVE_S1.);
#2440 = B_SPLINE_CURVE_WITH_KNOTS('',2,(#2441,#2442,#2443),
  .UNSPECIFIED.,.F.,.F.,(3,3),(0.,1.),.PIECEWISE_BEZIER_KNOTS.);
#2441 = CARTESIAN_POINT('',(-2.295148702413,-99.7811504049,
    111.87305669257));
#2442 = CARTESIAN_POINT('',(-1.222210493856,-99.7811504049,
    110.90274128198));
#2443 = CARTESIAN_POINT('',(-1.222210493856,-99.7811504049,
    109.20471209152));
#2444 = PCURVE('',#584,#2445);
#2445 = DEFINITIONAL_REPRESENTATION('',(#2446),#2450);
#2446 = B_SPLINE_CURVE_WITH_KNOTS('',2,(#2447,#2448,#2449),
  .UNSPECIFIED.,.F.,.F.,(3,3),(0.,1.),.PIECEWISE_BEZIER_KNOTS.);
#2447 = CARTESIAN_POINT('',(-2.295148702413,12.967681063981));
#2448 = CARTESIAN_POINT('',(-1.222210493856,11.997365653395));
#2449 = CARTESIAN_POINT('',(-1.222210493856,10.29933646294));
#2450 = ( GEOMETRIC_REPRESENTATION_CONTEXT(2) 
PARAMETRIC_REPRESENTATION_CONTEXT() REPRESENTATION_CONTEXT('2D SPACE',''
  ) );
#2451 = PCURVE('',#2452,#2459);
#2452 = SURFACE_OF_LINEAR_EXTRUSION('',#2453,#2457);
#2453 = B_SPLINE_CURVE_WITH_KNOTS('',2,(#2454,#2455,#2456),
  .UNSPECIFIED.,.F.,.F.,(3,3),(0.,1.),.PIECEWISE_BEZIER_KNOTS.);
#2454 = CARTESIAN_POINT('',(-2.295148702413,-99.7811504049,
    111.87305669257));
#2455 = CARTESIAN_POINT('',(-1.222210493856,-99.7811504049,
    110.90274128198));
#2456 = CARTESIAN_POINT('',(-1.222210493856,-99.7811504049,
    109.20471209152));
#2457 = VECTOR('',#2458,1.);
#2458 = DIRECTION('',(-0.,1.,-1.110223024625E-16));
#2459 = DEFINITIONAL_REPRESENTATION('',(#2460),#2464);
#2460 = LINE('',#2461,#2462);
#2461 = CARTESIAN_POINT('',(0.,0.));
#2462 = VECTOR('',#2463,1.);
#2463 = DIRECTION('',(1.,0.));
#2464 = ( GEOMETRIC_REPRESENTATION_CONTEXT(2) 
PARAMETRIC_REPRESENTATION_CONTEXT() REPRESENTATION_CONTEXT('2D SPACE',''
  ) );
#2465 = ORIENTED_EDGE('',*,*,#2466,.T.);
#2466 = EDGE_CURVE('',#2437,#2467,#2469,.T.);
#2467 = VERTEX_POINT('',#2468);
#2468 = CARTESIAN_POINT('',(-3.069542340372,-99.7811504049,
    106.46168579169));
#2469 = SURFACE_CURVE('',#2470,(#2474,#2481),.PCURVE_S1.);
#2470 = B_SPLINE_CURVE_WITH_KNOTS('',2,(#2471,#2472,#2473),
  .UNSPECIFIED.,.F.,.F.,(3,3),(0.,1.),.PIECEWISE_BEZIER_KNOTS.);
#2471 = CARTESIAN_POINT('',(-1.222210493856,-99.7811504049,
    109.20471209152));
#2472 = CARTESIAN_POINT('',(-1.222210493856,-99.7811504049,
    107.18942994232));
#2473 = CARTESIAN_POINT('',(-3.069542340372,-99.7811504049,
    106.46168579169));
#2474 = PCURVE('',#584,#2475);
#2475 = DEFINITIONAL_REPRESENTATION('',(#2476),#2480);
#2476 = B_SPLINE_CURVE_WITH_KNOTS('',2,(#2477,#2478,#2479),
  .UNSPECIFIED.,.F.,.F.,(3,3),(0.,1.),.PIECEWISE_BEZIER_KNOTS.);
#2477 = CARTESIAN_POINT('',(-1.222210493856,10.29933646294));
#2478 = CARTESIAN_POINT('',(-1.222210493856,8.284054313738));
#2479 = CARTESIAN_POINT('',(-3.069542340372,7.556310163108));
#2480 = ( GEOMETRIC_REPRESENTATION_CONTEXT(2) 
PARAMETRIC_REPRESENTATION_CONTEXT() REPRESENTATION_CONTEXT('2D SPACE',''
  ) );
#2481 = PCURVE('',#2482,#2489);
#2482 = SURFACE_OF_LINEAR_EXTRUSION('',#2483,#2487);
#2483 = B_SPLINE_CURVE_WITH_KNOTS('',2,(#2484,#2485,#2486),
  .UNSPECIFIED.,.F.,.F.,(3,3),(0.,1.),.PIECEWISE_BEZIER_KNOTS.);
#2484 = CARTESIAN_POINT('',(-1.222210493856,-99.7811504049,
    109.20471209152));
#2485 = CARTESIAN_POINT('',(-1.222210493856,-99.7811504049,
    107.18942994232));
#2486 = CARTESIAN_POINT('',(-3.069542340372,-99.7811504049,
    106.46168579169));
#2487 = VECTOR('',#2488,1.);
#2488 = DIRECTION('',(-0.,1.,-1.110223024625E-16));
#2489 = DEFINITIONAL_REPRESENTATION('',(#2490),#2494);
#2490 = LINE('',#2491,#2492);
#2491 = CARTESIAN_POINT('',(0.,0.));
#2492 = VECTOR('',#2493,1.);
#2493 = DIRECTION('',(1.,0.));
#2494 = ( GEOMETRIC_REPRESENTATION_CONTEXT(2) 
PARAMETRIC_REPRESENTATION_CONTEXT() REPRESENTATION_CONTEXT('2D SPACE',''
  ) );
#2495 = ORIENTED_EDGE('',*,*,#2496,.T.);
#2496 = EDGE_CURVE('',#2467,#2497,#2499,.T.);
#2497 = VERTEX_POINT('',#2498);
#2498 = CARTESIAN_POINT('',(-1.352835132528,-99.7811504049,
    105.31412662587));
#2499 = SURFACE_CURVE('',#2500,(#2504,#2511),.PCURVE_S1.);
#2500 = B_SPLINE_CURVE_WITH_KNOTS('',2,(#2501,#2502,#2503),
  .UNSPECIFIED.,.F.,.F.,(3,3),(0.,1.),.PIECEWISE_BEZIER_KNOTS.);
#2501 = CARTESIAN_POINT('',(-3.069542340372,-99.7811504049,
    106.46168579169));
#2502 = CARTESIAN_POINT('',(-1.875303316456,-99.7811504049,
    106.05119459981));
#2503 = CARTESIAN_POINT('',(-1.352835132528,-99.7811504049,
    105.31412662587));
#2504 = PCURVE('',#584,#2505);
#2505 = DEFINITIONAL_REPRESENTATION('',(#2506),#2510);
#2506 = B_SPLINE_CURVE_WITH_KNOTS('',2,(#2507,#2508,#2509),
  .UNSPECIFIED.,.F.,.F.,(3,3),(0.,1.),.PIECEWISE_BEZIER_KNOTS.);
#2507 = CARTESIAN_POINT('',(-3.069542340372,7.556310163108));
#2508 = CARTESIAN_POINT('',(-1.875303316456,7.145818971225));
#2509 = CARTESIAN_POINT('',(-1.352835132528,6.408750997281));
#2510 = ( GEOMETRIC_REPRESENTATION_CONTEXT(2) 
PARAMETRIC_REPRESENTATION_CONTEXT() REPRESENTATION_CONTEXT('2D SPACE',''
  ) );
#2511 = PCURVE('',#2512,#2519);
#2512 = SURFACE_OF_LINEAR_EXTRUSION('',#2513,#2517);
#2513 = B_SPLINE_CURVE_WITH_KNOTS('',2,(#2514,#2515,#2516),
  .UNSPECIFIED.,.F.,.F.,(3,3),(0.,1.),.PIECEWISE_BEZIER_KNOTS.);
#2514 = CARTESIAN_POINT('',(-3.069542340372,-99.7811504049,
    106.46168579169));
#2515 = CARTESIAN_POINT('',(-1.875303316456,-99.7811504049,
    106.05119459981));
#2516 = CARTESIAN_POINT('',(-1.352835132528,-99.7811504049,
    105.31412662587));
#2517 = VECTOR('',#2518,1.);
#2518 = DIRECTION('',(-0.,1.,-1.110223024625E-16));
#2519 = DEFINITIONAL_REPRESENTATION('',(#2520),#2524);
#2520 = LINE('',#2521,#2522);
#2521 = CARTESIAN_POINT('',(0.,0.));
#2522 = VECTOR('',#2523,1.);
#2523 = DIRECTION('',(1.,0.));
#2524 = ( GEOMETRIC_REPRESENTATION_CONTEXT(2) 
PARAMETRIC_REPRESENTATION_CONTEXT() REPRESENTATION_CONTEXT('2D SPACE',''
  ) );
#2525 = ORIENTED_EDGE('',*,*,#2526,.T.);
#2526 = EDGE_CURVE('',#2497,#2527,#2529,.T.);
#2527 = VERTEX_POINT('',#2528);
#2528 = CARTESIAN_POINT('',(-0.8303669486,-99.7811504049,103.3082290415)
  );
#2529 = SURFACE_CURVE('',#2530,(#2534,#2541),.PCURVE_S1.);
#2530 = B_SPLINE_CURVE_WITH_KNOTS('',2,(#2531,#2532,#2533),
  .UNSPECIFIED.,.F.,.F.,(3,3),(0.,1.),.PIECEWISE_BEZIER_KNOTS.);
#2531 = CARTESIAN_POINT('',(-1.352835132528,-99.7811504049,
    105.31412662587));
#2532 = CARTESIAN_POINT('',(-0.8303669486,-99.7811504049,104.57705865192
    ));
#2533 = CARTESIAN_POINT('',(-0.8303669486,-99.7811504049,103.3082290415)
  );
#2534 = PCURVE('',#584,#2535);
#2535 = DEFINITIONAL_REPRESENTATION('',(#2536),#2540);
#2536 = B_SPLINE_CURVE_WITH_KNOTS('',2,(#2537,#2538,#2539),
  .UNSPECIFIED.,.F.,.F.,(3,3),(0.,1.),.PIECEWISE_BEZIER_KNOTS.);
#2537 = CARTESIAN_POINT('',(-1.352835132528,6.408750997281));
#2538 = CARTESIAN_POINT('',(-0.8303669486,5.671683023338));
#2539 = CARTESIAN_POINT('',(-0.8303669486,4.402853412913));
#2540 = ( GEOMETRIC_REPRESENTATION_CONTEXT(2) 
PARAMETRIC_REPRESENTATION_CONTEXT() REPRESENTATION_CONTEXT('2D SPACE',''
  ) );
#2541 = PCURVE('',#2542,#2549);
#2542 = SURFACE_OF_LINEAR_EXTRUSION('',#2543,#2547);
#2543 = B_SPLINE_CURVE_WITH_KNOTS('',2,(#2544,#2545,#2546),
  .UNSPECIFIED.,.F.,.F.,(3,3),(0.,1.),.PIECEWISE_BEZIER_KNOTS.);
#2544 = CARTESIAN_POINT('',(-1.352835132528,-99.7811504049,
    105.31412662587));
#2545 = CARTESIAN_POINT('',(-0.8303669486,-99.7811504049,104.57705865192
    ));
#2546 = CARTESIAN_POINT('',(-0.8303669486,-99.7811504049,103.3082290415)
  );
#2547 = VECTOR('',#2548,1.);
#2548 = DIRECTION('',(-0.,1.,-1.110223024625E-16));
#2549 = DEFINITIONAL_REPRESENTATION('',(#2550),#2554);
#2550 = LINE('',#2551,#2552);
#2551 = CARTESIAN_POINT('',(0.,0.));
#2552 = VECTOR('',#2553,1.);
#2553 = DIRECTION('',(1.,0.));
#2554 = ( GEOMETRIC_REPRESENTATION_CONTEXT(2) 
PARAMETRIC_REPRESENTATION_CONTEXT() REPRESENTATION_CONTEXT('2D SPACE',''
  ) );
#2555 = ORIENTED_EDGE('',*,*,#2556,.T.);
#2556 = EDGE_CURVE('',#2527,#2557,#2559,.T.);
#2557 = VERTEX_POINT('',#2558);
#2558 = CARTESIAN_POINT('',(-2.052577442457,-99.7811504049,
    100.30395346432));
#2559 = SURFACE_CURVE('',#2560,(#2564,#2571),.PCURVE_S1.);
#2560 = B_SPLINE_CURVE_WITH_KNOTS('',2,(#2561,#2562,#2563),
  .UNSPECIFIED.,.F.,.F.,(3,3),(0.,1.),.PIECEWISE_BEZIER_KNOTS.);
#2561 = CARTESIAN_POINT('',(-0.8303669486,-99.7811504049,103.3082290415)
  );
#2562 = CARTESIAN_POINT('',(-0.8303669486,-99.7811504049,101.42354116021
    ));
#2563 = CARTESIAN_POINT('',(-2.052577442457,-99.7811504049,
    100.30395346432));
#2564 = PCURVE('',#584,#2565);
#2565 = DEFINITIONAL_REPRESENTATION('',(#2566),#2570);
#2566 = B_SPLINE_CURVE_WITH_KNOTS('',2,(#2567,#2568,#2569),
  .UNSPECIFIED.,.F.,.F.,(3,3),(0.,1.),.PIECEWISE_BEZIER_KNOTS.);
#2567 = CARTESIAN_POINT('',(-0.8303669486,4.402853412913));
#2568 = CARTESIAN_POINT('',(-0.8303669486,2.518165531623));
#2569 = CARTESIAN_POINT('',(-2.052577442457,1.398577835738));
#2570 = ( GEOMETRIC_REPRESENTATION_CONTEXT(2) 
PARAMETRIC_REPRESENTATION_CONTEXT() REPRESENTATION_CONTEXT('2D SPACE',''
  ) );
#2571 = PCURVE('',#2572,#2579);
#2572 = SURFACE_OF_LINEAR_EXTRUSION('',#2573,#2577);
#2573 = B_SPLINE_CURVE_WITH_KNOTS('',2,(#2574,#2575,#2576),
  .UNSPECIFIED.,.F.,.F.,(3,3),(0.,1.),.PIECEWISE_BEZIER_KNOTS.);
#2574 = CARTESIAN_POINT('',(-0.8303669486,-99.7811504049,103.3082290415)
  );
#2575 = CARTESIAN_POINT('',(-0.8303669486,-99.7811504049,101.42354116021
    ));
#2576 = CARTESIAN_POINT('',(-2.052577442457,-99.7811504049,
    100.30395346432));
#2577 = VECTOR('',#2578,1.);
#2578 = DIRECTION('',(-0.,1.,-1.110223024625E-16));
#2579 = DEFINITIONAL_REPRESENTATION('',(#2580),#2584);
#2580 = LINE('',#2581,#2582);
#2581 = CARTESIAN_POINT('',(0.,0.));
#2582 = VECTOR('',#2583,1.);
#2583 = DIRECTION('',(1.,0.));
#2584 = ( GEOMETRIC_REPRESENTATION_CONTEXT(2) 
PARAMETRIC_REPRESENTATION_CONTEXT() REPRESENTATION_CONTEXT('2D SPACE',''
  ) );
#2585 = ORIENTED_EDGE('',*,*,#2586,.T.);
#2586 = EDGE_CURVE('',#2557,#2587,#2589,.T.);
#2587 = VERTEX_POINT('',#2588);
#2588 = CARTESIAN_POINT('',(-5.308717732143,-99.7811504049,
    99.184365768441));
#2589 = SURFACE_CURVE('',#2590,(#2594,#2601),.PCURVE_S1.);
#2590 = B_SPLINE_CURVE_WITH_KNOTS('',2,(#2591,#2592,#2593),
  .UNSPECIFIED.,.F.,.F.,(3,3),(0.,1.),.PIECEWISE_BEZIER_KNOTS.);
#2591 = CARTESIAN_POINT('',(-2.052577442457,-99.7811504049,
    100.30395346432));
#2592 = CARTESIAN_POINT('',(-3.274787936313,-99.7811504049,
    99.184365768441));
#2593 = CARTESIAN_POINT('',(-5.308717732143,-99.7811504049,
    99.184365768441));
#2594 = PCURVE('',#584,#2595);
#2595 = DEFINITIONAL_REPRESENTATION('',(#2596),#2600);
#2596 = B_SPLINE_CURVE_WITH_KNOTS('',2,(#2597,#2598,#2599),
  .UNSPECIFIED.,.F.,.F.,(3,3),(0.,1.),.PIECEWISE_BEZIER_KNOTS.);
#2597 = CARTESIAN_POINT('',(-2.052577442457,1.398577835738));
#2598 = CARTESIAN_POINT('',(-3.274787936313,0.278990139852));
#2599 = CARTESIAN_POINT('',(-5.308717732143,0.278990139852));
#2600 = ( GEOMETRIC_REPRESENTATION_CONTEXT(2) 
PARAMETRIC_REPRESENTATION_CONTEXT() REPRESENTATION_CONTEXT('2D SPACE',''
  ) );
#2601 = PCURVE('',#2602,#2609);
#2602 = SURFACE_OF_LINEAR_EXTRUSION('',#2603,#2607);
#2603 = B_SPLINE_CURVE_WITH_KNOTS('',2,(#2604,#2605,#2606),
  .UNSPECIFIED.,.F.,.F.,(3,3),(0.,1.),.PIECEWISE_BEZIER_KNOTS.);
#2604 = CARTESIAN_POINT('',(-2.052577442457,-99.7811504049,
    100.30395346432));
#2605 = CARTESIAN_POINT('',(-3.274787936313,-99.7811504049,
    99.184365768441));
#2606 = CARTESIAN_POINT('',(-5.308717732143,-99.7811504049,
    99.184365768441));
#2607 = VECTOR('',#2608,1.);
#2608 = DIRECTION('',(-0.,1.,-1.110223024625E-16));
#2609 = DEFINITIONAL_REPRESENTATION('',(#2610),#2614);
#2610 = LINE('',#2611,#2612);
#2611 = CARTESIAN_POINT('',(0.,0.));
#2612 = VECTOR('',#2613,1.);
#2613 = DIRECTION('',(1.,0.));
#2614 = ( GEOMETRIC_REPRESENTATION_CONTEXT(2) 
PARAMETRIC_REPRESENTATION_CONTEXT() REPRESENTATION_CONTEXT('2D SPACE',''
  ) );
#2615 = ORIENTED_EDGE('',*,*,#2616,.T.);
#2616 = EDGE_CURVE('',#2587,#2617,#2619,.T.);
#2617 = VERTEX_POINT('',#2618);
#2618 = CARTESIAN_POINT('',(-9.6751218944,-99.7811504049,103.45747095604
    ));
#2619 = SURFACE_CURVE('',#2620,(#2624,#2631),.PCURVE_S1.);
#2620 = B_SPLINE_CURVE_WITH_KNOTS('',2,(#2621,#2622,#2623),
  .UNSPECIFIED.,.F.,.F.,(3,3),(0.,1.),.PIECEWISE_BEZIER_KNOTS.);
#2621 = CARTESIAN_POINT('',(-5.308717732143,-99.7811504049,
    99.184365768441));
#2622 = CARTESIAN_POINT('',(-9.376516582281,-99.7811504049,
    99.184365768441));
#2623 = CARTESIAN_POINT('',(-9.6751218944,-99.7811504049,103.45747095604
    ));
#2624 = PCURVE('',#584,#2625);
#2625 = DEFINITIONAL_REPRESENTATION('',(#2626),#2630);
#2626 = B_SPLINE_CURVE_WITH_KNOTS('',2,(#2627,#2628,#2629),
  .UNSPECIFIED.,.F.,.F.,(3,3),(0.,1.),.PIECEWISE_BEZIER_KNOTS.);
#2627 = CARTESIAN_POINT('',(-5.308717732143,0.278990139852));
#2628 = CARTESIAN_POINT('',(-9.376516582281,0.278990139852));
#2629 = CARTESIAN_POINT('',(-9.6751218944,4.552095327452));
#2630 = ( GEOMETRIC_REPRESENTATION_CONTEXT(2) 
PARAMETRIC_REPRESENTATION_CONTEXT() REPRESENTATION_CONTEXT('2D SPACE',''
  ) );
#2631 = PCURVE('',#2632,#2639);
#2632 = SURFACE_OF_LINEAR_EXTRUSION('',#2633,#2637);
#2633 = B_SPLINE_CURVE_WITH_KNOTS('',2,(#2634,#2635,#2636),
  .UNSPECIFIED.,.F.,.F.,(3,3),(0.,1.),.PIECEWISE_BEZIER_KNOTS.);
#2634 = CARTESIAN_POINT('',(-5.308717732143,-99.7811504049,
    99.184365768441));
#2635 = CARTESIAN_POINT('',(-9.376516582281,-99.7811504049,
    99.184365768441));
#2636 = CARTESIAN_POINT('',(-9.6751218944,-99.7811504049,103.45747095604
    ));
#2637 = VECTOR('',#2638,1.);
#2638 = DIRECTION('',(-0.,1.,-1.110223024625E-16));
#2639 = DEFINITIONAL_REPRESENTATION('',(#2640),#2644);
#2640 = LINE('',#2641,#2642);
#2641 = CARTESIAN_POINT('',(0.,0.));
#2642 = VECTOR('',#2643,1.);
#2643 = DIRECTION('',(1.,0.));
#2644 = ( GEOMETRIC_REPRESENTATION_CONTEXT(2) 
PARAMETRIC_REPRESENTATION_CONTEXT() REPRESENTATION_CONTEXT('2D SPACE',''
  ) );
#2645 = ORIENTED_EDGE('',*,*,#2646,.T.);
#2646 = EDGE_CURVE('',#2617,#2647,#2649,.T.);
#2647 = VERTEX_POINT('',#2648);
#2648 = CARTESIAN_POINT('',(-8.033035643827,-99.7811504049,
    103.45747095604));
#2649 = SURFACE_CURVE('',#2650,(#2654,#2661),.PCURVE_S1.);
#2650 = LINE('',#2651,#2652);
#2651 = CARTESIAN_POINT('',(-9.6751218944,-99.7811504049,103.45747095604
    ));
#2652 = VECTOR('',#2653,1.);
#2653 = DIRECTION('',(1.,0.,0.));
#2654 = PCURVE('',#584,#2655);
#2655 = DEFINITIONAL_REPRESENTATION('',(#2656),#2660);
#2656 = LINE('',#2657,#2658);
#2657 = CARTESIAN_POINT('',(-9.6751218944,4.552095327452));
#2658 = VECTOR('',#2659,1.);
#2659 = DIRECTION('',(1.,0.));
#2660 = ( GEOMETRIC_REPRESENTATION_CONTEXT(2) 
PARAMETRIC_REPRESENTATION_CONTEXT() REPRESENTATION_CONTEXT('2D SPACE',''
  ) );
#2661 = PCURVE('',#2662,#2667);
#2662 = PLANE('',#2663);
#2663 = AXIS2_PLACEMENT_3D('',#2664,#2665,#2666);
#2664 = CARTESIAN_POINT('',(-9.6751218944,-99.7811504049,103.45747095604
    ));
#2665 = DIRECTION('',(0.,1.110223024625E-16,1.));
#2666 = DIRECTION('',(1.,0.,0.));
#2667 = DEFINITIONAL_REPRESENTATION('',(#2668),#2672);
#2668 = LINE('',#2669,#2670);
#2669 = CARTESIAN_POINT('',(0.,0.));
#2670 = VECTOR('',#2671,1.);
#2671 = DIRECTION('',(1.,0.));
#2672 = ( GEOMETRIC_REPRESENTATION_CONTEXT(2) 
PARAMETRIC_REPRESENTATION_CONTEXT() REPRESENTATION_CONTEXT('2D SPACE',''
  ) );
#2673 = ORIENTED_EDGE('',*,*,#2674,.T.);
#2674 = EDGE_CURVE('',#2647,#2675,#2677,.T.);
#2675 = VERTEX_POINT('',#2676);
#2676 = CARTESIAN_POINT('',(-7.267996199942,-99.7811504049,
    101.33027255631));
#2677 = SURFACE_CURVE('',#2678,(#2682,#2689),.PCURVE_S1.);
#2678 = B_SPLINE_CURVE_WITH_KNOTS('',2,(#2679,#2680,#2681),
  .UNSPECIFIED.,.F.,.F.,(3,3),(0.,1.),.PIECEWISE_BEZIER_KNOTS.);
#2679 = CARTESIAN_POINT('',(-8.033035643827,-99.7811504049,
    103.45747095604));
#2680 = CARTESIAN_POINT('',(-7.93973666917,-99.7811504049,
    102.02069104292));
#2681 = CARTESIAN_POINT('',(-7.267996199942,-99.7811504049,
    101.33027255631));
#2682 = PCURVE('',#584,#2683);
#2683 = DEFINITIONAL_REPRESENTATION('',(#2684),#2688);
#2684 = B_SPLINE_CURVE_WITH_KNOTS('',2,(#2685,#2686,#2687),
  .UNSPECIFIED.,.F.,.F.,(3,3),(0.,1.),.PIECEWISE_BEZIER_KNOTS.);
#2685 = CARTESIAN_POINT('',(-8.033035643827,4.552095327452));
#2686 = CARTESIAN_POINT('',(-7.93973666917,3.115315414341));
#2687 = CARTESIAN_POINT('',(-7.267996199942,2.424896927726));
#2688 = ( GEOMETRIC_REPRESENTATION_CONTEXT(2) 
PARAMETRIC_REPRESENTATION_CONTEXT() REPRESENTATION_CONTEXT('2D SPACE',''
  ) );
#2689 = PCURVE('',#2690,#2697);
#2690 = SURFACE_OF_LINEAR_EXTRUSION('',#2691,#2695);
#2691 = B_SPLINE_CURVE_WITH_KNOTS('',2,(#2692,#2693,#2694),
  .UNSPECIFIED.,.F.,.F.,(3,3),(0.,1.),.PIECEWISE_BEZIER_KNOTS.);
#2692 = CARTESIAN_POINT('',(-8.033035643827,-99.7811504049,
    103.45747095604));
#2693 = CARTESIAN_POINT('',(-7.93973666917,-99.7811504049,
    102.02069104292));
#2694 = CARTESIAN_POINT('',(-7.267996199942,-99.7811504049,
    101.33027255631));
#2695 = VECTOR('',#2696,1.);
#2696 = DIRECTION('',(-0.,1.,-1.110223024625E-16));
#2697 = DEFINITIONAL_REPRESENTATION('',(#2698),#2702);
#2698 = LINE('',#2699,#2700);
#2699 = CARTESIAN_POINT('',(0.,0.));
#2700 = VECTOR('',#2701,1.);
#2701 = DIRECTION('',(1.,0.));
#2702 = ( GEOMETRIC_REPRESENTATION_CONTEXT(2) 
PARAMETRIC_REPRESENTATION_CONTEXT() REPRESENTATION_CONTEXT('2D SPACE',''
  ) );
#2703 = ORIENTED_EDGE('',*,*,#2704,.T.);
#2704 = EDGE_CURVE('',#2675,#2705,#2707,.T.);
#2705 = VERTEX_POINT('',#2706);
#2706 = CARTESIAN_POINT('',(-5.25271405074,-99.7811504049,100.6398540697
    ));
#2707 = SURFACE_CURVE('',#2708,(#2712,#2719),.PCURVE_S1.);
#2708 = B_SPLINE_CURVE_WITH_KNOTS('',2,(#2709,#2710,#2711),
  .UNSPECIFIED.,.F.,.F.,(3,3),(0.,1.),.PIECEWISE_BEZIER_KNOTS.);
#2709 = CARTESIAN_POINT('',(-7.267996199942,-99.7811504049,
    101.33027255631));
#2710 = CARTESIAN_POINT('',(-6.596255730715,-99.7811504049,
    100.6398540697));
#2711 = CARTESIAN_POINT('',(-5.25271405074,-99.7811504049,100.6398540697
    ));
#2712 = PCURVE('',#584,#2713);
#2713 = DEFINITIONAL_REPRESENTATION('',(#2714),#2718);
#2714 = B_SPLINE_CURVE_WITH_KNOTS('',2,(#2715,#2716,#2717),
  .UNSPECIFIED.,.F.,.F.,(3,3),(0.,1.),.PIECEWISE_BEZIER_KNOTS.);
#2715 = CARTESIAN_POINT('',(-7.267996199942,2.424896927726));
#2716 = CARTESIAN_POINT('',(-6.596255730715,1.734478441111));
#2717 = CARTESIAN_POINT('',(-5.25271405074,1.734478441111));
#2718 = ( GEOMETRIC_REPRESENTATION_CONTEXT(2) 
PARAMETRIC_REPRESENTATION_CONTEXT() REPRESENTATION_CONTEXT('2D SPACE',''
  ) );
#2719 = PCURVE('',#2720,#2727);
#2720 = SURFACE_OF_LINEAR_EXTRUSION('',#2721,#2725);
#2721 = B_SPLINE_CURVE_WITH_KNOTS('',2,(#2722,#2723,#2724),
  .UNSPECIFIED.,.F.,.F.,(3,3),(0.,1.),.PIECEWISE_BEZIER_KNOTS.);
#2722 = CARTESIAN_POINT('',(-7.267996199942,-99.7811504049,
    101.33027255631));
#2723 = CARTESIAN_POINT('',(-6.596255730715,-99.7811504049,
    100.6398540697));
#2724 = CARTESIAN_POINT('',(-5.25271405074,-99.7811504049,100.6398540697
    ));
#2725 = VECTOR('',#2726,1.);
#2726 = DIRECTION('',(-0.,1.,-1.110223024625E-16));
#2727 = DEFINITIONAL_REPRESENTATION('',(#2728),#2732);
#2728 = LINE('',#2729,#2730);
#2729 = CARTESIAN_POINT('',(0.,0.));
#2730 = VECTOR('',#2731,1.);
#2731 = DIRECTION('',(1.,0.));
#2732 = ( GEOMETRIC_REPRESENTATION_CONTEXT(2) 
PARAMETRIC_REPRESENTATION_CONTEXT() REPRESENTATION_CONTEXT('2D SPACE',''
  ) );
#2733 = ORIENTED_EDGE('',*,*,#2734,.T.);
#2734 = EDGE_CURVE('',#2705,#2735,#2737,.T.);
#2735 = VERTEX_POINT('',#2736);
#2736 = CARTESIAN_POINT('',(-3.237462272298,-99.7811504049,
    101.33959637962));
#2737 = SURFACE_CURVE('',#2738,(#2742,#2749),.PCURVE_S1.);
#2738 = B_SPLINE_CURVE_WITH_KNOTS('',2,(#2739,#2740,#2741),
  .UNSPECIFIED.,.F.,.F.,(3,3),(0.,1.),.PIECEWISE_BEZIER_KNOTS.);
#2739 = CARTESIAN_POINT('',(-5.25271405074,-99.7811504049,100.6398540697
    ));
#2740 = CARTESIAN_POINT('',(-3.965176052168,-99.7811504049,
    100.6398540697));
#2741 = CARTESIAN_POINT('',(-3.237462272298,-99.7811504049,
    101.33959637962));
#2742 = PCURVE('',#584,#2743);
#2743 = DEFINITIONAL_REPRESENTATION('',(#2744),#2748);
#2744 = B_SPLINE_CURVE_WITH_KNOTS('',2,(#2745,#2746,#2747),
  .UNSPECIFIED.,.F.,.F.,(3,3),(0.,1.),.PIECEWISE_BEZIER_KNOTS.);
#2745 = CARTESIAN_POINT('',(-5.25271405074,1.734478441111));
#2746 = CARTESIAN_POINT('',(-3.965176052168,1.734478441111));
#2747 = CARTESIAN_POINT('',(-3.237462272298,2.43422075104));
#2748 = ( GEOMETRIC_REPRESENTATION_CONTEXT(2) 
PARAMETRIC_REPRESENTATION_CONTEXT() REPRESENTATION_CONTEXT('2D SPACE',''
  ) );
#2749 = PCURVE('',#2750,#2757);
#2750 = SURFACE_OF_LINEAR_EXTRUSION('',#2751,#2755);
#2751 = B_SPLINE_CURVE_WITH_KNOTS('',2,(#2752,#2753,#2754),
  .UNSPECIFIED.,.F.,.F.,(3,3),(0.,1.),.PIECEWISE_BEZIER_KNOTS.);
#2752 = CARTESIAN_POINT('',(-5.25271405074,-99.7811504049,100.6398540697
    ));
#2753 = CARTESIAN_POINT('',(-3.965176052168,-99.7811504049,
    100.6398540697));
#2754 = CARTESIAN_POINT('',(-3.237462272298,-99.7811504049,
    101.33959637962));
#2755 = VECTOR('',#2756,1.);
#2756 = DIRECTION('',(-0.,1.,-1.110223024625E-16));
#2757 = DEFINITIONAL_REPRESENTATION('',(#2758),#2762);
#2758 = LINE('',#2759,#2760);
#2759 = CARTESIAN_POINT('',(0.,0.));
#2760 = VECTOR('',#2761,1.);
#2761 = DIRECTION('',(1.,0.));
#2762 = ( GEOMETRIC_REPRESENTATION_CONTEXT(2) 
PARAMETRIC_REPRESENTATION_CONTEXT() REPRESENTATION_CONTEXT('2D SPACE',''
  ) );
#2763 = ORIENTED_EDGE('',*,*,#2764,.T.);
#2764 = EDGE_CURVE('',#2735,#2765,#2767,.T.);
#2765 = VERTEX_POINT('',#2766);
#2766 = CARTESIAN_POINT('',(-2.509748492429,-99.7811504049,
    103.28952065335));
#2767 = SURFACE_CURVE('',#2768,(#2772,#2779),.PCURVE_S1.);
#2768 = B_SPLINE_CURVE_WITH_KNOTS('',2,(#2769,#2770,#2771),
  .UNSPECIFIED.,.F.,.F.,(3,3),(0.,1.),.PIECEWISE_BEZIER_KNOTS.);
#2769 = CARTESIAN_POINT('',(-3.237462272298,-99.7811504049,
    101.33959637962));
#2770 = CARTESIAN_POINT('',(-2.509748492429,-99.7811504049,
    102.03933868955));
#2771 = CARTESIAN_POINT('',(-2.509748492429,-99.7811504049,
    103.28952065335));
#2772 = PCURVE('',#584,#2773);
#2773 = DEFINITIONAL_REPRESENTATION('',(#2774),#2778);
#2774 = B_SPLINE_CURVE_WITH_KNOTS('',2,(#2775,#2776,#2777),
  .UNSPECIFIED.,.F.,.F.,(3,3),(0.,1.),.PIECEWISE_BEZIER_KNOTS.);
#2775 = CARTESIAN_POINT('',(-3.237462272298,2.43422075104));
#2776 = CARTESIAN_POINT('',(-2.509748492429,3.133963060968));
#2777 = CARTESIAN_POINT('',(-2.509748492429,4.384145024766));
#2778 = ( GEOMETRIC_REPRESENTATION_CONTEXT(2) 
PARAMETRIC_REPRESENTATION_CONTEXT() REPRESENTATION_CONTEXT('2D SPACE',''
  ) );
#2779 = PCURVE('',#2780,#2787);
#2780 = SURFACE_OF_LINEAR_EXTRUSION('',#2781,#2785);
#2781 = B_SPLINE_CURVE_WITH_KNOTS('',2,(#2782,#2783,#2784),
  .UNSPECIFIED.,.F.,.F.,(3,3),(0.,1.),.PIECEWISE_BEZIER_KNOTS.);
#2782 = CARTESIAN_POINT('',(-3.237462272298,-99.7811504049,
    101.33959637962));
#2783 = CARTESIAN_POINT('',(-2.509748492429,-99.7811504049,
    102.03933868955));
#2784 = CARTESIAN_POINT('',(-2.509748492429,-99.7811504049,
    103.28952065335));
#2785 = VECTOR('',#2786,1.);
#2786 = DIRECTION('',(-0.,1.,-1.110223024625E-16));
#2787 = DEFINITIONAL_REPRESENTATION('',(#2788),#2792);
#2788 = LINE('',#2789,#2790);
#2789 = CARTESIAN_POINT('',(0.,0.));
#2790 = VECTOR('',#2791,1.);
#2791 = DIRECTION('',(1.,0.));
#2792 = ( GEOMETRIC_REPRESENTATION_CONTEXT(2) 
PARAMETRIC_REPRESENTATION_CONTEXT() REPRESENTATION_CONTEXT('2D SPACE',''
  ) );
#2793 = ORIENTED_EDGE('',*,*,#2794,.T.);
#2794 = EDGE_CURVE('',#2765,#2795,#2797,.T.);
#2795 = VERTEX_POINT('',#2796);
#2796 = CARTESIAN_POINT('',(-5.25271405074,-99.7811504049,
    105.69664634781));
#2797 = SURFACE_CURVE('',#2798,(#2802,#2809),.PCURVE_S1.);
#2798 = B_SPLINE_CURVE_WITH_KNOTS('',2,(#2799,#2800,#2801),
  .UNSPECIFIED.,.F.,.F.,(3,3),(0.,1.),.PIECEWISE_BEZIER_KNOTS.);
#2799 = CARTESIAN_POINT('',(-2.509748492429,-99.7811504049,
    103.28952065335));
#2800 = CARTESIAN_POINT('',(-2.509748492429,-99.7811504049,
    105.69664634781));
#2801 = CARTESIAN_POINT('',(-5.25271405074,-99.7811504049,
    105.69664634781));
#2802 = PCURVE('',#584,#2803);
#2803 = DEFINITIONAL_REPRESENTATION('',(#2804),#2808);
#2804 = B_SPLINE_CURVE_WITH_KNOTS('',2,(#2805,#2806,#2807),
  .UNSPECIFIED.,.F.,.F.,(3,3),(0.,1.),.PIECEWISE_BEZIER_KNOTS.);
#2805 = CARTESIAN_POINT('',(-2.509748492429,4.384145024766));
#2806 = CARTESIAN_POINT('',(-2.509748492429,6.791270719224));
#2807 = CARTESIAN_POINT('',(-5.25271405074,6.791270719224));
#2808 = ( GEOMETRIC_REPRESENTATION_CONTEXT(2) 
PARAMETRIC_REPRESENTATION_CONTEXT() REPRESENTATION_CONTEXT('2D SPACE',''
  ) );
#2809 = PCURVE('',#2810,#2817);
#2810 = SURFACE_OF_LINEAR_EXTRUSION('',#2811,#2815);
#2811 = B_SPLINE_CURVE_WITH_KNOTS('',2,(#2812,#2813,#2814),
  .UNSPECIFIED.,.F.,.F.,(3,3),(0.,1.),.PIECEWISE_BEZIER_KNOTS.);
#2812 = CARTESIAN_POINT('',(-2.509748492429,-99.7811504049,
    103.28952065335));
#2813 = CARTESIAN_POINT('',(-2.509748492429,-99.7811504049,
    105.69664634781));
#2814 = CARTESIAN_POINT('',(-5.25271405074,-99.7811504049,
    105.69664634781));
#2815 = VECTOR('',#2816,1.);
#2816 = DIRECTION('',(-0.,1.,-1.110223024625E-16));
#2817 = DEFINITIONAL_REPRESENTATION('',(#2818),#2822);
#2818 = LINE('',#2819,#2820);
#2819 = CARTESIAN_POINT('',(0.,0.));
#2820 = VECTOR('',#2821,1.);
#2821 = DIRECTION('',(1.,0.));
#2822 = ( GEOMETRIC_REPRESENTATION_CONTEXT(2) 
PARAMETRIC_REPRESENTATION_CONTEXT() REPRESENTATION_CONTEXT('2D SPACE',''
  ) );
#2823 = ORIENTED_EDGE('',*,*,#2824,.T.);
#2824 = EDGE_CURVE('',#2795,#2825,#2827,.T.);
#2825 = VERTEX_POINT('',#2826);
#2826 = CARTESIAN_POINT('',(-5.943162908115,-99.7811504049,
    105.67799870118));
#2827 = SURFACE_CURVE('',#2828,(#2832,#2839),.PCURVE_S1.);
#2828 = LINE('',#2829,#2830);
#2829 = CARTESIAN_POINT('',(-5.25271405074,-99.7811504049,
    105.69664634781));
#2830 = VECTOR('',#2831,1.);
#2831 = DIRECTION('',(-0.999635483222,-2.997397969732E-18,
    -2.699816075913E-02));
#2832 = PCURVE('',#584,#2833);
#2833 = DEFINITIONAL_REPRESENTATION('',(#2834),#2838);
#2834 = LINE('',#2835,#2836);
#2835 = CARTESIAN_POINT('',(-5.25271405074,6.791270719224));
#2836 = VECTOR('',#2837,1.);
#2837 = DIRECTION('',(-0.999635483222,-2.699816075913E-02));
#2838 = ( GEOMETRIC_REPRESENTATION_CONTEXT(2) 
PARAMETRIC_REPRESENTATION_CONTEXT() REPRESENTATION_CONTEXT('2D SPACE',''
  ) );
#2839 = PCURVE('',#2840,#2845);
#2840 = PLANE('',#2841);
#2841 = AXIS2_PLACEMENT_3D('',#2842,#2843,#2844);
#2842 = CARTESIAN_POINT('',(-5.25271405074,-99.7811504049,
    105.69664634781));
#2843 = DIRECTION('',(2.699816075913E-02,-1.109818329705E-16,
    -0.999635483222));
#2844 = DIRECTION('',(-0.999635483222,-2.997397969732E-18,
    -2.699816075913E-02));
#2845 = DEFINITIONAL_REPRESENTATION('',(#2846),#2850);
#2846 = LINE('',#2847,#2848);
#2847 = CARTESIAN_POINT('',(0.,0.));
#2848 = VECTOR('',#2849,1.);
#2849 = DIRECTION('',(1.,0.));
#2850 = ( GEOMETRIC_REPRESENTATION_CONTEXT(2) 
PARAMETRIC_REPRESENTATION_CONTEXT() REPRESENTATION_CONTEXT('2D SPACE',''
  ) );
#2851 = ORIENTED_EDGE('',*,*,#2852,.T.);
#2852 = EDGE_CURVE('',#2825,#2853,#2855,.T.);
#2853 = VERTEX_POINT('',#2854);
#2854 = CARTESIAN_POINT('',(-6.148408504057,-99.7811504049,
    105.67799870118));
#2855 = SURFACE_CURVE('',#2856,(#2860,#2867),.PCURVE_S1.);
#2856 = LINE('',#2857,#2858);
#2857 = CARTESIAN_POINT('',(-5.943162908115,-99.7811504049,
    105.67799870118));
#2858 = VECTOR('',#2859,1.);
#2859 = DIRECTION('',(-1.,0.,0.));
#2860 = PCURVE('',#584,#2861);
#2861 = DEFINITIONAL_REPRESENTATION('',(#2862),#2866);
#2862 = LINE('',#2863,#2864);
#2863 = CARTESIAN_POINT('',(-5.943162908115,6.772623072596));
#2864 = VECTOR('',#2865,1.);
#2865 = DIRECTION('',(-1.,0.));
#2866 = ( GEOMETRIC_REPRESENTATION_CONTEXT(2) 
PARAMETRIC_REPRESENTATION_CONTEXT() REPRESENTATION_CONTEXT('2D SPACE',''
  ) );
#2867 = PCURVE('',#2868,#2873);
#2868 = PLANE('',#2869);
#2869 = AXIS2_PLACEMENT_3D('',#2870,#2871,#2872);
#2870 = CARTESIAN_POINT('',(-5.943162908115,-99.7811504049,
    105.67799870118));
#2871 = DIRECTION('',(0.,-1.110223024625E-16,-1.));
#2872 = DIRECTION('',(-1.,0.,0.));
#2873 = DEFINITIONAL_REPRESENTATION('',(#2874),#2878);
#2874 = LINE('',#2875,#2876);
#2875 = CARTESIAN_POINT('',(0.,-0.));
#2876 = VECTOR('',#2877,1.);
#2877 = DIRECTION('',(1.,0.));
#2878 = ( GEOMETRIC_REPRESENTATION_CONTEXT(2) 
PARAMETRIC_REPRESENTATION_CONTEXT() REPRESENTATION_CONTEXT('2D SPACE',''
  ) );
#2879 = ORIENTED_EDGE('',*,*,#2880,.T.);
#2880 = EDGE_CURVE('',#2853,#2881,#2883,.T.);
#2881 = VERTEX_POINT('',#2882);
#2882 = CARTESIAN_POINT('',(-6.148408504057,-99.7811504049,
    107.07748332104));
#2883 = SURFACE_CURVE('',#2884,(#2888,#2895),.PCURVE_S1.);
#2884 = LINE('',#2885,#2886);
#2885 = CARTESIAN_POINT('',(-6.148408504057,-99.7811504049,
    105.67799870118));
#2886 = VECTOR('',#2887,1.);
#2887 = DIRECTION('',(0.,1.110223024625E-16,1.));
#2888 = PCURVE('',#584,#2889);
#2889 = DEFINITIONAL_REPRESENTATION('',(#2890),#2894);
#2890 = LINE('',#2891,#2892);
#2891 = CARTESIAN_POINT('',(-6.148408504057,6.772623072596));
#2892 = VECTOR('',#2893,1.);
#2893 = DIRECTION('',(0.,1.));
#2894 = ( GEOMETRIC_REPRESENTATION_CONTEXT(2) 
PARAMETRIC_REPRESENTATION_CONTEXT() REPRESENTATION_CONTEXT('2D SPACE',''
  ) );
#2895 = PCURVE('',#2896,#2901);
#2896 = PLANE('',#2897);
#2897 = AXIS2_PLACEMENT_3D('',#2898,#2899,#2900);
#2898 = CARTESIAN_POINT('',(-6.148408504057,-99.7811504049,
    105.67799870118));
#2899 = DIRECTION('',(-1.,0.,0.));
#2900 = DIRECTION('',(0.,1.110223024625E-16,1.));
#2901 = DEFINITIONAL_REPRESENTATION('',(#2902),#2906);
#2902 = LINE('',#2903,#2904);
#2903 = CARTESIAN_POINT('',(0.,0.));
#2904 = VECTOR('',#2905,1.);
#2905 = DIRECTION('',(1.,0.));
#2906 = ( GEOMETRIC_REPRESENTATION_CONTEXT(2) 
PARAMETRIC_REPRESENTATION_CONTEXT() REPRESENTATION_CONTEXT('2D SPACE',''
  ) );
#2907 = ORIENTED_EDGE('',*,*,#2908,.T.);
#2908 = EDGE_CURVE('',#2881,#2909,#2911,.T.);
#2909 = VERTEX_POINT('',#2910);
#2910 = CARTESIAN_POINT('',(-3.638660011628,-99.7811504049,
    107.52530017694));
#2911 = SURFACE_CURVE('',#2912,(#2916,#2923),.PCURVE_S1.);
#2912 = B_SPLINE_CURVE_WITH_KNOTS('',2,(#2913,#2914,#2915),
  .UNSPECIFIED.,.F.,.F.,(3,3),(0.,1.),.PIECEWISE_BEZIER_KNOTS.);
#2913 = CARTESIAN_POINT('',(-6.148408504057,-99.7811504049,
    107.07748332104));
#2914 = CARTESIAN_POINT('',(-4.375727985571,-99.7811504049,
    107.11477861429));
#2915 = CARTESIAN_POINT('',(-3.638660011628,-99.7811504049,
    107.52530017694));
#2916 = PCURVE('',#584,#2917);
#2917 = DEFINITIONAL_REPRESENTATION('',(#2918),#2922);
#2918 = B_SPLINE_CURVE_WITH_KNOTS('',2,(#2919,#2920,#2921),
  .UNSPECIFIED.,.F.,.F.,(3,3),(0.,1.),.PIECEWISE_BEZIER_KNOTS.);
#2919 = CARTESIAN_POINT('',(-6.148408504057,8.172107692453));
#2920 = CARTESIAN_POINT('',(-4.375727985571,8.209402985708));
#2921 = CARTESIAN_POINT('',(-3.638660011628,8.619924548351));
#2922 = ( GEOMETRIC_REPRESENTATION_CONTEXT(2) 
PARAMETRIC_REPRESENTATION_CONTEXT() REPRESENTATION_CONTEXT('2D SPACE',''
  ) );
#2923 = PCURVE('',#2924,#2931);
#2924 = SURFACE_OF_LINEAR_EXTRUSION('',#2925,#2929);
#2925 = B_SPLINE_CURVE_WITH_KNOTS('',2,(#2926,#2927,#2928),
  .UNSPECIFIED.,.F.,.F.,(3,3),(0.,1.),.PIECEWISE_BEZIER_KNOTS.);
#2926 = CARTESIAN_POINT('',(-6.148408504057,-99.7811504049,
    107.07748332104));
#2927 = CARTESIAN_POINT('',(-4.375727985571,-99.7811504049,
    107.11477861429));
#2928 = CARTESIAN_POINT('',(-3.638660011628,-99.7811504049,
    107.52530017694));
#2929 = VECTOR('',#2930,1.);
#2930 = DIRECTION('',(-0.,1.,-1.110223024625E-16));
#2931 = DEFINITIONAL_REPRESENTATION('',(#2932),#2936);
#2932 = LINE('',#2933,#2934);
#2933 = CARTESIAN_POINT('',(0.,0.));
#2934 = VECTOR('',#2935,1.);
#2935 = DIRECTION('',(1.,0.));
#2936 = ( GEOMETRIC_REPRESENTATION_CONTEXT(2) 
PARAMETRIC_REPRESENTATION_CONTEXT() REPRESENTATION_CONTEXT('2D SPACE',''
  ) );
#2937 = ORIENTED_EDGE('',*,*,#2938,.T.);
#2938 = EDGE_CURVE('',#2909,#2939,#2941,.T.);
#2939 = VERTEX_POINT('',#2940);
#2940 = CARTESIAN_POINT('',(-2.901592037685,-99.7811504049,
    109.14870841012));
#2941 = SURFACE_CURVE('',#2942,(#2946,#2953),.PCURVE_S1.);
#2942 = B_SPLINE_CURVE_WITH_KNOTS('',2,(#2943,#2944,#2945),
  .UNSPECIFIED.,.F.,.F.,(3,3),(0.,1.),.PIECEWISE_BEZIER_KNOTS.);
#2943 = CARTESIAN_POINT('',(-3.638660011628,-99.7811504049,
    107.52530017694));
#2944 = CARTESIAN_POINT('',(-2.901592037685,-99.7811504049,
    107.93582173958));
#2945 = CARTESIAN_POINT('',(-2.901592037685,-99.7811504049,
    109.14870841012));
#2946 = PCURVE('',#584,#2947);
#2947 = DEFINITIONAL_REPRESENTATION('',(#2948),#2952);
#2948 = B_SPLINE_CURVE_WITH_KNOTS('',2,(#2949,#2950,#2951),
  .UNSPECIFIED.,.F.,.F.,(3,3),(0.,1.),.PIECEWISE_BEZIER_KNOTS.);
#2949 = CARTESIAN_POINT('',(-3.638660011628,8.619924548351));
#2950 = CARTESIAN_POINT('',(-2.901592037685,9.030446110995));
#2951 = CARTESIAN_POINT('',(-2.901592037685,10.243332781537));
#2952 = ( GEOMETRIC_REPRESENTATION_CONTEXT(2) 
PARAMETRIC_REPRESENTATION_CONTEXT() REPRESENTATION_CONTEXT('2D SPACE',''
  ) );
#2953 = PCURVE('',#2954,#2961);
#2954 = SURFACE_OF_LINEAR_EXTRUSION('',#2955,#2959);
#2955 = B_SPLINE_CURVE_WITH_KNOTS('',2,(#2956,#2957,#2958),
  .UNSPECIFIED.,.F.,.F.,(3,3),(0.,1.),.PIECEWISE_BEZIER_KNOTS.);
#2956 = CARTESIAN_POINT('',(-3.638660011628,-99.7811504049,
    107.52530017694));
#2957 = CARTESIAN_POINT('',(-2.901592037685,-99.7811504049,
    107.93582173958));
#2958 = CARTESIAN_POINT('',(-2.901592037685,-99.7811504049,
    109.14870841012));
#2959 = VECTOR('',#2960,1.);
#2960 = DIRECTION('',(-0.,1.,-1.110223024625E-16));
#2961 = DEFINITIONAL_REPRESENTATION('',(#2962),#2966);
#2962 = LINE('',#2963,#2964);
#2963 = CARTESIAN_POINT('',(0.,0.));
#2964 = VECTOR('',#2965,1.);
#2965 = DIRECTION('',(1.,0.));
#2966 = ( GEOMETRIC_REPRESENTATION_CONTEXT(2) 
PARAMETRIC_REPRESENTATION_CONTEXT() REPRESENTATION_CONTEXT('2D SPACE',''
  ) );
#2967 = ORIENTED_EDGE('',*,*,#2968,.T.);
#2968 = EDGE_CURVE('',#2939,#2257,#2969,.T.);
#2969 = SURFACE_CURVE('',#2970,(#2974,#2981),.PCURVE_S1.);
#2970 = B_SPLINE_CURVE_WITH_KNOTS('',2,(#2971,#2972,#2973),
  .UNSPECIFIED.,.F.,.F.,(3,3),(0.,1.),.PIECEWISE_BEZIER_KNOTS.);
#2971 = CARTESIAN_POINT('',(-2.901592037685,-99.7811504049,
    109.14870841012));
#2972 = CARTESIAN_POINT('',(-2.901592037685,-99.7811504049,
    110.19364477798));
#2973 = CARTESIAN_POINT('',(-3.526683019583,-99.7811504049,
    110.80008811325));
#2974 = PCURVE('',#584,#2975);
#2975 = DEFINITIONAL_REPRESENTATION('',(#2976),#2980);
#2976 = B_SPLINE_CURVE_WITH_KNOTS('',2,(#2977,#2978,#2979),
  .UNSPECIFIED.,.F.,.F.,(3,3),(0.,1.),.PIECEWISE_BEZIER_KNOTS.);
#2977 = CARTESIAN_POINT('',(-2.901592037685,10.243332781537));
#2978 = CARTESIAN_POINT('',(-2.901592037685,11.288269149393));
#2979 = CARTESIAN_POINT('',(-3.526683019583,11.894712484665));
#2980 = ( GEOMETRIC_REPRESENTATION_CONTEXT(2) 
PARAMETRIC_REPRESENTATION_CONTEXT() REPRESENTATION_CONTEXT('2D SPACE',''
  ) );
#2981 = PCURVE('',#2982,#2989);
#2982 = SURFACE_OF_LINEAR_EXTRUSION('',#2983,#2987);
#2983 = B_SPLINE_CURVE_WITH_KNOTS('',2,(#2984,#2985,#2986),
  .UNSPECIFIED.,.F.,.F.,(3,3),(0.,1.),.PIECEWISE_BEZIER_KNOTS.);
#2984 = CARTESIAN_POINT('',(-2.901592037685,-99.7811504049,
    109.14870841012));
#2985 = CARTESIAN_POINT('',(-2.901592037685,-99.7811504049,
    110.19364477798));
#2986 = CARTESIAN_POINT('',(-3.526683019583,-99.7811504049,
    110.80008811325));
#2987 = VECTOR('',#2988,1.);
#2988 = DIRECTION('',(-0.,1.,-1.110223024625E-16));
#2989 = DEFINITIONAL_REPRESENTATION('',(#2990),#2994);
#2990 = LINE('',#2991,#2992);
#2991 = CARTESIAN_POINT('',(0.,0.));
#2992 = VECTOR('',#2993,1.);
#2993 = DIRECTION('',(1.,0.));
#2994 = ( GEOMETRIC_REPRESENTATION_CONTEXT(2) 
PARAMETRIC_REPRESENTATION_CONTEXT() REPRESENTATION_CONTEXT('2D SPACE',''
  ) );
#2995 = FACE_BOUND('',#2996,.T.);
#2996 = EDGE_LOOP('',(#2997,#3027,#3055,#3083,#3111,#3139,#3169,#3199,
    #3229,#3259,#3289,#3319,#3349,#3379,#3409,#3439,#3469,#3499,#3527,
    #3557,#3587,#3617,#3647,#3677,#3707,#3737));
#2997 = ORIENTED_EDGE('',*,*,#2998,.T.);
#2998 = EDGE_CURVE('',#2999,#3001,#3003,.T.);
#2999 = VERTEX_POINT('',#3000);
#3000 = CARTESIAN_POINT('',(1.166206812454,-99.7811504049,
    105.64070340793));
#3001 = VERTEX_POINT('',#3002);
#3002 = CARTESIAN_POINT('',(2.155200240428,-99.7811504049,
    112.84337210315));
#3003 = SURFACE_CURVE('',#3004,(#3008,#3015),.PCURVE_S1.);
#3004 = LINE('',#3005,#3006);
#3005 = CARTESIAN_POINT('',(1.166206812454,-99.7811504049,
    105.64070340793));
#3006 = VECTOR('',#3007,1.);
#3007 = DIRECTION('',(0.136032920634,1.099902743767E-16,0.990704317394)
  );
#3008 = PCURVE('',#584,#3009);
#3009 = DEFINITIONAL_REPRESENTATION('',(#3010),#3014);
#3010 = LINE('',#3011,#3012);
#3011 = CARTESIAN_POINT('',(1.166206812454,6.735327779341));
#3012 = VECTOR('',#3013,1.);
#3013 = DIRECTION('',(0.136032920634,0.990704317394));
#3014 = ( GEOMETRIC_REPRESENTATION_CONTEXT(2) 
PARAMETRIC_REPRESENTATION_CONTEXT() REPRESENTATION_CONTEXT('2D SPACE',''
  ) );
#3015 = PCURVE('',#3016,#3021);
#3016 = PLANE('',#3017);
#3017 = AXIS2_PLACEMENT_3D('',#3018,#3019,#3020);
#3018 = CARTESIAN_POINT('',(1.166206812454,-99.7811504049,
    105.64070340793));
#3019 = DIRECTION('',(-0.990704317394,1.510268805945E-17,0.136032920634)
  );
#3020 = DIRECTION('',(0.136032920634,1.099902743767E-16,0.990704317394)
  );
#3021 = DEFINITIONAL_REPRESENTATION('',(#3022),#3026);
#3022 = LINE('',#3023,#3024);
#3023 = CARTESIAN_POINT('',(0.,0.));
#3024 = VECTOR('',#3025,1.);
#3025 = DIRECTION('',(1.,0.));
#3026 = ( GEOMETRIC_REPRESENTATION_CONTEXT(2) 
PARAMETRIC_REPRESENTATION_CONTEXT() REPRESENTATION_CONTEXT('2D SPACE',''
  ) );
#3027 = ORIENTED_EDGE('',*,*,#3028,.T.);
#3028 = EDGE_CURVE('',#3001,#3029,#3031,.T.);
#3029 = VERTEX_POINT('',#3030);
#3030 = CARTESIAN_POINT('',(8.984673037025,-99.7811504049,
    112.84337210315));
#3031 = SURFACE_CURVE('',#3032,(#3036,#3043),.PCURVE_S1.);
#3032 = LINE('',#3033,#3034);
#3033 = CARTESIAN_POINT('',(2.155200240428,-99.7811504049,
    112.84337210315));
#3034 = VECTOR('',#3035,1.);
#3035 = DIRECTION('',(1.,0.,0.));
#3036 = PCURVE('',#584,#3037);
#3037 = DEFINITIONAL_REPRESENTATION('',(#3038),#3042);
#3038 = LINE('',#3039,#3040);
#3039 = CARTESIAN_POINT('',(2.155200240428,13.937996474568));
#3040 = VECTOR('',#3041,1.);
#3041 = DIRECTION('',(1.,0.));
#3042 = ( GEOMETRIC_REPRESENTATION_CONTEXT(2) 
PARAMETRIC_REPRESENTATION_CONTEXT() REPRESENTATION_CONTEXT('2D SPACE',''
  ) );
#3043 = PCURVE('',#3044,#3049);
#3044 = PLANE('',#3045);
#3045 = AXIS2_PLACEMENT_3D('',#3046,#3047,#3048);
#3046 = CARTESIAN_POINT('',(2.155200240428,-99.7811504049,
    112.84337210315));
#3047 = DIRECTION('',(0.,1.110223024625E-16,1.));
#3048 = DIRECTION('',(1.,0.,0.));
#3049 = DEFINITIONAL_REPRESENTATION('',(#3050),#3054);
#3050 = LINE('',#3051,#3052);
#3051 = CARTESIAN_POINT('',(0.,0.));
#3052 = VECTOR('',#3053,1.);
#3053 = DIRECTION('',(1.,0.));
#3054 = ( GEOMETRIC_REPRESENTATION_CONTEXT(2) 
PARAMETRIC_REPRESENTATION_CONTEXT() REPRESENTATION_CONTEXT('2D SPACE',''
  ) );
#3055 = ORIENTED_EDGE('',*,*,#3056,.T.);
#3056 = EDGE_CURVE('',#3029,#3057,#3059,.T.);
#3057 = VERTEX_POINT('',#3058);
#3058 = CARTESIAN_POINT('',(8.984673037025,-99.7811504049,
    111.21993349921));
#3059 = SURFACE_CURVE('',#3060,(#3064,#3071),.PCURVE_S1.);
#3060 = LINE('',#3061,#3062);
#3061 = CARTESIAN_POINT('',(8.984673037025,-99.7811504049,
    112.84337210315));
#3062 = VECTOR('',#3063,1.);
#3063 = DIRECTION('',(0.,-1.110223024625E-16,-1.));
#3064 = PCURVE('',#584,#3065);
#3065 = DEFINITIONAL_REPRESENTATION('',(#3066),#3070);
#3066 = LINE('',#3067,#3068);
#3067 = CARTESIAN_POINT('',(8.984673037025,13.937996474568));
#3068 = VECTOR('',#3069,1.);
#3069 = DIRECTION('',(0.,-1.));
#3070 = ( GEOMETRIC_REPRESENTATION_CONTEXT(2) 
PARAMETRIC_REPRESENTATION_CONTEXT() REPRESENTATION_CONTEXT('2D SPACE',''
  ) );
#3071 = PCURVE('',#3072,#3077);
#3072 = PLANE('',#3073);
#3073 = AXIS2_PLACEMENT_3D('',#3074,#3075,#3076);
#3074 = CARTESIAN_POINT('',(8.984673037025,-99.7811504049,
    112.84337210315));
#3075 = DIRECTION('',(1.,0.,0.));
#3076 = DIRECTION('',(0.,-1.110223024625E-16,-1.));
#3077 = DEFINITIONAL_REPRESENTATION('',(#3078),#3082);
#3078 = LINE('',#3079,#3080);
#3079 = CARTESIAN_POINT('',(0.,0.));
#3080 = VECTOR('',#3081,1.);
#3081 = DIRECTION('',(1.,0.));
#3082 = ( GEOMETRIC_REPRESENTATION_CONTEXT(2) 
PARAMETRIC_REPRESENTATION_CONTEXT() REPRESENTATION_CONTEXT('2D SPACE',''
  ) );
#3083 = ORIENTED_EDGE('',*,*,#3084,.T.);
#3084 = EDGE_CURVE('',#3057,#3085,#3087,.T.);
#3085 = VERTEX_POINT('',#3086);
#3086 = CARTESIAN_POINT('',(3.480033532255,-99.7811504049,
    111.21993349921));
#3087 = SURFACE_CURVE('',#3088,(#3092,#3099),.PCURVE_S1.);
#3088 = LINE('',#3089,#3090);
#3089 = CARTESIAN_POINT('',(8.984673037025,-99.7811504049,
    111.21993349921));
#3090 = VECTOR('',#3091,1.);
#3091 = DIRECTION('',(-1.,0.,0.));
#3092 = PCURVE('',#584,#3093);
#3093 = DEFINITIONAL_REPRESENTATION('',(#3094),#3098);
#3094 = LINE('',#3095,#3096);
#3095 = CARTESIAN_POINT('',(8.984673037025,12.314557870622));
#3096 = VECTOR('',#3097,1.);
#3097 = DIRECTION('',(-1.,0.));
#3098 = ( GEOMETRIC_REPRESENTATION_CONTEXT(2) 
PARAMETRIC_REPRESENTATION_CONTEXT() REPRESENTATION_CONTEXT('2D SPACE',''
  ) );
#3099 = PCURVE('',#3100,#3105);
#3100 = PLANE('',#3101);
#3101 = AXIS2_PLACEMENT_3D('',#3102,#3103,#3104);
#3102 = CARTESIAN_POINT('',(8.984673037025,-99.7811504049,
    111.21993349921));
#3103 = DIRECTION('',(0.,-1.110223024625E-16,-1.));
#3104 = DIRECTION('',(-1.,0.,0.));
#3105 = DEFINITIONAL_REPRESENTATION('',(#3106),#3110);
#3106 = LINE('',#3107,#3108);
#3107 = CARTESIAN_POINT('',(0.,-0.));
#3108 = VECTOR('',#3109,1.);
#3109 = DIRECTION('',(1.,0.));
#3110 = ( GEOMETRIC_REPRESENTATION_CONTEXT(2) 
PARAMETRIC_REPRESENTATION_CONTEXT() REPRESENTATION_CONTEXT('2D SPACE',''
  ) );
#3111 = ORIENTED_EDGE('',*,*,#3112,.T.);
#3112 = EDGE_CURVE('',#3085,#3113,#3115,.T.);
#3113 = VERTEX_POINT('',#3114);
#3114 = CARTESIAN_POINT('',(2.957595719087,-99.7811504049,107.5253305477
    ));
#3115 = SURFACE_CURVE('',#3116,(#3120,#3127),.PCURVE_S1.);
#3116 = LINE('',#3117,#3118);
#3117 = CARTESIAN_POINT('',(3.480033532255,-99.7811504049,
    111.21993349921));
#3118 = VECTOR('',#3119,1.);
#3119 = DIRECTION('',(-0.140012783158,-1.09928699036E-16,-0.990149696032
    ));
#3120 = PCURVE('',#584,#3121);
#3121 = DEFINITIONAL_REPRESENTATION('',(#3122),#3126);
#3122 = LINE('',#3123,#3124);
#3123 = CARTESIAN_POINT('',(3.480033532255,12.314557870622));
#3124 = VECTOR('',#3125,1.);
#3125 = DIRECTION('',(-0.140012783158,-0.990149696032));
#3126 = ( GEOMETRIC_REPRESENTATION_CONTEXT(2) 
PARAMETRIC_REPRESENTATION_CONTEXT() REPRESENTATION_CONTEXT('2D SPACE',''
  ) );
#3127 = PCURVE('',#3128,#3133);
#3128 = PLANE('',#3129);
#3129 = AXIS2_PLACEMENT_3D('',#3130,#3131,#3132);
#3130 = CARTESIAN_POINT('',(3.480033532255,-99.7811504049,
    111.21993349921));
#3131 = DIRECTION('',(0.990149696032,-1.554454156036E-17,-0.140012783158
    ));
#3132 = DIRECTION('',(-0.140012783158,-1.09928699036E-16,-0.990149696032
    ));
#3133 = DEFINITIONAL_REPRESENTATION('',(#3134),#3138);
#3134 = LINE('',#3135,#3136);
#3135 = CARTESIAN_POINT('',(0.,0.));
#3136 = VECTOR('',#3137,1.);
#3137 = DIRECTION('',(1.,0.));
#3138 = ( GEOMETRIC_REPRESENTATION_CONTEXT(2) 
PARAMETRIC_REPRESENTATION_CONTEXT() REPRESENTATION_CONTEXT('2D SPACE',''
  ) );
#3139 = ORIENTED_EDGE('',*,*,#3140,.T.);
#3140 = EDGE_CURVE('',#3113,#3141,#3143,.T.);
#3141 = VERTEX_POINT('',#3142);
#3142 = CARTESIAN_POINT('',(5.4020167068,-99.7811504049,108.32766528483)
  );
#3143 = SURFACE_CURVE('',#3144,(#3148,#3155),.PCURVE_S1.);
#3144 = B_SPLINE_CURVE_WITH_KNOTS('',2,(#3145,#3146,#3147),
  .UNSPECIFIED.,.F.,.F.,(3,3),(0.,1.),.PIECEWISE_BEZIER_KNOTS.);
#3145 = CARTESIAN_POINT('',(2.957595719087,-99.7811504049,107.5253305477
    ));
#3146 = CARTESIAN_POINT('',(4.058475026825,-99.7811504049,
    108.32766528483));
#3147 = CARTESIAN_POINT('',(5.4020167068,-99.7811504049,108.32766528483)
  );
#3148 = PCURVE('',#584,#3149);
#3149 = DEFINITIONAL_REPRESENTATION('',(#3150),#3154);
#3150 = B_SPLINE_CURVE_WITH_KNOTS('',2,(#3151,#3152,#3153),
  .UNSPECIFIED.,.F.,.F.,(3,3),(0.,1.),.PIECEWISE_BEZIER_KNOTS.);
#3151 = CARTESIAN_POINT('',(2.957595719087,8.619954919111));
#3152 = CARTESIAN_POINT('',(4.058475026825,9.422289656251));
#3153 = CARTESIAN_POINT('',(5.4020167068,9.422289656251));
#3154 = ( GEOMETRIC_REPRESENTATION_CONTEXT(2) 
PARAMETRIC_REPRESENTATION_CONTEXT() REPRESENTATION_CONTEXT('2D SPACE',''
  ) );
#3155 = PCURVE('',#3156,#3163);
#3156 = SURFACE_OF_LINEAR_EXTRUSION('',#3157,#3161);
#3157 = B_SPLINE_CURVE_WITH_KNOTS('',2,(#3158,#3159,#3160),
  .UNSPECIFIED.,.F.,.F.,(3,3),(0.,1.),.PIECEWISE_BEZIER_KNOTS.);
#3158 = CARTESIAN_POINT('',(2.957595719087,-99.7811504049,107.5253305477
    ));
#3159 = CARTESIAN_POINT('',(4.058475026825,-99.7811504049,
    108.32766528483));
#3160 = CARTESIAN_POINT('',(5.4020167068,-99.7811504049,108.32766528483)
  );
#3161 = VECTOR('',#3162,1.);
#3162 = DIRECTION('',(-0.,1.,-1.110223024625E-16));
#3163 = DEFINITIONAL_REPRESENTATION('',(#3164),#3168);
#3164 = LINE('',#3165,#3166);
#3165 = CARTESIAN_POINT('',(0.,0.));
#3166 = VECTOR('',#3167,1.);
#3167 = DIRECTION('',(1.,0.));
#3168 = ( GEOMETRIC_REPRESENTATION_CONTEXT(2) 
PARAMETRIC_REPRESENTATION_CONTEXT() REPRESENTATION_CONTEXT('2D SPACE',''
  ) );
#3169 = ORIENTED_EDGE('',*,*,#3170,.T.);
#3170 = EDGE_CURVE('',#3141,#3171,#3173,.T.);
#3171 = VERTEX_POINT('',#3172);
#3172 = CARTESIAN_POINT('',(8.490206693799,-99.7811504049,
    107.10545479098));
#3173 = SURFACE_CURVE('',#3174,(#3178,#3185),.PCURVE_S1.);
#3174 = B_SPLINE_CURVE_WITH_KNOTS('',2,(#3175,#3176,#3177),
  .UNSPECIFIED.,.F.,.F.,(3,3),(0.,1.),.PIECEWISE_BEZIER_KNOTS.);
#3175 = CARTESIAN_POINT('',(5.4020167068,-99.7811504049,108.32766528483)
  );
#3176 = CARTESIAN_POINT('',(7.305291493197,-99.7811504049,
    108.32766528483));
#3177 = CARTESIAN_POINT('',(8.490206693799,-99.7811504049,
    107.10545479098));
#3178 = PCURVE('',#584,#3179);
#3179 = DEFINITIONAL_REPRESENTATION('',(#3180),#3184);
#3180 = B_SPLINE_CURVE_WITH_KNOTS('',2,(#3181,#3182,#3183),
  .UNSPECIFIED.,.F.,.F.,(3,3),(0.,1.),.PIECEWISE_BEZIER_KNOTS.);
#3181 = CARTESIAN_POINT('',(5.4020167068,9.422289656251));
#3182 = CARTESIAN_POINT('',(7.305291493197,9.422289656251));
#3183 = CARTESIAN_POINT('',(8.490206693799,8.200079162394));
#3184 = ( GEOMETRIC_REPRESENTATION_CONTEXT(2) 
PARAMETRIC_REPRESENTATION_CONTEXT() REPRESENTATION_CONTEXT('2D SPACE',''
  ) );
#3185 = PCURVE('',#3186,#3193);
#3186 = SURFACE_OF_LINEAR_EXTRUSION('',#3187,#3191);
#3187 = B_SPLINE_CURVE_WITH_KNOTS('',2,(#3188,#3189,#3190),
  .UNSPECIFIED.,.F.,.F.,(3,3),(0.,1.),.PIECEWISE_BEZIER_KNOTS.);
#3188 = CARTESIAN_POINT('',(5.4020167068,-99.7811504049,108.32766528483)
  );
#3189 = CARTESIAN_POINT('',(7.305291493197,-99.7811504049,
    108.32766528483));
#3190 = CARTESIAN_POINT('',(8.490206693799,-99.7811504049,
    107.10545479098));
#3191 = VECTOR('',#3192,1.);
#3192 = DIRECTION('',(-0.,1.,-1.110223024625E-16));
#3193 = DEFINITIONAL_REPRESENTATION('',(#3194),#3198);
#3194 = LINE('',#3195,#3196);
#3195 = CARTESIAN_POINT('',(0.,0.));
#3196 = VECTOR('',#3197,1.);
#3197 = DIRECTION('',(1.,0.));
#3198 = ( GEOMETRIC_REPRESENTATION_CONTEXT(2) 
PARAMETRIC_REPRESENTATION_CONTEXT() REPRESENTATION_CONTEXT('2D SPACE',''
  ) );
#3199 = ORIENTED_EDGE('',*,*,#3200,.T.);
#3200 = EDGE_CURVE('',#3171,#3201,#3203,.T.);
#3201 = VERTEX_POINT('',#3202);
#3202 = CARTESIAN_POINT('',(9.6751218944,-99.7811504049,103.92396582932)
  );
#3203 = SURFACE_CURVE('',#3204,(#3208,#3215),.PCURVE_S1.);
#3204 = B_SPLINE_CURVE_WITH_KNOTS('',2,(#3205,#3206,#3207),
  .UNSPECIFIED.,.F.,.F.,(3,3),(0.,1.),.PIECEWISE_BEZIER_KNOTS.);
#3205 = CARTESIAN_POINT('',(8.490206693799,-99.7811504049,
    107.10545479098));
#3206 = CARTESIAN_POINT('',(9.6751218944,-99.7811504049,105.88324429712)
  );
#3207 = CARTESIAN_POINT('',(9.6751218944,-99.7811504049,103.92396582932)
  );
#3208 = PCURVE('',#584,#3209);
#3209 = DEFINITIONAL_REPRESENTATION('',(#3210),#3214);
#3210 = B_SPLINE_CURVE_WITH_KNOTS('',2,(#3211,#3212,#3213),
  .UNSPECIFIED.,.F.,.F.,(3,3),(0.,1.),.PIECEWISE_BEZIER_KNOTS.);
#3211 = CARTESIAN_POINT('',(8.490206693799,8.200079162394));
#3212 = CARTESIAN_POINT('',(9.6751218944,6.977868668538));
#3213 = CARTESIAN_POINT('',(9.6751218944,5.018590200738));
#3214 = ( GEOMETRIC_REPRESENTATION_CONTEXT(2) 
PARAMETRIC_REPRESENTATION_CONTEXT() REPRESENTATION_CONTEXT('2D SPACE',''
  ) );
#3215 = PCURVE('',#3216,#3223);
#3216 = SURFACE_OF_LINEAR_EXTRUSION('',#3217,#3221);
#3217 = B_SPLINE_CURVE_WITH_KNOTS('',2,(#3218,#3219,#3220),
  .UNSPECIFIED.,.F.,.F.,(3,3),(0.,1.),.PIECEWISE_BEZIER_KNOTS.);
#3218 = CARTESIAN_POINT('',(8.490206693799,-99.7811504049,
    107.10545479098));
#3219 = CARTESIAN_POINT('',(9.6751218944,-99.7811504049,105.88324429712)
  );
#3220 = CARTESIAN_POINT('',(9.6751218944,-99.7811504049,103.92396582932)
  );
#3221 = VECTOR('',#3222,1.);
#3222 = DIRECTION('',(-0.,1.,-1.110223024625E-16));
#3223 = DEFINITIONAL_REPRESENTATION('',(#3224),#3228);
#3224 = LINE('',#3225,#3226);
#3225 = CARTESIAN_POINT('',(0.,0.));
#3226 = VECTOR('',#3227,1.);
#3227 = DIRECTION('',(1.,0.));
#3228 = ( GEOMETRIC_REPRESENTATION_CONTEXT(2) 
PARAMETRIC_REPRESENTATION_CONTEXT() REPRESENTATION_CONTEXT('2D SPACE',''
  ) );
#3229 = ORIENTED_EDGE('',*,*,#3230,.T.);
#3230 = EDGE_CURVE('',#3201,#3231,#3233,.T.);
#3231 = VERTEX_POINT('',#3232);
#3232 = CARTESIAN_POINT('',(8.406231542455,-99.7811504049,
    100.50922943102));
#3233 = SURFACE_CURVE('',#3234,(#3238,#3245),.PCURVE_S1.);
#3234 = B_SPLINE_CURVE_WITH_KNOTS('',2,(#3235,#3236,#3237),
  .UNSPECIFIED.,.F.,.F.,(3,3),(0.,1.),.PIECEWISE_BEZIER_KNOTS.);
#3235 = CARTESIAN_POINT('',(9.6751218944,-99.7811504049,103.92396582932)
  );
#3236 = CARTESIAN_POINT('',(9.6751218944,-99.7811504049,101.83409309361)
  );
#3237 = CARTESIAN_POINT('',(8.406231542455,-99.7811504049,
    100.50922943102));
#3238 = PCURVE('',#584,#3239);
#3239 = DEFINITIONAL_REPRESENTATION('',(#3240),#3244);
#3240 = B_SPLINE_CURVE_WITH_KNOTS('',2,(#3241,#3242,#3243),
  .UNSPECIFIED.,.F.,.F.,(3,3),(0.,1.),.PIECEWISE_BEZIER_KNOTS.);
#3241 = CARTESIAN_POINT('',(9.6751218944,5.018590200738));
#3242 = CARTESIAN_POINT('',(9.6751218944,2.928717465026));
#3243 = CARTESIAN_POINT('',(8.406231542455,1.603853802439));
#3244 = ( GEOMETRIC_REPRESENTATION_CONTEXT(2) 
PARAMETRIC_REPRESENTATION_CONTEXT() REPRESENTATION_CONTEXT('2D SPACE',''
  ) );
#3245 = PCURVE('',#3246,#3253);
#3246 = SURFACE_OF_LINEAR_EXTRUSION('',#3247,#3251);
#3247 = B_SPLINE_CURVE_WITH_KNOTS('',2,(#3248,#3249,#3250),
  .UNSPECIFIED.,.F.,.F.,(3,3),(0.,1.),.PIECEWISE_BEZIER_KNOTS.);
#3248 = CARTESIAN_POINT('',(9.6751218944,-99.7811504049,103.92396582932)
  );
#3249 = CARTESIAN_POINT('',(9.6751218944,-99.7811504049,101.83409309361)
  );
#3250 = CARTESIAN_POINT('',(8.406231542455,-99.7811504049,
    100.50922943102));
#3251 = VECTOR('',#3252,1.);
#3252 = DIRECTION('',(-0.,1.,-1.110223024625E-16));
#3253 = DEFINITIONAL_REPRESENTATION('',(#3254),#3258);
#3254 = LINE('',#3255,#3256);
#3255 = CARTESIAN_POINT('',(0.,0.));
#3256 = VECTOR('',#3257,1.);
#3257 = DIRECTION('',(1.,0.));
#3258 = ( GEOMETRIC_REPRESENTATION_CONTEXT(2) 
PARAMETRIC_REPRESENTATION_CONTEXT() REPRESENTATION_CONTEXT('2D SPACE',''
  ) );
#3259 = ORIENTED_EDGE('',*,*,#3260,.T.);
#3260 = EDGE_CURVE('',#3231,#3261,#3263,.T.);
#3261 = VERTEX_POINT('',#3262);
#3262 = CARTESIAN_POINT('',(5.140767429456,-99.7811504049,
    99.184365768441));
#3263 = SURFACE_CURVE('',#3264,(#3268,#3275),.PCURVE_S1.);
#3264 = B_SPLINE_CURVE_WITH_KNOTS('',2,(#3265,#3266,#3267),
  .UNSPECIFIED.,.F.,.F.,(3,3),(0.,1.),.PIECEWISE_BEZIER_KNOTS.);
#3265 = CARTESIAN_POINT('',(8.406231542455,-99.7811504049,
    100.50922943102));
#3266 = CARTESIAN_POINT('',(7.13734119051,-99.7811504049,99.184365768441
    ));
#3267 = CARTESIAN_POINT('',(5.140767429456,-99.7811504049,
    99.184365768441));
#3268 = PCURVE('',#584,#3269);
#3269 = DEFINITIONAL_REPRESENTATION('',(#3270),#3274);
#3270 = B_SPLINE_CURVE_WITH_KNOTS('',2,(#3271,#3272,#3273),
  .UNSPECIFIED.,.F.,.F.,(3,3),(0.,1.),.PIECEWISE_BEZIER_KNOTS.);
#3271 = CARTESIAN_POINT('',(8.406231542455,1.603853802439));
#3272 = CARTESIAN_POINT('',(7.13734119051,0.278990139852));
#3273 = CARTESIAN_POINT('',(5.140767429456,0.278990139852));
#3274 = ( GEOMETRIC_REPRESENTATION_CONTEXT(2) 
PARAMETRIC_REPRESENTATION_CONTEXT() REPRESENTATION_CONTEXT('2D SPACE',''
  ) );
#3275 = PCURVE('',#3276,#3283);
#3276 = SURFACE_OF_LINEAR_EXTRUSION('',#3277,#3281);
#3277 = B_SPLINE_CURVE_WITH_KNOTS('',2,(#3278,#3279,#3280),
  .UNSPECIFIED.,.F.,.F.,(3,3),(0.,1.),.PIECEWISE_BEZIER_KNOTS.);
#3278 = CARTESIAN_POINT('',(8.406231542455,-99.7811504049,
    100.50922943102));
#3279 = CARTESIAN_POINT('',(7.13734119051,-99.7811504049,99.184365768441
    ));
#3280 = CARTESIAN_POINT('',(5.140767429456,-99.7811504049,
    99.184365768441));
#3281 = VECTOR('',#3282,1.);
#3282 = DIRECTION('',(-0.,1.,-1.110223024625E-16));
#3283 = DEFINITIONAL_REPRESENTATION('',(#3284),#3288);
#3284 = LINE('',#3285,#3286);
#3285 = CARTESIAN_POINT('',(0.,0.));
#3286 = VECTOR('',#3287,1.);
#3287 = DIRECTION('',(1.,0.));
#3288 = ( GEOMETRIC_REPRESENTATION_CONTEXT(2) 
PARAMETRIC_REPRESENTATION_CONTEXT() REPRESENTATION_CONTEXT('2D SPACE',''
  ) );
#3289 = ORIENTED_EDGE('',*,*,#3290,.T.);
#3290 = EDGE_CURVE('',#3261,#3291,#3293,.T.);
#3291 = VERTEX_POINT('',#3292);
#3292 = CARTESIAN_POINT('',(3.731958986285,-99.7811504049,
    99.352316071128));
#3293 = SURFACE_CURVE('',#3294,(#3298,#3305),.PCURVE_S1.);
#3294 = B_SPLINE_CURVE_WITH_KNOTS('',2,(#3295,#3296,#3297),
  .UNSPECIFIED.,.F.,.F.,(3,3),(0.,1.),.PIECEWISE_BEZIER_KNOTS.);
#3295 = CARTESIAN_POINT('',(5.140767429456,-99.7811504049,
    99.184365768441));
#3296 = CARTESIAN_POINT('',(4.375727985571,-99.7811504049,
    99.184365768441));
#3297 = CARTESIAN_POINT('',(3.731958986285,-99.7811504049,
    99.352316071128));
#3298 = PCURVE('',#584,#3299);
#3299 = DEFINITIONAL_REPRESENTATION('',(#3300),#3304);
#3300 = B_SPLINE_CURVE_WITH_KNOTS('',2,(#3301,#3302,#3303),
  .UNSPECIFIED.,.F.,.F.,(3,3),(0.,1.),.PIECEWISE_BEZIER_KNOTS.);
#3301 = CARTESIAN_POINT('',(5.140767429456,0.278990139852));
#3302 = CARTESIAN_POINT('',(4.375727985571,0.278990139852));
#3303 = CARTESIAN_POINT('',(3.731958986285,0.446940442539));
#3304 = ( GEOMETRIC_REPRESENTATION_CONTEXT(2) 
PARAMETRIC_REPRESENTATION_CONTEXT() REPRESENTATION_CONTEXT('2D SPACE',''
  ) );
#3305 = PCURVE('',#3306,#3313);
#3306 = SURFACE_OF_LINEAR_EXTRUSION('',#3307,#3311);
#3307 = B_SPLINE_CURVE_WITH_KNOTS('',2,(#3308,#3309,#3310),
  .UNSPECIFIED.,.F.,.F.,(3,3),(0.,1.),.PIECEWISE_BEZIER_KNOTS.);
#3308 = CARTESIAN_POINT('',(5.140767429456,-99.7811504049,
    99.184365768441));
#3309 = CARTESIAN_POINT('',(4.375727985571,-99.7811504049,
    99.184365768441));
#3310 = CARTESIAN_POINT('',(3.731958986285,-99.7811504049,
    99.352316071128));
#3311 = VECTOR('',#3312,1.);
#3312 = DIRECTION('',(-0.,1.,-1.110223024625E-16));
#3313 = DEFINITIONAL_REPRESENTATION('',(#3314),#3318);
#3314 = LINE('',#3315,#3316);
#3315 = CARTESIAN_POINT('',(0.,0.));
#3316 = VECTOR('',#3317,1.);
#3317 = DIRECTION('',(1.,0.));
#3318 = ( GEOMETRIC_REPRESENTATION_CONTEXT(2) 
PARAMETRIC_REPRESENTATION_CONTEXT() REPRESENTATION_CONTEXT('2D SPACE',''
  ) );
#3319 = ORIENTED_EDGE('',*,*,#3320,.T.);
#3320 = EDGE_CURVE('',#3291,#3321,#3323,.T.);
#3321 = VERTEX_POINT('',#3322);
#3322 = CARTESIAN_POINT('',(2.668344601042,-99.7811504049,
    99.753513810457));
#3323 = SURFACE_CURVE('',#3324,(#3328,#3335),.PCURVE_S1.);
#3324 = B_SPLINE_CURVE_WITH_KNOTS('',2,(#3325,#3326,#3327),
  .UNSPECIFIED.,.F.,.F.,(3,3),(0.,1.),.PIECEWISE_BEZIER_KNOTS.);
#3325 = CARTESIAN_POINT('',(3.731958986285,-99.7811504049,
    99.352316071128));
#3326 = CARTESIAN_POINT('',(3.088189986999,-99.7811504049,
    99.520266373814));
#3327 = CARTESIAN_POINT('',(2.668344601042,-99.7811504049,
    99.753513810457));
#3328 = PCURVE('',#584,#3329);
#3329 = DEFINITIONAL_REPRESENTATION('',(#3330),#3334);
#3330 = B_SPLINE_CURVE_WITH_KNOTS('',2,(#3331,#3332,#3333),
  .UNSPECIFIED.,.F.,.F.,(3,3),(0.,1.),.PIECEWISE_BEZIER_KNOTS.);
#3331 = CARTESIAN_POINT('',(3.731958986285,0.446940442539));
#3332 = CARTESIAN_POINT('',(3.088189986999,0.614890745226));
#3333 = CARTESIAN_POINT('',(2.668344601042,0.848138181868));
#3334 = ( GEOMETRIC_REPRESENTATION_CONTEXT(2) 
PARAMETRIC_REPRESENTATION_CONTEXT() REPRESENTATION_CONTEXT('2D SPACE',''
  ) );
#3335 = PCURVE('',#3336,#3343);
#3336 = SURFACE_OF_LINEAR_EXTRUSION('',#3337,#3341);
#3337 = B_SPLINE_CURVE_WITH_KNOTS('',2,(#3338,#3339,#3340),
  .UNSPECIFIED.,.F.,.F.,(3,3),(0.,1.),.PIECEWISE_BEZIER_KNOTS.);
#3338 = CARTESIAN_POINT('',(3.731958986285,-99.7811504049,
    99.352316071128));
#3339 = CARTESIAN_POINT('',(3.088189986999,-99.7811504049,
    99.520266373814));
#3340 = CARTESIAN_POINT('',(2.668344601042,-99.7811504049,
    99.753513810457));
#3341 = VECTOR('',#3342,1.);
#3342 = DIRECTION('',(-0.,1.,-1.110223024625E-16));
#3343 = DEFINITIONAL_REPRESENTATION('',(#3344),#3348);
#3344 = LINE('',#3345,#3346);
#3345 = CARTESIAN_POINT('',(0.,0.));
#3346 = VECTOR('',#3347,1.);
#3347 = DIRECTION('',(1.,0.));
#3348 = ( GEOMETRIC_REPRESENTATION_CONTEXT(2) 
PARAMETRIC_REPRESENTATION_CONTEXT() REPRESENTATION_CONTEXT('2D SPACE',''
  ) );
#3349 = ORIENTED_EDGE('',*,*,#3350,.T.);
#3350 = EDGE_CURVE('',#3321,#3351,#3353,.T.);
#3351 = VERTEX_POINT('',#3352);
#3352 = CARTESIAN_POINT('',(1.903305157157,-99.7811504049,
    100.36928096904));
#3353 = SURFACE_CURVE('',#3354,(#3358,#3365),.PCURVE_S1.);
#3354 = B_SPLINE_CURVE_WITH_KNOTS('',2,(#3355,#3356,#3357),
  .UNSPECIFIED.,.F.,.F.,(3,3),(0.,1.),.PIECEWISE_BEZIER_KNOTS.);
#3355 = CARTESIAN_POINT('',(2.668344601042,-99.7811504049,
    99.753513810457));
#3356 = CARTESIAN_POINT('',(2.248499215085,-99.7811504049,99.9867612471)
  );
#3357 = CARTESIAN_POINT('',(1.903305157157,-99.7811504049,
    100.36928096904));
#3358 = PCURVE('',#584,#3359);
#3359 = DEFINITIONAL_REPRESENTATION('',(#3360),#3364);
#3360 = B_SPLINE_CURVE_WITH_KNOTS('',2,(#3361,#3362,#3363),
  .UNSPECIFIED.,.F.,.F.,(3,3),(0.,1.),.PIECEWISE_BEZIER_KNOTS.);
#3361 = CARTESIAN_POINT('',(2.668344601042,0.848138181868));
#3362 = CARTESIAN_POINT('',(2.248499215085,1.081385618511));
#3363 = CARTESIAN_POINT('',(1.903305157157,1.463905340454));
#3364 = ( GEOMETRIC_REPRESENTATION_CONTEXT(2) 
PARAMETRIC_REPRESENTATION_CONTEXT() REPRESENTATION_CONTEXT('2D SPACE',''
  ) );
#3365 = PCURVE('',#3366,#3373);
#3366 = SURFACE_OF_LINEAR_EXTRUSION('',#3367,#3371);
#3367 = B_SPLINE_CURVE_WITH_KNOTS('',2,(#3368,#3369,#3370),
  .UNSPECIFIED.,.F.,.F.,(3,3),(0.,1.),.PIECEWISE_BEZIER_KNOTS.);
#3368 = CARTESIAN_POINT('',(2.668344601042,-99.7811504049,
    99.753513810457));
#3369 = CARTESIAN_POINT('',(2.248499215085,-99.7811504049,99.9867612471)
  );
#3370 = CARTESIAN_POINT('',(1.903305157157,-99.7811504049,
    100.36928096904));
#3371 = VECTOR('',#3372,1.);
#3372 = DIRECTION('',(-0.,1.,-1.110223024625E-16));
#3373 = DEFINITIONAL_REPRESENTATION('',(#3374),#3378);
#3374 = LINE('',#3375,#3376);
#3375 = CARTESIAN_POINT('',(0.,0.));
#3376 = VECTOR('',#3377,1.);
#3377 = DIRECTION('',(1.,0.));
#3378 = ( GEOMETRIC_REPRESENTATION_CONTEXT(2) 
PARAMETRIC_REPRESENTATION_CONTEXT() REPRESENTATION_CONTEXT('2D SPACE',''
  ) );
#3379 = ORIENTED_EDGE('',*,*,#3380,.T.);
#3380 = EDGE_CURVE('',#3351,#3381,#3383,.T.);
#3381 = VERTEX_POINT('',#3382);
#3382 = CARTESIAN_POINT('',(1.380836973229,-99.7811504049,
    101.04102143827));
#3383 = SURFACE_CURVE('',#3384,(#3388,#3395),.PCURVE_S1.);
#3384 = B_SPLINE_CURVE_WITH_KNOTS('',2,(#3385,#3386,#3387),
  .UNSPECIFIED.,.F.,.F.,(3,3),(0.,1.),.PIECEWISE_BEZIER_KNOTS.);
#3385 = CARTESIAN_POINT('',(1.903305157157,-99.7811504049,
    100.36928096904));
#3386 = CARTESIAN_POINT('',(1.55811109923,-99.7811504049,100.75180069098
    ));
#3387 = CARTESIAN_POINT('',(1.380836973229,-99.7811504049,
    101.04102143827));
#3388 = PCURVE('',#584,#3389);
#3389 = DEFINITIONAL_REPRESENTATION('',(#3390),#3394);
#3390 = B_SPLINE_CURVE_WITH_KNOTS('',2,(#3391,#3392,#3393),
  .UNSPECIFIED.,.F.,.F.,(3,3),(0.,1.),.PIECEWISE_BEZIER_KNOTS.);
#3391 = CARTESIAN_POINT('',(1.903305157157,1.463905340454));
#3392 = CARTESIAN_POINT('',(1.55811109923,1.846425062396));
#3393 = CARTESIAN_POINT('',(1.380836973229,2.135645809681));
#3394 = ( GEOMETRIC_REPRESENTATION_CONTEXT(2) 
PARAMETRIC_REPRESENTATION_CONTEXT() REPRESENTATION_CONTEXT('2D SPACE',''
  ) );
#3395 = PCURVE('',#3396,#3403);
#3396 = SURFACE_OF_LINEAR_EXTRUSION('',#3397,#3401);
#3397 = B_SPLINE_CURVE_WITH_KNOTS('',2,(#3398,#3399,#3400),
  .UNSPECIFIED.,.F.,.F.,(3,3),(0.,1.),.PIECEWISE_BEZIER_KNOTS.);
#3398 = CARTESIAN_POINT('',(1.903305157157,-99.7811504049,
    100.36928096904));
#3399 = CARTESIAN_POINT('',(1.55811109923,-99.7811504049,100.75180069098
    ));
#3400 = CARTESIAN_POINT('',(1.380836973229,-99.7811504049,
    101.04102143827));
#3401 = VECTOR('',#3402,1.);
#3402 = DIRECTION('',(-0.,1.,-1.110223024625E-16));
#3403 = DEFINITIONAL_REPRESENTATION('',(#3404),#3408);
#3404 = LINE('',#3405,#3406);
#3405 = CARTESIAN_POINT('',(0.,0.));
#3406 = VECTOR('',#3407,1.);
#3407 = DIRECTION('',(1.,0.));
#3408 = ( GEOMETRIC_REPRESENTATION_CONTEXT(2) 
PARAMETRIC_REPRESENTATION_CONTEXT() REPRESENTATION_CONTEXT('2D SPACE',''
  ) );
#3409 = ORIENTED_EDGE('',*,*,#3410,.T.);
#3410 = EDGE_CURVE('',#3381,#3411,#3413,.T.);
#3411 = VERTEX_POINT('',#3412);
#3412 = CARTESIAN_POINT('',(1.044936367856,-99.7811504049,
    101.76876558889));
#3413 = SURFACE_CURVE('',#3414,(#3418,#3425),.PCURVE_S1.);
#3414 = B_SPLINE_CURVE_WITH_KNOTS('',2,(#3415,#3416,#3417),
  .UNSPECIFIED.,.F.,.F.,(3,3),(0.,1.),.PIECEWISE_BEZIER_KNOTS.);
#3415 = CARTESIAN_POINT('',(1.380836973229,-99.7811504049,
    101.04102143827));
#3416 = CARTESIAN_POINT('',(1.203562847229,-99.7811504049,
    101.33024218555));
#3417 = CARTESIAN_POINT('',(1.044936367856,-99.7811504049,
    101.76876558889));
#3418 = PCURVE('',#584,#3419);
#3419 = DEFINITIONAL_REPRESENTATION('',(#3420),#3424);
#3420 = B_SPLINE_CURVE_WITH_KNOTS('',2,(#3421,#3422,#3423),
  .UNSPECIFIED.,.F.,.F.,(3,3),(0.,1.),.PIECEWISE_BEZIER_KNOTS.);
#3421 = CARTESIAN_POINT('',(1.380836973229,2.135645809681));
#3422 = CARTESIAN_POINT('',(1.203562847229,2.424866556966));
#3423 = CARTESIAN_POINT('',(1.044936367856,2.86338996031));
#3424 = ( GEOMETRIC_REPRESENTATION_CONTEXT(2) 
PARAMETRIC_REPRESENTATION_CONTEXT() REPRESENTATION_CONTEXT('2D SPACE',''
  ) );
#3425 = PCURVE('',#3426,#3433);
#3426 = SURFACE_OF_LINEAR_EXTRUSION('',#3427,#3431);
#3427 = B_SPLINE_CURVE_WITH_KNOTS('',2,(#3428,#3429,#3430),
  .UNSPECIFIED.,.F.,.F.,(3,3),(0.,1.),.PIECEWISE_BEZIER_KNOTS.);
#3428 = CARTESIAN_POINT('',(1.380836973229,-99.7811504049,
    101.04102143827));
#3429 = CARTESIAN_POINT('',(1.203562847229,-99.7811504049,
    101.33024218555));
#3430 = CARTESIAN_POINT('',(1.044936367856,-99.7811504049,
    101.76876558889));
#3431 = VECTOR('',#3432,1.);
#3432 = DIRECTION('',(-0.,1.,-1.110223024625E-16));
#3433 = DEFINITIONAL_REPRESENTATION('',(#3434),#3438);
#3434 = LINE('',#3435,#3436);
#3435 = CARTESIAN_POINT('',(0.,0.));
#3436 = VECTOR('',#3437,1.);
#3437 = DIRECTION('',(1.,0.));
#3438 = ( GEOMETRIC_REPRESENTATION_CONTEXT(2) 
PARAMETRIC_REPRESENTATION_CONTEXT() REPRESENTATION_CONTEXT('2D SPACE',''
  ) );
#3439 = ORIENTED_EDGE('',*,*,#3440,.T.);
#3440 = EDGE_CURVE('',#3411,#3441,#3443,.T.);
#3441 = VERTEX_POINT('',#3442);
#3442 = CARTESIAN_POINT('',(0.849014595228,-99.7811504049,
    102.37520892417));
#3443 = SURFACE_CURVE('',#3444,(#3448,#3455),.PCURVE_S1.);
#3444 = B_SPLINE_CURVE_WITH_KNOTS('',2,(#3445,#3446,#3447),
  .UNSPECIFIED.,.F.,.F.,(3,3),(0.,1.),.PIECEWISE_BEZIER_KNOTS.);
#3445 = CARTESIAN_POINT('',(1.044936367856,-99.7811504049,
    101.76876558889));
#3446 = CARTESIAN_POINT('',(0.886309888483,-99.7811504049,
    102.20728899224));
#3447 = CARTESIAN_POINT('',(0.849014595228,-99.7811504049,
    102.37520892417));
#3448 = PCURVE('',#584,#3449);
#3449 = DEFINITIONAL_REPRESENTATION('',(#3450),#3454);
#3450 = B_SPLINE_CURVE_WITH_KNOTS('',2,(#3451,#3452,#3453),
  .UNSPECIFIED.,.F.,.F.,(3,3),(0.,1.),.PIECEWISE_BEZIER_KNOTS.);
#3451 = CARTESIAN_POINT('',(1.044936367856,2.86338996031));
#3452 = CARTESIAN_POINT('',(0.886309888483,3.301913363655));
#3453 = CARTESIAN_POINT('',(0.849014595228,3.469833295582));
#3454 = ( GEOMETRIC_REPRESENTATION_CONTEXT(2) 
PARAMETRIC_REPRESENTATION_CONTEXT() REPRESENTATION_CONTEXT('2D SPACE',''
  ) );
#3455 = PCURVE('',#3456,#3463);
#3456 = SURFACE_OF_LINEAR_EXTRUSION('',#3457,#3461);
#3457 = B_SPLINE_CURVE_WITH_KNOTS('',2,(#3458,#3459,#3460),
  .UNSPECIFIED.,.F.,.F.,(3,3),(0.,1.),.PIECEWISE_BEZIER_KNOTS.);
#3458 = CARTESIAN_POINT('',(1.044936367856,-99.7811504049,
    101.76876558889));
#3459 = CARTESIAN_POINT('',(0.886309888483,-99.7811504049,
    102.20728899224));
#3460 = CARTESIAN_POINT('',(0.849014595228,-99.7811504049,
    102.37520892417));
#3461 = VECTOR('',#3462,1.);
#3462 = DIRECTION('',(-0.,1.,-1.110223024625E-16));
#3463 = DEFINITIONAL_REPRESENTATION('',(#3464),#3468);
#3464 = LINE('',#3465,#3466);
#3465 = CARTESIAN_POINT('',(0.,0.));
#3466 = VECTOR('',#3467,1.);
#3467 = DIRECTION('',(1.,0.));
#3468 = ( GEOMETRIC_REPRESENTATION_CONTEXT(2) 
PARAMETRIC_REPRESENTATION_CONTEXT() REPRESENTATION_CONTEXT('2D SPACE',''
  ) );
#3469 = ORIENTED_EDGE('',*,*,#3470,.T.);
#3470 = EDGE_CURVE('',#3441,#3471,#3473,.T.);
#3471 = VERTEX_POINT('',#3472);
#3472 = CARTESIAN_POINT('',(0.755715620571,-99.7811504049,
    102.86038181484));
#3473 = SURFACE_CURVE('',#3474,(#3478,#3485),.PCURVE_S1.);
#3474 = B_SPLINE_CURVE_WITH_KNOTS('',2,(#3475,#3476,#3477),
  .UNSPECIFIED.,.F.,.F.,(3,3),(0.,1.),.PIECEWISE_BEZIER_KNOTS.);
#3475 = CARTESIAN_POINT('',(0.849014595228,-99.7811504049,
    102.37520892417));
#3476 = CARTESIAN_POINT('',(0.811719301973,-99.7811504049,
    102.54312885609));
#3477 = CARTESIAN_POINT('',(0.755715620571,-99.7811504049,
    102.86038181484));
#3478 = PCURVE('',#584,#3479);
#3479 = DEFINITIONAL_REPRESENTATION('',(#3480),#3484);
#3480 = B_SPLINE_CURVE_WITH_KNOTS('',2,(#3481,#3482,#3483),
  .UNSPECIFIED.,.F.,.F.,(3,3),(0.,1.),.PIECEWISE_BEZIER_KNOTS.);
#3481 = CARTESIAN_POINT('',(0.849014595228,3.469833295582));
#3482 = CARTESIAN_POINT('',(0.811719301973,3.637753227509));
#3483 = CARTESIAN_POINT('',(0.755715620571,3.955006186255));
#3484 = ( GEOMETRIC_REPRESENTATION_CONTEXT(2) 
PARAMETRIC_REPRESENTATION_CONTEXT() REPRESENTATION_CONTEXT('2D SPACE',''
  ) );
#3485 = PCURVE('',#3486,#3493);
#3486 = SURFACE_OF_LINEAR_EXTRUSION('',#3487,#3491);
#3487 = B_SPLINE_CURVE_WITH_KNOTS('',2,(#3488,#3489,#3490),
  .UNSPECIFIED.,.F.,.F.,(3,3),(0.,1.),.PIECEWISE_BEZIER_KNOTS.);
#3488 = CARTESIAN_POINT('',(0.849014595228,-99.7811504049,
    102.37520892417));
#3489 = CARTESIAN_POINT('',(0.811719301973,-99.7811504049,
    102.54312885609));
#3490 = CARTESIAN_POINT('',(0.755715620571,-99.7811504049,
    102.86038181484));
#3491 = VECTOR('',#3492,1.);
#3492 = DIRECTION('',(-0.,1.,-1.110223024625E-16));
#3493 = DEFINITIONAL_REPRESENTATION('',(#3494),#3498);
#3494 = LINE('',#3495,#3496);
#3495 = CARTESIAN_POINT('',(0.,0.));
#3496 = VECTOR('',#3497,1.);
#3497 = DIRECTION('',(1.,0.));
#3498 = ( GEOMETRIC_REPRESENTATION_CONTEXT(2) 
PARAMETRIC_REPRESENTATION_CONTEXT() REPRESENTATION_CONTEXT('2D SPACE',''
  ) );
#3499 = ORIENTED_EDGE('',*,*,#3500,.T.);
#3500 = EDGE_CURVE('',#3471,#3501,#3503,.T.);
#3501 = VERTEX_POINT('',#3502);
#3502 = CARTESIAN_POINT('',(2.397801871144,-99.7811504049,
    102.86038181484));
#3503 = SURFACE_CURVE('',#3504,(#3508,#3515),.PCURVE_S1.);
#3504 = LINE('',#3505,#3506);
#3505 = CARTESIAN_POINT('',(0.755715620571,-99.7811504049,
    102.86038181484));
#3506 = VECTOR('',#3507,1.);
#3507 = DIRECTION('',(1.,0.,0.));
#3508 = PCURVE('',#584,#3509);
#3509 = DEFINITIONAL_REPRESENTATION('',(#3510),#3514);
#3510 = LINE('',#3511,#3512);
#3511 = CARTESIAN_POINT('',(0.755715620571,3.955006186255));
#3512 = VECTOR('',#3513,1.);
#3513 = DIRECTION('',(1.,0.));
#3514 = ( GEOMETRIC_REPRESENTATION_CONTEXT(2) 
PARAMETRIC_REPRESENTATION_CONTEXT() REPRESENTATION_CONTEXT('2D SPACE',''
  ) );
#3515 = PCURVE('',#3516,#3521);
#3516 = PLANE('',#3517);
#3517 = AXIS2_PLACEMENT_3D('',#3518,#3519,#3520);
#3518 = CARTESIAN_POINT('',(0.755715620571,-99.7811504049,
    102.86038181484));
#3519 = DIRECTION('',(0.,1.110223024625E-16,1.));
#3520 = DIRECTION('',(1.,0.,0.));
#3521 = DEFINITIONAL_REPRESENTATION('',(#3522),#3526);
#3522 = LINE('',#3523,#3524);
#3523 = CARTESIAN_POINT('',(0.,0.));
#3524 = VECTOR('',#3525,1.);
#3525 = DIRECTION('',(1.,0.));
#3526 = ( GEOMETRIC_REPRESENTATION_CONTEXT(2) 
PARAMETRIC_REPRESENTATION_CONTEXT() REPRESENTATION_CONTEXT('2D SPACE',''
  ) );
#3527 = ORIENTED_EDGE('',*,*,#3528,.T.);
#3528 = EDGE_CURVE('',#3501,#3529,#3531,.T.);
#3529 = VERTEX_POINT('',#3530);
#3530 = CARTESIAN_POINT('',(5.103472136201,-99.7811504049,100.6398540697
    ));
#3531 = SURFACE_CURVE('',#3532,(#3536,#3543),.PCURVE_S1.);
#3532 = B_SPLINE_CURVE_WITH_KNOTS('',2,(#3533,#3534,#3535),
  .UNSPECIFIED.,.F.,.F.,(3,3),(0.,1.),.PIECEWISE_BEZIER_KNOTS.);
#3533 = CARTESIAN_POINT('',(2.397801871144,-99.7811504049,
    102.86038181484));
#3534 = CARTESIAN_POINT('',(2.976243365714,-99.7811504049,100.6398540697
    ));
#3535 = CARTESIAN_POINT('',(5.103472136201,-99.7811504049,100.6398540697
    ));
#3536 = PCURVE('',#584,#3537);
#3537 = DEFINITIONAL_REPRESENTATION('',(#3538),#3542);
#3538 = B_SPLINE_CURVE_WITH_KNOTS('',2,(#3539,#3540,#3541),
  .UNSPECIFIED.,.F.,.F.,(3,3),(0.,1.),.PIECEWISE_BEZIER_KNOTS.);
#3539 = CARTESIAN_POINT('',(2.397801871144,3.955006186255));
#3540 = CARTESIAN_POINT('',(2.976243365714,1.734478441111));
#3541 = CARTESIAN_POINT('',(5.103472136201,1.734478441111));
#3542 = ( GEOMETRIC_REPRESENTATION_CONTEXT(2) 
PARAMETRIC_REPRESENTATION_CONTEXT() REPRESENTATION_CONTEXT('2D SPACE',''
  ) );
#3543 = PCURVE('',#3544,#3551);
#3544 = SURFACE_OF_LINEAR_EXTRUSION('',#3545,#3549);
#3545 = B_SPLINE_CURVE_WITH_KNOTS('',2,(#3546,#3547,#3548),
  .UNSPECIFIED.,.F.,.F.,(3,3),(0.,1.),.PIECEWISE_BEZIER_KNOTS.);
#3546 = CARTESIAN_POINT('',(2.397801871144,-99.7811504049,
    102.86038181484));
#3547 = CARTESIAN_POINT('',(2.976243365714,-99.7811504049,100.6398540697
    ));
#3548 = CARTESIAN_POINT('',(5.103472136201,-99.7811504049,100.6398540697
    ));
#3549 = VECTOR('',#3550,1.);
#3550 = DIRECTION('',(-0.,1.,-1.110223024625E-16));
#3551 = DEFINITIONAL_REPRESENTATION('',(#3552),#3556);
#3552 = LINE('',#3553,#3554);
#3553 = CARTESIAN_POINT('',(0.,0.));
#3554 = VECTOR('',#3555,1.);
#3555 = DIRECTION('',(1.,0.));
#3556 = ( GEOMETRIC_REPRESENTATION_CONTEXT(2) 
PARAMETRIC_REPRESENTATION_CONTEXT() REPRESENTATION_CONTEXT('2D SPACE',''
  ) );
#3557 = ORIENTED_EDGE('',*,*,#3558,.T.);
#3558 = EDGE_CURVE('',#3529,#3559,#3561,.T.);
#3559 = VERTEX_POINT('',#3560);
#3560 = CARTESIAN_POINT('',(7.221346712614,-99.7811504049,
    101.46089719498));
#3561 = SURFACE_CURVE('',#3562,(#3566,#3573),.PCURVE_S1.);
#3562 = B_SPLINE_CURVE_WITH_KNOTS('',2,(#3563,#3564,#3565),
  .UNSPECIFIED.,.F.,.F.,(3,3),(0.,1.),.PIECEWISE_BEZIER_KNOTS.);
#3563 = CARTESIAN_POINT('',(5.103472136201,-99.7811504049,100.6398540697
    ));
#3564 = CARTESIAN_POINT('',(6.446953074656,-99.7811504049,100.6398540697
    ));
#3565 = CARTESIAN_POINT('',(7.221346712614,-99.7811504049,
    101.46089719498));
#3566 = PCURVE('',#584,#3567);
#3567 = DEFINITIONAL_REPRESENTATION('',(#3568),#3572);
#3568 = B_SPLINE_CURVE_WITH_KNOTS('',2,(#3569,#3570,#3571),
  .UNSPECIFIED.,.F.,.F.,(3,3),(0.,1.),.PIECEWISE_BEZIER_KNOTS.);
#3569 = CARTESIAN_POINT('',(5.103472136201,1.734478441111));
#3570 = CARTESIAN_POINT('',(6.446953074656,1.734478441111));
#3571 = CARTESIAN_POINT('',(7.221346712614,2.555521566398));
#3572 = ( GEOMETRIC_REPRESENTATION_CONTEXT(2) 
PARAMETRIC_REPRESENTATION_CONTEXT() REPRESENTATION_CONTEXT('2D SPACE',''
  ) );
#3573 = PCURVE('',#3574,#3581);
#3574 = SURFACE_OF_LINEAR_EXTRUSION('',#3575,#3579);
#3575 = B_SPLINE_CURVE_WITH_KNOTS('',2,(#3576,#3577,#3578),
  .UNSPECIFIED.,.F.,.F.,(3,3),(0.,1.),.PIECEWISE_BEZIER_KNOTS.);
#3576 = CARTESIAN_POINT('',(5.103472136201,-99.7811504049,100.6398540697
    ));
#3577 = CARTESIAN_POINT('',(6.446953074656,-99.7811504049,100.6398540697
    ));
#3578 = CARTESIAN_POINT('',(7.221346712614,-99.7811504049,
    101.46089719498));
#3579 = VECTOR('',#3580,1.);
#3580 = DIRECTION('',(-0.,1.,-1.110223024625E-16));
#3581 = DEFINITIONAL_REPRESENTATION('',(#3582),#3586);
#3582 = LINE('',#3583,#3584);
#3583 = CARTESIAN_POINT('',(0.,0.));
#3584 = VECTOR('',#3585,1.);
#3585 = DIRECTION('',(1.,0.));
#3586 = ( GEOMETRIC_REPRESENTATION_CONTEXT(2) 
PARAMETRIC_REPRESENTATION_CONTEXT() REPRESENTATION_CONTEXT('2D SPACE',''
  ) );
#3587 = ORIENTED_EDGE('',*,*,#3588,.T.);
#3588 = EDGE_CURVE('',#3559,#3589,#3591,.T.);
#3589 = VERTEX_POINT('',#3590);
#3590 = CARTESIAN_POINT('',(7.995740350572,-99.7811504049,
    103.70007258675));
#3591 = SURFACE_CURVE('',#3592,(#3596,#3603),.PCURVE_S1.);
#3592 = B_SPLINE_CURVE_WITH_KNOTS('',2,(#3593,#3594,#3595),
  .UNSPECIFIED.,.F.,.F.,(3,3),(0.,1.),.PIECEWISE_BEZIER_KNOTS.);
#3593 = CARTESIAN_POINT('',(7.221346712614,-99.7811504049,
    101.46089719498));
#3594 = CARTESIAN_POINT('',(7.995740350572,-99.7811504049,
    102.28194032027));
#3595 = CARTESIAN_POINT('',(7.995740350572,-99.7811504049,
    103.70007258675));
#3596 = PCURVE('',#584,#3597);
#3597 = DEFINITIONAL_REPRESENTATION('',(#3598),#3602);
#3598 = B_SPLINE_CURVE_WITH_KNOTS('',2,(#3599,#3600,#3601),
  .UNSPECIFIED.,.F.,.F.,(3,3),(0.,1.),.PIECEWISE_BEZIER_KNOTS.);
#3599 = CARTESIAN_POINT('',(7.221346712614,2.555521566398));
#3600 = CARTESIAN_POINT('',(7.995740350572,3.376564691685));
#3601 = CARTESIAN_POINT('',(7.995740350572,4.794696958169));
#3602 = ( GEOMETRIC_REPRESENTATION_CONTEXT(2) 
PARAMETRIC_REPRESENTATION_CONTEXT() REPRESENTATION_CONTEXT('2D SPACE',''
  ) );
#3603 = PCURVE('',#3604,#3611);
#3604 = SURFACE_OF_LINEAR_EXTRUSION('',#3605,#3609);
#3605 = B_SPLINE_CURVE_WITH_KNOTS('',2,(#3606,#3607,#3608),
  .UNSPECIFIED.,.F.,.F.,(3,3),(0.,1.),.PIECEWISE_BEZIER_KNOTS.);
#3606 = CARTESIAN_POINT('',(7.221346712614,-99.7811504049,
    101.46089719498));
#3607 = CARTESIAN_POINT('',(7.995740350572,-99.7811504049,
    102.28194032027));
#3608 = CARTESIAN_POINT('',(7.995740350572,-99.7811504049,
    103.70007258675));
#3609 = VECTOR('',#3610,1.);
#3610 = DIRECTION('',(-0.,1.,-1.110223024625E-16));
#3611 = DEFINITIONAL_REPRESENTATION('',(#3612),#3616);
#3612 = LINE('',#3613,#3614);
#3613 = CARTESIAN_POINT('',(0.,0.));
#3614 = VECTOR('',#3615,1.);
#3615 = DIRECTION('',(1.,0.));
#3616 = ( GEOMETRIC_REPRESENTATION_CONTEXT(2) 
PARAMETRIC_REPRESENTATION_CONTEXT() REPRESENTATION_CONTEXT('2D SPACE',''
  ) );
#3617 = ORIENTED_EDGE('',*,*,#3618,.T.);
#3618 = EDGE_CURVE('',#3589,#3619,#3621,.T.);
#3619 = VERTEX_POINT('',#3620);
#3620 = CARTESIAN_POINT('',(7.2120228893,-99.7811504049,106.02322312987)
  );
#3621 = SURFACE_CURVE('',#3622,(#3626,#3633),.PCURVE_S1.);
#3622 = B_SPLINE_CURVE_WITH_KNOTS('',2,(#3623,#3624,#3625),
  .UNSPECIFIED.,.F.,.F.,(3,3),(0.,1.),.PIECEWISE_BEZIER_KNOTS.);
#3623 = CARTESIAN_POINT('',(7.995740350572,-99.7811504049,
    103.70007258675));
#3624 = CARTESIAN_POINT('',(7.995740350572,-99.7811504049,
    105.17420853464));
#3625 = CARTESIAN_POINT('',(7.2120228893,-99.7811504049,106.02322312987)
  );
#3626 = PCURVE('',#584,#3627);
#3627 = DEFINITIONAL_REPRESENTATION('',(#3628),#3632);
#3628 = B_SPLINE_CURVE_WITH_KNOTS('',2,(#3629,#3630,#3631),
  .UNSPECIFIED.,.F.,.F.,(3,3),(0.,1.),.PIECEWISE_BEZIER_KNOTS.);
#3629 = CARTESIAN_POINT('',(7.995740350572,4.794696958169));
#3630 = CARTESIAN_POINT('',(7.995740350572,6.268832906056));
#3631 = CARTESIAN_POINT('',(7.2120228893,7.117847501283));
#3632 = ( GEOMETRIC_REPRESENTATION_CONTEXT(2) 
PARAMETRIC_REPRESENTATION_CONTEXT() REPRESENTATION_CONTEXT('2D SPACE',''
  ) );
#3633 = PCURVE('',#3634,#3641);
#3634 = SURFACE_OF_LINEAR_EXTRUSION('',#3635,#3639);
#3635 = B_SPLINE_CURVE_WITH_KNOTS('',2,(#3636,#3637,#3638),
  .UNSPECIFIED.,.F.,.F.,(3,3),(0.,1.),.PIECEWISE_BEZIER_KNOTS.);
#3636 = CARTESIAN_POINT('',(7.995740350572,-99.7811504049,
    103.70007258675));
#3637 = CARTESIAN_POINT('',(7.995740350572,-99.7811504049,
    105.17420853464));
#3638 = CARTESIAN_POINT('',(7.2120228893,-99.7811504049,106.02322312987)
  );
#3639 = VECTOR('',#3640,1.);
#3640 = DIRECTION('',(-0.,1.,-1.110223024625E-16));
#3641 = DEFINITIONAL_REPRESENTATION('',(#3642),#3646);
#3642 = LINE('',#3643,#3644);
#3643 = CARTESIAN_POINT('',(0.,0.));
#3644 = VECTOR('',#3645,1.);
#3645 = DIRECTION('',(1.,0.));
#3646 = ( GEOMETRIC_REPRESENTATION_CONTEXT(2) 
PARAMETRIC_REPRESENTATION_CONTEXT() REPRESENTATION_CONTEXT('2D SPACE',''
  ) );
#3647 = ORIENTED_EDGE('',*,*,#3648,.T.);
#3648 = EDGE_CURVE('',#3619,#3649,#3651,.T.);
#3649 = VERTEX_POINT('',#3650);
#3650 = CARTESIAN_POINT('',(5.103472136201,-99.7811504049,106.8722377251
    ));
#3651 = SURFACE_CURVE('',#3652,(#3656,#3663),.PCURVE_S1.);
#3652 = B_SPLINE_CURVE_WITH_KNOTS('',2,(#3653,#3654,#3655),
  .UNSPECIFIED.,.F.,.F.,(3,3),(0.,1.),.PIECEWISE_BEZIER_KNOTS.);
#3653 = CARTESIAN_POINT('',(7.2120228893,-99.7811504049,106.02322312987)
  );
#3654 = CARTESIAN_POINT('',(6.428305428028,-99.7811504049,106.8722377251
    ));
#3655 = CARTESIAN_POINT('',(5.103472136201,-99.7811504049,106.8722377251
    ));
#3656 = PCURVE('',#584,#3657);
#3657 = DEFINITIONAL_REPRESENTATION('',(#3658),#3662);
#3658 = B_SPLINE_CURVE_WITH_KNOTS('',2,(#3659,#3660,#3661),
  .UNSPECIFIED.,.F.,.F.,(3,3),(0.,1.),.PIECEWISE_BEZIER_KNOTS.);
#3659 = CARTESIAN_POINT('',(7.2120228893,7.117847501283));
#3660 = CARTESIAN_POINT('',(6.428305428028,7.966862096511));
#3661 = CARTESIAN_POINT('',(5.103472136201,7.966862096511));
#3662 = ( GEOMETRIC_REPRESENTATION_CONTEXT(2) 
PARAMETRIC_REPRESENTATION_CONTEXT() REPRESENTATION_CONTEXT('2D SPACE',''
  ) );
#3663 = PCURVE('',#3664,#3671);
#3664 = SURFACE_OF_LINEAR_EXTRUSION('',#3665,#3669);
#3665 = B_SPLINE_CURVE_WITH_KNOTS('',2,(#3666,#3667,#3668),
  .UNSPECIFIED.,.F.,.F.,(3,3),(0.,1.),.PIECEWISE_BEZIER_KNOTS.);
#3666 = CARTESIAN_POINT('',(7.2120228893,-99.7811504049,106.02322312987)
  );
#3667 = CARTESIAN_POINT('',(6.428305428028,-99.7811504049,106.8722377251
    ));
#3668 = CARTESIAN_POINT('',(5.103472136201,-99.7811504049,106.8722377251
    ));
#3669 = VECTOR('',#3670,1.);
#3670 = DIRECTION('',(-0.,1.,-1.110223024625E-16));
#3671 = DEFINITIONAL_REPRESENTATION('',(#3672),#3676);
#3672 = LINE('',#3673,#3674);
#3673 = CARTESIAN_POINT('',(0.,0.));
#3674 = VECTOR('',#3675,1.);
#3675 = DIRECTION('',(1.,0.));
#3676 = ( GEOMETRIC_REPRESENTATION_CONTEXT(2) 
PARAMETRIC_REPRESENTATION_CONTEXT() REPRESENTATION_CONTEXT('2D SPACE',''
  ) );
#3677 = ORIENTED_EDGE('',*,*,#3678,.T.);
#3678 = EDGE_CURVE('',#3649,#3679,#3681,.T.);
#3679 = VERTEX_POINT('',#3680);
#3680 = CARTESIAN_POINT('',(3.797256120241,-99.7811504049,
    106.60166462444));
#3681 = SURFACE_CURVE('',#3682,(#3686,#3693),.PCURVE_S1.);
#3682 = B_SPLINE_CURVE_WITH_KNOTS('',2,(#3683,#3684,#3685),
  .UNSPECIFIED.,.F.,.F.,(3,3),(0.,1.),.PIECEWISE_BEZIER_KNOTS.);
#3683 = CARTESIAN_POINT('',(5.103472136201,-99.7811504049,106.8722377251
    ));
#3684 = CARTESIAN_POINT('',(4.338371950797,-99.7811504049,106.8722377251
    ));
#3685 = CARTESIAN_POINT('',(3.797256120241,-99.7811504049,
    106.60166462444));
#3686 = PCURVE('',#584,#3687);
#3687 = DEFINITIONAL_REPRESENTATION('',(#3688),#3692);
#3688 = B_SPLINE_CURVE_WITH_KNOTS('',2,(#3689,#3690,#3691),
  .UNSPECIFIED.,.F.,.F.,(3,3),(0.,1.),.PIECEWISE_BEZIER_KNOTS.);
#3689 = CARTESIAN_POINT('',(5.103472136201,7.966862096511));
#3690 = CARTESIAN_POINT('',(4.338371950797,7.966862096511));
#3691 = CARTESIAN_POINT('',(3.797256120241,7.696288995854));
#3692 = ( GEOMETRIC_REPRESENTATION_CONTEXT(2) 
PARAMETRIC_REPRESENTATION_CONTEXT() REPRESENTATION_CONTEXT('2D SPACE',''
  ) );
#3693 = PCURVE('',#3694,#3701);
#3694 = SURFACE_OF_LINEAR_EXTRUSION('',#3695,#3699);
#3695 = B_SPLINE_CURVE_WITH_KNOTS('',2,(#3696,#3697,#3698),
  .UNSPECIFIED.,.F.,.F.,(3,3),(0.,1.),.PIECEWISE_BEZIER_KNOTS.);
#3696 = CARTESIAN_POINT('',(5.103472136201,-99.7811504049,106.8722377251
    ));
#3697 = CARTESIAN_POINT('',(4.338371950797,-99.7811504049,106.8722377251
    ));
#3698 = CARTESIAN_POINT('',(3.797256120241,-99.7811504049,
    106.60166462444));
#3699 = VECTOR('',#3700,1.);
#3700 = DIRECTION('',(-0.,1.,-1.110223024625E-16));
#3701 = DEFINITIONAL_REPRESENTATION('',(#3702),#3706);
#3702 = LINE('',#3703,#3704);
#3703 = CARTESIAN_POINT('',(0.,0.));
#3704 = VECTOR('',#3705,1.);
#3705 = DIRECTION('',(1.,0.));
#3706 = ( GEOMETRIC_REPRESENTATION_CONTEXT(2) 
PARAMETRIC_REPRESENTATION_CONTEXT() REPRESENTATION_CONTEXT('2D SPACE',''
  ) );
#3707 = ORIENTED_EDGE('',*,*,#3708,.T.);
#3708 = EDGE_CURVE('',#3679,#3709,#3711,.T.);
#3709 = VERTEX_POINT('',#3710);
#3710 = CARTESIAN_POINT('',(2.677698795116,-99.7811504049,
    105.64070340793));
#3711 = SURFACE_CURVE('',#3712,(#3716,#3723),.PCURVE_S1.);
#3712 = B_SPLINE_CURVE_WITH_KNOTS('',2,(#3713,#3714,#3715),
  .UNSPECIFIED.,.F.,.F.,(3,3),(0.,1.),.PIECEWISE_BEZIER_KNOTS.);
#3713 = CARTESIAN_POINT('',(3.797256120241,-99.7811504049,
    106.60166462444));
#3714 = CARTESIAN_POINT('',(3.256140289686,-99.7811504049,
    106.33109152378));
#3715 = CARTESIAN_POINT('',(2.677698795116,-99.7811504049,
    105.64070340793));
#3716 = PCURVE('',#584,#3717);
#3717 = DEFINITIONAL_REPRESENTATION('',(#3718),#3722);
#3718 = B_SPLINE_CURVE_WITH_KNOTS('',2,(#3719,#3720,#3721),
  .UNSPECIFIED.,.F.,.F.,(3,3),(0.,1.),.PIECEWISE_BEZIER_KNOTS.);
#3719 = CARTESIAN_POINT('',(3.797256120241,7.696288995854));
#3720 = CARTESIAN_POINT('',(3.256140289686,7.425715895196));
#3721 = CARTESIAN_POINT('',(2.677698795116,6.735327779341));
#3722 = ( GEOMETRIC_REPRESENTATION_CONTEXT(2) 
PARAMETRIC_REPRESENTATION_CONTEXT() REPRESENTATION_CONTEXT('2D SPACE',''
  ) );
#3723 = PCURVE('',#3724,#3731);
#3724 = SURFACE_OF_LINEAR_EXTRUSION('',#3725,#3729);
#3725 = B_SPLINE_CURVE_WITH_KNOTS('',2,(#3726,#3727,#3728),
  .UNSPECIFIED.,.F.,.F.,(3,3),(0.,1.),.PIECEWISE_BEZIER_KNOTS.);
#3726 = CARTESIAN_POINT('',(3.797256120241,-99.7811504049,
    106.60166462444));
#3727 = CARTESIAN_POINT('',(3.256140289686,-99.7811504049,
    106.33109152378));
#3728 = CARTESIAN_POINT('',(2.677698795116,-99.7811504049,
    105.64070340793));
#3729 = VECTOR('',#3730,1.);
#3730 = DIRECTION('',(-0.,1.,-1.110223024625E-16));
#3731 = DEFINITIONAL_REPRESENTATION('',(#3732),#3736);
#3732 = LINE('',#3733,#3734);
#3733 = CARTESIAN_POINT('',(0.,0.));
#3734 = VECTOR('',#3735,1.);
#3735 = DIRECTION('',(1.,0.));
#3736 = ( GEOMETRIC_REPRESENTATION_CONTEXT(2) 
PARAMETRIC_REPRESENTATION_CONTEXT() REPRESENTATION_CONTEXT('2D SPACE',''
  ) );
#3737 = ORIENTED_EDGE('',*,*,#3738,.T.);
#3738 = EDGE_CURVE('',#3709,#2999,#3739,.T.);
#3739 = SURFACE_CURVE('',#3740,(#3744,#3751),.PCURVE_S1.);
#3740 = LINE('',#3741,#3742);
#3741 = CARTESIAN_POINT('',(2.677698795116,-99.7811504049,
    105.64070340793));
#3742 = VECTOR('',#3743,1.);
#3743 = DIRECTION('',(-1.,0.,0.));
#3744 = PCURVE('',#584,#3745);
#3745 = DEFINITIONAL_REPRESENTATION('',(#3746),#3750);
#3746 = LINE('',#3747,#3748);
#3747 = CARTESIAN_POINT('',(2.677698795116,6.735327779341));
#3748 = VECTOR('',#3749,1.);
#3749 = DIRECTION('',(-1.,0.));
#3750 = ( GEOMETRIC_REPRESENTATION_CONTEXT(2) 
PARAMETRIC_REPRESENTATION_CONTEXT() REPRESENTATION_CONTEXT('2D SPACE',''
  ) );
#3751 = PCURVE('',#3752,#3757);
#3752 = PLANE('',#3753);
#3753 = AXIS2_PLACEMENT_3D('',#3754,#3755,#3756);
#3754 = CARTESIAN_POINT('',(2.677698795116,-99.7811504049,
    105.64070340793));
#3755 = DIRECTION('',(0.,-1.110223024625E-16,-1.));
#3756 = DIRECTION('',(-1.,0.,0.));
#3757 = DEFINITIONAL_REPRESENTATION('',(#3758),#3762);
#3758 = LINE('',#3759,#3760);
#3759 = CARTESIAN_POINT('',(0.,-0.));
#3760 = VECTOR('',#3761,1.);
#3761 = DIRECTION('',(1.,0.));
#3762 = ( GEOMETRIC_REPRESENTATION_CONTEXT(2) 
PARAMETRIC_REPRESENTATION_CONTEXT() REPRESENTATION_CONTEXT('2D SPACE',''
  ) );
#3763 = ADVANCED_FACE('',(#3764),#862,.T.);
#3764 = FACE_BOUND('',#3765,.T.);
#3765 = EDGE_LOOP('',(#3766,#3767,#3789,#3815));
#3766 = ORIENTED_EDGE('',*,*,#598,.T.);
#3767 = ORIENTED_EDGE('',*,*,#3768,.T.);
#3768 = EDGE_CURVE('',#599,#3769,#3771,.T.);
#3769 = VERTEX_POINT('',#3770);
#3770 = CARTESIAN_POINT('',(-76.16705547896,0.,229.01068860296));
#3771 = SEAM_CURVE('',#3772,(#3776,#3783),.PCURVE_S1.);
#3772 = LINE('',#3773,#3774);
#3773 = CARTESIAN_POINT('',(-43.50887408724,0.,178.79043305406));
#3774 = VECTOR('',#3775,1.);
#3775 = DIRECTION('',(-0.545164543025,0.,0.838329064883));
#3776 = PCURVE('',#862,#3777);
#3777 = DEFINITIONAL_REPRESENTATION('',(#3778),#3782);
#3778 = LINE('',#3779,#3780);
#3779 = CARTESIAN_POINT('',(0.,0.));
#3780 = VECTOR('',#3781,1.);
#3781 = DIRECTION('',(0.,1.));
#3782 = ( GEOMETRIC_REPRESENTATION_CONTEXT(2) 
PARAMETRIC_REPRESENTATION_CONTEXT() REPRESENTATION_CONTEXT('2D SPACE',''
  ) );
#3783 = PCURVE('',#862,#3784);
#3784 = DEFINITIONAL_REPRESENTATION('',(#3785),#3788);
#3785 = B_SPLINE_CURVE_WITH_KNOTS('',1,(#3786,#3787),.UNSPECIFIED.,.F.,
  .F.,(2,2),(0.,59.905182406962),.PIECEWISE_BEZIER_KNOTS.);
#3786 = CARTESIAN_POINT('',(6.28318530718,0.));
#3787 = CARTESIAN_POINT('',(6.28318530718,59.905182406962));
#3788 = ( GEOMETRIC_REPRESENTATION_CONTEXT(2) 
PARAMETRIC_REPRESENTATION_CONTEXT() REPRESENTATION_CONTEXT('2D SPACE',''
  ) );
#3789 = ORIENTED_EDGE('',*,*,#3790,.F.);
#3790 = EDGE_CURVE('',#3769,#3769,#3791,.T.);
#3791 = SURFACE_CURVE('',#3792,(#3797,#3804),.PCURVE_S1.);
#3792 = CIRCLE('',#3793,17.5);
#3793 = AXIS2_PLACEMENT_3D('',#3794,#3795,#3796);
#3794 = CARTESIAN_POINT('',(-90.83781411442,0.,219.47030910002));
#3795 = DIRECTION('',(-0.545164543025,0.,0.838329064883));
#3796 = DIRECTION('',(0.838329064883,0.,0.545164543025));
#3797 = PCURVE('',#862,#3798);
#3798 = DEFINITIONAL_REPRESENTATION('',(#3799),#3803);
#3799 = LINE('',#3800,#3801);
#3800 = CARTESIAN_POINT('',(0.,59.905182406962));
#3801 = VECTOR('',#3802,1.);
#3802 = DIRECTION('',(1.,0.));
#3803 = ( GEOMETRIC_REPRESENTATION_CONTEXT(2) 
PARAMETRIC_REPRESENTATION_CONTEXT() REPRESENTATION_CONTEXT('2D SPACE',''
  ) );
#3804 = PCURVE('',#3805,#3810);
#3805 = TOROIDAL_SURFACE('',#3806,21.114841704776,17.5);
#3806 = AXIS2_PLACEMENT_3D('',#3807,#3808,#3809);
#3807 = CARTESIAN_POINT('',(-73.13662861289,0.,230.98137212905));
#3808 = DIRECTION('',(0.,1.,0.));
#3809 = DIRECTION('',(0.,0.,-1.));
#3810 = DEFINITIONAL_REPRESENTATION('',(#3811),#3814);
#3811 = B_SPLINE_CURVE_WITH_KNOTS('',1,(#3812,#3813),.UNSPECIFIED.,.F.,
  .F.,(2,2),(0.,6.28318530718),.PIECEWISE_BEZIER_KNOTS.);
#3812 = CARTESIAN_POINT('',(0.994210949596,9.424777960769));
#3813 = CARTESIAN_POINT('',(0.994210949596,3.14159265359));
#3814 = ( GEOMETRIC_REPRESENTATION_CONTEXT(2) 
PARAMETRIC_REPRESENTATION_CONTEXT() REPRESENTATION_CONTEXT('2D SPACE',''
  ) );
#3815 = ORIENTED_EDGE('',*,*,#3768,.F.);
#3816 = ADVANCED_FACE('',(#3817),#1017,.T.);
#3817 = FACE_BOUND('',#3818,.T.);
#3818 = EDGE_LOOP('',(#3819,#3842,#3843,#3844));
#3819 = ORIENTED_EDGE('',*,*,#3820,.T.);
#3820 = EDGE_CURVE('',#3821,#1002,#3823,.T.);
#3821 = VERTEX_POINT('',#3822);
#3822 = CARTESIAN_POINT('',(76.355023732454,0.,232.6272802082));
#3823 = SEAM_CURVE('',#3824,(#3829,#3835),.PCURVE_S1.);
#3824 = CIRCLE('',#3825,3.614841704776);
#3825 = AXIS2_PLACEMENT_3D('',#3826,#3827,#3828);
#3826 = CARTESIAN_POINT('',(73.136628603159,6.429395695524E-15,
    230.9813721481));
#3827 = DIRECTION('',(0.,1.,0.));
#3828 = DIRECTION('',(0.,0.,-1.));
#3829 = PCURVE('',#1017,#3830);
#3830 = DEFINITIONAL_REPRESENTATION('',(#3831),#3834);
#3831 = B_SPLINE_CURVE_WITH_KNOTS('',1,(#3832,#3833),.UNSPECIFIED.,.F.,
  .F.,(2,2),(4.239657898427,5.288974357583),.PIECEWISE_BEZIER_KNOTS.);
#3832 = CARTESIAN_POINT('',(4.239657898427,3.14159265359));
#3833 = CARTESIAN_POINT('',(5.288974357583,3.14159265359));
#3834 = ( GEOMETRIC_REPRESENTATION_CONTEXT(2) 
PARAMETRIC_REPRESENTATION_CONTEXT() REPRESENTATION_CONTEXT('2D SPACE',''
  ) );
#3835 = PCURVE('',#1017,#3836);
#3836 = DEFINITIONAL_REPRESENTATION('',(#3837),#3841);
#3837 = LINE('',#3838,#3839);
#3838 = CARTESIAN_POINT('',(0.,9.424777960769));
#3839 = VECTOR('',#3840,1.);
#3840 = DIRECTION('',(1.,0.));
#3841 = ( GEOMETRIC_REPRESENTATION_CONTEXT(2) 
PARAMETRIC_REPRESENTATION_CONTEXT() REPRESENTATION_CONTEXT('2D SPACE',''
  ) );
#3842 = ORIENTED_EDGE('',*,*,#1001,.T.);
#3843 = ORIENTED_EDGE('',*,*,#3820,.F.);
#3844 = ORIENTED_EDGE('',*,*,#3845,.T.);
#3845 = EDGE_CURVE('',#3821,#3821,#3846,.T.);
#3846 = SURFACE_CURVE('',#3847,(#3852,#3858),.PCURVE_S1.);
#3847 = CIRCLE('',#3848,17.5);
#3848 = AXIS2_PLACEMENT_3D('',#3849,#3850,#3851);
#3849 = CARTESIAN_POINT('',(91.935765397644,0.,240.5953721481));
#3850 = DIRECTION('',(0.455319539423,0.,-0.890328095154));
#3851 = DIRECTION('',(-0.890328095154,0.,-0.455319539423));
#3852 = PCURVE('',#1017,#3853);
#3853 = DEFINITIONAL_REPRESENTATION('',(#3854),#3857);
#3854 = B_SPLINE_CURVE_WITH_KNOTS('',1,(#3855,#3856),.UNSPECIFIED.,.F.,
  .F.,(2,2),(0.,6.28318530718),.PIECEWISE_BEZIER_KNOTS.);
#3855 = CARTESIAN_POINT('',(4.239657898427,9.424777960769));
#3856 = CARTESIAN_POINT('',(4.239657898427,3.14159265359));
#3857 = ( GEOMETRIC_REPRESENTATION_CONTEXT(2) 
PARAMETRIC_REPRESENTATION_CONTEXT() REPRESENTATION_CONTEXT('2D SPACE',''
  ) );
#3858 = PCURVE('',#3859,#3864);
#3859 = CYLINDRICAL_SURFACE('',#3860,17.5);
#3860 = AXIS2_PLACEMENT_3D('',#3861,#3862,#3863);
#3861 = CARTESIAN_POINT('',(78.081604743796,0.,267.68568432872));
#3862 = DIRECTION('',(0.455319539423,0.,-0.890328095154));
#3863 = DIRECTION('',(-0.890328095154,0.,-0.455319539423));
#3864 = DEFINITIONAL_REPRESENTATION('',(#3865),#3869);
#3865 = LINE('',#3866,#3867);
#3866 = CARTESIAN_POINT('',(0.,30.427336088883));
#3867 = VECTOR('',#3868,1.);
#3868 = DIRECTION('',(1.,0.));
#3869 = ( GEOMETRIC_REPRESENTATION_CONTEXT(2) 
PARAMETRIC_REPRESENTATION_CONTEXT() REPRESENTATION_CONTEXT('2D SPACE',''
  ) );
#3870 = ADVANCED_FACE('',(#3871),#1080,.T.);
#3871 = FACE_BOUND('',#3872,.T.);
#3872 = EDGE_LOOP('',(#3873,#3896,#3924,#3945));
#3873 = ORIENTED_EDGE('',*,*,#3874,.T.);
#3874 = EDGE_CURVE('',#1063,#3875,#3877,.T.);
#3875 = VERTEX_POINT('',#3876);
#3876 = CARTESIAN_POINT('',(-1.492780752061,-102.7811504049,
    77.055653002913));
#3877 = SURFACE_CURVE('',#3878,(#3882,#3889),.PCURVE_S1.);
#3878 = LINE('',#3879,#3880);
#3879 = CARTESIAN_POINT('',(-1.492780752061,-99.7811504049,
    77.055653002913));
#3880 = VECTOR('',#3881,1.);
#3881 = DIRECTION('',(0.,-1.,1.110223024625E-16));
#3882 = PCURVE('',#1080,#3883);
#3883 = DEFINITIONAL_REPRESENTATION('',(#3884),#3888);
#3884 = LINE('',#3885,#3886);
#3885 = CARTESIAN_POINT('',(0.,0.));
#3886 = VECTOR('',#3887,1.);
#3887 = DIRECTION('',(0.,-1.));
#3888 = ( GEOMETRIC_REPRESENTATION_CONTEXT(2) 
PARAMETRIC_REPRESENTATION_CONTEXT() REPRESENTATION_CONTEXT('2D SPACE',''
  ) );
#3889 = PCURVE('',#1386,#3890);
#3890 = DEFINITIONAL_REPRESENTATION('',(#3891),#3895);
#3891 = LINE('',#3892,#3893);
#3892 = CARTESIAN_POINT('',(0.977417829741,0.));
#3893 = VECTOR('',#3894,1.);
#3894 = DIRECTION('',(0.,-1.));
#3895 = ( GEOMETRIC_REPRESENTATION_CONTEXT(2) 
PARAMETRIC_REPRESENTATION_CONTEXT() REPRESENTATION_CONTEXT('2D SPACE',''
  ) );
#3896 = ORIENTED_EDGE('',*,*,#3897,.T.);
#3897 = EDGE_CURVE('',#3875,#3898,#3900,.T.);
#3898 = VERTEX_POINT('',#3899);
#3899 = CARTESIAN_POINT('',(-3.776401581722,-102.7811504049,
    80.37887940894));
#3900 = SURFACE_CURVE('',#3901,(#3905,#3912),.PCURVE_S1.);
#3901 = LINE('',#3902,#3903);
#3902 = CARTESIAN_POINT('',(-1.492780752061,-102.7811504049,
    77.055653002913));
#3903 = VECTOR('',#3904,1.);
#3904 = DIRECTION('',(-0.566344013733,9.150113444477E-17,0.824168949979)
  );
#3905 = PCURVE('',#1080,#3906);
#3906 = DEFINITIONAL_REPRESENTATION('',(#3907),#3911);
#3907 = LINE('',#3908,#3909);
#3908 = CARTESIAN_POINT('',(0.,-3.));
#3909 = VECTOR('',#3910,1.);
#3910 = DIRECTION('',(1.,0.));
#3911 = ( GEOMETRIC_REPRESENTATION_CONTEXT(2) 
PARAMETRIC_REPRESENTATION_CONTEXT() REPRESENTATION_CONTEXT('2D SPACE',''
  ) );
#3912 = PCURVE('',#3913,#3918);
#3913 = PLANE('',#3914);
#3914 = AXIS2_PLACEMENT_3D('',#3915,#3916,#3917);
#3915 = CARTESIAN_POINT('',(-6.37099006904,-102.7811504049,
    77.055653002913));
#3916 = DIRECTION('',(0.,-1.,1.110223024625E-16));
#3917 = DIRECTION('',(1.,0.,0.));
#3918 = DEFINITIONAL_REPRESENTATION('',(#3919),#3923);
#3919 = LINE('',#3920,#3921);
#3920 = CARTESIAN_POINT('',(4.878209316979,0.));
#3921 = VECTOR('',#3922,1.);
#3922 = DIRECTION('',(-0.566344013733,0.824168949979));
#3923 = ( GEOMETRIC_REPRESENTATION_CONTEXT(2) 
PARAMETRIC_REPRESENTATION_CONTEXT() REPRESENTATION_CONTEXT('2D SPACE',''
  ) );
#3924 = ORIENTED_EDGE('',*,*,#3925,.F.);
#3925 = EDGE_CURVE('',#1065,#3898,#3926,.T.);
#3926 = SURFACE_CURVE('',#3927,(#3931,#3938),.PCURVE_S1.);
#3927 = LINE('',#3928,#3929);
#3928 = CARTESIAN_POINT('',(-3.776401581722,-99.7811504049,
    80.37887940894));
#3929 = VECTOR('',#3930,1.);
#3930 = DIRECTION('',(0.,-1.,1.110223024625E-16));
#3931 = PCURVE('',#1080,#3932);
#3932 = DEFINITIONAL_REPRESENTATION('',(#3933),#3937);
#3933 = LINE('',#3934,#3935);
#3934 = CARTESIAN_POINT('',(4.032215004111,0.));
#3935 = VECTOR('',#3936,1.);
#3936 = DIRECTION('',(0.,-1.));
#3937 = ( GEOMETRIC_REPRESENTATION_CONTEXT(2) 
PARAMETRIC_REPRESENTATION_CONTEXT() REPRESENTATION_CONTEXT('2D SPACE',''
  ) );
#3938 = PCURVE('',#1108,#3939);
#3939 = DEFINITIONAL_REPRESENTATION('',(#3940),#3944);
#3940 = LINE('',#3941,#3942);
#3941 = CARTESIAN_POINT('',(0.,0.));
#3942 = VECTOR('',#3943,1.);
#3943 = DIRECTION('',(0.,-1.));
#3944 = ( GEOMETRIC_REPRESENTATION_CONTEXT(2) 
PARAMETRIC_REPRESENTATION_CONTEXT() REPRESENTATION_CONTEXT('2D SPACE',''
  ) );
#3945 = ORIENTED_EDGE('',*,*,#1062,.F.);
#3946 = ADVANCED_FACE('',(#3947),#1386,.T.);
#3947 = FACE_BOUND('',#3948,.T.);
#3948 = EDGE_LOOP('',(#3949,#3972,#3993,#3994));
#3949 = ORIENTED_EDGE('',*,*,#3950,.T.);
#3950 = EDGE_CURVE('',#1345,#3951,#3953,.T.);
#3951 = VERTEX_POINT('',#3952);
#3952 = CARTESIAN_POINT('',(-0.515362922319,-102.7811504049,
    77.055653002913));
#3953 = SURFACE_CURVE('',#3954,(#3958,#3965),.PCURVE_S1.);
#3954 = LINE('',#3955,#3956);
#3955 = CARTESIAN_POINT('',(-0.515362922319,-99.7811504049,
    77.055653002913));
#3956 = VECTOR('',#3957,1.);
#3957 = DIRECTION('',(0.,-1.,1.110223024625E-16));
#3958 = PCURVE('',#1386,#3959);
#3959 = DEFINITIONAL_REPRESENTATION('',(#3960),#3964);
#3960 = LINE('',#3961,#3962);
#3961 = CARTESIAN_POINT('',(0.,-0.));
#3962 = VECTOR('',#3963,1.);
#3963 = DIRECTION('',(0.,-1.));
#3964 = ( GEOMETRIC_REPRESENTATION_CONTEXT(2) 
PARAMETRIC_REPRESENTATION_CONTEXT() REPRESENTATION_CONTEXT('2D SPACE',''
  ) );
#3965 = PCURVE('',#1360,#3966);
#3966 = DEFINITIONAL_REPRESENTATION('',(#3967),#3971);
#3967 = LINE('',#3968,#3969);
#3968 = CARTESIAN_POINT('',(4.673385612769,0.));
#3969 = VECTOR('',#3970,1.);
#3970 = DIRECTION('',(0.,-1.));
#3971 = ( GEOMETRIC_REPRESENTATION_CONTEXT(2) 
PARAMETRIC_REPRESENTATION_CONTEXT() REPRESENTATION_CONTEXT('2D SPACE',''
  ) );
#3972 = ORIENTED_EDGE('',*,*,#3973,.T.);
#3973 = EDGE_CURVE('',#3951,#3875,#3974,.T.);
#3974 = SURFACE_CURVE('',#3975,(#3979,#3986),.PCURVE_S1.);
#3975 = LINE('',#3976,#3977);
#3976 = CARTESIAN_POINT('',(-0.515362922319,-102.7811504049,
    77.055653002913));
#3977 = VECTOR('',#3978,1.);
#3978 = DIRECTION('',(-1.,0.,0.));
#3979 = PCURVE('',#1386,#3980);
#3980 = DEFINITIONAL_REPRESENTATION('',(#3981),#3985);
#3981 = LINE('',#3982,#3983);
#3982 = CARTESIAN_POINT('',(0.,-3.));
#3983 = VECTOR('',#3984,1.);
#3984 = DIRECTION('',(1.,0.));
#3985 = ( GEOMETRIC_REPRESENTATION_CONTEXT(2) 
PARAMETRIC_REPRESENTATION_CONTEXT() REPRESENTATION_CONTEXT('2D SPACE',''
  ) );
#3986 = PCURVE('',#3913,#3987);
#3987 = DEFINITIONAL_REPRESENTATION('',(#3988),#3992);
#3988 = LINE('',#3989,#3990);
#3989 = CARTESIAN_POINT('',(5.855627146721,0.));
#3990 = VECTOR('',#3991,1.);
#3991 = DIRECTION('',(-1.,0.));
#3992 = ( GEOMETRIC_REPRESENTATION_CONTEXT(2) 
PARAMETRIC_REPRESENTATION_CONTEXT() REPRESENTATION_CONTEXT('2D SPACE',''
  ) );
#3993 = ORIENTED_EDGE('',*,*,#3874,.F.);
#3994 = ORIENTED_EDGE('',*,*,#1372,.F.);
#3995 = ADVANCED_FACE('',(#3996),#1360,.T.);
#3996 = FACE_BOUND('',#3997,.T.);
#3997 = EDGE_LOOP('',(#3998,#4021,#4042,#4043));
#3998 = ORIENTED_EDGE('',*,*,#3999,.T.);
#3999 = EDGE_CURVE('',#1317,#4000,#4002,.T.);
#4000 = VERTEX_POINT('',#4001);
#4001 = CARTESIAN_POINT('',(-3.181047912523,-102.7811504049,
    80.894227818993));
#4002 = SURFACE_CURVE('',#4003,(#4007,#4014),.PCURVE_S1.);
#4003 = LINE('',#4004,#4005);
#4004 = CARTESIAN_POINT('',(-3.181047912523,-99.7811504049,
    80.894227818993));
#4005 = VECTOR('',#4006,1.);
#4006 = DIRECTION('',(0.,-1.,1.110223024625E-16));
#4007 = PCURVE('',#1360,#4008);
#4008 = DEFINITIONAL_REPRESENTATION('',(#4009),#4013);
#4009 = LINE('',#4010,#4011);
#4010 = CARTESIAN_POINT('',(0.,0.));
#4011 = VECTOR('',#4012,1.);
#4012 = DIRECTION('',(0.,-1.));
#4013 = ( GEOMETRIC_REPRESENTATION_CONTEXT(2) 
PARAMETRIC_REPRESENTATION_CONTEXT() REPRESENTATION_CONTEXT('2D SPACE',''
  ) );
#4014 = PCURVE('',#1332,#4015);
#4015 = DEFINITIONAL_REPRESENTATION('',(#4016),#4020);
#4016 = LINE('',#4017,#4018);
#4017 = CARTESIAN_POINT('',(3.732153478102,0.));
#4018 = VECTOR('',#4019,1.);
#4019 = DIRECTION('',(0.,-1.));
#4020 = ( GEOMETRIC_REPRESENTATION_CONTEXT(2) 
PARAMETRIC_REPRESENTATION_CONTEXT() REPRESENTATION_CONTEXT('2D SPACE',''
  ) );
#4021 = ORIENTED_EDGE('',*,*,#4022,.T.);
#4022 = EDGE_CURVE('',#4000,#3951,#4023,.T.);
#4023 = SURFACE_CURVE('',#4024,(#4028,#4035),.PCURVE_S1.);
#4024 = LINE('',#4025,#4026);
#4025 = CARTESIAN_POINT('',(-3.181047912523,-102.7811504049,
    80.894227818993));
#4026 = VECTOR('',#4027,1.);
#4027 = DIRECTION('',(0.570396969366,-9.119029533779E-17,-0.821369160206
    ));
#4028 = PCURVE('',#1360,#4029);
#4029 = DEFINITIONAL_REPRESENTATION('',(#4030),#4034);
#4030 = LINE('',#4031,#4032);
#4031 = CARTESIAN_POINT('',(0.,-3.));
#4032 = VECTOR('',#4033,1.);
#4033 = DIRECTION('',(1.,0.));
#4034 = ( GEOMETRIC_REPRESENTATION_CONTEXT(2) 
PARAMETRIC_REPRESENTATION_CONTEXT() REPRESENTATION_CONTEXT('2D SPACE',''
  ) );
#4035 = PCURVE('',#3913,#4036);
#4036 = DEFINITIONAL_REPRESENTATION('',(#4037),#4041);
#4037 = LINE('',#4038,#4039);
#4038 = CARTESIAN_POINT('',(3.189942156517,3.83857481608));
#4039 = VECTOR('',#4040,1.);
#4040 = DIRECTION('',(0.570396969366,-0.821369160206));
#4041 = ( GEOMETRIC_REPRESENTATION_CONTEXT(2) 
PARAMETRIC_REPRESENTATION_CONTEXT() REPRESENTATION_CONTEXT('2D SPACE',''
  ) );
#4042 = ORIENTED_EDGE('',*,*,#3950,.F.);
#4043 = ORIENTED_EDGE('',*,*,#1344,.F.);
#4044 = ADVANCED_FACE('',(#4045),#1332,.T.);
#4045 = FACE_BOUND('',#4046,.T.);
#4046 = EDGE_LOOP('',(#4047,#4070,#4091,#4092));
#4047 = ORIENTED_EDGE('',*,*,#4048,.T.);
#4048 = EDGE_CURVE('',#1289,#4049,#4051,.T.);
#4049 = VERTEX_POINT('',#4050);
#4050 = CARTESIAN_POINT('',(-0.542031342035,-102.7811504049,
    83.533273314014));
#4051 = SURFACE_CURVE('',#4052,(#4056,#4063),.PCURVE_S1.);
#4052 = LINE('',#4053,#4054);
#4053 = CARTESIAN_POINT('',(-0.542031342035,-99.7811504049,
    83.533273314014));
#4054 = VECTOR('',#4055,1.);
#4055 = DIRECTION('',(0.,-1.,1.110223024625E-16));
#4056 = PCURVE('',#1332,#4057);
#4057 = DEFINITIONAL_REPRESENTATION('',(#4058),#4062);
#4058 = LINE('',#4059,#4060);
#4059 = CARTESIAN_POINT('',(0.,0.));
#4060 = VECTOR('',#4061,1.);
#4061 = DIRECTION('',(0.,-1.));
#4062 = ( GEOMETRIC_REPRESENTATION_CONTEXT(2) 
PARAMETRIC_REPRESENTATION_CONTEXT() REPRESENTATION_CONTEXT('2D SPACE',''
  ) );
#4063 = PCURVE('',#1304,#4064);
#4064 = DEFINITIONAL_REPRESENTATION('',(#4065),#4069);
#4065 = LINE('',#4066,#4067);
#4066 = CARTESIAN_POINT('',(1.066273996081,0.));
#4067 = VECTOR('',#4068,1.);
#4068 = DIRECTION('',(0.,-1.));
#4069 = ( GEOMETRIC_REPRESENTATION_CONTEXT(2) 
PARAMETRIC_REPRESENTATION_CONTEXT() REPRESENTATION_CONTEXT('2D SPACE',''
  ) );
#4070 = ORIENTED_EDGE('',*,*,#4071,.T.);
#4071 = EDGE_CURVE('',#4049,#4000,#4072,.T.);
#4072 = SURFACE_CURVE('',#4073,(#4077,#4084),.PCURVE_S1.);
#4073 = LINE('',#4074,#4075);
#4074 = CARTESIAN_POINT('',(-0.542031342035,-102.7811504049,
    83.533273314014));
#4075 = VECTOR('',#4076,1.);
#4076 = DIRECTION('',(-0.70710290613,-7.850505314955E-17,-0.707110656222
    ));
#4077 = PCURVE('',#1332,#4078);
#4078 = DEFINITIONAL_REPRESENTATION('',(#4079),#4083);
#4079 = LINE('',#4080,#4081);
#4080 = CARTESIAN_POINT('',(0.,-3.));
#4081 = VECTOR('',#4082,1.);
#4082 = DIRECTION('',(1.,0.));
#4083 = ( GEOMETRIC_REPRESENTATION_CONTEXT(2) 
PARAMETRIC_REPRESENTATION_CONTEXT() REPRESENTATION_CONTEXT('2D SPACE',''
  ) );
#4084 = PCURVE('',#3913,#4085);
#4085 = DEFINITIONAL_REPRESENTATION('',(#4086),#4090);
#4086 = LINE('',#4087,#4088);
#4087 = CARTESIAN_POINT('',(5.828958727005,6.477620311102));
#4088 = VECTOR('',#4089,1.);
#4089 = DIRECTION('',(-0.70710290613,-0.707110656222));
#4090 = ( GEOMETRIC_REPRESENTATION_CONTEXT(2) 
PARAMETRIC_REPRESENTATION_CONTEXT() REPRESENTATION_CONTEXT('2D SPACE',''
  ) );
#4091 = ORIENTED_EDGE('',*,*,#3999,.F.);
#4092 = ORIENTED_EDGE('',*,*,#1316,.F.);
#4093 = ADVANCED_FACE('',(#4094),#1304,.T.);
#4094 = FACE_BOUND('',#4095,.T.);
#4095 = EDGE_LOOP('',(#4096,#4119,#4140,#4141));
#4096 = ORIENTED_EDGE('',*,*,#4097,.T.);
#4097 = EDGE_CURVE('',#1261,#4098,#4100,.T.);
#4098 = VERTEX_POINT('',#4099);
#4099 = CARTESIAN_POINT('',(-1.608305338116,-102.7811504049,
    83.533273314014));
#4100 = SURFACE_CURVE('',#4101,(#4105,#4112),.PCURVE_S1.);
#4101 = LINE('',#4102,#4103);
#4102 = CARTESIAN_POINT('',(-1.608305338116,-99.7811504049,
    83.533273314014));
#4103 = VECTOR('',#4104,1.);
#4104 = DIRECTION('',(0.,-1.,1.110223024625E-16));
#4105 = PCURVE('',#1304,#4106);
#4106 = DEFINITIONAL_REPRESENTATION('',(#4107),#4111);
#4107 = LINE('',#4108,#4109);
#4108 = CARTESIAN_POINT('',(0.,0.));
#4109 = VECTOR('',#4110,1.);
#4110 = DIRECTION('',(0.,-1.));
#4111 = ( GEOMETRIC_REPRESENTATION_CONTEXT(2) 
PARAMETRIC_REPRESENTATION_CONTEXT() REPRESENTATION_CONTEXT('2D SPACE',''
  ) );
#4112 = PCURVE('',#1276,#4113);
#4113 = DEFINITIONAL_REPRESENTATION('',(#4114),#4118);
#4114 = LINE('',#4115,#4116);
#4115 = CARTESIAN_POINT('',(4.599360849405,0.));
#4116 = VECTOR('',#4117,1.);
#4117 = DIRECTION('',(0.,-1.));
#4118 = ( GEOMETRIC_REPRESENTATION_CONTEXT(2) 
PARAMETRIC_REPRESENTATION_CONTEXT() REPRESENTATION_CONTEXT('2D SPACE',''
  ) );
#4119 = ORIENTED_EDGE('',*,*,#4120,.T.);
#4120 = EDGE_CURVE('',#4098,#4049,#4121,.T.);
#4121 = SURFACE_CURVE('',#4122,(#4126,#4133),.PCURVE_S1.);
#4122 = LINE('',#4123,#4124);
#4123 = CARTESIAN_POINT('',(-1.608305338116,-102.7811504049,
    83.533273314014));
#4124 = VECTOR('',#4125,1.);
#4125 = DIRECTION('',(1.,0.,0.));
#4126 = PCURVE('',#1304,#4127);
#4127 = DEFINITIONAL_REPRESENTATION('',(#4128),#4132);
#4128 = LINE('',#4129,#4130);
#4129 = CARTESIAN_POINT('',(0.,-3.));
#4130 = VECTOR('',#4131,1.);
#4131 = DIRECTION('',(1.,0.));
#4132 = ( GEOMETRIC_REPRESENTATION_CONTEXT(2) 
PARAMETRIC_REPRESENTATION_CONTEXT() REPRESENTATION_CONTEXT('2D SPACE',''
  ) );
#4133 = PCURVE('',#3913,#4134);
#4134 = DEFINITIONAL_REPRESENTATION('',(#4135),#4139);
#4135 = LINE('',#4136,#4137);
#4136 = CARTESIAN_POINT('',(4.762684730924,6.477620311102));
#4137 = VECTOR('',#4138,1.);
#4138 = DIRECTION('',(1.,0.));
#4139 = ( GEOMETRIC_REPRESENTATION_CONTEXT(2) 
PARAMETRIC_REPRESENTATION_CONTEXT() REPRESENTATION_CONTEXT('2D SPACE',''
  ) );
#4140 = ORIENTED_EDGE('',*,*,#4048,.F.);
#4141 = ORIENTED_EDGE('',*,*,#1288,.F.);
#4142 = ADVANCED_FACE('',(#4143),#1276,.T.);
#4143 = FACE_BOUND('',#4144,.T.);
#4144 = EDGE_LOOP('',(#4145,#4168,#4189,#4190));
#4145 = ORIENTED_EDGE('',*,*,#4146,.T.);
#4146 = EDGE_CURVE('',#1233,#4147,#4149,.T.);
#4147 = VERTEX_POINT('',#4148);
#4148 = CARTESIAN_POINT('',(-4.833766821543,-102.7811504049,
    80.254474991157));
#4149 = SURFACE_CURVE('',#4150,(#4154,#4161),.PCURVE_S1.);
#4150 = LINE('',#4151,#4152);
#4151 = CARTESIAN_POINT('',(-4.833766821543,-99.7811504049,
    80.254474991157));
#4152 = VECTOR('',#4153,1.);
#4153 = DIRECTION('',(0.,-1.,1.110223024625E-16));
#4154 = PCURVE('',#1276,#4155);
#4155 = DEFINITIONAL_REPRESENTATION('',(#4156),#4160);
#4156 = LINE('',#4157,#4158);
#4157 = CARTESIAN_POINT('',(0.,0.));
#4158 = VECTOR('',#4159,1.);
#4159 = DIRECTION('',(0.,-1.));
#4160 = ( GEOMETRIC_REPRESENTATION_CONTEXT(2) 
PARAMETRIC_REPRESENTATION_CONTEXT() REPRESENTATION_CONTEXT('2D SPACE',''
  ) );
#4161 = PCURVE('',#1248,#4162);
#4162 = DEFINITIONAL_REPRESENTATION('',(#4163),#4167);
#4163 = LINE('',#4164,#4165);
#4164 = CARTESIAN_POINT('',(3.278798322857,0.));
#4165 = VECTOR('',#4166,1.);
#4166 = DIRECTION('',(0.,-1.));
#4167 = ( GEOMETRIC_REPRESENTATION_CONTEXT(2) 
PARAMETRIC_REPRESENTATION_CONTEXT() REPRESENTATION_CONTEXT('2D SPACE',''
  ) );
#4168 = ORIENTED_EDGE('',*,*,#4169,.T.);
#4169 = EDGE_CURVE('',#4147,#4098,#4170,.T.);
#4170 = SURFACE_CURVE('',#4171,(#4175,#4182),.PCURVE_S1.);
#4171 = LINE('',#4172,#4173);
#4172 = CARTESIAN_POINT('',(-4.833766821543,-102.7811504049,
    80.254474991157));
#4173 = VECTOR('',#4174,1.);
#4174 = DIRECTION('',(0.701284719559,7.914572285863E-17,0.712881295948)
  );
#4175 = PCURVE('',#1276,#4176);
#4176 = DEFINITIONAL_REPRESENTATION('',(#4177),#4181);
#4177 = LINE('',#4178,#4179);
#4178 = CARTESIAN_POINT('',(0.,-3.));
#4179 = VECTOR('',#4180,1.);
#4180 = DIRECTION('',(1.,0.));
#4181 = ( GEOMETRIC_REPRESENTATION_CONTEXT(2) 
PARAMETRIC_REPRESENTATION_CONTEXT() REPRESENTATION_CONTEXT('2D SPACE',''
  ) );
#4182 = PCURVE('',#3913,#4183);
#4183 = DEFINITIONAL_REPRESENTATION('',(#4184),#4188);
#4184 = LINE('',#4185,#4186);
#4185 = CARTESIAN_POINT('',(1.537223247497,3.198821988244));
#4186 = VECTOR('',#4187,1.);
#4187 = DIRECTION('',(0.701284719559,0.712881295948));
#4188 = ( GEOMETRIC_REPRESENTATION_CONTEXT(2) 
PARAMETRIC_REPRESENTATION_CONTEXT() REPRESENTATION_CONTEXT('2D SPACE',''
  ) );
#4189 = ORIENTED_EDGE('',*,*,#4097,.F.);
#4190 = ORIENTED_EDGE('',*,*,#1260,.F.);
#4191 = ADVANCED_FACE('',(#4192),#1248,.T.);
#4192 = FACE_BOUND('',#4193,.T.);
#4193 = EDGE_LOOP('',(#4194,#4217,#4238,#4239));
#4194 = ORIENTED_EDGE('',*,*,#4195,.T.);
#4195 = EDGE_CURVE('',#1205,#4196,#4198,.T.);
#4196 = VERTEX_POINT('',#4197);
#4197 = CARTESIAN_POINT('',(-4.833766821543,-102.7811504049,
    83.533273314014));
#4198 = SURFACE_CURVE('',#4199,(#4203,#4210),.PCURVE_S1.);
#4199 = LINE('',#4200,#4201);
#4200 = CARTESIAN_POINT('',(-4.833766821543,-99.7811504049,
    83.533273314014));
#4201 = VECTOR('',#4202,1.);
#4202 = DIRECTION('',(0.,-1.,1.110223024625E-16));
#4203 = PCURVE('',#1248,#4204);
#4204 = DEFINITIONAL_REPRESENTATION('',(#4205),#4209);
#4205 = LINE('',#4206,#4207);
#4206 = CARTESIAN_POINT('',(0.,0.));
#4207 = VECTOR('',#4208,1.);
#4208 = DIRECTION('',(0.,-1.));
#4209 = ( GEOMETRIC_REPRESENTATION_CONTEXT(2) 
PARAMETRIC_REPRESENTATION_CONTEXT() REPRESENTATION_CONTEXT('2D SPACE',''
  ) );
#4210 = PCURVE('',#1220,#4211);
#4211 = DEFINITIONAL_REPRESENTATION('',(#4212),#4216);
#4212 = LINE('',#4213,#4214);
#4213 = CARTESIAN_POINT('',(0.826373916776,0.));
#4214 = VECTOR('',#4215,1.);
#4215 = DIRECTION('',(0.,-1.));
#4216 = ( GEOMETRIC_REPRESENTATION_CONTEXT(2) 
PARAMETRIC_REPRESENTATION_CONTEXT() REPRESENTATION_CONTEXT('2D SPACE',''
  ) );
#4217 = ORIENTED_EDGE('',*,*,#4218,.T.);
#4218 = EDGE_CURVE('',#4196,#4147,#4219,.T.);
#4219 = SURFACE_CURVE('',#4220,(#4224,#4231),.PCURVE_S1.);
#4220 = LINE('',#4221,#4222);
#4221 = CARTESIAN_POINT('',(-4.833766821543,-102.7811504049,
    83.533273314014));
#4222 = VECTOR('',#4223,1.);
#4223 = DIRECTION('',(0.,-1.110223024625E-16,-1.));
#4224 = PCURVE('',#1248,#4225);
#4225 = DEFINITIONAL_REPRESENTATION('',(#4226),#4230);
#4226 = LINE('',#4227,#4228);
#4227 = CARTESIAN_POINT('',(0.,-3.));
#4228 = VECTOR('',#4229,1.);
#4229 = DIRECTION('',(1.,0.));
#4230 = ( GEOMETRIC_REPRESENTATION_CONTEXT(2) 
PARAMETRIC_REPRESENTATION_CONTEXT() REPRESENTATION_CONTEXT('2D SPACE',''
  ) );
#4231 = PCURVE('',#3913,#4232);
#4232 = DEFINITIONAL_REPRESENTATION('',(#4233),#4237);
#4233 = LINE('',#4234,#4235);
#4234 = CARTESIAN_POINT('',(1.537223247497,6.477620311102));
#4235 = VECTOR('',#4236,1.);
#4236 = DIRECTION('',(0.,-1.));
#4237 = ( GEOMETRIC_REPRESENTATION_CONTEXT(2) 
PARAMETRIC_REPRESENTATION_CONTEXT() REPRESENTATION_CONTEXT('2D SPACE',''
  ) );
#4238 = ORIENTED_EDGE('',*,*,#4146,.F.);
#4239 = ORIENTED_EDGE('',*,*,#1232,.F.);
#4240 = ADVANCED_FACE('',(#4241),#1220,.T.);
#4241 = FACE_BOUND('',#4242,.T.);
#4242 = EDGE_LOOP('',(#4243,#4266,#4287,#4288));
#4243 = ORIENTED_EDGE('',*,*,#4244,.T.);
#4244 = EDGE_CURVE('',#1177,#4245,#4247,.T.);
#4245 = VERTEX_POINT('',#4246);
#4246 = CARTESIAN_POINT('',(-5.660140738319,-102.7811504049,
    83.533273314014));
#4247 = SURFACE_CURVE('',#4248,(#4252,#4259),.PCURVE_S1.);
#4248 = LINE('',#4249,#4250);
#4249 = CARTESIAN_POINT('',(-5.660140738319,-99.7811504049,
    83.533273314014));
#4250 = VECTOR('',#4251,1.);
#4251 = DIRECTION('',(0.,-1.,1.110223024625E-16));
#4252 = PCURVE('',#1220,#4253);
#4253 = DEFINITIONAL_REPRESENTATION('',(#4254),#4258);
#4254 = LINE('',#4255,#4256);
#4255 = CARTESIAN_POINT('',(0.,0.));
#4256 = VECTOR('',#4257,1.);
#4257 = DIRECTION('',(0.,-1.));
#4258 = ( GEOMETRIC_REPRESENTATION_CONTEXT(2) 
PARAMETRIC_REPRESENTATION_CONTEXT() REPRESENTATION_CONTEXT('2D SPACE',''
  ) );
#4259 = PCURVE('',#1192,#4260);
#4260 = DEFINITIONAL_REPRESENTATION('',(#4261),#4265);
#4261 = LINE('',#4262,#4263);
#4262 = CARTESIAN_POINT('',(6.477620311102,0.));
#4263 = VECTOR('',#4264,1.);
#4264 = DIRECTION('',(0.,-1.));
#4265 = ( GEOMETRIC_REPRESENTATION_CONTEXT(2) 
PARAMETRIC_REPRESENTATION_CONTEXT() REPRESENTATION_CONTEXT('2D SPACE',''
  ) );
#4266 = ORIENTED_EDGE('',*,*,#4267,.T.);
#4267 = EDGE_CURVE('',#4245,#4196,#4268,.T.);
#4268 = SURFACE_CURVE('',#4269,(#4273,#4280),.PCURVE_S1.);
#4269 = LINE('',#4270,#4271);
#4270 = CARTESIAN_POINT('',(-5.660140738319,-102.7811504049,
    83.533273314014));
#4271 = VECTOR('',#4272,1.);
#4272 = DIRECTION('',(1.,0.,0.));
#4273 = PCURVE('',#1220,#4274);
#4274 = DEFINITIONAL_REPRESENTATION('',(#4275),#4279);
#4275 = LINE('',#4276,#4277);
#4276 = CARTESIAN_POINT('',(0.,-3.));
#4277 = VECTOR('',#4278,1.);
#4278 = DIRECTION('',(1.,0.));
#4279 = ( GEOMETRIC_REPRESENTATION_CONTEXT(2) 
PARAMETRIC_REPRESENTATION_CONTEXT() REPRESENTATION_CONTEXT('2D SPACE',''
  ) );
#4280 = PCURVE('',#3913,#4281);
#4281 = DEFINITIONAL_REPRESENTATION('',(#4282),#4286);
#4282 = LINE('',#4283,#4284);
#4283 = CARTESIAN_POINT('',(0.710849330721,6.477620311102));
#4284 = VECTOR('',#4285,1.);
#4285 = DIRECTION('',(1.,0.));
#4286 = ( GEOMETRIC_REPRESENTATION_CONTEXT(2) 
PARAMETRIC_REPRESENTATION_CONTEXT() REPRESENTATION_CONTEXT('2D SPACE',''
  ) );
#4287 = ORIENTED_EDGE('',*,*,#4195,.F.);
#4288 = ORIENTED_EDGE('',*,*,#1204,.F.);
#4289 = ADVANCED_FACE('',(#4290),#1192,.T.);
#4290 = FACE_BOUND('',#4291,.T.);
#4291 = EDGE_LOOP('',(#4292,#4315,#4336,#4337));
#4292 = ORIENTED_EDGE('',*,*,#4293,.T.);
#4293 = EDGE_CURVE('',#1149,#4294,#4296,.T.);
#4294 = VERTEX_POINT('',#4295);
#4295 = CARTESIAN_POINT('',(-5.660140738319,-102.7811504049,
    77.055653002913));
#4296 = SURFACE_CURVE('',#4297,(#4301,#4308),.PCURVE_S1.);
#4297 = LINE('',#4298,#4299);
#4298 = CARTESIAN_POINT('',(-5.660140738319,-99.7811504049,
    77.055653002913));
#4299 = VECTOR('',#4300,1.);
#4300 = DIRECTION('',(0.,-1.,1.110223024625E-16));
#4301 = PCURVE('',#1192,#4302);
#4302 = DEFINITIONAL_REPRESENTATION('',(#4303),#4307);
#4303 = LINE('',#4304,#4305);
#4304 = CARTESIAN_POINT('',(0.,0.));
#4305 = VECTOR('',#4306,1.);
#4306 = DIRECTION('',(0.,-1.));
#4307 = ( GEOMETRIC_REPRESENTATION_CONTEXT(2) 
PARAMETRIC_REPRESENTATION_CONTEXT() REPRESENTATION_CONTEXT('2D SPACE',''
  ) );
#4308 = PCURVE('',#1164,#4309);
#4309 = DEFINITIONAL_REPRESENTATION('',(#4310),#4314);
#4310 = LINE('',#4311,#4312);
#4311 = CARTESIAN_POINT('',(0.826373916776,0.));
#4312 = VECTOR('',#4313,1.);
#4313 = DIRECTION('',(0.,-1.));
#4314 = ( GEOMETRIC_REPRESENTATION_CONTEXT(2) 
PARAMETRIC_REPRESENTATION_CONTEXT() REPRESENTATION_CONTEXT('2D SPACE',''
  ) );
#4315 = ORIENTED_EDGE('',*,*,#4316,.T.);
#4316 = EDGE_CURVE('',#4294,#4245,#4317,.T.);
#4317 = SURFACE_CURVE('',#4318,(#4322,#4329),.PCURVE_S1.);
#4318 = LINE('',#4319,#4320);
#4319 = CARTESIAN_POINT('',(-5.660140738319,-102.7811504049,
    77.055653002913));
#4320 = VECTOR('',#4321,1.);
#4321 = DIRECTION('',(0.,1.110223024625E-16,1.));
#4322 = PCURVE('',#1192,#4323);
#4323 = DEFINITIONAL_REPRESENTATION('',(#4324),#4328);
#4324 = LINE('',#4325,#4326);
#4325 = CARTESIAN_POINT('',(0.,-3.));
#4326 = VECTOR('',#4327,1.);
#4327 = DIRECTION('',(1.,0.));
#4328 = ( GEOMETRIC_REPRESENTATION_CONTEXT(2) 
PARAMETRIC_REPRESENTATION_CONTEXT() REPRESENTATION_CONTEXT('2D SPACE',''
  ) );
#4329 = PCURVE('',#3913,#4330);
#4330 = DEFINITIONAL_REPRESENTATION('',(#4331),#4335);
#4331 = LINE('',#4332,#4333);
#4332 = CARTESIAN_POINT('',(0.710849330721,0.));
#4333 = VECTOR('',#4334,1.);
#4334 = DIRECTION('',(0.,1.));
#4335 = ( GEOMETRIC_REPRESENTATION_CONTEXT(2) 
PARAMETRIC_REPRESENTATION_CONTEXT() REPRESENTATION_CONTEXT('2D SPACE',''
  ) );
#4336 = ORIENTED_EDGE('',*,*,#4244,.F.);
#4337 = ORIENTED_EDGE('',*,*,#1176,.F.);
#4338 = ADVANCED_FACE('',(#4339),#1164,.T.);
#4339 = FACE_BOUND('',#4340,.T.);
#4340 = EDGE_LOOP('',(#4341,#4364,#4385,#4386));
#4341 = ORIENTED_EDGE('',*,*,#4342,.T.);
#4342 = EDGE_CURVE('',#1121,#4343,#4345,.T.);
#4343 = VERTEX_POINT('',#4344);
#4344 = CARTESIAN_POINT('',(-4.833766821543,-102.7811504049,
    77.055653002913));
#4345 = SURFACE_CURVE('',#4346,(#4350,#4357),.PCURVE_S1.);
#4346 = LINE('',#4347,#4348);
#4347 = CARTESIAN_POINT('',(-4.833766821543,-99.7811504049,
    77.055653002913));
#4348 = VECTOR('',#4349,1.);
#4349 = DIRECTION('',(0.,-1.,1.110223024625E-16));
#4350 = PCURVE('',#1164,#4351);
#4351 = DEFINITIONAL_REPRESENTATION('',(#4352),#4356);
#4352 = LINE('',#4353,#4354);
#4353 = CARTESIAN_POINT('',(0.,-0.));
#4354 = VECTOR('',#4355,1.);
#4355 = DIRECTION('',(0.,-1.));
#4356 = ( GEOMETRIC_REPRESENTATION_CONTEXT(2) 
PARAMETRIC_REPRESENTATION_CONTEXT() REPRESENTATION_CONTEXT('2D SPACE',''
  ) );
#4357 = PCURVE('',#1136,#4358);
#4358 = DEFINITIONAL_REPRESENTATION('',(#4359),#4363);
#4359 = LINE('',#4360,#4361);
#4360 = CARTESIAN_POINT('',(2.265832241673,0.));
#4361 = VECTOR('',#4362,1.);
#4362 = DIRECTION('',(0.,-1.));
#4363 = ( GEOMETRIC_REPRESENTATION_CONTEXT(2) 
PARAMETRIC_REPRESENTATION_CONTEXT() REPRESENTATION_CONTEXT('2D SPACE',''
  ) );
#4364 = ORIENTED_EDGE('',*,*,#4365,.T.);
#4365 = EDGE_CURVE('',#4343,#4294,#4366,.T.);
#4366 = SURFACE_CURVE('',#4367,(#4371,#4378),.PCURVE_S1.);
#4367 = LINE('',#4368,#4369);
#4368 = CARTESIAN_POINT('',(-4.833766821543,-102.7811504049,
    77.055653002913));
#4369 = VECTOR('',#4370,1.);
#4370 = DIRECTION('',(-1.,0.,0.));
#4371 = PCURVE('',#1164,#4372);
#4372 = DEFINITIONAL_REPRESENTATION('',(#4373),#4377);
#4373 = LINE('',#4374,#4375);
#4374 = CARTESIAN_POINT('',(0.,-3.));
#4375 = VECTOR('',#4376,1.);
#4376 = DIRECTION('',(1.,0.));
#4377 = ( GEOMETRIC_REPRESENTATION_CONTEXT(2) 
PARAMETRIC_REPRESENTATION_CONTEXT() REPRESENTATION_CONTEXT('2D SPACE',''
  ) );
#4378 = PCURVE('',#3913,#4379);
#4379 = DEFINITIONAL_REPRESENTATION('',(#4380),#4384);
#4380 = LINE('',#4381,#4382);
#4381 = CARTESIAN_POINT('',(1.537223247497,0.));
#4382 = VECTOR('',#4383,1.);
#4383 = DIRECTION('',(-1.,0.));
#4384 = ( GEOMETRIC_REPRESENTATION_CONTEXT(2) 
PARAMETRIC_REPRESENTATION_CONTEXT() REPRESENTATION_CONTEXT('2D SPACE',''
  ) );
#4385 = ORIENTED_EDGE('',*,*,#4293,.F.);
#4386 = ORIENTED_EDGE('',*,*,#1148,.F.);
#4387 = ADVANCED_FACE('',(#4388),#1136,.T.);
#4388 = FACE_BOUND('',#4389,.T.);
#4389 = EDGE_LOOP('',(#4390,#4413,#4434,#4435));
#4390 = ORIENTED_EDGE('',*,*,#4391,.T.);
#4391 = EDGE_CURVE('',#1093,#4392,#4394,.T.);
#4392 = VERTEX_POINT('',#4393);
#4393 = CARTESIAN_POINT('',(-4.833766821543,-102.7811504049,
    79.321485244586));
#4394 = SURFACE_CURVE('',#4395,(#4399,#4406),.PCURVE_S1.);
#4395 = LINE('',#4396,#4397);
#4396 = CARTESIAN_POINT('',(-4.833766821543,-99.7811504049,
    79.321485244586));
#4397 = VECTOR('',#4398,1.);
#4398 = DIRECTION('',(0.,-1.,1.110223024625E-16));
#4399 = PCURVE('',#1136,#4400);
#4400 = DEFINITIONAL_REPRESENTATION('',(#4401),#4405);
#4401 = LINE('',#4402,#4403);
#4402 = CARTESIAN_POINT('',(0.,0.));
#4403 = VECTOR('',#4404,1.);
#4404 = DIRECTION('',(0.,-1.));
#4405 = ( GEOMETRIC_REPRESENTATION_CONTEXT(2) 
PARAMETRIC_REPRESENTATION_CONTEXT() REPRESENTATION_CONTEXT('2D SPACE',''
  ) );
#4406 = PCURVE('',#1108,#4407);
#4407 = DEFINITIONAL_REPRESENTATION('',(#4408),#4412);
#4408 = LINE('',#4409,#4410);
#4409 = CARTESIAN_POINT('',(1.49536071541,0.));
#4410 = VECTOR('',#4411,1.);
#4411 = DIRECTION('',(0.,-1.));
#4412 = ( GEOMETRIC_REPRESENTATION_CONTEXT(2) 
PARAMETRIC_REPRESENTATION_CONTEXT() REPRESENTATION_CONTEXT('2D SPACE',''
  ) );
#4413 = ORIENTED_EDGE('',*,*,#4414,.T.);
#4414 = EDGE_CURVE('',#4392,#4343,#4415,.T.);
#4415 = SURFACE_CURVE('',#4416,(#4420,#4427),.PCURVE_S1.);
#4416 = LINE('',#4417,#4418);
#4417 = CARTESIAN_POINT('',(-4.833766821543,-102.7811504049,
    79.321485244586));
#4418 = VECTOR('',#4419,1.);
#4419 = DIRECTION('',(0.,-1.110223024625E-16,-1.));
#4420 = PCURVE('',#1136,#4421);
#4421 = DEFINITIONAL_REPRESENTATION('',(#4422),#4426);
#4422 = LINE('',#4423,#4424);
#4423 = CARTESIAN_POINT('',(0.,-3.));
#4424 = VECTOR('',#4425,1.);
#4425 = DIRECTION('',(1.,0.));
#4426 = ( GEOMETRIC_REPRESENTATION_CONTEXT(2) 
PARAMETRIC_REPRESENTATION_CONTEXT() REPRESENTATION_CONTEXT('2D SPACE',''
  ) );
#4427 = PCURVE('',#3913,#4428);
#4428 = DEFINITIONAL_REPRESENTATION('',(#4429),#4433);
#4429 = LINE('',#4430,#4431);
#4430 = CARTESIAN_POINT('',(1.537223247497,2.265832241673));
#4431 = VECTOR('',#4432,1.);
#4432 = DIRECTION('',(0.,-1.));
#4433 = ( GEOMETRIC_REPRESENTATION_CONTEXT(2) 
PARAMETRIC_REPRESENTATION_CONTEXT() REPRESENTATION_CONTEXT('2D SPACE',''
  ) );
#4434 = ORIENTED_EDGE('',*,*,#4342,.F.);
#4435 = ORIENTED_EDGE('',*,*,#1120,.F.);
#4436 = ADVANCED_FACE('',(#4437),#1108,.T.);
#4437 = FACE_BOUND('',#4438,.T.);
#4438 = EDGE_LOOP('',(#4439,#4440,#4461,#4462));
#4439 = ORIENTED_EDGE('',*,*,#3925,.T.);
#4440 = ORIENTED_EDGE('',*,*,#4441,.T.);
#4441 = EDGE_CURVE('',#3898,#4392,#4442,.T.);
#4442 = SURFACE_CURVE('',#4443,(#4447,#4454),.PCURVE_S1.);
#4443 = LINE('',#4444,#4445);
#4444 = CARTESIAN_POINT('',(-3.776401581722,-102.7811504049,
    80.37887940894));
#4445 = VECTOR('',#4446,1.);
#4446 = DIRECTION('',(-0.707097109697,-7.850569667054E-17,
    -0.707116452544));
#4447 = PCURVE('',#1108,#4448);
#4448 = DEFINITIONAL_REPRESENTATION('',(#4449),#4453);
#4449 = LINE('',#4450,#4451);
#4450 = CARTESIAN_POINT('',(0.,-3.));
#4451 = VECTOR('',#4452,1.);
#4452 = DIRECTION('',(1.,0.));
#4453 = ( GEOMETRIC_REPRESENTATION_CONTEXT(2) 
PARAMETRIC_REPRESENTATION_CONTEXT() REPRESENTATION_CONTEXT('2D SPACE',''
  ) );
#4454 = PCURVE('',#3913,#4455);
#4455 = DEFINITIONAL_REPRESENTATION('',(#4456),#4460);
#4456 = LINE('',#4457,#4458);
#4457 = CARTESIAN_POINT('',(2.594588487318,3.323226406027));
#4458 = VECTOR('',#4459,1.);
#4459 = DIRECTION('',(-0.707097109697,-0.707116452544));
#4460 = ( GEOMETRIC_REPRESENTATION_CONTEXT(2) 
PARAMETRIC_REPRESENTATION_CONTEXT() REPRESENTATION_CONTEXT('2D SPACE',''
  ) );
#4461 = ORIENTED_EDGE('',*,*,#4391,.F.);
#4462 = ORIENTED_EDGE('',*,*,#1092,.F.);
#4463 = ADVANCED_FACE('',(#4464),#1418,.T.);
#4464 = FACE_BOUND('',#4465,.T.);
#4465 = EDGE_LOOP('',(#4466,#4489,#4517,#4538));
#4466 = ORIENTED_EDGE('',*,*,#4467,.T.);
#4467 = EDGE_CURVE('',#1401,#4468,#4470,.T.);
#4468 = VERTEX_POINT('',#4469);
#4469 = CARTESIAN_POINT('',(1.199572657858,-102.7811504049,
    82.187096609055));
#4470 = SURFACE_CURVE('',#4471,(#4475,#4482),.PCURVE_S1.);
#4471 = LINE('',#4472,#4473);
#4472 = CARTESIAN_POINT('',(1.199572657858,-99.7811504049,
    82.187096609055));
#4473 = VECTOR('',#4474,1.);
#4474 = DIRECTION('',(0.,-1.,1.110223024625E-16));
#4475 = PCURVE('',#1418,#4476);
#4476 = DEFINITIONAL_REPRESENTATION('',(#4477),#4481);
#4477 = LINE('',#4478,#4479);
#4478 = CARTESIAN_POINT('',(0.,0.));
#4479 = VECTOR('',#4480,1.);
#4480 = DIRECTION('',(0.,-1.));
#4481 = ( GEOMETRIC_REPRESENTATION_CONTEXT(2) 
PARAMETRIC_REPRESENTATION_CONTEXT() REPRESENTATION_CONTEXT('2D SPACE',''
  ) );
#4482 = PCURVE('',#2240,#4483);
#4483 = DEFINITIONAL_REPRESENTATION('',(#4484),#4488);
#4484 = LINE('',#4485,#4486);
#4485 = CARTESIAN_POINT('',(1.,0.));
#4486 = VECTOR('',#4487,1.);
#4487 = DIRECTION('',(0.,-1.));
#4488 = ( GEOMETRIC_REPRESENTATION_CONTEXT(2) 
PARAMETRIC_REPRESENTATION_CONTEXT() REPRESENTATION_CONTEXT('2D SPACE',''
  ) );
#4489 = ORIENTED_EDGE('',*,*,#4490,.T.);
#4490 = EDGE_CURVE('',#4468,#4491,#4493,.T.);
#4491 = VERTEX_POINT('',#4492);
#4492 = CARTESIAN_POINT('',(0.577579493477,-102.7811504049,
    80.272234654612));
#4493 = SURFACE_CURVE('',#4494,(#4498,#4505),.PCURVE_S1.);
#4494 = B_SPLINE_CURVE_WITH_KNOTS('',2,(#4495,#4496,#4497),
  .UNSPECIFIED.,.F.,.F.,(3,3),(0.,1.),.PIECEWISE_BEZIER_KNOTS.);
#4495 = CARTESIAN_POINT('',(1.199572657858,-102.7811504049,
    82.187096609055));
#4496 = CARTESIAN_POINT('',(0.577579493477,-102.7811504049,
    81.462913068476));
#4497 = CARTESIAN_POINT('',(0.577579493477,-102.7811504049,
    80.272234654612));
#4498 = PCURVE('',#1418,#4499);
#4499 = DEFINITIONAL_REPRESENTATION('',(#4500),#4504);
#4500 = LINE('',#4501,#4502);
#4501 = CARTESIAN_POINT('',(0.,-3.));
#4502 = VECTOR('',#4503,1.);
#4503 = DIRECTION('',(1.,0.));
#4504 = ( GEOMETRIC_REPRESENTATION_CONTEXT(2) 
PARAMETRIC_REPRESENTATION_CONTEXT() REPRESENTATION_CONTEXT('2D SPACE',''
  ) );
#4505 = PCURVE('',#4506,#4511);
#4506 = PLANE('',#4507);
#4507 = AXIS2_PLACEMENT_3D('',#4508,#4509,#4510);
#4508 = CARTESIAN_POINT('',(-0.60421908866,-102.7811504049,
    77.055653002913));
#4509 = DIRECTION('',(0.,-1.,1.110223024625E-16));
#4510 = DIRECTION('',(1.,0.,0.));
#4511 = DEFINITIONAL_REPRESENTATION('',(#4512),#4516);
#4512 = B_SPLINE_CURVE_WITH_KNOTS('',2,(#4513,#4514,#4515),
  .UNSPECIFIED.,.F.,.F.,(3,3),(0.,1.),.PIECEWISE_BEZIER_KNOTS.);
#4513 = CARTESIAN_POINT('',(1.803791746518,5.131443606142));
#4514 = CARTESIAN_POINT('',(1.181798582137,4.407260065563));
#4515 = CARTESIAN_POINT('',(1.181798582137,3.216581651699));
#4516 = ( GEOMETRIC_REPRESENTATION_CONTEXT(2) 
PARAMETRIC_REPRESENTATION_CONTEXT() REPRESENTATION_CONTEXT('2D SPACE',''
  ) );
#4517 = ORIENTED_EDGE('',*,*,#4518,.F.);
#4518 = EDGE_CURVE('',#1403,#4491,#4519,.T.);
#4519 = SURFACE_CURVE('',#4520,(#4524,#4531),.PCURVE_S1.);
#4520 = LINE('',#4521,#4522);
#4521 = CARTESIAN_POINT('',(0.577579493477,-99.7811504049,
    80.272234654612));
#4522 = VECTOR('',#4523,1.);
#4523 = DIRECTION('',(0.,-1.,1.110223024625E-16));
#4524 = PCURVE('',#1418,#4525);
#4525 = DEFINITIONAL_REPRESENTATION('',(#4526),#4530);
#4526 = LINE('',#4527,#4528);
#4527 = CARTESIAN_POINT('',(1.,0.));
#4528 = VECTOR('',#4529,1.);
#4529 = DIRECTION('',(0.,-1.));
#4530 = ( GEOMETRIC_REPRESENTATION_CONTEXT(2) 
PARAMETRIC_REPRESENTATION_CONTEXT() REPRESENTATION_CONTEXT('2D SPACE',''
  ) );
#4531 = PCURVE('',#1448,#4532);
#4532 = DEFINITIONAL_REPRESENTATION('',(#4533),#4537);
#4533 = LINE('',#4534,#4535);
#4534 = CARTESIAN_POINT('',(0.,0.));
#4535 = VECTOR('',#4536,1.);
#4536 = DIRECTION('',(0.,-1.));
#4537 = ( GEOMETRIC_REPRESENTATION_CONTEXT(2) 
PARAMETRIC_REPRESENTATION_CONTEXT() REPRESENTATION_CONTEXT('2D SPACE',''
  ) );
#4538 = ORIENTED_EDGE('',*,*,#1400,.F.);
#4539 = ADVANCED_FACE('',(#4540),#2240,.T.);
#4540 = FACE_BOUND('',#4541,.T.);
#4541 = EDGE_LOOP('',(#4542,#4565,#4586,#4587));
#4542 = ORIENTED_EDGE('',*,*,#4543,.T.);
#4543 = EDGE_CURVE('',#2197,#4544,#4546,.T.);
#4544 = VERTEX_POINT('',#4545);
#4545 = CARTESIAN_POINT('',(2.852291566878,-102.7811504049,
    82.911280149633));
#4546 = SURFACE_CURVE('',#4547,(#4551,#4558),.PCURVE_S1.);
#4547 = LINE('',#4548,#4549);
#4548 = CARTESIAN_POINT('',(2.852291566878,-99.7811504049,
    82.911280149633));
#4549 = VECTOR('',#4550,1.);
#4550 = DIRECTION('',(0.,-1.,1.110223024625E-16));
#4551 = PCURVE('',#2240,#4552);
#4552 = DEFINITIONAL_REPRESENTATION('',(#4553),#4557);
#4553 = LINE('',#4554,#4555);
#4554 = CARTESIAN_POINT('',(0.,0.));
#4555 = VECTOR('',#4556,1.);
#4556 = DIRECTION('',(0.,-1.));
#4557 = ( GEOMETRIC_REPRESENTATION_CONTEXT(2) 
PARAMETRIC_REPRESENTATION_CONTEXT() REPRESENTATION_CONTEXT('2D SPACE',''
  ) );
#4558 = PCURVE('',#2212,#4559);
#4559 = DEFINITIONAL_REPRESENTATION('',(#4560),#4564);
#4560 = LINE('',#4561,#4562);
#4561 = CARTESIAN_POINT('',(1.,0.));
#4562 = VECTOR('',#4563,1.);
#4563 = DIRECTION('',(0.,-1.));
#4564 = ( GEOMETRIC_REPRESENTATION_CONTEXT(2) 
PARAMETRIC_REPRESENTATION_CONTEXT() REPRESENTATION_CONTEXT('2D SPACE',''
  ) );
#4565 = ORIENTED_EDGE('',*,*,#4566,.T.);
#4566 = EDGE_CURVE('',#4544,#4468,#4567,.T.);
#4567 = SURFACE_CURVE('',#4568,(#4572,#4579),.PCURVE_S1.);
#4568 = B_SPLINE_CURVE_WITH_KNOTS('',2,(#4569,#4570,#4571),
  .UNSPECIFIED.,.F.,.F.,(3,3),(0.,1.),.PIECEWISE_BEZIER_KNOTS.);
#4569 = CARTESIAN_POINT('',(2.852291566878,-102.7811504049,
    82.911280149633));
#4570 = CARTESIAN_POINT('',(1.821565822239,-102.7811504049,
    82.911280149633));
#4571 = CARTESIAN_POINT('',(1.199572657858,-102.7811504049,
    82.187096609055));
#4572 = PCURVE('',#2240,#4573);
#4573 = DEFINITIONAL_REPRESENTATION('',(#4574),#4578);
#4574 = LINE('',#4575,#4576);
#4575 = CARTESIAN_POINT('',(0.,-3.));
#4576 = VECTOR('',#4577,1.);
#4577 = DIRECTION('',(1.,0.));
#4578 = ( GEOMETRIC_REPRESENTATION_CONTEXT(2) 
PARAMETRIC_REPRESENTATION_CONTEXT() REPRESENTATION_CONTEXT('2D SPACE',''
  ) );
#4579 = PCURVE('',#4506,#4580);
#4580 = DEFINITIONAL_REPRESENTATION('',(#4581),#4585);
#4581 = B_SPLINE_CURVE_WITH_KNOTS('',2,(#4582,#4583,#4584),
  .UNSPECIFIED.,.F.,.F.,(3,3),(0.,1.),.PIECEWISE_BEZIER_KNOTS.);
#4582 = CARTESIAN_POINT('',(3.456510655537,5.855627146721));
#4583 = CARTESIAN_POINT('',(2.425784910899,5.855627146721));
#4584 = CARTESIAN_POINT('',(1.803791746518,5.131443606142));
#4585 = ( GEOMETRIC_REPRESENTATION_CONTEXT(2) 
PARAMETRIC_REPRESENTATION_CONTEXT() REPRESENTATION_CONTEXT('2D SPACE',''
  ) );
#4586 = ORIENTED_EDGE('',*,*,#4467,.F.);
#4587 = ORIENTED_EDGE('',*,*,#2226,.F.);
#4588 = ADVANCED_FACE('',(#4589),#2212,.T.);
#4589 = FACE_BOUND('',#4590,.T.);
#4590 = EDGE_LOOP('',(#4591,#4614,#4635,#4636));
#4591 = ORIENTED_EDGE('',*,*,#4592,.T.);
#4592 = EDGE_CURVE('',#2167,#4593,#4595,.T.);
#4593 = VERTEX_POINT('',#4594);
#4594 = CARTESIAN_POINT('',(4.091823517509,-102.7811504049,
    82.551415568409));
#4595 = SURFACE_CURVE('',#4596,(#4600,#4607),.PCURVE_S1.);
#4596 = LINE('',#4597,#4598);
#4597 = CARTESIAN_POINT('',(4.091823517509,-99.7811504049,
    82.551415568409));
#4598 = VECTOR('',#4599,1.);
#4599 = DIRECTION('',(0.,-1.,1.110223024625E-16));
#4600 = PCURVE('',#2212,#4601);
#4601 = DEFINITIONAL_REPRESENTATION('',(#4602),#4606);
#4602 = LINE('',#4603,#4604);
#4603 = CARTESIAN_POINT('',(0.,0.));
#4604 = VECTOR('',#4605,1.);
#4605 = DIRECTION('',(0.,-1.));
#4606 = ( GEOMETRIC_REPRESENTATION_CONTEXT(2) 
PARAMETRIC_REPRESENTATION_CONTEXT() REPRESENTATION_CONTEXT('2D SPACE',''
  ) );
#4607 = PCURVE('',#2182,#4608);
#4608 = DEFINITIONAL_REPRESENTATION('',(#4609),#4613);
#4609 = LINE('',#4610,#4611);
#4610 = CARTESIAN_POINT('',(1.,0.));
#4611 = VECTOR('',#4612,1.);
#4612 = DIRECTION('',(0.,-1.));
#4613 = ( GEOMETRIC_REPRESENTATION_CONTEXT(2) 
PARAMETRIC_REPRESENTATION_CONTEXT() REPRESENTATION_CONTEXT('2D SPACE',''
  ) );
#4614 = ORIENTED_EDGE('',*,*,#4615,.T.);
#4615 = EDGE_CURVE('',#4593,#4544,#4616,.T.);
#4616 = SURFACE_CURVE('',#4617,(#4621,#4628),.PCURVE_S1.);
#4617 = B_SPLINE_CURVE_WITH_KNOTS('',2,(#4618,#4619,#4620),
  .UNSPECIFIED.,.F.,.F.,(3,3),(0.,1.),.PIECEWISE_BEZIER_KNOTS.);
#4618 = CARTESIAN_POINT('',(4.091823517509,-102.7811504049,
    82.551415568409));
#4619 = CARTESIAN_POINT('',(3.589780392781,-102.7811504049,
    82.911280149633));
#4620 = CARTESIAN_POINT('',(2.852291566878,-102.7811504049,
    82.911280149633));
#4621 = PCURVE('',#2212,#4622);
#4622 = DEFINITIONAL_REPRESENTATION('',(#4623),#4627);
#4623 = LINE('',#4624,#4625);
#4624 = CARTESIAN_POINT('',(0.,-3.));
#4625 = VECTOR('',#4626,1.);
#4626 = DIRECTION('',(1.,0.));
#4627 = ( GEOMETRIC_REPRESENTATION_CONTEXT(2) 
PARAMETRIC_REPRESENTATION_CONTEXT() REPRESENTATION_CONTEXT('2D SPACE',''
  ) );
#4628 = PCURVE('',#4506,#4629);
#4629 = DEFINITIONAL_REPRESENTATION('',(#4630),#4634);
#4630 = B_SPLINE_CURVE_WITH_KNOTS('',2,(#4631,#4632,#4633),
  .UNSPECIFIED.,.F.,.F.,(3,3),(0.,1.),.PIECEWISE_BEZIER_KNOTS.);
#4631 = CARTESIAN_POINT('',(4.696042606169,5.495762565497));
#4632 = CARTESIAN_POINT('',(4.19399948144,5.855627146721));
#4633 = CARTESIAN_POINT('',(3.456510655537,5.855627146721));
#4634 = ( GEOMETRIC_REPRESENTATION_CONTEXT(2) 
PARAMETRIC_REPRESENTATION_CONTEXT() REPRESENTATION_CONTEXT('2D SPACE',''
  ) );
#4635 = ORIENTED_EDGE('',*,*,#4543,.F.);
#4636 = ORIENTED_EDGE('',*,*,#2196,.F.);
#4637 = ADVANCED_FACE('',(#4638),#2182,.T.);
#4638 = FACE_BOUND('',#4639,.T.);
#4639 = EDGE_LOOP('',(#4640,#4663,#4684,#4685));
#4640 = ORIENTED_EDGE('',*,*,#4641,.T.);
#4641 = EDGE_CURVE('',#2139,#4642,#4644,.T.);
#4642 = VERTEX_POINT('',#4643);
#4643 = CARTESIAN_POINT('',(4.727150891748,-102.7811504049,
    81.569557822804));
#4644 = SURFACE_CURVE('',#4645,(#4649,#4656),.PCURVE_S1.);
#4645 = LINE('',#4646,#4647);
#4646 = CARTESIAN_POINT('',(4.727150891748,-99.7811504049,
    81.569557822804));
#4647 = VECTOR('',#4648,1.);
#4648 = DIRECTION('',(0.,-1.,1.110223024625E-16));
#4649 = PCURVE('',#2182,#4650);
#4650 = DEFINITIONAL_REPRESENTATION('',(#4651),#4655);
#4651 = LINE('',#4652,#4653);
#4652 = CARTESIAN_POINT('',(0.,0.));
#4653 = VECTOR('',#4654,1.);
#4654 = DIRECTION('',(0.,-1.));
#4655 = ( GEOMETRIC_REPRESENTATION_CONTEXT(2) 
PARAMETRIC_REPRESENTATION_CONTEXT() REPRESENTATION_CONTEXT('2D SPACE',''
  ) );
#4656 = PCURVE('',#2154,#4657);
#4657 = DEFINITIONAL_REPRESENTATION('',(#4658),#4662);
#4658 = LINE('',#4659,#4660);
#4659 = CARTESIAN_POINT('',(0.844133580231,0.));
#4660 = VECTOR('',#4661,1.);
#4661 = DIRECTION('',(0.,-1.));
#4662 = ( GEOMETRIC_REPRESENTATION_CONTEXT(2) 
PARAMETRIC_REPRESENTATION_CONTEXT() REPRESENTATION_CONTEXT('2D SPACE',''
  ) );
#4663 = ORIENTED_EDGE('',*,*,#4664,.T.);
#4664 = EDGE_CURVE('',#4642,#4593,#4665,.T.);
#4665 = SURFACE_CURVE('',#4666,(#4670,#4677),.PCURVE_S1.);
#4666 = B_SPLINE_CURVE_WITH_KNOTS('',2,(#4667,#4668,#4669),
  .UNSPECIFIED.,.F.,.F.,(3,3),(0.,1.),.PIECEWISE_BEZIER_KNOTS.);
#4667 = CARTESIAN_POINT('',(4.727150891748,-102.7811504049,
    81.569557822804));
#4668 = CARTESIAN_POINT('',(4.593866642238,-102.7811504049,
    82.191550987185));
#4669 = CARTESIAN_POINT('',(4.091823517509,-102.7811504049,
    82.551415568409));
#4670 = PCURVE('',#2182,#4671);
#4671 = DEFINITIONAL_REPRESENTATION('',(#4672),#4676);
#4672 = LINE('',#4673,#4674);
#4673 = CARTESIAN_POINT('',(0.,-3.));
#4674 = VECTOR('',#4675,1.);
#4675 = DIRECTION('',(1.,0.));
#4676 = ( GEOMETRIC_REPRESENTATION_CONTEXT(2) 
PARAMETRIC_REPRESENTATION_CONTEXT() REPRESENTATION_CONTEXT('2D SPACE',''
  ) );
#4677 = PCURVE('',#4506,#4678);
#4678 = DEFINITIONAL_REPRESENTATION('',(#4679),#4683);
#4679 = B_SPLINE_CURVE_WITH_KNOTS('',2,(#4680,#4681,#4682),
  .UNSPECIFIED.,.F.,.F.,(3,3),(0.,1.),.PIECEWISE_BEZIER_KNOTS.);
#4680 = CARTESIAN_POINT('',(5.331369980407,4.513904819892));
#4681 = CARTESIAN_POINT('',(5.198085730897,5.135897984272));
#4682 = CARTESIAN_POINT('',(4.696042606169,5.495762565497));
#4683 = ( GEOMETRIC_REPRESENTATION_CONTEXT(2) 
PARAMETRIC_REPRESENTATION_CONTEXT() REPRESENTATION_CONTEXT('2D SPACE',''
  ) );
#4684 = ORIENTED_EDGE('',*,*,#4592,.F.);
#4685 = ORIENTED_EDGE('',*,*,#2166,.F.);
#4686 = ADVANCED_FACE('',(#4687),#2154,.T.);
#4687 = FACE_BOUND('',#4688,.T.);
#4688 = EDGE_LOOP('',(#4689,#4712,#4733,#4734));
#4689 = ORIENTED_EDGE('',*,*,#4690,.T.);
#4690 = EDGE_CURVE('',#2109,#4691,#4693,.T.);
#4691 = VERTEX_POINT('',#4692);
#4692 = CARTESIAN_POINT('',(5.571284471979,-102.7811504049,
    81.569557822804));
#4693 = SURFACE_CURVE('',#4694,(#4698,#4705),.PCURVE_S1.);
#4694 = LINE('',#4695,#4696);
#4695 = CARTESIAN_POINT('',(5.571284471979,-99.7811504049,
    81.569557822804));
#4696 = VECTOR('',#4697,1.);
#4697 = DIRECTION('',(0.,-1.,1.110223024625E-16));
#4698 = PCURVE('',#2154,#4699);
#4699 = DEFINITIONAL_REPRESENTATION('',(#4700),#4704);
#4700 = LINE('',#4701,#4702);
#4701 = CARTESIAN_POINT('',(0.,-0.));
#4702 = VECTOR('',#4703,1.);
#4703 = DIRECTION('',(0.,-1.));
#4704 = ( GEOMETRIC_REPRESENTATION_CONTEXT(2) 
PARAMETRIC_REPRESENTATION_CONTEXT() REPRESENTATION_CONTEXT('2D SPACE',''
  ) );
#4705 = PCURVE('',#2124,#4706);
#4706 = DEFINITIONAL_REPRESENTATION('',(#4707),#4711);
#4707 = LINE('',#4708,#4709);
#4708 = CARTESIAN_POINT('',(1.,0.));
#4709 = VECTOR('',#4710,1.);
#4710 = DIRECTION('',(0.,-1.));
#4711 = ( GEOMETRIC_REPRESENTATION_CONTEXT(2) 
PARAMETRIC_REPRESENTATION_CONTEXT() REPRESENTATION_CONTEXT('2D SPACE',''
  ) );
#4712 = ORIENTED_EDGE('',*,*,#4713,.T.);
#4713 = EDGE_CURVE('',#4691,#4642,#4714,.T.);
#4714 = SURFACE_CURVE('',#4715,(#4719,#4726),.PCURVE_S1.);
#4715 = LINE('',#4716,#4717);
#4716 = CARTESIAN_POINT('',(5.571284471979,-102.7811504049,
    81.569557822804));
#4717 = VECTOR('',#4718,1.);
#4718 = DIRECTION('',(-1.,0.,0.));
#4719 = PCURVE('',#2154,#4720);
#4720 = DEFINITIONAL_REPRESENTATION('',(#4721),#4725);
#4721 = LINE('',#4722,#4723);
#4722 = CARTESIAN_POINT('',(0.,-3.));
#4723 = VECTOR('',#4724,1.);
#4724 = DIRECTION('',(1.,0.));
#4725 = ( GEOMETRIC_REPRESENTATION_CONTEXT(2) 
PARAMETRIC_REPRESENTATION_CONTEXT() REPRESENTATION_CONTEXT('2D SPACE',''
  ) );
#4726 = PCURVE('',#4506,#4727);
#4727 = DEFINITIONAL_REPRESENTATION('',(#4728),#4732);
#4728 = LINE('',#4729,#4730);
#4729 = CARTESIAN_POINT('',(6.175503560639,4.513904819892));
#4730 = VECTOR('',#4731,1.);
#4731 = DIRECTION('',(-1.,0.));
#4732 = ( GEOMETRIC_REPRESENTATION_CONTEXT(2) 
PARAMETRIC_REPRESENTATION_CONTEXT() REPRESENTATION_CONTEXT('2D SPACE',''
  ) );
#4733 = ORIENTED_EDGE('',*,*,#4641,.F.);
#4734 = ORIENTED_EDGE('',*,*,#2138,.F.);
#4735 = ADVANCED_FACE('',(#4736),#2124,.T.);
#4736 = FACE_BOUND('',#4737,.T.);
#4737 = EDGE_LOOP('',(#4738,#4761,#4782,#4783));
#4738 = ORIENTED_EDGE('',*,*,#4739,.T.);
#4739 = EDGE_CURVE('',#2079,#4740,#4742,.T.);
#4740 = VERTEX_POINT('',#4741);
#4741 = CARTESIAN_POINT('',(4.687162724441,-102.7811504049,
    83.097872314041));
#4742 = SURFACE_CURVE('',#4743,(#4747,#4754),.PCURVE_S1.);
#4743 = LINE('',#4744,#4745);
#4744 = CARTESIAN_POINT('',(4.687162724441,-99.7811504049,
    83.097872314041));
#4745 = VECTOR('',#4746,1.);
#4746 = DIRECTION('',(0.,-1.,1.110223024625E-16));
#4747 = PCURVE('',#2124,#4748);
#4748 = DEFINITIONAL_REPRESENTATION('',(#4749),#4753);
#4749 = LINE('',#4750,#4751);
#4750 = CARTESIAN_POINT('',(0.,0.));
#4751 = VECTOR('',#4752,1.);
#4752 = DIRECTION('',(0.,-1.));
#4753 = ( GEOMETRIC_REPRESENTATION_CONTEXT(2) 
PARAMETRIC_REPRESENTATION_CONTEXT() REPRESENTATION_CONTEXT('2D SPACE',''
  ) );
#4754 = PCURVE('',#2094,#4755);
#4755 = DEFINITIONAL_REPRESENTATION('',(#4756),#4760);
#4756 = LINE('',#4757,#4758);
#4757 = CARTESIAN_POINT('',(1.,0.));
#4758 = VECTOR('',#4759,1.);
#4759 = DIRECTION('',(0.,-1.));
#4760 = ( GEOMETRIC_REPRESENTATION_CONTEXT(2) 
PARAMETRIC_REPRESENTATION_CONTEXT() REPRESENTATION_CONTEXT('2D SPACE',''
  ) );
#4761 = ORIENTED_EDGE('',*,*,#4762,.T.);
#4762 = EDGE_CURVE('',#4740,#4691,#4763,.T.);
#4763 = SURFACE_CURVE('',#4764,(#4768,#4775),.PCURVE_S1.);
#4764 = B_SPLINE_CURVE_WITH_KNOTS('',2,(#4765,#4766,#4767),
  .UNSPECIFIED.,.F.,.F.,(3,3),(0.,1.),.PIECEWISE_BEZIER_KNOTS.);
#4765 = CARTESIAN_POINT('',(4.687162724441,-102.7811504049,
    83.097872314041));
#4766 = CARTESIAN_POINT('',(5.402451971026,-102.7811504049,
    82.555855484273));
#4767 = CARTESIAN_POINT('',(5.571284471979,-102.7811504049,
    81.569557822804));
#4768 = PCURVE('',#2124,#4769);
#4769 = DEFINITIONAL_REPRESENTATION('',(#4770),#4774);
#4770 = LINE('',#4771,#4772);
#4771 = CARTESIAN_POINT('',(0.,-3.));
#4772 = VECTOR('',#4773,1.);
#4773 = DIRECTION('',(1.,0.));
#4774 = ( GEOMETRIC_REPRESENTATION_CONTEXT(2) 
PARAMETRIC_REPRESENTATION_CONTEXT() REPRESENTATION_CONTEXT('2D SPACE',''
  ) );
#4775 = PCURVE('',#4506,#4776);
#4776 = DEFINITIONAL_REPRESENTATION('',(#4777),#4781);
#4777 = B_SPLINE_CURVE_WITH_KNOTS('',2,(#4778,#4779,#4780),
  .UNSPECIFIED.,.F.,.F.,(3,3),(0.,1.),.PIECEWISE_BEZIER_KNOTS.);
#4778 = CARTESIAN_POINT('',(5.291381813101,6.042219311128));
#4779 = CARTESIAN_POINT('',(6.006671059686,5.50020248136));
#4780 = CARTESIAN_POINT('',(6.175503560639,4.513904819892));
#4781 = ( GEOMETRIC_REPRESENTATION_CONTEXT(2) 
PARAMETRIC_REPRESENTATION_CONTEXT() REPRESENTATION_CONTEXT('2D SPACE',''
  ) );
#4782 = ORIENTED_EDGE('',*,*,#4690,.F.);
#4783 = ORIENTED_EDGE('',*,*,#2108,.F.);
#4784 = ADVANCED_FACE('',(#4785),#2094,.T.);
#4785 = FACE_BOUND('',#4786,.T.);
#4786 = EDGE_LOOP('',(#4787,#4810,#4831,#4832));
#4787 = ORIENTED_EDGE('',*,*,#4788,.T.);
#4788 = EDGE_CURVE('',#2049,#4789,#4791,.T.);
#4789 = VERTEX_POINT('',#4790);
#4790 = CARTESIAN_POINT('',(2.861171398605,-102.7811504049,
    83.639889143809));
#4791 = SURFACE_CURVE('',#4792,(#4796,#4803),.PCURVE_S1.);
#4792 = LINE('',#4793,#4794);
#4793 = CARTESIAN_POINT('',(2.861171398605,-99.7811504049,
    83.639889143809));
#4794 = VECTOR('',#4795,1.);
#4795 = DIRECTION('',(0.,-1.,1.110223024625E-16));
#4796 = PCURVE('',#2094,#4797);
#4797 = DEFINITIONAL_REPRESENTATION('',(#4798),#4802);
#4798 = LINE('',#4799,#4800);
#4799 = CARTESIAN_POINT('',(0.,0.));
#4800 = VECTOR('',#4801,1.);
#4801 = DIRECTION('',(0.,-1.));
#4802 = ( GEOMETRIC_REPRESENTATION_CONTEXT(2) 
PARAMETRIC_REPRESENTATION_CONTEXT() REPRESENTATION_CONTEXT('2D SPACE',''
  ) );
#4803 = PCURVE('',#2064,#4804);
#4804 = DEFINITIONAL_REPRESENTATION('',(#4805),#4809);
#4805 = LINE('',#4806,#4807);
#4806 = CARTESIAN_POINT('',(1.,0.));
#4807 = VECTOR('',#4808,1.);
#4808 = DIRECTION('',(0.,-1.));
#4809 = ( GEOMETRIC_REPRESENTATION_CONTEXT(2) 
PARAMETRIC_REPRESENTATION_CONTEXT() REPRESENTATION_CONTEXT('2D SPACE',''
  ) );
#4810 = ORIENTED_EDGE('',*,*,#4811,.T.);
#4811 = EDGE_CURVE('',#4789,#4740,#4812,.T.);
#4812 = SURFACE_CURVE('',#4813,(#4817,#4824),.PCURVE_S1.);
#4813 = B_SPLINE_CURVE_WITH_KNOTS('',2,(#4814,#4815,#4816),
  .UNSPECIFIED.,.F.,.F.,(3,3),(0.,1.),.PIECEWISE_BEZIER_KNOTS.);
#4814 = CARTESIAN_POINT('',(2.861171398605,-102.7811504049,
    83.639889143809));
#4815 = CARTESIAN_POINT('',(3.971873477857,-102.7811504049,
    83.639889143809));
#4816 = CARTESIAN_POINT('',(4.687162724441,-102.7811504049,
    83.097872314041));
#4817 = PCURVE('',#2094,#4818);
#4818 = DEFINITIONAL_REPRESENTATION('',(#4819),#4823);
#4819 = LINE('',#4820,#4821);
#4820 = CARTESIAN_POINT('',(0.,-3.));
#4821 = VECTOR('',#4822,1.);
#4822 = DIRECTION('',(1.,0.));
#4823 = ( GEOMETRIC_REPRESENTATION_CONTEXT(2) 
PARAMETRIC_REPRESENTATION_CONTEXT() REPRESENTATION_CONTEXT('2D SPACE',''
  ) );
#4824 = PCURVE('',#4506,#4825);
#4825 = DEFINITIONAL_REPRESENTATION('',(#4826),#4830);
#4826 = B_SPLINE_CURVE_WITH_KNOTS('',2,(#4827,#4828,#4829),
  .UNSPECIFIED.,.F.,.F.,(3,3),(0.,1.),.PIECEWISE_BEZIER_KNOTS.);
#4827 = CARTESIAN_POINT('',(3.465390487265,6.584236140896));
#4828 = CARTESIAN_POINT('',(4.576092566516,6.584236140896));
#4829 = CARTESIAN_POINT('',(5.291381813101,6.042219311128));
#4830 = ( GEOMETRIC_REPRESENTATION_CONTEXT(2) 
PARAMETRIC_REPRESENTATION_CONTEXT() REPRESENTATION_CONTEXT('2D SPACE',''
  ) );
#4831 = ORIENTED_EDGE('',*,*,#4739,.F.);
#4832 = ORIENTED_EDGE('',*,*,#2078,.F.);
#4833 = ADVANCED_FACE('',(#4834),#2064,.T.);
#4834 = FACE_BOUND('',#4835,.T.);
#4835 = EDGE_LOOP('',(#4836,#4859,#4880,#4881));
#4836 = ORIENTED_EDGE('',*,*,#4837,.T.);
#4837 = EDGE_CURVE('',#2019,#4838,#4840,.T.);
#4838 = VERTEX_POINT('',#4839);
#4839 = CARTESIAN_POINT('',(1.586091196531,-102.7811504049,
    83.404428980368));
#4840 = SURFACE_CURVE('',#4841,(#4845,#4852),.PCURVE_S1.);
#4841 = LINE('',#4842,#4843);
#4842 = CARTESIAN_POINT('',(1.586091196531,-99.7811504049,
    83.404428980368));
#4843 = VECTOR('',#4844,1.);
#4844 = DIRECTION('',(0.,-1.,1.110223024625E-16));
#4845 = PCURVE('',#2064,#4846);
#4846 = DEFINITIONAL_REPRESENTATION('',(#4847),#4851);
#4847 = LINE('',#4848,#4849);
#4848 = CARTESIAN_POINT('',(0.,0.));
#4849 = VECTOR('',#4850,1.);
#4850 = DIRECTION('',(0.,-1.));
#4851 = ( GEOMETRIC_REPRESENTATION_CONTEXT(2) 
PARAMETRIC_REPRESENTATION_CONTEXT() REPRESENTATION_CONTEXT('2D SPACE',''
  ) );
#4852 = PCURVE('',#2034,#4853);
#4853 = DEFINITIONAL_REPRESENTATION('',(#4854),#4858);
#4854 = LINE('',#4855,#4856);
#4855 = CARTESIAN_POINT('',(1.,0.));
#4856 = VECTOR('',#4857,1.);
#4857 = DIRECTION('',(0.,-1.));
#4858 = ( GEOMETRIC_REPRESENTATION_CONTEXT(2) 
PARAMETRIC_REPRESENTATION_CONTEXT() REPRESENTATION_CONTEXT('2D SPACE',''
  ) );
#4859 = ORIENTED_EDGE('',*,*,#4860,.T.);
#4860 = EDGE_CURVE('',#4838,#4789,#4861,.T.);
#4861 = SURFACE_CURVE('',#4862,(#4866,#4873),.PCURVE_S1.);
#4862 = B_SPLINE_CURVE_WITH_KNOTS('',2,(#4863,#4864,#4865),
  .UNSPECIFIED.,.F.,.F.,(3,3),(0.,1.),.PIECEWISE_BEZIER_KNOTS.);
#4863 = CARTESIAN_POINT('',(1.586091196531,-102.7811504049,
    83.404428980368));
#4864 = CARTESIAN_POINT('',(2.150322067884,-102.7811504049,
    83.639889143809));
#4865 = CARTESIAN_POINT('',(2.861171398605,-102.7811504049,
    83.639889143809));
#4866 = PCURVE('',#2064,#4867);
#4867 = DEFINITIONAL_REPRESENTATION('',(#4868),#4872);
#4868 = LINE('',#4869,#4870);
#4869 = CARTESIAN_POINT('',(0.,-3.));
#4870 = VECTOR('',#4871,1.);
#4871 = DIRECTION('',(1.,0.));
#4872 = ( GEOMETRIC_REPRESENTATION_CONTEXT(2) 
PARAMETRIC_REPRESENTATION_CONTEXT() REPRESENTATION_CONTEXT('2D SPACE',''
  ) );
#4873 = PCURVE('',#4506,#4874);
#4874 = DEFINITIONAL_REPRESENTATION('',(#4875),#4879);
#4875 = B_SPLINE_CURVE_WITH_KNOTS('',2,(#4876,#4877,#4878),
  .UNSPECIFIED.,.F.,.F.,(3,3),(0.,1.),.PIECEWISE_BEZIER_KNOTS.);
#4876 = CARTESIAN_POINT('',(2.190310285191,6.348775977455));
#4877 = CARTESIAN_POINT('',(2.754541156544,6.584236140896));
#4878 = CARTESIAN_POINT('',(3.465390487265,6.584236140896));
#4879 = ( GEOMETRIC_REPRESENTATION_CONTEXT(2) 
PARAMETRIC_REPRESENTATION_CONTEXT() REPRESENTATION_CONTEXT('2D SPACE',''
  ) );
#4880 = ORIENTED_EDGE('',*,*,#4788,.F.);
#4881 = ORIENTED_EDGE('',*,*,#2048,.F.);
#4882 = ADVANCED_FACE('',(#4883),#2034,.T.);
#4883 = FACE_BOUND('',#4884,.T.);
#4884 = EDGE_LOOP('',(#4885,#4908,#4929,#4930));
#4885 = ORIENTED_EDGE('',*,*,#4886,.T.);
#4886 = EDGE_CURVE('',#1989,#4887,#4889,.T.);
#4887 = VERTEX_POINT('',#4888);
#4888 = CARTESIAN_POINT('',(0.688649701403,-102.7811504049,
    82.813544151566));
#4889 = SURFACE_CURVE('',#4890,(#4894,#4901),.PCURVE_S1.);
#4890 = LINE('',#4891,#4892);
#4891 = CARTESIAN_POINT('',(0.688649701403,-99.7811504049,
    82.813544151566));
#4892 = VECTOR('',#4893,1.);
#4893 = DIRECTION('',(0.,-1.,1.110223024625E-16));
#4894 = PCURVE('',#2034,#4895);
#4895 = DEFINITIONAL_REPRESENTATION('',(#4896),#4900);
#4896 = LINE('',#4897,#4898);
#4897 = CARTESIAN_POINT('',(0.,0.));
#4898 = VECTOR('',#4899,1.);
#4899 = DIRECTION('',(0.,-1.));
#4900 = ( GEOMETRIC_REPRESENTATION_CONTEXT(2) 
PARAMETRIC_REPRESENTATION_CONTEXT() REPRESENTATION_CONTEXT('2D SPACE',''
  ) );
#4901 = PCURVE('',#2004,#4902);
#4902 = DEFINITIONAL_REPRESENTATION('',(#4903),#4907);
#4903 = LINE('',#4904,#4905);
#4904 = CARTESIAN_POINT('',(1.,0.));
#4905 = VECTOR('',#4906,1.);
#4906 = DIRECTION('',(0.,-1.));
#4907 = ( GEOMETRIC_REPRESENTATION_CONTEXT(2) 
PARAMETRIC_REPRESENTATION_CONTEXT() REPRESENTATION_CONTEXT('2D SPACE',''
  ) );
#4908 = ORIENTED_EDGE('',*,*,#4909,.T.);
#4909 = EDGE_CURVE('',#4887,#4838,#4910,.T.);
#4910 = SURFACE_CURVE('',#4911,(#4915,#4922),.PCURVE_S1.);
#4911 = B_SPLINE_CURVE_WITH_KNOTS('',2,(#4912,#4913,#4914),
  .UNSPECIFIED.,.F.,.F.,(3,3),(0.,1.),.PIECEWISE_BEZIER_KNOTS.);
#4912 = CARTESIAN_POINT('',(0.688649701403,-102.7811504049,
    82.813544151566));
#4913 = CARTESIAN_POINT('',(1.021860325178,-102.7811504049,
    83.168968816926));
#4914 = CARTESIAN_POINT('',(1.586091196531,-102.7811504049,
    83.404428980368));
#4915 = PCURVE('',#2034,#4916);
#4916 = DEFINITIONAL_REPRESENTATION('',(#4917),#4921);
#4917 = LINE('',#4918,#4919);
#4918 = CARTESIAN_POINT('',(0.,-3.));
#4919 = VECTOR('',#4920,1.);
#4920 = DIRECTION('',(1.,0.));
#4921 = ( GEOMETRIC_REPRESENTATION_CONTEXT(2) 
PARAMETRIC_REPRESENTATION_CONTEXT() REPRESENTATION_CONTEXT('2D SPACE',''
  ) );
#4922 = PCURVE('',#4506,#4923);
#4923 = DEFINITIONAL_REPRESENTATION('',(#4924),#4928);
#4924 = B_SPLINE_CURVE_WITH_KNOTS('',2,(#4925,#4926,#4927),
  .UNSPECIFIED.,.F.,.F.,(3,3),(0.,1.),.PIECEWISE_BEZIER_KNOTS.);
#4925 = CARTESIAN_POINT('',(1.292868790062,5.757891148653));
#4926 = CARTESIAN_POINT('',(1.626079413838,6.113315814014));
#4927 = CARTESIAN_POINT('',(2.190310285191,6.348775977455));
#4928 = ( GEOMETRIC_REPRESENTATION_CONTEXT(2) 
PARAMETRIC_REPRESENTATION_CONTEXT() REPRESENTATION_CONTEXT('2D SPACE',''
  ) );
#4929 = ORIENTED_EDGE('',*,*,#4837,.F.);
#4930 = ORIENTED_EDGE('',*,*,#2018,.F.);
#4931 = ADVANCED_FACE('',(#4932),#2004,.T.);
#4932 = FACE_BOUND('',#4933,.T.);
#4933 = EDGE_LOOP('',(#4934,#4957,#4978,#4979));
#4934 = ORIENTED_EDGE('',*,*,#4935,.T.);
#4935 = EDGE_CURVE('',#1959,#4936,#4938,.T.);
#4936 = VERTEX_POINT('',#4937);
#4937 = CARTESIAN_POINT('',(0.133298661777,-102.7811504049,
    81.987170234789));
#4938 = SURFACE_CURVE('',#4939,(#4943,#4950),.PCURVE_S1.);
#4939 = LINE('',#4940,#4941);
#4940 = CARTESIAN_POINT('',(0.133298661777,-99.7811504049,
    81.987170234789));
#4941 = VECTOR('',#4942,1.);
#4942 = DIRECTION('',(0.,-1.,1.110223024625E-16));
#4943 = PCURVE('',#2004,#4944);
#4944 = DEFINITIONAL_REPRESENTATION('',(#4945),#4949);
#4945 = LINE('',#4946,#4947);
#4946 = CARTESIAN_POINT('',(0.,0.));
#4947 = VECTOR('',#4948,1.);
#4948 = DIRECTION('',(0.,-1.));
#4949 = ( GEOMETRIC_REPRESENTATION_CONTEXT(2) 
PARAMETRIC_REPRESENTATION_CONTEXT() REPRESENTATION_CONTEXT('2D SPACE',''
  ) );
#4950 = PCURVE('',#1974,#4951);
#4951 = DEFINITIONAL_REPRESENTATION('',(#4952),#4956);
#4952 = LINE('',#4953,#4954);
#4953 = CARTESIAN_POINT('',(1.,0.));
#4954 = VECTOR('',#4955,1.);
#4955 = DIRECTION('',(0.,-1.));
#4956 = ( GEOMETRIC_REPRESENTATION_CONTEXT(2) 
PARAMETRIC_REPRESENTATION_CONTEXT() REPRESENTATION_CONTEXT('2D SPACE',''
  ) );
#4957 = ORIENTED_EDGE('',*,*,#4958,.T.);
#4958 = EDGE_CURVE('',#4936,#4887,#4959,.T.);
#4959 = SURFACE_CURVE('',#4960,(#4964,#4971),.PCURVE_S1.);
#4960 = B_SPLINE_CURVE_WITH_KNOTS('',2,(#4961,#4962,#4963),
  .UNSPECIFIED.,.F.,.F.,(3,3),(0.,1.),.PIECEWISE_BEZIER_KNOTS.);
#4961 = CARTESIAN_POINT('',(0.133298661777,-102.7811504049,
    81.987170234789));
#4962 = CARTESIAN_POINT('',(0.355439077627,-102.7811504049,
    82.458119486205));
#4963 = CARTESIAN_POINT('',(0.688649701403,-102.7811504049,
    82.813544151566));
#4964 = PCURVE('',#2004,#4965);
#4965 = DEFINITIONAL_REPRESENTATION('',(#4966),#4970);
#4966 = LINE('',#4967,#4968);
#4967 = CARTESIAN_POINT('',(0.,-3.));
#4968 = VECTOR('',#4969,1.);
#4969 = DIRECTION('',(1.,0.));
#4970 = ( GEOMETRIC_REPRESENTATION_CONTEXT(2) 
PARAMETRIC_REPRESENTATION_CONTEXT() REPRESENTATION_CONTEXT('2D SPACE',''
  ) );
#4971 = PCURVE('',#4506,#4972);
#4972 = DEFINITIONAL_REPRESENTATION('',(#4973),#4977);
#4973 = B_SPLINE_CURVE_WITH_KNOTS('',2,(#4974,#4975,#4976),
  .UNSPECIFIED.,.F.,.F.,(3,3),(0.,1.),.PIECEWISE_BEZIER_KNOTS.);
#4974 = CARTESIAN_POINT('',(0.737517750436,4.931517231877));
#4975 = CARTESIAN_POINT('',(0.959658166287,5.402466483293));
#4976 = CARTESIAN_POINT('',(1.292868790062,5.757891148653));
#4977 = ( GEOMETRIC_REPRESENTATION_CONTEXT(2) 
PARAMETRIC_REPRESENTATION_CONTEXT() REPRESENTATION_CONTEXT('2D SPACE',''
  ) );
#4978 = ORIENTED_EDGE('',*,*,#4886,.F.);
#4979 = ORIENTED_EDGE('',*,*,#1988,.F.);
#4980 = ADVANCED_FACE('',(#4981),#1974,.T.);
#4981 = FACE_BOUND('',#4982,.T.);
#4982 = EDGE_LOOP('',(#4983,#5006,#5027,#5028));
#4983 = ORIENTED_EDGE('',*,*,#4984,.T.);
#4984 = EDGE_CURVE('',#1929,#4985,#4987,.T.);
#4985 = VERTEX_POINT('',#4986);
#4986 = CARTESIAN_POINT('',(-0.168818088686,-102.7811504049,
    81.08527436153));
#4987 = SURFACE_CURVE('',#4988,(#4992,#4999),.PCURVE_S1.);
#4988 = LINE('',#4989,#4990);
#4989 = CARTESIAN_POINT('',(-0.168818088686,-99.7811504049,
    81.08527436153));
#4990 = VECTOR('',#4991,1.);
#4991 = DIRECTION('',(0.,-1.,1.110223024625E-16));
#4992 = PCURVE('',#1974,#4993);
#4993 = DEFINITIONAL_REPRESENTATION('',(#4994),#4998);
#4994 = LINE('',#4995,#4996);
#4995 = CARTESIAN_POINT('',(0.,0.));
#4996 = VECTOR('',#4997,1.);
#4997 = DIRECTION('',(0.,-1.));
#4998 = ( GEOMETRIC_REPRESENTATION_CONTEXT(2) 
PARAMETRIC_REPRESENTATION_CONTEXT() REPRESENTATION_CONTEXT('2D SPACE',''
  ) );
#4999 = PCURVE('',#1944,#5000);
#5000 = DEFINITIONAL_REPRESENTATION('',(#5001),#5005);
#5001 = LINE('',#5002,#5003);
#5002 = CARTESIAN_POINT('',(1.,0.));
#5003 = VECTOR('',#5004,1.);
#5004 = DIRECTION('',(0.,-1.));
#5005 = ( GEOMETRIC_REPRESENTATION_CONTEXT(2) 
PARAMETRIC_REPRESENTATION_CONTEXT() REPRESENTATION_CONTEXT('2D SPACE',''
  ) );
#5006 = ORIENTED_EDGE('',*,*,#5007,.T.);
#5007 = EDGE_CURVE('',#4985,#4936,#5008,.T.);
#5008 = SURFACE_CURVE('',#5009,(#5013,#5020),.PCURVE_S1.);
#5009 = B_SPLINE_CURVE_WITH_KNOTS('',2,(#5010,#5011,#5012),
  .UNSPECIFIED.,.F.,.F.,(3,3),(0.,1.),.PIECEWISE_BEZIER_KNOTS.);
#5010 = CARTESIAN_POINT('',(-0.168818088686,-102.7811504049,
    81.08527436153));
#5011 = CARTESIAN_POINT('',(-8.884175407347E-02,-102.7811504049,
    81.516220983373));
#5012 = CARTESIAN_POINT('',(0.133298661777,-102.7811504049,
    81.987170234789));
#5013 = PCURVE('',#1974,#5014);
#5014 = DEFINITIONAL_REPRESENTATION('',(#5015),#5019);
#5015 = LINE('',#5016,#5017);
#5016 = CARTESIAN_POINT('',(0.,-3.));
#5017 = VECTOR('',#5018,1.);
#5018 = DIRECTION('',(1.,0.));
#5019 = ( GEOMETRIC_REPRESENTATION_CONTEXT(2) 
PARAMETRIC_REPRESENTATION_CONTEXT() REPRESENTATION_CONTEXT('2D SPACE',''
  ) );
#5020 = PCURVE('',#4506,#5021);
#5021 = DEFINITIONAL_REPRESENTATION('',(#5022),#5026);
#5022 = B_SPLINE_CURVE_WITH_KNOTS('',2,(#5023,#5024,#5025),
  .UNSPECIFIED.,.F.,.F.,(3,3),(0.,1.),.PIECEWISE_BEZIER_KNOTS.);
#5023 = CARTESIAN_POINT('',(0.435400999973,4.029621358618));
#5024 = CARTESIAN_POINT('',(0.515377334586,4.460567980461));
#5025 = CARTESIAN_POINT('',(0.737517750436,4.931517231877));
#5026 = ( GEOMETRIC_REPRESENTATION_CONTEXT(2) 
PARAMETRIC_REPRESENTATION_CONTEXT() REPRESENTATION_CONTEXT('2D SPACE',''
  ) );
#5027 = ORIENTED_EDGE('',*,*,#4935,.F.);
#5028 = ORIENTED_EDGE('',*,*,#1958,.F.);
#5029 = ADVANCED_FACE('',(#5030),#1944,.T.);
#5030 = FACE_BOUND('',#5031,.T.);
#5031 = EDGE_LOOP('',(#5032,#5055,#5076,#5077));
#5032 = ORIENTED_EDGE('',*,*,#5033,.T.);
#5033 = EDGE_CURVE('',#1899,#5034,#5036,.T.);
#5034 = VERTEX_POINT('',#5035);
#5035 = CARTESIAN_POINT('',(-0.248794423299,-102.7811504049,
    80.227806571442));
#5036 = SURFACE_CURVE('',#5037,(#5041,#5048),.PCURVE_S1.);
#5037 = LINE('',#5038,#5039);
#5038 = CARTESIAN_POINT('',(-0.248794423299,-99.7811504049,
    80.227806571442));
#5039 = VECTOR('',#5040,1.);
#5040 = DIRECTION('',(0.,-1.,1.110223024625E-16));
#5041 = PCURVE('',#1944,#5042);
#5042 = DEFINITIONAL_REPRESENTATION('',(#5043),#5047);
#5043 = LINE('',#5044,#5045);
#5044 = CARTESIAN_POINT('',(0.,0.));
#5045 = VECTOR('',#5046,1.);
#5046 = DIRECTION('',(0.,-1.));
#5047 = ( GEOMETRIC_REPRESENTATION_CONTEXT(2) 
PARAMETRIC_REPRESENTATION_CONTEXT() REPRESENTATION_CONTEXT('2D SPACE',''
  ) );
#5048 = PCURVE('',#1914,#5049);
#5049 = DEFINITIONAL_REPRESENTATION('',(#5050),#5054);
#5050 = LINE('',#5051,#5052);
#5051 = CARTESIAN_POINT('',(1.,0.));
#5052 = VECTOR('',#5053,1.);
#5053 = DIRECTION('',(0.,-1.));
#5054 = ( GEOMETRIC_REPRESENTATION_CONTEXT(2) 
PARAMETRIC_REPRESENTATION_CONTEXT() REPRESENTATION_CONTEXT('2D SPACE',''
  ) );
#5055 = ORIENTED_EDGE('',*,*,#5056,.T.);
#5056 = EDGE_CURVE('',#5034,#4985,#5057,.T.);
#5057 = SURFACE_CURVE('',#5058,(#5062,#5069),.PCURVE_S1.);
#5058 = B_SPLINE_CURVE_WITH_KNOTS('',2,(#5059,#5060,#5061),
  .UNSPECIFIED.,.F.,.F.,(3,3),(0.,1.),.PIECEWISE_BEZIER_KNOTS.);
#5059 = CARTESIAN_POINT('',(-0.248794423299,-102.7811504049,
    80.227806571442));
#5060 = CARTESIAN_POINT('',(-0.248794423299,-102.7811504049,
    80.654327739688));
#5061 = CARTESIAN_POINT('',(-0.168818088686,-102.7811504049,
    81.08527436153));
#5062 = PCURVE('',#1944,#5063);
#5063 = DEFINITIONAL_REPRESENTATION('',(#5064),#5068);
#5064 = LINE('',#5065,#5066);
#5065 = CARTESIAN_POINT('',(0.,-3.));
#5066 = VECTOR('',#5067,1.);
#5067 = DIRECTION('',(1.,0.));
#5068 = ( GEOMETRIC_REPRESENTATION_CONTEXT(2) 
PARAMETRIC_REPRESENTATION_CONTEXT() REPRESENTATION_CONTEXT('2D SPACE',''
  ) );
#5069 = PCURVE('',#4506,#5070);
#5070 = DEFINITIONAL_REPRESENTATION('',(#5071),#5075);
#5071 = B_SPLINE_CURVE_WITH_KNOTS('',2,(#5072,#5073,#5074),
  .UNSPECIFIED.,.F.,.F.,(3,3),(0.,1.),.PIECEWISE_BEZIER_KNOTS.);
#5072 = CARTESIAN_POINT('',(0.35542466536,3.172153568529));
#5073 = CARTESIAN_POINT('',(0.35542466536,3.598674736775));
#5074 = CARTESIAN_POINT('',(0.435400999973,4.029621358618));
#5075 = ( GEOMETRIC_REPRESENTATION_CONTEXT(2) 
PARAMETRIC_REPRESENTATION_CONTEXT() REPRESENTATION_CONTEXT('2D SPACE',''
  ) );
#5076 = ORIENTED_EDGE('',*,*,#4984,.F.);
#5077 = ORIENTED_EDGE('',*,*,#1928,.F.);
#5078 = ADVANCED_FACE('',(#5079),#1914,.T.);
#5079 = FACE_BOUND('',#5080,.T.);
#5080 = EDGE_LOOP('',(#5081,#5104,#5125,#5126));
#5081 = ORIENTED_EDGE('',*,*,#5082,.T.);
#5082 = EDGE_CURVE('',#1869,#5083,#5085,.T.);
#5083 = VERTEX_POINT('',#5084);
#5084 = CARTESIAN_POINT('',(0.577565031211,-102.7811504049,
    77.793156291082));
#5085 = SURFACE_CURVE('',#5086,(#5090,#5097),.PCURVE_S1.);
#5086 = LINE('',#5087,#5088);
#5087 = CARTESIAN_POINT('',(0.577565031211,-99.7811504049,
    77.793156291082));
#5088 = VECTOR('',#5089,1.);
#5089 = DIRECTION('',(0.,-1.,1.110223024625E-16));
#5090 = PCURVE('',#1914,#5091);
#5091 = DEFINITIONAL_REPRESENTATION('',(#5092),#5096);
#5092 = LINE('',#5093,#5094);
#5093 = CARTESIAN_POINT('',(0.,0.));
#5094 = VECTOR('',#5095,1.);
#5095 = DIRECTION('',(0.,-1.));
#5096 = ( GEOMETRIC_REPRESENTATION_CONTEXT(2) 
PARAMETRIC_REPRESENTATION_CONTEXT() REPRESENTATION_CONTEXT('2D SPACE',''
  ) );
#5097 = PCURVE('',#1884,#5098);
#5098 = DEFINITIONAL_REPRESENTATION('',(#5099),#5103);
#5099 = LINE('',#5100,#5101);
#5100 = CARTESIAN_POINT('',(1.,0.));
#5101 = VECTOR('',#5102,1.);
#5102 = DIRECTION('',(0.,-1.));
#5103 = ( GEOMETRIC_REPRESENTATION_CONTEXT(2) 
PARAMETRIC_REPRESENTATION_CONTEXT() REPRESENTATION_CONTEXT('2D SPACE',''
  ) );
#5104 = ORIENTED_EDGE('',*,*,#5105,.T.);
#5105 = EDGE_CURVE('',#5083,#5034,#5106,.T.);
#5106 = SURFACE_CURVE('',#5107,(#5111,#5118),.PCURVE_S1.);
#5107 = B_SPLINE_CURVE_WITH_KNOTS('',2,(#5108,#5109,#5110),
  .UNSPECIFIED.,.F.,.F.,(3,3),(0.,1.),.PIECEWISE_BEZIER_KNOTS.);
#5108 = CARTESIAN_POINT('',(0.577565031211,-102.7811504049,
    77.793156291082));
#5109 = CARTESIAN_POINT('',(-0.248794423299,-102.7811504049,
    78.735040331648));
#5110 = CARTESIAN_POINT('',(-0.248794423299,-102.7811504049,
    80.227806571442));
#5111 = PCURVE('',#1914,#5112);
#5112 = DEFINITIONAL_REPRESENTATION('',(#5113),#5117);
#5113 = LINE('',#5114,#5115);
#5114 = CARTESIAN_POINT('',(0.,-3.));
#5115 = VECTOR('',#5116,1.);
#5116 = DIRECTION('',(1.,0.));
#5117 = ( GEOMETRIC_REPRESENTATION_CONTEXT(2) 
PARAMETRIC_REPRESENTATION_CONTEXT() REPRESENTATION_CONTEXT('2D SPACE',''
  ) );
#5118 = PCURVE('',#4506,#5119);
#5119 = DEFINITIONAL_REPRESENTATION('',(#5120),#5124);
#5120 = B_SPLINE_CURVE_WITH_KNOTS('',2,(#5121,#5122,#5123),
  .UNSPECIFIED.,.F.,.F.,(3,3),(0.,1.),.PIECEWISE_BEZIER_KNOTS.);
#5121 = CARTESIAN_POINT('',(1.18178411987,0.73750328817));
#5122 = CARTESIAN_POINT('',(0.35542466536,1.679387328735));
#5123 = CARTESIAN_POINT('',(0.35542466536,3.172153568529));
#5124 = ( GEOMETRIC_REPRESENTATION_CONTEXT(2) 
PARAMETRIC_REPRESENTATION_CONTEXT() REPRESENTATION_CONTEXT('2D SPACE',''
  ) );
#5125 = ORIENTED_EDGE('',*,*,#5033,.F.);
#5126 = ORIENTED_EDGE('',*,*,#1898,.F.);
#5127 = ADVANCED_FACE('',(#5128),#1884,.T.);
#5128 = FACE_BOUND('',#5129,.T.);
#5129 = EDGE_LOOP('',(#5130,#5153,#5174,#5175));
#5130 = ORIENTED_EDGE('',*,*,#5131,.T.);
#5131 = EDGE_CURVE('',#1839,#5132,#5134,.T.);
#5132 = VERTEX_POINT('',#5133);
#5133 = CARTESIAN_POINT('',(2.719007317368,-102.7811504049,
    76.851272250517));
#5134 = SURFACE_CURVE('',#5135,(#5139,#5146),.PCURVE_S1.);
#5135 = LINE('',#5136,#5137);
#5136 = CARTESIAN_POINT('',(2.719007317368,-99.7811504049,
    76.851272250517));
#5137 = VECTOR('',#5138,1.);
#5138 = DIRECTION('',(0.,-1.,1.110223024625E-16));
#5139 = PCURVE('',#1884,#5140);
#5140 = DEFINITIONAL_REPRESENTATION('',(#5141),#5145);
#5141 = LINE('',#5142,#5143);
#5142 = CARTESIAN_POINT('',(0.,0.));
#5143 = VECTOR('',#5144,1.);
#5144 = DIRECTION('',(0.,-1.));
#5145 = ( GEOMETRIC_REPRESENTATION_CONTEXT(2) 
PARAMETRIC_REPRESENTATION_CONTEXT() REPRESENTATION_CONTEXT('2D SPACE',''
  ) );
#5146 = PCURVE('',#1854,#5147);
#5147 = DEFINITIONAL_REPRESENTATION('',(#5148),#5152);
#5148 = LINE('',#5149,#5150);
#5149 = CARTESIAN_POINT('',(1.,0.));
#5150 = VECTOR('',#5151,1.);
#5151 = DIRECTION('',(0.,-1.));
#5152 = ( GEOMETRIC_REPRESENTATION_CONTEXT(2) 
PARAMETRIC_REPRESENTATION_CONTEXT() REPRESENTATION_CONTEXT('2D SPACE',''
  ) );
#5153 = ORIENTED_EDGE('',*,*,#5154,.T.);
#5154 = EDGE_CURVE('',#5132,#5083,#5155,.T.);
#5155 = SURFACE_CURVE('',#5156,(#5160,#5167),.PCURVE_S1.);
#5156 = B_SPLINE_CURVE_WITH_KNOTS('',2,(#5157,#5158,#5159),
  .UNSPECIFIED.,.F.,.F.,(3,3),(0.,1.),.PIECEWISE_BEZIER_KNOTS.);
#5157 = CARTESIAN_POINT('',(2.719007317368,-102.7811504049,
    76.851272250517));
#5158 = CARTESIAN_POINT('',(1.403924485721,-102.7811504049,
    76.851272250517));
#5159 = CARTESIAN_POINT('',(0.577565031211,-102.7811504049,
    77.793156291082));
#5160 = PCURVE('',#1884,#5161);
#5161 = DEFINITIONAL_REPRESENTATION('',(#5162),#5166);
#5162 = LINE('',#5163,#5164);
#5163 = CARTESIAN_POINT('',(0.,-3.));
#5164 = VECTOR('',#5165,1.);
#5165 = DIRECTION('',(1.,0.));
#5166 = ( GEOMETRIC_REPRESENTATION_CONTEXT(2) 
PARAMETRIC_REPRESENTATION_CONTEXT() REPRESENTATION_CONTEXT('2D SPACE',''
  ) );
#5167 = PCURVE('',#4506,#5168);
#5168 = DEFINITIONAL_REPRESENTATION('',(#5169),#5173);
#5169 = B_SPLINE_CURVE_WITH_KNOTS('',2,(#5170,#5171,#5172),
  .UNSPECIFIED.,.F.,.F.,(3,3),(0.,1.),.PIECEWISE_BEZIER_KNOTS.);
#5170 = CARTESIAN_POINT('',(3.323226406027,-0.204380752396));
#5171 = CARTESIAN_POINT('',(2.00814357438,-0.204380752396));
#5172 = CARTESIAN_POINT('',(1.18178411987,0.73750328817));
#5173 = ( GEOMETRIC_REPRESENTATION_CONTEXT(2) 
PARAMETRIC_REPRESENTATION_CONTEXT() REPRESENTATION_CONTEXT('2D SPACE',''
  ) );
#5174 = ORIENTED_EDGE('',*,*,#5082,.F.);
#5175 = ORIENTED_EDGE('',*,*,#1868,.F.);
#5176 = ADVANCED_FACE('',(#5177),#1854,.T.);
#5177 = FACE_BOUND('',#5178,.T.);
#5178 = EDGE_LOOP('',(#5179,#5202,#5223,#5224));
#5179 = ORIENTED_EDGE('',*,*,#5180,.T.);
#5180 = EDGE_CURVE('',#1811,#5181,#5183,.T.);
#5181 = VERTEX_POINT('',#5182);
#5182 = CARTESIAN_POINT('',(4.931531644143,-102.7811504049,
    77.882026919689));
#5183 = SURFACE_CURVE('',#5184,(#5188,#5195),.PCURVE_S1.);
#5184 = LINE('',#5185,#5186);
#5185 = CARTESIAN_POINT('',(4.931531644143,-99.7811504049,
    77.882026919689));
#5186 = VECTOR('',#5187,1.);
#5187 = DIRECTION('',(0.,-1.,1.110223024625E-16));
#5188 = PCURVE('',#1854,#5189);
#5189 = DEFINITIONAL_REPRESENTATION('',(#5190),#5194);
#5190 = LINE('',#5191,#5192);
#5191 = CARTESIAN_POINT('',(0.,0.));
#5192 = VECTOR('',#5193,1.);
#5193 = DIRECTION('',(0.,-1.));
#5194 = ( GEOMETRIC_REPRESENTATION_CONTEXT(2) 
PARAMETRIC_REPRESENTATION_CONTEXT() REPRESENTATION_CONTEXT('2D SPACE',''
  ) );
#5195 = PCURVE('',#1826,#5196);
#5196 = DEFINITIONAL_REPRESENTATION('',(#5197),#5201);
#5197 = LINE('',#5198,#5199);
#5198 = CARTESIAN_POINT('',(0.885815722156,0.));
#5199 = VECTOR('',#5200,1.);
#5200 = DIRECTION('',(0.,-1.));
#5201 = ( GEOMETRIC_REPRESENTATION_CONTEXT(2) 
PARAMETRIC_REPRESENTATION_CONTEXT() REPRESENTATION_CONTEXT('2D SPACE',''
  ) );
#5202 = ORIENTED_EDGE('',*,*,#5203,.T.);
#5203 = EDGE_CURVE('',#5181,#5132,#5204,.T.);
#5204 = SURFACE_CURVE('',#5205,(#5209,#5216),.PCURVE_S1.);
#5205 = B_SPLINE_CURVE_WITH_KNOTS('',2,(#5206,#5207,#5208),
  .UNSPECIFIED.,.F.,.F.,(3,3),(0.,1.),.PIECEWISE_BEZIER_KNOTS.);
#5206 = CARTESIAN_POINT('',(4.931531644143,-102.7811504049,
    77.882026919689));
#5207 = CARTESIAN_POINT('',(4.0074217293,-102.7811504049,76.851272250517
    ));
#5208 = CARTESIAN_POINT('',(2.719007317368,-102.7811504049,
    76.851272250517));
#5209 = PCURVE('',#1854,#5210);
#5210 = DEFINITIONAL_REPRESENTATION('',(#5211),#5215);
#5211 = LINE('',#5212,#5213);
#5212 = CARTESIAN_POINT('',(0.,-3.));
#5213 = VECTOR('',#5214,1.);
#5214 = DIRECTION('',(1.,0.));
#5215 = ( GEOMETRIC_REPRESENTATION_CONTEXT(2) 
PARAMETRIC_REPRESENTATION_CONTEXT() REPRESENTATION_CONTEXT('2D SPACE',''
  ) );
#5216 = PCURVE('',#4506,#5217);
#5217 = DEFINITIONAL_REPRESENTATION('',(#5218),#5222);
#5218 = B_SPLINE_CURVE_WITH_KNOTS('',2,(#5219,#5220,#5221),
  .UNSPECIFIED.,.F.,.F.,(3,3),(0.,1.),.PIECEWISE_BEZIER_KNOTS.);
#5219 = CARTESIAN_POINT('',(5.535750732803,0.826373916776));
#5220 = CARTESIAN_POINT('',(4.611640817959,-0.204380752396));
#5221 = CARTESIAN_POINT('',(3.323226406027,-0.204380752396));
#5222 = ( GEOMETRIC_REPRESENTATION_CONTEXT(2) 
PARAMETRIC_REPRESENTATION_CONTEXT() REPRESENTATION_CONTEXT('2D SPACE',''
  ) );
#5223 = ORIENTED_EDGE('',*,*,#5131,.F.);
#5224 = ORIENTED_EDGE('',*,*,#1838,.F.);
#5225 = ADVANCED_FACE('',(#5226),#1826,.T.);
#5226 = FACE_BOUND('',#5227,.T.);
#5227 = EDGE_LOOP('',(#5228,#5251,#5272,#5273));
#5228 = ORIENTED_EDGE('',*,*,#5229,.T.);
#5229 = EDGE_CURVE('',#1783,#5230,#5232,.T.);
#5230 = VERTEX_POINT('',#5231);
#5231 = CARTESIAN_POINT('',(5.135883472006,-102.7811504049,
    77.02010475147));
#5232 = SURFACE_CURVE('',#5233,(#5237,#5244),.PCURVE_S1.);
#5233 = LINE('',#5234,#5235);
#5234 = CARTESIAN_POINT('',(5.135883472006,-99.7811504049,77.02010475147
    ));
#5235 = VECTOR('',#5236,1.);
#5236 = DIRECTION('',(0.,-1.,1.110223024625E-16));
#5237 = PCURVE('',#1826,#5238);
#5238 = DEFINITIONAL_REPRESENTATION('',(#5239),#5243);
#5239 = LINE('',#5240,#5241);
#5240 = CARTESIAN_POINT('',(0.,0.));
#5241 = VECTOR('',#5242,1.);
#5242 = DIRECTION('',(0.,-1.));
#5243 = ( GEOMETRIC_REPRESENTATION_CONTEXT(2) 
PARAMETRIC_REPRESENTATION_CONTEXT() REPRESENTATION_CONTEXT('2D SPACE',''
  ) );
#5244 = PCURVE('',#1798,#5245);
#5245 = DEFINITIONAL_REPRESENTATION('',(#5246),#5250);
#5246 = LINE('',#5247,#5248);
#5247 = CARTESIAN_POINT('',(0.524257166313,0.));
#5248 = VECTOR('',#5249,1.);
#5249 = DIRECTION('',(0.,-1.));
#5250 = ( GEOMETRIC_REPRESENTATION_CONTEXT(2) 
PARAMETRIC_REPRESENTATION_CONTEXT() REPRESENTATION_CONTEXT('2D SPACE',''
  ) );
#5251 = ORIENTED_EDGE('',*,*,#5252,.T.);
#5252 = EDGE_CURVE('',#5230,#5181,#5253,.T.);
#5253 = SURFACE_CURVE('',#5254,(#5258,#5265),.PCURVE_S1.);
#5254 = LINE('',#5255,#5256);
#5255 = CARTESIAN_POINT('',(5.135883472006,-102.7811504049,
    77.02010475147));
#5256 = VECTOR('',#5257,1.);
#5257 = DIRECTION('',(-0.230693385488,1.080276419415E-16,0.973026495987)
  );
#5258 = PCURVE('',#1826,#5259);
#5259 = DEFINITIONAL_REPRESENTATION('',(#5260),#5264);
#5260 = LINE('',#5261,#5262);
#5261 = CARTESIAN_POINT('',(0.,-3.));
#5262 = VECTOR('',#5263,1.);
#5263 = DIRECTION('',(1.,0.));
#5264 = ( GEOMETRIC_REPRESENTATION_CONTEXT(2) 
PARAMETRIC_REPRESENTATION_CONTEXT() REPRESENTATION_CONTEXT('2D SPACE',''
  ) );
#5265 = PCURVE('',#4506,#5266);
#5266 = DEFINITIONAL_REPRESENTATION('',(#5267),#5271);
#5267 = LINE('',#5268,#5269);
#5268 = CARTESIAN_POINT('',(5.740102560665,-3.554825144271E-02));
#5269 = VECTOR('',#5270,1.);
#5270 = DIRECTION('',(-0.230693385488,0.973026495987));
#5271 = ( GEOMETRIC_REPRESENTATION_CONTEXT(2) 
PARAMETRIC_REPRESENTATION_CONTEXT() REPRESENTATION_CONTEXT('2D SPACE',''
  ) );
#5272 = ORIENTED_EDGE('',*,*,#5180,.F.);
#5273 = ORIENTED_EDGE('',*,*,#1810,.F.);
#5274 = ADVANCED_FACE('',(#5275),#1798,.T.);
#5275 = FACE_BOUND('',#5276,.T.);
#5276 = EDGE_LOOP('',(#5277,#5300,#5321,#5322));
#5277 = ORIENTED_EDGE('',*,*,#5278,.T.);
#5278 = EDGE_CURVE('',#1755,#5279,#5281,.T.);
#5279 = VERTEX_POINT('',#5280);
#5280 = CARTESIAN_POINT('',(5.660140638319,-102.7811504049,
    77.02010475147));
#5281 = SURFACE_CURVE('',#5282,(#5286,#5293),.PCURVE_S1.);
#5282 = LINE('',#5283,#5284);
#5283 = CARTESIAN_POINT('',(5.660140638319,-99.7811504049,77.02010475147
    ));
#5284 = VECTOR('',#5285,1.);
#5285 = DIRECTION('',(0.,-1.,1.110223024625E-16));
#5286 = PCURVE('',#1798,#5287);
#5287 = DEFINITIONAL_REPRESENTATION('',(#5288),#5292);
#5288 = LINE('',#5289,#5290);
#5289 = CARTESIAN_POINT('',(0.,-0.));
#5290 = VECTOR('',#5291,1.);
#5291 = DIRECTION('',(0.,-1.));
#5292 = ( GEOMETRIC_REPRESENTATION_CONTEXT(2) 
PARAMETRIC_REPRESENTATION_CONTEXT() REPRESENTATION_CONTEXT('2D SPACE',''
  ) );
#5293 = PCURVE('',#1770,#5294);
#5294 = DEFINITIONAL_REPRESENTATION('',(#5295),#5299);
#5295 = LINE('',#5296,#5297);
#5296 = CARTESIAN_POINT('',(3.456510655537,0.));
#5297 = VECTOR('',#5298,1.);
#5298 = DIRECTION('',(0.,-1.));
#5299 = ( GEOMETRIC_REPRESENTATION_CONTEXT(2) 
PARAMETRIC_REPRESENTATION_CONTEXT() REPRESENTATION_CONTEXT('2D SPACE',''
  ) );
#5300 = ORIENTED_EDGE('',*,*,#5301,.T.);
#5301 = EDGE_CURVE('',#5279,#5230,#5302,.T.);
#5302 = SURFACE_CURVE('',#5303,(#5307,#5314),.PCURVE_S1.);
#5303 = LINE('',#5304,#5305);
#5304 = CARTESIAN_POINT('',(5.660140638319,-102.7811504049,
    77.02010475147));
#5305 = VECTOR('',#5306,1.);
#5306 = DIRECTION('',(-1.,0.,0.));
#5307 = PCURVE('',#1798,#5308);
#5308 = DEFINITIONAL_REPRESENTATION('',(#5309),#5313);
#5309 = LINE('',#5310,#5311);
#5310 = CARTESIAN_POINT('',(0.,-3.));
#5311 = VECTOR('',#5312,1.);
#5312 = DIRECTION('',(1.,0.));
#5313 = ( GEOMETRIC_REPRESENTATION_CONTEXT(2) 
PARAMETRIC_REPRESENTATION_CONTEXT() REPRESENTATION_CONTEXT('2D SPACE',''
  ) );
#5314 = PCURVE('',#4506,#5315);
#5315 = DEFINITIONAL_REPRESENTATION('',(#5316),#5320);
#5316 = LINE('',#5317,#5318);
#5317 = CARTESIAN_POINT('',(6.264359726979,-3.554825144271E-02));
#5318 = VECTOR('',#5319,1.);
#5319 = DIRECTION('',(-1.,0.));
#5320 = ( GEOMETRIC_REPRESENTATION_CONTEXT(2) 
PARAMETRIC_REPRESENTATION_CONTEXT() REPRESENTATION_CONTEXT('2D SPACE',''
  ) );
#5321 = ORIENTED_EDGE('',*,*,#5229,.F.);
#5322 = ORIENTED_EDGE('',*,*,#1782,.F.);
#5323 = ADVANCED_FACE('',(#5324),#1770,.T.);
#5324 = FACE_BOUND('',#5325,.T.);
#5325 = EDGE_LOOP('',(#5326,#5349,#5370,#5371));
#5326 = ORIENTED_EDGE('',*,*,#5327,.T.);
#5327 = EDGE_CURVE('',#1727,#5328,#5330,.T.);
#5328 = VERTEX_POINT('',#5329);
#5329 = CARTESIAN_POINT('',(5.660140638319,-102.7811504049,
    80.476615407007));
#5330 = SURFACE_CURVE('',#5331,(#5335,#5342),.PCURVE_S1.);
#5331 = LINE('',#5332,#5333);
#5332 = CARTESIAN_POINT('',(5.660140638319,-99.7811504049,
    80.476615407007));
#5333 = VECTOR('',#5334,1.);
#5334 = DIRECTION('',(0.,-1.,1.110223024625E-16));
#5335 = PCURVE('',#1770,#5336);
#5336 = DEFINITIONAL_REPRESENTATION('',(#5337),#5341);
#5337 = LINE('',#5338,#5339);
#5338 = CARTESIAN_POINT('',(0.,0.));
#5339 = VECTOR('',#5340,1.);
#5340 = DIRECTION('',(0.,-1.));
#5341 = ( GEOMETRIC_REPRESENTATION_CONTEXT(2) 
PARAMETRIC_REPRESENTATION_CONTEXT() REPRESENTATION_CONTEXT('2D SPACE',''
  ) );
#5342 = PCURVE('',#1742,#5343);
#5343 = DEFINITIONAL_REPRESENTATION('',(#5344),#5348);
#5344 = LINE('',#5345,#5346);
#5345 = CARTESIAN_POINT('',(2.701233241646,0.));
#5346 = VECTOR('',#5347,1.);
#5347 = DIRECTION('',(0.,-1.));
#5348 = ( GEOMETRIC_REPRESENTATION_CONTEXT(2) 
PARAMETRIC_REPRESENTATION_CONTEXT() REPRESENTATION_CONTEXT('2D SPACE',''
  ) );
#5349 = ORIENTED_EDGE('',*,*,#5350,.T.);
#5350 = EDGE_CURVE('',#5328,#5279,#5351,.T.);
#5351 = SURFACE_CURVE('',#5352,(#5356,#5363),.PCURVE_S1.);
#5352 = LINE('',#5353,#5354);
#5353 = CARTESIAN_POINT('',(5.660140638319,-102.7811504049,
    80.476615407007));
#5354 = VECTOR('',#5355,1.);
#5355 = DIRECTION('',(0.,-1.110223024625E-16,-1.));
#5356 = PCURVE('',#1770,#5357);
#5357 = DEFINITIONAL_REPRESENTATION('',(#5358),#5362);
#5358 = LINE('',#5359,#5360);
#5359 = CARTESIAN_POINT('',(0.,-3.));
#5360 = VECTOR('',#5361,1.);
#5361 = DIRECTION('',(1.,0.));
#5362 = ( GEOMETRIC_REPRESENTATION_CONTEXT(2) 
PARAMETRIC_REPRESENTATION_CONTEXT() REPRESENTATION_CONTEXT('2D SPACE',''
  ) );
#5363 = PCURVE('',#4506,#5364);
#5364 = DEFINITIONAL_REPRESENTATION('',(#5365),#5369);
#5365 = LINE('',#5366,#5367);
#5366 = CARTESIAN_POINT('',(6.264359726979,3.420962404095));
#5367 = VECTOR('',#5368,1.);
#5368 = DIRECTION('',(0.,-1.));
#5369 = ( GEOMETRIC_REPRESENTATION_CONTEXT(2) 
PARAMETRIC_REPRESENTATION_CONTEXT() REPRESENTATION_CONTEXT('2D SPACE',''
  ) );
#5370 = ORIENTED_EDGE('',*,*,#5278,.F.);
#5371 = ORIENTED_EDGE('',*,*,#1754,.F.);
#5372 = ADVANCED_FACE('',(#5373),#1742,.T.);
#5373 = FACE_BOUND('',#5374,.T.);
#5374 = EDGE_LOOP('',(#5375,#5398,#5419,#5420));
#5375 = ORIENTED_EDGE('',*,*,#5376,.T.);
#5376 = EDGE_CURVE('',#1699,#5377,#5379,.T.);
#5377 = VERTEX_POINT('',#5378);
#5378 = CARTESIAN_POINT('',(2.958907396673,-102.7811504049,
    80.476615407007));
#5379 = SURFACE_CURVE('',#5380,(#5384,#5391),.PCURVE_S1.);
#5380 = LINE('',#5381,#5382);
#5381 = CARTESIAN_POINT('',(2.958907396673,-99.7811504049,
    80.476615407007));
#5382 = VECTOR('',#5383,1.);
#5383 = DIRECTION('',(0.,-1.,1.110223024625E-16));
#5384 = PCURVE('',#1742,#5385);
#5385 = DEFINITIONAL_REPRESENTATION('',(#5386),#5390);
#5386 = LINE('',#5387,#5388);
#5387 = CARTESIAN_POINT('',(0.,0.));
#5388 = VECTOR('',#5389,1.);
#5389 = DIRECTION('',(0.,-1.));
#5390 = ( GEOMETRIC_REPRESENTATION_CONTEXT(2) 
PARAMETRIC_REPRESENTATION_CONTEXT() REPRESENTATION_CONTEXT('2D SPACE',''
  ) );
#5391 = PCURVE('',#1714,#5392);
#5392 = DEFINITIONAL_REPRESENTATION('',(#5393),#5397);
#5393 = LINE('',#5394,#5395);
#5394 = CARTESIAN_POINT('',(0.728608994176,0.));
#5395 = VECTOR('',#5396,1.);
#5396 = DIRECTION('',(0.,-1.));
#5397 = ( GEOMETRIC_REPRESENTATION_CONTEXT(2) 
PARAMETRIC_REPRESENTATION_CONTEXT() REPRESENTATION_CONTEXT('2D SPACE',''
  ) );
#5398 = ORIENTED_EDGE('',*,*,#5399,.T.);
#5399 = EDGE_CURVE('',#5377,#5328,#5400,.T.);
#5400 = SURFACE_CURVE('',#5401,(#5405,#5412),.PCURVE_S1.);
#5401 = LINE('',#5402,#5403);
#5402 = CARTESIAN_POINT('',(2.958907396673,-102.7811504049,
    80.476615407007));
#5403 = VECTOR('',#5404,1.);
#5404 = DIRECTION('',(1.,0.,0.));
#5405 = PCURVE('',#1742,#5406);
#5406 = DEFINITIONAL_REPRESENTATION('',(#5407),#5411);
#5407 = LINE('',#5408,#5409);
#5408 = CARTESIAN_POINT('',(0.,-3.));
#5409 = VECTOR('',#5410,1.);
#5410 = DIRECTION('',(1.,0.));
#5411 = ( GEOMETRIC_REPRESENTATION_CONTEXT(2) 
PARAMETRIC_REPRESENTATION_CONTEXT() REPRESENTATION_CONTEXT('2D SPACE',''
  ) );
#5412 = PCURVE('',#4506,#5413);
#5413 = DEFINITIONAL_REPRESENTATION('',(#5414),#5418);
#5414 = LINE('',#5415,#5416);
#5415 = CARTESIAN_POINT('',(3.563126485332,3.420962404095));
#5416 = VECTOR('',#5417,1.);
#5417 = DIRECTION('',(1.,0.));
#5418 = ( GEOMETRIC_REPRESENTATION_CONTEXT(2) 
PARAMETRIC_REPRESENTATION_CONTEXT() REPRESENTATION_CONTEXT('2D SPACE',''
  ) );
#5419 = ORIENTED_EDGE('',*,*,#5327,.F.);
#5420 = ORIENTED_EDGE('',*,*,#1726,.F.);
#5421 = ADVANCED_FACE('',(#5422),#1714,.T.);
#5422 = FACE_BOUND('',#5423,.T.);
#5423 = EDGE_LOOP('',(#5424,#5447,#5468,#5469));
#5424 = ORIENTED_EDGE('',*,*,#5425,.T.);
#5425 = EDGE_CURVE('',#1671,#5426,#5428,.T.);
#5426 = VERTEX_POINT('',#5427);
#5427 = CARTESIAN_POINT('',(2.958907396673,-102.7811504049,
    79.748006412832));
#5428 = SURFACE_CURVE('',#5429,(#5433,#5440),.PCURVE_S1.);
#5429 = LINE('',#5430,#5431);
#5430 = CARTESIAN_POINT('',(2.958907396673,-99.7811504049,
    79.748006412832));
#5431 = VECTOR('',#5432,1.);
#5432 = DIRECTION('',(0.,-1.,1.110223024625E-16));
#5433 = PCURVE('',#1714,#5434);
#5434 = DEFINITIONAL_REPRESENTATION('',(#5435),#5439);
#5435 = LINE('',#5436,#5437);
#5436 = CARTESIAN_POINT('',(0.,0.));
#5437 = VECTOR('',#5438,1.);
#5438 = DIRECTION('',(0.,-1.));
#5439 = ( GEOMETRIC_REPRESENTATION_CONTEXT(2) 
PARAMETRIC_REPRESENTATION_CONTEXT() REPRESENTATION_CONTEXT('2D SPACE',''
  ) );
#5440 = PCURVE('',#1686,#5441);
#5441 = DEFINITIONAL_REPRESENTATION('',(#5442),#5446);
#5442 = LINE('',#5443,#5444);
#5443 = CARTESIAN_POINT('',(1.972624247471,0.));
#5444 = VECTOR('',#5445,1.);
#5445 = DIRECTION('',(0.,-1.));
#5446 = ( GEOMETRIC_REPRESENTATION_CONTEXT(2) 
PARAMETRIC_REPRESENTATION_CONTEXT() REPRESENTATION_CONTEXT('2D SPACE',''
  ) );
#5447 = ORIENTED_EDGE('',*,*,#5448,.T.);
#5448 = EDGE_CURVE('',#5426,#5377,#5449,.T.);
#5449 = SURFACE_CURVE('',#5450,(#5454,#5461),.PCURVE_S1.);
#5450 = LINE('',#5451,#5452);
#5451 = CARTESIAN_POINT('',(2.958907396673,-102.7811504049,
    79.748006412832));
#5452 = VECTOR('',#5453,1.);
#5453 = DIRECTION('',(0.,1.110223024625E-16,1.));
#5454 = PCURVE('',#1714,#5455);
#5455 = DEFINITIONAL_REPRESENTATION('',(#5456),#5460);
#5456 = LINE('',#5457,#5458);
#5457 = CARTESIAN_POINT('',(0.,-3.));
#5458 = VECTOR('',#5459,1.);
#5459 = DIRECTION('',(1.,0.));
#5460 = ( GEOMETRIC_REPRESENTATION_CONTEXT(2) 
PARAMETRIC_REPRESENTATION_CONTEXT() REPRESENTATION_CONTEXT('2D SPACE',''
  ) );
#5461 = PCURVE('',#4506,#5462);
#5462 = DEFINITIONAL_REPRESENTATION('',(#5463),#5467);
#5463 = LINE('',#5464,#5465);
#5464 = CARTESIAN_POINT('',(3.563126485332,2.692353409919));
#5465 = VECTOR('',#5466,1.);
#5466 = DIRECTION('',(0.,1.));
#5467 = ( GEOMETRIC_REPRESENTATION_CONTEXT(2) 
PARAMETRIC_REPRESENTATION_CONTEXT() REPRESENTATION_CONTEXT('2D SPACE',''
  ) );
#5468 = ORIENTED_EDGE('',*,*,#5376,.F.);
#5469 = ORIENTED_EDGE('',*,*,#1698,.F.);
#5470 = ADVANCED_FACE('',(#5471),#1686,.T.);
#5471 = FACE_BOUND('',#5472,.T.);
#5472 = EDGE_LOOP('',(#5473,#5496,#5517,#5518));
#5473 = ORIENTED_EDGE('',*,*,#5474,.T.);
#5474 = EDGE_CURVE('',#1643,#5475,#5477,.T.);
#5475 = VERTEX_POINT('',#5476);
#5476 = CARTESIAN_POINT('',(4.931531644143,-102.7811504049,
    79.748006412832));
#5477 = SURFACE_CURVE('',#5478,(#5482,#5489),.PCURVE_S1.);
#5478 = LINE('',#5479,#5480);
#5479 = CARTESIAN_POINT('',(4.931531644143,-99.7811504049,
    79.748006412832));
#5480 = VECTOR('',#5481,1.);
#5481 = DIRECTION('',(0.,-1.,1.110223024625E-16));
#5482 = PCURVE('',#1686,#5483);
#5483 = DEFINITIONAL_REPRESENTATION('',(#5484),#5488);
#5484 = LINE('',#5485,#5486);
#5485 = CARTESIAN_POINT('',(0.,-0.));
#5486 = VECTOR('',#5487,1.);
#5487 = DIRECTION('',(0.,-1.));
#5488 = ( GEOMETRIC_REPRESENTATION_CONTEXT(2) 
PARAMETRIC_REPRESENTATION_CONTEXT() REPRESENTATION_CONTEXT('2D SPACE',''
  ) );
#5489 = PCURVE('',#1658,#5490);
#5490 = DEFINITIONAL_REPRESENTATION('',(#5491),#5495);
#5491 = LINE('',#5492,#5493);
#5492 = CARTESIAN_POINT('',(0.17771233268,0.));
#5493 = VECTOR('',#5494,1.);
#5494 = DIRECTION('',(0.,-1.));
#5495 = ( GEOMETRIC_REPRESENTATION_CONTEXT(2) 
PARAMETRIC_REPRESENTATION_CONTEXT() REPRESENTATION_CONTEXT('2D SPACE',''
  ) );
#5496 = ORIENTED_EDGE('',*,*,#5497,.T.);
#5497 = EDGE_CURVE('',#5475,#5426,#5498,.T.);
#5498 = SURFACE_CURVE('',#5499,(#5503,#5510),.PCURVE_S1.);
#5499 = LINE('',#5500,#5501);
#5500 = CARTESIAN_POINT('',(4.931531644143,-102.7811504049,
    79.748006412832));
#5501 = VECTOR('',#5502,1.);
#5502 = DIRECTION('',(-1.,0.,0.));
#5503 = PCURVE('',#1686,#5504);
#5504 = DEFINITIONAL_REPRESENTATION('',(#5505),#5509);
#5505 = LINE('',#5506,#5507);
#5506 = CARTESIAN_POINT('',(0.,-3.));
#5507 = VECTOR('',#5508,1.);
#5508 = DIRECTION('',(1.,0.));
#5509 = ( GEOMETRIC_REPRESENTATION_CONTEXT(2) 
PARAMETRIC_REPRESENTATION_CONTEXT() REPRESENTATION_CONTEXT('2D SPACE',''
  ) );
#5510 = PCURVE('',#4506,#5511);
#5511 = DEFINITIONAL_REPRESENTATION('',(#5512),#5516);
#5512 = LINE('',#5513,#5514);
#5513 = CARTESIAN_POINT('',(5.535750732803,2.692353409919));
#5514 = VECTOR('',#5515,1.);
#5515 = DIRECTION('',(-1.,0.));
#5516 = ( GEOMETRIC_REPRESENTATION_CONTEXT(2) 
PARAMETRIC_REPRESENTATION_CONTEXT() REPRESENTATION_CONTEXT('2D SPACE',''
  ) );
#5517 = ORIENTED_EDGE('',*,*,#5425,.F.);
#5518 = ORIENTED_EDGE('',*,*,#1670,.F.);
#5519 = ADVANCED_FACE('',(#5520),#1658,.T.);
#5520 = FACE_BOUND('',#5521,.T.);
#5521 = EDGE_LOOP('',(#5522,#5545,#5566,#5567));
#5522 = ORIENTED_EDGE('',*,*,#5523,.T.);
#5523 = EDGE_CURVE('',#1613,#5524,#5526,.T.);
#5524 = VERTEX_POINT('',#5525);
#5525 = CARTESIAN_POINT('',(4.931531644143,-102.7811504049,
    79.570294080151));
#5526 = SURFACE_CURVE('',#5527,(#5531,#5538),.PCURVE_S1.);
#5527 = LINE('',#5528,#5529);
#5528 = CARTESIAN_POINT('',(4.931531644143,-99.7811504049,
    79.570294080151));
#5529 = VECTOR('',#5530,1.);
#5530 = DIRECTION('',(0.,-1.,1.110223024625E-16));
#5531 = PCURVE('',#1658,#5532);
#5532 = DEFINITIONAL_REPRESENTATION('',(#5533),#5537);
#5533 = LINE('',#5534,#5535);
#5534 = CARTESIAN_POINT('',(0.,0.));
#5535 = VECTOR('',#5536,1.);
#5536 = DIRECTION('',(0.,-1.));
#5537 = ( GEOMETRIC_REPRESENTATION_CONTEXT(2) 
PARAMETRIC_REPRESENTATION_CONTEXT() REPRESENTATION_CONTEXT('2D SPACE',''
  ) );
#5538 = PCURVE('',#1628,#5539);
#5539 = DEFINITIONAL_REPRESENTATION('',(#5540),#5544);
#5540 = LINE('',#5541,#5542);
#5541 = CARTESIAN_POINT('',(1.,0.));
#5542 = VECTOR('',#5543,1.);
#5543 = DIRECTION('',(0.,-1.));
#5544 = ( GEOMETRIC_REPRESENTATION_CONTEXT(2) 
PARAMETRIC_REPRESENTATION_CONTEXT() REPRESENTATION_CONTEXT('2D SPACE',''
  ) );
#5545 = ORIENTED_EDGE('',*,*,#5546,.T.);
#5546 = EDGE_CURVE('',#5524,#5475,#5547,.T.);
#5547 = SURFACE_CURVE('',#5548,(#5552,#5559),.PCURVE_S1.);
#5548 = LINE('',#5549,#5550);
#5549 = CARTESIAN_POINT('',(4.931531644143,-102.7811504049,
    79.570294080151));
#5550 = VECTOR('',#5551,1.);
#5551 = DIRECTION('',(0.,1.110223024625E-16,1.));
#5552 = PCURVE('',#1658,#5553);
#5553 = DEFINITIONAL_REPRESENTATION('',(#5554),#5558);
#5554 = LINE('',#5555,#5556);
#5555 = CARTESIAN_POINT('',(0.,-3.));
#5556 = VECTOR('',#5557,1.);
#5557 = DIRECTION('',(1.,0.));
#5558 = ( GEOMETRIC_REPRESENTATION_CONTEXT(2) 
PARAMETRIC_REPRESENTATION_CONTEXT() REPRESENTATION_CONTEXT('2D SPACE',''
  ) );
#5559 = PCURVE('',#4506,#5560);
#5560 = DEFINITIONAL_REPRESENTATION('',(#5561),#5565);
#5561 = LINE('',#5562,#5563);
#5562 = CARTESIAN_POINT('',(5.535750732803,2.514641077239));
#5563 = VECTOR('',#5564,1.);
#5564 = DIRECTION('',(0.,1.));
#5565 = ( GEOMETRIC_REPRESENTATION_CONTEXT(2) 
PARAMETRIC_REPRESENTATION_CONTEXT() REPRESENTATION_CONTEXT('2D SPACE',''
  ) );
#5566 = ORIENTED_EDGE('',*,*,#5474,.F.);
#5567 = ORIENTED_EDGE('',*,*,#1642,.F.);
#5568 = ADVANCED_FACE('',(#5569),#1628,.T.);
#5569 = FACE_BOUND('',#5570,.T.);
#5570 = EDGE_LOOP('',(#5571,#5594,#5615,#5616));
#5571 = ORIENTED_EDGE('',*,*,#5572,.T.);
#5572 = EDGE_CURVE('',#1583,#5573,#5575,.T.);
#5573 = VERTEX_POINT('',#5574);
#5574 = CARTESIAN_POINT('',(4.358406478796,-102.7811504049,
    78.139701124715));
#5575 = SURFACE_CURVE('',#5576,(#5580,#5587),.PCURVE_S1.);
#5576 = LINE('',#5577,#5578);
#5577 = CARTESIAN_POINT('',(4.358406478796,-99.7811504049,
    78.139701124715));
#5578 = VECTOR('',#5579,1.);
#5579 = DIRECTION('',(0.,-1.,1.110223024625E-16));
#5580 = PCURVE('',#1628,#5581);
#5581 = DEFINITIONAL_REPRESENTATION('',(#5582),#5586);
#5582 = LINE('',#5583,#5584);
#5583 = CARTESIAN_POINT('',(0.,0.));
#5584 = VECTOR('',#5585,1.);
#5585 = DIRECTION('',(0.,-1.));
#5586 = ( GEOMETRIC_REPRESENTATION_CONTEXT(2) 
PARAMETRIC_REPRESENTATION_CONTEXT() REPRESENTATION_CONTEXT('2D SPACE',''
  ) );
#5587 = PCURVE('',#1598,#5588);
#5588 = DEFINITIONAL_REPRESENTATION('',(#5589),#5593);
#5589 = LINE('',#5590,#5591);
#5590 = CARTESIAN_POINT('',(1.,0.));
#5591 = VECTOR('',#5592,1.);
#5592 = DIRECTION('',(0.,-1.));
#5593 = ( GEOMETRIC_REPRESENTATION_CONTEXT(2) 
PARAMETRIC_REPRESENTATION_CONTEXT() REPRESENTATION_CONTEXT('2D SPACE',''
  ) );
#5594 = ORIENTED_EDGE('',*,*,#5595,.T.);
#5595 = EDGE_CURVE('',#5573,#5524,#5596,.T.);
#5596 = SURFACE_CURVE('',#5597,(#5601,#5608),.PCURVE_S1.);
#5597 = B_SPLINE_CURVE_WITH_KNOTS('',2,(#5598,#5599,#5600),
  .UNSPECIFIED.,.F.,.F.,(3,3),(0.,1.),.PIECEWISE_BEZIER_KNOTS.);
#5598 = CARTESIAN_POINT('',(4.358406478796,-102.7811504049,
    78.139701124715));
#5599 = CARTESIAN_POINT('',(4.931531644143,-102.7811504049,
    78.699492080205));
#5600 = CARTESIAN_POINT('',(4.931531644143,-102.7811504049,
    79.570294080151));
#5601 = PCURVE('',#1628,#5602);
#5602 = DEFINITIONAL_REPRESENTATION('',(#5603),#5607);
#5603 = LINE('',#5604,#5605);
#5604 = CARTESIAN_POINT('',(0.,-3.));
#5605 = VECTOR('',#5606,1.);
#5606 = DIRECTION('',(1.,0.));
#5607 = ( GEOMETRIC_REPRESENTATION_CONTEXT(2) 
PARAMETRIC_REPRESENTATION_CONTEXT() REPRESENTATION_CONTEXT('2D SPACE',''
  ) );
#5608 = PCURVE('',#4506,#5609);
#5609 = DEFINITIONAL_REPRESENTATION('',(#5610),#5614);
#5610 = B_SPLINE_CURVE_WITH_KNOTS('',2,(#5611,#5612,#5613),
  .UNSPECIFIED.,.F.,.F.,(3,3),(0.,1.),.PIECEWISE_BEZIER_KNOTS.);
#5611 = CARTESIAN_POINT('',(4.962625567456,1.084048121803));
#5612 = CARTESIAN_POINT('',(5.535750732803,1.643839077292));
#5613 = CARTESIAN_POINT('',(5.535750732803,2.514641077239));
#5614 = ( GEOMETRIC_REPRESENTATION_CONTEXT(2) 
PARAMETRIC_REPRESENTATION_CONTEXT() REPRESENTATION_CONTEXT('2D SPACE',''
  ) );
#5615 = ORIENTED_EDGE('',*,*,#5523,.F.);
#5616 = ORIENTED_EDGE('',*,*,#1612,.F.);
#5617 = ADVANCED_FACE('',(#5618),#1598,.T.);
#5618 = FACE_BOUND('',#5619,.T.);
#5619 = EDGE_LOOP('',(#5620,#5643,#5664,#5665));
#5620 = ORIENTED_EDGE('',*,*,#5621,.T.);
#5621 = EDGE_CURVE('',#1553,#5622,#5624,.T.);
#5622 = VERTEX_POINT('',#5623);
#5623 = CARTESIAN_POINT('',(2.896719650048,-102.7811504049,
    77.579910169226));
#5624 = SURFACE_CURVE('',#5625,(#5629,#5636),.PCURVE_S1.);
#5625 = LINE('',#5626,#5627);
#5626 = CARTESIAN_POINT('',(2.896719650048,-99.7811504049,
    77.579910169226));
#5627 = VECTOR('',#5628,1.);
#5628 = DIRECTION('',(0.,-1.,1.110223024625E-16));
#5629 = PCURVE('',#1598,#5630);
#5630 = DEFINITIONAL_REPRESENTATION('',(#5631),#5635);
#5631 = LINE('',#5632,#5633);
#5632 = CARTESIAN_POINT('',(0.,0.));
#5633 = VECTOR('',#5634,1.);
#5634 = DIRECTION('',(0.,-1.));
#5635 = ( GEOMETRIC_REPRESENTATION_CONTEXT(2) 
PARAMETRIC_REPRESENTATION_CONTEXT() REPRESENTATION_CONTEXT('2D SPACE',''
  ) );
#5636 = PCURVE('',#1568,#5637);
#5637 = DEFINITIONAL_REPRESENTATION('',(#5638),#5642);
#5638 = LINE('',#5639,#5640);
#5639 = CARTESIAN_POINT('',(1.,0.));
#5640 = VECTOR('',#5641,1.);
#5641 = DIRECTION('',(0.,-1.));
#5642 = ( GEOMETRIC_REPRESENTATION_CONTEXT(2) 
PARAMETRIC_REPRESENTATION_CONTEXT() REPRESENTATION_CONTEXT('2D SPACE',''
  ) );
#5643 = ORIENTED_EDGE('',*,*,#5644,.T.);
#5644 = EDGE_CURVE('',#5622,#5573,#5645,.T.);
#5645 = SURFACE_CURVE('',#5646,(#5650,#5657),.PCURVE_S1.);
#5646 = B_SPLINE_CURVE_WITH_KNOTS('',2,(#5647,#5648,#5649),
  .UNSPECIFIED.,.F.,.F.,(3,3),(0.,1.),.PIECEWISE_BEZIER_KNOTS.);
#5647 = CARTESIAN_POINT('',(2.896719650048,-102.7811504049,
    77.579910169226));
#5648 = CARTESIAN_POINT('',(3.785281313449,-102.7811504049,
    77.579910169226));
#5649 = CARTESIAN_POINT('',(4.358406478796,-102.7811504049,
    78.139701124715));
#5650 = PCURVE('',#1598,#5651);
#5651 = DEFINITIONAL_REPRESENTATION('',(#5652),#5656);
#5652 = LINE('',#5653,#5654);
#5653 = CARTESIAN_POINT('',(0.,-3.));
#5654 = VECTOR('',#5655,1.);
#5655 = DIRECTION('',(1.,0.));
#5656 = ( GEOMETRIC_REPRESENTATION_CONTEXT(2) 
PARAMETRIC_REPRESENTATION_CONTEXT() REPRESENTATION_CONTEXT('2D SPACE',''
  ) );
#5657 = PCURVE('',#4506,#5658);
#5658 = DEFINITIONAL_REPRESENTATION('',(#5659),#5663);
#5659 = B_SPLINE_CURVE_WITH_KNOTS('',2,(#5660,#5661,#5662),
  .UNSPECIFIED.,.F.,.F.,(3,3),(0.,1.),.PIECEWISE_BEZIER_KNOTS.);
#5660 = CARTESIAN_POINT('',(3.500938738707,0.524257166313));
#5661 = CARTESIAN_POINT('',(4.389500402109,0.524257166313));
#5662 = CARTESIAN_POINT('',(4.962625567456,1.084048121803));
#5663 = ( GEOMETRIC_REPRESENTATION_CONTEXT(2) 
PARAMETRIC_REPRESENTATION_CONTEXT() REPRESENTATION_CONTEXT('2D SPACE',''
  ) );
#5664 = ORIENTED_EDGE('',*,*,#5572,.F.);
#5665 = ORIENTED_EDGE('',*,*,#1582,.F.);
#5666 = ADVANCED_FACE('',(#5667),#1568,.T.);
#5667 = FACE_BOUND('',#5668,.T.);
#5668 = EDGE_LOOP('',(#5669,#5692,#5713,#5714));
#5669 = ORIENTED_EDGE('',*,*,#5670,.T.);
#5670 = EDGE_CURVE('',#1523,#5671,#5673,.T.);
#5671 = VERTEX_POINT('',#5672);
#5672 = CARTESIAN_POINT('',(1.945955777755,-102.7811504049,
    77.76206241777));
#5673 = SURFACE_CURVE('',#5674,(#5678,#5685),.PCURVE_S1.);
#5674 = LINE('',#5675,#5676);
#5675 = CARTESIAN_POINT('',(1.945955777755,-99.7811504049,77.76206241777
    ));
#5676 = VECTOR('',#5677,1.);
#5677 = DIRECTION('',(0.,-1.,1.110223024625E-16));
#5678 = PCURVE('',#1568,#5679);
#5679 = DEFINITIONAL_REPRESENTATION('',(#5680),#5684);
#5680 = LINE('',#5681,#5682);
#5681 = CARTESIAN_POINT('',(0.,0.));
#5682 = VECTOR('',#5683,1.);
#5683 = DIRECTION('',(0.,-1.));
#5684 = ( GEOMETRIC_REPRESENTATION_CONTEXT(2) 
PARAMETRIC_REPRESENTATION_CONTEXT() REPRESENTATION_CONTEXT('2D SPACE',''
  ) );
#5685 = PCURVE('',#1538,#5686);
#5686 = DEFINITIONAL_REPRESENTATION('',(#5687),#5691);
#5687 = LINE('',#5688,#5689);
#5688 = CARTESIAN_POINT('',(1.,0.));
#5689 = VECTOR('',#5690,1.);
#5690 = DIRECTION('',(0.,-1.));
#5691 = ( GEOMETRIC_REPRESENTATION_CONTEXT(2) 
PARAMETRIC_REPRESENTATION_CONTEXT() REPRESENTATION_CONTEXT('2D SPACE',''
  ) );
#5692 = ORIENTED_EDGE('',*,*,#5693,.T.);
#5693 = EDGE_CURVE('',#5671,#5622,#5694,.T.);
#5694 = SURFACE_CURVE('',#5695,(#5699,#5706),.PCURVE_S1.);
#5695 = B_SPLINE_CURVE_WITH_KNOTS('',2,(#5696,#5697,#5698),
  .UNSPECIFIED.,.F.,.F.,(3,3),(0.,1.),.PIECEWISE_BEZIER_KNOTS.);
#5696 = CARTESIAN_POINT('',(1.945955777755,-102.7811504049,
    77.76206241777));
#5697 = CARTESIAN_POINT('',(2.363582652007,-102.7811504049,
    77.579910169226));
#5698 = CARTESIAN_POINT('',(2.896719650048,-102.7811504049,
    77.579910169226));
#5699 = PCURVE('',#1568,#5700);
#5700 = DEFINITIONAL_REPRESENTATION('',(#5701),#5705);
#5701 = LINE('',#5702,#5703);
#5702 = CARTESIAN_POINT('',(0.,-3.));
#5703 = VECTOR('',#5704,1.);
#5704 = DIRECTION('',(1.,0.));
#5705 = ( GEOMETRIC_REPRESENTATION_CONTEXT(2) 
PARAMETRIC_REPRESENTATION_CONTEXT() REPRESENTATION_CONTEXT('2D SPACE',''
  ) );
#5706 = PCURVE('',#4506,#5707);
#5707 = DEFINITIONAL_REPRESENTATION('',(#5708),#5712);
#5708 = B_SPLINE_CURVE_WITH_KNOTS('',2,(#5709,#5710,#5711),
  .UNSPECIFIED.,.F.,.F.,(3,3),(0.,1.),.PIECEWISE_BEZIER_KNOTS.);
#5709 = CARTESIAN_POINT('',(2.550174866415,0.706409414857));
#5710 = CARTESIAN_POINT('',(2.967801740667,0.524257166313));
#5711 = CARTESIAN_POINT('',(3.500938738707,0.524257166313));
#5712 = ( GEOMETRIC_REPRESENTATION_CONTEXT(2) 
PARAMETRIC_REPRESENTATION_CONTEXT() REPRESENTATION_CONTEXT('2D SPACE',''
  ) );
#5713 = ORIENTED_EDGE('',*,*,#5621,.F.);
#5714 = ORIENTED_EDGE('',*,*,#1552,.F.);
#5715 = ADVANCED_FACE('',(#5716),#1538,.T.);
#5716 = FACE_BOUND('',#5717,.T.);
#5717 = EDGE_LOOP('',(#5718,#5741,#5762,#5763));
#5718 = ORIENTED_EDGE('',*,*,#5719,.T.);
#5719 = EDGE_CURVE('',#1493,#5720,#5722,.T.);
#5720 = VERTEX_POINT('',#5721);
#5721 = CARTESIAN_POINT('',(1.275094614341,-102.7811504049,
    78.224117375192));
#5722 = SURFACE_CURVE('',#5723,(#5727,#5734),.PCURVE_S1.);
#5723 = LINE('',#5724,#5725);
#5724 = CARTESIAN_POINT('',(1.275094614341,-99.7811504049,
    78.224117375192));
#5725 = VECTOR('',#5726,1.);
#5726 = DIRECTION('',(0.,-1.,1.110223024625E-16));
#5727 = PCURVE('',#1538,#5728);
#5728 = DEFINITIONAL_REPRESENTATION('',(#5729),#5733);
#5729 = LINE('',#5730,#5731);
#5730 = CARTESIAN_POINT('',(0.,0.));
#5731 = VECTOR('',#5732,1.);
#5732 = DIRECTION('',(0.,-1.));
#5733 = ( GEOMETRIC_REPRESENTATION_CONTEXT(2) 
PARAMETRIC_REPRESENTATION_CONTEXT() REPRESENTATION_CONTEXT('2D SPACE',''
  ) );
#5734 = PCURVE('',#1508,#5735);
#5735 = DEFINITIONAL_REPRESENTATION('',(#5736),#5740);
#5736 = LINE('',#5737,#5738);
#5737 = CARTESIAN_POINT('',(1.,0.));
#5738 = VECTOR('',#5739,1.);
#5739 = DIRECTION('',(0.,-1.));
#5740 = ( GEOMETRIC_REPRESENTATION_CONTEXT(2) 
PARAMETRIC_REPRESENTATION_CONTEXT() REPRESENTATION_CONTEXT('2D SPACE',''
  ) );
#5741 = ORIENTED_EDGE('',*,*,#5742,.T.);
#5742 = EDGE_CURVE('',#5720,#5671,#5743,.T.);
#5743 = SURFACE_CURVE('',#5744,(#5748,#5755),.PCURVE_S1.);
#5744 = B_SPLINE_CURVE_WITH_KNOTS('',2,(#5745,#5746,#5747),
  .UNSPECIFIED.,.F.,.F.,(3,3),(0.,1.),.PIECEWISE_BEZIER_KNOTS.);
#5745 = CARTESIAN_POINT('',(1.275094614341,-102.7811504049,
    78.224117375192));
#5746 = CARTESIAN_POINT('',(1.528328903503,-102.7811504049,
    77.944214666314));
#5747 = CARTESIAN_POINT('',(1.945955777755,-102.7811504049,
    77.76206241777));
#5748 = PCURVE('',#1538,#5749);
#5749 = DEFINITIONAL_REPRESENTATION('',(#5750),#5754);
#5750 = LINE('',#5751,#5752);
#5751 = CARTESIAN_POINT('',(0.,-3.));
#5752 = VECTOR('',#5753,1.);
#5753 = DIRECTION('',(1.,0.));
#5754 = ( GEOMETRIC_REPRESENTATION_CONTEXT(2) 
PARAMETRIC_REPRESENTATION_CONTEXT() REPRESENTATION_CONTEXT('2D SPACE',''
  ) );
#5755 = PCURVE('',#4506,#5756);
#5756 = DEFINITIONAL_REPRESENTATION('',(#5757),#5761);
#5757 = B_SPLINE_CURVE_WITH_KNOTS('',2,(#5758,#5759,#5760),
  .UNSPECIFIED.,.F.,.F.,(3,3),(0.,1.),.PIECEWISE_BEZIER_KNOTS.);
#5758 = CARTESIAN_POINT('',(1.879313703,1.168464372279));
#5759 = CARTESIAN_POINT('',(2.132547992163,0.888561663401));
#5760 = CARTESIAN_POINT('',(2.550174866415,0.706409414857));
#5761 = ( GEOMETRIC_REPRESENTATION_CONTEXT(2) 
PARAMETRIC_REPRESENTATION_CONTEXT() REPRESENTATION_CONTEXT('2D SPACE',''
  ) );
#5762 = ORIENTED_EDGE('',*,*,#5670,.F.);
#5763 = ORIENTED_EDGE('',*,*,#1522,.F.);
#5764 = ADVANCED_FACE('',(#5765),#1508,.T.);
#5765 = FACE_BOUND('',#5766,.T.);
#5766 = EDGE_LOOP('',(#5767,#5790,#5811,#5812));
#5767 = ORIENTED_EDGE('',*,*,#5768,.T.);
#5768 = EDGE_CURVE('',#1463,#5769,#5771,.T.);
#5769 = VERTEX_POINT('',#5770);
#5770 = CARTESIAN_POINT('',(0.861907655953,-102.7811504049,
    78.877204412885));
#5771 = SURFACE_CURVE('',#5772,(#5776,#5783),.PCURVE_S1.);
#5772 = LINE('',#5773,#5774);
#5773 = CARTESIAN_POINT('',(0.861907655953,-99.7811504049,
    78.877204412885));
#5774 = VECTOR('',#5775,1.);
#5775 = DIRECTION('',(0.,-1.,1.110223024625E-16));
#5776 = PCURVE('',#1508,#5777);
#5777 = DEFINITIONAL_REPRESENTATION('',(#5778),#5782);
#5778 = LINE('',#5779,#5780);
#5779 = CARTESIAN_POINT('',(0.,0.));
#5780 = VECTOR('',#5781,1.);
#5781 = DIRECTION('',(0.,-1.));
#5782 = ( GEOMETRIC_REPRESENTATION_CONTEXT(2) 
PARAMETRIC_REPRESENTATION_CONTEXT() REPRESENTATION_CONTEXT('2D SPACE',''
  ) );
#5783 = PCURVE('',#1478,#5784);
#5784 = DEFINITIONAL_REPRESENTATION('',(#5785),#5789);
#5785 = LINE('',#5786,#5787);
#5786 = CARTESIAN_POINT('',(1.,0.));
#5787 = VECTOR('',#5788,1.);
#5788 = DIRECTION('',(0.,-1.));
#5789 = ( GEOMETRIC_REPRESENTATION_CONTEXT(2) 
PARAMETRIC_REPRESENTATION_CONTEXT() REPRESENTATION_CONTEXT('2D SPACE',''
  ) );
#5790 = ORIENTED_EDGE('',*,*,#5791,.T.);
#5791 = EDGE_CURVE('',#5769,#5720,#5792,.T.);
#5792 = SURFACE_CURVE('',#5793,(#5797,#5804),.PCURVE_S1.);
#5793 = B_SPLINE_CURVE_WITH_KNOTS('',2,(#5794,#5795,#5796),
  .UNSPECIFIED.,.F.,.F.,(3,3),(0.,1.),.PIECEWISE_BEZIER_KNOTS.);
#5794 = CARTESIAN_POINT('',(0.861907655953,-102.7811504049,
    78.877204412885));
#5795 = CARTESIAN_POINT('',(1.021860325178,-102.7811504049,
    78.50402008407));
#5796 = CARTESIAN_POINT('',(1.275094614341,-102.7811504049,
    78.224117375192));
#5797 = PCURVE('',#1508,#5798);
#5798 = DEFINITIONAL_REPRESENTATION('',(#5799),#5803);
#5799 = LINE('',#5800,#5801);
#5800 = CARTESIAN_POINT('',(0.,-3.));
#5801 = VECTOR('',#5802,1.);
#5802 = DIRECTION('',(1.,0.));
#5803 = ( GEOMETRIC_REPRESENTATION_CONTEXT(2) 
PARAMETRIC_REPRESENTATION_CONTEXT() REPRESENTATION_CONTEXT('2D SPACE',''
  ) );
#5804 = PCURVE('',#4506,#5805);
#5805 = DEFINITIONAL_REPRESENTATION('',(#5806),#5810);
#5806 = B_SPLINE_CURVE_WITH_KNOTS('',2,(#5807,#5808,#5809),
  .UNSPECIFIED.,.F.,.F.,(3,3),(0.,1.),.PIECEWISE_BEZIER_KNOTS.);
#5807 = CARTESIAN_POINT('',(1.466126744612,1.821551409973));
#5808 = CARTESIAN_POINT('',(1.626079413838,1.448367081157));
#5809 = CARTESIAN_POINT('',(1.879313703,1.168464372279));
#5810 = ( GEOMETRIC_REPRESENTATION_CONTEXT(2) 
PARAMETRIC_REPRESENTATION_CONTEXT() REPRESENTATION_CONTEXT('2D SPACE',''
  ) );
#5811 = ORIENTED_EDGE('',*,*,#5719,.F.);
#5812 = ORIENTED_EDGE('',*,*,#1492,.F.);
#5813 = ADVANCED_FACE('',(#5814),#1478,.T.);
#5814 = FACE_BOUND('',#5815,.T.);
#5815 = EDGE_LOOP('',(#5816,#5839,#5860,#5861));
#5816 = ORIENTED_EDGE('',*,*,#5817,.T.);
#5817 = EDGE_CURVE('',#1433,#5818,#5820,.T.);
#5818 = VERTEX_POINT('',#5819);
#5819 = CARTESIAN_POINT('',(0.639767240102,-102.7811504049,
    79.59249365947));
#5820 = SURFACE_CURVE('',#5821,(#5825,#5832),.PCURVE_S1.);
#5821 = LINE('',#5822,#5823);
#5822 = CARTESIAN_POINT('',(0.639767240102,-99.7811504049,79.59249365947
    ));
#5823 = VECTOR('',#5824,1.);
#5824 = DIRECTION('',(0.,-1.,1.110223024625E-16));
#5825 = PCURVE('',#1478,#5826);
#5826 = DEFINITIONAL_REPRESENTATION('',(#5827),#5831);
#5827 = LINE('',#5828,#5829);
#5828 = CARTESIAN_POINT('',(0.,0.));
#5829 = VECTOR('',#5830,1.);
#5830 = DIRECTION('',(0.,-1.));
#5831 = ( GEOMETRIC_REPRESENTATION_CONTEXT(2) 
PARAMETRIC_REPRESENTATION_CONTEXT() REPRESENTATION_CONTEXT('2D SPACE',''
  ) );
#5832 = PCURVE('',#1448,#5833);
#5833 = DEFINITIONAL_REPRESENTATION('',(#5834),#5838);
#5834 = LINE('',#5835,#5836);
#5835 = CARTESIAN_POINT('',(1.,0.));
#5836 = VECTOR('',#5837,1.);
#5837 = DIRECTION('',(0.,-1.));
#5838 = ( GEOMETRIC_REPRESENTATION_CONTEXT(2) 
PARAMETRIC_REPRESENTATION_CONTEXT() REPRESENTATION_CONTEXT('2D SPACE',''
  ) );
#5839 = ORIENTED_EDGE('',*,*,#5840,.T.);
#5840 = EDGE_CURVE('',#5818,#5769,#5841,.T.);
#5841 = SURFACE_CURVE('',#5842,(#5846,#5853),.PCURVE_S1.);
#5842 = B_SPLINE_CURVE_WITH_KNOTS('',2,(#5843,#5844,#5845),
  .UNSPECIFIED.,.F.,.F.,(3,3),(0.,1.),.PIECEWISE_BEZIER_KNOTS.);
#5843 = CARTESIAN_POINT('',(0.639767240102,-102.7811504049,
    79.59249365947));
#5844 = CARTESIAN_POINT('',(0.701954986727,-102.7811504049,79.2503887417
    ));
#5845 = CARTESIAN_POINT('',(0.861907655953,-102.7811504049,
    78.877204412885));
#5846 = PCURVE('',#1478,#5847);
#5847 = DEFINITIONAL_REPRESENTATION('',(#5848),#5852);
#5848 = LINE('',#5849,#5850);
#5849 = CARTESIAN_POINT('',(0.,-3.));
#5850 = VECTOR('',#5851,1.);
#5851 = DIRECTION('',(1.,0.));
#5852 = ( GEOMETRIC_REPRESENTATION_CONTEXT(2) 
PARAMETRIC_REPRESENTATION_CONTEXT() REPRESENTATION_CONTEXT('2D SPACE',''
  ) );
#5853 = PCURVE('',#4506,#5854);
#5854 = DEFINITIONAL_REPRESENTATION('',(#5855),#5859);
#5855 = B_SPLINE_CURVE_WITH_KNOTS('',2,(#5856,#5857,#5858),
  .UNSPECIFIED.,.F.,.F.,(3,3),(0.,1.),.PIECEWISE_BEZIER_KNOTS.);
#5856 = CARTESIAN_POINT('',(1.243986328762,2.536840656557));
#5857 = CARTESIAN_POINT('',(1.306174075386,2.194735738788));
#5858 = CARTESIAN_POINT('',(1.466126744612,1.821551409973));
#5859 = ( GEOMETRIC_REPRESENTATION_CONTEXT(2) 
PARAMETRIC_REPRESENTATION_CONTEXT() REPRESENTATION_CONTEXT('2D SPACE',''
  ) );
#5860 = ORIENTED_EDGE('',*,*,#5768,.F.);
#5861 = ORIENTED_EDGE('',*,*,#1462,.F.);
#5862 = ADVANCED_FACE('',(#5863),#1448,.T.);
#5863 = FACE_BOUND('',#5864,.T.);
#5864 = EDGE_LOOP('',(#5865,#5866,#5887,#5888));
#5865 = ORIENTED_EDGE('',*,*,#4518,.T.);
#5866 = ORIENTED_EDGE('',*,*,#5867,.T.);
#5867 = EDGE_CURVE('',#4491,#5818,#5868,.T.);
#5868 = SURFACE_CURVE('',#5869,(#5873,#5880),.PCURVE_S1.);
#5869 = B_SPLINE_CURVE_WITH_KNOTS('',2,(#5870,#5871,#5872),
  .UNSPECIFIED.,.F.,.F.,(3,3),(0.,1.),.PIECEWISE_BEZIER_KNOTS.);
#5870 = CARTESIAN_POINT('',(0.577579493477,-102.7811504049,
    80.272234654612));
#5871 = CARTESIAN_POINT('',(0.577579493477,-102.7811504049,
    79.934598577239));
#5872 = CARTESIAN_POINT('',(0.639767240102,-102.7811504049,
    79.59249365947));
#5873 = PCURVE('',#1448,#5874);
#5874 = DEFINITIONAL_REPRESENTATION('',(#5875),#5879);
#5875 = LINE('',#5876,#5877);
#5876 = CARTESIAN_POINT('',(0.,-3.));
#5877 = VECTOR('',#5878,1.);
#5878 = DIRECTION('',(1.,0.));
#5879 = ( GEOMETRIC_REPRESENTATION_CONTEXT(2) 
PARAMETRIC_REPRESENTATION_CONTEXT() REPRESENTATION_CONTEXT('2D SPACE',''
  ) );
#5880 = PCURVE('',#4506,#5881);
#5881 = DEFINITIONAL_REPRESENTATION('',(#5882),#5886);
#5882 = B_SPLINE_CURVE_WITH_KNOTS('',2,(#5883,#5884,#5885),
  .UNSPECIFIED.,.F.,.F.,(3,3),(0.,1.),.PIECEWISE_BEZIER_KNOTS.);
#5883 = CARTESIAN_POINT('',(1.181798582137,3.216581651699));
#5884 = CARTESIAN_POINT('',(1.181798582137,2.878945574327));
#5885 = CARTESIAN_POINT('',(1.243986328762,2.536840656557));
#5886 = ( GEOMETRIC_REPRESENTATION_CONTEXT(2) 
PARAMETRIC_REPRESENTATION_CONTEXT() REPRESENTATION_CONTEXT('2D SPACE',''
  ) );
#5887 = ORIENTED_EDGE('',*,*,#5817,.F.);
#5888 = ORIENTED_EDGE('',*,*,#1432,.F.);
#5889 = ADVANCED_FACE('',(#5890),#2274,.T.);
#5890 = FACE_BOUND('',#5891,.T.);
#5891 = EDGE_LOOP('',(#5892,#5915,#5943,#5964));
#5892 = ORIENTED_EDGE('',*,*,#5893,.T.);
#5893 = EDGE_CURVE('',#2257,#5894,#5896,.T.);
#5894 = VERTEX_POINT('',#5895);
#5895 = CARTESIAN_POINT('',(-3.526683019583,-102.7811504049,
    110.80008811325));
#5896 = SURFACE_CURVE('',#5897,(#5901,#5908),.PCURVE_S1.);
#5897 = LINE('',#5898,#5899);
#5898 = CARTESIAN_POINT('',(-3.526683019583,-99.7811504049,
    110.80008811325));
#5899 = VECTOR('',#5900,1.);
#5900 = DIRECTION('',(0.,-1.,1.110223024625E-16));
#5901 = PCURVE('',#2274,#5902);
#5902 = DEFINITIONAL_REPRESENTATION('',(#5903),#5907);
#5903 = LINE('',#5904,#5905);
#5904 = CARTESIAN_POINT('',(0.,0.));
#5905 = VECTOR('',#5906,1.);
#5906 = DIRECTION('',(0.,-1.));
#5907 = ( GEOMETRIC_REPRESENTATION_CONTEXT(2) 
PARAMETRIC_REPRESENTATION_CONTEXT() REPRESENTATION_CONTEXT('2D SPACE',''
  ) );
#5908 = PCURVE('',#2982,#5909);
#5909 = DEFINITIONAL_REPRESENTATION('',(#5910),#5914);
#5910 = LINE('',#5911,#5912);
#5911 = CARTESIAN_POINT('',(1.,0.));
#5912 = VECTOR('',#5913,1.);
#5913 = DIRECTION('',(0.,-1.));
#5914 = ( GEOMETRIC_REPRESENTATION_CONTEXT(2) 
PARAMETRIC_REPRESENTATION_CONTEXT() REPRESENTATION_CONTEXT('2D SPACE',''
  ) );
#5915 = ORIENTED_EDGE('',*,*,#5916,.T.);
#5916 = EDGE_CURVE('',#5894,#5917,#5919,.T.);
#5917 = VERTEX_POINT('',#5918);
#5918 = CARTESIAN_POINT('',(-5.234066404113,-102.7811504049,
    111.40653144852));
#5919 = SURFACE_CURVE('',#5920,(#5924,#5931),.PCURVE_S1.);
#5920 = B_SPLINE_CURVE_WITH_KNOTS('',2,(#5921,#5922,#5923),
  .UNSPECIFIED.,.F.,.F.,(3,3),(0.,1.),.PIECEWISE_BEZIER_KNOTS.);
#5921 = CARTESIAN_POINT('',(-3.526683019583,-102.7811504049,
    110.80008811325));
#5922 = CARTESIAN_POINT('',(-4.151774001482,-102.7811504049,
    111.40653144852));
#5923 = CARTESIAN_POINT('',(-5.234066404113,-102.7811504049,
    111.40653144852));
#5924 = PCURVE('',#2274,#5925);
#5925 = DEFINITIONAL_REPRESENTATION('',(#5926),#5930);
#5926 = LINE('',#5927,#5928);
#5927 = CARTESIAN_POINT('',(0.,-3.));
#5928 = VECTOR('',#5929,1.);
#5929 = DIRECTION('',(1.,0.));
#5930 = ( GEOMETRIC_REPRESENTATION_CONTEXT(2) 
PARAMETRIC_REPRESENTATION_CONTEXT() REPRESENTATION_CONTEXT('2D SPACE',''
  ) );
#5931 = PCURVE('',#5932,#5937);
#5932 = PLANE('',#5933);
#5933 = AXIS2_PLACEMENT_3D('',#5934,#5935,#5936);
#5934 = CARTESIAN_POINT('',(-10.27221103559,-102.7811504049,
    99.613565348471));
#5935 = DIRECTION('',(0.,-1.,1.110223024625E-16));
#5936 = DIRECTION('',(1.,0.,0.));
#5937 = DEFINITIONAL_REPRESENTATION('',(#5938),#5942);
#5938 = B_SPLINE_CURVE_WITH_KNOTS('',2,(#5939,#5940,#5941),
  .UNSPECIFIED.,.F.,.F.,(3,3),(0.,1.),.PIECEWISE_BEZIER_KNOTS.);
#5939 = CARTESIAN_POINT('',(6.745528016014,11.186522764782));
#5940 = CARTESIAN_POINT('',(6.120437034116,11.792966100053));
#5941 = CARTESIAN_POINT('',(5.038144631485,11.792966100053));
#5942 = ( GEOMETRIC_REPRESENTATION_CONTEXT(2) 
PARAMETRIC_REPRESENTATION_CONTEXT() REPRESENTATION_CONTEXT('2D SPACE',''
  ) );
#5943 = ORIENTED_EDGE('',*,*,#5944,.F.);
#5944 = EDGE_CURVE('',#2259,#5917,#5945,.T.);
#5945 = SURFACE_CURVE('',#5946,(#5950,#5957),.PCURVE_S1.);
#5946 = LINE('',#5947,#5948);
#5947 = CARTESIAN_POINT('',(-5.234066404113,-99.7811504049,
    111.40653144852));
#5948 = VECTOR('',#5949,1.);
#5949 = DIRECTION('',(0.,-1.,1.110223024625E-16));
#5950 = PCURVE('',#2274,#5951);
#5951 = DEFINITIONAL_REPRESENTATION('',(#5952),#5956);
#5952 = LINE('',#5953,#5954);
#5953 = CARTESIAN_POINT('',(1.,0.));
#5954 = VECTOR('',#5955,1.);
#5955 = DIRECTION('',(0.,-1.));
#5956 = ( GEOMETRIC_REPRESENTATION_CONTEXT(2) 
PARAMETRIC_REPRESENTATION_CONTEXT() REPRESENTATION_CONTEXT('2D SPACE',''
  ) );
#5957 = PCURVE('',#2304,#5958);
#5958 = DEFINITIONAL_REPRESENTATION('',(#5959),#5963);
#5959 = LINE('',#5960,#5961);
#5960 = CARTESIAN_POINT('',(0.,0.));
#5961 = VECTOR('',#5962,1.);
#5962 = DIRECTION('',(0.,-1.));
#5963 = ( GEOMETRIC_REPRESENTATION_CONTEXT(2) 
PARAMETRIC_REPRESENTATION_CONTEXT() REPRESENTATION_CONTEXT('2D SPACE',''
  ) );
#5964 = ORIENTED_EDGE('',*,*,#2256,.F.);
#5965 = ADVANCED_FACE('',(#5966),#2982,.T.);
#5966 = FACE_BOUND('',#5967,.T.);
#5967 = EDGE_LOOP('',(#5968,#5991,#6012,#6013));
#5968 = ORIENTED_EDGE('',*,*,#5969,.T.);
#5969 = EDGE_CURVE('',#2939,#5970,#5972,.T.);
#5970 = VERTEX_POINT('',#5971);
#5971 = CARTESIAN_POINT('',(-2.901592037685,-102.7811504049,
    109.14870841012));
#5972 = SURFACE_CURVE('',#5973,(#5977,#5984),.PCURVE_S1.);
#5973 = LINE('',#5974,#5975);
#5974 = CARTESIAN_POINT('',(-2.901592037685,-99.7811504049,
    109.14870841012));
#5975 = VECTOR('',#5976,1.);
#5976 = DIRECTION('',(0.,-1.,1.110223024625E-16));
#5977 = PCURVE('',#2982,#5978);
#5978 = DEFINITIONAL_REPRESENTATION('',(#5979),#5983);
#5979 = LINE('',#5980,#5981);
#5980 = CARTESIAN_POINT('',(0.,0.));
#5981 = VECTOR('',#5982,1.);
#5982 = DIRECTION('',(0.,-1.));
#5983 = ( GEOMETRIC_REPRESENTATION_CONTEXT(2) 
PARAMETRIC_REPRESENTATION_CONTEXT() REPRESENTATION_CONTEXT('2D SPACE',''
  ) );
#5984 = PCURVE('',#2954,#5985);
#5985 = DEFINITIONAL_REPRESENTATION('',(#5986),#5990);
#5986 = LINE('',#5987,#5988);
#5987 = CARTESIAN_POINT('',(1.,0.));
#5988 = VECTOR('',#5989,1.);
#5989 = DIRECTION('',(0.,-1.));
#5990 = ( GEOMETRIC_REPRESENTATION_CONTEXT(2) 
PARAMETRIC_REPRESENTATION_CONTEXT() REPRESENTATION_CONTEXT('2D SPACE',''
  ) );
#5991 = ORIENTED_EDGE('',*,*,#5992,.T.);
#5992 = EDGE_CURVE('',#5970,#5894,#5993,.T.);
#5993 = SURFACE_CURVE('',#5994,(#5998,#6005),.PCURVE_S1.);
#5994 = B_SPLINE_CURVE_WITH_KNOTS('',2,(#5995,#5996,#5997),
  .UNSPECIFIED.,.F.,.F.,(3,3),(0.,1.),.PIECEWISE_BEZIER_KNOTS.);
#5995 = CARTESIAN_POINT('',(-2.901592037685,-102.7811504049,
    109.14870841012));
#5996 = CARTESIAN_POINT('',(-2.901592037685,-102.7811504049,
    110.19364477798));
#5997 = CARTESIAN_POINT('',(-3.526683019583,-102.7811504049,
    110.80008811325));
#5998 = PCURVE('',#2982,#5999);
#5999 = DEFINITIONAL_REPRESENTATION('',(#6000),#6004);
#6000 = LINE('',#6001,#6002);
#6001 = CARTESIAN_POINT('',(0.,-3.));
#6002 = VECTOR('',#6003,1.);
#6003 = DIRECTION('',(1.,0.));
#6004 = ( GEOMETRIC_REPRESENTATION_CONTEXT(2) 
PARAMETRIC_REPRESENTATION_CONTEXT() REPRESENTATION_CONTEXT('2D SPACE',''
  ) );
#6005 = PCURVE('',#5932,#6006);
#6006 = DEFINITIONAL_REPRESENTATION('',(#6007),#6011);
#6007 = B_SPLINE_CURVE_WITH_KNOTS('',2,(#6008,#6009,#6010),
  .UNSPECIFIED.,.F.,.F.,(3,3),(0.,1.),.PIECEWISE_BEZIER_KNOTS.);
#6008 = CARTESIAN_POINT('',(7.370618997913,9.535143061655));
#6009 = CARTESIAN_POINT('',(7.370618997913,10.58007942951));
#6010 = CARTESIAN_POINT('',(6.745528016014,11.186522764782));
#6011 = ( GEOMETRIC_REPRESENTATION_CONTEXT(2) 
PARAMETRIC_REPRESENTATION_CONTEXT() REPRESENTATION_CONTEXT('2D SPACE',''
  ) );
#6012 = ORIENTED_EDGE('',*,*,#5893,.F.);
#6013 = ORIENTED_EDGE('',*,*,#2968,.F.);
#6014 = ADVANCED_FACE('',(#6015),#2954,.T.);
#6015 = FACE_BOUND('',#6016,.T.);
#6016 = EDGE_LOOP('',(#6017,#6040,#6061,#6062));
#6017 = ORIENTED_EDGE('',*,*,#6018,.T.);
#6018 = EDGE_CURVE('',#2909,#6019,#6021,.T.);
#6019 = VERTEX_POINT('',#6020);
#6020 = CARTESIAN_POINT('',(-3.638660011628,-102.7811504049,
    107.52530017694));
#6021 = SURFACE_CURVE('',#6022,(#6026,#6033),.PCURVE_S1.);
#6022 = LINE('',#6023,#6024);
#6023 = CARTESIAN_POINT('',(-3.638660011628,-99.7811504049,
    107.52530017694));
#6024 = VECTOR('',#6025,1.);
#6025 = DIRECTION('',(0.,-1.,1.110223024625E-16));
#6026 = PCURVE('',#2954,#6027);
#6027 = DEFINITIONAL_REPRESENTATION('',(#6028),#6032);
#6028 = LINE('',#6029,#6030);
#6029 = CARTESIAN_POINT('',(0.,0.));
#6030 = VECTOR('',#6031,1.);
#6031 = DIRECTION('',(0.,-1.));
#6032 = ( GEOMETRIC_REPRESENTATION_CONTEXT(2) 
PARAMETRIC_REPRESENTATION_CONTEXT() REPRESENTATION_CONTEXT('2D SPACE',''
  ) );
#6033 = PCURVE('',#2924,#6034);
#6034 = DEFINITIONAL_REPRESENTATION('',(#6035),#6039);
#6035 = LINE('',#6036,#6037);
#6036 = CARTESIAN_POINT('',(1.,0.));
#6037 = VECTOR('',#6038,1.);
#6038 = DIRECTION('',(0.,-1.));
#6039 = ( GEOMETRIC_REPRESENTATION_CONTEXT(2) 
PARAMETRIC_REPRESENTATION_CONTEXT() REPRESENTATION_CONTEXT('2D SPACE',''
  ) );
#6040 = ORIENTED_EDGE('',*,*,#6041,.T.);
#6041 = EDGE_CURVE('',#6019,#5970,#6042,.T.);
#6042 = SURFACE_CURVE('',#6043,(#6047,#6054),.PCURVE_S1.);
#6043 = B_SPLINE_CURVE_WITH_KNOTS('',2,(#6044,#6045,#6046),
  .UNSPECIFIED.,.F.,.F.,(3,3),(0.,1.),.PIECEWISE_BEZIER_KNOTS.);
#6044 = CARTESIAN_POINT('',(-3.638660011628,-102.7811504049,
    107.52530017694));
#6045 = CARTESIAN_POINT('',(-2.901592037685,-102.7811504049,
    107.93582173958));
#6046 = CARTESIAN_POINT('',(-2.901592037685,-102.7811504049,
    109.14870841012));
#6047 = PCURVE('',#2954,#6048);
#6048 = DEFINITIONAL_REPRESENTATION('',(#6049),#6053);
#6049 = LINE('',#6050,#6051);
#6050 = CARTESIAN_POINT('',(0.,-3.));
#6051 = VECTOR('',#6052,1.);
#6052 = DIRECTION('',(1.,0.));
#6053 = ( GEOMETRIC_REPRESENTATION_CONTEXT(2) 
PARAMETRIC_REPRESENTATION_CONTEXT() REPRESENTATION_CONTEXT('2D SPACE',''
  ) );
#6054 = PCURVE('',#5932,#6055);
#6055 = DEFINITIONAL_REPRESENTATION('',(#6056),#6060);
#6056 = B_SPLINE_CURVE_WITH_KNOTS('',2,(#6057,#6058,#6059),
  .UNSPECIFIED.,.F.,.F.,(3,3),(0.,1.),.PIECEWISE_BEZIER_KNOTS.);
#6057 = CARTESIAN_POINT('',(6.63355102397,7.911734828469));
#6058 = CARTESIAN_POINT('',(7.370618997913,8.322256391112));
#6059 = CARTESIAN_POINT('',(7.370618997913,9.535143061655));
#6060 = ( GEOMETRIC_REPRESENTATION_CONTEXT(2) 
PARAMETRIC_REPRESENTATION_CONTEXT() REPRESENTATION_CONTEXT('2D SPACE',''
  ) );
#6061 = ORIENTED_EDGE('',*,*,#5969,.F.);
#6062 = ORIENTED_EDGE('',*,*,#2938,.F.);
#6063 = ADVANCED_FACE('',(#6064),#2924,.T.);
#6064 = FACE_BOUND('',#6065,.T.);
#6065 = EDGE_LOOP('',(#6066,#6089,#6110,#6111));
#6066 = ORIENTED_EDGE('',*,*,#6067,.T.);
#6067 = EDGE_CURVE('',#2881,#6068,#6070,.T.);
#6068 = VERTEX_POINT('',#6069);
#6069 = CARTESIAN_POINT('',(-6.148408504057,-102.7811504049,
    107.07748332104));
#6070 = SURFACE_CURVE('',#6071,(#6075,#6082),.PCURVE_S1.);
#6071 = LINE('',#6072,#6073);
#6072 = CARTESIAN_POINT('',(-6.148408504057,-99.7811504049,
    107.07748332104));
#6073 = VECTOR('',#6074,1.);
#6074 = DIRECTION('',(0.,-1.,1.110223024625E-16));
#6075 = PCURVE('',#2924,#6076);
#6076 = DEFINITIONAL_REPRESENTATION('',(#6077),#6081);
#6077 = LINE('',#6078,#6079);
#6078 = CARTESIAN_POINT('',(0.,0.));
#6079 = VECTOR('',#6080,1.);
#6080 = DIRECTION('',(0.,-1.));
#6081 = ( GEOMETRIC_REPRESENTATION_CONTEXT(2) 
PARAMETRIC_REPRESENTATION_CONTEXT() REPRESENTATION_CONTEXT('2D SPACE',''
  ) );
#6082 = PCURVE('',#2896,#6083);
#6083 = DEFINITIONAL_REPRESENTATION('',(#6084),#6088);
#6084 = LINE('',#6085,#6086);
#6085 = CARTESIAN_POINT('',(1.399484619857,0.));
#6086 = VECTOR('',#6087,1.);
#6087 = DIRECTION('',(0.,-1.));
#6088 = ( GEOMETRIC_REPRESENTATION_CONTEXT(2) 
PARAMETRIC_REPRESENTATION_CONTEXT() REPRESENTATION_CONTEXT('2D SPACE',''
  ) );
#6089 = ORIENTED_EDGE('',*,*,#6090,.T.);
#6090 = EDGE_CURVE('',#6068,#6019,#6091,.T.);
#6091 = SURFACE_CURVE('',#6092,(#6096,#6103),.PCURVE_S1.);
#6092 = B_SPLINE_CURVE_WITH_KNOTS('',2,(#6093,#6094,#6095),
  .UNSPECIFIED.,.F.,.F.,(3,3),(0.,1.),.PIECEWISE_BEZIER_KNOTS.);
#6093 = CARTESIAN_POINT('',(-6.148408504057,-102.7811504049,
    107.07748332104));
#6094 = CARTESIAN_POINT('',(-4.375727985571,-102.7811504049,
    107.11477861429));
#6095 = CARTESIAN_POINT('',(-3.638660011628,-102.7811504049,
    107.52530017694));
#6096 = PCURVE('',#2924,#6097);
#6097 = DEFINITIONAL_REPRESENTATION('',(#6098),#6102);
#6098 = LINE('',#6099,#6100);
#6099 = CARTESIAN_POINT('',(0.,-3.));
#6100 = VECTOR('',#6101,1.);
#6101 = DIRECTION('',(1.,0.));
#6102 = ( GEOMETRIC_REPRESENTATION_CONTEXT(2) 
PARAMETRIC_REPRESENTATION_CONTEXT() REPRESENTATION_CONTEXT('2D SPACE',''
  ) );
#6103 = PCURVE('',#5932,#6104);
#6104 = DEFINITIONAL_REPRESENTATION('',(#6105),#6109);
#6105 = B_SPLINE_CURVE_WITH_KNOTS('',2,(#6106,#6107,#6108),
  .UNSPECIFIED.,.F.,.F.,(3,3),(0.,1.),.PIECEWISE_BEZIER_KNOTS.);
#6106 = CARTESIAN_POINT('',(4.123802531541,7.46391797257));
#6107 = CARTESIAN_POINT('',(5.896483050027,7.501213265825));
#6108 = CARTESIAN_POINT('',(6.63355102397,7.911734828469));
#6109 = ( GEOMETRIC_REPRESENTATION_CONTEXT(2) 
PARAMETRIC_REPRESENTATION_CONTEXT() REPRESENTATION_CONTEXT('2D SPACE',''
  ) );
#6110 = ORIENTED_EDGE('',*,*,#6018,.F.);
#6111 = ORIENTED_EDGE('',*,*,#2908,.F.);
#6112 = ADVANCED_FACE('',(#6113),#2896,.T.);
#6113 = FACE_BOUND('',#6114,.T.);
#6114 = EDGE_LOOP('',(#6115,#6138,#6159,#6160));
#6115 = ORIENTED_EDGE('',*,*,#6116,.T.);
#6116 = EDGE_CURVE('',#2853,#6117,#6119,.T.);
#6117 = VERTEX_POINT('',#6118);
#6118 = CARTESIAN_POINT('',(-6.148408504057,-102.7811504049,
    105.67799870118));
#6119 = SURFACE_CURVE('',#6120,(#6124,#6131),.PCURVE_S1.);
#6120 = LINE('',#6121,#6122);
#6121 = CARTESIAN_POINT('',(-6.148408504057,-99.7811504049,
    105.67799870118));
#6122 = VECTOR('',#6123,1.);
#6123 = DIRECTION('',(0.,-1.,1.110223024625E-16));
#6124 = PCURVE('',#2896,#6125);
#6125 = DEFINITIONAL_REPRESENTATION('',(#6126),#6130);
#6126 = LINE('',#6127,#6128);
#6127 = CARTESIAN_POINT('',(0.,0.));
#6128 = VECTOR('',#6129,1.);
#6129 = DIRECTION('',(0.,-1.));
#6130 = ( GEOMETRIC_REPRESENTATION_CONTEXT(2) 
PARAMETRIC_REPRESENTATION_CONTEXT() REPRESENTATION_CONTEXT('2D SPACE',''
  ) );
#6131 = PCURVE('',#2868,#6132);
#6132 = DEFINITIONAL_REPRESENTATION('',(#6133),#6137);
#6133 = LINE('',#6134,#6135);
#6134 = CARTESIAN_POINT('',(0.205245595942,0.));
#6135 = VECTOR('',#6136,1.);
#6136 = DIRECTION('',(0.,-1.));
#6137 = ( GEOMETRIC_REPRESENTATION_CONTEXT(2) 
PARAMETRIC_REPRESENTATION_CONTEXT() REPRESENTATION_CONTEXT('2D SPACE',''
  ) );
#6138 = ORIENTED_EDGE('',*,*,#6139,.T.);
#6139 = EDGE_CURVE('',#6117,#6068,#6140,.T.);
#6140 = SURFACE_CURVE('',#6141,(#6145,#6152),.PCURVE_S1.);
#6141 = LINE('',#6142,#6143);
#6142 = CARTESIAN_POINT('',(-6.148408504057,-102.7811504049,
    105.67799870118));
#6143 = VECTOR('',#6144,1.);
#6144 = DIRECTION('',(0.,1.110223024625E-16,1.));
#6145 = PCURVE('',#2896,#6146);
#6146 = DEFINITIONAL_REPRESENTATION('',(#6147),#6151);
#6147 = LINE('',#6148,#6149);
#6148 = CARTESIAN_POINT('',(0.,-3.));
#6149 = VECTOR('',#6150,1.);
#6150 = DIRECTION('',(1.,0.));
#6151 = ( GEOMETRIC_REPRESENTATION_CONTEXT(2) 
PARAMETRIC_REPRESENTATION_CONTEXT() REPRESENTATION_CONTEXT('2D SPACE',''
  ) );
#6152 = PCURVE('',#5932,#6153);
#6153 = DEFINITIONAL_REPRESENTATION('',(#6154),#6158);
#6154 = LINE('',#6155,#6156);
#6155 = CARTESIAN_POINT('',(4.123802531541,6.064433352713));
#6156 = VECTOR('',#6157,1.);
#6157 = DIRECTION('',(0.,1.));
#6158 = ( GEOMETRIC_REPRESENTATION_CONTEXT(2) 
PARAMETRIC_REPRESENTATION_CONTEXT() REPRESENTATION_CONTEXT('2D SPACE',''
  ) );
#6159 = ORIENTED_EDGE('',*,*,#6067,.F.);
#6160 = ORIENTED_EDGE('',*,*,#2880,.F.);
#6161 = ADVANCED_FACE('',(#6162),#2868,.T.);
#6162 = FACE_BOUND('',#6163,.T.);
#6163 = EDGE_LOOP('',(#6164,#6187,#6208,#6209));
#6164 = ORIENTED_EDGE('',*,*,#6165,.T.);
#6165 = EDGE_CURVE('',#2825,#6166,#6168,.T.);
#6166 = VERTEX_POINT('',#6167);
#6167 = CARTESIAN_POINT('',(-5.943162908115,-102.7811504049,
    105.67799870118));
#6168 = SURFACE_CURVE('',#6169,(#6173,#6180),.PCURVE_S1.);
#6169 = LINE('',#6170,#6171);
#6170 = CARTESIAN_POINT('',(-5.943162908115,-99.7811504049,
    105.67799870118));
#6171 = VECTOR('',#6172,1.);
#6172 = DIRECTION('',(0.,-1.,1.110223024625E-16));
#6173 = PCURVE('',#2868,#6174);
#6174 = DEFINITIONAL_REPRESENTATION('',(#6175),#6179);
#6175 = LINE('',#6176,#6177);
#6176 = CARTESIAN_POINT('',(0.,-0.));
#6177 = VECTOR('',#6178,1.);
#6178 = DIRECTION('',(0.,-1.));
#6179 = ( GEOMETRIC_REPRESENTATION_CONTEXT(2) 
PARAMETRIC_REPRESENTATION_CONTEXT() REPRESENTATION_CONTEXT('2D SPACE',''
  ) );
#6180 = PCURVE('',#2840,#6181);
#6181 = DEFINITIONAL_REPRESENTATION('',(#6182),#6186);
#6182 = LINE('',#6183,#6184);
#6183 = CARTESIAN_POINT('',(0.690700629343,0.));
#6184 = VECTOR('',#6185,1.);
#6185 = DIRECTION('',(0.,-1.));
#6186 = ( GEOMETRIC_REPRESENTATION_CONTEXT(2) 
PARAMETRIC_REPRESENTATION_CONTEXT() REPRESENTATION_CONTEXT('2D SPACE',''
  ) );
#6187 = ORIENTED_EDGE('',*,*,#6188,.T.);
#6188 = EDGE_CURVE('',#6166,#6117,#6189,.T.);
#6189 = SURFACE_CURVE('',#6190,(#6194,#6201),.PCURVE_S1.);
#6190 = LINE('',#6191,#6192);
#6191 = CARTESIAN_POINT('',(-5.943162908115,-102.7811504049,
    105.67799870118));
#6192 = VECTOR('',#6193,1.);
#6193 = DIRECTION('',(-1.,0.,0.));
#6194 = PCURVE('',#2868,#6195);
#6195 = DEFINITIONAL_REPRESENTATION('',(#6196),#6200);
#6196 = LINE('',#6197,#6198);
#6197 = CARTESIAN_POINT('',(0.,-3.));
#6198 = VECTOR('',#6199,1.);
#6199 = DIRECTION('',(1.,0.));
#6200 = ( GEOMETRIC_REPRESENTATION_CONTEXT(2) 
PARAMETRIC_REPRESENTATION_CONTEXT() REPRESENTATION_CONTEXT('2D SPACE',''
  ) );
#6201 = PCURVE('',#5932,#6202);
#6202 = DEFINITIONAL_REPRESENTATION('',(#6203),#6207);
#6203 = LINE('',#6204,#6205);
#6204 = CARTESIAN_POINT('',(4.329048127483,6.064433352713));
#6205 = VECTOR('',#6206,1.);
#6206 = DIRECTION('',(-1.,0.));
#6207 = ( GEOMETRIC_REPRESENTATION_CONTEXT(2) 
PARAMETRIC_REPRESENTATION_CONTEXT() REPRESENTATION_CONTEXT('2D SPACE',''
  ) );
#6208 = ORIENTED_EDGE('',*,*,#6116,.F.);
#6209 = ORIENTED_EDGE('',*,*,#2852,.F.);
#6210 = ADVANCED_FACE('',(#6211),#2840,.T.);
#6211 = FACE_BOUND('',#6212,.T.);
#6212 = EDGE_LOOP('',(#6213,#6236,#6257,#6258));
#6213 = ORIENTED_EDGE('',*,*,#6214,.T.);
#6214 = EDGE_CURVE('',#2795,#6215,#6217,.T.);
#6215 = VERTEX_POINT('',#6216);
#6216 = CARTESIAN_POINT('',(-5.25271405074,-102.7811504049,
    105.69664634781));
#6217 = SURFACE_CURVE('',#6218,(#6222,#6229),.PCURVE_S1.);
#6218 = LINE('',#6219,#6220);
#6219 = CARTESIAN_POINT('',(-5.25271405074,-99.7811504049,
    105.69664634781));
#6220 = VECTOR('',#6221,1.);
#6221 = DIRECTION('',(0.,-1.,1.110223024625E-16));
#6222 = PCURVE('',#2840,#6223);
#6223 = DEFINITIONAL_REPRESENTATION('',(#6224),#6228);
#6224 = LINE('',#6225,#6226);
#6225 = CARTESIAN_POINT('',(0.,0.));
#6226 = VECTOR('',#6227,1.);
#6227 = DIRECTION('',(0.,-1.));
#6228 = ( GEOMETRIC_REPRESENTATION_CONTEXT(2) 
PARAMETRIC_REPRESENTATION_CONTEXT() REPRESENTATION_CONTEXT('2D SPACE',''
  ) );
#6229 = PCURVE('',#2810,#6230);
#6230 = DEFINITIONAL_REPRESENTATION('',(#6231),#6235);
#6231 = LINE('',#6232,#6233);
#6232 = CARTESIAN_POINT('',(1.,0.));
#6233 = VECTOR('',#6234,1.);
#6234 = DIRECTION('',(0.,-1.));
#6235 = ( GEOMETRIC_REPRESENTATION_CONTEXT(2) 
PARAMETRIC_REPRESENTATION_CONTEXT() REPRESENTATION_CONTEXT('2D SPACE',''
  ) );
#6236 = ORIENTED_EDGE('',*,*,#6237,.T.);
#6237 = EDGE_CURVE('',#6215,#6166,#6238,.T.);
#6238 = SURFACE_CURVE('',#6239,(#6243,#6250),.PCURVE_S1.);
#6239 = LINE('',#6240,#6241);
#6240 = CARTESIAN_POINT('',(-5.25271405074,-102.7811504049,
    105.69664634781));
#6241 = VECTOR('',#6242,1.);
#6242 = DIRECTION('',(-0.999635483222,-2.997397969732E-18,
    -2.699816075913E-02));
#6243 = PCURVE('',#2840,#6244);
#6244 = DEFINITIONAL_REPRESENTATION('',(#6245),#6249);
#6245 = LINE('',#6246,#6247);
#6246 = CARTESIAN_POINT('',(0.,-3.));
#6247 = VECTOR('',#6248,1.);
#6248 = DIRECTION('',(1.,0.));
#6249 = ( GEOMETRIC_REPRESENTATION_CONTEXT(2) 
PARAMETRIC_REPRESENTATION_CONTEXT() REPRESENTATION_CONTEXT('2D SPACE',''
  ) );
#6250 = PCURVE('',#5932,#6251);
#6251 = DEFINITIONAL_REPRESENTATION('',(#6252),#6256);
#6252 = LINE('',#6253,#6254);
#6253 = CARTESIAN_POINT('',(5.019496984858,6.083080999341));
#6254 = VECTOR('',#6255,1.);
#6255 = DIRECTION('',(-0.999635483222,-2.699816075913E-02));
#6256 = ( GEOMETRIC_REPRESENTATION_CONTEXT(2) 
PARAMETRIC_REPRESENTATION_CONTEXT() REPRESENTATION_CONTEXT('2D SPACE',''
  ) );
#6257 = ORIENTED_EDGE('',*,*,#6165,.F.);
#6258 = ORIENTED_EDGE('',*,*,#2824,.F.);
#6259 = ADVANCED_FACE('',(#6260),#2810,.T.);
#6260 = FACE_BOUND('',#6261,.T.);
#6261 = EDGE_LOOP('',(#6262,#6285,#6306,#6307));
#6262 = ORIENTED_EDGE('',*,*,#6263,.T.);
#6263 = EDGE_CURVE('',#2765,#6264,#6266,.T.);
#6264 = VERTEX_POINT('',#6265);
#6265 = CARTESIAN_POINT('',(-2.509748492429,-102.7811504049,
    103.28952065335));
#6266 = SURFACE_CURVE('',#6267,(#6271,#6278),.PCURVE_S1.);
#6267 = LINE('',#6268,#6269);
#6268 = CARTESIAN_POINT('',(-2.509748492429,-99.7811504049,
    103.28952065335));
#6269 = VECTOR('',#6270,1.);
#6270 = DIRECTION('',(0.,-1.,1.110223024625E-16));
#6271 = PCURVE('',#2810,#6272);
#6272 = DEFINITIONAL_REPRESENTATION('',(#6273),#6277);
#6273 = LINE('',#6274,#6275);
#6274 = CARTESIAN_POINT('',(0.,0.));
#6275 = VECTOR('',#6276,1.);
#6276 = DIRECTION('',(0.,-1.));
#6277 = ( GEOMETRIC_REPRESENTATION_CONTEXT(2) 
PARAMETRIC_REPRESENTATION_CONTEXT() REPRESENTATION_CONTEXT('2D SPACE',''
  ) );
#6278 = PCURVE('',#2780,#6279);
#6279 = DEFINITIONAL_REPRESENTATION('',(#6280),#6284);
#6280 = LINE('',#6281,#6282);
#6281 = CARTESIAN_POINT('',(1.,0.));
#6282 = VECTOR('',#6283,1.);
#6283 = DIRECTION('',(0.,-1.));
#6284 = ( GEOMETRIC_REPRESENTATION_CONTEXT(2) 
PARAMETRIC_REPRESENTATION_CONTEXT() REPRESENTATION_CONTEXT('2D SPACE',''
  ) );
#6285 = ORIENTED_EDGE('',*,*,#6286,.T.);
#6286 = EDGE_CURVE('',#6264,#6215,#6287,.T.);
#6287 = SURFACE_CURVE('',#6288,(#6292,#6299),.PCURVE_S1.);
#6288 = B_SPLINE_CURVE_WITH_KNOTS('',2,(#6289,#6290,#6291),
  .UNSPECIFIED.,.F.,.F.,(3,3),(0.,1.),.PIECEWISE_BEZIER_KNOTS.);
#6289 = CARTESIAN_POINT('',(-2.509748492429,-102.7811504049,
    103.28952065335));
#6290 = CARTESIAN_POINT('',(-2.509748492429,-102.7811504049,
    105.69664634781));
#6291 = CARTESIAN_POINT('',(-5.25271405074,-102.7811504049,
    105.69664634781));
#6292 = PCURVE('',#2810,#6293);
#6293 = DEFINITIONAL_REPRESENTATION('',(#6294),#6298);
#6294 = LINE('',#6295,#6296);
#6295 = CARTESIAN_POINT('',(0.,-3.));
#6296 = VECTOR('',#6297,1.);
#6297 = DIRECTION('',(1.,0.));
#6298 = ( GEOMETRIC_REPRESENTATION_CONTEXT(2) 
PARAMETRIC_REPRESENTATION_CONTEXT() REPRESENTATION_CONTEXT('2D SPACE',''
  ) );
#6299 = PCURVE('',#5932,#6300);
#6300 = DEFINITIONAL_REPRESENTATION('',(#6301),#6305);
#6301 = B_SPLINE_CURVE_WITH_KNOTS('',2,(#6302,#6303,#6304),
  .UNSPECIFIED.,.F.,.F.,(3,3),(0.,1.),.PIECEWISE_BEZIER_KNOTS.);
#6302 = CARTESIAN_POINT('',(7.762462543169,3.675955304883));
#6303 = CARTESIAN_POINT('',(7.762462543169,6.083080999341));
#6304 = CARTESIAN_POINT('',(5.019496984858,6.083080999341));
#6305 = ( GEOMETRIC_REPRESENTATION_CONTEXT(2) 
PARAMETRIC_REPRESENTATION_CONTEXT() REPRESENTATION_CONTEXT('2D SPACE',''
  ) );
#6306 = ORIENTED_EDGE('',*,*,#6214,.F.);
#6307 = ORIENTED_EDGE('',*,*,#2794,.F.);
#6308 = ADVANCED_FACE('',(#6309),#2780,.T.);
#6309 = FACE_BOUND('',#6310,.T.);
#6310 = EDGE_LOOP('',(#6311,#6334,#6355,#6356));
#6311 = ORIENTED_EDGE('',*,*,#6312,.T.);
#6312 = EDGE_CURVE('',#2735,#6313,#6315,.T.);
#6313 = VERTEX_POINT('',#6314);
#6314 = CARTESIAN_POINT('',(-3.237462272298,-102.7811504049,
    101.33959637962));
#6315 = SURFACE_CURVE('',#6316,(#6320,#6327),.PCURVE_S1.);
#6316 = LINE('',#6317,#6318);
#6317 = CARTESIAN_POINT('',(-3.237462272298,-99.7811504049,
    101.33959637962));
#6318 = VECTOR('',#6319,1.);
#6319 = DIRECTION('',(0.,-1.,1.110223024625E-16));
#6320 = PCURVE('',#2780,#6321);
#6321 = DEFINITIONAL_REPRESENTATION('',(#6322),#6326);
#6322 = LINE('',#6323,#6324);
#6323 = CARTESIAN_POINT('',(0.,0.));
#6324 = VECTOR('',#6325,1.);
#6325 = DIRECTION('',(0.,-1.));
#6326 = ( GEOMETRIC_REPRESENTATION_CONTEXT(2) 
PARAMETRIC_REPRESENTATION_CONTEXT() REPRESENTATION_CONTEXT('2D SPACE',''
  ) );
#6327 = PCURVE('',#2750,#6328);
#6328 = DEFINITIONAL_REPRESENTATION('',(#6329),#6333);
#6329 = LINE('',#6330,#6331);
#6330 = CARTESIAN_POINT('',(1.,0.));
#6331 = VECTOR('',#6332,1.);
#6332 = DIRECTION('',(0.,-1.));
#6333 = ( GEOMETRIC_REPRESENTATION_CONTEXT(2) 
PARAMETRIC_REPRESENTATION_CONTEXT() REPRESENTATION_CONTEXT('2D SPACE',''
  ) );
#6334 = ORIENTED_EDGE('',*,*,#6335,.T.);
#6335 = EDGE_CURVE('',#6313,#6264,#6336,.T.);
#6336 = SURFACE_CURVE('',#6337,(#6341,#6348),.PCURVE_S1.);
#6337 = B_SPLINE_CURVE_WITH_KNOTS('',2,(#6338,#6339,#6340),
  .UNSPECIFIED.,.F.,.F.,(3,3),(0.,1.),.PIECEWISE_BEZIER_KNOTS.);
#6338 = CARTESIAN_POINT('',(-3.237462272298,-102.7811504049,
    101.33959637962));
#6339 = CARTESIAN_POINT('',(-2.509748492429,-102.7811504049,
    102.03933868955));
#6340 = CARTESIAN_POINT('',(-2.509748492429,-102.7811504049,
    103.28952065335));
#6341 = PCURVE('',#2780,#6342);
#6342 = DEFINITIONAL_REPRESENTATION('',(#6343),#6347);
#6343 = LINE('',#6344,#6345);
#6344 = CARTESIAN_POINT('',(0.,-3.));
#6345 = VECTOR('',#6346,1.);
#6346 = DIRECTION('',(1.,0.));
#6347 = ( GEOMETRIC_REPRESENTATION_CONTEXT(2) 
PARAMETRIC_REPRESENTATION_CONTEXT() REPRESENTATION_CONTEXT('2D SPACE',''
  ) );
#6348 = PCURVE('',#5932,#6349);
#6349 = DEFINITIONAL_REPRESENTATION('',(#6350),#6354);
#6350 = B_SPLINE_CURVE_WITH_KNOTS('',2,(#6351,#6352,#6353),
  .UNSPECIFIED.,.F.,.F.,(3,3),(0.,1.),.PIECEWISE_BEZIER_KNOTS.);
#6351 = CARTESIAN_POINT('',(7.034748763299,1.726031031157));
#6352 = CARTESIAN_POINT('',(7.762462543169,2.425773341085));
#6353 = CARTESIAN_POINT('',(7.762462543169,3.675955304883));
#6354 = ( GEOMETRIC_REPRESENTATION_CONTEXT(2) 
PARAMETRIC_REPRESENTATION_CONTEXT() REPRESENTATION_CONTEXT('2D SPACE',''
  ) );
#6355 = ORIENTED_EDGE('',*,*,#6263,.F.);
#6356 = ORIENTED_EDGE('',*,*,#2764,.F.);
#6357 = ADVANCED_FACE('',(#6358),#2750,.T.);
#6358 = FACE_BOUND('',#6359,.T.);
#6359 = EDGE_LOOP('',(#6360,#6383,#6404,#6405));
#6360 = ORIENTED_EDGE('',*,*,#6361,.T.);
#6361 = EDGE_CURVE('',#2705,#6362,#6364,.T.);
#6362 = VERTEX_POINT('',#6363);
#6363 = CARTESIAN_POINT('',(-5.25271405074,-102.7811504049,
    100.6398540697));
#6364 = SURFACE_CURVE('',#6365,(#6369,#6376),.PCURVE_S1.);
#6365 = LINE('',#6366,#6367);
#6366 = CARTESIAN_POINT('',(-5.25271405074,-99.7811504049,100.6398540697
    ));
#6367 = VECTOR('',#6368,1.);
#6368 = DIRECTION('',(0.,-1.,1.110223024625E-16));
#6369 = PCURVE('',#2750,#6370);
#6370 = DEFINITIONAL_REPRESENTATION('',(#6371),#6375);
#6371 = LINE('',#6372,#6373);
#6372 = CARTESIAN_POINT('',(0.,0.));
#6373 = VECTOR('',#6374,1.);
#6374 = DIRECTION('',(0.,-1.));
#6375 = ( GEOMETRIC_REPRESENTATION_CONTEXT(2) 
PARAMETRIC_REPRESENTATION_CONTEXT() REPRESENTATION_CONTEXT('2D SPACE',''
  ) );
#6376 = PCURVE('',#2720,#6377);
#6377 = DEFINITIONAL_REPRESENTATION('',(#6378),#6382);
#6378 = LINE('',#6379,#6380);
#6379 = CARTESIAN_POINT('',(1.,0.));
#6380 = VECTOR('',#6381,1.);
#6381 = DIRECTION('',(0.,-1.));
#6382 = ( GEOMETRIC_REPRESENTATION_CONTEXT(2) 
PARAMETRIC_REPRESENTATION_CONTEXT() REPRESENTATION_CONTEXT('2D SPACE',''
  ) );
#6383 = ORIENTED_EDGE('',*,*,#6384,.T.);
#6384 = EDGE_CURVE('',#6362,#6313,#6385,.T.);
#6385 = SURFACE_CURVE('',#6386,(#6390,#6397),.PCURVE_S1.);
#6386 = B_SPLINE_CURVE_WITH_KNOTS('',2,(#6387,#6388,#6389),
  .UNSPECIFIED.,.F.,.F.,(3,3),(0.,1.),.PIECEWISE_BEZIER_KNOTS.);
#6387 = CARTESIAN_POINT('',(-5.25271405074,-102.7811504049,
    100.6398540697));
#6388 = CARTESIAN_POINT('',(-3.965176052168,-102.7811504049,
    100.6398540697));
#6389 = CARTESIAN_POINT('',(-3.237462272298,-102.7811504049,
    101.33959637962));
#6390 = PCURVE('',#2750,#6391);
#6391 = DEFINITIONAL_REPRESENTATION('',(#6392),#6396);
#6392 = LINE('',#6393,#6394);
#6393 = CARTESIAN_POINT('',(0.,-3.));
#6394 = VECTOR('',#6395,1.);
#6395 = DIRECTION('',(1.,0.));
#6396 = ( GEOMETRIC_REPRESENTATION_CONTEXT(2) 
PARAMETRIC_REPRESENTATION_CONTEXT() REPRESENTATION_CONTEXT('2D SPACE',''
  ) );
#6397 = PCURVE('',#5932,#6398);
#6398 = DEFINITIONAL_REPRESENTATION('',(#6399),#6403);
#6399 = B_SPLINE_CURVE_WITH_KNOTS('',2,(#6400,#6401,#6402),
  .UNSPECIFIED.,.F.,.F.,(3,3),(0.,1.),.PIECEWISE_BEZIER_KNOTS.);
#6400 = CARTESIAN_POINT('',(5.019496984858,1.026288721228));
#6401 = CARTESIAN_POINT('',(6.30703498343,1.026288721228));
#6402 = CARTESIAN_POINT('',(7.034748763299,1.726031031157));
#6403 = ( GEOMETRIC_REPRESENTATION_CONTEXT(2) 
PARAMETRIC_REPRESENTATION_CONTEXT() REPRESENTATION_CONTEXT('2D SPACE',''
  ) );
#6404 = ORIENTED_EDGE('',*,*,#6312,.F.);
#6405 = ORIENTED_EDGE('',*,*,#2734,.F.);
#6406 = ADVANCED_FACE('',(#6407),#2720,.T.);
#6407 = FACE_BOUND('',#6408,.T.);
#6408 = EDGE_LOOP('',(#6409,#6432,#6453,#6454));
#6409 = ORIENTED_EDGE('',*,*,#6410,.T.);
#6410 = EDGE_CURVE('',#2675,#6411,#6413,.T.);
#6411 = VERTEX_POINT('',#6412);
#6412 = CARTESIAN_POINT('',(-7.267996199942,-102.7811504049,
    101.33027255631));
#6413 = SURFACE_CURVE('',#6414,(#6418,#6425),.PCURVE_S1.);
#6414 = LINE('',#6415,#6416);
#6415 = CARTESIAN_POINT('',(-7.267996199942,-99.7811504049,
    101.33027255631));
#6416 = VECTOR('',#6417,1.);
#6417 = DIRECTION('',(0.,-1.,1.110223024625E-16));
#6418 = PCURVE('',#2720,#6419);
#6419 = DEFINITIONAL_REPRESENTATION('',(#6420),#6424);
#6420 = LINE('',#6421,#6422);
#6421 = CARTESIAN_POINT('',(0.,0.));
#6422 = VECTOR('',#6423,1.);
#6423 = DIRECTION('',(0.,-1.));
#6424 = ( GEOMETRIC_REPRESENTATION_CONTEXT(2) 
PARAMETRIC_REPRESENTATION_CONTEXT() REPRESENTATION_CONTEXT('2D SPACE',''
  ) );
#6425 = PCURVE('',#2690,#6426);
#6426 = DEFINITIONAL_REPRESENTATION('',(#6427),#6431);
#6427 = LINE('',#6428,#6429);
#6428 = CARTESIAN_POINT('',(1.,0.));
#6429 = VECTOR('',#6430,1.);
#6430 = DIRECTION('',(0.,-1.));
#6431 = ( GEOMETRIC_REPRESENTATION_CONTEXT(2) 
PARAMETRIC_REPRESENTATION_CONTEXT() REPRESENTATION_CONTEXT('2D SPACE',''
  ) );
#6432 = ORIENTED_EDGE('',*,*,#6433,.T.);
#6433 = EDGE_CURVE('',#6411,#6362,#6434,.T.);
#6434 = SURFACE_CURVE('',#6435,(#6439,#6446),.PCURVE_S1.);
#6435 = B_SPLINE_CURVE_WITH_KNOTS('',2,(#6436,#6437,#6438),
  .UNSPECIFIED.,.F.,.F.,(3,3),(0.,1.),.PIECEWISE_BEZIER_KNOTS.);
#6436 = CARTESIAN_POINT('',(-7.267996199942,-102.7811504049,
    101.33027255631));
#6437 = CARTESIAN_POINT('',(-6.596255730715,-102.7811504049,
    100.6398540697));
#6438 = CARTESIAN_POINT('',(-5.25271405074,-102.7811504049,
    100.6398540697));
#6439 = PCURVE('',#2720,#6440);
#6440 = DEFINITIONAL_REPRESENTATION('',(#6441),#6445);
#6441 = LINE('',#6442,#6443);
#6442 = CARTESIAN_POINT('',(0.,-3.));
#6443 = VECTOR('',#6444,1.);
#6444 = DIRECTION('',(1.,0.));
#6445 = ( GEOMETRIC_REPRESENTATION_CONTEXT(2) 
PARAMETRIC_REPRESENTATION_CONTEXT() REPRESENTATION_CONTEXT('2D SPACE',''
  ) );
#6446 = PCURVE('',#5932,#6447);
#6447 = DEFINITIONAL_REPRESENTATION('',(#6448),#6452);
#6448 = B_SPLINE_CURVE_WITH_KNOTS('',2,(#6449,#6450,#6451),
  .UNSPECIFIED.,.F.,.F.,(3,3),(0.,1.),.PIECEWISE_BEZIER_KNOTS.);
#6449 = CARTESIAN_POINT('',(3.004214835656,1.716707207843));
#6450 = CARTESIAN_POINT('',(3.675955304883,1.026288721228));
#6451 = CARTESIAN_POINT('',(5.019496984858,1.026288721228));
#6452 = ( GEOMETRIC_REPRESENTATION_CONTEXT(2) 
PARAMETRIC_REPRESENTATION_CONTEXT() REPRESENTATION_CONTEXT('2D SPACE',''
  ) );
#6453 = ORIENTED_EDGE('',*,*,#6361,.F.);
#6454 = ORIENTED_EDGE('',*,*,#2704,.F.);
#6455 = ADVANCED_FACE('',(#6456),#2690,.T.);
#6456 = FACE_BOUND('',#6457,.T.);
#6457 = EDGE_LOOP('',(#6458,#6481,#6502,#6503));
#6458 = ORIENTED_EDGE('',*,*,#6459,.T.);
#6459 = EDGE_CURVE('',#2647,#6460,#6462,.T.);
#6460 = VERTEX_POINT('',#6461);
#6461 = CARTESIAN_POINT('',(-8.033035643827,-102.7811504049,
    103.45747095604));
#6462 = SURFACE_CURVE('',#6463,(#6467,#6474),.PCURVE_S1.);
#6463 = LINE('',#6464,#6465);
#6464 = CARTESIAN_POINT('',(-8.033035643827,-99.7811504049,
    103.45747095604));
#6465 = VECTOR('',#6466,1.);
#6466 = DIRECTION('',(0.,-1.,1.110223024625E-16));
#6467 = PCURVE('',#2690,#6468);
#6468 = DEFINITIONAL_REPRESENTATION('',(#6469),#6473);
#6469 = LINE('',#6470,#6471);
#6470 = CARTESIAN_POINT('',(0.,0.));
#6471 = VECTOR('',#6472,1.);
#6472 = DIRECTION('',(0.,-1.));
#6473 = ( GEOMETRIC_REPRESENTATION_CONTEXT(2) 
PARAMETRIC_REPRESENTATION_CONTEXT() REPRESENTATION_CONTEXT('2D SPACE',''
  ) );
#6474 = PCURVE('',#2662,#6475);
#6475 = DEFINITIONAL_REPRESENTATION('',(#6476),#6480);
#6476 = LINE('',#6477,#6478);
#6477 = CARTESIAN_POINT('',(1.642086250573,0.));
#6478 = VECTOR('',#6479,1.);
#6479 = DIRECTION('',(0.,-1.));
#6480 = ( GEOMETRIC_REPRESENTATION_CONTEXT(2) 
PARAMETRIC_REPRESENTATION_CONTEXT() REPRESENTATION_CONTEXT('2D SPACE',''
  ) );
#6481 = ORIENTED_EDGE('',*,*,#6482,.T.);
#6482 = EDGE_CURVE('',#6460,#6411,#6483,.T.);
#6483 = SURFACE_CURVE('',#6484,(#6488,#6495),.PCURVE_S1.);
#6484 = B_SPLINE_CURVE_WITH_KNOTS('',2,(#6485,#6486,#6487),
  .UNSPECIFIED.,.F.,.F.,(3,3),(0.,1.),.PIECEWISE_BEZIER_KNOTS.);
#6485 = CARTESIAN_POINT('',(-8.033035643827,-102.7811504049,
    103.45747095604));
#6486 = CARTESIAN_POINT('',(-7.93973666917,-102.7811504049,
    102.02069104292));
#6487 = CARTESIAN_POINT('',(-7.267996199942,-102.7811504049,
    101.33027255631));
#6488 = PCURVE('',#2690,#6489);
#6489 = DEFINITIONAL_REPRESENTATION('',(#6490),#6494);
#6490 = LINE('',#6491,#6492);
#6491 = CARTESIAN_POINT('',(0.,-3.));
#6492 = VECTOR('',#6493,1.);
#6493 = DIRECTION('',(1.,0.));
#6494 = ( GEOMETRIC_REPRESENTATION_CONTEXT(2) 
PARAMETRIC_REPRESENTATION_CONTEXT() REPRESENTATION_CONTEXT('2D SPACE',''
  ) );
#6495 = PCURVE('',#5932,#6496);
#6496 = DEFINITIONAL_REPRESENTATION('',(#6497),#6501);
#6497 = B_SPLINE_CURVE_WITH_KNOTS('',2,(#6498,#6499,#6500),
  .UNSPECIFIED.,.F.,.F.,(3,3),(0.,1.),.PIECEWISE_BEZIER_KNOTS.);
#6498 = CARTESIAN_POINT('',(2.239175391771,3.84390560757));
#6499 = CARTESIAN_POINT('',(2.332474366428,2.407125694458));
#6500 = CARTESIAN_POINT('',(3.004214835656,1.716707207843));
#6501 = ( GEOMETRIC_REPRESENTATION_CONTEXT(2) 
PARAMETRIC_REPRESENTATION_CONTEXT() REPRESENTATION_CONTEXT('2D SPACE',''
  ) );
#6502 = ORIENTED_EDGE('',*,*,#6410,.F.);
#6503 = ORIENTED_EDGE('',*,*,#2674,.F.);
#6504 = ADVANCED_FACE('',(#6505),#2662,.T.);
#6505 = FACE_BOUND('',#6506,.T.);
#6506 = EDGE_LOOP('',(#6507,#6530,#6551,#6552));
#6507 = ORIENTED_EDGE('',*,*,#6508,.T.);
#6508 = EDGE_CURVE('',#2617,#6509,#6511,.T.);
#6509 = VERTEX_POINT('',#6510);
#6510 = CARTESIAN_POINT('',(-9.6751218944,-102.7811504049,
    103.45747095604));
#6511 = SURFACE_CURVE('',#6512,(#6516,#6523),.PCURVE_S1.);
#6512 = LINE('',#6513,#6514);
#6513 = CARTESIAN_POINT('',(-9.6751218944,-99.7811504049,103.45747095604
    ));
#6514 = VECTOR('',#6515,1.);
#6515 = DIRECTION('',(0.,-1.,1.110223024625E-16));
#6516 = PCURVE('',#2662,#6517);
#6517 = DEFINITIONAL_REPRESENTATION('',(#6518),#6522);
#6518 = LINE('',#6519,#6520);
#6519 = CARTESIAN_POINT('',(0.,0.));
#6520 = VECTOR('',#6521,1.);
#6521 = DIRECTION('',(0.,-1.));
#6522 = ( GEOMETRIC_REPRESENTATION_CONTEXT(2) 
PARAMETRIC_REPRESENTATION_CONTEXT() REPRESENTATION_CONTEXT('2D SPACE',''
  ) );
#6523 = PCURVE('',#2632,#6524);
#6524 = DEFINITIONAL_REPRESENTATION('',(#6525),#6529);
#6525 = LINE('',#6526,#6527);
#6526 = CARTESIAN_POINT('',(1.,0.));
#6527 = VECTOR('',#6528,1.);
#6528 = DIRECTION('',(0.,-1.));
#6529 = ( GEOMETRIC_REPRESENTATION_CONTEXT(2) 
PARAMETRIC_REPRESENTATION_CONTEXT() REPRESENTATION_CONTEXT('2D SPACE',''
  ) );
#6530 = ORIENTED_EDGE('',*,*,#6531,.T.);
#6531 = EDGE_CURVE('',#6509,#6460,#6532,.T.);
#6532 = SURFACE_CURVE('',#6533,(#6537,#6544),.PCURVE_S1.);
#6533 = LINE('',#6534,#6535);
#6534 = CARTESIAN_POINT('',(-9.6751218944,-102.7811504049,
    103.45747095604));
#6535 = VECTOR('',#6536,1.);
#6536 = DIRECTION('',(1.,0.,0.));
#6537 = PCURVE('',#2662,#6538);
#6538 = DEFINITIONAL_REPRESENTATION('',(#6539),#6543);
#6539 = LINE('',#6540,#6541);
#6540 = CARTESIAN_POINT('',(0.,-3.));
#6541 = VECTOR('',#6542,1.);
#6542 = DIRECTION('',(1.,0.));
#6543 = ( GEOMETRIC_REPRESENTATION_CONTEXT(2) 
PARAMETRIC_REPRESENTATION_CONTEXT() REPRESENTATION_CONTEXT('2D SPACE',''
  ) );
#6544 = PCURVE('',#5932,#6545);
#6545 = DEFINITIONAL_REPRESENTATION('',(#6546),#6550);
#6546 = LINE('',#6547,#6548);
#6547 = CARTESIAN_POINT('',(0.597089141198,3.84390560757));
#6548 = VECTOR('',#6549,1.);
#6549 = DIRECTION('',(1.,0.));
#6550 = ( GEOMETRIC_REPRESENTATION_CONTEXT(2) 
PARAMETRIC_REPRESENTATION_CONTEXT() REPRESENTATION_CONTEXT('2D SPACE',''
  ) );
#6551 = ORIENTED_EDGE('',*,*,#6459,.F.);
#6552 = ORIENTED_EDGE('',*,*,#2646,.F.);
#6553 = ADVANCED_FACE('',(#6554),#2632,.T.);
#6554 = FACE_BOUND('',#6555,.T.);
#6555 = EDGE_LOOP('',(#6556,#6579,#6600,#6601));
#6556 = ORIENTED_EDGE('',*,*,#6557,.T.);
#6557 = EDGE_CURVE('',#2587,#6558,#6560,.T.);
#6558 = VERTEX_POINT('',#6559);
#6559 = CARTESIAN_POINT('',(-5.308717732143,-102.7811504049,
    99.184365768441));
#6560 = SURFACE_CURVE('',#6561,(#6565,#6572),.PCURVE_S1.);
#6561 = LINE('',#6562,#6563);
#6562 = CARTESIAN_POINT('',(-5.308717732143,-99.7811504049,
    99.184365768441));
#6563 = VECTOR('',#6564,1.);
#6564 = DIRECTION('',(0.,-1.,1.110223024625E-16));
#6565 = PCURVE('',#2632,#6566);
#6566 = DEFINITIONAL_REPRESENTATION('',(#6567),#6571);
#6567 = LINE('',#6568,#6569);
#6568 = CARTESIAN_POINT('',(0.,0.));
#6569 = VECTOR('',#6570,1.);
#6570 = DIRECTION('',(0.,-1.));
#6571 = ( GEOMETRIC_REPRESENTATION_CONTEXT(2) 
PARAMETRIC_REPRESENTATION_CONTEXT() REPRESENTATION_CONTEXT('2D SPACE',''
  ) );
#6572 = PCURVE('',#2602,#6573);
#6573 = DEFINITIONAL_REPRESENTATION('',(#6574),#6578);
#6574 = LINE('',#6575,#6576);
#6575 = CARTESIAN_POINT('',(1.,0.));
#6576 = VECTOR('',#6577,1.);
#6577 = DIRECTION('',(0.,-1.));
#6578 = ( GEOMETRIC_REPRESENTATION_CONTEXT(2) 
PARAMETRIC_REPRESENTATION_CONTEXT() REPRESENTATION_CONTEXT('2D SPACE',''
  ) );
#6579 = ORIENTED_EDGE('',*,*,#6580,.T.);
#6580 = EDGE_CURVE('',#6558,#6509,#6581,.T.);
#6581 = SURFACE_CURVE('',#6582,(#6586,#6593),.PCURVE_S1.);
#6582 = B_SPLINE_CURVE_WITH_KNOTS('',2,(#6583,#6584,#6585),
  .UNSPECIFIED.,.F.,.F.,(3,3),(0.,1.),.PIECEWISE_BEZIER_KNOTS.);
#6583 = CARTESIAN_POINT('',(-5.308717732143,-102.7811504049,
    99.184365768441));
#6584 = CARTESIAN_POINT('',(-9.376516582281,-102.7811504049,
    99.184365768441));
#6585 = CARTESIAN_POINT('',(-9.6751218944,-102.7811504049,
    103.45747095604));
#6586 = PCURVE('',#2632,#6587);
#6587 = DEFINITIONAL_REPRESENTATION('',(#6588),#6592);
#6588 = LINE('',#6589,#6590);
#6589 = CARTESIAN_POINT('',(0.,-3.));
#6590 = VECTOR('',#6591,1.);
#6591 = DIRECTION('',(1.,0.));
#6592 = ( GEOMETRIC_REPRESENTATION_CONTEXT(2) 
PARAMETRIC_REPRESENTATION_CONTEXT() REPRESENTATION_CONTEXT('2D SPACE',''
  ) );
#6593 = PCURVE('',#5932,#6594);
#6594 = DEFINITIONAL_REPRESENTATION('',(#6595),#6599);
#6595 = B_SPLINE_CURVE_WITH_KNOTS('',2,(#6596,#6597,#6598),
  .UNSPECIFIED.,.F.,.F.,(3,3),(0.,1.),.PIECEWISE_BEZIER_KNOTS.);
#6596 = CARTESIAN_POINT('',(4.963493303455,-0.429199580031));
#6597 = CARTESIAN_POINT('',(0.895694453316,-0.429199580031));
#6598 = CARTESIAN_POINT('',(0.597089141198,3.84390560757));
#6599 = ( GEOMETRIC_REPRESENTATION_CONTEXT(2) 
PARAMETRIC_REPRESENTATION_CONTEXT() REPRESENTATION_CONTEXT('2D SPACE',''
  ) );
#6600 = ORIENTED_EDGE('',*,*,#6508,.F.);
#6601 = ORIENTED_EDGE('',*,*,#2616,.F.);
#6602 = ADVANCED_FACE('',(#6603),#2602,.T.);
#6603 = FACE_BOUND('',#6604,.T.);
#6604 = EDGE_LOOP('',(#6605,#6628,#6649,#6650));
#6605 = ORIENTED_EDGE('',*,*,#6606,.T.);
#6606 = EDGE_CURVE('',#2557,#6607,#6609,.T.);
#6607 = VERTEX_POINT('',#6608);
#6608 = CARTESIAN_POINT('',(-2.052577442457,-102.7811504049,
    100.30395346432));
#6609 = SURFACE_CURVE('',#6610,(#6614,#6621),.PCURVE_S1.);
#6610 = LINE('',#6611,#6612);
#6611 = CARTESIAN_POINT('',(-2.052577442457,-99.7811504049,
    100.30395346432));
#6612 = VECTOR('',#6613,1.);
#6613 = DIRECTION('',(0.,-1.,1.110223024625E-16));
#6614 = PCURVE('',#2602,#6615);
#6615 = DEFINITIONAL_REPRESENTATION('',(#6616),#6620);
#6616 = LINE('',#6617,#6618);
#6617 = CARTESIAN_POINT('',(0.,0.));
#6618 = VECTOR('',#6619,1.);
#6619 = DIRECTION('',(0.,-1.));
#6620 = ( GEOMETRIC_REPRESENTATION_CONTEXT(2) 
PARAMETRIC_REPRESENTATION_CONTEXT() REPRESENTATION_CONTEXT('2D SPACE',''
  ) );
#6621 = PCURVE('',#2572,#6622);
#6622 = DEFINITIONAL_REPRESENTATION('',(#6623),#6627);
#6623 = LINE('',#6624,#6625);
#6624 = CARTESIAN_POINT('',(1.,0.));
#6625 = VECTOR('',#6626,1.);
#6626 = DIRECTION('',(0.,-1.));
#6627 = ( GEOMETRIC_REPRESENTATION_CONTEXT(2) 
PARAMETRIC_REPRESENTATION_CONTEXT() REPRESENTATION_CONTEXT('2D SPACE',''
  ) );
#6628 = ORIENTED_EDGE('',*,*,#6629,.T.);
#6629 = EDGE_CURVE('',#6607,#6558,#6630,.T.);
#6630 = SURFACE_CURVE('',#6631,(#6635,#6642),.PCURVE_S1.);
#6631 = B_SPLINE_CURVE_WITH_KNOTS('',2,(#6632,#6633,#6634),
  .UNSPECIFIED.,.F.,.F.,(3,3),(0.,1.),.PIECEWISE_BEZIER_KNOTS.);
#6632 = CARTESIAN_POINT('',(-2.052577442457,-102.7811504049,
    100.30395346432));
#6633 = CARTESIAN_POINT('',(-3.274787936313,-102.7811504049,
    99.184365768441));
#6634 = CARTESIAN_POINT('',(-5.308717732143,-102.7811504049,
    99.184365768441));
#6635 = PCURVE('',#2602,#6636);
#6636 = DEFINITIONAL_REPRESENTATION('',(#6637),#6641);
#6637 = LINE('',#6638,#6639);
#6638 = CARTESIAN_POINT('',(0.,-3.));
#6639 = VECTOR('',#6640,1.);
#6640 = DIRECTION('',(1.,0.));
#6641 = ( GEOMETRIC_REPRESENTATION_CONTEXT(2) 
PARAMETRIC_REPRESENTATION_CONTEXT() REPRESENTATION_CONTEXT('2D SPACE',''
  ) );
#6642 = PCURVE('',#5932,#6643);
#6643 = DEFINITIONAL_REPRESENTATION('',(#6644),#6648);
#6644 = B_SPLINE_CURVE_WITH_KNOTS('',2,(#6645,#6646,#6647),
  .UNSPECIFIED.,.F.,.F.,(3,3),(0.,1.),.PIECEWISE_BEZIER_KNOTS.);
#6645 = CARTESIAN_POINT('',(8.219633593141,0.690388115855));
#6646 = CARTESIAN_POINT('',(6.997423099285,-0.429199580031));
#6647 = CARTESIAN_POINT('',(4.963493303455,-0.429199580031));
#6648 = ( GEOMETRIC_REPRESENTATION_CONTEXT(2) 
PARAMETRIC_REPRESENTATION_CONTEXT() REPRESENTATION_CONTEXT('2D SPACE',''
  ) );
#6649 = ORIENTED_EDGE('',*,*,#6557,.F.);
#6650 = ORIENTED_EDGE('',*,*,#2586,.F.);
#6651 = ADVANCED_FACE('',(#6652),#2572,.T.);
#6652 = FACE_BOUND('',#6653,.T.);
#6653 = EDGE_LOOP('',(#6654,#6677,#6698,#6699));
#6654 = ORIENTED_EDGE('',*,*,#6655,.T.);
#6655 = EDGE_CURVE('',#2527,#6656,#6658,.T.);
#6656 = VERTEX_POINT('',#6657);
#6657 = CARTESIAN_POINT('',(-0.8303669486,-102.7811504049,103.3082290415
    ));
#6658 = SURFACE_CURVE('',#6659,(#6663,#6670),.PCURVE_S1.);
#6659 = LINE('',#6660,#6661);
#6660 = CARTESIAN_POINT('',(-0.8303669486,-99.7811504049,103.3082290415)
  );
#6661 = VECTOR('',#6662,1.);
#6662 = DIRECTION('',(0.,-1.,1.110223024625E-16));
#6663 = PCURVE('',#2572,#6664);
#6664 = DEFINITIONAL_REPRESENTATION('',(#6665),#6669);
#6665 = LINE('',#6666,#6667);
#6666 = CARTESIAN_POINT('',(0.,0.));
#6667 = VECTOR('',#6668,1.);
#6668 = DIRECTION('',(0.,-1.));
#6669 = ( GEOMETRIC_REPRESENTATION_CONTEXT(2) 
PARAMETRIC_REPRESENTATION_CONTEXT() REPRESENTATION_CONTEXT('2D SPACE',''
  ) );
#6670 = PCURVE('',#2542,#6671);
#6671 = DEFINITIONAL_REPRESENTATION('',(#6672),#6676);
#6672 = LINE('',#6673,#6674);
#6673 = CARTESIAN_POINT('',(1.,0.));
#6674 = VECTOR('',#6675,1.);
#6675 = DIRECTION('',(0.,-1.));
#6676 = ( GEOMETRIC_REPRESENTATION_CONTEXT(2) 
PARAMETRIC_REPRESENTATION_CONTEXT() REPRESENTATION_CONTEXT('2D SPACE',''
  ) );
#6677 = ORIENTED_EDGE('',*,*,#6678,.T.);
#6678 = EDGE_CURVE('',#6656,#6607,#6679,.T.);
#6679 = SURFACE_CURVE('',#6680,(#6684,#6691),.PCURVE_S1.);
#6680 = B_SPLINE_CURVE_WITH_KNOTS('',2,(#6681,#6682,#6683),
  .UNSPECIFIED.,.F.,.F.,(3,3),(0.,1.),.PIECEWISE_BEZIER_KNOTS.);
#6681 = CARTESIAN_POINT('',(-0.8303669486,-102.7811504049,103.3082290415
    ));
#6682 = CARTESIAN_POINT('',(-0.8303669486,-102.7811504049,
    101.42354116021));
#6683 = CARTESIAN_POINT('',(-2.052577442457,-102.7811504049,
    100.30395346432));
#6684 = PCURVE('',#2572,#6685);
#6685 = DEFINITIONAL_REPRESENTATION('',(#6686),#6690);
#6686 = LINE('',#6687,#6688);
#6687 = CARTESIAN_POINT('',(0.,-3.));
#6688 = VECTOR('',#6689,1.);
#6689 = DIRECTION('',(1.,0.));
#6690 = ( GEOMETRIC_REPRESENTATION_CONTEXT(2) 
PARAMETRIC_REPRESENTATION_CONTEXT() REPRESENTATION_CONTEXT('2D SPACE',''
  ) );
#6691 = PCURVE('',#5932,#6692);
#6692 = DEFINITIONAL_REPRESENTATION('',(#6693),#6697);
#6693 = B_SPLINE_CURVE_WITH_KNOTS('',2,(#6694,#6695,#6696),
  .UNSPECIFIED.,.F.,.F.,(3,3),(0.,1.),.PIECEWISE_BEZIER_KNOTS.);
#6694 = CARTESIAN_POINT('',(9.441844086997,3.69466369303));
#6695 = CARTESIAN_POINT('',(9.441844086997,1.80997581174));
#6696 = CARTESIAN_POINT('',(8.219633593141,0.690388115855));
#6697 = ( GEOMETRIC_REPRESENTATION_CONTEXT(2) 
PARAMETRIC_REPRESENTATION_CONTEXT() REPRESENTATION_CONTEXT('2D SPACE',''
  ) );
#6698 = ORIENTED_EDGE('',*,*,#6606,.F.);
#6699 = ORIENTED_EDGE('',*,*,#2556,.F.);
#6700 = ADVANCED_FACE('',(#6701),#2542,.T.);
#6701 = FACE_BOUND('',#6702,.T.);
#6702 = EDGE_LOOP('',(#6703,#6726,#6747,#6748));
#6703 = ORIENTED_EDGE('',*,*,#6704,.T.);
#6704 = EDGE_CURVE('',#2497,#6705,#6707,.T.);
#6705 = VERTEX_POINT('',#6706);
#6706 = CARTESIAN_POINT('',(-1.352835132528,-102.7811504049,
    105.31412662587));
#6707 = SURFACE_CURVE('',#6708,(#6712,#6719),.PCURVE_S1.);
#6708 = LINE('',#6709,#6710);
#6709 = CARTESIAN_POINT('',(-1.352835132528,-99.7811504049,
    105.31412662587));
#6710 = VECTOR('',#6711,1.);
#6711 = DIRECTION('',(0.,-1.,1.110223024625E-16));
#6712 = PCURVE('',#2542,#6713);
#6713 = DEFINITIONAL_REPRESENTATION('',(#6714),#6718);
#6714 = LINE('',#6715,#6716);
#6715 = CARTESIAN_POINT('',(0.,0.));
#6716 = VECTOR('',#6717,1.);
#6717 = DIRECTION('',(0.,-1.));
#6718 = ( GEOMETRIC_REPRESENTATION_CONTEXT(2) 
PARAMETRIC_REPRESENTATION_CONTEXT() REPRESENTATION_CONTEXT('2D SPACE',''
  ) );
#6719 = PCURVE('',#2512,#6720);
#6720 = DEFINITIONAL_REPRESENTATION('',(#6721),#6725);
#6721 = LINE('',#6722,#6723);
#6722 = CARTESIAN_POINT('',(1.,0.));
#6723 = VECTOR('',#6724,1.);
#6724 = DIRECTION('',(0.,-1.));
#6725 = ( GEOMETRIC_REPRESENTATION_CONTEXT(2) 
PARAMETRIC_REPRESENTATION_CONTEXT() REPRESENTATION_CONTEXT('2D SPACE',''
  ) );
#6726 = ORIENTED_EDGE('',*,*,#6727,.T.);
#6727 = EDGE_CURVE('',#6705,#6656,#6728,.T.);
#6728 = SURFACE_CURVE('',#6729,(#6733,#6740),.PCURVE_S1.);
#6729 = B_SPLINE_CURVE_WITH_KNOTS('',2,(#6730,#6731,#6732),
  .UNSPECIFIED.,.F.,.F.,(3,3),(0.,1.),.PIECEWISE_BEZIER_KNOTS.);
#6730 = CARTESIAN_POINT('',(-1.352835132528,-102.7811504049,
    105.31412662587));
#6731 = CARTESIAN_POINT('',(-0.8303669486,-102.7811504049,
    104.57705865192));
#6732 = CARTESIAN_POINT('',(-0.8303669486,-102.7811504049,103.3082290415
    ));
#6733 = PCURVE('',#2542,#6734);
#6734 = DEFINITIONAL_REPRESENTATION('',(#6735),#6739);
#6735 = LINE('',#6736,#6737);
#6736 = CARTESIAN_POINT('',(0.,-3.));
#6737 = VECTOR('',#6738,1.);
#6738 = DIRECTION('',(1.,0.));
#6739 = ( GEOMETRIC_REPRESENTATION_CONTEXT(2) 
PARAMETRIC_REPRESENTATION_CONTEXT() REPRESENTATION_CONTEXT('2D SPACE',''
  ) );
#6740 = PCURVE('',#5932,#6741);
#6741 = DEFINITIONAL_REPRESENTATION('',(#6742),#6746);
#6742 = B_SPLINE_CURVE_WITH_KNOTS('',2,(#6743,#6744,#6745),
  .UNSPECIFIED.,.F.,.F.,(3,3),(0.,1.),.PIECEWISE_BEZIER_KNOTS.);
#6743 = CARTESIAN_POINT('',(8.919375903069,5.700561277399));
#6744 = CARTESIAN_POINT('',(9.441844086997,4.963493303455));
#6745 = CARTESIAN_POINT('',(9.441844086997,3.69466369303));
#6746 = ( GEOMETRIC_REPRESENTATION_CONTEXT(2) 
PARAMETRIC_REPRESENTATION_CONTEXT() REPRESENTATION_CONTEXT('2D SPACE',''
  ) );
#6747 = ORIENTED_EDGE('',*,*,#6655,.F.);
#6748 = ORIENTED_EDGE('',*,*,#2526,.F.);
#6749 = ADVANCED_FACE('',(#6750),#2512,.T.);
#6750 = FACE_BOUND('',#6751,.T.);
#6751 = EDGE_LOOP('',(#6752,#6775,#6796,#6797));
#6752 = ORIENTED_EDGE('',*,*,#6753,.T.);
#6753 = EDGE_CURVE('',#2467,#6754,#6756,.T.);
#6754 = VERTEX_POINT('',#6755);
#6755 = CARTESIAN_POINT('',(-3.069542340372,-102.7811504049,
    106.46168579169));
#6756 = SURFACE_CURVE('',#6757,(#6761,#6768),.PCURVE_S1.);
#6757 = LINE('',#6758,#6759);
#6758 = CARTESIAN_POINT('',(-3.069542340372,-99.7811504049,
    106.46168579169));
#6759 = VECTOR('',#6760,1.);
#6760 = DIRECTION('',(0.,-1.,1.110223024625E-16));
#6761 = PCURVE('',#2512,#6762);
#6762 = DEFINITIONAL_REPRESENTATION('',(#6763),#6767);
#6763 = LINE('',#6764,#6765);
#6764 = CARTESIAN_POINT('',(0.,0.));
#6765 = VECTOR('',#6766,1.);
#6766 = DIRECTION('',(0.,-1.));
#6767 = ( GEOMETRIC_REPRESENTATION_CONTEXT(2) 
PARAMETRIC_REPRESENTATION_CONTEXT() REPRESENTATION_CONTEXT('2D SPACE',''
  ) );
#6768 = PCURVE('',#2482,#6769);
#6769 = DEFINITIONAL_REPRESENTATION('',(#6770),#6774);
#6770 = LINE('',#6771,#6772);
#6771 = CARTESIAN_POINT('',(1.,0.));
#6772 = VECTOR('',#6773,1.);
#6773 = DIRECTION('',(0.,-1.));
#6774 = ( GEOMETRIC_REPRESENTATION_CONTEXT(2) 
PARAMETRIC_REPRESENTATION_CONTEXT() REPRESENTATION_CONTEXT('2D SPACE',''
  ) );
#6775 = ORIENTED_EDGE('',*,*,#6776,.T.);
#6776 = EDGE_CURVE('',#6754,#6705,#6777,.T.);
#6777 = SURFACE_CURVE('',#6778,(#6782,#6789),.PCURVE_S1.);
#6778 = B_SPLINE_CURVE_WITH_KNOTS('',2,(#6779,#6780,#6781),
  .UNSPECIFIED.,.F.,.F.,(3,3),(0.,1.),.PIECEWISE_BEZIER_KNOTS.);
#6779 = CARTESIAN_POINT('',(-3.069542340372,-102.7811504049,
    106.46168579169));
#6780 = CARTESIAN_POINT('',(-1.875303316456,-102.7811504049,
    106.05119459981));
#6781 = CARTESIAN_POINT('',(-1.352835132528,-102.7811504049,
    105.31412662587));
#6782 = PCURVE('',#2512,#6783);
#6783 = DEFINITIONAL_REPRESENTATION('',(#6784),#6788);
#6784 = LINE('',#6785,#6786);
#6785 = CARTESIAN_POINT('',(0.,-3.));
#6786 = VECTOR('',#6787,1.);
#6787 = DIRECTION('',(1.,0.));
#6788 = ( GEOMETRIC_REPRESENTATION_CONTEXT(2) 
PARAMETRIC_REPRESENTATION_CONTEXT() REPRESENTATION_CONTEXT('2D SPACE',''
  ) );
#6789 = PCURVE('',#5932,#6790);
#6790 = DEFINITIONAL_REPRESENTATION('',(#6791),#6795);
#6791 = B_SPLINE_CURVE_WITH_KNOTS('',2,(#6792,#6793,#6794),
  .UNSPECIFIED.,.F.,.F.,(3,3),(0.,1.),.PIECEWISE_BEZIER_KNOTS.);
#6792 = CARTESIAN_POINT('',(7.202668695226,6.848120443225));
#6793 = CARTESIAN_POINT('',(8.396907719142,6.437629251342));
#6794 = CARTESIAN_POINT('',(8.919375903069,5.700561277399));
#6795 = ( GEOMETRIC_REPRESENTATION_CONTEXT(2) 
PARAMETRIC_REPRESENTATION_CONTEXT() REPRESENTATION_CONTEXT('2D SPACE',''
  ) );
#6796 = ORIENTED_EDGE('',*,*,#6704,.F.);
#6797 = ORIENTED_EDGE('',*,*,#2496,.F.);
#6798 = ADVANCED_FACE('',(#6799),#2482,.T.);
#6799 = FACE_BOUND('',#6800,.T.);
#6800 = EDGE_LOOP('',(#6801,#6824,#6845,#6846));
#6801 = ORIENTED_EDGE('',*,*,#6802,.T.);
#6802 = EDGE_CURVE('',#2437,#6803,#6805,.T.);
#6803 = VERTEX_POINT('',#6804);
#6804 = CARTESIAN_POINT('',(-1.222210493856,-102.7811504049,
    109.20471209152));
#6805 = SURFACE_CURVE('',#6806,(#6810,#6817),.PCURVE_S1.);
#6806 = LINE('',#6807,#6808);
#6807 = CARTESIAN_POINT('',(-1.222210493856,-99.7811504049,
    109.20471209152));
#6808 = VECTOR('',#6809,1.);
#6809 = DIRECTION('',(0.,-1.,1.110223024625E-16));
#6810 = PCURVE('',#2482,#6811);
#6811 = DEFINITIONAL_REPRESENTATION('',(#6812),#6816);
#6812 = LINE('',#6813,#6814);
#6813 = CARTESIAN_POINT('',(0.,0.));
#6814 = VECTOR('',#6815,1.);
#6815 = DIRECTION('',(0.,-1.));
#6816 = ( GEOMETRIC_REPRESENTATION_CONTEXT(2) 
PARAMETRIC_REPRESENTATION_CONTEXT() REPRESENTATION_CONTEXT('2D SPACE',''
  ) );
#6817 = PCURVE('',#2452,#6818);
#6818 = DEFINITIONAL_REPRESENTATION('',(#6819),#6823);
#6819 = LINE('',#6820,#6821);
#6820 = CARTESIAN_POINT('',(1.,0.));
#6821 = VECTOR('',#6822,1.);
#6822 = DIRECTION('',(0.,-1.));
#6823 = ( GEOMETRIC_REPRESENTATION_CONTEXT(2) 
PARAMETRIC_REPRESENTATION_CONTEXT() REPRESENTATION_CONTEXT('2D SPACE',''
  ) );
#6824 = ORIENTED_EDGE('',*,*,#6825,.T.);
#6825 = EDGE_CURVE('',#6803,#6754,#6826,.T.);
#6826 = SURFACE_CURVE('',#6827,(#6831,#6838),.PCURVE_S1.);
#6827 = B_SPLINE_CURVE_WITH_KNOTS('',2,(#6828,#6829,#6830),
  .UNSPECIFIED.,.F.,.F.,(3,3),(0.,1.),.PIECEWISE_BEZIER_KNOTS.);
#6828 = CARTESIAN_POINT('',(-1.222210493856,-102.7811504049,
    109.20471209152));
#6829 = CARTESIAN_POINT('',(-1.222210493856,-102.7811504049,
    107.18942994232));
#6830 = CARTESIAN_POINT('',(-3.069542340372,-102.7811504049,
    106.46168579169));
#6831 = PCURVE('',#2482,#6832);
#6832 = DEFINITIONAL_REPRESENTATION('',(#6833),#6837);
#6833 = LINE('',#6834,#6835);
#6834 = CARTESIAN_POINT('',(0.,-3.));
#6835 = VECTOR('',#6836,1.);
#6836 = DIRECTION('',(1.,0.));
#6837 = ( GEOMETRIC_REPRESENTATION_CONTEXT(2) 
PARAMETRIC_REPRESENTATION_CONTEXT() REPRESENTATION_CONTEXT('2D SPACE',''
  ) );
#6838 = PCURVE('',#5932,#6839);
#6839 = DEFINITIONAL_REPRESENTATION('',(#6840),#6844);
#6840 = B_SPLINE_CURVE_WITH_KNOTS('',2,(#6841,#6842,#6843),
  .UNSPECIFIED.,.F.,.F.,(3,3),(0.,1.),.PIECEWISE_BEZIER_KNOTS.);
#6841 = CARTESIAN_POINT('',(9.050000541741,9.591146743057));
#6842 = CARTESIAN_POINT('',(9.050000541741,7.575864593855));
#6843 = CARTESIAN_POINT('',(7.202668695226,6.848120443225));
#6844 = ( GEOMETRIC_REPRESENTATION_CONTEXT(2) 
PARAMETRIC_REPRESENTATION_CONTEXT() REPRESENTATION_CONTEXT('2D SPACE',''
  ) );
#6845 = ORIENTED_EDGE('',*,*,#6753,.F.);
#6846 = ORIENTED_EDGE('',*,*,#2466,.F.);
#6847 = ADVANCED_FACE('',(#6848),#2452,.T.);
#6848 = FACE_BOUND('',#6849,.T.);
#6849 = EDGE_LOOP('',(#6850,#6873,#6894,#6895));
#6850 = ORIENTED_EDGE('',*,*,#6851,.T.);
#6851 = EDGE_CURVE('',#2407,#6852,#6854,.T.);
#6852 = VERTEX_POINT('',#6853);
#6853 = CARTESIAN_POINT('',(-2.295148702413,-102.7811504049,
    111.87305669257));
#6854 = SURFACE_CURVE('',#6855,(#6859,#6866),.PCURVE_S1.);
#6855 = LINE('',#6856,#6857);
#6856 = CARTESIAN_POINT('',(-2.295148702413,-99.7811504049,
    111.87305669257));
#6857 = VECTOR('',#6858,1.);
#6858 = DIRECTION('',(0.,-1.,1.110223024625E-16));
#6859 = PCURVE('',#2452,#6860);
#6860 = DEFINITIONAL_REPRESENTATION('',(#6861),#6865);
#6861 = LINE('',#6862,#6863);
#6862 = CARTESIAN_POINT('',(0.,0.));
#6863 = VECTOR('',#6864,1.);
#6864 = DIRECTION('',(0.,-1.));
#6865 = ( GEOMETRIC_REPRESENTATION_CONTEXT(2) 
PARAMETRIC_REPRESENTATION_CONTEXT() REPRESENTATION_CONTEXT('2D SPACE',''
  ) );
#6866 = PCURVE('',#2422,#6867);
#6867 = DEFINITIONAL_REPRESENTATION('',(#6868),#6872);
#6868 = LINE('',#6869,#6870);
#6869 = CARTESIAN_POINT('',(1.,0.));
#6870 = VECTOR('',#6871,1.);
#6871 = DIRECTION('',(0.,-1.));
#6872 = ( GEOMETRIC_REPRESENTATION_CONTEXT(2) 
PARAMETRIC_REPRESENTATION_CONTEXT() REPRESENTATION_CONTEXT('2D SPACE',''
  ) );
#6873 = ORIENTED_EDGE('',*,*,#6874,.T.);
#6874 = EDGE_CURVE('',#6852,#6803,#6875,.T.);
#6875 = SURFACE_CURVE('',#6876,(#6880,#6887),.PCURVE_S1.);
#6876 = B_SPLINE_CURVE_WITH_KNOTS('',2,(#6877,#6878,#6879),
  .UNSPECIFIED.,.F.,.F.,(3,3),(0.,1.),.PIECEWISE_BEZIER_KNOTS.);
#6877 = CARTESIAN_POINT('',(-2.295148702413,-102.7811504049,
    111.87305669257));
#6878 = CARTESIAN_POINT('',(-1.222210493856,-102.7811504049,
    110.90274128198));
#6879 = CARTESIAN_POINT('',(-1.222210493856,-102.7811504049,
    109.20471209152));
#6880 = PCURVE('',#2452,#6881);
#6881 = DEFINITIONAL_REPRESENTATION('',(#6882),#6886);
#6882 = LINE('',#6883,#6884);
#6883 = CARTESIAN_POINT('',(0.,-3.));
#6884 = VECTOR('',#6885,1.);
#6885 = DIRECTION('',(1.,0.));
#6886 = ( GEOMETRIC_REPRESENTATION_CONTEXT(2) 
PARAMETRIC_REPRESENTATION_CONTEXT() REPRESENTATION_CONTEXT('2D SPACE',''
  ) );
#6887 = PCURVE('',#5932,#6888);
#6888 = DEFINITIONAL_REPRESENTATION('',(#6889),#6893);
#6889 = B_SPLINE_CURVE_WITH_KNOTS('',2,(#6890,#6891,#6892),
  .UNSPECIFIED.,.F.,.F.,(3,3),(0.,1.),.PIECEWISE_BEZIER_KNOTS.);
#6890 = CARTESIAN_POINT('',(7.977062333184,12.259491344099));
#6891 = CARTESIAN_POINT('',(9.050000541741,11.289175933513));
#6892 = CARTESIAN_POINT('',(9.050000541741,9.591146743057));
#6893 = ( GEOMETRIC_REPRESENTATION_CONTEXT(2) 
PARAMETRIC_REPRESENTATION_CONTEXT() REPRESENTATION_CONTEXT('2D SPACE',''
  ) );
#6894 = ORIENTED_EDGE('',*,*,#6802,.F.);
#6895 = ORIENTED_EDGE('',*,*,#2436,.F.);
#6896 = ADVANCED_FACE('',(#6897),#2422,.T.);
#6897 = FACE_BOUND('',#6898,.T.);
#6898 = EDGE_LOOP('',(#6899,#6922,#6943,#6944));
#6899 = ORIENTED_EDGE('',*,*,#6900,.T.);
#6900 = EDGE_CURVE('',#2377,#6901,#6903,.T.);
#6901 = VERTEX_POINT('',#6902);
#6902 = CARTESIAN_POINT('',(-5.25271405074,-102.7811504049,
    112.84337210315));
#6903 = SURFACE_CURVE('',#6904,(#6908,#6915),.PCURVE_S1.);
#6904 = LINE('',#6905,#6906);
#6905 = CARTESIAN_POINT('',(-5.25271405074,-99.7811504049,
    112.84337210315));
#6906 = VECTOR('',#6907,1.);
#6907 = DIRECTION('',(0.,-1.,1.110223024625E-16));
#6908 = PCURVE('',#2422,#6909);
#6909 = DEFINITIONAL_REPRESENTATION('',(#6910),#6914);
#6910 = LINE('',#6911,#6912);
#6911 = CARTESIAN_POINT('',(0.,0.));
#6912 = VECTOR('',#6913,1.);
#6913 = DIRECTION('',(0.,-1.));
#6914 = ( GEOMETRIC_REPRESENTATION_CONTEXT(2) 
PARAMETRIC_REPRESENTATION_CONTEXT() REPRESENTATION_CONTEXT('2D SPACE',''
  ) );
#6915 = PCURVE('',#2392,#6916);
#6916 = DEFINITIONAL_REPRESENTATION('',(#6917),#6921);
#6917 = LINE('',#6918,#6919);
#6918 = CARTESIAN_POINT('',(1.,0.));
#6919 = VECTOR('',#6920,1.);
#6920 = DIRECTION('',(0.,-1.));
#6921 = ( GEOMETRIC_REPRESENTATION_CONTEXT(2) 
PARAMETRIC_REPRESENTATION_CONTEXT() REPRESENTATION_CONTEXT('2D SPACE',''
  ) );
#6922 = ORIENTED_EDGE('',*,*,#6923,.T.);
#6923 = EDGE_CURVE('',#6901,#6852,#6924,.T.);
#6924 = SURFACE_CURVE('',#6925,(#6929,#6936),.PCURVE_S1.);
#6925 = B_SPLINE_CURVE_WITH_KNOTS('',2,(#6926,#6927,#6928),
  .UNSPECIFIED.,.F.,.F.,(3,3),(0.,1.),.PIECEWISE_BEZIER_KNOTS.);
#6926 = CARTESIAN_POINT('',(-5.25271405074,-102.7811504049,
    112.84337210315));
#6927 = CARTESIAN_POINT('',(-3.36808691097,-102.7811504049,
    112.84337210315));
#6928 = CARTESIAN_POINT('',(-2.295148702413,-102.7811504049,
    111.87305669257));
#6929 = PCURVE('',#2422,#6930);
#6930 = DEFINITIONAL_REPRESENTATION('',(#6931),#6935);
#6931 = LINE('',#6932,#6933);
#6932 = CARTESIAN_POINT('',(0.,-3.));
#6933 = VECTOR('',#6934,1.);
#6934 = DIRECTION('',(1.,0.));
#6935 = ( GEOMETRIC_REPRESENTATION_CONTEXT(2) 
PARAMETRIC_REPRESENTATION_CONTEXT() REPRESENTATION_CONTEXT('2D SPACE',''
  ) );
#6936 = PCURVE('',#5932,#6937);
#6937 = DEFINITIONAL_REPRESENTATION('',(#6938),#6942);
#6938 = B_SPLINE_CURVE_WITH_KNOTS('',2,(#6939,#6940,#6941),
  .UNSPECIFIED.,.F.,.F.,(3,3),(0.,1.),.PIECEWISE_BEZIER_KNOTS.);
#6939 = CARTESIAN_POINT('',(5.019496984858,13.229806754685));
#6940 = CARTESIAN_POINT('',(6.904124124628,13.229806754685));
#6941 = CARTESIAN_POINT('',(7.977062333184,12.259491344099));
#6942 = ( GEOMETRIC_REPRESENTATION_CONTEXT(2) 
PARAMETRIC_REPRESENTATION_CONTEXT() REPRESENTATION_CONTEXT('2D SPACE',''
  ) );
#6943 = ORIENTED_EDGE('',*,*,#6851,.F.);
#6944 = ORIENTED_EDGE('',*,*,#2406,.F.);
#6945 = ADVANCED_FACE('',(#6946),#2392,.T.);
#6946 = FACE_BOUND('',#6947,.T.);
#6947 = EDGE_LOOP('',(#6948,#6971,#6992,#6993));
#6948 = ORIENTED_EDGE('',*,*,#6949,.T.);
#6949 = EDGE_CURVE('',#2349,#6950,#6952,.T.);
#6950 = VERTEX_POINT('',#6951);
#6951 = CARTESIAN_POINT('',(-9.395224970429,-102.7811504049,
    108.57026691555));
#6952 = SURFACE_CURVE('',#6953,(#6957,#6964),.PCURVE_S1.);
#6953 = LINE('',#6954,#6955);
#6954 = CARTESIAN_POINT('',(-9.395224970429,-99.7811504049,
    108.57026691555));
#6955 = VECTOR('',#6956,1.);
#6956 = DIRECTION('',(0.,-1.,1.110223024625E-16));
#6957 = PCURVE('',#2392,#6958);
#6958 = DEFINITIONAL_REPRESENTATION('',(#6959),#6963);
#6959 = LINE('',#6960,#6961);
#6960 = CARTESIAN_POINT('',(0.,0.));
#6961 = VECTOR('',#6962,1.);
#6962 = DIRECTION('',(0.,-1.));
#6963 = ( GEOMETRIC_REPRESENTATION_CONTEXT(2) 
PARAMETRIC_REPRESENTATION_CONTEXT() REPRESENTATION_CONTEXT('2D SPACE',''
  ) );
#6964 = PCURVE('',#2364,#6965);
#6965 = DEFINITIONAL_REPRESENTATION('',(#6966),#6970);
#6966 = LINE('',#6967,#6968);
#6967 = CARTESIAN_POINT('',(1.642086250573,0.));
#6968 = VECTOR('',#6969,1.);
#6969 = DIRECTION('',(0.,-1.));
#6970 = ( GEOMETRIC_REPRESENTATION_CONTEXT(2) 
PARAMETRIC_REPRESENTATION_CONTEXT() REPRESENTATION_CONTEXT('2D SPACE',''
  ) );
#6971 = ORIENTED_EDGE('',*,*,#6972,.T.);
#6972 = EDGE_CURVE('',#6950,#6901,#6973,.T.);
#6973 = SURFACE_CURVE('',#6974,(#6978,#6985),.PCURVE_S1.);
#6974 = B_SPLINE_CURVE_WITH_KNOTS('',2,(#6975,#6976,#6977),
  .UNSPECIFIED.,.F.,.F.,(3,3),(0.,1.),.PIECEWISE_BEZIER_KNOTS.);
#6975 = CARTESIAN_POINT('',(-9.395224970429,-102.7811504049,
    108.57026691555));
#6976 = CARTESIAN_POINT('',(-9.301925995772,-102.7811504049,
    112.84337210315));
#6977 = CARTESIAN_POINT('',(-5.25271405074,-102.7811504049,
    112.84337210315));
#6978 = PCURVE('',#2392,#6979);
#6979 = DEFINITIONAL_REPRESENTATION('',(#6980),#6984);
#6980 = LINE('',#6981,#6982);
#6981 = CARTESIAN_POINT('',(0.,-3.));
#6982 = VECTOR('',#6983,1.);
#6983 = DIRECTION('',(1.,0.));
#6984 = ( GEOMETRIC_REPRESENTATION_CONTEXT(2) 
PARAMETRIC_REPRESENTATION_CONTEXT() REPRESENTATION_CONTEXT('2D SPACE',''
  ) );
#6985 = PCURVE('',#5932,#6986);
#6986 = DEFINITIONAL_REPRESENTATION('',(#6987),#6991);
#6987 = B_SPLINE_CURVE_WITH_KNOTS('',2,(#6988,#6989,#6990),
  .UNSPECIFIED.,.F.,.F.,(3,3),(0.,1.),.PIECEWISE_BEZIER_KNOTS.);
#6988 = CARTESIAN_POINT('',(0.876986065169,8.956701567084));
#6989 = CARTESIAN_POINT('',(0.970285039826,13.229806754685));
#6990 = CARTESIAN_POINT('',(5.019496984858,13.229806754685));
#6991 = ( GEOMETRIC_REPRESENTATION_CONTEXT(2) 
PARAMETRIC_REPRESENTATION_CONTEXT() REPRESENTATION_CONTEXT('2D SPACE',''
  ) );
#6992 = ORIENTED_EDGE('',*,*,#6900,.F.);
#6993 = ORIENTED_EDGE('',*,*,#2376,.F.);
#6994 = ADVANCED_FACE('',(#6995),#2364,.T.);
#6995 = FACE_BOUND('',#6996,.T.);
#6996 = EDGE_LOOP('',(#6997,#7020,#7041,#7042));
#6997 = ORIENTED_EDGE('',*,*,#6998,.T.);
#6998 = EDGE_CURVE('',#2319,#6999,#7001,.T.);
#6999 = VERTEX_POINT('',#7000);
#7000 = CARTESIAN_POINT('',(-7.753138719855,-102.7811504049,
    108.57026691555));
#7001 = SURFACE_CURVE('',#7002,(#7006,#7013),.PCURVE_S1.);
#7002 = LINE('',#7003,#7004);
#7003 = CARTESIAN_POINT('',(-7.753138719855,-99.7811504049,
    108.57026691555));
#7004 = VECTOR('',#7005,1.);
#7005 = DIRECTION('',(0.,-1.,1.110223024625E-16));
#7006 = PCURVE('',#2364,#7007);
#7007 = DEFINITIONAL_REPRESENTATION('',(#7008),#7012);
#7008 = LINE('',#7009,#7010);
#7009 = CARTESIAN_POINT('',(0.,-0.));
#7010 = VECTOR('',#7011,1.);
#7011 = DIRECTION('',(0.,-1.));
#7012 = ( GEOMETRIC_REPRESENTATION_CONTEXT(2) 
PARAMETRIC_REPRESENTATION_CONTEXT() REPRESENTATION_CONTEXT('2D SPACE',''
  ) );
#7013 = PCURVE('',#2334,#7014);
#7014 = DEFINITIONAL_REPRESENTATION('',(#7015),#7019);
#7015 = LINE('',#7016,#7017);
#7016 = CARTESIAN_POINT('',(1.,0.));
#7017 = VECTOR('',#7018,1.);
#7018 = DIRECTION('',(0.,-1.));
#7019 = ( GEOMETRIC_REPRESENTATION_CONTEXT(2) 
PARAMETRIC_REPRESENTATION_CONTEXT() REPRESENTATION_CONTEXT('2D SPACE',''
  ) );
#7020 = ORIENTED_EDGE('',*,*,#7021,.T.);
#7021 = EDGE_CURVE('',#6999,#6950,#7022,.T.);
#7022 = SURFACE_CURVE('',#7023,(#7027,#7034),.PCURVE_S1.);
#7023 = LINE('',#7024,#7025);
#7024 = CARTESIAN_POINT('',(-7.753138719855,-102.7811504049,
    108.57026691555));
#7025 = VECTOR('',#7026,1.);
#7026 = DIRECTION('',(-1.,0.,0.));
#7027 = PCURVE('',#2364,#7028);
#7028 = DEFINITIONAL_REPRESENTATION('',(#7029),#7033);
#7029 = LINE('',#7030,#7031);
#7030 = CARTESIAN_POINT('',(0.,-3.));
#7031 = VECTOR('',#7032,1.);
#7032 = DIRECTION('',(1.,0.));
#7033 = ( GEOMETRIC_REPRESENTATION_CONTEXT(2) 
PARAMETRIC_REPRESENTATION_CONTEXT() REPRESENTATION_CONTEXT('2D SPACE',''
  ) );
#7034 = PCURVE('',#5932,#7035);
#7035 = DEFINITIONAL_REPRESENTATION('',(#7036),#7040);
#7036 = LINE('',#7037,#7038);
#7037 = CARTESIAN_POINT('',(2.519072315742,8.956701567084));
#7038 = VECTOR('',#7039,1.);
#7039 = DIRECTION('',(-1.,0.));
#7040 = ( GEOMETRIC_REPRESENTATION_CONTEXT(2) 
PARAMETRIC_REPRESENTATION_CONTEXT() REPRESENTATION_CONTEXT('2D SPACE',''
  ) );
#7041 = ORIENTED_EDGE('',*,*,#6949,.F.);
#7042 = ORIENTED_EDGE('',*,*,#2348,.F.);
#7043 = ADVANCED_FACE('',(#7044),#2334,.T.);
#7044 = FACE_BOUND('',#7045,.T.);
#7045 = EDGE_LOOP('',(#7046,#7069,#7090,#7091));
#7046 = ORIENTED_EDGE('',*,*,#7047,.T.);
#7047 = EDGE_CURVE('',#2289,#7048,#7050,.T.);
#7048 = VERTEX_POINT('',#7049);
#7049 = CARTESIAN_POINT('',(-7.184021048599,-102.7811504049,
    110.63216818132));
#7050 = SURFACE_CURVE('',#7051,(#7055,#7062),.PCURVE_S1.);
#7051 = LINE('',#7052,#7053);
#7052 = CARTESIAN_POINT('',(-7.184021048599,-99.7811504049,
    110.63216818132));
#7053 = VECTOR('',#7054,1.);
#7054 = DIRECTION('',(0.,-1.,1.110223024625E-16));
#7055 = PCURVE('',#2334,#7056);
#7056 = DEFINITIONAL_REPRESENTATION('',(#7057),#7061);
#7057 = LINE('',#7058,#7059);
#7058 = CARTESIAN_POINT('',(0.,0.));
#7059 = VECTOR('',#7060,1.);
#7060 = DIRECTION('',(0.,-1.));
#7061 = ( GEOMETRIC_REPRESENTATION_CONTEXT(2) 
PARAMETRIC_REPRESENTATION_CONTEXT() REPRESENTATION_CONTEXT('2D SPACE',''
  ) );
#7062 = PCURVE('',#2304,#7063);
#7063 = DEFINITIONAL_REPRESENTATION('',(#7064),#7068);
#7064 = LINE('',#7065,#7066);
#7065 = CARTESIAN_POINT('',(1.,0.));
#7066 = VECTOR('',#7067,1.);
#7067 = DIRECTION('',(0.,-1.));
#7068 = ( GEOMETRIC_REPRESENTATION_CONTEXT(2) 
PARAMETRIC_REPRESENTATION_CONTEXT() REPRESENTATION_CONTEXT('2D SPACE',''
  ) );
#7069 = ORIENTED_EDGE('',*,*,#7070,.T.);
#7070 = EDGE_CURVE('',#7048,#6999,#7071,.T.);
#7071 = SURFACE_CURVE('',#7072,(#7076,#7083),.PCURVE_S1.);
#7072 = B_SPLINE_CURVE_WITH_KNOTS('',2,(#7073,#7074,#7075),
  .UNSPECIFIED.,.F.,.F.,(3,3),(0.,1.),.PIECEWISE_BEZIER_KNOTS.);
#7073 = CARTESIAN_POINT('',(-7.184021048599,-102.7811504049,
    110.63216818132));
#7074 = CARTESIAN_POINT('',(-7.715843426601,-102.7811504049,
    109.85780491412));
#7075 = CARTESIAN_POINT('',(-7.753138719855,-102.7811504049,
    108.57026691555));
#7076 = PCURVE('',#2334,#7077);
#7077 = DEFINITIONAL_REPRESENTATION('',(#7078),#7082);
#7078 = LINE('',#7079,#7080);
#7079 = CARTESIAN_POINT('',(0.,-3.));
#7080 = VECTOR('',#7081,1.);
#7081 = DIRECTION('',(1.,0.));
#7082 = ( GEOMETRIC_REPRESENTATION_CONTEXT(2) 
PARAMETRIC_REPRESENTATION_CONTEXT() REPRESENTATION_CONTEXT('2D SPACE',''
  ) );
#7083 = PCURVE('',#5932,#7084);
#7084 = DEFINITIONAL_REPRESENTATION('',(#7085),#7089);
#7085 = B_SPLINE_CURVE_WITH_KNOTS('',2,(#7086,#7087,#7088),
  .UNSPECIFIED.,.F.,.F.,(3,3),(0.,1.),.PIECEWISE_BEZIER_KNOTS.);
#7086 = CARTESIAN_POINT('',(3.088189986999,11.018602832855));
#7087 = CARTESIAN_POINT('',(2.556367608997,10.244239565657));
#7088 = CARTESIAN_POINT('',(2.519072315742,8.956701567084));
#7089 = ( GEOMETRIC_REPRESENTATION_CONTEXT(2) 
PARAMETRIC_REPRESENTATION_CONTEXT() REPRESENTATION_CONTEXT('2D SPACE',''
  ) );
#7090 = ORIENTED_EDGE('',*,*,#6998,.F.);
#7091 = ORIENTED_EDGE('',*,*,#2318,.F.);
#7092 = ADVANCED_FACE('',(#7093),#2304,.T.);
#7093 = FACE_BOUND('',#7094,.T.);
#7094 = EDGE_LOOP('',(#7095,#7096,#7117,#7118));
#7095 = ORIENTED_EDGE('',*,*,#5944,.T.);
#7096 = ORIENTED_EDGE('',*,*,#7097,.T.);
#7097 = EDGE_CURVE('',#5917,#7048,#7098,.T.);
#7098 = SURFACE_CURVE('',#7099,(#7103,#7110),.PCURVE_S1.);
#7099 = B_SPLINE_CURVE_WITH_KNOTS('',2,(#7100,#7101,#7102),
  .UNSPECIFIED.,.F.,.F.,(3,3),(0.,1.),.PIECEWISE_BEZIER_KNOTS.);
#7100 = CARTESIAN_POINT('',(-5.234066404113,-102.7811504049,
    111.40653144852));
#7101 = CARTESIAN_POINT('',(-6.652198670597,-102.7811504049,
    111.40653144852));
#7102 = CARTESIAN_POINT('',(-7.184021048599,-102.7811504049,
    110.63216818132));
#7103 = PCURVE('',#2304,#7104);
#7104 = DEFINITIONAL_REPRESENTATION('',(#7105),#7109);
#7105 = LINE('',#7106,#7107);
#7106 = CARTESIAN_POINT('',(0.,-3.));
#7107 = VECTOR('',#7108,1.);
#7108 = DIRECTION('',(1.,0.));
#7109 = ( GEOMETRIC_REPRESENTATION_CONTEXT(2) 
PARAMETRIC_REPRESENTATION_CONTEXT() REPRESENTATION_CONTEXT('2D SPACE',''
  ) );
#7110 = PCURVE('',#5932,#7111);
#7111 = DEFINITIONAL_REPRESENTATION('',(#7112),#7116);
#7112 = B_SPLINE_CURVE_WITH_KNOTS('',2,(#7113,#7114,#7115),
  .UNSPECIFIED.,.F.,.F.,(3,3),(0.,1.),.PIECEWISE_BEZIER_KNOTS.);
#7113 = CARTESIAN_POINT('',(5.038144631485,11.792966100053));
#7114 = CARTESIAN_POINT('',(3.620012365001,11.792966100053));
#7115 = CARTESIAN_POINT('',(3.088189986999,11.018602832855));
#7116 = ( GEOMETRIC_REPRESENTATION_CONTEXT(2) 
PARAMETRIC_REPRESENTATION_CONTEXT() REPRESENTATION_CONTEXT('2D SPACE',''
  ) );
#7117 = ORIENTED_EDGE('',*,*,#7047,.F.);
#7118 = ORIENTED_EDGE('',*,*,#2288,.F.);
#7119 = ADVANCED_FACE('',(#7120),#3016,.T.);
#7120 = FACE_BOUND('',#7121,.T.);
#7121 = EDGE_LOOP('',(#7122,#7145,#7173,#7194));
#7122 = ORIENTED_EDGE('',*,*,#7123,.T.);
#7123 = EDGE_CURVE('',#2999,#7124,#7126,.T.);
#7124 = VERTEX_POINT('',#7125);
#7125 = CARTESIAN_POINT('',(1.166206812454,-102.7811504049,
    105.64070340793));
#7126 = SURFACE_CURVE('',#7127,(#7131,#7138),.PCURVE_S1.);
#7127 = LINE('',#7128,#7129);
#7128 = CARTESIAN_POINT('',(1.166206812454,-99.7811504049,
    105.64070340793));
#7129 = VECTOR('',#7130,1.);
#7130 = DIRECTION('',(0.,-1.,1.110223024625E-16));
#7131 = PCURVE('',#3016,#7132);
#7132 = DEFINITIONAL_REPRESENTATION('',(#7133),#7137);
#7133 = LINE('',#7134,#7135);
#7134 = CARTESIAN_POINT('',(0.,0.));
#7135 = VECTOR('',#7136,1.);
#7136 = DIRECTION('',(0.,-1.));
#7137 = ( GEOMETRIC_REPRESENTATION_CONTEXT(2) 
PARAMETRIC_REPRESENTATION_CONTEXT() REPRESENTATION_CONTEXT('2D SPACE',''
  ) );
#7138 = PCURVE('',#3752,#7139);
#7139 = DEFINITIONAL_REPRESENTATION('',(#7140),#7144);
#7140 = LINE('',#7141,#7142);
#7141 = CARTESIAN_POINT('',(1.511491982661,0.));
#7142 = VECTOR('',#7143,1.);
#7143 = DIRECTION('',(0.,-1.));
#7144 = ( GEOMETRIC_REPRESENTATION_CONTEXT(2) 
PARAMETRIC_REPRESENTATION_CONTEXT() REPRESENTATION_CONTEXT('2D SPACE',''
  ) );
#7145 = ORIENTED_EDGE('',*,*,#7146,.T.);
#7146 = EDGE_CURVE('',#7124,#7147,#7149,.T.);
#7147 = VERTEX_POINT('',#7148);
#7148 = CARTESIAN_POINT('',(2.155200240428,-102.7811504049,
    112.84337210315));
#7149 = SURFACE_CURVE('',#7150,(#7154,#7161),.PCURVE_S1.);
#7150 = LINE('',#7151,#7152);
#7151 = CARTESIAN_POINT('',(1.166206812454,-102.7811504049,
    105.64070340793));
#7152 = VECTOR('',#7153,1.);
#7153 = DIRECTION('',(0.136032920634,1.099902743767E-16,0.990704317394)
  );
#7154 = PCURVE('',#3016,#7155);
#7155 = DEFINITIONAL_REPRESENTATION('',(#7156),#7160);
#7156 = LINE('',#7157,#7158);
#7157 = CARTESIAN_POINT('',(0.,-3.));
#7158 = VECTOR('',#7159,1.);
#7159 = DIRECTION('',(1.,0.));
#7160 = ( GEOMETRIC_REPRESENTATION_CONTEXT(2) 
PARAMETRIC_REPRESENTATION_CONTEXT() REPRESENTATION_CONTEXT('2D SPACE',''
  ) );
#7161 = PCURVE('',#7162,#7167);
#7162 = PLANE('',#7163);
#7163 = AXIS2_PLACEMENT_3D('',#7164,#7165,#7166);
#7164 = CARTESIAN_POINT('',(0.102622797971,-102.7811504049,
    99.613565348471));
#7165 = DIRECTION('',(0.,-1.,1.110223024625E-16));
#7166 = DIRECTION('',(1.,0.,0.));
#7167 = DEFINITIONAL_REPRESENTATION('',(#7168),#7172);
#7168 = LINE('',#7169,#7170);
#7169 = CARTESIAN_POINT('',(1.063584014483,6.027138059458));
#7170 = VECTOR('',#7171,1.);
#7171 = DIRECTION('',(0.136032920634,0.990704317394));
#7172 = ( GEOMETRIC_REPRESENTATION_CONTEXT(2) 
PARAMETRIC_REPRESENTATION_CONTEXT() REPRESENTATION_CONTEXT('2D SPACE',''
  ) );
#7173 = ORIENTED_EDGE('',*,*,#7174,.F.);
#7174 = EDGE_CURVE('',#3001,#7147,#7175,.T.);
#7175 = SURFACE_CURVE('',#7176,(#7180,#7187),.PCURVE_S1.);
#7176 = LINE('',#7177,#7178);
#7177 = CARTESIAN_POINT('',(2.155200240428,-99.7811504049,
    112.84337210315));
#7178 = VECTOR('',#7179,1.);
#7179 = DIRECTION('',(0.,-1.,1.110223024625E-16));
#7180 = PCURVE('',#3016,#7181);
#7181 = DEFINITIONAL_REPRESENTATION('',(#7182),#7186);
#7182 = LINE('',#7183,#7184);
#7183 = CARTESIAN_POINT('',(7.270250637617,0.));
#7184 = VECTOR('',#7185,1.);
#7185 = DIRECTION('',(0.,-1.));
#7186 = ( GEOMETRIC_REPRESENTATION_CONTEXT(2) 
PARAMETRIC_REPRESENTATION_CONTEXT() REPRESENTATION_CONTEXT('2D SPACE',''
  ) );
#7187 = PCURVE('',#3044,#7188);
#7188 = DEFINITIONAL_REPRESENTATION('',(#7189),#7193);
#7189 = LINE('',#7190,#7191);
#7190 = CARTESIAN_POINT('',(4.440892098501E-16,0.));
#7191 = VECTOR('',#7192,1.);
#7192 = DIRECTION('',(0.,-1.));
#7193 = ( GEOMETRIC_REPRESENTATION_CONTEXT(2) 
PARAMETRIC_REPRESENTATION_CONTEXT() REPRESENTATION_CONTEXT('2D SPACE',''
  ) );
#7194 = ORIENTED_EDGE('',*,*,#2998,.F.);
#7195 = ADVANCED_FACE('',(#7196),#3752,.T.);
#7196 = FACE_BOUND('',#7197,.T.);
#7197 = EDGE_LOOP('',(#7198,#7221,#7242,#7243));
#7198 = ORIENTED_EDGE('',*,*,#7199,.T.);
#7199 = EDGE_CURVE('',#3709,#7200,#7202,.T.);
#7200 = VERTEX_POINT('',#7201);
#7201 = CARTESIAN_POINT('',(2.677698795116,-102.7811504049,
    105.64070340793));
#7202 = SURFACE_CURVE('',#7203,(#7207,#7214),.PCURVE_S1.);
#7203 = LINE('',#7204,#7205);
#7204 = CARTESIAN_POINT('',(2.677698795116,-99.7811504049,
    105.64070340793));
#7205 = VECTOR('',#7206,1.);
#7206 = DIRECTION('',(0.,-1.,1.110223024625E-16));
#7207 = PCURVE('',#3752,#7208);
#7208 = DEFINITIONAL_REPRESENTATION('',(#7209),#7213);
#7209 = LINE('',#7210,#7211);
#7210 = CARTESIAN_POINT('',(0.,-0.));
#7211 = VECTOR('',#7212,1.);
#7212 = DIRECTION('',(0.,-1.));
#7213 = ( GEOMETRIC_REPRESENTATION_CONTEXT(2) 
PARAMETRIC_REPRESENTATION_CONTEXT() REPRESENTATION_CONTEXT('2D SPACE',''
  ) );
#7214 = PCURVE('',#3724,#7215);
#7215 = DEFINITIONAL_REPRESENTATION('',(#7216),#7220);
#7216 = LINE('',#7217,#7218);
#7217 = CARTESIAN_POINT('',(1.,0.));
#7218 = VECTOR('',#7219,1.);
#7219 = DIRECTION('',(0.,-1.));
#7220 = ( GEOMETRIC_REPRESENTATION_CONTEXT(2) 
PARAMETRIC_REPRESENTATION_CONTEXT() REPRESENTATION_CONTEXT('2D SPACE',''
  ) );
#7221 = ORIENTED_EDGE('',*,*,#7222,.T.);
#7222 = EDGE_CURVE('',#7200,#7124,#7223,.T.);
#7223 = SURFACE_CURVE('',#7224,(#7228,#7235),.PCURVE_S1.);
#7224 = LINE('',#7225,#7226);
#7225 = CARTESIAN_POINT('',(2.677698795116,-102.7811504049,
    105.64070340793));
#7226 = VECTOR('',#7227,1.);
#7227 = DIRECTION('',(-1.,0.,0.));
#7228 = PCURVE('',#3752,#7229);
#7229 = DEFINITIONAL_REPRESENTATION('',(#7230),#7234);
#7230 = LINE('',#7231,#7232);
#7231 = CARTESIAN_POINT('',(0.,-3.));
#7232 = VECTOR('',#7233,1.);
#7233 = DIRECTION('',(1.,0.));
#7234 = ( GEOMETRIC_REPRESENTATION_CONTEXT(2) 
PARAMETRIC_REPRESENTATION_CONTEXT() REPRESENTATION_CONTEXT('2D SPACE',''
  ) );
#7235 = PCURVE('',#7162,#7236);
#7236 = DEFINITIONAL_REPRESENTATION('',(#7237),#7241);
#7237 = LINE('',#7238,#7239);
#7238 = CARTESIAN_POINT('',(2.575075997145,6.027138059458));
#7239 = VECTOR('',#7240,1.);
#7240 = DIRECTION('',(-1.,0.));
#7241 = ( GEOMETRIC_REPRESENTATION_CONTEXT(2) 
PARAMETRIC_REPRESENTATION_CONTEXT() REPRESENTATION_CONTEXT('2D SPACE',''
  ) );
#7242 = ORIENTED_EDGE('',*,*,#7123,.F.);
#7243 = ORIENTED_EDGE('',*,*,#3738,.F.);
#7244 = ADVANCED_FACE('',(#7245),#3724,.T.);
#7245 = FACE_BOUND('',#7246,.T.);
#7246 = EDGE_LOOP('',(#7247,#7270,#7291,#7292));
#7247 = ORIENTED_EDGE('',*,*,#7248,.T.);
#7248 = EDGE_CURVE('',#3679,#7249,#7251,.T.);
#7249 = VERTEX_POINT('',#7250);
#7250 = CARTESIAN_POINT('',(3.797256120241,-102.7811504049,
    106.60166462444));
#7251 = SURFACE_CURVE('',#7252,(#7256,#7263),.PCURVE_S1.);
#7252 = LINE('',#7253,#7254);
#7253 = CARTESIAN_POINT('',(3.797256120241,-99.7811504049,
    106.60166462444));
#7254 = VECTOR('',#7255,1.);
#7255 = DIRECTION('',(0.,-1.,1.110223024625E-16));
#7256 = PCURVE('',#3724,#7257);
#7257 = DEFINITIONAL_REPRESENTATION('',(#7258),#7262);
#7258 = LINE('',#7259,#7260);
#7259 = CARTESIAN_POINT('',(0.,0.));
#7260 = VECTOR('',#7261,1.);
#7261 = DIRECTION('',(0.,-1.));
#7262 = ( GEOMETRIC_REPRESENTATION_CONTEXT(2) 
PARAMETRIC_REPRESENTATION_CONTEXT() REPRESENTATION_CONTEXT('2D SPACE',''
  ) );
#7263 = PCURVE('',#3694,#7264);
#7264 = DEFINITIONAL_REPRESENTATION('',(#7265),#7269);
#7265 = LINE('',#7266,#7267);
#7266 = CARTESIAN_POINT('',(1.,0.));
#7267 = VECTOR('',#7268,1.);
#7268 = DIRECTION('',(0.,-1.));
#7269 = ( GEOMETRIC_REPRESENTATION_CONTEXT(2) 
PARAMETRIC_REPRESENTATION_CONTEXT() REPRESENTATION_CONTEXT('2D SPACE',''
  ) );
#7270 = ORIENTED_EDGE('',*,*,#7271,.T.);
#7271 = EDGE_CURVE('',#7249,#7200,#7272,.T.);
#7272 = SURFACE_CURVE('',#7273,(#7277,#7284),.PCURVE_S1.);
#7273 = B_SPLINE_CURVE_WITH_KNOTS('',2,(#7274,#7275,#7276),
  .UNSPECIFIED.,.F.,.F.,(3,3),(0.,1.),.PIECEWISE_BEZIER_KNOTS.);
#7274 = CARTESIAN_POINT('',(3.797256120241,-102.7811504049,
    106.60166462444));
#7275 = CARTESIAN_POINT('',(3.256140289686,-102.7811504049,
    106.33109152378));
#7276 = CARTESIAN_POINT('',(2.677698795116,-102.7811504049,
    105.64070340793));
#7277 = PCURVE('',#3724,#7278);
#7278 = DEFINITIONAL_REPRESENTATION('',(#7279),#7283);
#7279 = LINE('',#7280,#7281);
#7280 = CARTESIAN_POINT('',(0.,-3.));
#7281 = VECTOR('',#7282,1.);
#7282 = DIRECTION('',(1.,0.));
#7283 = ( GEOMETRIC_REPRESENTATION_CONTEXT(2) 
PARAMETRIC_REPRESENTATION_CONTEXT() REPRESENTATION_CONTEXT('2D SPACE',''
  ) );
#7284 = PCURVE('',#7162,#7285);
#7285 = DEFINITIONAL_REPRESENTATION('',(#7286),#7290);
#7286 = B_SPLINE_CURVE_WITH_KNOTS('',2,(#7287,#7288,#7289),
  .UNSPECIFIED.,.F.,.F.,(3,3),(0.,1.),.PIECEWISE_BEZIER_KNOTS.);
#7287 = CARTESIAN_POINT('',(3.69463332227,6.988099275971));
#7288 = CARTESIAN_POINT('',(3.153517491715,6.717526175313));
#7289 = CARTESIAN_POINT('',(2.575075997145,6.027138059458));
#7290 = ( GEOMETRIC_REPRESENTATION_CONTEXT(2) 
PARAMETRIC_REPRESENTATION_CONTEXT() REPRESENTATION_CONTEXT('2D SPACE',''
  ) );
#7291 = ORIENTED_EDGE('',*,*,#7199,.F.);
#7292 = ORIENTED_EDGE('',*,*,#3708,.F.);
#7293 = ADVANCED_FACE('',(#7294),#3694,.T.);
#7294 = FACE_BOUND('',#7295,.T.);
#7295 = EDGE_LOOP('',(#7296,#7319,#7340,#7341));
#7296 = ORIENTED_EDGE('',*,*,#7297,.T.);
#7297 = EDGE_CURVE('',#3649,#7298,#7300,.T.);
#7298 = VERTEX_POINT('',#7299);
#7299 = CARTESIAN_POINT('',(5.103472136201,-102.7811504049,
    106.8722377251));
#7300 = SURFACE_CURVE('',#7301,(#7305,#7312),.PCURVE_S1.);
#7301 = LINE('',#7302,#7303);
#7302 = CARTESIAN_POINT('',(5.103472136201,-99.7811504049,106.8722377251
    ));
#7303 = VECTOR('',#7304,1.);
#7304 = DIRECTION('',(0.,-1.,1.110223024625E-16));
#7305 = PCURVE('',#3694,#7306);
#7306 = DEFINITIONAL_REPRESENTATION('',(#7307),#7311);
#7307 = LINE('',#7308,#7309);
#7308 = CARTESIAN_POINT('',(0.,0.));
#7309 = VECTOR('',#7310,1.);
#7310 = DIRECTION('',(0.,-1.));
#7311 = ( GEOMETRIC_REPRESENTATION_CONTEXT(2) 
PARAMETRIC_REPRESENTATION_CONTEXT() REPRESENTATION_CONTEXT('2D SPACE',''
  ) );
#7312 = PCURVE('',#3664,#7313);
#7313 = DEFINITIONAL_REPRESENTATION('',(#7314),#7318);
#7314 = LINE('',#7315,#7316);
#7315 = CARTESIAN_POINT('',(1.,0.));
#7316 = VECTOR('',#7317,1.);
#7317 = DIRECTION('',(0.,-1.));
#7318 = ( GEOMETRIC_REPRESENTATION_CONTEXT(2) 
PARAMETRIC_REPRESENTATION_CONTEXT() REPRESENTATION_CONTEXT('2D SPACE',''
  ) );
#7319 = ORIENTED_EDGE('',*,*,#7320,.T.);
#7320 = EDGE_CURVE('',#7298,#7249,#7321,.T.);
#7321 = SURFACE_CURVE('',#7322,(#7326,#7333),.PCURVE_S1.);
#7322 = B_SPLINE_CURVE_WITH_KNOTS('',2,(#7323,#7324,#7325),
  .UNSPECIFIED.,.F.,.F.,(3,3),(0.,1.),.PIECEWISE_BEZIER_KNOTS.);
#7323 = CARTESIAN_POINT('',(5.103472136201,-102.7811504049,
    106.8722377251));
#7324 = CARTESIAN_POINT('',(4.338371950797,-102.7811504049,
    106.8722377251));
#7325 = CARTESIAN_POINT('',(3.797256120241,-102.7811504049,
    106.60166462444));
#7326 = PCURVE('',#3694,#7327);
#7327 = DEFINITIONAL_REPRESENTATION('',(#7328),#7332);
#7328 = LINE('',#7329,#7330);
#7329 = CARTESIAN_POINT('',(0.,-3.));
#7330 = VECTOR('',#7331,1.);
#7331 = DIRECTION('',(1.,0.));
#7332 = ( GEOMETRIC_REPRESENTATION_CONTEXT(2) 
PARAMETRIC_REPRESENTATION_CONTEXT() REPRESENTATION_CONTEXT('2D SPACE',''
  ) );
#7333 = PCURVE('',#7162,#7334);
#7334 = DEFINITIONAL_REPRESENTATION('',(#7335),#7339);
#7335 = B_SPLINE_CURVE_WITH_KNOTS('',2,(#7336,#7337,#7338),
  .UNSPECIFIED.,.F.,.F.,(3,3),(0.,1.),.PIECEWISE_BEZIER_KNOTS.);
#7336 = CARTESIAN_POINT('',(5.00084933823,7.258672376629));
#7337 = CARTESIAN_POINT('',(4.235749152826,7.258672376629));
#7338 = CARTESIAN_POINT('',(3.69463332227,6.988099275971));
#7339 = ( GEOMETRIC_REPRESENTATION_CONTEXT(2) 
PARAMETRIC_REPRESENTATION_CONTEXT() REPRESENTATION_CONTEXT('2D SPACE',''
  ) );
#7340 = ORIENTED_EDGE('',*,*,#7248,.F.);
#7341 = ORIENTED_EDGE('',*,*,#3678,.F.);
#7342 = ADVANCED_FACE('',(#7343),#3664,.T.);
#7343 = FACE_BOUND('',#7344,.T.);
#7344 = EDGE_LOOP('',(#7345,#7368,#7389,#7390));
#7345 = ORIENTED_EDGE('',*,*,#7346,.T.);
#7346 = EDGE_CURVE('',#3619,#7347,#7349,.T.);
#7347 = VERTEX_POINT('',#7348);
#7348 = CARTESIAN_POINT('',(7.2120228893,-102.7811504049,106.02322312987
    ));
#7349 = SURFACE_CURVE('',#7350,(#7354,#7361),.PCURVE_S1.);
#7350 = LINE('',#7351,#7352);
#7351 = CARTESIAN_POINT('',(7.2120228893,-99.7811504049,106.02322312987)
  );
#7352 = VECTOR('',#7353,1.);
#7353 = DIRECTION('',(0.,-1.,1.110223024625E-16));
#7354 = PCURVE('',#3664,#7355);
#7355 = DEFINITIONAL_REPRESENTATION('',(#7356),#7360);
#7356 = LINE('',#7357,#7358);
#7357 = CARTESIAN_POINT('',(0.,0.));
#7358 = VECTOR('',#7359,1.);
#7359 = DIRECTION('',(0.,-1.));
#7360 = ( GEOMETRIC_REPRESENTATION_CONTEXT(2) 
PARAMETRIC_REPRESENTATION_CONTEXT() REPRESENTATION_CONTEXT('2D SPACE',''
  ) );
#7361 = PCURVE('',#3634,#7362);
#7362 = DEFINITIONAL_REPRESENTATION('',(#7363),#7367);
#7363 = LINE('',#7364,#7365);
#7364 = CARTESIAN_POINT('',(1.,0.));
#7365 = VECTOR('',#7366,1.);
#7366 = DIRECTION('',(0.,-1.));
#7367 = ( GEOMETRIC_REPRESENTATION_CONTEXT(2) 
PARAMETRIC_REPRESENTATION_CONTEXT() REPRESENTATION_CONTEXT('2D SPACE',''
  ) );
#7368 = ORIENTED_EDGE('',*,*,#7369,.T.);
#7369 = EDGE_CURVE('',#7347,#7298,#7370,.T.);
#7370 = SURFACE_CURVE('',#7371,(#7375,#7382),.PCURVE_S1.);
#7371 = B_SPLINE_CURVE_WITH_KNOTS('',2,(#7372,#7373,#7374),
  .UNSPECIFIED.,.F.,.F.,(3,3),(0.,1.),.PIECEWISE_BEZIER_KNOTS.);
#7372 = CARTESIAN_POINT('',(7.2120228893,-102.7811504049,106.02322312987
    ));
#7373 = CARTESIAN_POINT('',(6.428305428028,-102.7811504049,
    106.8722377251));
#7374 = CARTESIAN_POINT('',(5.103472136201,-102.7811504049,
    106.8722377251));
#7375 = PCURVE('',#3664,#7376);
#7376 = DEFINITIONAL_REPRESENTATION('',(#7377),#7381);
#7377 = LINE('',#7378,#7379);
#7378 = CARTESIAN_POINT('',(0.,-3.));
#7379 = VECTOR('',#7380,1.);
#7380 = DIRECTION('',(1.,0.));
#7381 = ( GEOMETRIC_REPRESENTATION_CONTEXT(2) 
PARAMETRIC_REPRESENTATION_CONTEXT() REPRESENTATION_CONTEXT('2D SPACE',''
  ) );
#7382 = PCURVE('',#7162,#7383);
#7383 = DEFINITIONAL_REPRESENTATION('',(#7384),#7388);
#7384 = B_SPLINE_CURVE_WITH_KNOTS('',2,(#7385,#7386,#7387),
  .UNSPECIFIED.,.F.,.F.,(3,3),(0.,1.),.PIECEWISE_BEZIER_KNOTS.);
#7385 = CARTESIAN_POINT('',(7.109400091329,6.409657781401));
#7386 = CARTESIAN_POINT('',(6.325682630057,7.258672376629));
#7387 = CARTESIAN_POINT('',(5.00084933823,7.258672376629));
#7388 = ( GEOMETRIC_REPRESENTATION_CONTEXT(2) 
PARAMETRIC_REPRESENTATION_CONTEXT() REPRESENTATION_CONTEXT('2D SPACE',''
  ) );
#7389 = ORIENTED_EDGE('',*,*,#7297,.F.);
#7390 = ORIENTED_EDGE('',*,*,#3648,.F.);
#7391 = ADVANCED_FACE('',(#7392),#3634,.T.);
#7392 = FACE_BOUND('',#7393,.T.);
#7393 = EDGE_LOOP('',(#7394,#7417,#7438,#7439));
#7394 = ORIENTED_EDGE('',*,*,#7395,.T.);
#7395 = EDGE_CURVE('',#3589,#7396,#7398,.T.);
#7396 = VERTEX_POINT('',#7397);
#7397 = CARTESIAN_POINT('',(7.995740350572,-102.7811504049,
    103.70007258675));
#7398 = SURFACE_CURVE('',#7399,(#7403,#7410),.PCURVE_S1.);
#7399 = LINE('',#7400,#7401);
#7400 = CARTESIAN_POINT('',(7.995740350572,-99.7811504049,
    103.70007258675));
#7401 = VECTOR('',#7402,1.);
#7402 = DIRECTION('',(0.,-1.,1.110223024625E-16));
#7403 = PCURVE('',#3634,#7404);
#7404 = DEFINITIONAL_REPRESENTATION('',(#7405),#7409);
#7405 = LINE('',#7406,#7407);
#7406 = CARTESIAN_POINT('',(0.,0.));
#7407 = VECTOR('',#7408,1.);
#7408 = DIRECTION('',(0.,-1.));
#7409 = ( GEOMETRIC_REPRESENTATION_CONTEXT(2) 
PARAMETRIC_REPRESENTATION_CONTEXT() REPRESENTATION_CONTEXT('2D SPACE',''
  ) );
#7410 = PCURVE('',#3604,#7411);
#7411 = DEFINITIONAL_REPRESENTATION('',(#7412),#7416);
#7412 = LINE('',#7413,#7414);
#7413 = CARTESIAN_POINT('',(1.,0.));
#7414 = VECTOR('',#7415,1.);
#7415 = DIRECTION('',(0.,-1.));
#7416 = ( GEOMETRIC_REPRESENTATION_CONTEXT(2) 
PARAMETRIC_REPRESENTATION_CONTEXT() REPRESENTATION_CONTEXT('2D SPACE',''
  ) );
#7417 = ORIENTED_EDGE('',*,*,#7418,.T.);
#7418 = EDGE_CURVE('',#7396,#7347,#7419,.T.);
#7419 = SURFACE_CURVE('',#7420,(#7424,#7431),.PCURVE_S1.);
#7420 = B_SPLINE_CURVE_WITH_KNOTS('',2,(#7421,#7422,#7423),
  .UNSPECIFIED.,.F.,.F.,(3,3),(0.,1.),.PIECEWISE_BEZIER_KNOTS.);
#7421 = CARTESIAN_POINT('',(7.995740350572,-102.7811504049,
    103.70007258675));
#7422 = CARTESIAN_POINT('',(7.995740350572,-102.7811504049,
    105.17420853464));
#7423 = CARTESIAN_POINT('',(7.2120228893,-102.7811504049,106.02322312987
    ));
#7424 = PCURVE('',#3634,#7425);
#7425 = DEFINITIONAL_REPRESENTATION('',(#7426),#7430);
#7426 = LINE('',#7427,#7428);
#7427 = CARTESIAN_POINT('',(0.,-3.));
#7428 = VECTOR('',#7429,1.);
#7429 = DIRECTION('',(1.,0.));
#7430 = ( GEOMETRIC_REPRESENTATION_CONTEXT(2) 
PARAMETRIC_REPRESENTATION_CONTEXT() REPRESENTATION_CONTEXT('2D SPACE',''
  ) );
#7431 = PCURVE('',#7162,#7432);
#7432 = DEFINITIONAL_REPRESENTATION('',(#7433),#7437);
#7433 = B_SPLINE_CURVE_WITH_KNOTS('',2,(#7434,#7435,#7436),
  .UNSPECIFIED.,.F.,.F.,(3,3),(0.,1.),.PIECEWISE_BEZIER_KNOTS.);
#7434 = CARTESIAN_POINT('',(7.893117552601,4.086507238286));
#7435 = CARTESIAN_POINT('',(7.893117552601,5.560643186173));
#7436 = CARTESIAN_POINT('',(7.109400091329,6.409657781401));
#7437 = ( GEOMETRIC_REPRESENTATION_CONTEXT(2) 
PARAMETRIC_REPRESENTATION_CONTEXT() REPRESENTATION_CONTEXT('2D SPACE',''
  ) );
#7438 = ORIENTED_EDGE('',*,*,#7346,.F.);
#7439 = ORIENTED_EDGE('',*,*,#3618,.F.);
#7440 = ADVANCED_FACE('',(#7441),#3604,.T.);
#7441 = FACE_BOUND('',#7442,.T.);
#7442 = EDGE_LOOP('',(#7443,#7466,#7487,#7488));
#7443 = ORIENTED_EDGE('',*,*,#7444,.T.);
#7444 = EDGE_CURVE('',#3559,#7445,#7447,.T.);
#7445 = VERTEX_POINT('',#7446);
#7446 = CARTESIAN_POINT('',(7.221346712614,-102.7811504049,
    101.46089719498));
#7447 = SURFACE_CURVE('',#7448,(#7452,#7459),.PCURVE_S1.);
#7448 = LINE('',#7449,#7450);
#7449 = CARTESIAN_POINT('',(7.221346712614,-99.7811504049,
    101.46089719498));
#7450 = VECTOR('',#7451,1.);
#7451 = DIRECTION('',(0.,-1.,1.110223024625E-16));
#7452 = PCURVE('',#3604,#7453);
#7453 = DEFINITIONAL_REPRESENTATION('',(#7454),#7458);
#7454 = LINE('',#7455,#7456);
#7455 = CARTESIAN_POINT('',(0.,0.));
#7456 = VECTOR('',#7457,1.);
#7457 = DIRECTION('',(0.,-1.));
#7458 = ( GEOMETRIC_REPRESENTATION_CONTEXT(2) 
PARAMETRIC_REPRESENTATION_CONTEXT() REPRESENTATION_CONTEXT('2D SPACE',''
  ) );
#7459 = PCURVE('',#3574,#7460);
#7460 = DEFINITIONAL_REPRESENTATION('',(#7461),#7465);
#7461 = LINE('',#7462,#7463);
#7462 = CARTESIAN_POINT('',(1.,0.));
#7463 = VECTOR('',#7464,1.);
#7464 = DIRECTION('',(0.,-1.));
#7465 = ( GEOMETRIC_REPRESENTATION_CONTEXT(2) 
PARAMETRIC_REPRESENTATION_CONTEXT() REPRESENTATION_CONTEXT('2D SPACE',''
  ) );
#7466 = ORIENTED_EDGE('',*,*,#7467,.T.);
#7467 = EDGE_CURVE('',#7445,#7396,#7468,.T.);
#7468 = SURFACE_CURVE('',#7469,(#7473,#7480),.PCURVE_S1.);
#7469 = B_SPLINE_CURVE_WITH_KNOTS('',2,(#7470,#7471,#7472),
  .UNSPECIFIED.,.F.,.F.,(3,3),(0.,1.),.PIECEWISE_BEZIER_KNOTS.);
#7470 = CARTESIAN_POINT('',(7.221346712614,-102.7811504049,
    101.46089719498));
#7471 = CARTESIAN_POINT('',(7.995740350572,-102.7811504049,
    102.28194032027));
#7472 = CARTESIAN_POINT('',(7.995740350572,-102.7811504049,
    103.70007258675));
#7473 = PCURVE('',#3604,#7474);
#7474 = DEFINITIONAL_REPRESENTATION('',(#7475),#7479);
#7475 = LINE('',#7476,#7477);
#7476 = CARTESIAN_POINT('',(0.,-3.));
#7477 = VECTOR('',#7478,1.);
#7478 = DIRECTION('',(1.,0.));
#7479 = ( GEOMETRIC_REPRESENTATION_CONTEXT(2) 
PARAMETRIC_REPRESENTATION_CONTEXT() REPRESENTATION_CONTEXT('2D SPACE',''
  ) );
#7480 = PCURVE('',#7162,#7481);
#7481 = DEFINITIONAL_REPRESENTATION('',(#7482),#7486);
#7482 = B_SPLINE_CURVE_WITH_KNOTS('',2,(#7483,#7484,#7485),
  .UNSPECIFIED.,.F.,.F.,(3,3),(0.,1.),.PIECEWISE_BEZIER_KNOTS.);
#7483 = CARTESIAN_POINT('',(7.118723914643,1.847331846515));
#7484 = CARTESIAN_POINT('',(7.893117552601,2.668374971802));
#7485 = CARTESIAN_POINT('',(7.893117552601,4.086507238286));
#7486 = ( GEOMETRIC_REPRESENTATION_CONTEXT(2) 
PARAMETRIC_REPRESENTATION_CONTEXT() REPRESENTATION_CONTEXT('2D SPACE',''
  ) );
#7487 = ORIENTED_EDGE('',*,*,#7395,.F.);
#7488 = ORIENTED_EDGE('',*,*,#3588,.F.);
#7489 = ADVANCED_FACE('',(#7490),#3574,.T.);
#7490 = FACE_BOUND('',#7491,.T.);
#7491 = EDGE_LOOP('',(#7492,#7515,#7536,#7537));
#7492 = ORIENTED_EDGE('',*,*,#7493,.T.);
#7493 = EDGE_CURVE('',#3529,#7494,#7496,.T.);
#7494 = VERTEX_POINT('',#7495);
#7495 = CARTESIAN_POINT('',(5.103472136201,-102.7811504049,
    100.6398540697));
#7496 = SURFACE_CURVE('',#7497,(#7501,#7508),.PCURVE_S1.);
#7497 = LINE('',#7498,#7499);
#7498 = CARTESIAN_POINT('',(5.103472136201,-99.7811504049,100.6398540697
    ));
#7499 = VECTOR('',#7500,1.);
#7500 = DIRECTION('',(0.,-1.,1.110223024625E-16));
#7501 = PCURVE('',#3574,#7502);
#7502 = DEFINITIONAL_REPRESENTATION('',(#7503),#7507);
#7503 = LINE('',#7504,#7505);
#7504 = CARTESIAN_POINT('',(0.,0.));
#7505 = VECTOR('',#7506,1.);
#7506 = DIRECTION('',(0.,-1.));
#7507 = ( GEOMETRIC_REPRESENTATION_CONTEXT(2) 
PARAMETRIC_REPRESENTATION_CONTEXT() REPRESENTATION_CONTEXT('2D SPACE',''
  ) );
#7508 = PCURVE('',#3544,#7509);
#7509 = DEFINITIONAL_REPRESENTATION('',(#7510),#7514);
#7510 = LINE('',#7511,#7512);
#7511 = CARTESIAN_POINT('',(1.,0.));
#7512 = VECTOR('',#7513,1.);
#7513 = DIRECTION('',(0.,-1.));
#7514 = ( GEOMETRIC_REPRESENTATION_CONTEXT(2) 
PARAMETRIC_REPRESENTATION_CONTEXT() REPRESENTATION_CONTEXT('2D SPACE',''
  ) );
#7515 = ORIENTED_EDGE('',*,*,#7516,.T.);
#7516 = EDGE_CURVE('',#7494,#7445,#7517,.T.);
#7517 = SURFACE_CURVE('',#7518,(#7522,#7529),.PCURVE_S1.);
#7518 = B_SPLINE_CURVE_WITH_KNOTS('',2,(#7519,#7520,#7521),
  .UNSPECIFIED.,.F.,.F.,(3,3),(0.,1.),.PIECEWISE_BEZIER_KNOTS.);
#7519 = CARTESIAN_POINT('',(5.103472136201,-102.7811504049,
    100.6398540697));
#7520 = CARTESIAN_POINT('',(6.446953074656,-102.7811504049,
    100.6398540697));
#7521 = CARTESIAN_POINT('',(7.221346712614,-102.7811504049,
    101.46089719498));
#7522 = PCURVE('',#3574,#7523);
#7523 = DEFINITIONAL_REPRESENTATION('',(#7524),#7528);
#7524 = LINE('',#7525,#7526);
#7525 = CARTESIAN_POINT('',(0.,-3.));
#7526 = VECTOR('',#7527,1.);
#7527 = DIRECTION('',(1.,0.));
#7528 = ( GEOMETRIC_REPRESENTATION_CONTEXT(2) 
PARAMETRIC_REPRESENTATION_CONTEXT() REPRESENTATION_CONTEXT('2D SPACE',''
  ) );
#7529 = PCURVE('',#7162,#7530);
#7530 = DEFINITIONAL_REPRESENTATION('',(#7531),#7535);
#7531 = B_SPLINE_CURVE_WITH_KNOTS('',2,(#7532,#7533,#7534),
  .UNSPECIFIED.,.F.,.F.,(3,3),(0.,1.),.PIECEWISE_BEZIER_KNOTS.);
#7532 = CARTESIAN_POINT('',(5.00084933823,1.026288721228));
#7533 = CARTESIAN_POINT('',(6.344330276685,1.026288721228));
#7534 = CARTESIAN_POINT('',(7.118723914643,1.847331846515));
#7535 = ( GEOMETRIC_REPRESENTATION_CONTEXT(2) 
PARAMETRIC_REPRESENTATION_CONTEXT() REPRESENTATION_CONTEXT('2D SPACE',''
  ) );
#7536 = ORIENTED_EDGE('',*,*,#7444,.F.);
#7537 = ORIENTED_EDGE('',*,*,#3558,.F.);
#7538 = ADVANCED_FACE('',(#7539),#3544,.T.);
#7539 = FACE_BOUND('',#7540,.T.);
#7540 = EDGE_LOOP('',(#7541,#7564,#7585,#7586));
#7541 = ORIENTED_EDGE('',*,*,#7542,.T.);
#7542 = EDGE_CURVE('',#3501,#7543,#7545,.T.);
#7543 = VERTEX_POINT('',#7544);
#7544 = CARTESIAN_POINT('',(2.397801871144,-102.7811504049,
    102.86038181484));
#7545 = SURFACE_CURVE('',#7546,(#7550,#7557),.PCURVE_S1.);
#7546 = LINE('',#7547,#7548);
#7547 = CARTESIAN_POINT('',(2.397801871144,-99.7811504049,
    102.86038181484));
#7548 = VECTOR('',#7549,1.);
#7549 = DIRECTION('',(0.,-1.,1.110223024625E-16));
#7550 = PCURVE('',#3544,#7551);
#7551 = DEFINITIONAL_REPRESENTATION('',(#7552),#7556);
#7552 = LINE('',#7553,#7554);
#7553 = CARTESIAN_POINT('',(0.,0.));
#7554 = VECTOR('',#7555,1.);
#7555 = DIRECTION('',(0.,-1.));
#7556 = ( GEOMETRIC_REPRESENTATION_CONTEXT(2) 
PARAMETRIC_REPRESENTATION_CONTEXT() REPRESENTATION_CONTEXT('2D SPACE',''
  ) );
#7557 = PCURVE('',#3516,#7558);
#7558 = DEFINITIONAL_REPRESENTATION('',(#7559),#7563);
#7559 = LINE('',#7560,#7561);
#7560 = CARTESIAN_POINT('',(1.642086250573,0.));
#7561 = VECTOR('',#7562,1.);
#7562 = DIRECTION('',(0.,-1.));
#7563 = ( GEOMETRIC_REPRESENTATION_CONTEXT(2) 
PARAMETRIC_REPRESENTATION_CONTEXT() REPRESENTATION_CONTEXT('2D SPACE',''
  ) );
#7564 = ORIENTED_EDGE('',*,*,#7565,.T.);
#7565 = EDGE_CURVE('',#7543,#7494,#7566,.T.);
#7566 = SURFACE_CURVE('',#7567,(#7571,#7578),.PCURVE_S1.);
#7567 = B_SPLINE_CURVE_WITH_KNOTS('',2,(#7568,#7569,#7570),
  .UNSPECIFIED.,.F.,.F.,(3,3),(0.,1.),.PIECEWISE_BEZIER_KNOTS.);
#7568 = CARTESIAN_POINT('',(2.397801871144,-102.7811504049,
    102.86038181484));
#7569 = CARTESIAN_POINT('',(2.976243365714,-102.7811504049,
    100.6398540697));
#7570 = CARTESIAN_POINT('',(5.103472136201,-102.7811504049,
    100.6398540697));
#7571 = PCURVE('',#3544,#7572);
#7572 = DEFINITIONAL_REPRESENTATION('',(#7573),#7577);
#7573 = LINE('',#7574,#7575);
#7574 = CARTESIAN_POINT('',(0.,-3.));
#7575 = VECTOR('',#7576,1.);
#7576 = DIRECTION('',(1.,0.));
#7577 = ( GEOMETRIC_REPRESENTATION_CONTEXT(2) 
PARAMETRIC_REPRESENTATION_CONTEXT() REPRESENTATION_CONTEXT('2D SPACE',''
  ) );
#7578 = PCURVE('',#7162,#7579);
#7579 = DEFINITIONAL_REPRESENTATION('',(#7580),#7584);
#7580 = B_SPLINE_CURVE_WITH_KNOTS('',2,(#7581,#7582,#7583),
  .UNSPECIFIED.,.F.,.F.,(3,3),(0.,1.),.PIECEWISE_BEZIER_KNOTS.);
#7581 = CARTESIAN_POINT('',(2.295179073173,3.246816466372));
#7582 = CARTESIAN_POINT('',(2.873620567744,1.026288721228));
#7583 = CARTESIAN_POINT('',(5.00084933823,1.026288721228));
#7584 = ( GEOMETRIC_REPRESENTATION_CONTEXT(2) 
PARAMETRIC_REPRESENTATION_CONTEXT() REPRESENTATION_CONTEXT('2D SPACE',''
  ) );
#7585 = ORIENTED_EDGE('',*,*,#7493,.F.);
#7586 = ORIENTED_EDGE('',*,*,#3528,.F.);
#7587 = ADVANCED_FACE('',(#7588),#3516,.T.);
#7588 = FACE_BOUND('',#7589,.T.);
#7589 = EDGE_LOOP('',(#7590,#7613,#7634,#7635));
#7590 = ORIENTED_EDGE('',*,*,#7591,.T.);
#7591 = EDGE_CURVE('',#3471,#7592,#7594,.T.);
#7592 = VERTEX_POINT('',#7593);
#7593 = CARTESIAN_POINT('',(0.755715620571,-102.7811504049,
    102.86038181484));
#7594 = SURFACE_CURVE('',#7595,(#7599,#7606),.PCURVE_S1.);
#7595 = LINE('',#7596,#7597);
#7596 = CARTESIAN_POINT('',(0.755715620571,-99.7811504049,
    102.86038181484));
#7597 = VECTOR('',#7598,1.);
#7598 = DIRECTION('',(0.,-1.,1.110223024625E-16));
#7599 = PCURVE('',#3516,#7600);
#7600 = DEFINITIONAL_REPRESENTATION('',(#7601),#7605);
#7601 = LINE('',#7602,#7603);
#7602 = CARTESIAN_POINT('',(0.,0.));
#7603 = VECTOR('',#7604,1.);
#7604 = DIRECTION('',(0.,-1.));
#7605 = ( GEOMETRIC_REPRESENTATION_CONTEXT(2) 
PARAMETRIC_REPRESENTATION_CONTEXT() REPRESENTATION_CONTEXT('2D SPACE',''
  ) );
#7606 = PCURVE('',#3486,#7607);
#7607 = DEFINITIONAL_REPRESENTATION('',(#7608),#7612);
#7608 = LINE('',#7609,#7610);
#7609 = CARTESIAN_POINT('',(1.,0.));
#7610 = VECTOR('',#7611,1.);
#7611 = DIRECTION('',(0.,-1.));
#7612 = ( GEOMETRIC_REPRESENTATION_CONTEXT(2) 
PARAMETRIC_REPRESENTATION_CONTEXT() REPRESENTATION_CONTEXT('2D SPACE',''
  ) );
#7613 = ORIENTED_EDGE('',*,*,#7614,.T.);
#7614 = EDGE_CURVE('',#7592,#7543,#7615,.T.);
#7615 = SURFACE_CURVE('',#7616,(#7620,#7627),.PCURVE_S1.);
#7616 = LINE('',#7617,#7618);
#7617 = CARTESIAN_POINT('',(0.755715620571,-102.7811504049,
    102.86038181484));
#7618 = VECTOR('',#7619,1.);
#7619 = DIRECTION('',(1.,0.,0.));
#7620 = PCURVE('',#3516,#7621);
#7621 = DEFINITIONAL_REPRESENTATION('',(#7622),#7626);
#7622 = LINE('',#7623,#7624);
#7623 = CARTESIAN_POINT('',(0.,-3.));
#7624 = VECTOR('',#7625,1.);
#7625 = DIRECTION('',(1.,0.));
#7626 = ( GEOMETRIC_REPRESENTATION_CONTEXT(2) 
PARAMETRIC_REPRESENTATION_CONTEXT() REPRESENTATION_CONTEXT('2D SPACE',''
  ) );
#7627 = PCURVE('',#7162,#7628);
#7628 = DEFINITIONAL_REPRESENTATION('',(#7629),#7633);
#7629 = LINE('',#7630,#7631);
#7630 = CARTESIAN_POINT('',(0.6530928226,3.246816466372));
#7631 = VECTOR('',#7632,1.);
#7632 = DIRECTION('',(1.,0.));
#7633 = ( GEOMETRIC_REPRESENTATION_CONTEXT(2) 
PARAMETRIC_REPRESENTATION_CONTEXT() REPRESENTATION_CONTEXT('2D SPACE',''
  ) );
#7634 = ORIENTED_EDGE('',*,*,#7542,.F.);
#7635 = ORIENTED_EDGE('',*,*,#3500,.F.);
#7636 = ADVANCED_FACE('',(#7637),#3486,.T.);
#7637 = FACE_BOUND('',#7638,.T.);
#7638 = EDGE_LOOP('',(#7639,#7662,#7683,#7684));
#7639 = ORIENTED_EDGE('',*,*,#7640,.T.);
#7640 = EDGE_CURVE('',#3441,#7641,#7643,.T.);
#7641 = VERTEX_POINT('',#7642);
#7642 = CARTESIAN_POINT('',(0.849014595228,-102.7811504049,
    102.37520892417));
#7643 = SURFACE_CURVE('',#7644,(#7648,#7655),.PCURVE_S1.);
#7644 = LINE('',#7645,#7646);
#7645 = CARTESIAN_POINT('',(0.849014595228,-99.7811504049,
    102.37520892417));
#7646 = VECTOR('',#7647,1.);
#7647 = DIRECTION('',(0.,-1.,1.110223024625E-16));
#7648 = PCURVE('',#3486,#7649);
#7649 = DEFINITIONAL_REPRESENTATION('',(#7650),#7654);
#7650 = LINE('',#7651,#7652);
#7651 = CARTESIAN_POINT('',(0.,0.));
#7652 = VECTOR('',#7653,1.);
#7653 = DIRECTION('',(0.,-1.));
#7654 = ( GEOMETRIC_REPRESENTATION_CONTEXT(2) 
PARAMETRIC_REPRESENTATION_CONTEXT() REPRESENTATION_CONTEXT('2D SPACE',''
  ) );
#7655 = PCURVE('',#3456,#7656);
#7656 = DEFINITIONAL_REPRESENTATION('',(#7657),#7661);
#7657 = LINE('',#7658,#7659);
#7658 = CARTESIAN_POINT('',(1.,0.));
#7659 = VECTOR('',#7660,1.);
#7660 = DIRECTION('',(0.,-1.));
#7661 = ( GEOMETRIC_REPRESENTATION_CONTEXT(2) 
PARAMETRIC_REPRESENTATION_CONTEXT() REPRESENTATION_CONTEXT('2D SPACE',''
  ) );
#7662 = ORIENTED_EDGE('',*,*,#7663,.T.);
#7663 = EDGE_CURVE('',#7641,#7592,#7664,.T.);
#7664 = SURFACE_CURVE('',#7665,(#7669,#7676),.PCURVE_S1.);
#7665 = B_SPLINE_CURVE_WITH_KNOTS('',2,(#7666,#7667,#7668),
  .UNSPECIFIED.,.F.,.F.,(3,3),(0.,1.),.PIECEWISE_BEZIER_KNOTS.);
#7666 = CARTESIAN_POINT('',(0.849014595228,-102.7811504049,
    102.37520892417));
#7667 = CARTESIAN_POINT('',(0.811719301973,-102.7811504049,
    102.54312885609));
#7668 = CARTESIAN_POINT('',(0.755715620571,-102.7811504049,
    102.86038181484));
#7669 = PCURVE('',#3486,#7670);
#7670 = DEFINITIONAL_REPRESENTATION('',(#7671),#7675);
#7671 = LINE('',#7672,#7673);
#7672 = CARTESIAN_POINT('',(0.,-3.));
#7673 = VECTOR('',#7674,1.);
#7674 = DIRECTION('',(1.,0.));
#7675 = ( GEOMETRIC_REPRESENTATION_CONTEXT(2) 
PARAMETRIC_REPRESENTATION_CONTEXT() REPRESENTATION_CONTEXT('2D SPACE',''
  ) );
#7676 = PCURVE('',#7162,#7677);
#7677 = DEFINITIONAL_REPRESENTATION('',(#7678),#7682);
#7678 = B_SPLINE_CURVE_WITH_KNOTS('',2,(#7679,#7680,#7681),
  .UNSPECIFIED.,.F.,.F.,(3,3),(0.,1.),.PIECEWISE_BEZIER_KNOTS.);
#7679 = CARTESIAN_POINT('',(0.746391797257,2.761643575699));
#7680 = CARTESIAN_POINT('',(0.709096504002,2.929563507626));
#7681 = CARTESIAN_POINT('',(0.6530928226,3.246816466372));
#7682 = ( GEOMETRIC_REPRESENTATION_CONTEXT(2) 
PARAMETRIC_REPRESENTATION_CONTEXT() REPRESENTATION_CONTEXT('2D SPACE',''
  ) );
#7683 = ORIENTED_EDGE('',*,*,#7591,.F.);
#7684 = ORIENTED_EDGE('',*,*,#3470,.F.);
#7685 = ADVANCED_FACE('',(#7686),#3456,.T.);
#7686 = FACE_BOUND('',#7687,.T.);
#7687 = EDGE_LOOP('',(#7688,#7711,#7732,#7733));
#7688 = ORIENTED_EDGE('',*,*,#7689,.T.);
#7689 = EDGE_CURVE('',#3411,#7690,#7692,.T.);
#7690 = VERTEX_POINT('',#7691);
#7691 = CARTESIAN_POINT('',(1.044936367856,-102.7811504049,
    101.76876558889));
#7692 = SURFACE_CURVE('',#7693,(#7697,#7704),.PCURVE_S1.);
#7693 = LINE('',#7694,#7695);
#7694 = CARTESIAN_POINT('',(1.044936367856,-99.7811504049,
    101.76876558889));
#7695 = VECTOR('',#7696,1.);
#7696 = DIRECTION('',(0.,-1.,1.110223024625E-16));
#7697 = PCURVE('',#3456,#7698);
#7698 = DEFINITIONAL_REPRESENTATION('',(#7699),#7703);
#7699 = LINE('',#7700,#7701);
#7700 = CARTESIAN_POINT('',(0.,0.));
#7701 = VECTOR('',#7702,1.);
#7702 = DIRECTION('',(0.,-1.));
#7703 = ( GEOMETRIC_REPRESENTATION_CONTEXT(2) 
PARAMETRIC_REPRESENTATION_CONTEXT() REPRESENTATION_CONTEXT('2D SPACE',''
  ) );
#7704 = PCURVE('',#3426,#7705);
#7705 = DEFINITIONAL_REPRESENTATION('',(#7706),#7710);
#7706 = LINE('',#7707,#7708);
#7707 = CARTESIAN_POINT('',(1.,0.));
#7708 = VECTOR('',#7709,1.);
#7709 = DIRECTION('',(0.,-1.));
#7710 = ( GEOMETRIC_REPRESENTATION_CONTEXT(2) 
PARAMETRIC_REPRESENTATION_CONTEXT() REPRESENTATION_CONTEXT('2D SPACE',''
  ) );
#7711 = ORIENTED_EDGE('',*,*,#7712,.T.);
#7712 = EDGE_CURVE('',#7690,#7641,#7713,.T.);
#7713 = SURFACE_CURVE('',#7714,(#7718,#7725),.PCURVE_S1.);
#7714 = B_SPLINE_CURVE_WITH_KNOTS('',2,(#7715,#7716,#7717),
  .UNSPECIFIED.,.F.,.F.,(3,3),(0.,1.),.PIECEWISE_BEZIER_KNOTS.);
#7715 = CARTESIAN_POINT('',(1.044936367856,-102.7811504049,
    101.76876558889));
#7716 = CARTESIAN_POINT('',(0.886309888483,-102.7811504049,
    102.20728899224));
#7717 = CARTESIAN_POINT('',(0.849014595228,-102.7811504049,
    102.37520892417));
#7718 = PCURVE('',#3456,#7719);
#7719 = DEFINITIONAL_REPRESENTATION('',(#7720),#7724);
#7720 = LINE('',#7721,#7722);
#7721 = CARTESIAN_POINT('',(0.,-3.));
#7722 = VECTOR('',#7723,1.);
#7723 = DIRECTION('',(1.,0.));
#7724 = ( GEOMETRIC_REPRESENTATION_CONTEXT(2) 
PARAMETRIC_REPRESENTATION_CONTEXT() REPRESENTATION_CONTEXT('2D SPACE',''
  ) );
#7725 = PCURVE('',#7162,#7726);
#7726 = DEFINITIONAL_REPRESENTATION('',(#7727),#7731);
#7727 = B_SPLINE_CURVE_WITH_KNOTS('',2,(#7728,#7729,#7730),
  .UNSPECIFIED.,.F.,.F.,(3,3),(0.,1.),.PIECEWISE_BEZIER_KNOTS.);
#7728 = CARTESIAN_POINT('',(0.942313569885,2.155200240428));
#7729 = CARTESIAN_POINT('',(0.783687090512,2.593723643772));
#7730 = CARTESIAN_POINT('',(0.746391797257,2.761643575699));
#7731 = ( GEOMETRIC_REPRESENTATION_CONTEXT(2) 
PARAMETRIC_REPRESENTATION_CONTEXT() REPRESENTATION_CONTEXT('2D SPACE',''
  ) );
#7732 = ORIENTED_EDGE('',*,*,#7640,.F.);
#7733 = ORIENTED_EDGE('',*,*,#3440,.F.);
#7734 = ADVANCED_FACE('',(#7735),#3426,.T.);
#7735 = FACE_BOUND('',#7736,.T.);
#7736 = EDGE_LOOP('',(#7737,#7760,#7781,#7782));
#7737 = ORIENTED_EDGE('',*,*,#7738,.T.);
#7738 = EDGE_CURVE('',#3381,#7739,#7741,.T.);
#7739 = VERTEX_POINT('',#7740);
#7740 = CARTESIAN_POINT('',(1.380836973229,-102.7811504049,
    101.04102143827));
#7741 = SURFACE_CURVE('',#7742,(#7746,#7753),.PCURVE_S1.);
#7742 = LINE('',#7743,#7744);
#7743 = CARTESIAN_POINT('',(1.380836973229,-99.7811504049,
    101.04102143827));
#7744 = VECTOR('',#7745,1.);
#7745 = DIRECTION('',(0.,-1.,1.110223024625E-16));
#7746 = PCURVE('',#3426,#7747);
#7747 = DEFINITIONAL_REPRESENTATION('',(#7748),#7752);
#7748 = LINE('',#7749,#7750);
#7749 = CARTESIAN_POINT('',(0.,0.));
#7750 = VECTOR('',#7751,1.);
#7751 = DIRECTION('',(0.,-1.));
#7752 = ( GEOMETRIC_REPRESENTATION_CONTEXT(2) 
PARAMETRIC_REPRESENTATION_CONTEXT() REPRESENTATION_CONTEXT('2D SPACE',''
  ) );
#7753 = PCURVE('',#3396,#7754);
#7754 = DEFINITIONAL_REPRESENTATION('',(#7755),#7759);
#7755 = LINE('',#7756,#7757);
#7756 = CARTESIAN_POINT('',(1.,0.));
#7757 = VECTOR('',#7758,1.);
#7758 = DIRECTION('',(0.,-1.));
#7759 = ( GEOMETRIC_REPRESENTATION_CONTEXT(2) 
PARAMETRIC_REPRESENTATION_CONTEXT() REPRESENTATION_CONTEXT('2D SPACE',''
  ) );
#7760 = ORIENTED_EDGE('',*,*,#7761,.T.);
#7761 = EDGE_CURVE('',#7739,#7690,#7762,.T.);
#7762 = SURFACE_CURVE('',#7763,(#7767,#7774),.PCURVE_S1.);
#7763 = B_SPLINE_CURVE_WITH_KNOTS('',2,(#7764,#7765,#7766),
  .UNSPECIFIED.,.F.,.F.,(3,3),(0.,1.),.PIECEWISE_BEZIER_KNOTS.);
#7764 = CARTESIAN_POINT('',(1.380836973229,-102.7811504049,
    101.04102143827));
#7765 = CARTESIAN_POINT('',(1.203562847229,-102.7811504049,
    101.33024218555));
#7766 = CARTESIAN_POINT('',(1.044936367856,-102.7811504049,
    101.76876558889));
#7767 = PCURVE('',#3426,#7768);
#7768 = DEFINITIONAL_REPRESENTATION('',(#7769),#7773);
#7769 = LINE('',#7770,#7771);
#7770 = CARTESIAN_POINT('',(0.,-3.));
#7771 = VECTOR('',#7772,1.);
#7772 = DIRECTION('',(1.,0.));
#7773 = ( GEOMETRIC_REPRESENTATION_CONTEXT(2) 
PARAMETRIC_REPRESENTATION_CONTEXT() REPRESENTATION_CONTEXT('2D SPACE',''
  ) );
#7774 = PCURVE('',#7162,#7775);
#7775 = DEFINITIONAL_REPRESENTATION('',(#7776),#7780);
#7776 = B_SPLINE_CURVE_WITH_KNOTS('',2,(#7777,#7778,#7779),
  .UNSPECIFIED.,.F.,.F.,(3,3),(0.,1.),.PIECEWISE_BEZIER_KNOTS.);
#7777 = CARTESIAN_POINT('',(1.278214175259,1.427456089798));
#7778 = CARTESIAN_POINT('',(1.100940049258,1.716676837083));
#7779 = CARTESIAN_POINT('',(0.942313569885,2.155200240428));
#7780 = ( GEOMETRIC_REPRESENTATION_CONTEXT(2) 
PARAMETRIC_REPRESENTATION_CONTEXT() REPRESENTATION_CONTEXT('2D SPACE',''
  ) );
#7781 = ORIENTED_EDGE('',*,*,#7689,.F.);
#7782 = ORIENTED_EDGE('',*,*,#3410,.F.);
#7783 = ADVANCED_FACE('',(#7784),#3396,.T.);
#7784 = FACE_BOUND('',#7785,.T.);
#7785 = EDGE_LOOP('',(#7786,#7809,#7830,#7831));
#7786 = ORIENTED_EDGE('',*,*,#7787,.T.);
#7787 = EDGE_CURVE('',#3351,#7788,#7790,.T.);
#7788 = VERTEX_POINT('',#7789);
#7789 = CARTESIAN_POINT('',(1.903305157157,-102.7811504049,
    100.36928096904));
#7790 = SURFACE_CURVE('',#7791,(#7795,#7802),.PCURVE_S1.);
#7791 = LINE('',#7792,#7793);
#7792 = CARTESIAN_POINT('',(1.903305157157,-99.7811504049,
    100.36928096904));
#7793 = VECTOR('',#7794,1.);
#7794 = DIRECTION('',(0.,-1.,1.110223024625E-16));
#7795 = PCURVE('',#3396,#7796);
#7796 = DEFINITIONAL_REPRESENTATION('',(#7797),#7801);
#7797 = LINE('',#7798,#7799);
#7798 = CARTESIAN_POINT('',(0.,0.));
#7799 = VECTOR('',#7800,1.);
#7800 = DIRECTION('',(0.,-1.));
#7801 = ( GEOMETRIC_REPRESENTATION_CONTEXT(2) 
PARAMETRIC_REPRESENTATION_CONTEXT() REPRESENTATION_CONTEXT('2D SPACE',''
  ) );
#7802 = PCURVE('',#3366,#7803);
#7803 = DEFINITIONAL_REPRESENTATION('',(#7804),#7808);
#7804 = LINE('',#7805,#7806);
#7805 = CARTESIAN_POINT('',(1.,0.));
#7806 = VECTOR('',#7807,1.);
#7807 = DIRECTION('',(0.,-1.));
#7808 = ( GEOMETRIC_REPRESENTATION_CONTEXT(2) 
PARAMETRIC_REPRESENTATION_CONTEXT() REPRESENTATION_CONTEXT('2D SPACE',''
  ) );
#7809 = ORIENTED_EDGE('',*,*,#7810,.T.);
#7810 = EDGE_CURVE('',#7788,#7739,#7811,.T.);
#7811 = SURFACE_CURVE('',#7812,(#7816,#7823),.PCURVE_S1.);
#7812 = B_SPLINE_CURVE_WITH_KNOTS('',2,(#7813,#7814,#7815),
  .UNSPECIFIED.,.F.,.F.,(3,3),(0.,1.),.PIECEWISE_BEZIER_KNOTS.);
#7813 = CARTESIAN_POINT('',(1.903305157157,-102.7811504049,
    100.36928096904));
#7814 = CARTESIAN_POINT('',(1.55811109923,-102.7811504049,
    100.75180069098));
#7815 = CARTESIAN_POINT('',(1.380836973229,-102.7811504049,
    101.04102143827));
#7816 = PCURVE('',#3396,#7817);
#7817 = DEFINITIONAL_REPRESENTATION('',(#7818),#7822);
#7818 = LINE('',#7819,#7820);
#7819 = CARTESIAN_POINT('',(0.,-3.));
#7820 = VECTOR('',#7821,1.);
#7821 = DIRECTION('',(1.,0.));
#7822 = ( GEOMETRIC_REPRESENTATION_CONTEXT(2) 
PARAMETRIC_REPRESENTATION_CONTEXT() REPRESENTATION_CONTEXT('2D SPACE',''
  ) );
#7823 = PCURVE('',#7162,#7824);
#7824 = DEFINITIONAL_REPRESENTATION('',(#7825),#7829);
#7825 = B_SPLINE_CURVE_WITH_KNOTS('',2,(#7826,#7827,#7828),
  .UNSPECIFIED.,.F.,.F.,(3,3),(0.,1.),.PIECEWISE_BEZIER_KNOTS.);
#7826 = CARTESIAN_POINT('',(1.800682359187,0.755715620571));
#7827 = CARTESIAN_POINT('',(1.455488301259,1.138235342513));
#7828 = CARTESIAN_POINT('',(1.278214175259,1.427456089798));
#7829 = ( GEOMETRIC_REPRESENTATION_CONTEXT(2) 
PARAMETRIC_REPRESENTATION_CONTEXT() REPRESENTATION_CONTEXT('2D SPACE',''
  ) );
#7830 = ORIENTED_EDGE('',*,*,#7738,.F.);
#7831 = ORIENTED_EDGE('',*,*,#3380,.F.);
#7832 = ADVANCED_FACE('',(#7833),#3366,.T.);
#7833 = FACE_BOUND('',#7834,.T.);
#7834 = EDGE_LOOP('',(#7835,#7858,#7879,#7880));
#7835 = ORIENTED_EDGE('',*,*,#7836,.T.);
#7836 = EDGE_CURVE('',#3321,#7837,#7839,.T.);
#7837 = VERTEX_POINT('',#7838);
#7838 = CARTESIAN_POINT('',(2.668344601042,-102.7811504049,
    99.753513810457));
#7839 = SURFACE_CURVE('',#7840,(#7844,#7851),.PCURVE_S1.);
#7840 = LINE('',#7841,#7842);
#7841 = CARTESIAN_POINT('',(2.668344601042,-99.7811504049,
    99.753513810457));
#7842 = VECTOR('',#7843,1.);
#7843 = DIRECTION('',(0.,-1.,1.110223024625E-16));
#7844 = PCURVE('',#3366,#7845);
#7845 = DEFINITIONAL_REPRESENTATION('',(#7846),#7850);
#7846 = LINE('',#7847,#7848);
#7847 = CARTESIAN_POINT('',(0.,0.));
#7848 = VECTOR('',#7849,1.);
#7849 = DIRECTION('',(0.,-1.));
#7850 = ( GEOMETRIC_REPRESENTATION_CONTEXT(2) 
PARAMETRIC_REPRESENTATION_CONTEXT() REPRESENTATION_CONTEXT('2D SPACE',''
  ) );
#7851 = PCURVE('',#3336,#7852);
#7852 = DEFINITIONAL_REPRESENTATION('',(#7853),#7857);
#7853 = LINE('',#7854,#7855);
#7854 = CARTESIAN_POINT('',(1.,0.));
#7855 = VECTOR('',#7856,1.);
#7856 = DIRECTION('',(0.,-1.));
#7857 = ( GEOMETRIC_REPRESENTATION_CONTEXT(2) 
PARAMETRIC_REPRESENTATION_CONTEXT() REPRESENTATION_CONTEXT('2D SPACE',''
  ) );
#7858 = ORIENTED_EDGE('',*,*,#7859,.T.);
#7859 = EDGE_CURVE('',#7837,#7788,#7860,.T.);
#7860 = SURFACE_CURVE('',#7861,(#7865,#7872),.PCURVE_S1.);
#7861 = B_SPLINE_CURVE_WITH_KNOTS('',2,(#7862,#7863,#7864),
  .UNSPECIFIED.,.F.,.F.,(3,3),(0.,1.),.PIECEWISE_BEZIER_KNOTS.);
#7862 = CARTESIAN_POINT('',(2.668344601042,-102.7811504049,
    99.753513810457));
#7863 = CARTESIAN_POINT('',(2.248499215085,-102.7811504049,99.9867612471
    ));
#7864 = CARTESIAN_POINT('',(1.903305157157,-102.7811504049,
    100.36928096904));
#7865 = PCURVE('',#3366,#7866);
#7866 = DEFINITIONAL_REPRESENTATION('',(#7867),#7871);
#7867 = LINE('',#7868,#7869);
#7868 = CARTESIAN_POINT('',(0.,-3.));
#7869 = VECTOR('',#7870,1.);
#7870 = DIRECTION('',(1.,0.));
#7871 = ( GEOMETRIC_REPRESENTATION_CONTEXT(2) 
PARAMETRIC_REPRESENTATION_CONTEXT() REPRESENTATION_CONTEXT('2D SPACE',''
  ) );
#7872 = PCURVE('',#7162,#7873);
#7873 = DEFINITIONAL_REPRESENTATION('',(#7874),#7878);
#7874 = B_SPLINE_CURVE_WITH_KNOTS('',2,(#7875,#7876,#7877),
  .UNSPECIFIED.,.F.,.F.,(3,3),(0.,1.),.PIECEWISE_BEZIER_KNOTS.);
#7875 = CARTESIAN_POINT('',(2.565721803071,0.139948461986));
#7876 = CARTESIAN_POINT('',(2.145876417114,0.373195898629));
#7877 = CARTESIAN_POINT('',(1.800682359187,0.755715620571));
#7878 = ( GEOMETRIC_REPRESENTATION_CONTEXT(2) 
PARAMETRIC_REPRESENTATION_CONTEXT() REPRESENTATION_CONTEXT('2D SPACE',''
  ) );
#7879 = ORIENTED_EDGE('',*,*,#7787,.F.);
#7880 = ORIENTED_EDGE('',*,*,#3350,.F.);
#7881 = ADVANCED_FACE('',(#7882),#3336,.T.);
#7882 = FACE_BOUND('',#7883,.T.);
#7883 = EDGE_LOOP('',(#7884,#7907,#7928,#7929));
#7884 = ORIENTED_EDGE('',*,*,#7885,.T.);
#7885 = EDGE_CURVE('',#3291,#7886,#7888,.T.);
#7886 = VERTEX_POINT('',#7887);
#7887 = CARTESIAN_POINT('',(3.731958986285,-102.7811504049,
    99.352316071128));
#7888 = SURFACE_CURVE('',#7889,(#7893,#7900),.PCURVE_S1.);
#7889 = LINE('',#7890,#7891);
#7890 = CARTESIAN_POINT('',(3.731958986285,-99.7811504049,
    99.352316071128));
#7891 = VECTOR('',#7892,1.);
#7892 = DIRECTION('',(0.,-1.,1.110223024625E-16));
#7893 = PCURVE('',#3336,#7894);
#7894 = DEFINITIONAL_REPRESENTATION('',(#7895),#7899);
#7895 = LINE('',#7896,#7897);
#7896 = CARTESIAN_POINT('',(0.,0.));
#7897 = VECTOR('',#7898,1.);
#7898 = DIRECTION('',(0.,-1.));
#7899 = ( GEOMETRIC_REPRESENTATION_CONTEXT(2) 
PARAMETRIC_REPRESENTATION_CONTEXT() REPRESENTATION_CONTEXT('2D SPACE',''
  ) );
#7900 = PCURVE('',#3306,#7901);
#7901 = DEFINITIONAL_REPRESENTATION('',(#7902),#7906);
#7902 = LINE('',#7903,#7904);
#7903 = CARTESIAN_POINT('',(1.,0.));
#7904 = VECTOR('',#7905,1.);
#7905 = DIRECTION('',(0.,-1.));
#7906 = ( GEOMETRIC_REPRESENTATION_CONTEXT(2) 
PARAMETRIC_REPRESENTATION_CONTEXT() REPRESENTATION_CONTEXT('2D SPACE',''
  ) );
#7907 = ORIENTED_EDGE('',*,*,#7908,.T.);
#7908 = EDGE_CURVE('',#7886,#7837,#7909,.T.);
#7909 = SURFACE_CURVE('',#7910,(#7914,#7921),.PCURVE_S1.);
#7910 = B_SPLINE_CURVE_WITH_KNOTS('',2,(#7911,#7912,#7913),
  .UNSPECIFIED.,.F.,.F.,(3,3),(0.,1.),.PIECEWISE_BEZIER_KNOTS.);
#7911 = CARTESIAN_POINT('',(3.731958986285,-102.7811504049,
    99.352316071128));
#7912 = CARTESIAN_POINT('',(3.088189986999,-102.7811504049,
    99.520266373814));
#7913 = CARTESIAN_POINT('',(2.668344601042,-102.7811504049,
    99.753513810457));
#7914 = PCURVE('',#3336,#7915);
#7915 = DEFINITIONAL_REPRESENTATION('',(#7916),#7920);
#7916 = LINE('',#7917,#7918);
#7917 = CARTESIAN_POINT('',(0.,-3.));
#7918 = VECTOR('',#7919,1.);
#7919 = DIRECTION('',(1.,0.));
#7920 = ( GEOMETRIC_REPRESENTATION_CONTEXT(2) 
PARAMETRIC_REPRESENTATION_CONTEXT() REPRESENTATION_CONTEXT('2D SPACE',''
  ) );
#7921 = PCURVE('',#7162,#7922);
#7922 = DEFINITIONAL_REPRESENTATION('',(#7923),#7927);
#7923 = B_SPLINE_CURVE_WITH_KNOTS('',2,(#7924,#7925,#7926),
  .UNSPECIFIED.,.F.,.F.,(3,3),(0.,1.),.PIECEWISE_BEZIER_KNOTS.);
#7924 = CARTESIAN_POINT('',(3.629336188314,-0.261249277344));
#7925 = CARTESIAN_POINT('',(2.985567189028,-9.329897465713E-02));
#7926 = CARTESIAN_POINT('',(2.565721803071,0.139948461986));
#7927 = ( GEOMETRIC_REPRESENTATION_CONTEXT(2) 
PARAMETRIC_REPRESENTATION_CONTEXT() REPRESENTATION_CONTEXT('2D SPACE',''
  ) );
#7928 = ORIENTED_EDGE('',*,*,#7836,.F.);
#7929 = ORIENTED_EDGE('',*,*,#3320,.F.);
#7930 = ADVANCED_FACE('',(#7931),#3306,.T.);
#7931 = FACE_BOUND('',#7932,.T.);
#7932 = EDGE_LOOP('',(#7933,#7956,#7977,#7978));
#7933 = ORIENTED_EDGE('',*,*,#7934,.T.);
#7934 = EDGE_CURVE('',#3261,#7935,#7937,.T.);
#7935 = VERTEX_POINT('',#7936);
#7936 = CARTESIAN_POINT('',(5.140767429456,-102.7811504049,
    99.184365768441));
#7937 = SURFACE_CURVE('',#7938,(#7942,#7949),.PCURVE_S1.);
#7938 = LINE('',#7939,#7940);
#7939 = CARTESIAN_POINT('',(5.140767429456,-99.7811504049,
    99.184365768441));
#7940 = VECTOR('',#7941,1.);
#7941 = DIRECTION('',(0.,-1.,1.110223024625E-16));
#7942 = PCURVE('',#3306,#7943);
#7943 = DEFINITIONAL_REPRESENTATION('',(#7944),#7948);
#7944 = LINE('',#7945,#7946);
#7945 = CARTESIAN_POINT('',(0.,0.));
#7946 = VECTOR('',#7947,1.);
#7947 = DIRECTION('',(0.,-1.));
#7948 = ( GEOMETRIC_REPRESENTATION_CONTEXT(2) 
PARAMETRIC_REPRESENTATION_CONTEXT() REPRESENTATION_CONTEXT('2D SPACE',''
  ) );
#7949 = PCURVE('',#3276,#7950);
#7950 = DEFINITIONAL_REPRESENTATION('',(#7951),#7955);
#7951 = LINE('',#7952,#7953);
#7952 = CARTESIAN_POINT('',(1.,0.));
#7953 = VECTOR('',#7954,1.);
#7954 = DIRECTION('',(0.,-1.));
#7955 = ( GEOMETRIC_REPRESENTATION_CONTEXT(2) 
PARAMETRIC_REPRESENTATION_CONTEXT() REPRESENTATION_CONTEXT('2D SPACE',''
  ) );
#7956 = ORIENTED_EDGE('',*,*,#7957,.T.);
#7957 = EDGE_CURVE('',#7935,#7886,#7958,.T.);
#7958 = SURFACE_CURVE('',#7959,(#7963,#7970),.PCURVE_S1.);
#7959 = B_SPLINE_CURVE_WITH_KNOTS('',2,(#7960,#7961,#7962),
  .UNSPECIFIED.,.F.,.F.,(3,3),(0.,1.),.PIECEWISE_BEZIER_KNOTS.);
#7960 = CARTESIAN_POINT('',(5.140767429456,-102.7811504049,
    99.184365768441));
#7961 = CARTESIAN_POINT('',(4.375727985571,-102.7811504049,
    99.184365768441));
#7962 = CARTESIAN_POINT('',(3.731958986285,-102.7811504049,
    99.352316071128));
#7963 = PCURVE('',#3306,#7964);
#7964 = DEFINITIONAL_REPRESENTATION('',(#7965),#7969);
#7965 = LINE('',#7966,#7967);
#7966 = CARTESIAN_POINT('',(0.,-3.));
#7967 = VECTOR('',#7968,1.);
#7968 = DIRECTION('',(1.,0.));
#7969 = ( GEOMETRIC_REPRESENTATION_CONTEXT(2) 
PARAMETRIC_REPRESENTATION_CONTEXT() REPRESENTATION_CONTEXT('2D SPACE',''
  ) );
#7970 = PCURVE('',#7162,#7971);
#7971 = DEFINITIONAL_REPRESENTATION('',(#7972),#7976);
#7972 = B_SPLINE_CURVE_WITH_KNOTS('',2,(#7973,#7974,#7975),
  .UNSPECIFIED.,.F.,.F.,(3,3),(0.,1.),.PIECEWISE_BEZIER_KNOTS.);
#7973 = CARTESIAN_POINT('',(5.038144631485,-0.429199580031));
#7974 = CARTESIAN_POINT('',(4.2731051876,-0.429199580031));
#7975 = CARTESIAN_POINT('',(3.629336188314,-0.261249277344));
#7976 = ( GEOMETRIC_REPRESENTATION_CONTEXT(2) 
PARAMETRIC_REPRESENTATION_CONTEXT() REPRESENTATION_CONTEXT('2D SPACE',''
  ) );
#7977 = ORIENTED_EDGE('',*,*,#7885,.F.);
#7978 = ORIENTED_EDGE('',*,*,#3290,.F.);
#7979 = ADVANCED_FACE('',(#7980),#3276,.T.);
#7980 = FACE_BOUND('',#7981,.T.);
#7981 = EDGE_LOOP('',(#7982,#8005,#8026,#8027));
#7982 = ORIENTED_EDGE('',*,*,#7983,.T.);
#7983 = EDGE_CURVE('',#3231,#7984,#7986,.T.);
#7984 = VERTEX_POINT('',#7985);
#7985 = CARTESIAN_POINT('',(8.406231542455,-102.7811504049,
    100.50922943102));
#7986 = SURFACE_CURVE('',#7987,(#7991,#7998),.PCURVE_S1.);
#7987 = LINE('',#7988,#7989);
#7988 = CARTESIAN_POINT('',(8.406231542455,-99.7811504049,
    100.50922943102));
#7989 = VECTOR('',#7990,1.);
#7990 = DIRECTION('',(0.,-1.,1.110223024625E-16));
#7991 = PCURVE('',#3276,#7992);
#7992 = DEFINITIONAL_REPRESENTATION('',(#7993),#7997);
#7993 = LINE('',#7994,#7995);
#7994 = CARTESIAN_POINT('',(0.,0.));
#7995 = VECTOR('',#7996,1.);
#7996 = DIRECTION('',(0.,-1.));
#7997 = ( GEOMETRIC_REPRESENTATION_CONTEXT(2) 
PARAMETRIC_REPRESENTATION_CONTEXT() REPRESENTATION_CONTEXT('2D SPACE',''
  ) );
#7998 = PCURVE('',#3246,#7999);
#7999 = DEFINITIONAL_REPRESENTATION('',(#8000),#8004);
#8000 = LINE('',#8001,#8002);
#8001 = CARTESIAN_POINT('',(1.,0.));
#8002 = VECTOR('',#8003,1.);
#8003 = DIRECTION('',(0.,-1.));
#8004 = ( GEOMETRIC_REPRESENTATION_CONTEXT(2) 
PARAMETRIC_REPRESENTATION_CONTEXT() REPRESENTATION_CONTEXT('2D SPACE',''
  ) );
#8005 = ORIENTED_EDGE('',*,*,#8006,.T.);
#8006 = EDGE_CURVE('',#7984,#7935,#8007,.T.);
#8007 = SURFACE_CURVE('',#8008,(#8012,#8019),.PCURVE_S1.);
#8008 = B_SPLINE_CURVE_WITH_KNOTS('',2,(#8009,#8010,#8011),
  .UNSPECIFIED.,.F.,.F.,(3,3),(0.,1.),.PIECEWISE_BEZIER_KNOTS.);
#8009 = CARTESIAN_POINT('',(8.406231542455,-102.7811504049,
    100.50922943102));
#8010 = CARTESIAN_POINT('',(7.13734119051,-102.7811504049,
    99.184365768441));
#8011 = CARTESIAN_POINT('',(5.140767429456,-102.7811504049,
    99.184365768441));
#8012 = PCURVE('',#3276,#8013);
#8013 = DEFINITIONAL_REPRESENTATION('',(#8014),#8018);
#8014 = LINE('',#8015,#8016);
#8015 = CARTESIAN_POINT('',(0.,-3.));
#8016 = VECTOR('',#8017,1.);
#8017 = DIRECTION('',(1.,0.));
#8018 = ( GEOMETRIC_REPRESENTATION_CONTEXT(2) 
PARAMETRIC_REPRESENTATION_CONTEXT() REPRESENTATION_CONTEXT('2D SPACE',''
  ) );
#8019 = PCURVE('',#7162,#8020);
#8020 = DEFINITIONAL_REPRESENTATION('',(#8021),#8025);
#8021 = B_SPLINE_CURVE_WITH_KNOTS('',2,(#8022,#8023,#8024),
  .UNSPECIFIED.,.F.,.F.,(3,3),(0.,1.),.PIECEWISE_BEZIER_KNOTS.);
#8022 = CARTESIAN_POINT('',(8.303608744484,0.895664082556));
#8023 = CARTESIAN_POINT('',(7.03471839254,-0.429199580031));
#8024 = CARTESIAN_POINT('',(5.038144631485,-0.429199580031));
#8025 = ( GEOMETRIC_REPRESENTATION_CONTEXT(2) 
PARAMETRIC_REPRESENTATION_CONTEXT() REPRESENTATION_CONTEXT('2D SPACE',''
  ) );
#8026 = ORIENTED_EDGE('',*,*,#7934,.F.);
#8027 = ORIENTED_EDGE('',*,*,#3260,.F.);
#8028 = ADVANCED_FACE('',(#8029),#3246,.T.);
#8029 = FACE_BOUND('',#8030,.T.);
#8030 = EDGE_LOOP('',(#8031,#8054,#8075,#8076));
#8031 = ORIENTED_EDGE('',*,*,#8032,.T.);
#8032 = EDGE_CURVE('',#3201,#8033,#8035,.T.);
#8033 = VERTEX_POINT('',#8034);
#8034 = CARTESIAN_POINT('',(9.6751218944,-102.7811504049,103.92396582932
    ));
#8035 = SURFACE_CURVE('',#8036,(#8040,#8047),.PCURVE_S1.);
#8036 = LINE('',#8037,#8038);
#8037 = CARTESIAN_POINT('',(9.6751218944,-99.7811504049,103.92396582932)
  );
#8038 = VECTOR('',#8039,1.);
#8039 = DIRECTION('',(0.,-1.,1.110223024625E-16));
#8040 = PCURVE('',#3246,#8041);
#8041 = DEFINITIONAL_REPRESENTATION('',(#8042),#8046);
#8042 = LINE('',#8043,#8044);
#8043 = CARTESIAN_POINT('',(0.,0.));
#8044 = VECTOR('',#8045,1.);
#8045 = DIRECTION('',(0.,-1.));
#8046 = ( GEOMETRIC_REPRESENTATION_CONTEXT(2) 
PARAMETRIC_REPRESENTATION_CONTEXT() REPRESENTATION_CONTEXT('2D SPACE',''
  ) );
#8047 = PCURVE('',#3216,#8048);
#8048 = DEFINITIONAL_REPRESENTATION('',(#8049),#8053);
#8049 = LINE('',#8050,#8051);
#8050 = CARTESIAN_POINT('',(1.,0.));
#8051 = VECTOR('',#8052,1.);
#8052 = DIRECTION('',(0.,-1.));
#8053 = ( GEOMETRIC_REPRESENTATION_CONTEXT(2) 
PARAMETRIC_REPRESENTATION_CONTEXT() REPRESENTATION_CONTEXT('2D SPACE',''
  ) );
#8054 = ORIENTED_EDGE('',*,*,#8055,.T.);
#8055 = EDGE_CURVE('',#8033,#7984,#8056,.T.);
#8056 = SURFACE_CURVE('',#8057,(#8061,#8068),.PCURVE_S1.);
#8057 = B_SPLINE_CURVE_WITH_KNOTS('',2,(#8058,#8059,#8060),
  .UNSPECIFIED.,.F.,.F.,(3,3),(0.,1.),.PIECEWISE_BEZIER_KNOTS.);
#8058 = CARTESIAN_POINT('',(9.6751218944,-102.7811504049,103.92396582932
    ));
#8059 = CARTESIAN_POINT('',(9.6751218944,-102.7811504049,101.83409309361
    ));
#8060 = CARTESIAN_POINT('',(8.406231542455,-102.7811504049,
    100.50922943102));
#8061 = PCURVE('',#3246,#8062);
#8062 = DEFINITIONAL_REPRESENTATION('',(#8063),#8067);
#8063 = LINE('',#8064,#8065);
#8064 = CARTESIAN_POINT('',(0.,-3.));
#8065 = VECTOR('',#8066,1.);
#8066 = DIRECTION('',(1.,0.));
#8067 = ( GEOMETRIC_REPRESENTATION_CONTEXT(2) 
PARAMETRIC_REPRESENTATION_CONTEXT() REPRESENTATION_CONTEXT('2D SPACE',''
  ) );
#8068 = PCURVE('',#7162,#8069);
#8069 = DEFINITIONAL_REPRESENTATION('',(#8070),#8074);
#8070 = B_SPLINE_CURVE_WITH_KNOTS('',2,(#8071,#8072,#8073),
  .UNSPECIFIED.,.F.,.F.,(3,3),(0.,1.),.PIECEWISE_BEZIER_KNOTS.);
#8071 = CARTESIAN_POINT('',(9.572499096429,4.310400480855));
#8072 = CARTESIAN_POINT('',(9.572499096429,2.220527745144));
#8073 = CARTESIAN_POINT('',(8.303608744484,0.895664082556));
#8074 = ( GEOMETRIC_REPRESENTATION_CONTEXT(2) 
PARAMETRIC_REPRESENTATION_CONTEXT() REPRESENTATION_CONTEXT('2D SPACE',''
  ) );
#8075 = ORIENTED_EDGE('',*,*,#7983,.F.);
#8076 = ORIENTED_EDGE('',*,*,#3230,.F.);
#8077 = ADVANCED_FACE('',(#8078),#3216,.T.);
#8078 = FACE_BOUND('',#8079,.T.);
#8079 = EDGE_LOOP('',(#8080,#8103,#8124,#8125));
#8080 = ORIENTED_EDGE('',*,*,#8081,.T.);
#8081 = EDGE_CURVE('',#3171,#8082,#8084,.T.);
#8082 = VERTEX_POINT('',#8083);
#8083 = CARTESIAN_POINT('',(8.490206693799,-102.7811504049,
    107.10545479098));
#8084 = SURFACE_CURVE('',#8085,(#8089,#8096),.PCURVE_S1.);
#8085 = LINE('',#8086,#8087);
#8086 = CARTESIAN_POINT('',(8.490206693799,-99.7811504049,
    107.10545479098));
#8087 = VECTOR('',#8088,1.);
#8088 = DIRECTION('',(0.,-1.,1.110223024625E-16));
#8089 = PCURVE('',#3216,#8090);
#8090 = DEFINITIONAL_REPRESENTATION('',(#8091),#8095);
#8091 = LINE('',#8092,#8093);
#8092 = CARTESIAN_POINT('',(0.,0.));
#8093 = VECTOR('',#8094,1.);
#8094 = DIRECTION('',(0.,-1.));
#8095 = ( GEOMETRIC_REPRESENTATION_CONTEXT(2) 
PARAMETRIC_REPRESENTATION_CONTEXT() REPRESENTATION_CONTEXT('2D SPACE',''
  ) );
#8096 = PCURVE('',#3186,#8097);
#8097 = DEFINITIONAL_REPRESENTATION('',(#8098),#8102);
#8098 = LINE('',#8099,#8100);
#8099 = CARTESIAN_POINT('',(1.,0.));
#8100 = VECTOR('',#8101,1.);
#8101 = DIRECTION('',(0.,-1.));
#8102 = ( GEOMETRIC_REPRESENTATION_CONTEXT(2) 
PARAMETRIC_REPRESENTATION_CONTEXT() REPRESENTATION_CONTEXT('2D SPACE',''
  ) );
#8103 = ORIENTED_EDGE('',*,*,#8104,.T.);
#8104 = EDGE_CURVE('',#8082,#8033,#8105,.T.);
#8105 = SURFACE_CURVE('',#8106,(#8110,#8117),.PCURVE_S1.);
#8106 = B_SPLINE_CURVE_WITH_KNOTS('',2,(#8107,#8108,#8109),
  .UNSPECIFIED.,.F.,.F.,(3,3),(0.,1.),.PIECEWISE_BEZIER_KNOTS.);
#8107 = CARTESIAN_POINT('',(8.490206693799,-102.7811504049,
    107.10545479098));
#8108 = CARTESIAN_POINT('',(9.6751218944,-102.7811504049,105.88324429712
    ));
#8109 = CARTESIAN_POINT('',(9.6751218944,-102.7811504049,103.92396582932
    ));
#8110 = PCURVE('',#3216,#8111);
#8111 = DEFINITIONAL_REPRESENTATION('',(#8112),#8116);
#8112 = LINE('',#8113,#8114);
#8113 = CARTESIAN_POINT('',(0.,-3.));
#8114 = VECTOR('',#8115,1.);
#8115 = DIRECTION('',(1.,0.));
#8116 = ( GEOMETRIC_REPRESENTATION_CONTEXT(2) 
PARAMETRIC_REPRESENTATION_CONTEXT() REPRESENTATION_CONTEXT('2D SPACE',''
  ) );
#8117 = PCURVE('',#7162,#8118);
#8118 = DEFINITIONAL_REPRESENTATION('',(#8119),#8123);
#8119 = B_SPLINE_CURVE_WITH_KNOTS('',2,(#8120,#8121,#8122),
  .UNSPECIFIED.,.F.,.F.,(3,3),(0.,1.),.PIECEWISE_BEZIER_KNOTS.);
#8120 = CARTESIAN_POINT('',(8.387583895828,7.491889442511));
#8121 = CARTESIAN_POINT('',(9.572499096429,6.269678948655));
#8122 = CARTESIAN_POINT('',(9.572499096429,4.310400480855));
#8123 = ( GEOMETRIC_REPRESENTATION_CONTEXT(2) 
PARAMETRIC_REPRESENTATION_CONTEXT() REPRESENTATION_CONTEXT('2D SPACE',''
  ) );
#8124 = ORIENTED_EDGE('',*,*,#8032,.F.);
#8125 = ORIENTED_EDGE('',*,*,#3200,.F.);
#8126 = ADVANCED_FACE('',(#8127),#3186,.T.);
#8127 = FACE_BOUND('',#8128,.T.);
#8128 = EDGE_LOOP('',(#8129,#8152,#8173,#8174));
#8129 = ORIENTED_EDGE('',*,*,#8130,.T.);
#8130 = EDGE_CURVE('',#3141,#8131,#8133,.T.);
#8131 = VERTEX_POINT('',#8132);
#8132 = CARTESIAN_POINT('',(5.4020167068,-102.7811504049,108.32766528483
    ));
#8133 = SURFACE_CURVE('',#8134,(#8138,#8145),.PCURVE_S1.);
#8134 = LINE('',#8135,#8136);
#8135 = CARTESIAN_POINT('',(5.4020167068,-99.7811504049,108.32766528483)
  );
#8136 = VECTOR('',#8137,1.);
#8137 = DIRECTION('',(0.,-1.,1.110223024625E-16));
#8138 = PCURVE('',#3186,#8139);
#8139 = DEFINITIONAL_REPRESENTATION('',(#8140),#8144);
#8140 = LINE('',#8141,#8142);
#8141 = CARTESIAN_POINT('',(0.,0.));
#8142 = VECTOR('',#8143,1.);
#8143 = DIRECTION('',(0.,-1.));
#8144 = ( GEOMETRIC_REPRESENTATION_CONTEXT(2) 
PARAMETRIC_REPRESENTATION_CONTEXT() REPRESENTATION_CONTEXT('2D SPACE',''
  ) );
#8145 = PCURVE('',#3156,#8146);
#8146 = DEFINITIONAL_REPRESENTATION('',(#8147),#8151);
#8147 = LINE('',#8148,#8149);
#8148 = CARTESIAN_POINT('',(1.,0.));
#8149 = VECTOR('',#8150,1.);
#8150 = DIRECTION('',(0.,-1.));
#8151 = ( GEOMETRIC_REPRESENTATION_CONTEXT(2) 
PARAMETRIC_REPRESENTATION_CONTEXT() REPRESENTATION_CONTEXT('2D SPACE',''
  ) );
#8152 = ORIENTED_EDGE('',*,*,#8153,.T.);
#8153 = EDGE_CURVE('',#8131,#8082,#8154,.T.);
#8154 = SURFACE_CURVE('',#8155,(#8159,#8166),.PCURVE_S1.);
#8155 = B_SPLINE_CURVE_WITH_KNOTS('',2,(#8156,#8157,#8158),
  .UNSPECIFIED.,.F.,.F.,(3,3),(0.,1.),.PIECEWISE_BEZIER_KNOTS.);
#8156 = CARTESIAN_POINT('',(5.4020167068,-102.7811504049,108.32766528483
    ));
#8157 = CARTESIAN_POINT('',(7.305291493197,-102.7811504049,
    108.32766528483));
#8158 = CARTESIAN_POINT('',(8.490206693799,-102.7811504049,
    107.10545479098));
#8159 = PCURVE('',#3186,#8160);
#8160 = DEFINITIONAL_REPRESENTATION('',(#8161),#8165);
#8161 = LINE('',#8162,#8163);
#8162 = CARTESIAN_POINT('',(0.,-3.));
#8163 = VECTOR('',#8164,1.);
#8164 = DIRECTION('',(1.,0.));
#8165 = ( GEOMETRIC_REPRESENTATION_CONTEXT(2) 
PARAMETRIC_REPRESENTATION_CONTEXT() REPRESENTATION_CONTEXT('2D SPACE',''
  ) );
#8166 = PCURVE('',#7162,#8167);
#8167 = DEFINITIONAL_REPRESENTATION('',(#8168),#8172);
#8168 = B_SPLINE_CURVE_WITH_KNOTS('',2,(#8169,#8170,#8171),
  .UNSPECIFIED.,.F.,.F.,(3,3),(0.,1.),.PIECEWISE_BEZIER_KNOTS.);
#8169 = CARTESIAN_POINT('',(5.299393908829,8.714099936368));
#8170 = CARTESIAN_POINT('',(7.202668695226,8.714099936368));
#8171 = CARTESIAN_POINT('',(8.387583895828,7.491889442511));
#8172 = ( GEOMETRIC_REPRESENTATION_CONTEXT(2) 
PARAMETRIC_REPRESENTATION_CONTEXT() REPRESENTATION_CONTEXT('2D SPACE',''
  ) );
#8173 = ORIENTED_EDGE('',*,*,#8081,.F.);
#8174 = ORIENTED_EDGE('',*,*,#3170,.F.);
#8175 = ADVANCED_FACE('',(#8176),#3156,.T.);
#8176 = FACE_BOUND('',#8177,.T.);
#8177 = EDGE_LOOP('',(#8178,#8201,#8222,#8223));
#8178 = ORIENTED_EDGE('',*,*,#8179,.T.);
#8179 = EDGE_CURVE('',#3113,#8180,#8182,.T.);
#8180 = VERTEX_POINT('',#8181);
#8181 = CARTESIAN_POINT('',(2.957595719087,-102.7811504049,
    107.5253305477));
#8182 = SURFACE_CURVE('',#8183,(#8187,#8194),.PCURVE_S1.);
#8183 = LINE('',#8184,#8185);
#8184 = CARTESIAN_POINT('',(2.957595719087,-99.7811504049,107.5253305477
    ));
#8185 = VECTOR('',#8186,1.);
#8186 = DIRECTION('',(0.,-1.,1.110223024625E-16));
#8187 = PCURVE('',#3156,#8188);
#8188 = DEFINITIONAL_REPRESENTATION('',(#8189),#8193);
#8189 = LINE('',#8190,#8191);
#8190 = CARTESIAN_POINT('',(0.,0.));
#8191 = VECTOR('',#8192,1.);
#8192 = DIRECTION('',(0.,-1.));
#8193 = ( GEOMETRIC_REPRESENTATION_CONTEXT(2) 
PARAMETRIC_REPRESENTATION_CONTEXT() REPRESENTATION_CONTEXT('2D SPACE',''
  ) );
#8194 = PCURVE('',#3128,#8195);
#8195 = DEFINITIONAL_REPRESENTATION('',(#8196),#8200);
#8196 = LINE('',#8197,#8198);
#8197 = CARTESIAN_POINT('',(3.731357961646,0.));
#8198 = VECTOR('',#8199,1.);
#8199 = DIRECTION('',(0.,-1.));
#8200 = ( GEOMETRIC_REPRESENTATION_CONTEXT(2) 
PARAMETRIC_REPRESENTATION_CONTEXT() REPRESENTATION_CONTEXT('2D SPACE',''
  ) );
#8201 = ORIENTED_EDGE('',*,*,#8202,.T.);
#8202 = EDGE_CURVE('',#8180,#8131,#8203,.T.);
#8203 = SURFACE_CURVE('',#8204,(#8208,#8215),.PCURVE_S1.);
#8204 = B_SPLINE_CURVE_WITH_KNOTS('',2,(#8205,#8206,#8207),
  .UNSPECIFIED.,.F.,.F.,(3,3),(0.,1.),.PIECEWISE_BEZIER_KNOTS.);
#8205 = CARTESIAN_POINT('',(2.957595719087,-102.7811504049,
    107.5253305477));
#8206 = CARTESIAN_POINT('',(4.058475026825,-102.7811504049,
    108.32766528483));
#8207 = CARTESIAN_POINT('',(5.4020167068,-102.7811504049,108.32766528483
    ));
#8208 = PCURVE('',#3156,#8209);
#8209 = DEFINITIONAL_REPRESENTATION('',(#8210),#8214);
#8210 = LINE('',#8211,#8212);
#8211 = CARTESIAN_POINT('',(0.,-3.));
#8212 = VECTOR('',#8213,1.);
#8213 = DIRECTION('',(1.,0.));
#8214 = ( GEOMETRIC_REPRESENTATION_CONTEXT(2) 
PARAMETRIC_REPRESENTATION_CONTEXT() REPRESENTATION_CONTEXT('2D SPACE',''
  ) );
#8215 = PCURVE('',#7162,#8216);
#8216 = DEFINITIONAL_REPRESENTATION('',(#8217),#8221);
#8217 = B_SPLINE_CURVE_WITH_KNOTS('',2,(#8218,#8219,#8220),
  .UNSPECIFIED.,.F.,.F.,(3,3),(0.,1.),.PIECEWISE_BEZIER_KNOTS.);
#8218 = CARTESIAN_POINT('',(2.854972921116,7.911765199228));
#8219 = CARTESIAN_POINT('',(3.955852228854,8.714099936368));
#8220 = CARTESIAN_POINT('',(5.299393908829,8.714099936368));
#8221 = ( GEOMETRIC_REPRESENTATION_CONTEXT(2) 
PARAMETRIC_REPRESENTATION_CONTEXT() REPRESENTATION_CONTEXT('2D SPACE',''
  ) );
#8222 = ORIENTED_EDGE('',*,*,#8130,.F.);
#8223 = ORIENTED_EDGE('',*,*,#3140,.F.);
#8224 = ADVANCED_FACE('',(#8225),#3128,.T.);
#8225 = FACE_BOUND('',#8226,.T.);
#8226 = EDGE_LOOP('',(#8227,#8250,#8271,#8272));
#8227 = ORIENTED_EDGE('',*,*,#8228,.T.);
#8228 = EDGE_CURVE('',#3085,#8229,#8231,.T.);
#8229 = VERTEX_POINT('',#8230);
#8230 = CARTESIAN_POINT('',(3.480033532255,-102.7811504049,
    111.21993349921));
#8231 = SURFACE_CURVE('',#8232,(#8236,#8243),.PCURVE_S1.);
#8232 = LINE('',#8233,#8234);
#8233 = CARTESIAN_POINT('',(3.480033532255,-99.7811504049,
    111.21993349921));
#8234 = VECTOR('',#8235,1.);
#8235 = DIRECTION('',(0.,-1.,1.110223024625E-16));
#8236 = PCURVE('',#3128,#8237);
#8237 = DEFINITIONAL_REPRESENTATION('',(#8238),#8242);
#8238 = LINE('',#8239,#8240);
#8239 = CARTESIAN_POINT('',(0.,0.));
#8240 = VECTOR('',#8241,1.);
#8241 = DIRECTION('',(0.,-1.));
#8242 = ( GEOMETRIC_REPRESENTATION_CONTEXT(2) 
PARAMETRIC_REPRESENTATION_CONTEXT() REPRESENTATION_CONTEXT('2D SPACE',''
  ) );
#8243 = PCURVE('',#3100,#8244);
#8244 = DEFINITIONAL_REPRESENTATION('',(#8245),#8249);
#8245 = LINE('',#8246,#8247);
#8246 = CARTESIAN_POINT('',(5.504639504771,0.));
#8247 = VECTOR('',#8248,1.);
#8248 = DIRECTION('',(0.,-1.));
#8249 = ( GEOMETRIC_REPRESENTATION_CONTEXT(2) 
PARAMETRIC_REPRESENTATION_CONTEXT() REPRESENTATION_CONTEXT('2D SPACE',''
  ) );
#8250 = ORIENTED_EDGE('',*,*,#8251,.T.);
#8251 = EDGE_CURVE('',#8229,#8180,#8252,.T.);
#8252 = SURFACE_CURVE('',#8253,(#8257,#8264),.PCURVE_S1.);
#8253 = LINE('',#8254,#8255);
#8254 = CARTESIAN_POINT('',(3.480033532255,-102.7811504049,
    111.21993349921));
#8255 = VECTOR('',#8256,1.);
#8256 = DIRECTION('',(-0.140012783158,-1.09928699036E-16,-0.990149696032
    ));
#8257 = PCURVE('',#3128,#8258);
#8258 = DEFINITIONAL_REPRESENTATION('',(#8259),#8263);
#8259 = LINE('',#8260,#8261);
#8260 = CARTESIAN_POINT('',(0.,-3.));
#8261 = VECTOR('',#8262,1.);
#8262 = DIRECTION('',(1.,0.));
#8263 = ( GEOMETRIC_REPRESENTATION_CONTEXT(2) 
PARAMETRIC_REPRESENTATION_CONTEXT() REPRESENTATION_CONTEXT('2D SPACE',''
  ) );
#8264 = PCURVE('',#7162,#8265);
#8265 = DEFINITIONAL_REPRESENTATION('',(#8266),#8270);
#8266 = LINE('',#8267,#8268);
#8267 = CARTESIAN_POINT('',(3.377410734284,11.606368150739));
#8268 = VECTOR('',#8269,1.);
#8269 = DIRECTION('',(-0.140012783158,-0.990149696032));
#8270 = ( GEOMETRIC_REPRESENTATION_CONTEXT(2) 
PARAMETRIC_REPRESENTATION_CONTEXT() REPRESENTATION_CONTEXT('2D SPACE',''
  ) );
#8271 = ORIENTED_EDGE('',*,*,#8179,.F.);
#8272 = ORIENTED_EDGE('',*,*,#3112,.F.);
#8273 = ADVANCED_FACE('',(#8274),#3100,.T.);
#8274 = FACE_BOUND('',#8275,.T.);
#8275 = EDGE_LOOP('',(#8276,#8299,#8320,#8321));
#8276 = ORIENTED_EDGE('',*,*,#8277,.T.);
#8277 = EDGE_CURVE('',#3057,#8278,#8280,.T.);
#8278 = VERTEX_POINT('',#8279);
#8279 = CARTESIAN_POINT('',(8.984673037025,-102.7811504049,
    111.21993349921));
#8280 = SURFACE_CURVE('',#8281,(#8285,#8292),.PCURVE_S1.);
#8281 = LINE('',#8282,#8283);
#8282 = CARTESIAN_POINT('',(8.984673037025,-99.7811504049,
    111.21993349921));
#8283 = VECTOR('',#8284,1.);
#8284 = DIRECTION('',(0.,-1.,1.110223024625E-16));
#8285 = PCURVE('',#3100,#8286);
#8286 = DEFINITIONAL_REPRESENTATION('',(#8287),#8291);
#8287 = LINE('',#8288,#8289);
#8288 = CARTESIAN_POINT('',(0.,-0.));
#8289 = VECTOR('',#8290,1.);
#8290 = DIRECTION('',(0.,-1.));
#8291 = ( GEOMETRIC_REPRESENTATION_CONTEXT(2) 
PARAMETRIC_REPRESENTATION_CONTEXT() REPRESENTATION_CONTEXT('2D SPACE',''
  ) );
#8292 = PCURVE('',#3072,#8293);
#8293 = DEFINITIONAL_REPRESENTATION('',(#8294),#8298);
#8294 = LINE('',#8295,#8296);
#8295 = CARTESIAN_POINT('',(1.623438603946,0.));
#8296 = VECTOR('',#8297,1.);
#8297 = DIRECTION('',(0.,-1.));
#8298 = ( GEOMETRIC_REPRESENTATION_CONTEXT(2) 
PARAMETRIC_REPRESENTATION_CONTEXT() REPRESENTATION_CONTEXT('2D SPACE',''
  ) );
#8299 = ORIENTED_EDGE('',*,*,#8300,.T.);
#8300 = EDGE_CURVE('',#8278,#8229,#8301,.T.);
#8301 = SURFACE_CURVE('',#8302,(#8306,#8313),.PCURVE_S1.);
#8302 = LINE('',#8303,#8304);
#8303 = CARTESIAN_POINT('',(8.984673037025,-102.7811504049,
    111.21993349921));
#8304 = VECTOR('',#8305,1.);
#8305 = DIRECTION('',(-1.,0.,0.));
#8306 = PCURVE('',#3100,#8307);
#8307 = DEFINITIONAL_REPRESENTATION('',(#8308),#8312);
#8308 = LINE('',#8309,#8310);
#8309 = CARTESIAN_POINT('',(0.,-3.));
#8310 = VECTOR('',#8311,1.);
#8311 = DIRECTION('',(1.,0.));
#8312 = ( GEOMETRIC_REPRESENTATION_CONTEXT(2) 
PARAMETRIC_REPRESENTATION_CONTEXT() REPRESENTATION_CONTEXT('2D SPACE',''
  ) );
#8313 = PCURVE('',#7162,#8314);
#8314 = DEFINITIONAL_REPRESENTATION('',(#8315),#8319);
#8315 = LINE('',#8316,#8317);
#8316 = CARTESIAN_POINT('',(8.882050239055,11.606368150739));
#8317 = VECTOR('',#8318,1.);
#8318 = DIRECTION('',(-1.,0.));
#8319 = ( GEOMETRIC_REPRESENTATION_CONTEXT(2) 
PARAMETRIC_REPRESENTATION_CONTEXT() REPRESENTATION_CONTEXT('2D SPACE',''
  ) );
#8320 = ORIENTED_EDGE('',*,*,#8228,.F.);
#8321 = ORIENTED_EDGE('',*,*,#3084,.F.);
#8322 = ADVANCED_FACE('',(#8323),#3072,.T.);
#8323 = FACE_BOUND('',#8324,.T.);
#8324 = EDGE_LOOP('',(#8325,#8348,#8369,#8370));
#8325 = ORIENTED_EDGE('',*,*,#8326,.T.);
#8326 = EDGE_CURVE('',#3029,#8327,#8329,.T.);
#8327 = VERTEX_POINT('',#8328);
#8328 = CARTESIAN_POINT('',(8.984673037025,-102.7811504049,
    112.84337210315));
#8329 = SURFACE_CURVE('',#8330,(#8334,#8341),.PCURVE_S1.);
#8330 = LINE('',#8331,#8332);
#8331 = CARTESIAN_POINT('',(8.984673037025,-99.7811504049,
    112.84337210315));
#8332 = VECTOR('',#8333,1.);
#8333 = DIRECTION('',(0.,-1.,1.110223024625E-16));
#8334 = PCURVE('',#3072,#8335);
#8335 = DEFINITIONAL_REPRESENTATION('',(#8336),#8340);
#8336 = LINE('',#8337,#8338);
#8337 = CARTESIAN_POINT('',(0.,0.));
#8338 = VECTOR('',#8339,1.);
#8339 = DIRECTION('',(0.,-1.));
#8340 = ( GEOMETRIC_REPRESENTATION_CONTEXT(2) 
PARAMETRIC_REPRESENTATION_CONTEXT() REPRESENTATION_CONTEXT('2D SPACE',''
  ) );
#8341 = PCURVE('',#3044,#8342);
#8342 = DEFINITIONAL_REPRESENTATION('',(#8343),#8347);
#8343 = LINE('',#8344,#8345);
#8344 = CARTESIAN_POINT('',(6.829472796598,0.));
#8345 = VECTOR('',#8346,1.);
#8346 = DIRECTION('',(0.,-1.));
#8347 = ( GEOMETRIC_REPRESENTATION_CONTEXT(2) 
PARAMETRIC_REPRESENTATION_CONTEXT() REPRESENTATION_CONTEXT('2D SPACE',''
  ) );
#8348 = ORIENTED_EDGE('',*,*,#8349,.T.);
#8349 = EDGE_CURVE('',#8327,#8278,#8350,.T.);
#8350 = SURFACE_CURVE('',#8351,(#8355,#8362),.PCURVE_S1.);
#8351 = LINE('',#8352,#8353);
#8352 = CARTESIAN_POINT('',(8.984673037025,-102.7811504049,
    112.84337210315));
#8353 = VECTOR('',#8354,1.);
#8354 = DIRECTION('',(0.,-1.110223024625E-16,-1.));
#8355 = PCURVE('',#3072,#8356);
#8356 = DEFINITIONAL_REPRESENTATION('',(#8357),#8361);
#8357 = LINE('',#8358,#8359);
#8358 = CARTESIAN_POINT('',(0.,-3.));
#8359 = VECTOR('',#8360,1.);
#8360 = DIRECTION('',(1.,0.));
#8361 = ( GEOMETRIC_REPRESENTATION_CONTEXT(2) 
PARAMETRIC_REPRESENTATION_CONTEXT() REPRESENTATION_CONTEXT('2D SPACE',''
  ) );
#8362 = PCURVE('',#7162,#8363);
#8363 = DEFINITIONAL_REPRESENTATION('',(#8364),#8368);
#8364 = LINE('',#8365,#8366);
#8365 = CARTESIAN_POINT('',(8.882050239055,13.229806754685));
#8366 = VECTOR('',#8367,1.);
#8367 = DIRECTION('',(0.,-1.));
#8368 = ( GEOMETRIC_REPRESENTATION_CONTEXT(2) 
PARAMETRIC_REPRESENTATION_CONTEXT() REPRESENTATION_CONTEXT('2D SPACE',''
  ) );
#8369 = ORIENTED_EDGE('',*,*,#8277,.F.);
#8370 = ORIENTED_EDGE('',*,*,#3056,.F.);
#8371 = ADVANCED_FACE('',(#8372),#3044,.T.);
#8372 = FACE_BOUND('',#8373,.T.);
#8373 = EDGE_LOOP('',(#8374,#8375,#8396,#8397));
#8374 = ORIENTED_EDGE('',*,*,#7174,.T.);
#8375 = ORIENTED_EDGE('',*,*,#8376,.T.);
#8376 = EDGE_CURVE('',#7147,#8327,#8377,.T.);
#8377 = SURFACE_CURVE('',#8378,(#8382,#8389),.PCURVE_S1.);
#8378 = LINE('',#8379,#8380);
#8379 = CARTESIAN_POINT('',(2.155200240428,-102.7811504049,
    112.84337210315));
#8380 = VECTOR('',#8381,1.);
#8381 = DIRECTION('',(1.,0.,0.));
#8382 = PCURVE('',#3044,#8383);
#8383 = DEFINITIONAL_REPRESENTATION('',(#8384),#8388);
#8384 = LINE('',#8385,#8386);
#8385 = CARTESIAN_POINT('',(0.,-3.));
#8386 = VECTOR('',#8387,1.);
#8387 = DIRECTION('',(1.,0.));
#8388 = ( GEOMETRIC_REPRESENTATION_CONTEXT(2) 
PARAMETRIC_REPRESENTATION_CONTEXT() REPRESENTATION_CONTEXT('2D SPACE',''
  ) );
#8389 = PCURVE('',#7162,#8390);
#8390 = DEFINITIONAL_REPRESENTATION('',(#8391),#8395);
#8391 = LINE('',#8392,#8393);
#8392 = CARTESIAN_POINT('',(2.052577442457,13.229806754685));
#8393 = VECTOR('',#8394,1.);
#8394 = DIRECTION('',(1.,0.));
#8395 = ( GEOMETRIC_REPRESENTATION_CONTEXT(2) 
PARAMETRIC_REPRESENTATION_CONTEXT() REPRESENTATION_CONTEXT('2D SPACE',''
  ) );
#8396 = ORIENTED_EDGE('',*,*,#8326,.F.);
#8397 = ORIENTED_EDGE('',*,*,#3028,.F.);
#8398 = ADVANCED_FACE('',(#8399),#3805,.T.);
#8399 = FACE_BOUND('',#8400,.T.);
#8400 = EDGE_LOOP('',(#8401,#8424,#8450,#8451));
#8401 = ORIENTED_EDGE('',*,*,#8402,.T.);
#8402 = EDGE_CURVE('',#3769,#8403,#8405,.T.);
#8403 = VERTEX_POINT('',#8404);
#8404 = CARTESIAN_POINT('',(-76.35502374219,0.,232.62728018916));
#8405 = SEAM_CURVE('',#8406,(#8411,#8417),.PCURVE_S1.);
#8406 = CIRCLE('',#8407,3.614841704776);
#8407 = AXIS2_PLACEMENT_3D('',#8408,#8409,#8410);
#8408 = CARTESIAN_POINT('',(-73.13662861289,6.429395695524E-15,
    230.98137212905));
#8409 = DIRECTION('',(0.,1.,0.));
#8410 = DIRECTION('',(0.,0.,-1.));
#8411 = PCURVE('',#3805,#8412);
#8412 = DEFINITIONAL_REPRESENTATION('',(#8413),#8416);
#8413 = B_SPLINE_CURVE_WITH_KNOTS('',1,(#8414,#8415),.UNSPECIFIED.,.F.,
  .F.,(2,2),(0.994210949596,2.043527408752),.PIECEWISE_BEZIER_KNOTS.);
#8414 = CARTESIAN_POINT('',(0.994210949596,3.14159265359));
#8415 = CARTESIAN_POINT('',(2.043527408752,3.14159265359));
#8416 = ( GEOMETRIC_REPRESENTATION_CONTEXT(2) 
PARAMETRIC_REPRESENTATION_CONTEXT() REPRESENTATION_CONTEXT('2D SPACE',''
  ) );
#8417 = PCURVE('',#3805,#8418);
#8418 = DEFINITIONAL_REPRESENTATION('',(#8419),#8423);
#8419 = LINE('',#8420,#8421);
#8420 = CARTESIAN_POINT('',(0.,9.424777960769));
#8421 = VECTOR('',#8422,1.);
#8422 = DIRECTION('',(1.,0.));
#8423 = ( GEOMETRIC_REPRESENTATION_CONTEXT(2) 
PARAMETRIC_REPRESENTATION_CONTEXT() REPRESENTATION_CONTEXT('2D SPACE',''
  ) );
#8424 = ORIENTED_EDGE('',*,*,#8425,.T.);
#8425 = EDGE_CURVE('',#8403,#8403,#8426,.T.);
#8426 = SURFACE_CURVE('',#8427,(#8432,#8439),.PCURVE_S1.);
#8427 = CIRCLE('',#8428,17.5);
#8428 = AXIS2_PLACEMENT_3D('',#8429,#8430,#8431);
#8429 = CARTESIAN_POINT('',(-91.93576540738,0.,240.59537212905));
#8430 = DIRECTION('',(-0.455319539423,0.,-0.890328095154));
#8431 = DIRECTION('',(-0.890328095154,0.,0.455319539423));
#8432 = PCURVE('',#3805,#8433);
#8433 = DEFINITIONAL_REPRESENTATION('',(#8434),#8438);
#8434 = LINE('',#8435,#8436);
#8435 = CARTESIAN_POINT('',(2.043527408752,0.));
#8436 = VECTOR('',#8437,1.);
#8437 = DIRECTION('',(0.,1.));
#8438 = ( GEOMETRIC_REPRESENTATION_CONTEXT(2) 
PARAMETRIC_REPRESENTATION_CONTEXT() REPRESENTATION_CONTEXT('2D SPACE',''
  ) );
#8439 = PCURVE('',#8440,#8445);
#8440 = CYLINDRICAL_SURFACE('',#8441,17.5);
#8441 = AXIS2_PLACEMENT_3D('',#8442,#8443,#8444);
#8442 = CARTESIAN_POINT('',(-91.93576540738,0.,240.59537212905));
#8443 = DIRECTION('',(0.455319539423,0.,0.890328095154));
#8444 = DIRECTION('',(0.890328095154,0.,-0.455319539423));
#8445 = DEFINITIONAL_REPRESENTATION('',(#8446),#8449);
#8446 = B_SPLINE_CURVE_WITH_KNOTS('',1,(#8447,#8448),.UNSPECIFIED.,.F.,
  .F.,(2,2),(3.14159265359,9.424777960769),.PIECEWISE_BEZIER_KNOTS.);
#8447 = CARTESIAN_POINT('',(6.28318530718,0.));
#8448 = CARTESIAN_POINT('',(0.,0.));
#8449 = ( GEOMETRIC_REPRESENTATION_CONTEXT(2) 
PARAMETRIC_REPRESENTATION_CONTEXT() REPRESENTATION_CONTEXT('2D SPACE',''
  ) );
#8450 = ORIENTED_EDGE('',*,*,#8402,.F.);
#8451 = ORIENTED_EDGE('',*,*,#3790,.T.);
#8452 = ADVANCED_FACE('',(#8453),#3859,.T.);
#8453 = FACE_BOUND('',#8454,.T.);
#8454 = EDGE_LOOP('',(#8455,#8477,#8478,#8479));
#8455 = ORIENTED_EDGE('',*,*,#8456,.T.);
#8456 = EDGE_CURVE('',#8457,#3821,#8459,.T.);
#8457 = VERTEX_POINT('',#8458);
#8458 = CARTESIAN_POINT('',(62.500863078607,0.,259.71759238882));
#8459 = SEAM_CURVE('',#8460,(#8464,#8470),.PCURVE_S1.);
#8460 = LINE('',#8461,#8462);
#8461 = CARTESIAN_POINT('',(62.500863078607,0.,259.71759238882));
#8462 = VECTOR('',#8463,1.);
#8463 = DIRECTION('',(0.455319539423,0.,-0.890328095154));
#8464 = PCURVE('',#3859,#8465);
#8465 = DEFINITIONAL_REPRESENTATION('',(#8466),#8469);
#8466 = B_SPLINE_CURVE_WITH_KNOTS('',1,(#8467,#8468),.UNSPECIFIED.,.F.,
  .F.,(2,2),(0.,30.427336088883),.PIECEWISE_BEZIER_KNOTS.);
#8467 = CARTESIAN_POINT('',(6.28318530718,0.));
#8468 = CARTESIAN_POINT('',(6.28318530718,30.427336088883));
#8469 = ( GEOMETRIC_REPRESENTATION_CONTEXT(2) 
PARAMETRIC_REPRESENTATION_CONTEXT() REPRESENTATION_CONTEXT('2D SPACE',''
  ) );
#8470 = PCURVE('',#3859,#8471);
#8471 = DEFINITIONAL_REPRESENTATION('',(#8472),#8476);
#8472 = LINE('',#8473,#8474);
#8473 = CARTESIAN_POINT('',(0.,0.));
#8474 = VECTOR('',#8475,1.);
#8475 = DIRECTION('',(0.,1.));
#8476 = ( GEOMETRIC_REPRESENTATION_CONTEXT(2) 
PARAMETRIC_REPRESENTATION_CONTEXT() REPRESENTATION_CONTEXT('2D SPACE',''
  ) );
#8477 = ORIENTED_EDGE('',*,*,#3845,.F.);
#8478 = ORIENTED_EDGE('',*,*,#8456,.F.);
#8479 = ORIENTED_EDGE('',*,*,#8480,.F.);
#8480 = EDGE_CURVE('',#8457,#8457,#8481,.T.);
#8481 = SURFACE_CURVE('',#8482,(#8487,#8493),.PCURVE_S1.);
#8482 = CIRCLE('',#8483,17.5);
#8483 = AXIS2_PLACEMENT_3D('',#8484,#8485,#8486);
#8484 = CARTESIAN_POINT('',(78.081604743796,0.,267.68568432872));
#8485 = DIRECTION('',(-0.455319539423,-0.,0.890328095154));
#8486 = DIRECTION('',(0.890328095154,0.,0.455319539423));
#8487 = PCURVE('',#3859,#8488);
#8488 = DEFINITIONAL_REPRESENTATION('',(#8489),#8492);
#8489 = B_SPLINE_CURVE_WITH_KNOTS('',1,(#8490,#8491),.UNSPECIFIED.,.F.,
  .F.,(2,2),(3.14159265359,9.424777960769),.PIECEWISE_BEZIER_KNOTS.);
#8490 = CARTESIAN_POINT('',(6.28318530718,0.));
#8491 = CARTESIAN_POINT('',(0.,0.));
#8492 = ( GEOMETRIC_REPRESENTATION_CONTEXT(2) 
PARAMETRIC_REPRESENTATION_CONTEXT() REPRESENTATION_CONTEXT('2D SPACE',''
  ) );
#8493 = PCURVE('',#8494,#8499);
#8494 = TOROIDAL_SURFACE('',#8495,21.114841704776,17.5);
#8495 = AXIS2_PLACEMENT_3D('',#8496,#8497,#8498);
#8496 = CARTESIAN_POINT('',(59.282467949312,0.,258.07168432872));
#8497 = DIRECTION('',(-0.,1.,0.));
#8498 = DIRECTION('',(0.,0.,1.));
#8499 = DEFINITIONAL_REPRESENTATION('',(#8500),#8504);
#8500 = LINE('',#8501,#8502);
#8501 = CARTESIAN_POINT('',(1.098065244838,0.));
#8502 = VECTOR('',#8503,1.);
#8503 = DIRECTION('',(0.,1.));
#8504 = ( GEOMETRIC_REPRESENTATION_CONTEXT(2) 
PARAMETRIC_REPRESENTATION_CONTEXT() REPRESENTATION_CONTEXT('2D SPACE',''
  ) );
#8505 = ADVANCED_FACE('',(#8506),#3913,.T.);
#8506 = FACE_BOUND('',#8507,.F.);
#8507 = EDGE_LOOP('',(#8508,#8509,#8510,#8511,#8512,#8513,#8514,#8515,
    #8516,#8517,#8518,#8519));
#8508 = ORIENTED_EDGE('',*,*,#4441,.T.);
#8509 = ORIENTED_EDGE('',*,*,#4414,.T.);
#8510 = ORIENTED_EDGE('',*,*,#4365,.T.);
#8511 = ORIENTED_EDGE('',*,*,#4316,.T.);
#8512 = ORIENTED_EDGE('',*,*,#4267,.T.);
#8513 = ORIENTED_EDGE('',*,*,#4218,.T.);
#8514 = ORIENTED_EDGE('',*,*,#4169,.T.);
#8515 = ORIENTED_EDGE('',*,*,#4120,.T.);
#8516 = ORIENTED_EDGE('',*,*,#4071,.T.);
#8517 = ORIENTED_EDGE('',*,*,#4022,.T.);
#8518 = ORIENTED_EDGE('',*,*,#3973,.T.);
#8519 = ORIENTED_EDGE('',*,*,#3897,.T.);
#8520 = ADVANCED_FACE('',(#8521),#4506,.T.);
#8521 = FACE_BOUND('',#8522,.F.);
#8522 = EDGE_LOOP('',(#8523,#8524,#8525,#8526,#8527,#8528,#8529,#8530,
    #8531,#8532,#8533,#8534,#8535,#8536,#8537,#8538,#8539,#8540,#8541,
    #8542,#8543,#8544,#8545,#8546,#8547,#8548,#8549,#8550,#8551));
#8523 = ORIENTED_EDGE('',*,*,#5867,.T.);
#8524 = ORIENTED_EDGE('',*,*,#5840,.T.);
#8525 = ORIENTED_EDGE('',*,*,#5791,.T.);
#8526 = ORIENTED_EDGE('',*,*,#5742,.T.);
#8527 = ORIENTED_EDGE('',*,*,#5693,.T.);
#8528 = ORIENTED_EDGE('',*,*,#5644,.T.);
#8529 = ORIENTED_EDGE('',*,*,#5595,.T.);
#8530 = ORIENTED_EDGE('',*,*,#5546,.T.);
#8531 = ORIENTED_EDGE('',*,*,#5497,.T.);
#8532 = ORIENTED_EDGE('',*,*,#5448,.T.);
#8533 = ORIENTED_EDGE('',*,*,#5399,.T.);
#8534 = ORIENTED_EDGE('',*,*,#5350,.T.);
#8535 = ORIENTED_EDGE('',*,*,#5301,.T.);
#8536 = ORIENTED_EDGE('',*,*,#5252,.T.);
#8537 = ORIENTED_EDGE('',*,*,#5203,.T.);
#8538 = ORIENTED_EDGE('',*,*,#5154,.T.);
#8539 = ORIENTED_EDGE('',*,*,#5105,.T.);
#8540 = ORIENTED_EDGE('',*,*,#5056,.T.);
#8541 = ORIENTED_EDGE('',*,*,#5007,.T.);
#8542 = ORIENTED_EDGE('',*,*,#4958,.T.);
#8543 = ORIENTED_EDGE('',*,*,#4909,.T.);
#8544 = ORIENTED_EDGE('',*,*,#4860,.T.);
#8545 = ORIENTED_EDGE('',*,*,#4811,.T.);
#8546 = ORIENTED_EDGE('',*,*,#4762,.T.);
#8547 = ORIENTED_EDGE('',*,*,#4713,.T.);
#8548 = ORIENTED_EDGE('',*,*,#4664,.T.);
#8549 = ORIENTED_EDGE('',*,*,#4615,.T.);
#8550 = ORIENTED_EDGE('',*,*,#4566,.T.);
#8551 = ORIENTED_EDGE('',*,*,#4490,.T.);
#8552 = ADVANCED_FACE('',(#8553),#5932,.T.);
#8553 = FACE_BOUND('',#8554,.F.);
#8554 = EDGE_LOOP('',(#8555,#8556,#8557,#8558,#8559,#8560,#8561,#8562,
    #8563,#8564,#8565,#8566,#8567,#8568,#8569,#8570,#8571,#8572,#8573,
    #8574,#8575,#8576,#8577,#8578,#8579));
#8555 = ORIENTED_EDGE('',*,*,#7097,.T.);
#8556 = ORIENTED_EDGE('',*,*,#7070,.T.);
#8557 = ORIENTED_EDGE('',*,*,#7021,.T.);
#8558 = ORIENTED_EDGE('',*,*,#6972,.T.);
#8559 = ORIENTED_EDGE('',*,*,#6923,.T.);
#8560 = ORIENTED_EDGE('',*,*,#6874,.T.);
#8561 = ORIENTED_EDGE('',*,*,#6825,.T.);
#8562 = ORIENTED_EDGE('',*,*,#6776,.T.);
#8563 = ORIENTED_EDGE('',*,*,#6727,.T.);
#8564 = ORIENTED_EDGE('',*,*,#6678,.T.);
#8565 = ORIENTED_EDGE('',*,*,#6629,.T.);
#8566 = ORIENTED_EDGE('',*,*,#6580,.T.);
#8567 = ORIENTED_EDGE('',*,*,#6531,.T.);
#8568 = ORIENTED_EDGE('',*,*,#6482,.T.);
#8569 = ORIENTED_EDGE('',*,*,#6433,.T.);
#8570 = ORIENTED_EDGE('',*,*,#6384,.T.);
#8571 = ORIENTED_EDGE('',*,*,#6335,.T.);
#8572 = ORIENTED_EDGE('',*,*,#6286,.T.);
#8573 = ORIENTED_EDGE('',*,*,#6237,.T.);
#8574 = ORIENTED_EDGE('',*,*,#6188,.T.);
#8575 = ORIENTED_EDGE('',*,*,#6139,.T.);
#8576 = ORIENTED_EDGE('',*,*,#6090,.T.);
#8577 = ORIENTED_EDGE('',*,*,#6041,.T.);
#8578 = ORIENTED_EDGE('',*,*,#5992,.T.);
#8579 = ORIENTED_EDGE('',*,*,#5916,.T.);
#8580 = ADVANCED_FACE('',(#8581),#7162,.T.);
#8581 = FACE_BOUND('',#8582,.F.);
#8582 = EDGE_LOOP('',(#8583,#8584,#8585,#8586,#8587,#8588,#8589,#8590,
    #8591,#8592,#8593,#8594,#8595,#8596,#8597,#8598,#8599,#8600,#8601,
    #8602,#8603,#8604,#8605,#8606,#8607,#8608));
#8583 = ORIENTED_EDGE('',*,*,#8376,.T.);
#8584 = ORIENTED_EDGE('',*,*,#8349,.T.);
#8585 = ORIENTED_EDGE('',*,*,#8300,.T.);
#8586 = ORIENTED_EDGE('',*,*,#8251,.T.);
#8587 = ORIENTED_EDGE('',*,*,#8202,.T.);
#8588 = ORIENTED_EDGE('',*,*,#8153,.T.);
#8589 = ORIENTED_EDGE('',*,*,#8104,.T.);
#8590 = ORIENTED_EDGE('',*,*,#8055,.T.);
#8591 = ORIENTED_EDGE('',*,*,#8006,.T.);
#8592 = ORIENTED_EDGE('',*,*,#7957,.T.);
#8593 = ORIENTED_EDGE('',*,*,#7908,.T.);
#8594 = ORIENTED_EDGE('',*,*,#7859,.T.);
#8595 = ORIENTED_EDGE('',*,*,#7810,.T.);
#8596 = ORIENTED_EDGE('',*,*,#7761,.T.);
#8597 = ORIENTED_EDGE('',*,*,#7712,.T.);
#8598 = ORIENTED_EDGE('',*,*,#7663,.T.);
#8599 = ORIENTED_EDGE('',*,*,#7614,.T.);
#8600 = ORIENTED_EDGE('',*,*,#7565,.T.);
#8601 = ORIENTED_EDGE('',*,*,#7516,.T.);
#8602 = ORIENTED_EDGE('',*,*,#7467,.T.);
#8603 = ORIENTED_EDGE('',*,*,#7418,.T.);
#8604 = ORIENTED_EDGE('',*,*,#7369,.T.);
#8605 = ORIENTED_EDGE('',*,*,#7320,.T.);
#8606 = ORIENTED_EDGE('',*,*,#7271,.T.);
#8607 = ORIENTED_EDGE('',*,*,#7222,.T.);
#8608 = ORIENTED_EDGE('',*,*,#7146,.T.);
#8609 = ADVANCED_FACE('',(#8610),#8440,.T.);
#8610 = FACE_BOUND('',#8611,.T.);
#8611 = EDGE_LOOP('',(#8612,#8634,#8660,#8661));
#8612 = ORIENTED_EDGE('',*,*,#8613,.T.);
#8613 = EDGE_CURVE('',#8403,#8614,#8616,.T.);
#8614 = VERTEX_POINT('',#8615);
#8615 = CARTESIAN_POINT('',(-62.50086311672,0.,259.71759231429));
#8616 = SEAM_CURVE('',#8617,(#8621,#8627),.PCURVE_S1.);
#8617 = LINE('',#8618,#8619);
#8618 = CARTESIAN_POINT('',(-76.35502374219,0.,232.62728018916));
#8619 = VECTOR('',#8620,1.);
#8620 = DIRECTION('',(0.455319539423,0.,0.890328095154));
#8621 = PCURVE('',#8440,#8622);
#8622 = DEFINITIONAL_REPRESENTATION('',(#8623),#8626);
#8623 = B_SPLINE_CURVE_WITH_KNOTS('',1,(#8624,#8625),.UNSPECIFIED.,.F.,
  .F.,(2,2),(0.,30.427336026566),.PIECEWISE_BEZIER_KNOTS.);
#8624 = CARTESIAN_POINT('',(6.28318530718,0.));
#8625 = CARTESIAN_POINT('',(6.28318530718,30.427336026566));
#8626 = ( GEOMETRIC_REPRESENTATION_CONTEXT(2) 
PARAMETRIC_REPRESENTATION_CONTEXT() REPRESENTATION_CONTEXT('2D SPACE',''
  ) );
#8627 = PCURVE('',#8440,#8628);
#8628 = DEFINITIONAL_REPRESENTATION('',(#8629),#8633);
#8629 = LINE('',#8630,#8631);
#8630 = CARTESIAN_POINT('',(0.,0.));
#8631 = VECTOR('',#8632,1.);
#8632 = DIRECTION('',(0.,1.));
#8633 = ( GEOMETRIC_REPRESENTATION_CONTEXT(2) 
PARAMETRIC_REPRESENTATION_CONTEXT() REPRESENTATION_CONTEXT('2D SPACE',''
  ) );
#8634 = ORIENTED_EDGE('',*,*,#8635,.F.);
#8635 = EDGE_CURVE('',#8614,#8614,#8636,.T.);
#8636 = SURFACE_CURVE('',#8637,(#8642,#8649),.PCURVE_S1.);
#8637 = CIRCLE('',#8638,17.5);
#8638 = AXIS2_PLACEMENT_3D('',#8639,#8640,#8641);
#8639 = CARTESIAN_POINT('',(-78.08160478191,0.,267.68568425419));
#8640 = DIRECTION('',(0.455319539423,0.,0.890328095154));
#8641 = DIRECTION('',(0.890328095154,0.,-0.455319539423));
#8642 = PCURVE('',#8440,#8643);
#8643 = DEFINITIONAL_REPRESENTATION('',(#8644),#8648);
#8644 = LINE('',#8645,#8646);
#8645 = CARTESIAN_POINT('',(0.,30.427336026566));
#8646 = VECTOR('',#8647,1.);
#8647 = DIRECTION('',(1.,0.));
#8648 = ( GEOMETRIC_REPRESENTATION_CONTEXT(2) 
PARAMETRIC_REPRESENTATION_CONTEXT() REPRESENTATION_CONTEXT('2D SPACE',''
  ) );
#8649 = PCURVE('',#8650,#8655);
#8650 = TOROIDAL_SURFACE('',#8651,21.114841704776,17.5);
#8651 = AXIS2_PLACEMENT_3D('',#8652,#8653,#8654);
#8652 = CARTESIAN_POINT('',(-59.28246798742,0.,258.07168425419));
#8653 = DIRECTION('',(-0.,1.,0.));
#8654 = DIRECTION('',(0.,0.,1.));
#8655 = DEFINITIONAL_REPRESENTATION('',(#8656),#8659);
#8656 = B_SPLINE_CURVE_WITH_KNOTS('',1,(#8657,#8658),.UNSPECIFIED.,.F.,
  .F.,(2,2),(0.,6.28318530718),.PIECEWISE_BEZIER_KNOTS.);
#8657 = CARTESIAN_POINT('',(5.185120062342,9.424777960769));
#8658 = CARTESIAN_POINT('',(5.185120062342,3.14159265359));
#8659 = ( GEOMETRIC_REPRESENTATION_CONTEXT(2) 
PARAMETRIC_REPRESENTATION_CONTEXT() REPRESENTATION_CONTEXT('2D SPACE',''
  ) );
#8660 = ORIENTED_EDGE('',*,*,#8613,.F.);
#8661 = ORIENTED_EDGE('',*,*,#8425,.F.);
#8662 = ADVANCED_FACE('',(#8663),#8494,.T.);
#8663 = FACE_BOUND('',#8664,.T.);
#8664 = EDGE_LOOP('',(#8665,#8688,#8689,#8690));
#8665 = ORIENTED_EDGE('',*,*,#8666,.T.);
#8666 = EDGE_CURVE('',#8667,#8457,#8669,.T.);
#8667 = VERTEX_POINT('',#8668);
#8668 = CARTESIAN_POINT('',(59.282467949312,0.,261.68652603349));
#8669 = SEAM_CURVE('',#8670,(#8675,#8681),.PCURVE_S1.);
#8670 = CIRCLE('',#8671,3.614841704776);
#8671 = AXIS2_PLACEMENT_3D('',#8672,#8673,#8674);
#8672 = CARTESIAN_POINT('',(59.282467949312,6.429395695524E-15,
    258.07168432872));
#8673 = DIRECTION('',(-0.,1.,0.));
#8674 = DIRECTION('',(0.,0.,1.));
#8675 = PCURVE('',#8494,#8676);
#8676 = DEFINITIONAL_REPRESENTATION('',(#8677),#8680);
#8677 = B_SPLINE_CURVE_WITH_KNOTS('',1,(#8678,#8679),.UNSPECIFIED.,.F.,
  .F.,(2,2),(0.,1.098065244838),.PIECEWISE_BEZIER_KNOTS.);
#8678 = CARTESIAN_POINT('',(0.,3.14159265359));
#8679 = CARTESIAN_POINT('',(1.098065244838,3.14159265359));
#8680 = ( GEOMETRIC_REPRESENTATION_CONTEXT(2) 
PARAMETRIC_REPRESENTATION_CONTEXT() REPRESENTATION_CONTEXT('2D SPACE',''
  ) );
#8681 = PCURVE('',#8494,#8682);
#8682 = DEFINITIONAL_REPRESENTATION('',(#8683),#8687);
#8683 = LINE('',#8684,#8685);
#8684 = CARTESIAN_POINT('',(0.,9.424777960769));
#8685 = VECTOR('',#8686,1.);
#8686 = DIRECTION('',(1.,0.));
#8687 = ( GEOMETRIC_REPRESENTATION_CONTEXT(2) 
PARAMETRIC_REPRESENTATION_CONTEXT() REPRESENTATION_CONTEXT('2D SPACE',''
  ) );
#8688 = ORIENTED_EDGE('',*,*,#8480,.T.);
#8689 = ORIENTED_EDGE('',*,*,#8666,.F.);
#8690 = ORIENTED_EDGE('',*,*,#8691,.T.);
#8691 = EDGE_CURVE('',#8667,#8667,#8692,.T.);
#8692 = SURFACE_CURVE('',#8693,(#8698,#8704),.PCURVE_S1.);
#8693 = CIRCLE('',#8694,17.5);
#8694 = AXIS2_PLACEMENT_3D('',#8695,#8696,#8697);
#8695 = CARTESIAN_POINT('',(59.282467949312,0.,279.18652603349));
#8696 = DIRECTION('',(1.,-0.,2.449293598671E-16));
#8697 = DIRECTION('',(2.449293598671E-16,0.,-1.));
#8698 = PCURVE('',#8494,#8699);
#8699 = DEFINITIONAL_REPRESENTATION('',(#8700),#8703);
#8700 = B_SPLINE_CURVE_WITH_KNOTS('',1,(#8701,#8702),.UNSPECIFIED.,.F.,
  .F.,(2,2),(0.,6.28318530718),.PIECEWISE_BEZIER_KNOTS.);
#8701 = CARTESIAN_POINT('',(0.,9.424777960769));
#8702 = CARTESIAN_POINT('',(0.,3.14159265359));
#8703 = ( GEOMETRIC_REPRESENTATION_CONTEXT(2) 
PARAMETRIC_REPRESENTATION_CONTEXT() REPRESENTATION_CONTEXT('2D SPACE',''
  ) );
#8704 = PCURVE('',#8705,#8713);
#8705 = SURFACE_OF_LINEAR_EXTRUSION('',#8706,#8711);
#8706 = CIRCLE('',#8707,17.5);
#8707 = AXIS2_PLACEMENT_3D('',#8708,#8709,#8710);
#8708 = CARTESIAN_POINT('',(-59.28246798742,0.,279.18652595896));
#8709 = DIRECTION('',(1.,-0.,2.449293598671E-16));
#8710 = DIRECTION('',(2.449293598671E-16,0.,-1.));
#8711 = VECTOR('',#8712,1.);
#8712 = DIRECTION('',(1.,0.,6.285745257628E-10));
#8713 = DEFINITIONAL_REPRESENTATION('',(#8714),#8718);
#8714 = LINE('',#8715,#8716);
#8715 = CARTESIAN_POINT('',(0.,118.56493593673));
#8716 = VECTOR('',#8717,1.);
#8717 = DIRECTION('',(1.,0.));
#8718 = ( GEOMETRIC_REPRESENTATION_CONTEXT(2) 
PARAMETRIC_REPRESENTATION_CONTEXT() REPRESENTATION_CONTEXT('2D SPACE',''
  ) );
#8719 = ADVANCED_FACE('',(#8720),#8650,.T.);
#8720 = FACE_BOUND('',#8721,.T.);
#8721 = EDGE_LOOP('',(#8722,#8745,#8766,#8767));
#8722 = ORIENTED_EDGE('',*,*,#8723,.T.);
#8723 = EDGE_CURVE('',#8614,#8724,#8726,.T.);
#8724 = VERTEX_POINT('',#8725);
#8725 = CARTESIAN_POINT('',(-59.28246798742,0.,261.68652595896));
#8726 = SEAM_CURVE('',#8727,(#8732,#8738),.PCURVE_S1.);
#8727 = CIRCLE('',#8728,3.614841704776);
#8728 = AXIS2_PLACEMENT_3D('',#8729,#8730,#8731);
#8729 = CARTESIAN_POINT('',(-59.28246798742,6.429395695524E-15,
    258.07168425419));
#8730 = DIRECTION('',(-0.,1.,0.));
#8731 = DIRECTION('',(0.,0.,1.));
#8732 = PCURVE('',#8650,#8733);
#8733 = DEFINITIONAL_REPRESENTATION('',(#8734),#8737);
#8734 = B_SPLINE_CURVE_WITH_KNOTS('',1,(#8735,#8736),.UNSPECIFIED.,.F.,
  .F.,(2,2),(5.185120062342,6.28318530718),.PIECEWISE_BEZIER_KNOTS.);
#8735 = CARTESIAN_POINT('',(5.185120062342,3.14159265359));
#8736 = CARTESIAN_POINT('',(6.28318530718,3.14159265359));
#8737 = ( GEOMETRIC_REPRESENTATION_CONTEXT(2) 
PARAMETRIC_REPRESENTATION_CONTEXT() REPRESENTATION_CONTEXT('2D SPACE',''
  ) );
#8738 = PCURVE('',#8650,#8739);
#8739 = DEFINITIONAL_REPRESENTATION('',(#8740),#8744);
#8740 = LINE('',#8741,#8742);
#8741 = CARTESIAN_POINT('',(0.,9.424777960769));
#8742 = VECTOR('',#8743,1.);
#8743 = DIRECTION('',(1.,0.));
#8744 = ( GEOMETRIC_REPRESENTATION_CONTEXT(2) 
PARAMETRIC_REPRESENTATION_CONTEXT() REPRESENTATION_CONTEXT('2D SPACE',''
  ) );
#8745 = ORIENTED_EDGE('',*,*,#8746,.T.);
#8746 = EDGE_CURVE('',#8724,#8724,#8747,.T.);
#8747 = SURFACE_CURVE('',#8748,(#8753,#8760),.PCURVE_S1.);
#8748 = CIRCLE('',#8749,17.5);
#8749 = AXIS2_PLACEMENT_3D('',#8750,#8751,#8752);
#8750 = CARTESIAN_POINT('',(-59.28246798742,0.,279.18652595896));
#8751 = DIRECTION('',(-1.,0.,-2.449293598295E-16));
#8752 = DIRECTION('',(-2.449293598295E-16,0.,1.));
#8753 = PCURVE('',#8650,#8754);
#8754 = DEFINITIONAL_REPRESENTATION('',(#8755),#8759);
#8755 = LINE('',#8756,#8757);
#8756 = CARTESIAN_POINT('',(6.28318530718,0.));
#8757 = VECTOR('',#8758,1.);
#8758 = DIRECTION('',(0.,1.));
#8759 = ( GEOMETRIC_REPRESENTATION_CONTEXT(2) 
PARAMETRIC_REPRESENTATION_CONTEXT() REPRESENTATION_CONTEXT('2D SPACE',''
  ) );
#8760 = PCURVE('',#8705,#8761);
#8761 = DEFINITIONAL_REPRESENTATION('',(#8762),#8765);
#8762 = B_SPLINE_CURVE_WITH_KNOTS('',1,(#8763,#8764),.UNSPECIFIED.,.F.,
  .F.,(2,2),(3.14159265359,9.424777960769),.PIECEWISE_BEZIER_KNOTS.);
#8763 = CARTESIAN_POINT('',(6.28318530718,0.));
#8764 = CARTESIAN_POINT('',(0.,0.));
#8765 = ( GEOMETRIC_REPRESENTATION_CONTEXT(2) 
PARAMETRIC_REPRESENTATION_CONTEXT() REPRESENTATION_CONTEXT('2D SPACE',''
  ) );
#8766 = ORIENTED_EDGE('',*,*,#8723,.F.);
#8767 = ORIENTED_EDGE('',*,*,#8635,.T.);
#8768 = ADVANCED_FACE('',(#8769),#8705,.T.);
#8769 = FACE_BOUND('',#8770,.T.);
#8770 = EDGE_LOOP('',(#8771,#8791,#8792,#8793));
#8771 = ORIENTED_EDGE('',*,*,#8772,.T.);
#8772 = EDGE_CURVE('',#8724,#8667,#8773,.T.);
#8773 = SEAM_CURVE('',#8774,(#8778,#8784),.PCURVE_S1.);
#8774 = LINE('',#8775,#8776);
#8775 = CARTESIAN_POINT('',(-59.28246798742,0.,261.68652595896));
#8776 = VECTOR('',#8777,1.);
#8777 = DIRECTION('',(1.,0.,6.285745257628E-10));
#8778 = PCURVE('',#8705,#8779);
#8779 = DEFINITIONAL_REPRESENTATION('',(#8780),#8783);
#8780 = B_SPLINE_CURVE_WITH_KNOTS('',1,(#8781,#8782),.UNSPECIFIED.,.F.,
  .F.,(2,2),(0.,118.56493593673),.PIECEWISE_BEZIER_KNOTS.);
#8781 = CARTESIAN_POINT('',(6.28318530718,0.));
#8782 = CARTESIAN_POINT('',(6.28318530718,118.56493593673));
#8783 = ( GEOMETRIC_REPRESENTATION_CONTEXT(2) 
PARAMETRIC_REPRESENTATION_CONTEXT() REPRESENTATION_CONTEXT('2D SPACE',''
  ) );
#8784 = PCURVE('',#8705,#8785);
#8785 = DEFINITIONAL_REPRESENTATION('',(#8786),#8790);
#8786 = LINE('',#8787,#8788);
#8787 = CARTESIAN_POINT('',(0.,0.));
#8788 = VECTOR('',#8789,1.);
#8789 = DIRECTION('',(0.,1.));
#8790 = ( GEOMETRIC_REPRESENTATION_CONTEXT(2) 
PARAMETRIC_REPRESENTATION_CONTEXT() REPRESENTATION_CONTEXT('2D SPACE',''
  ) );
#8791 = ORIENTED_EDGE('',*,*,#8691,.F.);
#8792 = ORIENTED_EDGE('',*,*,#8772,.F.);
#8793 = ORIENTED_EDGE('',*,*,#8746,.F.);
#8794 = ( GEOMETRIC_REPRESENTATION_CONTEXT(3) 
GLOBAL_UNCERTAINTY_ASSIGNED_CONTEXT((#8798)) 
GLOBAL_UNIT_ASSIGNED_CONTEXT((#8795,#8796,#8797)) REPRESENTATION_CONTEXT
('Context #1','3D Context with UNIT and UNCERTAINTY') );
#8795 = ( LENGTH_UNIT() NAMED_UNIT(*) SI_UNIT(.MILLI.,.METRE.) );
#8796 = ( NAMED_UNIT(*) PLANE_ANGLE_UNIT() SI_UNIT($,.RADIAN.) );
#8797 = ( NAMED_UNIT(*) SI_UNIT($,.STERADIAN.) SOLID_ANGLE_UNIT() );
#8798 = UNCERTAINTY_MEASURE_WITH_UNIT(LENGTH_MEASURE(1.E-07),#8795,
  'distance_accuracy_value','confusion accuracy');
#8799 = CONTEXT_DEPENDENT_SHAPE_REPRESENTATION(#8800,#8802);
#8800 = ( REPRESENTATION_RELATIONSHIP('','',#32,#10) 
REPRESENTATION_RELATIONSHIP_WITH_TRANSFORMATION(#8801) 
SHAPE_REPRESENTATION_RELATIONSHIP() );
#8801 = ITEM_DEFINED_TRANSFORMATION('','',#11,#15);
#8802 = PRODUCT_DEFINITION_SHAPE('Placement','Placement of an item',
  #8803);
#8803 = NEXT_ASSEMBLY_USAGE_OCCURRENCE('1','=>[0:1:1:2]','',#5,#27,$);
#8804 = PRODUCT_RELATED_PRODUCT_CATEGORY('part',$,(#29));
ENDSEC;
END-ISO-10303-21;
