ISO-10303-21;
HEADER;
FILE_DESCRIPTION(('Open CASCADE Model'),'2;1');
FILE_NAME('mancuerna_10lb','2000-01-01T00:00:00',('Author'),(
    'Open CASCADE'),'Open CASCADE STEP processor 7.9','cadgen','Unknown'
  );
FILE_SCHEMA(('AUTOMOTIVE_DESIGN { 1 0 10303 214 1 1 1 1 }'));
ENDSEC;
DATA;
#1 = APPLICATION_PROTOCOL_DEFINITION('international standard',
  'automotive_design',2000,#2);
#2 = APPLICATION_CONTEXT(
  'core data for automotive mechanical design processes');
#3 = SHAPE_DEFINITION_REPRESENTATION(#4,#10);
#4 = PRODUCT_DEFINITION_SHAPE('','',#5);
#5 = PRODUCT_DEFINITION('design','',#6,#9);
#6 = PRODUCT_DEFINITION_FORMATION('','',#7);
#7 = PRODUCT('=>[0:1:1:2]','=>[0:1:1:2]','',(#8));
#8 = PRODUCT_CONTEXT('',#2,'mechanical');
#9 = PRODUCT_DEFINITION_CONTEXT('part definition',#2,'design');
#10 = SHAPE_REPRESENTATION('',(#11,#15),#19);
#11 = AXIS2_PLACEMENT_3D('',#12,#13,#14);
#12 = CARTESIAN_POINT('',(0.,0.,0.));
#13 = DIRECTION('',(0.,0.,1.));
#14 = DIRECTION('',(1.,0.,-0.));
#15 = AXIS2_PLACEMENT_3D('',#16,#17,#18);
#16 = CARTESIAN_POINT('',(0.,0.,0.));
#17 = DIRECTION('',(0.,0.,1.));
#18 = DIRECTION('',(1.,0.,0.));
#19 = ( GEOMETRIC_REPRESENTATION_CONTEXT(3) 
GLOBAL_UNCERTAINTY_ASSIGNED_CONTEXT((#23)) GLOBAL_UNIT_ASSIGNED_CONTEXT(
(#20,#21,#22)) REPRESENTATION_CONTEXT('Context #1',
  '3D Context with UNIT and UNCERTAINTY') );
#20 = ( LENGTH_UNIT() NAMED_UNIT(*) SI_UNIT(.MILLI.,.METRE.) );
#21 = ( NAMED_UNIT(*) PLANE_ANGLE_UNIT() SI_UNIT($,.RADIAN.) );
#22 = ( NAMED_UNIT(*) SI_UNIT($,.STERADIAN.) SOLID_ANGLE_UNIT() );
#23 = UNCERTAINTY_MEASURE_WITH_UNIT(LENGTH_MEASURE(1.E-06),#20,
  'distance_accuracy_value','confusion accuracy');
#24 = PRODUCT_RELATED_PRODUCT_CATEGORY('part',$,(#7));
#25 = SHAPE_DEFINITION_REPRESENTATION(#26,#32);
#26 = PRODUCT_DEFINITION_SHAPE('','',#27);
#27 = PRODUCT_DEFINITION('design','',#28,#31);
#28 = PRODUCT_DEFINITION_FORMATION('','',#29);
#29 = PRODUCT('mancuerna_10lb','mancuerna_10lb','',(#30));
#30 = PRODUCT_CONTEXT('',#2,'mechanical');
#31 = PRODUCT_DEFINITION_CONTEXT('part definition',#2,'design');
#32 = ADVANCED_BREP_SHAPE_REPRESENTATION('',(#11,#33),#7905);
#33 = BREP_WITH_VOIDS('',#34,(#4580));
#34 = CLOSED_SHELL('',(#35,#123,#158,#193,#252,#307,#481,#655,#731,#780,
    #829,#878,#927,#954,#1030,#1079,#1128,#1177,#1226,#1253,#1262,#1377,
    #1453,#1502,#1551,#1578,#2714,#2790,#2839,#2888,#2937,#2986,#3035,
    #3084,#3111,#3187,#3236,#3285,#3334,#3383,#3432,#3481,#3530,#3579,
    #3606,#3617,#3782,#4002,#4195,#4388,#4494,#4572));
#35 = ADVANCED_FACE('',(#36),#49,.T.);
#36 = FACE_BOUND('',#37,.T.);
#37 = EDGE_LOOP('',(#38,#72,#95,#122));
#38 = ORIENTED_EDGE('',*,*,#39,.T.);
#39 = EDGE_CURVE('',#40,#40,#42,.T.);
#40 = VERTEX_POINT('',#41);
#41 = CARTESIAN_POINT('',(-55.,-4.163799117101E-15,-17.));
#42 = SURFACE_CURVE('',#43,(#48,#60),.PCURVE_S1.);
#43 = CIRCLE('',#44,17.);
#44 = AXIS2_PLACEMENT_3D('',#45,#46,#47);
#45 = CARTESIAN_POINT('',(-55.,0.,-1.221245327088E-14));
#46 = DIRECTION('',(1.,0.,2.22044604925E-16));
#47 = DIRECTION('',(2.22044604925E-16,0.,-1.));
#48 = PCURVE('',#49,#54);
#49 = CYLINDRICAL_SURFACE('',#50,17.);
#50 = AXIS2_PLACEMENT_3D('',#51,#52,#53);
#51 = CARTESIAN_POINT('',(-75.,0.,-1.665334536938E-14));
#52 = DIRECTION('',(1.,0.,2.22044604925E-16));
#53 = DIRECTION('',(2.22044604925E-16,0.,-1.));
#54 = DEFINITIONAL_REPRESENTATION('',(#55),#59);
#55 = LINE('',#56,#57);
#56 = CARTESIAN_POINT('',(0.,20.));
#57 = VECTOR('',#58,1.);
#58 = DIRECTION('',(1.,0.));
#59 = ( GEOMETRIC_REPRESENTATION_CONTEXT(2) 
PARAMETRIC_REPRESENTATION_CONTEXT() REPRESENTATION_CONTEXT('2D SPACE',''
  ) );
#60 = PCURVE('',#61,#66);
#61 = PLANE('',#62);
#62 = AXIS2_PLACEMENT_3D('',#63,#64,#65);
#63 = CARTESIAN_POINT('',(-55.,0.,2.22044604925E-15));
#64 = DIRECTION('',(1.,0.,2.22044604925E-16));
#65 = DIRECTION('',(2.22044604925E-16,0.,-1.));
#66 = DEFINITIONAL_REPRESENTATION('',(#67),#71);
#67 = CIRCLE('',#68,17.);
#68 = AXIS2_PLACEMENT_2D('',#69,#70);
#69 = CARTESIAN_POINT('',(1.443289932013E-14,0.));
#70 = DIRECTION('',(1.,0.));
#71 = ( GEOMETRIC_REPRESENTATION_CONTEXT(2) 
PARAMETRIC_REPRESENTATION_CONTEXT() REPRESENTATION_CONTEXT('2D SPACE',''
  ) );
#72 = ORIENTED_EDGE('',*,*,#73,.T.);
#73 = EDGE_CURVE('',#40,#74,#76,.T.);
#74 = VERTEX_POINT('',#75);
#75 = CARTESIAN_POINT('',(55.,-4.163799117101E-15,-17.));
#76 = SEAM_CURVE('',#77,(#81,#88),.PCURVE_S1.);
#77 = LINE('',#78,#79);
#78 = CARTESIAN_POINT('',(-75.,-4.163799117101E-15,-17.));
#79 = VECTOR('',#80,1.);
#80 = DIRECTION('',(1.,0.,2.22044604925E-16));
#81 = PCURVE('',#49,#82);
#82 = DEFINITIONAL_REPRESENTATION('',(#83),#87);
#83 = LINE('',#84,#85);
#84 = CARTESIAN_POINT('',(0.,-0.));
#85 = VECTOR('',#86,1.);
#86 = DIRECTION('',(0.,1.));
#87 = ( GEOMETRIC_REPRESENTATION_CONTEXT(2) 
PARAMETRIC_REPRESENTATION_CONTEXT() REPRESENTATION_CONTEXT('2D SPACE',''
  ) );
#88 = PCURVE('',#49,#89);
#89 = DEFINITIONAL_REPRESENTATION('',(#90),#94);
#90 = LINE('',#91,#92);
#91 = CARTESIAN_POINT('',(6.28318530718,-0.));
#92 = VECTOR('',#93,1.);
#93 = DIRECTION('',(0.,1.));
#94 = ( GEOMETRIC_REPRESENTATION_CONTEXT(2) 
PARAMETRIC_REPRESENTATION_CONTEXT() REPRESENTATION_CONTEXT('2D SPACE',''
  ) );
#95 = ORIENTED_EDGE('',*,*,#96,.F.);
#96 = EDGE_CURVE('',#74,#74,#97,.T.);
#97 = SURFACE_CURVE('',#98,(#103,#110),.PCURVE_S1.);
#98 = CIRCLE('',#99,17.);
#99 = AXIS2_PLACEMENT_3D('',#100,#101,#102);
#100 = CARTESIAN_POINT('',(55.,0.,1.221245327088E-14));
#101 = DIRECTION('',(1.,0.,2.22044604925E-16));
#102 = DIRECTION('',(2.22044604925E-16,0.,-1.));
#103 = PCURVE('',#49,#104);
#104 = DEFINITIONAL_REPRESENTATION('',(#105),#109);
#105 = LINE('',#106,#107);
#106 = CARTESIAN_POINT('',(0.,130.));
#107 = VECTOR('',#108,1.);
#108 = DIRECTION('',(1.,0.));
#109 = ( GEOMETRIC_REPRESENTATION_CONTEXT(2) 
PARAMETRIC_REPRESENTATION_CONTEXT() REPRESENTATION_CONTEXT('2D SPACE',''
  ) );
#110 = PCURVE('',#111,#116);
#111 = PLANE('',#112);
#112 = AXIS2_PLACEMENT_3D('',#113,#114,#115);
#113 = CARTESIAN_POINT('',(55.,0.,-2.22044604925E-15));
#114 = DIRECTION('',(1.,0.,2.22044604925E-16));
#115 = DIRECTION('',(2.22044604925E-16,0.,-1.));
#116 = DEFINITIONAL_REPRESENTATION('',(#117),#121);
#117 = CIRCLE('',#118,17.);
#118 = AXIS2_PLACEMENT_2D('',#119,#120);
#119 = CARTESIAN_POINT('',(-1.443289932013E-14,0.));
#120 = DIRECTION('',(1.,0.));
#121 = ( GEOMETRIC_REPRESENTATION_CONTEXT(2) 
PARAMETRIC_REPRESENTATION_CONTEXT() REPRESENTATION_CONTEXT('2D SPACE',''
  ) );
#122 = ORIENTED_EDGE('',*,*,#73,.F.);
#123 = ADVANCED_FACE('',(#124,#155),#61,.T.);
#124 = FACE_BOUND('',#125,.T.);
#125 = EDGE_LOOP('',(#126));
#126 = ORIENTED_EDGE('',*,*,#127,.T.);
#127 = EDGE_CURVE('',#128,#128,#130,.T.);
#128 = VERTEX_POINT('',#129);
#129 = CARTESIAN_POINT('',(-55.,-5.143516556419E-15,-21.));
#130 = SURFACE_CURVE('',#131,(#136,#143),.PCURVE_S1.);
#131 = CIRCLE('',#132,21.);
#132 = AXIS2_PLACEMENT_3D('',#133,#134,#135);
#133 = CARTESIAN_POINT('',(-55.,0.,2.22044604925E-15));
#134 = DIRECTION('',(1.,-0.,2.22044604925E-16));
#135 = DIRECTION('',(2.22044604925E-16,0.,-1.));
#136 = PCURVE('',#61,#137);
#137 = DEFINITIONAL_REPRESENTATION('',(#138),#142);
#138 = CIRCLE('',#139,21.);
#139 = AXIS2_PLACEMENT_2D('',#140,#141);
#140 = CARTESIAN_POINT('',(0.,0.));
#141 = DIRECTION('',(1.,0.));
#142 = ( GEOMETRIC_REPRESENTATION_CONTEXT(2) 
PARAMETRIC_REPRESENTATION_CONTEXT() REPRESENTATION_CONTEXT('2D SPACE',''
  ) );
#143 = PCURVE('',#144,#149);
#144 = CYLINDRICAL_SURFACE('',#145,21.);
#145 = AXIS2_PLACEMENT_3D('',#146,#147,#148);
#146 = CARTESIAN_POINT('',(-75.,0.,-2.22044604925E-15));
#147 = DIRECTION('',(1.,0.,2.22044604925E-16));
#148 = DIRECTION('',(2.22044604925E-16,0.,-1.));
#149 = DEFINITIONAL_REPRESENTATION('',(#150),#154);
#150 = LINE('',#151,#152);
#151 = CARTESIAN_POINT('',(0.,20.));
#152 = VECTOR('',#153,1.);
#153 = DIRECTION('',(1.,0.));
#154 = ( GEOMETRIC_REPRESENTATION_CONTEXT(2) 
PARAMETRIC_REPRESENTATION_CONTEXT() REPRESENTATION_CONTEXT('2D SPACE',''
  ) );
#155 = FACE_BOUND('',#156,.T.);
#156 = EDGE_LOOP('',(#157));
#157 = ORIENTED_EDGE('',*,*,#39,.F.);
#158 = ADVANCED_FACE('',(#159,#190),#111,.F.);
#159 = FACE_BOUND('',#160,.F.);
#160 = EDGE_LOOP('',(#161));
#161 = ORIENTED_EDGE('',*,*,#162,.T.);
#162 = EDGE_CURVE('',#163,#163,#165,.T.);
#163 = VERTEX_POINT('',#164);
#164 = CARTESIAN_POINT('',(55.,-5.143516556419E-15,-21.));
#165 = SURFACE_CURVE('',#166,(#171,#178),.PCURVE_S1.);
#166 = CIRCLE('',#167,21.);
#167 = AXIS2_PLACEMENT_3D('',#168,#169,#170);
#168 = CARTESIAN_POINT('',(55.,0.,-2.22044604925E-15));
#169 = DIRECTION('',(1.,-0.,2.22044604925E-16));
#170 = DIRECTION('',(2.22044604925E-16,0.,-1.));
#171 = PCURVE('',#111,#172);
#172 = DEFINITIONAL_REPRESENTATION('',(#173),#177);
#173 = CIRCLE('',#174,21.);
#174 = AXIS2_PLACEMENT_2D('',#175,#176);
#175 = CARTESIAN_POINT('',(0.,0.));
#176 = DIRECTION('',(1.,0.));
#177 = ( GEOMETRIC_REPRESENTATION_CONTEXT(2) 
PARAMETRIC_REPRESENTATION_CONTEXT() REPRESENTATION_CONTEXT('2D SPACE',''
  ) );
#178 = PCURVE('',#179,#184);
#179 = CYLINDRICAL_SURFACE('',#180,21.);
#180 = AXIS2_PLACEMENT_3D('',#181,#182,#183);
#181 = CARTESIAN_POINT('',(55.,0.,-2.22044604925E-15));
#182 = DIRECTION('',(1.,0.,2.22044604925E-16));
#183 = DIRECTION('',(2.22044604925E-16,0.,-1.));
#184 = DEFINITIONAL_REPRESENTATION('',(#185),#189);
#185 = LINE('',#186,#187);
#186 = CARTESIAN_POINT('',(0.,0.));
#187 = VECTOR('',#188,1.);
#188 = DIRECTION('',(1.,0.));
#189 = ( GEOMETRIC_REPRESENTATION_CONTEXT(2) 
PARAMETRIC_REPRESENTATION_CONTEXT() REPRESENTATION_CONTEXT('2D SPACE',''
  ) );
#190 = FACE_BOUND('',#191,.F.);
#191 = EDGE_LOOP('',(#192));
#192 = ORIENTED_EDGE('',*,*,#96,.F.);
#193 = ADVANCED_FACE('',(#194),#144,.T.);
#194 = FACE_BOUND('',#195,.T.);
#195 = EDGE_LOOP('',(#196,#219,#220,#221));
#196 = ORIENTED_EDGE('',*,*,#197,.T.);
#197 = EDGE_CURVE('',#198,#128,#200,.T.);
#198 = VERTEX_POINT('',#199);
#199 = CARTESIAN_POINT('',(-65.,-5.143516556419E-15,-21.));
#200 = SEAM_CURVE('',#201,(#205,#212),.PCURVE_S1.);
#201 = LINE('',#202,#203);
#202 = CARTESIAN_POINT('',(-75.,-5.143516556419E-15,-21.));
#203 = VECTOR('',#204,1.);
#204 = DIRECTION('',(1.,0.,2.22044604925E-16));
#205 = PCURVE('',#144,#206);
#206 = DEFINITIONAL_REPRESENTATION('',(#207),#211);
#207 = LINE('',#208,#209);
#208 = CARTESIAN_POINT('',(6.28318530718,-0.));
#209 = VECTOR('',#210,1.);
#210 = DIRECTION('',(0.,1.));
#211 = ( GEOMETRIC_REPRESENTATION_CONTEXT(2) 
PARAMETRIC_REPRESENTATION_CONTEXT() REPRESENTATION_CONTEXT('2D SPACE',''
  ) );
#212 = PCURVE('',#144,#213);
#213 = DEFINITIONAL_REPRESENTATION('',(#214),#218);
#214 = LINE('',#215,#216);
#215 = CARTESIAN_POINT('',(0.,-0.));
#216 = VECTOR('',#217,1.);
#217 = DIRECTION('',(0.,1.));
#218 = ( GEOMETRIC_REPRESENTATION_CONTEXT(2) 
PARAMETRIC_REPRESENTATION_CONTEXT() REPRESENTATION_CONTEXT('2D SPACE',''
  ) );
#219 = ORIENTED_EDGE('',*,*,#127,.F.);
#220 = ORIENTED_EDGE('',*,*,#197,.F.);
#221 = ORIENTED_EDGE('',*,*,#222,.T.);
#222 = EDGE_CURVE('',#198,#198,#223,.T.);
#223 = SURFACE_CURVE('',#224,(#229,#236),.PCURVE_S1.);
#224 = CIRCLE('',#225,21.);
#225 = AXIS2_PLACEMENT_3D('',#226,#227,#228);
#226 = CARTESIAN_POINT('',(-65.,0.,0.));
#227 = DIRECTION('',(1.,0.,2.22044604925E-16));
#228 = DIRECTION('',(2.22044604925E-16,0.,-1.));
#229 = PCURVE('',#144,#230);
#230 = DEFINITIONAL_REPRESENTATION('',(#231),#235);
#231 = LINE('',#232,#233);
#232 = CARTESIAN_POINT('',(0.,10.));
#233 = VECTOR('',#234,1.);
#234 = DIRECTION('',(1.,0.));
#235 = ( GEOMETRIC_REPRESENTATION_CONTEXT(2) 
PARAMETRIC_REPRESENTATION_CONTEXT() REPRESENTATION_CONTEXT('2D SPACE',''
  ) );
#236 = PCURVE('',#237,#242);
#237 = PLANE('',#238);
#238 = AXIS2_PLACEMENT_3D('',#239,#240,#241);
#239 = CARTESIAN_POINT('',(-65.,7.381962002079E-16,-7.381962002079E-16)
  );
#240 = DIRECTION('',(-1.,0.,1.110223024625E-16));
#241 = DIRECTION('',(1.110223024625E-16,0.,1.));
#242 = DEFINITIONAL_REPRESENTATION('',(#243),#251);
#243 = ( BOUNDED_CURVE() B_SPLINE_CURVE(2,(#244,#245,#246,#247,#248,#249
,#250),.UNSPECIFIED.,.T.,.F.) B_SPLINE_CURVE_WITH_KNOTS((1,2,2,2,2,1),(
    -2.094395102393,0.,2.094395102393,4.188790204786,6.28318530718,
8.377580409573),.UNSPECIFIED.) CURVE() GEOMETRIC_REPRESENTATION_ITEM() 
RATIONAL_B_SPLINE_CURVE((1.,0.5,1.,0.5,1.,0.5,1.)) REPRESENTATION_ITEM(
  '') );
#244 = CARTESIAN_POINT('',(-21.,-7.381962002079E-16));
#245 = CARTESIAN_POINT('',(-21.,36.373066958946));
#246 = CARTESIAN_POINT('',(10.5,18.186533479473));
#247 = CARTESIAN_POINT('',(42.,4.405320356211E-15));
#248 = CARTESIAN_POINT('',(10.5,-18.18653347947));
#249 = CARTESIAN_POINT('',(-21.,-36.37306695894));
#250 = CARTESIAN_POINT('',(-21.,-7.381962002079E-16));
#251 = ( GEOMETRIC_REPRESENTATION_CONTEXT(2) 
PARAMETRIC_REPRESENTATION_CONTEXT() REPRESENTATION_CONTEXT('2D SPACE',''
  ) );
#252 = ADVANCED_FACE('',(#253),#179,.T.);
#253 = FACE_BOUND('',#254,.T.);
#254 = EDGE_LOOP('',(#255,#284,#305,#306));
#255 = ORIENTED_EDGE('',*,*,#256,.F.);
#256 = EDGE_CURVE('',#257,#257,#259,.T.);
#257 = VERTEX_POINT('',#258);
#258 = CARTESIAN_POINT('',(65.,-5.143516556419E-15,-21.));
#259 = SURFACE_CURVE('',#260,(#265,#272),.PCURVE_S1.);
#260 = CIRCLE('',#261,21.);
#261 = AXIS2_PLACEMENT_3D('',#262,#263,#264);
#262 = CARTESIAN_POINT('',(65.,0.,0.));
#263 = DIRECTION('',(1.,0.,2.22044604925E-16));
#264 = DIRECTION('',(2.22044604925E-16,0.,-1.));
#265 = PCURVE('',#179,#266);
#266 = DEFINITIONAL_REPRESENTATION('',(#267),#271);
#267 = LINE('',#268,#269);
#268 = CARTESIAN_POINT('',(0.,10.));
#269 = VECTOR('',#270,1.);
#270 = DIRECTION('',(1.,0.));
#271 = ( GEOMETRIC_REPRESENTATION_CONTEXT(2) 
PARAMETRIC_REPRESENTATION_CONTEXT() REPRESENTATION_CONTEXT('2D SPACE',''
  ) );
#272 = PCURVE('',#273,#278);
#273 = PLANE('',#274);
#274 = AXIS2_PLACEMENT_3D('',#275,#276,#277);
#275 = CARTESIAN_POINT('',(65.,7.381962002079E-16,7.381962002079E-16));
#276 = DIRECTION('',(1.,0.,1.110223024625E-16));
#277 = DIRECTION('',(1.110223024625E-16,0.,-1.));
#278 = DEFINITIONAL_REPRESENTATION('',(#279),#283);
#279 = CIRCLE('',#280,21.);
#280 = AXIS2_PLACEMENT_2D('',#281,#282);
#281 = CARTESIAN_POINT('',(7.381962002079E-16,-7.381962002079E-16));
#282 = DIRECTION('',(1.,0.));
#283 = ( GEOMETRIC_REPRESENTATION_CONTEXT(2) 
PARAMETRIC_REPRESENTATION_CONTEXT() REPRESENTATION_CONTEXT('2D SPACE',''
  ) );
#284 = ORIENTED_EDGE('',*,*,#285,.F.);
#285 = EDGE_CURVE('',#163,#257,#286,.T.);
#286 = SEAM_CURVE('',#287,(#291,#298),.PCURVE_S1.);
#287 = LINE('',#288,#289);
#288 = CARTESIAN_POINT('',(55.,-5.143516556419E-15,-21.));
#289 = VECTOR('',#290,1.);
#290 = DIRECTION('',(1.,0.,2.22044604925E-16));
#291 = PCURVE('',#179,#292);
#292 = DEFINITIONAL_REPRESENTATION('',(#293),#297);
#293 = LINE('',#294,#295);
#294 = CARTESIAN_POINT('',(6.28318530718,-0.));
#295 = VECTOR('',#296,1.);
#296 = DIRECTION('',(0.,1.));
#297 = ( GEOMETRIC_REPRESENTATION_CONTEXT(2) 
PARAMETRIC_REPRESENTATION_CONTEXT() REPRESENTATION_CONTEXT('2D SPACE',''
  ) );
#298 = PCURVE('',#179,#299);
#299 = DEFINITIONAL_REPRESENTATION('',(#300),#304);
#300 = LINE('',#301,#302);
#301 = CARTESIAN_POINT('',(0.,-0.));
#302 = VECTOR('',#303,1.);
#303 = DIRECTION('',(0.,1.));
#304 = ( GEOMETRIC_REPRESENTATION_CONTEXT(2) 
PARAMETRIC_REPRESENTATION_CONTEXT() REPRESENTATION_CONTEXT('2D SPACE',''
  ) );
#305 = ORIENTED_EDGE('',*,*,#162,.T.);
#306 = ORIENTED_EDGE('',*,*,#285,.T.);
#307 = ADVANCED_FACE('',(#308,#478),#237,.F.);
#308 = FACE_BOUND('',#309,.F.);
#309 = EDGE_LOOP('',(#310,#340,#368,#396,#424,#452));
#310 = ORIENTED_EDGE('',*,*,#311,.T.);
#311 = EDGE_CURVE('',#312,#314,#316,.T.);
#312 = VERTEX_POINT('',#313);
#313 = CARTESIAN_POINT('',(-65.,0.,51.335420804387));
#314 = VERTEX_POINT('',#315);
#315 = CARTESIAN_POINT('',(-65.,44.457778530564,25.667710402194));
#316 = SURFACE_CURVE('',#317,(#321,#328),.PCURVE_S1.);
#317 = LINE('',#318,#319);
#318 = CARTESIAN_POINT('',(-65.,0.,51.335420804387));
#319 = VECTOR('',#320,1.);
#320 = DIRECTION('',(-5.551115123126E-17,0.866025403784,-0.5));
#321 = PCURVE('',#237,#322);
#322 = DEFINITIONAL_REPRESENTATION('',(#323),#327);
#323 = LINE('',#324,#325);
#324 = CARTESIAN_POINT('',(51.335420804387,-7.381962002079E-16));
#325 = VECTOR('',#326,1.);
#326 = DIRECTION('',(-0.5,0.866025403784));
#327 = ( GEOMETRIC_REPRESENTATION_CONTEXT(2) 
PARAMETRIC_REPRESENTATION_CONTEXT() REPRESENTATION_CONTEXT('2D SPACE',''
  ) );
#328 = PCURVE('',#329,#334);
#329 = PLANE('',#330);
#330 = AXIS2_PLACEMENT_3D('',#331,#332,#333);
#331 = CARTESIAN_POINT('',(-65.,0.,51.335420804387));
#332 = DIRECTION('',(-9.614813431918E-17,-0.5,-0.866025403784));
#333 = DIRECTION('',(-5.551115123126E-17,0.866025403784,-0.5));
#334 = DEFINITIONAL_REPRESENTATION('',(#335),#339);
#335 = LINE('',#336,#337);
#336 = CARTESIAN_POINT('',(0.,0.));
#337 = VECTOR('',#338,1.);
#338 = DIRECTION('',(1.,0.));
#339 = ( GEOMETRIC_REPRESENTATION_CONTEXT(2) 
PARAMETRIC_REPRESENTATION_CONTEXT() REPRESENTATION_CONTEXT('2D SPACE',''
  ) );
#340 = ORIENTED_EDGE('',*,*,#341,.T.);
#341 = EDGE_CURVE('',#314,#342,#344,.T.);
#342 = VERTEX_POINT('',#343);
#343 = CARTESIAN_POINT('',(-65.,44.457778530564,-25.66771040219));
#344 = SURFACE_CURVE('',#345,(#349,#356),.PCURVE_S1.);
#345 = LINE('',#346,#347);
#346 = CARTESIAN_POINT('',(-65.,44.457778530564,25.667710402194));
#347 = VECTOR('',#348,1.);
#348 = DIRECTION('',(-1.110223024625E-16,1.38411787539E-16,-1.));
#349 = PCURVE('',#237,#350);
#350 = DEFINITIONAL_REPRESENTATION('',(#351),#355);
#351 = LINE('',#352,#353);
#352 = CARTESIAN_POINT('',(25.667710402194,44.457778530564));
#353 = VECTOR('',#354,1.);
#354 = DIRECTION('',(-1.,1.38411787539E-16));
#355 = ( GEOMETRIC_REPRESENTATION_CONTEXT(2) 
PARAMETRIC_REPRESENTATION_CONTEXT() REPRESENTATION_CONTEXT('2D SPACE',''
  ) );
#356 = PCURVE('',#357,#362);
#357 = PLANE('',#358);
#358 = AXIS2_PLACEMENT_3D('',#359,#360,#361);
#359 = CARTESIAN_POINT('',(-65.,44.457778530564,25.667710402194));
#360 = DIRECTION('',(-1.536679534053E-32,-1.,-1.38411787539E-16));
#361 = DIRECTION('',(-1.110223024625E-16,1.38411787539E-16,-1.));
#362 = DEFINITIONAL_REPRESENTATION('',(#363),#367);
#363 = LINE('',#364,#365);
#364 = CARTESIAN_POINT('',(0.,0.));
#365 = VECTOR('',#366,1.);
#366 = DIRECTION('',(1.,0.));
#367 = ( GEOMETRIC_REPRESENTATION_CONTEXT(2) 
PARAMETRIC_REPRESENTATION_CONTEXT() REPRESENTATION_CONTEXT('2D SPACE',''
  ) );
#368 = ORIENTED_EDGE('',*,*,#369,.T.);
#369 = EDGE_CURVE('',#342,#370,#372,.T.);
#370 = VERTEX_POINT('',#371);
#371 = CARTESIAN_POINT('',(-65.,6.286775877098E-15,-51.33542080438));
#372 = SURFACE_CURVE('',#373,(#377,#384),.PCURVE_S1.);
#373 = LINE('',#374,#375);
#374 = CARTESIAN_POINT('',(-65.,44.457778530564,-25.66771040219));
#375 = VECTOR('',#376,1.);
#376 = DIRECTION('',(-5.551115123126E-17,-0.866025403784,-0.5));
#377 = PCURVE('',#237,#378);
#378 = DEFINITIONAL_REPRESENTATION('',(#379),#383);
#379 = LINE('',#380,#381);
#380 = CARTESIAN_POINT('',(-25.66771040219,44.457778530564));
#381 = VECTOR('',#382,1.);
#382 = DIRECTION('',(-0.5,-0.866025403784));
#383 = ( GEOMETRIC_REPRESENTATION_CONTEXT(2) 
PARAMETRIC_REPRESENTATION_CONTEXT() REPRESENTATION_CONTEXT('2D SPACE',''
  ) );
#384 = PCURVE('',#385,#390);
#385 = PLANE('',#386);
#386 = AXIS2_PLACEMENT_3D('',#387,#388,#389);
#387 = CARTESIAN_POINT('',(-65.,44.457778530564,-25.66771040219));
#388 = DIRECTION('',(9.614813431918E-17,-0.5,0.866025403784));
#389 = DIRECTION('',(-5.551115123126E-17,-0.866025403784,-0.5));
#390 = DEFINITIONAL_REPRESENTATION('',(#391),#395);
#391 = LINE('',#392,#393);
#392 = CARTESIAN_POINT('',(0.,0.));
#393 = VECTOR('',#394,1.);
#394 = DIRECTION('',(1.,0.));
#395 = ( GEOMETRIC_REPRESENTATION_CONTEXT(2) 
PARAMETRIC_REPRESENTATION_CONTEXT() REPRESENTATION_CONTEXT('2D SPACE',''
  ) );
#396 = ORIENTED_EDGE('',*,*,#397,.T.);
#397 = EDGE_CURVE('',#370,#398,#400,.T.);
#398 = VERTEX_POINT('',#399);
#399 = CARTESIAN_POINT('',(-65.,-44.45777853056,-25.66771040219));
#400 = SURFACE_CURVE('',#401,(#405,#412),.PCURVE_S1.);
#401 = LINE('',#402,#403);
#402 = CARTESIAN_POINT('',(-65.,6.286775877098E-15,-51.33542080438));
#403 = VECTOR('',#404,1.);
#404 = DIRECTION('',(5.551115123126E-17,-0.866025403784,0.5));
#405 = PCURVE('',#237,#406);
#406 = DEFINITIONAL_REPRESENTATION('',(#407),#411);
#407 = LINE('',#408,#409);
#408 = CARTESIAN_POINT('',(-51.33542080438,5.54857967689E-15));
#409 = VECTOR('',#410,1.);
#410 = DIRECTION('',(0.5,-0.866025403784));
#411 = ( GEOMETRIC_REPRESENTATION_CONTEXT(2) 
PARAMETRIC_REPRESENTATION_CONTEXT() REPRESENTATION_CONTEXT('2D SPACE',''
  ) );
#412 = PCURVE('',#413,#418);
#413 = PLANE('',#414);
#414 = AXIS2_PLACEMENT_3D('',#415,#416,#417);
#415 = CARTESIAN_POINT('',(-65.,6.286775877098E-15,-51.33542080438));
#416 = DIRECTION('',(9.614813431918E-17,0.5,0.866025403784));
#417 = DIRECTION('',(5.551115123126E-17,-0.866025403784,0.5));
#418 = DEFINITIONAL_REPRESENTATION('',(#419),#423);
#419 = LINE('',#420,#421);
#420 = CARTESIAN_POINT('',(0.,0.));
#421 = VECTOR('',#422,1.);
#422 = DIRECTION('',(1.,0.));
#423 = ( GEOMETRIC_REPRESENTATION_CONTEXT(2) 
PARAMETRIC_REPRESENTATION_CONTEXT() REPRESENTATION_CONTEXT('2D SPACE',''
  ) );
#424 = ORIENTED_EDGE('',*,*,#425,.T.);
#425 = EDGE_CURVE('',#398,#426,#428,.T.);
#426 = VERTEX_POINT('',#427);
#427 = CARTESIAN_POINT('',(-65.,-44.45777853056,25.667710402194));
#428 = SURFACE_CURVE('',#429,(#433,#440),.PCURVE_S1.);
#429 = LINE('',#430,#431);
#430 = CARTESIAN_POINT('',(-65.,-44.45777853056,-25.66771040219));
#431 = VECTOR('',#432,1.);
#432 = DIRECTION('',(1.110223024625E-16,-1.38411787539E-16,1.));
#433 = PCURVE('',#237,#434);
#434 = DEFINITIONAL_REPRESENTATION('',(#435),#439);
#435 = LINE('',#436,#437);
#436 = CARTESIAN_POINT('',(-25.66771040219,-44.45777853056));
#437 = VECTOR('',#438,1.);
#438 = DIRECTION('',(1.,-1.38411787539E-16));
#439 = ( GEOMETRIC_REPRESENTATION_CONTEXT(2) 
PARAMETRIC_REPRESENTATION_CONTEXT() REPRESENTATION_CONTEXT('2D SPACE',''
  ) );
#440 = PCURVE('',#441,#446);
#441 = PLANE('',#442);
#442 = AXIS2_PLACEMENT_3D('',#443,#444,#445);
#443 = CARTESIAN_POINT('',(-65.,-44.45777853056,-25.66771040219));
#444 = DIRECTION('',(1.536679534053E-32,1.,1.38411787539E-16));
#445 = DIRECTION('',(1.110223024625E-16,-1.38411787539E-16,1.));
#446 = DEFINITIONAL_REPRESENTATION('',(#447),#451);
#447 = LINE('',#448,#449);
#448 = CARTESIAN_POINT('',(0.,0.));
#449 = VECTOR('',#450,1.);
#450 = DIRECTION('',(1.,0.));
#451 = ( GEOMETRIC_REPRESENTATION_CONTEXT(2) 
PARAMETRIC_REPRESENTATION_CONTEXT() REPRESENTATION_CONTEXT('2D SPACE',''
  ) );
#452 = ORIENTED_EDGE('',*,*,#453,.T.);
#453 = EDGE_CURVE('',#426,#312,#454,.T.);
#454 = SURFACE_CURVE('',#455,(#459,#466),.PCURVE_S1.);
#455 = LINE('',#456,#457);
#456 = CARTESIAN_POINT('',(-65.,-44.45777853056,25.667710402194));
#457 = VECTOR('',#458,1.);
#458 = DIRECTION('',(5.551115123126E-17,0.866025403784,0.5));
#459 = PCURVE('',#237,#460);
#460 = DEFINITIONAL_REPRESENTATION('',(#461),#465);
#461 = LINE('',#462,#463);
#462 = CARTESIAN_POINT('',(25.667710402194,-44.45777853056));
#463 = VECTOR('',#464,1.);
#464 = DIRECTION('',(0.5,0.866025403784));
#465 = ( GEOMETRIC_REPRESENTATION_CONTEXT(2) 
PARAMETRIC_REPRESENTATION_CONTEXT() REPRESENTATION_CONTEXT('2D SPACE',''
  ) );
#466 = PCURVE('',#467,#472);
#467 = PLANE('',#468);
#468 = AXIS2_PLACEMENT_3D('',#469,#470,#471);
#469 = CARTESIAN_POINT('',(-65.,-44.45777853056,25.667710402194));
#470 = DIRECTION('',(-9.614813431918E-17,0.5,-0.866025403784));
#471 = DIRECTION('',(5.551115123126E-17,0.866025403784,0.5));
#472 = DEFINITIONAL_REPRESENTATION('',(#473),#477);
#473 = LINE('',#474,#475);
#474 = CARTESIAN_POINT('',(0.,0.));
#475 = VECTOR('',#476,1.);
#476 = DIRECTION('',(1.,0.));
#477 = ( GEOMETRIC_REPRESENTATION_CONTEXT(2) 
PARAMETRIC_REPRESENTATION_CONTEXT() REPRESENTATION_CONTEXT('2D SPACE',''
  ) );
#478 = FACE_BOUND('',#479,.F.);
#479 = EDGE_LOOP('',(#480));
#480 = ORIENTED_EDGE('',*,*,#222,.T.);
#481 = ADVANCED_FACE('',(#482,#652),#273,.F.);
#482 = FACE_BOUND('',#483,.F.);
#483 = EDGE_LOOP('',(#484,#514,#542,#570,#598,#626));
#484 = ORIENTED_EDGE('',*,*,#485,.T.);
#485 = EDGE_CURVE('',#486,#488,#490,.T.);
#486 = VERTEX_POINT('',#487);
#487 = CARTESIAN_POINT('',(65.,0.,-51.33542080438));
#488 = VERTEX_POINT('',#489);
#489 = CARTESIAN_POINT('',(65.,44.457778530564,-25.66771040219));
#490 = SURFACE_CURVE('',#491,(#495,#502),.PCURVE_S1.);
#491 = LINE('',#492,#493);
#492 = CARTESIAN_POINT('',(65.,0.,-51.33542080438));
#493 = VECTOR('',#494,1.);
#494 = DIRECTION('',(-5.551115123126E-17,0.866025403784,0.5));
#495 = PCURVE('',#273,#496);
#496 = DEFINITIONAL_REPRESENTATION('',(#497),#501);
#497 = LINE('',#498,#499);
#498 = CARTESIAN_POINT('',(51.335420804387,-7.381962002079E-16));
#499 = VECTOR('',#500,1.);
#500 = DIRECTION('',(-0.5,0.866025403784));
#501 = ( GEOMETRIC_REPRESENTATION_CONTEXT(2) 
PARAMETRIC_REPRESENTATION_CONTEXT() REPRESENTATION_CONTEXT('2D SPACE',''
  ) );
#502 = PCURVE('',#503,#508);
#503 = PLANE('',#504);
#504 = AXIS2_PLACEMENT_3D('',#505,#506,#507);
#505 = CARTESIAN_POINT('',(65.,0.,-51.33542080438));
#506 = DIRECTION('',(-9.614813431918E-17,-0.5,0.866025403784));
#507 = DIRECTION('',(-5.551115123126E-17,0.866025403784,0.5));
#508 = DEFINITIONAL_REPRESENTATION('',(#509),#513);
#509 = LINE('',#510,#511);
#510 = CARTESIAN_POINT('',(0.,0.));
#511 = VECTOR('',#512,1.);
#512 = DIRECTION('',(1.,0.));
#513 = ( GEOMETRIC_REPRESENTATION_CONTEXT(2) 
PARAMETRIC_REPRESENTATION_CONTEXT() REPRESENTATION_CONTEXT('2D SPACE',''
  ) );
#514 = ORIENTED_EDGE('',*,*,#515,.T.);
#515 = EDGE_CURVE('',#488,#516,#518,.T.);
#516 = VERTEX_POINT('',#517);
#517 = CARTESIAN_POINT('',(65.,44.457778530564,25.667710402194));
#518 = SURFACE_CURVE('',#519,(#523,#530),.PCURVE_S1.);
#519 = LINE('',#520,#521);
#520 = CARTESIAN_POINT('',(65.,44.457778530564,-25.66771040219));
#521 = VECTOR('',#522,1.);
#522 = DIRECTION('',(-1.110223024625E-16,1.38411787539E-16,1.));
#523 = PCURVE('',#273,#524);
#524 = DEFINITIONAL_REPRESENTATION('',(#525),#529);
#525 = LINE('',#526,#527);
#526 = CARTESIAN_POINT('',(25.667710402194,44.457778530564));
#527 = VECTOR('',#528,1.);
#528 = DIRECTION('',(-1.,1.38411787539E-16));
#529 = ( GEOMETRIC_REPRESENTATION_CONTEXT(2) 
PARAMETRIC_REPRESENTATION_CONTEXT() REPRESENTATION_CONTEXT('2D SPACE',''
  ) );
#530 = PCURVE('',#531,#536);
#531 = PLANE('',#532);
#532 = AXIS2_PLACEMENT_3D('',#533,#534,#535);
#533 = CARTESIAN_POINT('',(65.,44.457778530564,-25.66771040219));
#534 = DIRECTION('',(-1.536679534053E-32,-1.,1.38411787539E-16));
#535 = DIRECTION('',(-1.110223024625E-16,1.38411787539E-16,1.));
#536 = DEFINITIONAL_REPRESENTATION('',(#537),#541);
#537 = LINE('',#538,#539);
#538 = CARTESIAN_POINT('',(0.,0.));
#539 = VECTOR('',#540,1.);
#540 = DIRECTION('',(1.,0.));
#541 = ( GEOMETRIC_REPRESENTATION_CONTEXT(2) 
PARAMETRIC_REPRESENTATION_CONTEXT() REPRESENTATION_CONTEXT('2D SPACE',''
  ) );
#542 = ORIENTED_EDGE('',*,*,#543,.T.);
#543 = EDGE_CURVE('',#516,#544,#546,.T.);
#544 = VERTEX_POINT('',#545);
#545 = CARTESIAN_POINT('',(65.,6.286775877098E-15,51.335420804387));
#546 = SURFACE_CURVE('',#547,(#551,#558),.PCURVE_S1.);
#547 = LINE('',#548,#549);
#548 = CARTESIAN_POINT('',(65.,44.457778530564,25.667710402194));
#549 = VECTOR('',#550,1.);
#550 = DIRECTION('',(-5.551115123126E-17,-0.866025403784,0.5));
#551 = PCURVE('',#273,#552);
#552 = DEFINITIONAL_REPRESENTATION('',(#553),#557);
#553 = LINE('',#554,#555);
#554 = CARTESIAN_POINT('',(-25.66771040219,44.457778530564));
#555 = VECTOR('',#556,1.);
#556 = DIRECTION('',(-0.5,-0.866025403784));
#557 = ( GEOMETRIC_REPRESENTATION_CONTEXT(2) 
PARAMETRIC_REPRESENTATION_CONTEXT() REPRESENTATION_CONTEXT('2D SPACE',''
  ) );
#558 = PCURVE('',#559,#564);
#559 = PLANE('',#560);
#560 = AXIS2_PLACEMENT_3D('',#561,#562,#563);
#561 = CARTESIAN_POINT('',(65.,44.457778530564,25.667710402194));
#562 = DIRECTION('',(9.614813431918E-17,-0.5,-0.866025403784));
#563 = DIRECTION('',(-5.551115123126E-17,-0.866025403784,0.5));
#564 = DEFINITIONAL_REPRESENTATION('',(#565),#569);
#565 = LINE('',#566,#567);
#566 = CARTESIAN_POINT('',(0.,0.));
#567 = VECTOR('',#568,1.);
#568 = DIRECTION('',(1.,0.));
#569 = ( GEOMETRIC_REPRESENTATION_CONTEXT(2) 
PARAMETRIC_REPRESENTATION_CONTEXT() REPRESENTATION_CONTEXT('2D SPACE',''
  ) );
#570 = ORIENTED_EDGE('',*,*,#571,.T.);
#571 = EDGE_CURVE('',#544,#572,#574,.T.);
#572 = VERTEX_POINT('',#573);
#573 = CARTESIAN_POINT('',(65.,-44.45777853056,25.667710402194));
#574 = SURFACE_CURVE('',#575,(#579,#586),.PCURVE_S1.);
#575 = LINE('',#576,#577);
#576 = CARTESIAN_POINT('',(65.,6.286775877098E-15,51.335420804387));
#577 = VECTOR('',#578,1.);
#578 = DIRECTION('',(5.551115123126E-17,-0.866025403784,-0.5));
#579 = PCURVE('',#273,#580);
#580 = DEFINITIONAL_REPRESENTATION('',(#581),#585);
#581 = LINE('',#582,#583);
#582 = CARTESIAN_POINT('',(-51.33542080438,5.54857967689E-15));
#583 = VECTOR('',#584,1.);
#584 = DIRECTION('',(0.5,-0.866025403784));
#585 = ( GEOMETRIC_REPRESENTATION_CONTEXT(2) 
PARAMETRIC_REPRESENTATION_CONTEXT() REPRESENTATION_CONTEXT('2D SPACE',''
  ) );
#586 = PCURVE('',#587,#592);
#587 = PLANE('',#588);
#588 = AXIS2_PLACEMENT_3D('',#589,#590,#591);
#589 = CARTESIAN_POINT('',(65.,6.286775877098E-15,51.335420804387));
#590 = DIRECTION('',(9.614813431918E-17,0.5,-0.866025403784));
#591 = DIRECTION('',(5.551115123126E-17,-0.866025403784,-0.5));
#592 = DEFINITIONAL_REPRESENTATION('',(#593),#597);
#593 = LINE('',#594,#595);
#594 = CARTESIAN_POINT('',(0.,0.));
#595 = VECTOR('',#596,1.);
#596 = DIRECTION('',(1.,0.));
#597 = ( GEOMETRIC_REPRESENTATION_CONTEXT(2) 
PARAMETRIC_REPRESENTATION_CONTEXT() REPRESENTATION_CONTEXT('2D SPACE',''
  ) );
#598 = ORIENTED_EDGE('',*,*,#599,.T.);
#599 = EDGE_CURVE('',#572,#600,#602,.T.);
#600 = VERTEX_POINT('',#601);
#601 = CARTESIAN_POINT('',(65.,-44.45777853056,-25.66771040219));
#602 = SURFACE_CURVE('',#603,(#607,#614),.PCURVE_S1.);
#603 = LINE('',#604,#605);
#604 = CARTESIAN_POINT('',(65.,-44.45777853056,25.667710402194));
#605 = VECTOR('',#606,1.);
#606 = DIRECTION('',(1.110223024625E-16,-1.38411787539E-16,-1.));
#607 = PCURVE('',#273,#608);
#608 = DEFINITIONAL_REPRESENTATION('',(#609),#613);
#609 = LINE('',#610,#611);
#610 = CARTESIAN_POINT('',(-25.66771040219,-44.45777853056));
#611 = VECTOR('',#612,1.);
#612 = DIRECTION('',(1.,-1.38411787539E-16));
#613 = ( GEOMETRIC_REPRESENTATION_CONTEXT(2) 
PARAMETRIC_REPRESENTATION_CONTEXT() REPRESENTATION_CONTEXT('2D SPACE',''
  ) );
#614 = PCURVE('',#615,#620);
#615 = PLANE('',#616);
#616 = AXIS2_PLACEMENT_3D('',#617,#618,#619);
#617 = CARTESIAN_POINT('',(65.,-44.45777853056,25.667710402194));
#618 = DIRECTION('',(1.536679534053E-32,1.,-1.38411787539E-16));
#619 = DIRECTION('',(1.110223024625E-16,-1.38411787539E-16,-1.));
#620 = DEFINITIONAL_REPRESENTATION('',(#621),#625);
#621 = LINE('',#622,#623);
#622 = CARTESIAN_POINT('',(0.,0.));
#623 = VECTOR('',#624,1.);
#624 = DIRECTION('',(1.,0.));
#625 = ( GEOMETRIC_REPRESENTATION_CONTEXT(2) 
PARAMETRIC_REPRESENTATION_CONTEXT() REPRESENTATION_CONTEXT('2D SPACE',''
  ) );
#626 = ORIENTED_EDGE('',*,*,#627,.T.);
#627 = EDGE_CURVE('',#600,#486,#628,.T.);
#628 = SURFACE_CURVE('',#629,(#633,#640),.PCURVE_S1.);
#629 = LINE('',#630,#631);
#630 = CARTESIAN_POINT('',(65.,-44.45777853056,-25.66771040219));
#631 = VECTOR('',#632,1.);
#632 = DIRECTION('',(5.551115123126E-17,0.866025403784,-0.5));
#633 = PCURVE('',#273,#634);
#634 = DEFINITIONAL_REPRESENTATION('',(#635),#639);
#635 = LINE('',#636,#637);
#636 = CARTESIAN_POINT('',(25.667710402194,-44.45777853056));
#637 = VECTOR('',#638,1.);
#638 = DIRECTION('',(0.5,0.866025403784));
#639 = ( GEOMETRIC_REPRESENTATION_CONTEXT(2) 
PARAMETRIC_REPRESENTATION_CONTEXT() REPRESENTATION_CONTEXT('2D SPACE',''
  ) );
#640 = PCURVE('',#641,#646);
#641 = PLANE('',#642);
#642 = AXIS2_PLACEMENT_3D('',#643,#644,#645);
#643 = CARTESIAN_POINT('',(65.,-44.45777853056,-25.66771040219));
#644 = DIRECTION('',(-9.614813431918E-17,0.5,0.866025403784));
#645 = DIRECTION('',(5.551115123126E-17,0.866025403784,-0.5));
#646 = DEFINITIONAL_REPRESENTATION('',(#647),#651);
#647 = LINE('',#648,#649);
#648 = CARTESIAN_POINT('',(0.,0.));
#649 = VECTOR('',#650,1.);
#650 = DIRECTION('',(1.,0.));
#651 = ( GEOMETRIC_REPRESENTATION_CONTEXT(2) 
PARAMETRIC_REPRESENTATION_CONTEXT() REPRESENTATION_CONTEXT('2D SPACE',''
  ) );
#652 = FACE_BOUND('',#653,.F.);
#653 = EDGE_LOOP('',(#654));
#654 = ORIENTED_EDGE('',*,*,#256,.F.);
#655 = ADVANCED_FACE('',(#656),#329,.F.);
#656 = FACE_BOUND('',#657,.F.);
#657 = EDGE_LOOP('',(#658,#681,#709,#730));
#658 = ORIENTED_EDGE('',*,*,#659,.T.);
#659 = EDGE_CURVE('',#312,#660,#662,.T.);
#660 = VERTEX_POINT('',#661);
#661 = CARTESIAN_POINT('',(-134.1565443808,0.,51.335420804387));
#662 = SURFACE_CURVE('',#663,(#667,#674),.PCURVE_S1.);
#663 = LINE('',#664,#665);
#664 = CARTESIAN_POINT('',(-65.,0.,51.335420804387));
#665 = VECTOR('',#666,1.);
#666 = DIRECTION('',(-1.,0.,1.110223024625E-16));
#667 = PCURVE('',#329,#668);
#668 = DEFINITIONAL_REPRESENTATION('',(#669),#673);
#669 = LINE('',#670,#671);
#670 = CARTESIAN_POINT('',(0.,0.));
#671 = VECTOR('',#672,1.);
#672 = DIRECTION('',(0.,-1.));
#673 = ( GEOMETRIC_REPRESENTATION_CONTEXT(2) 
PARAMETRIC_REPRESENTATION_CONTEXT() REPRESENTATION_CONTEXT('2D SPACE',''
  ) );
#674 = PCURVE('',#467,#675);
#675 = DEFINITIONAL_REPRESENTATION('',(#676),#680);
#676 = LINE('',#677,#678);
#677 = CARTESIAN_POINT('',(51.335420804387,0.));
#678 = VECTOR('',#679,1.);
#679 = DIRECTION('',(0.,-1.));
#680 = ( GEOMETRIC_REPRESENTATION_CONTEXT(2) 
PARAMETRIC_REPRESENTATION_CONTEXT() REPRESENTATION_CONTEXT('2D SPACE',''
  ) );
#681 = ORIENTED_EDGE('',*,*,#682,.T.);
#682 = EDGE_CURVE('',#660,#683,#685,.T.);
#683 = VERTEX_POINT('',#684);
#684 = CARTESIAN_POINT('',(-134.1565443808,44.457778530564,
    25.667710402194));
#685 = SURFACE_CURVE('',#686,(#690,#697),.PCURVE_S1.);
#686 = LINE('',#687,#688);
#687 = CARTESIAN_POINT('',(-134.1565443808,0.,51.335420804387));
#688 = VECTOR('',#689,1.);
#689 = DIRECTION('',(-5.551115123126E-17,0.866025403784,-0.5));
#690 = PCURVE('',#329,#691);
#691 = DEFINITIONAL_REPRESENTATION('',(#692),#696);
#692 = LINE('',#693,#694);
#693 = CARTESIAN_POINT('',(0.,-69.15654438087));
#694 = VECTOR('',#695,1.);
#695 = DIRECTION('',(1.,0.));
#696 = ( GEOMETRIC_REPRESENTATION_CONTEXT(2) 
PARAMETRIC_REPRESENTATION_CONTEXT() REPRESENTATION_CONTEXT('2D SPACE',''
  ) );
#697 = PCURVE('',#698,#703);
#698 = PLANE('',#699);
#699 = AXIS2_PLACEMENT_3D('',#700,#701,#702);
#700 = CARTESIAN_POINT('',(-134.1565443808,7.381962002079E-16,
    6.939722587308E-15));
#701 = DIRECTION('',(-1.,0.,1.110223024625E-16));
#702 = DIRECTION('',(1.110223024625E-16,0.,1.));
#703 = DEFINITIONAL_REPRESENTATION('',(#704),#708);
#704 = LINE('',#705,#706);
#705 = CARTESIAN_POINT('',(51.335420804387,-7.381962002079E-16));
#706 = VECTOR('',#707,1.);
#707 = DIRECTION('',(-0.5,0.866025403784));
#708 = ( GEOMETRIC_REPRESENTATION_CONTEXT(2) 
PARAMETRIC_REPRESENTATION_CONTEXT() REPRESENTATION_CONTEXT('2D SPACE',''
  ) );
#709 = ORIENTED_EDGE('',*,*,#710,.F.);
#710 = EDGE_CURVE('',#314,#683,#711,.T.);
#711 = SURFACE_CURVE('',#712,(#716,#723),.PCURVE_S1.);
#712 = LINE('',#713,#714);
#713 = CARTESIAN_POINT('',(-65.,44.457778530564,25.667710402194));
#714 = VECTOR('',#715,1.);
#715 = DIRECTION('',(-1.,0.,1.110223024625E-16));
#716 = PCURVE('',#329,#717);
#717 = DEFINITIONAL_REPRESENTATION('',(#718),#722);
#718 = LINE('',#719,#720);
#719 = CARTESIAN_POINT('',(51.335420804387,0.));
#720 = VECTOR('',#721,1.);
#721 = DIRECTION('',(0.,-1.));
#722 = ( GEOMETRIC_REPRESENTATION_CONTEXT(2) 
PARAMETRIC_REPRESENTATION_CONTEXT() REPRESENTATION_CONTEXT('2D SPACE',''
  ) );
#723 = PCURVE('',#357,#724);
#724 = DEFINITIONAL_REPRESENTATION('',(#725),#729);
#725 = LINE('',#726,#727);
#726 = CARTESIAN_POINT('',(0.,0.));
#727 = VECTOR('',#728,1.);
#728 = DIRECTION('',(0.,-1.));
#729 = ( GEOMETRIC_REPRESENTATION_CONTEXT(2) 
PARAMETRIC_REPRESENTATION_CONTEXT() REPRESENTATION_CONTEXT('2D SPACE',''
  ) );
#730 = ORIENTED_EDGE('',*,*,#311,.F.);
#731 = ADVANCED_FACE('',(#732),#467,.F.);
#732 = FACE_BOUND('',#733,.F.);
#733 = EDGE_LOOP('',(#734,#757,#778,#779));
#734 = ORIENTED_EDGE('',*,*,#735,.T.);
#735 = EDGE_CURVE('',#426,#736,#738,.T.);
#736 = VERTEX_POINT('',#737);
#737 = CARTESIAN_POINT('',(-134.1565443808,-44.45777853056,
    25.667710402194));
#738 = SURFACE_CURVE('',#739,(#743,#750),.PCURVE_S1.);
#739 = LINE('',#740,#741);
#740 = CARTESIAN_POINT('',(-65.,-44.45777853056,25.667710402194));
#741 = VECTOR('',#742,1.);
#742 = DIRECTION('',(-1.,0.,1.110223024625E-16));
#743 = PCURVE('',#467,#744);
#744 = DEFINITIONAL_REPRESENTATION('',(#745),#749);
#745 = LINE('',#746,#747);
#746 = CARTESIAN_POINT('',(0.,0.));
#747 = VECTOR('',#748,1.);
#748 = DIRECTION('',(0.,-1.));
#749 = ( GEOMETRIC_REPRESENTATION_CONTEXT(2) 
PARAMETRIC_REPRESENTATION_CONTEXT() REPRESENTATION_CONTEXT('2D SPACE',''
  ) );
#750 = PCURVE('',#441,#751);
#751 = DEFINITIONAL_REPRESENTATION('',(#752),#756);
#752 = LINE('',#753,#754);
#753 = CARTESIAN_POINT('',(51.335420804387,0.));
#754 = VECTOR('',#755,1.);
#755 = DIRECTION('',(0.,-1.));
#756 = ( GEOMETRIC_REPRESENTATION_CONTEXT(2) 
PARAMETRIC_REPRESENTATION_CONTEXT() REPRESENTATION_CONTEXT('2D SPACE',''
  ) );
#757 = ORIENTED_EDGE('',*,*,#758,.T.);
#758 = EDGE_CURVE('',#736,#660,#759,.T.);
#759 = SURFACE_CURVE('',#760,(#764,#771),.PCURVE_S1.);
#760 = LINE('',#761,#762);
#761 = CARTESIAN_POINT('',(-134.1565443808,-44.45777853056,
    25.667710402194));
#762 = VECTOR('',#763,1.);
#763 = DIRECTION('',(5.551115123126E-17,0.866025403784,0.5));
#764 = PCURVE('',#467,#765);
#765 = DEFINITIONAL_REPRESENTATION('',(#766),#770);
#766 = LINE('',#767,#768);
#767 = CARTESIAN_POINT('',(0.,-69.15654438087));
#768 = VECTOR('',#769,1.);
#769 = DIRECTION('',(1.,0.));
#770 = ( GEOMETRIC_REPRESENTATION_CONTEXT(2) 
PARAMETRIC_REPRESENTATION_CONTEXT() REPRESENTATION_CONTEXT('2D SPACE',''
  ) );
#771 = PCURVE('',#698,#772);
#772 = DEFINITIONAL_REPRESENTATION('',(#773),#777);
#773 = LINE('',#774,#775);
#774 = CARTESIAN_POINT('',(25.667710402194,-44.45777853056));
#775 = VECTOR('',#776,1.);
#776 = DIRECTION('',(0.5,0.866025403784));
#777 = ( GEOMETRIC_REPRESENTATION_CONTEXT(2) 
PARAMETRIC_REPRESENTATION_CONTEXT() REPRESENTATION_CONTEXT('2D SPACE',''
  ) );
#778 = ORIENTED_EDGE('',*,*,#659,.F.);
#779 = ORIENTED_EDGE('',*,*,#453,.F.);
#780 = ADVANCED_FACE('',(#781),#357,.F.);
#781 = FACE_BOUND('',#782,.F.);
#782 = EDGE_LOOP('',(#783,#784,#807,#828));
#783 = ORIENTED_EDGE('',*,*,#710,.T.);
#784 = ORIENTED_EDGE('',*,*,#785,.T.);
#785 = EDGE_CURVE('',#683,#786,#788,.T.);
#786 = VERTEX_POINT('',#787);
#787 = CARTESIAN_POINT('',(-134.1565443808,44.457778530564,
    -25.66771040219));
#788 = SURFACE_CURVE('',#789,(#793,#800),.PCURVE_S1.);
#789 = LINE('',#790,#791);
#790 = CARTESIAN_POINT('',(-134.1565443808,44.457778530564,
    25.667710402194));
#791 = VECTOR('',#792,1.);
#792 = DIRECTION('',(-1.110223024625E-16,1.38411787539E-16,-1.));
#793 = PCURVE('',#357,#794);
#794 = DEFINITIONAL_REPRESENTATION('',(#795),#799);
#795 = LINE('',#796,#797);
#796 = CARTESIAN_POINT('',(0.,-69.15654438087));
#797 = VECTOR('',#798,1.);
#798 = DIRECTION('',(1.,0.));
#799 = ( GEOMETRIC_REPRESENTATION_CONTEXT(2) 
PARAMETRIC_REPRESENTATION_CONTEXT() REPRESENTATION_CONTEXT('2D SPACE',''
  ) );
#800 = PCURVE('',#698,#801);
#801 = DEFINITIONAL_REPRESENTATION('',(#802),#806);
#802 = LINE('',#803,#804);
#803 = CARTESIAN_POINT('',(25.667710402194,44.457778530564));
#804 = VECTOR('',#805,1.);
#805 = DIRECTION('',(-1.,1.38411787539E-16));
#806 = ( GEOMETRIC_REPRESENTATION_CONTEXT(2) 
PARAMETRIC_REPRESENTATION_CONTEXT() REPRESENTATION_CONTEXT('2D SPACE',''
  ) );
#807 = ORIENTED_EDGE('',*,*,#808,.F.);
#808 = EDGE_CURVE('',#342,#786,#809,.T.);
#809 = SURFACE_CURVE('',#810,(#814,#821),.PCURVE_S1.);
#810 = LINE('',#811,#812);
#811 = CARTESIAN_POINT('',(-65.,44.457778530564,-25.66771040219));
#812 = VECTOR('',#813,1.);
#813 = DIRECTION('',(-1.,0.,1.110223024625E-16));
#814 = PCURVE('',#357,#815);
#815 = DEFINITIONAL_REPRESENTATION('',(#816),#820);
#816 = LINE('',#817,#818);
#817 = CARTESIAN_POINT('',(51.335420804387,0.));
#818 = VECTOR('',#819,1.);
#819 = DIRECTION('',(0.,-1.));
#820 = ( GEOMETRIC_REPRESENTATION_CONTEXT(2) 
PARAMETRIC_REPRESENTATION_CONTEXT() REPRESENTATION_CONTEXT('2D SPACE',''
  ) );
#821 = PCURVE('',#385,#822);
#822 = DEFINITIONAL_REPRESENTATION('',(#823),#827);
#823 = LINE('',#824,#825);
#824 = CARTESIAN_POINT('',(0.,0.));
#825 = VECTOR('',#826,1.);
#826 = DIRECTION('',(0.,-1.));
#827 = ( GEOMETRIC_REPRESENTATION_CONTEXT(2) 
PARAMETRIC_REPRESENTATION_CONTEXT() REPRESENTATION_CONTEXT('2D SPACE',''
  ) );
#828 = ORIENTED_EDGE('',*,*,#341,.F.);
#829 = ADVANCED_FACE('',(#830),#441,.F.);
#830 = FACE_BOUND('',#831,.F.);
#831 = EDGE_LOOP('',(#832,#855,#876,#877));
#832 = ORIENTED_EDGE('',*,*,#833,.T.);
#833 = EDGE_CURVE('',#398,#834,#836,.T.);
#834 = VERTEX_POINT('',#835);
#835 = CARTESIAN_POINT('',(-134.1565443808,-44.45777853056,
    -25.66771040219));
#836 = SURFACE_CURVE('',#837,(#841,#848),.PCURVE_S1.);
#837 = LINE('',#838,#839);
#838 = CARTESIAN_POINT('',(-65.,-44.45777853056,-25.66771040219));
#839 = VECTOR('',#840,1.);
#840 = DIRECTION('',(-1.,0.,1.110223024625E-16));
#841 = PCURVE('',#441,#842);
#842 = DEFINITIONAL_REPRESENTATION('',(#843),#847);
#843 = LINE('',#844,#845);
#844 = CARTESIAN_POINT('',(0.,0.));
#845 = VECTOR('',#846,1.);
#846 = DIRECTION('',(0.,-1.));
#847 = ( GEOMETRIC_REPRESENTATION_CONTEXT(2) 
PARAMETRIC_REPRESENTATION_CONTEXT() REPRESENTATION_CONTEXT('2D SPACE',''
  ) );
#848 = PCURVE('',#413,#849);
#849 = DEFINITIONAL_REPRESENTATION('',(#850),#854);
#850 = LINE('',#851,#852);
#851 = CARTESIAN_POINT('',(51.335420804387,0.));
#852 = VECTOR('',#853,1.);
#853 = DIRECTION('',(0.,-1.));
#854 = ( GEOMETRIC_REPRESENTATION_CONTEXT(2) 
PARAMETRIC_REPRESENTATION_CONTEXT() REPRESENTATION_CONTEXT('2D SPACE',''
  ) );
#855 = ORIENTED_EDGE('',*,*,#856,.T.);
#856 = EDGE_CURVE('',#834,#736,#857,.T.);
#857 = SURFACE_CURVE('',#858,(#862,#869),.PCURVE_S1.);
#858 = LINE('',#859,#860);
#859 = CARTESIAN_POINT('',(-134.1565443808,-44.45777853056,
    -25.66771040219));
#860 = VECTOR('',#861,1.);
#861 = DIRECTION('',(1.110223024625E-16,-1.38411787539E-16,1.));
#862 = PCURVE('',#441,#863);
#863 = DEFINITIONAL_REPRESENTATION('',(#864),#868);
#864 = LINE('',#865,#866);
#865 = CARTESIAN_POINT('',(0.,-69.15654438087));
#866 = VECTOR('',#867,1.);
#867 = DIRECTION('',(1.,0.));
#868 = ( GEOMETRIC_REPRESENTATION_CONTEXT(2) 
PARAMETRIC_REPRESENTATION_CONTEXT() REPRESENTATION_CONTEXT('2D SPACE',''
  ) );
#869 = PCURVE('',#698,#870);
#870 = DEFINITIONAL_REPRESENTATION('',(#871),#875);
#871 = LINE('',#872,#873);
#872 = CARTESIAN_POINT('',(-25.66771040219,-44.45777853056));
#873 = VECTOR('',#874,1.);
#874 = DIRECTION('',(1.,-1.38411787539E-16));
#875 = ( GEOMETRIC_REPRESENTATION_CONTEXT(2) 
PARAMETRIC_REPRESENTATION_CONTEXT() REPRESENTATION_CONTEXT('2D SPACE',''
  ) );
#876 = ORIENTED_EDGE('',*,*,#735,.F.);
#877 = ORIENTED_EDGE('',*,*,#425,.F.);
#878 = ADVANCED_FACE('',(#879),#385,.F.);
#879 = FACE_BOUND('',#880,.F.);
#880 = EDGE_LOOP('',(#881,#882,#905,#926));
#881 = ORIENTED_EDGE('',*,*,#808,.T.);
#882 = ORIENTED_EDGE('',*,*,#883,.T.);
#883 = EDGE_CURVE('',#786,#884,#886,.T.);
#884 = VERTEX_POINT('',#885);
#885 = CARTESIAN_POINT('',(-134.1565443808,6.286775877098E-15,
    -51.33542080438));
#886 = SURFACE_CURVE('',#887,(#891,#898),.PCURVE_S1.);
#887 = LINE('',#888,#889);
#888 = CARTESIAN_POINT('',(-134.1565443808,44.457778530564,
    -25.66771040219));
#889 = VECTOR('',#890,1.);
#890 = DIRECTION('',(-5.551115123126E-17,-0.866025403784,-0.5));
#891 = PCURVE('',#385,#892);
#892 = DEFINITIONAL_REPRESENTATION('',(#893),#897);
#893 = LINE('',#894,#895);
#894 = CARTESIAN_POINT('',(0.,-69.15654438087));
#895 = VECTOR('',#896,1.);
#896 = DIRECTION('',(1.,0.));
#897 = ( GEOMETRIC_REPRESENTATION_CONTEXT(2) 
PARAMETRIC_REPRESENTATION_CONTEXT() REPRESENTATION_CONTEXT('2D SPACE',''
  ) );
#898 = PCURVE('',#698,#899);
#899 = DEFINITIONAL_REPRESENTATION('',(#900),#904);
#900 = LINE('',#901,#902);
#901 = CARTESIAN_POINT('',(-25.66771040219,44.457778530564));
#902 = VECTOR('',#903,1.);
#903 = DIRECTION('',(-0.5,-0.866025403784));
#904 = ( GEOMETRIC_REPRESENTATION_CONTEXT(2) 
PARAMETRIC_REPRESENTATION_CONTEXT() REPRESENTATION_CONTEXT('2D SPACE',''
  ) );
#905 = ORIENTED_EDGE('',*,*,#906,.F.);
#906 = EDGE_CURVE('',#370,#884,#907,.T.);
#907 = SURFACE_CURVE('',#908,(#912,#919),.PCURVE_S1.);
#908 = LINE('',#909,#910);
#909 = CARTESIAN_POINT('',(-65.,6.286775877098E-15,-51.33542080438));
#910 = VECTOR('',#911,1.);
#911 = DIRECTION('',(-1.,0.,1.110223024625E-16));
#912 = PCURVE('',#385,#913);
#913 = DEFINITIONAL_REPRESENTATION('',(#914),#918);
#914 = LINE('',#915,#916);
#915 = CARTESIAN_POINT('',(51.335420804387,0.));
#916 = VECTOR('',#917,1.);
#917 = DIRECTION('',(0.,-1.));
#918 = ( GEOMETRIC_REPRESENTATION_CONTEXT(2) 
PARAMETRIC_REPRESENTATION_CONTEXT() REPRESENTATION_CONTEXT('2D SPACE',''
  ) );
#919 = PCURVE('',#413,#920);
#920 = DEFINITIONAL_REPRESENTATION('',(#921),#925);
#921 = LINE('',#922,#923);
#922 = CARTESIAN_POINT('',(0.,0.));
#923 = VECTOR('',#924,1.);
#924 = DIRECTION('',(0.,-1.));
#925 = ( GEOMETRIC_REPRESENTATION_CONTEXT(2) 
PARAMETRIC_REPRESENTATION_CONTEXT() REPRESENTATION_CONTEXT('2D SPACE',''
  ) );
#926 = ORIENTED_EDGE('',*,*,#369,.F.);
#927 = ADVANCED_FACE('',(#928),#413,.F.);
#928 = FACE_BOUND('',#929,.F.);
#929 = EDGE_LOOP('',(#930,#931,#952,#953));
#930 = ORIENTED_EDGE('',*,*,#906,.T.);
#931 = ORIENTED_EDGE('',*,*,#932,.T.);
#932 = EDGE_CURVE('',#884,#834,#933,.T.);
#933 = SURFACE_CURVE('',#934,(#938,#945),.PCURVE_S1.);
#934 = LINE('',#935,#936);
#935 = CARTESIAN_POINT('',(-134.1565443808,6.286775877098E-15,
    -51.33542080438));
#936 = VECTOR('',#937,1.);
#937 = DIRECTION('',(5.551115123126E-17,-0.866025403784,0.5));
#938 = PCURVE('',#413,#939);
#939 = DEFINITIONAL_REPRESENTATION('',(#940),#944);
#940 = LINE('',#941,#942);
#941 = CARTESIAN_POINT('',(0.,-69.15654438087));
#942 = VECTOR('',#943,1.);
#943 = DIRECTION('',(1.,0.));
#944 = ( GEOMETRIC_REPRESENTATION_CONTEXT(2) 
PARAMETRIC_REPRESENTATION_CONTEXT() REPRESENTATION_CONTEXT('2D SPACE',''
  ) );
#945 = PCURVE('',#698,#946);
#946 = DEFINITIONAL_REPRESENTATION('',(#947),#951);
#947 = LINE('',#948,#949);
#948 = CARTESIAN_POINT('',(-51.33542080438,5.54857967689E-15));
#949 = VECTOR('',#950,1.);
#950 = DIRECTION('',(0.5,-0.866025403784));
#951 = ( GEOMETRIC_REPRESENTATION_CONTEXT(2) 
PARAMETRIC_REPRESENTATION_CONTEXT() REPRESENTATION_CONTEXT('2D SPACE',''
  ) );
#952 = ORIENTED_EDGE('',*,*,#833,.F.);
#953 = ORIENTED_EDGE('',*,*,#397,.F.);
#954 = ADVANCED_FACE('',(#955),#503,.F.);
#955 = FACE_BOUND('',#956,.F.);
#956 = EDGE_LOOP('',(#957,#980,#1008,#1029));
#957 = ORIENTED_EDGE('',*,*,#958,.T.);
#958 = EDGE_CURVE('',#486,#959,#961,.T.);
#959 = VERTEX_POINT('',#960);
#960 = CARTESIAN_POINT('',(134.15654438087,0.,-51.33542080438));
#961 = SURFACE_CURVE('',#962,(#966,#973),.PCURVE_S1.);
#962 = LINE('',#963,#964);
#963 = CARTESIAN_POINT('',(65.,0.,-51.33542080438));
#964 = VECTOR('',#965,1.);
#965 = DIRECTION('',(1.,0.,1.110223024625E-16));
#966 = PCURVE('',#503,#967);
#967 = DEFINITIONAL_REPRESENTATION('',(#968),#972);
#968 = LINE('',#969,#970);
#969 = CARTESIAN_POINT('',(0.,0.));
#970 = VECTOR('',#971,1.);
#971 = DIRECTION('',(0.,-1.));
#972 = ( GEOMETRIC_REPRESENTATION_CONTEXT(2) 
PARAMETRIC_REPRESENTATION_CONTEXT() REPRESENTATION_CONTEXT('2D SPACE',''
  ) );
#973 = PCURVE('',#641,#974);
#974 = DEFINITIONAL_REPRESENTATION('',(#975),#979);
#975 = LINE('',#976,#977);
#976 = CARTESIAN_POINT('',(51.335420804387,0.));
#977 = VECTOR('',#978,1.);
#978 = DIRECTION('',(0.,-1.));
#979 = ( GEOMETRIC_REPRESENTATION_CONTEXT(2) 
PARAMETRIC_REPRESENTATION_CONTEXT() REPRESENTATION_CONTEXT('2D SPACE',''
  ) );
#980 = ORIENTED_EDGE('',*,*,#981,.T.);
#981 = EDGE_CURVE('',#959,#982,#984,.T.);
#982 = VERTEX_POINT('',#983);
#983 = CARTESIAN_POINT('',(134.15654438087,44.457778530564,
    -25.66771040219));
#984 = SURFACE_CURVE('',#985,(#989,#996),.PCURVE_S1.);
#985 = LINE('',#986,#987);
#986 = CARTESIAN_POINT('',(134.15654438087,0.,-51.33542080438));
#987 = VECTOR('',#988,1.);
#988 = DIRECTION('',(-5.551115123126E-17,0.866025403784,0.5));
#989 = PCURVE('',#503,#990);
#990 = DEFINITIONAL_REPRESENTATION('',(#991),#995);
#991 = LINE('',#992,#993);
#992 = CARTESIAN_POINT('',(0.,-69.15654438087));
#993 = VECTOR('',#994,1.);
#994 = DIRECTION('',(1.,0.));
#995 = ( GEOMETRIC_REPRESENTATION_CONTEXT(2) 
PARAMETRIC_REPRESENTATION_CONTEXT() REPRESENTATION_CONTEXT('2D SPACE',''
  ) );
#996 = PCURVE('',#997,#1002);
#997 = PLANE('',#998);
#998 = AXIS2_PLACEMENT_3D('',#999,#1000,#1001);
#999 = CARTESIAN_POINT('',(134.15654438087,7.381962002079E-16,
    8.416114987724E-15));
#1000 = DIRECTION('',(1.,0.,1.110223024625E-16));
#1001 = DIRECTION('',(1.110223024625E-16,0.,-1.));
#1002 = DEFINITIONAL_REPRESENTATION('',(#1003),#1007);
#1003 = LINE('',#1004,#1005);
#1004 = CARTESIAN_POINT('',(51.335420804387,-7.381962002079E-16));
#1005 = VECTOR('',#1006,1.);
#1006 = DIRECTION('',(-0.5,0.866025403784));
#1007 = ( GEOMETRIC_REPRESENTATION_CONTEXT(2) 
PARAMETRIC_REPRESENTATION_CONTEXT() REPRESENTATION_CONTEXT('2D SPACE',''
  ) );
#1008 = ORIENTED_EDGE('',*,*,#1009,.F.);
#1009 = EDGE_CURVE('',#488,#982,#1010,.T.);
#1010 = SURFACE_CURVE('',#1011,(#1015,#1022),.PCURVE_S1.);
#1011 = LINE('',#1012,#1013);
#1012 = CARTESIAN_POINT('',(65.,44.457778530564,-25.66771040219));
#1013 = VECTOR('',#1014,1.);
#1014 = DIRECTION('',(1.,0.,1.110223024625E-16));
#1015 = PCURVE('',#503,#1016);
#1016 = DEFINITIONAL_REPRESENTATION('',(#1017),#1021);
#1017 = LINE('',#1018,#1019);
#1018 = CARTESIAN_POINT('',(51.335420804387,0.));
#1019 = VECTOR('',#1020,1.);
#1020 = DIRECTION('',(0.,-1.));
#1021 = ( GEOMETRIC_REPRESENTATION_CONTEXT(2) 
PARAMETRIC_REPRESENTATION_CONTEXT() REPRESENTATION_CONTEXT('2D SPACE',''
  ) );
#1022 = PCURVE('',#531,#1023);
#1023 = DEFINITIONAL_REPRESENTATION('',(#1024),#1028);
#1024 = LINE('',#1025,#1026);
#1025 = CARTESIAN_POINT('',(0.,0.));
#1026 = VECTOR('',#1027,1.);
#1027 = DIRECTION('',(0.,-1.));
#1028 = ( GEOMETRIC_REPRESENTATION_CONTEXT(2) 
PARAMETRIC_REPRESENTATION_CONTEXT() REPRESENTATION_CONTEXT('2D SPACE',''
  ) );
#1029 = ORIENTED_EDGE('',*,*,#485,.F.);
#1030 = ADVANCED_FACE('',(#1031),#641,.F.);
#1031 = FACE_BOUND('',#1032,.F.);
#1032 = EDGE_LOOP('',(#1033,#1056,#1077,#1078));
#1033 = ORIENTED_EDGE('',*,*,#1034,.T.);
#1034 = EDGE_CURVE('',#600,#1035,#1037,.T.);
#1035 = VERTEX_POINT('',#1036);
#1036 = CARTESIAN_POINT('',(134.15654438087,-44.45777853056,
    -25.66771040219));
#1037 = SURFACE_CURVE('',#1038,(#1042,#1049),.PCURVE_S1.);
#1038 = LINE('',#1039,#1040);
#1039 = CARTESIAN_POINT('',(65.,-44.45777853056,-25.66771040219));
#1040 = VECTOR('',#1041,1.);
#1041 = DIRECTION('',(1.,0.,1.110223024625E-16));
#1042 = PCURVE('',#641,#1043);
#1043 = DEFINITIONAL_REPRESENTATION('',(#1044),#1048);
#1044 = LINE('',#1045,#1046);
#1045 = CARTESIAN_POINT('',(0.,0.));
#1046 = VECTOR('',#1047,1.);
#1047 = DIRECTION('',(0.,-1.));
#1048 = ( GEOMETRIC_REPRESENTATION_CONTEXT(2) 
PARAMETRIC_REPRESENTATION_CONTEXT() REPRESENTATION_CONTEXT('2D SPACE',''
  ) );
#1049 = PCURVE('',#615,#1050);
#1050 = DEFINITIONAL_REPRESENTATION('',(#1051),#1055);
#1051 = LINE('',#1052,#1053);
#1052 = CARTESIAN_POINT('',(51.335420804387,0.));
#1053 = VECTOR('',#1054,1.);
#1054 = DIRECTION('',(0.,-1.));
#1055 = ( GEOMETRIC_REPRESENTATION_CONTEXT(2) 
PARAMETRIC_REPRESENTATION_CONTEXT() REPRESENTATION_CONTEXT('2D SPACE',''
  ) );
#1056 = ORIENTED_EDGE('',*,*,#1057,.T.);
#1057 = EDGE_CURVE('',#1035,#959,#1058,.T.);
#1058 = SURFACE_CURVE('',#1059,(#1063,#1070),.PCURVE_S1.);
#1059 = LINE('',#1060,#1061);
#1060 = CARTESIAN_POINT('',(134.15654438087,-44.45777853056,
    -25.66771040219));
#1061 = VECTOR('',#1062,1.);
#1062 = DIRECTION('',(5.551115123126E-17,0.866025403784,-0.5));
#1063 = PCURVE('',#641,#1064);
#1064 = DEFINITIONAL_REPRESENTATION('',(#1065),#1069);
#1065 = LINE('',#1066,#1067);
#1066 = CARTESIAN_POINT('',(0.,-69.15654438087));
#1067 = VECTOR('',#1068,1.);
#1068 = DIRECTION('',(1.,0.));
#1069 = ( GEOMETRIC_REPRESENTATION_CONTEXT(2) 
PARAMETRIC_REPRESENTATION_CONTEXT() REPRESENTATION_CONTEXT('2D SPACE',''
  ) );
#1070 = PCURVE('',#997,#1071);
#1071 = DEFINITIONAL_REPRESENTATION('',(#1072),#1076);
#1072 = LINE('',#1073,#1074);
#1073 = CARTESIAN_POINT('',(25.667710402194,-44.45777853056));
#1074 = VECTOR('',#1075,1.);
#1075 = DIRECTION('',(0.5,0.866025403784));
#1076 = ( GEOMETRIC_REPRESENTATION_CONTEXT(2) 
PARAMETRIC_REPRESENTATION_CONTEXT() REPRESENTATION_CONTEXT('2D SPACE',''
  ) );
#1077 = ORIENTED_EDGE('',*,*,#958,.F.);
#1078 = ORIENTED_EDGE('',*,*,#627,.F.);
#1079 = ADVANCED_FACE('',(#1080),#531,.F.);
#1080 = FACE_BOUND('',#1081,.F.);
#1081 = EDGE_LOOP('',(#1082,#1083,#1106,#1127));
#1082 = ORIENTED_EDGE('',*,*,#1009,.T.);
#1083 = ORIENTED_EDGE('',*,*,#1084,.T.);
#1084 = EDGE_CURVE('',#982,#1085,#1087,.T.);
#1085 = VERTEX_POINT('',#1086);
#1086 = CARTESIAN_POINT('',(134.15654438087,44.457778530564,
    25.667710402194));
#1087 = SURFACE_CURVE('',#1088,(#1092,#1099),.PCURVE_S1.);
#1088 = LINE('',#1089,#1090);
#1089 = CARTESIAN_POINT('',(134.15654438087,44.457778530564,
    -25.66771040219));
#1090 = VECTOR('',#1091,1.);
#1091 = DIRECTION('',(-1.110223024625E-16,1.38411787539E-16,1.));
#1092 = PCURVE('',#531,#1093);
#1093 = DEFINITIONAL_REPRESENTATION('',(#1094),#1098);
#1094 = LINE('',#1095,#1096);
#1095 = CARTESIAN_POINT('',(0.,-69.15654438087));
#1096 = VECTOR('',#1097,1.);
#1097 = DIRECTION('',(1.,0.));
#1098 = ( GEOMETRIC_REPRESENTATION_CONTEXT(2) 
PARAMETRIC_REPRESENTATION_CONTEXT() REPRESENTATION_CONTEXT('2D SPACE',''
  ) );
#1099 = PCURVE('',#997,#1100);
#1100 = DEFINITIONAL_REPRESENTATION('',(#1101),#1105);
#1101 = LINE('',#1102,#1103);
#1102 = CARTESIAN_POINT('',(25.667710402194,44.457778530564));
#1103 = VECTOR('',#1104,1.);
#1104 = DIRECTION('',(-1.,1.38411787539E-16));
#1105 = ( GEOMETRIC_REPRESENTATION_CONTEXT(2) 
PARAMETRIC_REPRESENTATION_CONTEXT() REPRESENTATION_CONTEXT('2D SPACE',''
  ) );
#1106 = ORIENTED_EDGE('',*,*,#1107,.F.);
#1107 = EDGE_CURVE('',#516,#1085,#1108,.T.);
#1108 = SURFACE_CURVE('',#1109,(#1113,#1120),.PCURVE_S1.);
#1109 = LINE('',#1110,#1111);
#1110 = CARTESIAN_POINT('',(65.,44.457778530564,25.667710402194));
#1111 = VECTOR('',#1112,1.);
#1112 = DIRECTION('',(1.,0.,1.110223024625E-16));
#1113 = PCURVE('',#531,#1114);
#1114 = DEFINITIONAL_REPRESENTATION('',(#1115),#1119);
#1115 = LINE('',#1116,#1117);
#1116 = CARTESIAN_POINT('',(51.335420804387,0.));
#1117 = VECTOR('',#1118,1.);
#1118 = DIRECTION('',(0.,-1.));
#1119 = ( GEOMETRIC_REPRESENTATION_CONTEXT(2) 
PARAMETRIC_REPRESENTATION_CONTEXT() REPRESENTATION_CONTEXT('2D SPACE',''
  ) );
#1120 = PCURVE('',#559,#1121);
#1121 = DEFINITIONAL_REPRESENTATION('',(#1122),#1126);
#1122 = LINE('',#1123,#1124);
#1123 = CARTESIAN_POINT('',(0.,0.));
#1124 = VECTOR('',#1125,1.);
#1125 = DIRECTION('',(0.,-1.));
#1126 = ( GEOMETRIC_REPRESENTATION_CONTEXT(2) 
PARAMETRIC_REPRESENTATION_CONTEXT() REPRESENTATION_CONTEXT('2D SPACE',''
  ) );
#1127 = ORIENTED_EDGE('',*,*,#515,.F.);
#1128 = ADVANCED_FACE('',(#1129),#615,.F.);
#1129 = FACE_BOUND('',#1130,.F.);
#1130 = EDGE_LOOP('',(#1131,#1154,#1175,#1176));
#1131 = ORIENTED_EDGE('',*,*,#1132,.T.);
#1132 = EDGE_CURVE('',#572,#1133,#1135,.T.);
#1133 = VERTEX_POINT('',#1134);
#1134 = CARTESIAN_POINT('',(134.15654438087,-44.45777853056,
    25.667710402194));
#1135 = SURFACE_CURVE('',#1136,(#1140,#1147),.PCURVE_S1.);
#1136 = LINE('',#1137,#1138);
#1137 = CARTESIAN_POINT('',(65.,-44.45777853056,25.667710402194));
#1138 = VECTOR('',#1139,1.);
#1139 = DIRECTION('',(1.,0.,1.110223024625E-16));
#1140 = PCURVE('',#615,#1141);
#1141 = DEFINITIONAL_REPRESENTATION('',(#1142),#1146);
#1142 = LINE('',#1143,#1144);
#1143 = CARTESIAN_POINT('',(0.,0.));
#1144 = VECTOR('',#1145,1.);
#1145 = DIRECTION('',(0.,-1.));
#1146 = ( GEOMETRIC_REPRESENTATION_CONTEXT(2) 
PARAMETRIC_REPRESENTATION_CONTEXT() REPRESENTATION_CONTEXT('2D SPACE',''
  ) );
#1147 = PCURVE('',#587,#1148);
#1148 = DEFINITIONAL_REPRESENTATION('',(#1149),#1153);
#1149 = LINE('',#1150,#1151);
#1150 = CARTESIAN_POINT('',(51.335420804387,0.));
#1151 = VECTOR('',#1152,1.);
#1152 = DIRECTION('',(0.,-1.));
#1153 = ( GEOMETRIC_REPRESENTATION_CONTEXT(2) 
PARAMETRIC_REPRESENTATION_CONTEXT() REPRESENTATION_CONTEXT('2D SPACE',''
  ) );
#1154 = ORIENTED_EDGE('',*,*,#1155,.T.);
#1155 = EDGE_CURVE('',#1133,#1035,#1156,.T.);
#1156 = SURFACE_CURVE('',#1157,(#1161,#1168),.PCURVE_S1.);
#1157 = LINE('',#1158,#1159);
#1158 = CARTESIAN_POINT('',(134.15654438087,-44.45777853056,
    25.667710402194));
#1159 = VECTOR('',#1160,1.);
#1160 = DIRECTION('',(1.110223024625E-16,-1.38411787539E-16,-1.));
#1161 = PCURVE('',#615,#1162);
#1162 = DEFINITIONAL_REPRESENTATION('',(#1163),#1167);
#1163 = LINE('',#1164,#1165);
#1164 = CARTESIAN_POINT('',(0.,-69.15654438087));
#1165 = VECTOR('',#1166,1.);
#1166 = DIRECTION('',(1.,0.));
#1167 = ( GEOMETRIC_REPRESENTATION_CONTEXT(2) 
PARAMETRIC_REPRESENTATION_CONTEXT() REPRESENTATION_CONTEXT('2D SPACE',''
  ) );
#1168 = PCURVE('',#997,#1169);
#1169 = DEFINITIONAL_REPRESENTATION('',(#1170),#1174);
#1170 = LINE('',#1171,#1172);
#1171 = CARTESIAN_POINT('',(-25.66771040219,-44.45777853056));
#1172 = VECTOR('',#1173,1.);
#1173 = DIRECTION('',(1.,-1.38411787539E-16));
#1174 = ( GEOMETRIC_REPRESENTATION_CONTEXT(2) 
PARAMETRIC_REPRESENTATION_CONTEXT() REPRESENTATION_CONTEXT('2D SPACE',''
  ) );
#1175 = ORIENTED_EDGE('',*,*,#1034,.F.);
#1176 = ORIENTED_EDGE('',*,*,#599,.F.);
#1177 = ADVANCED_FACE('',(#1178),#559,.F.);
#1178 = FACE_BOUND('',#1179,.F.);
#1179 = EDGE_LOOP('',(#1180,#1181,#1204,#1225));
#1180 = ORIENTED_EDGE('',*,*,#1107,.T.);
#1181 = ORIENTED_EDGE('',*,*,#1182,.T.);
#1182 = EDGE_CURVE('',#1085,#1183,#1185,.T.);
#1183 = VERTEX_POINT('',#1184);
#1184 = CARTESIAN_POINT('',(134.15654438087,6.286775877098E-15,
    51.335420804387));
#1185 = SURFACE_CURVE('',#1186,(#1190,#1197),.PCURVE_S1.);
#1186 = LINE('',#1187,#1188);
#1187 = CARTESIAN_POINT('',(134.15654438087,44.457778530564,
    25.667710402194));
#1188 = VECTOR('',#1189,1.);
#1189 = DIRECTION('',(-5.551115123126E-17,-0.866025403784,0.5));
#1190 = PCURVE('',#559,#1191);
#1191 = DEFINITIONAL_REPRESENTATION('',(#1192),#1196);
#1192 = LINE('',#1193,#1194);
#1193 = CARTESIAN_POINT('',(0.,-69.15654438087));
#1194 = VECTOR('',#1195,1.);
#1195 = DIRECTION('',(1.,0.));
#1196 = ( GEOMETRIC_REPRESENTATION_CONTEXT(2) 
PARAMETRIC_REPRESENTATION_CONTEXT() REPRESENTATION_CONTEXT('2D SPACE',''
  ) );
#1197 = PCURVE('',#997,#1198);
#1198 = DEFINITIONAL_REPRESENTATION('',(#1199),#1203);
#1199 = LINE('',#1200,#1201);
#1200 = CARTESIAN_POINT('',(-25.66771040219,44.457778530564));
#1201 = VECTOR('',#1202,1.);
#1202 = DIRECTION('',(-0.5,-0.866025403784));
#1203 = ( GEOMETRIC_REPRESENTATION_CONTEXT(2) 
PARAMETRIC_REPRESENTATION_CONTEXT() REPRESENTATION_CONTEXT('2D SPACE',''
  ) );
#1204 = ORIENTED_EDGE('',*,*,#1205,.F.);
#1205 = EDGE_CURVE('',#544,#1183,#1206,.T.);
#1206 = SURFACE_CURVE('',#1207,(#1211,#1218),.PCURVE_S1.);
#1207 = LINE('',#1208,#1209);
#1208 = CARTESIAN_POINT('',(65.,6.286775877098E-15,51.335420804387));
#1209 = VECTOR('',#1210,1.);
#1210 = DIRECTION('',(1.,0.,1.110223024625E-16));
#1211 = PCURVE('',#559,#1212);
#1212 = DEFINITIONAL_REPRESENTATION('',(#1213),#1217);
#1213 = LINE('',#1214,#1215);
#1214 = CARTESIAN_POINT('',(51.335420804387,0.));
#1215 = VECTOR('',#1216,1.);
#1216 = DIRECTION('',(0.,-1.));
#1217 = ( GEOMETRIC_REPRESENTATION_CONTEXT(2) 
PARAMETRIC_REPRESENTATION_CONTEXT() REPRESENTATION_CONTEXT('2D SPACE',''
  ) );
#1218 = PCURVE('',#587,#1219);
#1219 = DEFINITIONAL_REPRESENTATION('',(#1220),#1224);
#1220 = LINE('',#1221,#1222);
#1221 = CARTESIAN_POINT('',(0.,0.));
#1222 = VECTOR('',#1223,1.);
#1223 = DIRECTION('',(0.,-1.));
#1224 = ( GEOMETRIC_REPRESENTATION_CONTEXT(2) 
PARAMETRIC_REPRESENTATION_CONTEXT() REPRESENTATION_CONTEXT('2D SPACE',''
  ) );
#1225 = ORIENTED_EDGE('',*,*,#543,.F.);
#1226 = ADVANCED_FACE('',(#1227),#587,.F.);
#1227 = FACE_BOUND('',#1228,.F.);
#1228 = EDGE_LOOP('',(#1229,#1230,#1251,#1252));
#1229 = ORIENTED_EDGE('',*,*,#1205,.T.);
#1230 = ORIENTED_EDGE('',*,*,#1231,.T.);
#1231 = EDGE_CURVE('',#1183,#1133,#1232,.T.);
#1232 = SURFACE_CURVE('',#1233,(#1237,#1244),.PCURVE_S1.);
#1233 = LINE('',#1234,#1235);
#1234 = CARTESIAN_POINT('',(134.15654438087,6.286775877098E-15,
    51.335420804387));
#1235 = VECTOR('',#1236,1.);
#1236 = DIRECTION('',(5.551115123126E-17,-0.866025403784,-0.5));
#1237 = PCURVE('',#587,#1238);
#1238 = DEFINITIONAL_REPRESENTATION('',(#1239),#1243);
#1239 = LINE('',#1240,#1241);
#1240 = CARTESIAN_POINT('',(0.,-69.15654438087));
#1241 = VECTOR('',#1242,1.);
#1242 = DIRECTION('',(1.,0.));
#1243 = ( GEOMETRIC_REPRESENTATION_CONTEXT(2) 
PARAMETRIC_REPRESENTATION_CONTEXT() REPRESENTATION_CONTEXT('2D SPACE',''
  ) );
#1244 = PCURVE('',#997,#1245);
#1245 = DEFINITIONAL_REPRESENTATION('',(#1246),#1250);
#1246 = LINE('',#1247,#1248);
#1247 = CARTESIAN_POINT('',(-51.33542080438,5.54857967689E-15));
#1248 = VECTOR('',#1249,1.);
#1249 = DIRECTION('',(0.5,-0.866025403784));
#1250 = ( GEOMETRIC_REPRESENTATION_CONTEXT(2) 
PARAMETRIC_REPRESENTATION_CONTEXT() REPRESENTATION_CONTEXT('2D SPACE',''
  ) );
#1251 = ORIENTED_EDGE('',*,*,#1132,.F.);
#1252 = ORIENTED_EDGE('',*,*,#571,.F.);
#1253 = ADVANCED_FACE('',(#1254),#698,.T.);
#1254 = FACE_BOUND('',#1255,.T.);
#1255 = EDGE_LOOP('',(#1256,#1257,#1258,#1259,#1260,#1261));
#1256 = ORIENTED_EDGE('',*,*,#682,.T.);
#1257 = ORIENTED_EDGE('',*,*,#785,.T.);
#1258 = ORIENTED_EDGE('',*,*,#883,.T.);
#1259 = ORIENTED_EDGE('',*,*,#932,.T.);
#1260 = ORIENTED_EDGE('',*,*,#856,.T.);
#1261 = ORIENTED_EDGE('',*,*,#758,.T.);
#1262 = ADVANCED_FACE('',(#1263,#1271),#997,.T.);
#1263 = FACE_BOUND('',#1264,.T.);
#1264 = EDGE_LOOP('',(#1265,#1266,#1267,#1268,#1269,#1270));
#1265 = ORIENTED_EDGE('',*,*,#981,.T.);
#1266 = ORIENTED_EDGE('',*,*,#1084,.T.);
#1267 = ORIENTED_EDGE('',*,*,#1182,.T.);
#1268 = ORIENTED_EDGE('',*,*,#1231,.T.);
#1269 = ORIENTED_EDGE('',*,*,#1155,.T.);
#1270 = ORIENTED_EDGE('',*,*,#1057,.T.);
#1271 = FACE_BOUND('',#1272,.T.);
#1272 = EDGE_LOOP('',(#1273,#1301,#1327,#1353));
#1273 = ORIENTED_EDGE('',*,*,#1274,.F.);
#1274 = EDGE_CURVE('',#1275,#1277,#1279,.T.);
#1275 = VERTEX_POINT('',#1276);
#1276 = CARTESIAN_POINT('',(134.15654438087,17.783111412225,
    27.563822688949));
#1277 = VERTEX_POINT('',#1278);
#1278 = CARTESIAN_POINT('',(134.15654438087,-17.78311141222,
    27.563822688949));
#1279 = SURFACE_CURVE('',#1280,(#1284,#1290),.PCURVE_S1.);
#1280 = LINE('',#1281,#1282);
#1281 = CARTESIAN_POINT('',(134.15654438087,-8.891555706113,
    27.563822688949));
#1282 = VECTOR('',#1283,1.);
#1283 = DIRECTION('',(0.,-1.,0.));
#1284 = PCURVE('',#997,#1285);
#1285 = DEFINITIONAL_REPRESENTATION('',(#1286),#1289);
#1286 = B_SPLINE_CURVE_WITH_KNOTS('',1,(#1287,#1288),.UNSPECIFIED.,.F.,
  .F.,(2,2),(-26.67466711833,8.891555706113),.PIECEWISE_BEZIER_KNOTS.);
#1287 = CARTESIAN_POINT('',(-27.56382268894,17.783111412225));
#1288 = CARTESIAN_POINT('',(-27.56382268894,-17.78311141222));
#1289 = ( GEOMETRIC_REPRESENTATION_CONTEXT(2) 
PARAMETRIC_REPRESENTATION_CONTEXT() REPRESENTATION_CONTEXT('2D SPACE',''
  ) );
#1290 = PCURVE('',#1291,#1296);
#1291 = PLANE('',#1292);
#1292 = AXIS2_PLACEMENT_3D('',#1293,#1294,#1295);
#1293 = CARTESIAN_POINT('',(132.40654438087,-17.78311141222,
    27.563822688949));
#1294 = DIRECTION('',(-2.22044604925E-16,0.,1.));
#1295 = DIRECTION('',(0.,1.,0.));
#1296 = DEFINITIONAL_REPRESENTATION('',(#1297),#1300);
#1297 = B_SPLINE_CURVE_WITH_KNOTS('',1,(#1298,#1299),.UNSPECIFIED.,.F.,
  .F.,(2,2),(-26.67466711833,8.891555706113),.PIECEWISE_BEZIER_KNOTS.);
#1298 = CARTESIAN_POINT('',(35.566222824451,-1.75));
#1299 = CARTESIAN_POINT('',(0.,-1.75));
#1300 = ( GEOMETRIC_REPRESENTATION_CONTEXT(2) 
PARAMETRIC_REPRESENTATION_CONTEXT() REPRESENTATION_CONTEXT('2D SPACE',''
  ) );
#1301 = ORIENTED_EDGE('',*,*,#1302,.F.);
#1302 = EDGE_CURVE('',#1303,#1275,#1305,.T.);
#1303 = VERTEX_POINT('',#1304);
#1304 = CARTESIAN_POINT('',(134.15654438087,17.783111412225,
    -27.56382268894));
#1305 = SURFACE_CURVE('',#1306,(#1310,#1316),.PCURVE_S1.);
#1306 = LINE('',#1307,#1308);
#1307 = CARTESIAN_POINT('',(134.15654438087,17.783111412225,
    13.781911344475));
#1308 = VECTOR('',#1309,1.);
#1309 = DIRECTION('',(-1.110223024625E-16,0.,1.));
#1310 = PCURVE('',#997,#1311);
#1311 = DEFINITIONAL_REPRESENTATION('',(#1312),#1315);
#1312 = B_SPLINE_CURVE_WITH_KNOTS('',1,(#1313,#1314),.UNSPECIFIED.,.F.,
  .F.,(2,2),(-41.34573403342,13.781911344475),.PIECEWISE_BEZIER_KNOTS.);
#1313 = CARTESIAN_POINT('',(27.563822688949,17.783111412225));
#1314 = CARTESIAN_POINT('',(-27.56382268894,17.783111412225));
#1315 = ( GEOMETRIC_REPRESENTATION_CONTEXT(2) 
PARAMETRIC_REPRESENTATION_CONTEXT() REPRESENTATION_CONTEXT('2D SPACE',''
  ) );
#1316 = PCURVE('',#1317,#1322);
#1317 = PLANE('',#1318);
#1318 = AXIS2_PLACEMENT_3D('',#1319,#1320,#1321);
#1319 = CARTESIAN_POINT('',(132.40654438087,17.783111412225,
    27.563822688949));
#1320 = DIRECTION('',(0.,1.,0.));
#1321 = DIRECTION('',(2.22044604925E-16,0.,-1.));
#1322 = DEFINITIONAL_REPRESENTATION('',(#1323),#1326);
#1323 = B_SPLINE_CURVE_WITH_KNOTS('',1,(#1324,#1325),.UNSPECIFIED.,.F.,
  .F.,(2,2),(-41.34573403342,13.781911344475),.PIECEWISE_BEZIER_KNOTS.);
#1324 = CARTESIAN_POINT('',(55.127645377899,-1.75));
#1325 = CARTESIAN_POINT('',(0.,-1.75));
#1326 = ( GEOMETRIC_REPRESENTATION_CONTEXT(2) 
PARAMETRIC_REPRESENTATION_CONTEXT() REPRESENTATION_CONTEXT('2D SPACE',''
  ) );
#1327 = ORIENTED_EDGE('',*,*,#1328,.T.);
#1328 = EDGE_CURVE('',#1303,#1329,#1331,.T.);
#1329 = VERTEX_POINT('',#1330);
#1330 = CARTESIAN_POINT('',(134.15654438087,-17.78311141222,
    -27.56382268894));
#1331 = SURFACE_CURVE('',#1332,(#1336,#1342),.PCURVE_S1.);
#1332 = LINE('',#1333,#1334);
#1333 = CARTESIAN_POINT('',(134.15654438087,-8.891555706113,
    -27.56382268894));
#1334 = VECTOR('',#1335,1.);
#1335 = DIRECTION('',(0.,-1.,0.));
#1336 = PCURVE('',#997,#1337);
#1337 = DEFINITIONAL_REPRESENTATION('',(#1338),#1341);
#1338 = B_SPLINE_CURVE_WITH_KNOTS('',1,(#1339,#1340),.UNSPECIFIED.,.F.,
  .F.,(2,2),(-26.67466711833,8.891555706113),.PIECEWISE_BEZIER_KNOTS.);
#1339 = CARTESIAN_POINT('',(27.563822688949,17.783111412225));
#1340 = CARTESIAN_POINT('',(27.563822688949,-17.78311141222));
#1341 = ( GEOMETRIC_REPRESENTATION_CONTEXT(2) 
PARAMETRIC_REPRESENTATION_CONTEXT() REPRESENTATION_CONTEXT('2D SPACE',''
  ) );
#1342 = PCURVE('',#1343,#1348);
#1343 = PLANE('',#1344);
#1344 = AXIS2_PLACEMENT_3D('',#1345,#1346,#1347);
#1345 = CARTESIAN_POINT('',(132.40654438087,-17.78311141222,
    -27.56382268894));
#1346 = DIRECTION('',(-2.22044604925E-16,0.,1.));
#1347 = DIRECTION('',(0.,1.,0.));
#1348 = DEFINITIONAL_REPRESENTATION('',(#1349),#1352);
#1349 = B_SPLINE_CURVE_WITH_KNOTS('',1,(#1350,#1351),.UNSPECIFIED.,.F.,
  .F.,(2,2),(-26.67466711833,8.891555706113),.PIECEWISE_BEZIER_KNOTS.);
#1350 = CARTESIAN_POINT('',(35.566222824451,-1.75));
#1351 = CARTESIAN_POINT('',(0.,-1.75));
#1352 = ( GEOMETRIC_REPRESENTATION_CONTEXT(2) 
PARAMETRIC_REPRESENTATION_CONTEXT() REPRESENTATION_CONTEXT('2D SPACE',''
  ) );
#1353 = ORIENTED_EDGE('',*,*,#1354,.T.);
#1354 = EDGE_CURVE('',#1329,#1277,#1355,.T.);
#1355 = SURFACE_CURVE('',#1356,(#1360,#1366),.PCURVE_S1.);
#1356 = LINE('',#1357,#1358);
#1357 = CARTESIAN_POINT('',(134.15654438087,-17.78311141222,
    13.781911344475));
#1358 = VECTOR('',#1359,1.);
#1359 = DIRECTION('',(-1.110223024625E-16,0.,1.));
#1360 = PCURVE('',#997,#1361);
#1361 = DEFINITIONAL_REPRESENTATION('',(#1362),#1365);
#1362 = B_SPLINE_CURVE_WITH_KNOTS('',1,(#1363,#1364),.UNSPECIFIED.,.F.,
  .F.,(2,2),(-41.34573403342,13.781911344475),.PIECEWISE_BEZIER_KNOTS.);
#1363 = CARTESIAN_POINT('',(27.563822688949,-17.78311141222));
#1364 = CARTESIAN_POINT('',(-27.56382268894,-17.78311141222));
#1365 = ( GEOMETRIC_REPRESENTATION_CONTEXT(2) 
PARAMETRIC_REPRESENTATION_CONTEXT() REPRESENTATION_CONTEXT('2D SPACE',''
  ) );
#1366 = PCURVE('',#1367,#1372);
#1367 = PLANE('',#1368);
#1368 = AXIS2_PLACEMENT_3D('',#1369,#1370,#1371);
#1369 = CARTESIAN_POINT('',(132.40654438087,-17.78311141222,
    27.563822688949));
#1370 = DIRECTION('',(0.,1.,0.));
#1371 = DIRECTION('',(2.22044604925E-16,0.,-1.));
#1372 = DEFINITIONAL_REPRESENTATION('',(#1373),#1376);
#1373 = B_SPLINE_CURVE_WITH_KNOTS('',1,(#1374,#1375),.UNSPECIFIED.,.F.,
  .F.,(2,2),(-41.34573403342,13.781911344475),.PIECEWISE_BEZIER_KNOTS.);
#1374 = CARTESIAN_POINT('',(55.127645377899,-1.75));
#1375 = CARTESIAN_POINT('',(0.,-1.75));
#1376 = ( GEOMETRIC_REPRESENTATION_CONTEXT(2) 
PARAMETRIC_REPRESENTATION_CONTEXT() REPRESENTATION_CONTEXT('2D SPACE',''
  ) );
#1377 = ADVANCED_FACE('',(#1378),#1291,.F.);
#1378 = FACE_BOUND('',#1379,.F.);
#1379 = EDGE_LOOP('',(#1380,#1410,#1431,#1432));
#1380 = ORIENTED_EDGE('',*,*,#1381,.F.);
#1381 = EDGE_CURVE('',#1382,#1384,#1386,.T.);
#1382 = VERTEX_POINT('',#1383);
#1383 = CARTESIAN_POINT('',(132.40654438087,-17.78311141222,
    27.563822688949));
#1384 = VERTEX_POINT('',#1385);
#1385 = CARTESIAN_POINT('',(132.40654438087,17.783111412225,
    27.563822688949));
#1386 = SURFACE_CURVE('',#1387,(#1391,#1398),.PCURVE_S1.);
#1387 = LINE('',#1388,#1389);
#1388 = CARTESIAN_POINT('',(132.40654438087,0.,27.563822688949));
#1389 = VECTOR('',#1390,1.);
#1390 = DIRECTION('',(0.,1.,0.));
#1391 = PCURVE('',#1291,#1392);
#1392 = DEFINITIONAL_REPRESENTATION('',(#1393),#1397);
#1393 = LINE('',#1394,#1395);
#1394 = CARTESIAN_POINT('',(17.783111412225,0.));
#1395 = VECTOR('',#1396,1.);
#1396 = DIRECTION('',(1.,0.));
#1397 = ( GEOMETRIC_REPRESENTATION_CONTEXT(2) 
PARAMETRIC_REPRESENTATION_CONTEXT() REPRESENTATION_CONTEXT('2D SPACE',''
  ) );
#1398 = PCURVE('',#1399,#1404);
#1399 = PLANE('',#1400);
#1400 = AXIS2_PLACEMENT_3D('',#1401,#1402,#1403);
#1401 = CARTESIAN_POINT('',(132.40654438087,0.,0.));
#1402 = DIRECTION('',(1.,0.,2.22044604925E-16));
#1403 = DIRECTION('',(2.22044604925E-16,0.,-1.));
#1404 = DEFINITIONAL_REPRESENTATION('',(#1405),#1409);
#1405 = LINE('',#1406,#1407);
#1406 = CARTESIAN_POINT('',(-27.56382268894,0.));
#1407 = VECTOR('',#1408,1.);
#1408 = DIRECTION('',(0.,1.));
#1409 = ( GEOMETRIC_REPRESENTATION_CONTEXT(2) 
PARAMETRIC_REPRESENTATION_CONTEXT() REPRESENTATION_CONTEXT('2D SPACE',''
  ) );
#1410 = ORIENTED_EDGE('',*,*,#1411,.T.);
#1411 = EDGE_CURVE('',#1382,#1277,#1412,.T.);
#1412 = SURFACE_CURVE('',#1413,(#1417,#1424),.PCURVE_S1.);
#1413 = LINE('',#1414,#1415);
#1414 = CARTESIAN_POINT('',(132.40654438087,-17.78311141222,
    27.563822688949));
#1415 = VECTOR('',#1416,1.);
#1416 = DIRECTION('',(1.,0.,2.22044604925E-16));
#1417 = PCURVE('',#1291,#1418);
#1418 = DEFINITIONAL_REPRESENTATION('',(#1419),#1423);
#1419 = LINE('',#1420,#1421);
#1420 = CARTESIAN_POINT('',(0.,0.));
#1421 = VECTOR('',#1422,1.);
#1422 = DIRECTION('',(0.,-1.));
#1423 = ( GEOMETRIC_REPRESENTATION_CONTEXT(2) 
PARAMETRIC_REPRESENTATION_CONTEXT() REPRESENTATION_CONTEXT('2D SPACE',''
  ) );
#1424 = PCURVE('',#1367,#1425);
#1425 = DEFINITIONAL_REPRESENTATION('',(#1426),#1430);
#1426 = LINE('',#1427,#1428);
#1427 = CARTESIAN_POINT('',(0.,0.));
#1428 = VECTOR('',#1429,1.);
#1429 = DIRECTION('',(0.,-1.));
#1430 = ( GEOMETRIC_REPRESENTATION_CONTEXT(2) 
PARAMETRIC_REPRESENTATION_CONTEXT() REPRESENTATION_CONTEXT('2D SPACE',''
  ) );
#1431 = ORIENTED_EDGE('',*,*,#1274,.F.);
#1432 = ORIENTED_EDGE('',*,*,#1433,.F.);
#1433 = EDGE_CURVE('',#1384,#1275,#1434,.T.);
#1434 = SURFACE_CURVE('',#1435,(#1439,#1446),.PCURVE_S1.);
#1435 = LINE('',#1436,#1437);
#1436 = CARTESIAN_POINT('',(132.40654438087,17.783111412225,
    27.563822688949));
#1437 = VECTOR('',#1438,1.);
#1438 = DIRECTION('',(1.,0.,2.22044604925E-16));
#1439 = PCURVE('',#1291,#1440);
#1440 = DEFINITIONAL_REPRESENTATION('',(#1441),#1445);
#1441 = LINE('',#1442,#1443);
#1442 = CARTESIAN_POINT('',(35.566222824451,0.));
#1443 = VECTOR('',#1444,1.);
#1444 = DIRECTION('',(0.,-1.));
#1445 = ( GEOMETRIC_REPRESENTATION_CONTEXT(2) 
PARAMETRIC_REPRESENTATION_CONTEXT() REPRESENTATION_CONTEXT('2D SPACE',''
  ) );
#1446 = PCURVE('',#1317,#1447);
#1447 = DEFINITIONAL_REPRESENTATION('',(#1448),#1452);
#1448 = LINE('',#1449,#1450);
#1449 = CARTESIAN_POINT('',(0.,0.));
#1450 = VECTOR('',#1451,1.);
#1451 = DIRECTION('',(0.,-1.));
#1452 = ( GEOMETRIC_REPRESENTATION_CONTEXT(2) 
PARAMETRIC_REPRESENTATION_CONTEXT() REPRESENTATION_CONTEXT('2D SPACE',''
  ) );
#1453 = ADVANCED_FACE('',(#1454),#1367,.T.);
#1454 = FACE_BOUND('',#1455,.T.);
#1455 = EDGE_LOOP('',(#1456,#1479,#1480,#1481));
#1456 = ORIENTED_EDGE('',*,*,#1457,.F.);
#1457 = EDGE_CURVE('',#1382,#1458,#1460,.T.);
#1458 = VERTEX_POINT('',#1459);
#1459 = CARTESIAN_POINT('',(132.40654438087,-17.78311141222,
    -27.56382268894));
#1460 = SURFACE_CURVE('',#1461,(#1465,#1472),.PCURVE_S1.);
#1461 = LINE('',#1462,#1463);
#1462 = CARTESIAN_POINT('',(132.40654438087,-17.78311141222,0.));
#1463 = VECTOR('',#1464,1.);
#1464 = DIRECTION('',(2.22044604925E-16,0.,-1.));
#1465 = PCURVE('',#1367,#1466);
#1466 = DEFINITIONAL_REPRESENTATION('',(#1467),#1471);
#1467 = LINE('',#1468,#1469);
#1468 = CARTESIAN_POINT('',(27.563822688949,0.));
#1469 = VECTOR('',#1470,1.);
#1470 = DIRECTION('',(1.,0.));
#1471 = ( GEOMETRIC_REPRESENTATION_CONTEXT(2) 
PARAMETRIC_REPRESENTATION_CONTEXT() REPRESENTATION_CONTEXT('2D SPACE',''
  ) );
#1472 = PCURVE('',#1399,#1473);
#1473 = DEFINITIONAL_REPRESENTATION('',(#1474),#1478);
#1474 = LINE('',#1475,#1476);
#1475 = CARTESIAN_POINT('',(0.,-17.78311141222));
#1476 = VECTOR('',#1477,1.);
#1477 = DIRECTION('',(1.,0.));
#1478 = ( GEOMETRIC_REPRESENTATION_CONTEXT(2) 
PARAMETRIC_REPRESENTATION_CONTEXT() REPRESENTATION_CONTEXT('2D SPACE',''
  ) );
#1479 = ORIENTED_EDGE('',*,*,#1411,.T.);
#1480 = ORIENTED_EDGE('',*,*,#1354,.F.);
#1481 = ORIENTED_EDGE('',*,*,#1482,.F.);
#1482 = EDGE_CURVE('',#1458,#1329,#1483,.T.);
#1483 = SURFACE_CURVE('',#1484,(#1488,#1495),.PCURVE_S1.);
#1484 = LINE('',#1485,#1486);
#1485 = CARTESIAN_POINT('',(132.40654438087,-17.78311141222,
    -27.56382268894));
#1486 = VECTOR('',#1487,1.);
#1487 = DIRECTION('',(1.,0.,2.22044604925E-16));
#1488 = PCURVE('',#1367,#1489);
#1489 = DEFINITIONAL_REPRESENTATION('',(#1490),#1494);
#1490 = LINE('',#1491,#1492);
#1491 = CARTESIAN_POINT('',(55.127645377899,0.));
#1492 = VECTOR('',#1493,1.);
#1493 = DIRECTION('',(0.,-1.));
#1494 = ( GEOMETRIC_REPRESENTATION_CONTEXT(2) 
PARAMETRIC_REPRESENTATION_CONTEXT() REPRESENTATION_CONTEXT('2D SPACE',''
  ) );
#1495 = PCURVE('',#1343,#1496);
#1496 = DEFINITIONAL_REPRESENTATION('',(#1497),#1501);
#1497 = LINE('',#1498,#1499);
#1498 = CARTESIAN_POINT('',(0.,0.));
#1499 = VECTOR('',#1500,1.);
#1500 = DIRECTION('',(0.,-1.));
#1501 = ( GEOMETRIC_REPRESENTATION_CONTEXT(2) 
PARAMETRIC_REPRESENTATION_CONTEXT() REPRESENTATION_CONTEXT('2D SPACE',''
  ) );
#1502 = ADVANCED_FACE('',(#1503),#1343,.T.);
#1503 = FACE_BOUND('',#1504,.T.);
#1504 = EDGE_LOOP('',(#1505,#1528,#1529,#1530));
#1505 = ORIENTED_EDGE('',*,*,#1506,.F.);
#1506 = EDGE_CURVE('',#1458,#1507,#1509,.T.);
#1507 = VERTEX_POINT('',#1508);
#1508 = CARTESIAN_POINT('',(132.40654438087,17.783111412225,
    -27.56382268894));
#1509 = SURFACE_CURVE('',#1510,(#1514,#1521),.PCURVE_S1.);
#1510 = LINE('',#1511,#1512);
#1511 = CARTESIAN_POINT('',(132.40654438087,0.,-27.56382268894));
#1512 = VECTOR('',#1513,1.);
#1513 = DIRECTION('',(0.,1.,0.));
#1514 = PCURVE('',#1343,#1515);
#1515 = DEFINITIONAL_REPRESENTATION('',(#1516),#1520);
#1516 = LINE('',#1517,#1518);
#1517 = CARTESIAN_POINT('',(17.783111412225,0.));
#1518 = VECTOR('',#1519,1.);
#1519 = DIRECTION('',(1.,0.));
#1520 = ( GEOMETRIC_REPRESENTATION_CONTEXT(2) 
PARAMETRIC_REPRESENTATION_CONTEXT() REPRESENTATION_CONTEXT('2D SPACE',''
  ) );
#1521 = PCURVE('',#1399,#1522);
#1522 = DEFINITIONAL_REPRESENTATION('',(#1523),#1527);
#1523 = LINE('',#1524,#1525);
#1524 = CARTESIAN_POINT('',(27.563822688949,0.));
#1525 = VECTOR('',#1526,1.);
#1526 = DIRECTION('',(0.,1.));
#1527 = ( GEOMETRIC_REPRESENTATION_CONTEXT(2) 
PARAMETRIC_REPRESENTATION_CONTEXT() REPRESENTATION_CONTEXT('2D SPACE',''
  ) );
#1528 = ORIENTED_EDGE('',*,*,#1482,.T.);
#1529 = ORIENTED_EDGE('',*,*,#1328,.F.);
#1530 = ORIENTED_EDGE('',*,*,#1531,.F.);
#1531 = EDGE_CURVE('',#1507,#1303,#1532,.T.);
#1532 = SURFACE_CURVE('',#1533,(#1537,#1544),.PCURVE_S1.);
#1533 = LINE('',#1534,#1535);
#1534 = CARTESIAN_POINT('',(132.40654438087,17.783111412225,
    -27.56382268894));
#1535 = VECTOR('',#1536,1.);
#1536 = DIRECTION('',(1.,0.,2.22044604925E-16));
#1537 = PCURVE('',#1343,#1538);
#1538 = DEFINITIONAL_REPRESENTATION('',(#1539),#1543);
#1539 = LINE('',#1540,#1541);
#1540 = CARTESIAN_POINT('',(35.566222824451,0.));
#1541 = VECTOR('',#1542,1.);
#1542 = DIRECTION('',(0.,-1.));
#1543 = ( GEOMETRIC_REPRESENTATION_CONTEXT(2) 
PARAMETRIC_REPRESENTATION_CONTEXT() REPRESENTATION_CONTEXT('2D SPACE',''
  ) );
#1544 = PCURVE('',#1317,#1545);
#1545 = DEFINITIONAL_REPRESENTATION('',(#1546),#1550);
#1546 = LINE('',#1547,#1548);
#1547 = CARTESIAN_POINT('',(55.127645377899,0.));
#1548 = VECTOR('',#1549,1.);
#1549 = DIRECTION('',(0.,-1.));
#1550 = ( GEOMETRIC_REPRESENTATION_CONTEXT(2) 
PARAMETRIC_REPRESENTATION_CONTEXT() REPRESENTATION_CONTEXT('2D SPACE',''
  ) );
#1551 = ADVANCED_FACE('',(#1552),#1317,.F.);
#1552 = FACE_BOUND('',#1553,.F.);
#1553 = EDGE_LOOP('',(#1554,#1575,#1576,#1577));
#1554 = ORIENTED_EDGE('',*,*,#1555,.F.);
#1555 = EDGE_CURVE('',#1384,#1507,#1556,.T.);
#1556 = SURFACE_CURVE('',#1557,(#1561,#1568),.PCURVE_S1.);
#1557 = LINE('',#1558,#1559);
#1558 = CARTESIAN_POINT('',(132.40654438087,17.783111412225,0.));
#1559 = VECTOR('',#1560,1.);
#1560 = DIRECTION('',(2.22044604925E-16,0.,-1.));
#1561 = PCURVE('',#1317,#1562);
#1562 = DEFINITIONAL_REPRESENTATION('',(#1563),#1567);
#1563 = LINE('',#1564,#1565);
#1564 = CARTESIAN_POINT('',(27.563822688949,0.));
#1565 = VECTOR('',#1566,1.);
#1566 = DIRECTION('',(1.,0.));
#1567 = ( GEOMETRIC_REPRESENTATION_CONTEXT(2) 
PARAMETRIC_REPRESENTATION_CONTEXT() REPRESENTATION_CONTEXT('2D SPACE',''
  ) );
#1568 = PCURVE('',#1399,#1569);
#1569 = DEFINITIONAL_REPRESENTATION('',(#1570),#1574);
#1570 = LINE('',#1571,#1572);
#1571 = CARTESIAN_POINT('',(0.,17.783111412225));
#1572 = VECTOR('',#1573,1.);
#1573 = DIRECTION('',(1.,0.));
#1574 = ( GEOMETRIC_REPRESENTATION_CONTEXT(2) 
PARAMETRIC_REPRESENTATION_CONTEXT() REPRESENTATION_CONTEXT('2D SPACE',''
  ) );
#1575 = ORIENTED_EDGE('',*,*,#1433,.T.);
#1576 = ORIENTED_EDGE('',*,*,#1302,.F.);
#1577 = ORIENTED_EDGE('',*,*,#1531,.F.);
#1578 = ADVANCED_FACE('',(#1579,#1585,#1920),#1399,.T.);
#1579 = FACE_BOUND('',#1580,.T.);
#1580 = EDGE_LOOP('',(#1581,#1582,#1583,#1584));
#1581 = ORIENTED_EDGE('',*,*,#1381,.F.);
#1582 = ORIENTED_EDGE('',*,*,#1457,.T.);
#1583 = ORIENTED_EDGE('',*,*,#1506,.T.);
#1584 = ORIENTED_EDGE('',*,*,#1555,.F.);
#1585 = FACE_BOUND('',#1586,.T.);
#1586 = EDGE_LOOP('',(#1587,#1615,#1641,#1667,#1757,#1844,#1870,#1896));
#1587 = ORIENTED_EDGE('',*,*,#1588,.F.);
#1588 = EDGE_CURVE('',#1589,#1591,#1593,.T.);
#1589 = VERTEX_POINT('',#1590);
#1590 = CARTESIAN_POINT('',(132.40654438087,5.895100257308,
    6.866029214639));
#1591 = VERTEX_POINT('',#1592);
#1592 = CARTESIAN_POINT('',(132.40654438087,-5.779512384818,
    6.866029214639));
#1593 = SURFACE_CURVE('',#1594,(#1598,#1604),.PCURVE_S1.);
#1594 = LINE('',#1595,#1596);
#1595 = CARTESIAN_POINT('',(132.40654438087,-2.889756192409,
    6.866029214639));
#1596 = VECTOR('',#1597,1.);
#1597 = DIRECTION('',(0.,-1.,0.));
#1598 = PCURVE('',#1399,#1599);
#1599 = DEFINITIONAL_REPRESENTATION('',(#1600),#1603);
#1600 = B_SPLINE_CURVE_WITH_KNOTS('',1,(#1601,#1602),.UNSPECIFIED.,.F.,
  .F.,(2,2),(-8.784856449717,2.889756192409),.PIECEWISE_BEZIER_KNOTS.);
#1601 = CARTESIAN_POINT('',(-6.866029214639,5.895100257308));
#1602 = CARTESIAN_POINT('',(-6.866029214639,-5.779512384818));
#1603 = ( GEOMETRIC_REPRESENTATION_CONTEXT(2) 
PARAMETRIC_REPRESENTATION_CONTEXT() REPRESENTATION_CONTEXT('2D SPACE',''
  ) );
#1604 = PCURVE('',#1605,#1610);
#1605 = PLANE('',#1606);
#1606 = AXIS2_PLACEMENT_3D('',#1607,#1608,#1609);
#1607 = CARTESIAN_POINT('',(130.65654438087,-5.779512384818,
    6.866029214639));
#1608 = DIRECTION('',(-1.110223024625E-16,0.,1.));
#1609 = DIRECTION('',(0.,1.,0.));
#1610 = DEFINITIONAL_REPRESENTATION('',(#1611),#1614);
#1611 = B_SPLINE_CURVE_WITH_KNOTS('',1,(#1612,#1613),.UNSPECIFIED.,.F.,
  .F.,(2,2),(-8.784856449717,2.889756192409),.PIECEWISE_BEZIER_KNOTS.);
#1612 = CARTESIAN_POINT('',(11.674612642126,-1.75));
#1613 = CARTESIAN_POINT('',(0.,-1.75));
#1614 = ( GEOMETRIC_REPRESENTATION_CONTEXT(2) 
PARAMETRIC_REPRESENTATION_CONTEXT() REPRESENTATION_CONTEXT('2D SPACE',''
  ) );
#1615 = ORIENTED_EDGE('',*,*,#1616,.F.);
#1616 = EDGE_CURVE('',#1617,#1589,#1619,.T.);
#1617 = VERTEX_POINT('',#1618);
#1618 = CARTESIAN_POINT('',(132.40654438087,5.895100257308,
    10.495607406306));
#1619 = SURFACE_CURVE('',#1620,(#1624,#1630),.PCURVE_S1.);
#1620 = LINE('',#1621,#1622);
#1621 = CARTESIAN_POINT('',(132.40654438087,5.895100257308,3.43301460732
    ));
#1622 = VECTOR('',#1623,1.);
#1623 = DIRECTION('',(2.22044604925E-16,0.,-1.));
#1624 = PCURVE('',#1399,#1625);
#1625 = DEFINITIONAL_REPRESENTATION('',(#1626),#1629);
#1626 = B_SPLINE_CURVE_WITH_KNOTS('',1,(#1627,#1628),.UNSPECIFIED.,.F.,
  .F.,(2,2),(-7.062592798986,-3.43301460732),.PIECEWISE_BEZIER_KNOTS.);
#1627 = CARTESIAN_POINT('',(-10.4956074063,5.895100257308));
#1628 = CARTESIAN_POINT('',(-6.866029214639,5.895100257308));
#1629 = ( GEOMETRIC_REPRESENTATION_CONTEXT(2) 
PARAMETRIC_REPRESENTATION_CONTEXT() REPRESENTATION_CONTEXT('2D SPACE',''
  ) );
#1630 = PCURVE('',#1631,#1636);
#1631 = PLANE('',#1632);
#1632 = AXIS2_PLACEMENT_3D('',#1633,#1634,#1635);
#1633 = CARTESIAN_POINT('',(130.65654438087,5.895100257308,
    6.866029214639));
#1634 = DIRECTION('',(0.,-1.,0.));
#1635 = DIRECTION('',(-1.110223024625E-16,0.,1.));
#1636 = DEFINITIONAL_REPRESENTATION('',(#1637),#1640);
#1637 = B_SPLINE_CURVE_WITH_KNOTS('',1,(#1638,#1639),.UNSPECIFIED.,.F.,
  .F.,(2,2),(-7.062592798986,-3.43301460732),.PIECEWISE_BEZIER_KNOTS.);
#1638 = CARTESIAN_POINT('',(3.629578191667,-1.75));
#1639 = CARTESIAN_POINT('',(0.,-1.75));
#1640 = ( GEOMETRIC_REPRESENTATION_CONTEXT(2) 
PARAMETRIC_REPRESENTATION_CONTEXT() REPRESENTATION_CONTEXT('2D SPACE',''
  ) );
#1641 = ORIENTED_EDGE('',*,*,#1642,.F.);
#1642 = EDGE_CURVE('',#1643,#1617,#1645,.T.);
#1643 = VERTEX_POINT('',#1644);
#1644 = CARTESIAN_POINT('',(132.40654438087,7.35156718359,
    10.495607406306));
#1645 = SURFACE_CURVE('',#1646,(#1650,#1656),.PCURVE_S1.);
#1646 = LINE('',#1647,#1648);
#1647 = CARTESIAN_POINT('',(132.40654438087,2.947550128654,
    10.495607406306));
#1648 = VECTOR('',#1649,1.);
#1649 = DIRECTION('',(0.,-1.,0.));
#1650 = PCURVE('',#1399,#1651);
#1651 = DEFINITIONAL_REPRESENTATION('',(#1652),#1655);
#1652 = B_SPLINE_CURVE_WITH_KNOTS('',1,(#1653,#1654),.UNSPECIFIED.,.F.,
  .F.,(2,2),(-4.404017054936,-2.947550128654),.PIECEWISE_BEZIER_KNOTS.);
#1653 = CARTESIAN_POINT('',(-10.4956074063,7.35156718359));
#1654 = CARTESIAN_POINT('',(-10.4956074063,5.895100257308));
#1655 = ( GEOMETRIC_REPRESENTATION_CONTEXT(2) 
PARAMETRIC_REPRESENTATION_CONTEXT() REPRESENTATION_CONTEXT('2D SPACE',''
  ) );
#1656 = PCURVE('',#1657,#1662);
#1657 = PLANE('',#1658);
#1658 = AXIS2_PLACEMENT_3D('',#1659,#1660,#1661);
#1659 = CARTESIAN_POINT('',(130.65654438087,5.895100257308,
    10.495607406306));
#1660 = DIRECTION('',(-1.110223024625E-16,0.,1.));
#1661 = DIRECTION('',(0.,1.,0.));
#1662 = DEFINITIONAL_REPRESENTATION('',(#1663),#1666);
#1663 = B_SPLINE_CURVE_WITH_KNOTS('',1,(#1664,#1665),.UNSPECIFIED.,.F.,
  .F.,(2,2),(-4.404017054936,-2.947550128654),.PIECEWISE_BEZIER_KNOTS.);
#1664 = CARTESIAN_POINT('',(1.456466926282,-1.75));
#1665 = CARTESIAN_POINT('',(0.,-1.75));
#1666 = ( GEOMETRIC_REPRESENTATION_CONTEXT(2) 
PARAMETRIC_REPRESENTATION_CONTEXT() REPRESENTATION_CONTEXT('2D SPACE',''
  ) );
#1667 = ORIENTED_EDGE('',*,*,#1668,.F.);
#1668 = EDGE_CURVE('',#1669,#1643,#1671,.T.);
#1669 = VERTEX_POINT('',#1670);
#1670 = CARTESIAN_POINT('',(132.40654438087,8.183764119846,
    7.420877341511));
#1671 = SURFACE_CURVE('',#1672,(#1696,#1723),.PCURVE_S1.);
#1672 = B_SPLINE_CURVE_WITH_KNOTS('',8,(#1673,#1674,#1675,#1676,#1677,
    #1678,#1679,#1680,#1681,#1682,#1683,#1684,#1685,#1686,#1687,#1688,
    #1689,#1690,#1691,#1692,#1693,#1694,#1695),.UNSPECIFIED.,.F.,.F.,(9,
    7,7,9),(0.,0.136863662969,0.498440375066,1.),.UNSPECIFIED.);
#1673 = CARTESIAN_POINT('',(132.40654438087,8.183764119846,
    7.420877341511));
#1674 = CARTESIAN_POINT('',(132.40654438087,8.15376211841,7.461314544777
    ));
#1675 = CARTESIAN_POINT('',(132.40654438087,8.125162595003,
    7.503414703878));
#1676 = CARTESIAN_POINT('',(132.40654438087,8.097851742457,
    7.546924704483));
#1677 = CARTESIAN_POINT('',(132.40654438087,8.071729870915,
    7.591633252426));
#1678 = CARTESIAN_POINT('',(132.40654438087,8.046706908111,
    7.637366350686));
#1679 = CARTESIAN_POINT('',(132.40654438087,8.022699278901,
    7.683984192454));
#1680 = CARTESIAN_POINT('',(132.40654438087,7.99962816403,7.731379470274
    ));
#1681 = CARTESIAN_POINT('',(132.40654438087,7.918745664259,
    7.906545038122));
#1682 = CARTESIAN_POINT('',(132.40654438087,7.866185267949,
    8.038305028437));
#1683 = CARTESIAN_POINT('',(132.40654438087,7.818335231951,
    8.173335024147));
#1684 = CARTESIAN_POINT('',(132.40654438087,7.774448609357,
    8.310768466458));
#1685 = CARTESIAN_POINT('',(132.40654438087,7.73390532787,8.449962911036
    ));
#1686 = CARTESIAN_POINT('',(132.40654438087,7.696258789813,
    8.590533847993));
#1687 = CARTESIAN_POINT('',(132.40654438087,7.661120093025,
    8.732276074114));
#1688 = CARTESIAN_POINT('',(132.40654438087,7.582458398153,
    9.073394516989));
#1689 = CARTESIAN_POINT('',(132.40654438087,7.541033274738,9.27349993925
    ));
#1690 = CARTESIAN_POINT('',(132.40654438087,7.503100763388,
    9.475025790616));
#1691 = CARTESIAN_POINT('',(132.40654438087,7.468153866404,9.67765521565
    ));
#1692 = CARTESIAN_POINT('',(132.40654438087,7.435808149955,
    9.881157920427));
#1693 = CARTESIAN_POINT('',(132.40654438087,7.405752261056,
    10.085372122208));
#1694 = CARTESIAN_POINT('',(132.40654438087,7.377741799941,
    10.290202546961));
#1695 = CARTESIAN_POINT('',(132.40654438087,7.35156718359,
    10.495607406306));
#1696 = PCURVE('',#1399,#1697);
#1697 = DEFINITIONAL_REPRESENTATION('',(#1698),#1722);
#1698 = B_SPLINE_CURVE_WITH_KNOTS('',8,(#1699,#1700,#1701,#1702,#1703,
    #1704,#1705,#1706,#1707,#1708,#1709,#1710,#1711,#1712,#1713,#1714,
    #1715,#1716,#1717,#1718,#1719,#1720,#1721),.UNSPECIFIED.,.F.,.F.,(9,
    7,7,9),(0.,0.136863662969,0.498440375066,1.),.UNSPECIFIED.);
#1699 = CARTESIAN_POINT('',(-7.420877341511,8.183764119846));
#1700 = CARTESIAN_POINT('',(-7.461314544777,8.15376211841));
#1701 = CARTESIAN_POINT('',(-7.503414703878,8.125162595003));
#1702 = CARTESIAN_POINT('',(-7.546924704483,8.097851742457));
#1703 = CARTESIAN_POINT('',(-7.591633252426,8.071729870915));
#1704 = CARTESIAN_POINT('',(-7.637366350686,8.046706908111));
#1705 = CARTESIAN_POINT('',(-7.683984192454,8.022699278901));
#1706 = CARTESIAN_POINT('',(-7.731379470274,7.99962816403));
#1707 = CARTESIAN_POINT('',(-7.906545038122,7.918745664259));
#1708 = CARTESIAN_POINT('',(-8.038305028437,7.866185267949));
#1709 = CARTESIAN_POINT('',(-8.173335024147,7.818335231951));
#1710 = CARTESIAN_POINT('',(-8.310768466458,7.774448609357));
#1711 = CARTESIAN_POINT('',(-8.449962911036,7.73390532787));
#1712 = CARTESIAN_POINT('',(-8.590533847993,7.696258789813));
#1713 = CARTESIAN_POINT('',(-8.732276074114,7.661120093025));
#1714 = CARTESIAN_POINT('',(-9.073394516989,7.582458398153));
#1715 = CARTESIAN_POINT('',(-9.27349993925,7.541033274738));
#1716 = CARTESIAN_POINT('',(-9.475025790616,7.503100763388));
#1717 = CARTESIAN_POINT('',(-9.67765521565,7.468153866404));
#1718 = CARTESIAN_POINT('',(-9.881157920427,7.435808149955));
#1719 = CARTESIAN_POINT('',(-10.0853721222,7.405752261056));
#1720 = CARTESIAN_POINT('',(-10.29020254696,7.377741799941));
#1721 = CARTESIAN_POINT('',(-10.4956074063,7.35156718359));
#1722 = ( GEOMETRIC_REPRESENTATION_CONTEXT(2) 
PARAMETRIC_REPRESENTATION_CONTEXT() REPRESENTATION_CONTEXT('2D SPACE',''
  ) );
#1723 = PCURVE('',#1724,#1731);
#1724 = SURFACE_OF_LINEAR_EXTRUSION('',#1725,#1729);
#1725 = B_SPLINE_CURVE_WITH_KNOTS('',2,(#1726,#1727,#1728),
  .UNSPECIFIED.,.F.,.F.,(3,3),(0.,1.),.PIECEWISE_BEZIER_KNOTS.);
#1726 = CARTESIAN_POINT('',(130.65654438087,7.35156718359,
    10.495607406306));
#1727 = CARTESIAN_POINT('',(130.65654438087,7.652056614026,
    8.137521680613));
#1728 = CARTESIAN_POINT('',(130.65654438087,8.183764119846,
    7.420877341511));
#1729 = VECTOR('',#1730,1.);
#1730 = DIRECTION('',(-1.,-0.,-1.110223024625E-16));
#1731 = DEFINITIONAL_REPRESENTATION('',(#1732),#1756);
#1732 = B_SPLINE_CURVE_WITH_KNOTS('',8,(#1733,#1734,#1735,#1736,#1737,
    #1738,#1739,#1740,#1741,#1742,#1743,#1744,#1745,#1746,#1747,#1748,
    #1749,#1750,#1751,#1752,#1753,#1754,#1755),.UNSPECIFIED.,.F.,.F.,(9,
    7,7,9),(0.,0.136863662969,0.498440375066,1.),.UNSPECIFIED.);
#1733 = CARTESIAN_POINT('',(1.,-1.75));
#1734 = CARTESIAN_POINT('',(0.971787118756,-1.75));
#1735 = CARTESIAN_POINT('',(0.944497511194,-1.75));
#1736 = CARTESIAN_POINT('',(0.918069411708,-1.75));
#1737 = CARTESIAN_POINT('',(0.892447556175,-1.75));
#1738 = CARTESIAN_POINT('',(0.867580129275,-1.75));
#1739 = CARTESIAN_POINT('',(0.843416644206,-1.75));
#1740 = CARTESIAN_POINT('',(0.819906754794,-1.75));
#1741 = CARTESIAN_POINT('',(0.736483213415,-1.75));
#1742 = CARTESIAN_POINT('',(0.680275357114,-1.75));
#1743 = CARTESIAN_POINT('',(0.627426148913,-1.75));
#1744 = CARTESIAN_POINT('',(0.57744173359,-1.75));
#1745 = CARTESIAN_POINT('',(0.529903577442,-1.75));
#1746 = CARTESIAN_POINT('',(0.484501532061,-1.75));
#1747 = CARTESIAN_POINT('',(0.44095108531,-1.75));
#1748 = CARTESIAN_POINT('',(0.340807727352,-1.75));
#1749 = CARTESIAN_POINT('',(0.285791626093,-1.75));
#1750 = CARTESIAN_POINT('',(0.23337767049,-1.75));
#1751 = CARTESIAN_POINT('',(0.183200445129,-1.75));
#1752 = CARTESIAN_POINT('',(0.134981762538,-1.75));
#1753 = CARTESIAN_POINT('',(8.849356530108E-02,-1.75));
#1754 = CARTESIAN_POINT('',(4.355330620656E-02,-1.75));
#1755 = CARTESIAN_POINT('',(0.,-1.75));
#1756 = ( GEOMETRIC_REPRESENTATION_CONTEXT(2) 
PARAMETRIC_REPRESENTATION_CONTEXT() REPRESENTATION_CONTEXT('2D SPACE',''
  ) );
#1757 = ORIENTED_EDGE('',*,*,#1758,.F.);
#1758 = EDGE_CURVE('',#1759,#1669,#1761,.T.);
#1759 = VERTEX_POINT('',#1760);
#1760 = CARTESIAN_POINT('',(132.40654438087,10.611196454641,
    6.172487869563));
#1761 = SURFACE_CURVE('',#1762,(#1785,#1811),.PCURVE_S1.);
#1762 = B_SPLINE_CURVE_WITH_KNOTS('',6,(#1763,#1764,#1765,#1766,#1767,
    #1768,#1769,#1770,#1771,#1772,#1773,#1774,#1775,#1776,#1777,#1778,
    #1779,#1780,#1781,#1782,#1783,#1784),.UNSPECIFIED.,.F.,.F.,(7,5,5,5,
    7),(0.,0.343895545165,0.630142239748,0.830070684287,1.),
  .UNSPECIFIED.);
#1763 = CARTESIAN_POINT('',(132.40654438087,10.611196454641,
    6.172487869563));
#1764 = CARTESIAN_POINT('',(132.40654438087,10.453173558284,
    6.21681281838));
#1765 = CARTESIAN_POINT('',(132.40654438087,10.296083509244,
    6.263242198752));
#1766 = CARTESIAN_POINT('',(132.40654438087,10.140057978324,
    6.312005137236));
#1767 = CARTESIAN_POINT('',(132.40654438087,9.985300969256,
    6.363378334648));
#1768 = CARTESIAN_POINT('',(132.40654438087,9.832093834005,
    6.417696835938));
#1769 = CARTESIAN_POINT('',(132.40654438087,9.554937179716,
    6.523497547097));
#1770 = CARTESIAN_POINT('',(132.40654438087,9.430414889529,
    6.573918996302));
#1771 = CARTESIAN_POINT('',(132.40654438087,9.307476565966,6.62698253307
    ));
#1772 = CARTESIAN_POINT('',(132.40654438087,9.186460556674,
    6.683019907069));
#1773 = CARTESIAN_POINT('',(132.40654438087,9.067842938157,
    6.742422358057));
#1774 = CARTESIAN_POINT('',(132.40654438087,8.871615686737,6.84997241521
    ));
#1775 = CARTESIAN_POINT('',(132.40654438087,8.792447066086,
    6.896100713685));
#1776 = CARTESIAN_POINT('',(132.40654438087,8.715028529943,
    6.944323344932));
#1777 = CARTESIAN_POINT('',(132.40654438087,8.639687686398,
    6.994843168814));
#1778 = CARTESIAN_POINT('',(132.40654438087,8.56686600971,7.047883512735
    ));
#1779 = CARTESIAN_POINT('',(132.40654438087,8.437857496919,
    7.151140008826));
#1780 = CARTESIAN_POINT('',(132.40654438087,8.380830939358,
    7.200572547859));
#1781 = CARTESIAN_POINT('',(132.40654438087,8.326393009636,
    7.252155419461));
#1782 = CARTESIAN_POINT('',(132.40654438087,8.275009572052,
    7.306018667539));
#1783 = CARTESIAN_POINT('',(132.40654438087,8.2272581303,7.362255381062)
  );
#1784 = CARTESIAN_POINT('',(132.40654438087,8.183764119846,
    7.420877341511));
#1785 = PCURVE('',#1399,#1786);
#1786 = DEFINITIONAL_REPRESENTATION('',(#1787),#1810);
#1787 = B_SPLINE_CURVE_WITH_KNOTS('',6,(#1788,#1789,#1790,#1791,#1792,
    #1793,#1794,#1795,#1796,#1797,#1798,#1799,#1800,#1801,#1802,#1803,
    #1804,#1805,#1806,#1807,#1808,#1809),.UNSPECIFIED.,.F.,.F.,(7,5,5,5,
    7),(0.,0.343895545165,0.630142239748,0.830070684287,1.),
  .UNSPECIFIED.);
#1788 = CARTESIAN_POINT('',(-6.172487869563,10.611196454641));
#1789 = CARTESIAN_POINT('',(-6.21681281838,10.453173558284));
#1790 = CARTESIAN_POINT('',(-6.263242198752,10.296083509244));
#1791 = CARTESIAN_POINT('',(-6.312005137236,10.140057978324));
#1792 = CARTESIAN_POINT('',(-6.363378334648,9.985300969256));
#1793 = CARTESIAN_POINT('',(-6.417696835938,9.832093834005));
#1794 = CARTESIAN_POINT('',(-6.523497547097,9.554937179716));
#1795 = CARTESIAN_POINT('',(-6.573918996302,9.430414889529));
#1796 = CARTESIAN_POINT('',(-6.62698253307,9.307476565966));
#1797 = CARTESIAN_POINT('',(-6.683019907069,9.186460556674));
#1798 = CARTESIAN_POINT('',(-6.742422358057,9.067842938157));
#1799 = CARTESIAN_POINT('',(-6.84997241521,8.871615686737));
#1800 = CARTESIAN_POINT('',(-6.896100713685,8.792447066086));
#1801 = CARTESIAN_POINT('',(-6.944323344932,8.715028529943));
#1802 = CARTESIAN_POINT('',(-6.994843168814,8.639687686398));
#1803 = CARTESIAN_POINT('',(-7.047883512735,8.56686600971));
#1804 = CARTESIAN_POINT('',(-7.151140008826,8.437857496919));
#1805 = CARTESIAN_POINT('',(-7.200572547859,8.380830939358));
#1806 = CARTESIAN_POINT('',(-7.252155419461,8.326393009636));
#1807 = CARTESIAN_POINT('',(-7.306018667539,8.275009572052));
#1808 = CARTESIAN_POINT('',(-7.362255381062,8.2272581303));
#1809 = CARTESIAN_POINT('',(-7.420877341511,8.183764119846));
#1810 = ( GEOMETRIC_REPRESENTATION_CONTEXT(2) 
PARAMETRIC_REPRESENTATION_CONTEXT() REPRESENTATION_CONTEXT('2D SPACE',''
  ) );
#1811 = PCURVE('',#1812,#1819);
#1812 = SURFACE_OF_LINEAR_EXTRUSION('',#1813,#1817);
#1813 = B_SPLINE_CURVE_WITH_KNOTS('',2,(#1814,#1815,#1816),
  .UNSPECIFIED.,.F.,.F.,(3,3),(0.,1.),.PIECEWISE_BEZIER_KNOTS.);
#1814 = CARTESIAN_POINT('',(130.65654438087,8.183764119846,
    7.420877341511));
#1815 = CARTESIAN_POINT('',(130.65654438087,8.715471625666,
    6.704233002409));
#1816 = CARTESIAN_POINT('',(130.65654438087,10.611196454641,
    6.172487869563));
#1817 = VECTOR('',#1818,1.);
#1818 = DIRECTION('',(-1.,-0.,-1.110223024625E-16));
#1819 = DEFINITIONAL_REPRESENTATION('',(#1820),#1843);
#1820 = B_SPLINE_CURVE_WITH_KNOTS('',6,(#1821,#1822,#1823,#1824,#1825,
    #1826,#1827,#1828,#1829,#1830,#1831,#1832,#1833,#1834,#1835,#1836,
    #1837,#1838,#1839,#1840,#1841,#1842),.UNSPECIFIED.,.F.,.F.,(7,5,5,5,
    7),(0.,0.343895545165,0.630142239748,0.830070684287,1.),
  .UNSPECIFIED.);
#1821 = CARTESIAN_POINT('',(1.,-1.75));
#1822 = CARTESIAN_POINT('',(0.958321246327,-1.75));
#1823 = CARTESIAN_POINT('',(0.915388575021,-1.75));
#1824 = CARTESIAN_POINT('',(0.871068048837,-1.75));
#1825 = CARTESIAN_POINT('',(0.825201787191,-1.75));
#1826 = CARTESIAN_POINT('',(0.777601569698,-1.75));
#1827 = CARTESIAN_POINT('',(0.686713378024,-1.75));
#1828 = CARTESIAN_POINT('',(0.644048640784,-1.75));
#1829 = CARTESIAN_POINT('',(0.599845097943,-1.75));
#1830 = CARTESIAN_POINT('',(0.553921515966,-1.75));
#1831 = CARTESIAN_POINT('',(0.506070783766,-1.75));
#1832 = CARTESIAN_POINT('',(0.421028158911,-1.75));
#1833 = CARTESIAN_POINT('',(0.384982414161,-1.75));
#1834 = CARTESIAN_POINT('',(0.347759381818,-1.75));
#1835 = CARTESIAN_POINT('',(0.309258613681,-1.75));
#1836 = CARTESIAN_POINT('',(0.269376471301,-1.75));
#1837 = CARTESIAN_POINT('',(0.192832040429,-1.75));
#1838 = CARTESIAN_POINT('',(0.156594354389,-1.75));
#1839 = CARTESIAN_POINT('',(0.119215939264,-1.75));
#1840 = CARTESIAN_POINT('',(8.06543885359E-02,-1.75));
#1841 = CARTESIAN_POINT('',(4.090031641291E-02,-1.75));
#1842 = CARTESIAN_POINT('',(0.,-1.75));
#1843 = ( GEOMETRIC_REPRESENTATION_CONTEXT(2) 
PARAMETRIC_REPRESENTATION_CONTEXT() REPRESENTATION_CONTEXT('2D SPACE',''
  ) );
#1844 = ORIENTED_EDGE('',*,*,#1845,.F.);
#1845 = EDGE_CURVE('',#1846,#1759,#1848,.T.);
#1846 = VERTEX_POINT('',#1847);
#1847 = CARTESIAN_POINT('',(132.40654438087,10.611196454641,
    4.831686421512));
#1848 = SURFACE_CURVE('',#1849,(#1853,#1859),.PCURVE_S1.);
#1849 = LINE('',#1850,#1851);
#1850 = CARTESIAN_POINT('',(132.40654438087,10.611196454641,
    3.086243934781));
#1851 = VECTOR('',#1852,1.);
#1852 = DIRECTION('',(-2.22044604925E-16,0.,1.));
#1853 = PCURVE('',#1399,#1854);
#1854 = DEFINITIONAL_REPRESENTATION('',(#1855),#1858);
#1855 = B_SPLINE_CURVE_WITH_KNOTS('',1,(#1856,#1857),.UNSPECIFIED.,.F.,
  .F.,(2,2),(1.745442486731,3.086243934781),.PIECEWISE_BEZIER_KNOTS.);
#1856 = CARTESIAN_POINT('',(-4.831686421512,10.611196454641));
#1857 = CARTESIAN_POINT('',(-6.172487869563,10.611196454641));
#1858 = ( GEOMETRIC_REPRESENTATION_CONTEXT(2) 
PARAMETRIC_REPRESENTATION_CONTEXT() REPRESENTATION_CONTEXT('2D SPACE',''
  ) );
#1859 = PCURVE('',#1860,#1865);
#1860 = PLANE('',#1861);
#1861 = AXIS2_PLACEMENT_3D('',#1862,#1863,#1864);
#1862 = CARTESIAN_POINT('',(130.65654438087,10.611196454641,
    6.172487869563));
#1863 = DIRECTION('',(0.,1.,0.));
#1864 = DIRECTION('',(1.110223024625E-16,0.,-1.));
#1865 = DEFINITIONAL_REPRESENTATION('',(#1866),#1869);
#1866 = B_SPLINE_CURVE_WITH_KNOTS('',1,(#1867,#1868),.UNSPECIFIED.,.F.,
  .F.,(2,2),(1.745442486731,3.086243934781),.PIECEWISE_BEZIER_KNOTS.);
#1867 = CARTESIAN_POINT('',(1.34080144805,-1.75));
#1868 = CARTESIAN_POINT('',(0.,-1.75));
#1869 = ( GEOMETRIC_REPRESENTATION_CONTEXT(2) 
PARAMETRIC_REPRESENTATION_CONTEXT() REPRESENTATION_CONTEXT('2D SPACE',''
  ) );
#1870 = ORIENTED_EDGE('',*,*,#1871,.F.);
#1871 = EDGE_CURVE('',#1872,#1846,#1874,.T.);
#1872 = VERTEX_POINT('',#1873);
#1873 = CARTESIAN_POINT('',(132.40654438087,-5.779512384818,
    4.831686421512));
#1874 = SURFACE_CURVE('',#1875,(#1879,#1885),.PCURVE_S1.);
#1875 = LINE('',#1876,#1877);
#1876 = CARTESIAN_POINT('',(132.40654438087,5.30559822732,4.831686421512
    ));
#1877 = VECTOR('',#1878,1.);
#1878 = DIRECTION('',(-0.,1.,0.));
#1879 = PCURVE('',#1399,#1880);
#1880 = DEFINITIONAL_REPRESENTATION('',(#1881),#1884);
#1881 = B_SPLINE_CURVE_WITH_KNOTS('',1,(#1882,#1883),.UNSPECIFIED.,.F.,
  .F.,(2,2),(-11.08511061213,5.30559822732),.PIECEWISE_BEZIER_KNOTS.);
#1882 = CARTESIAN_POINT('',(-4.831686421512,-5.779512384818));
#1883 = CARTESIAN_POINT('',(-4.831686421512,10.611196454641));
#1884 = ( GEOMETRIC_REPRESENTATION_CONTEXT(2) 
PARAMETRIC_REPRESENTATION_CONTEXT() REPRESENTATION_CONTEXT('2D SPACE',''
  ) );
#1885 = PCURVE('',#1886,#1891);
#1886 = PLANE('',#1887);
#1887 = AXIS2_PLACEMENT_3D('',#1888,#1889,#1890);
#1888 = CARTESIAN_POINT('',(130.65654438087,10.611196454641,
    4.831686421512));
#1889 = DIRECTION('',(1.110223024625E-16,0.,-1.));
#1890 = DIRECTION('',(0.,-1.,0.));
#1891 = DEFINITIONAL_REPRESENTATION('',(#1892),#1895);
#1892 = B_SPLINE_CURVE_WITH_KNOTS('',1,(#1893,#1894),.UNSPECIFIED.,.F.,
  .F.,(2,2),(-11.08511061213,5.30559822732),.PIECEWISE_BEZIER_KNOTS.);
#1893 = CARTESIAN_POINT('',(16.390708839459,-1.75));
#1894 = CARTESIAN_POINT('',(0.,-1.75));
#1895 = ( GEOMETRIC_REPRESENTATION_CONTEXT(2) 
PARAMETRIC_REPRESENTATION_CONTEXT() REPRESENTATION_CONTEXT('2D SPACE',''
  ) );
#1896 = ORIENTED_EDGE('',*,*,#1897,.F.);
#1897 = EDGE_CURVE('',#1591,#1872,#1898,.T.);
#1898 = SURFACE_CURVE('',#1899,(#1903,#1909),.PCURVE_S1.);
#1899 = LINE('',#1900,#1901);
#1900 = CARTESIAN_POINT('',(132.40654438087,-5.779512384818,
    2.415843210756));
#1901 = VECTOR('',#1902,1.);
#1902 = DIRECTION('',(2.22044604925E-16,0.,-1.));
#1903 = PCURVE('',#1399,#1904);
#1904 = DEFINITIONAL_REPRESENTATION('',(#1905),#1908);
#1905 = B_SPLINE_CURVE_WITH_KNOTS('',1,(#1906,#1907),.UNSPECIFIED.,.F.,
  .F.,(2,2),(-4.450186003883,-2.415843210756),.PIECEWISE_BEZIER_KNOTS.);
#1906 = CARTESIAN_POINT('',(-6.866029214639,-5.779512384818));
#1907 = CARTESIAN_POINT('',(-4.831686421512,-5.779512384818));
#1908 = ( GEOMETRIC_REPRESENTATION_CONTEXT(2) 
PARAMETRIC_REPRESENTATION_CONTEXT() REPRESENTATION_CONTEXT('2D SPACE',''
  ) );
#1909 = PCURVE('',#1910,#1915);
#1910 = PLANE('',#1911);
#1911 = AXIS2_PLACEMENT_3D('',#1912,#1913,#1914);
#1912 = CARTESIAN_POINT('',(130.65654438087,-5.779512384818,
    4.831686421512));
#1913 = DIRECTION('',(0.,-1.,0.));
#1914 = DIRECTION('',(-1.110223024625E-16,0.,1.));
#1915 = DEFINITIONAL_REPRESENTATION('',(#1916),#1919);
#1916 = B_SPLINE_CURVE_WITH_KNOTS('',1,(#1917,#1918),.UNSPECIFIED.,.F.,
  .F.,(2,2),(-4.450186003883,-2.415843210756),.PIECEWISE_BEZIER_KNOTS.);
#1917 = CARTESIAN_POINT('',(2.034342793127,-1.75));
#1918 = CARTESIAN_POINT('',(0.,-1.75));
#1919 = ( GEOMETRIC_REPRESENTATION_CONTEXT(2) 
PARAMETRIC_REPRESENTATION_CONTEXT() REPRESENTATION_CONTEXT('2D SPACE',''
  ) );
#1920 = FACE_BOUND('',#1921,.T.);
#1921 = EDGE_LOOP('',(#1922,#1975,#2032,#2083,#2134,#2185,#2359,#2440,
    #2542,#2644));
#1922 = ORIENTED_EDGE('',*,*,#1923,.F.);
#1923 = EDGE_CURVE('',#1924,#1926,#1928,.T.);
#1924 = VERTEX_POINT('',#1925);
#1925 = CARTESIAN_POINT('',(132.40654438087,5.779510033129,
    -1.340876702103));
#1926 = VERTEX_POINT('',#1927);
#1927 = CARTESIAN_POINT('',(132.40654438087,2.150007095514,
    -0.994106029564));
#1928 = SURFACE_CURVE('',#1929,(#1940,#1954),.PCURVE_S1.);
#1929 = B_SPLINE_CURVE_WITH_KNOTS('',5,(#1930,#1931,#1932,#1933,#1934,
    #1935,#1936,#1937,#1938,#1939),.UNSPECIFIED.,.F.,.F.,(6,4,6),(0.,
    0.473427973397,1.),.UNSPECIFIED.);
#1930 = CARTESIAN_POINT('',(132.40654438087,5.779510033129,
    -1.340876702103));
#1931 = CARTESIAN_POINT('',(132.40654438087,5.445011134109,
    -1.267091593118));
#1932 = CARTESIAN_POINT('',(132.40654438087,5.106855584519,
    -1.205341749185));
#1933 = CARTESIAN_POINT('',(132.40654438087,4.766022805873,
    -1.154296936999));
#1934 = CARTESIAN_POINT('',(132.40654438087,4.423209801129,-1.1128588074
    ));
#1935 = CARTESIAN_POINT('',(132.40654438087,3.695823494414,
    -1.043677715864));
#1936 = CARTESIAN_POINT('',(132.40654438087,3.310911572174,
    -1.017996824276));
#1937 = CARTESIAN_POINT('',(132.40654438087,2.924719686046,
    -1.00180000168));
#1938 = CARTESIAN_POINT('',(132.40654438087,2.537669183203,
    -0.994106029564));
#1939 = CARTESIAN_POINT('',(132.40654438087,2.150007095514,
    -0.994106029564));
#1940 = PCURVE('',#1399,#1941);
#1941 = DEFINITIONAL_REPRESENTATION('',(#1942),#1953);
#1942 = B_SPLINE_CURVE_WITH_KNOTS('',5,(#1943,#1944,#1945,#1946,#1947,
    #1948,#1949,#1950,#1951,#1952),.UNSPECIFIED.,.F.,.F.,(6,4,6),(0.,
    0.473427973397,1.),.UNSPECIFIED.);
#1943 = CARTESIAN_POINT('',(1.340876702103,5.779510033129));
#1944 = CARTESIAN_POINT('',(1.267091593118,5.445011134109));
#1945 = CARTESIAN_POINT('',(1.205341749185,5.106855584519));
#1946 = CARTESIAN_POINT('',(1.154296936999,4.766022805873));
#1947 = CARTESIAN_POINT('',(1.1128588074,4.423209801129));
#1948 = CARTESIAN_POINT('',(1.043677715864,3.695823494414));
#1949 = CARTESIAN_POINT('',(1.017996824276,3.310911572174));
#1950 = CARTESIAN_POINT('',(1.00180000168,2.924719686046));
#1951 = CARTESIAN_POINT('',(0.994106029564,2.537669183203));
#1952 = CARTESIAN_POINT('',(0.994106029564,2.150007095514));
#1953 = ( GEOMETRIC_REPRESENTATION_CONTEXT(2) 
PARAMETRIC_REPRESENTATION_CONTEXT() REPRESENTATION_CONTEXT('2D SPACE',''
  ) );
#1954 = PCURVE('',#1955,#1962);
#1955 = SURFACE_OF_LINEAR_EXTRUSION('',#1956,#1960);
#1956 = B_SPLINE_CURVE_WITH_KNOTS('',2,(#1957,#1958,#1959),
  .UNSPECIFIED.,.F.,.F.,(3,3),(0.,1.),.PIECEWISE_BEZIER_KNOTS.);
#1957 = CARTESIAN_POINT('',(130.65654438087,2.150007095514,
    -0.994106029564));
#1958 = CARTESIAN_POINT('',(130.65654438087,4.207452882667,
    -0.994106029564));
#1959 = CARTESIAN_POINT('',(130.65654438087,5.779510033129,
    -1.340876702103));
#1960 = VECTOR('',#1961,1.);
#1961 = DIRECTION('',(-1.,-0.,-1.110223024625E-16));
#1962 = DEFINITIONAL_REPRESENTATION('',(#1963),#1974);
#1963 = B_SPLINE_CURVE_WITH_KNOTS('',5,(#1964,#1965,#1966,#1967,#1968,
    #1969,#1970,#1971,#1972,#1973),.UNSPECIFIED.,.F.,.F.,(6,4,6),(0.,
    0.473427973397,1.),.UNSPECIFIED.);
#1964 = CARTESIAN_POINT('',(1.,-1.75));
#1965 = CARTESIAN_POINT('',(0.89361108821,-1.75));
#1966 = CARTESIAN_POINT('',(0.79042750664,-1.75));
#1967 = CARTESIAN_POINT('',(0.69023477608,-1.75));
#1968 = CARTESIAN_POINT('',(0.592828662756,-1.75));
#1969 = CARTESIAN_POINT('',(0.392526466678,-1.75));
#1970 = CARTESIAN_POINT('',(0.290249535408,-1.75));
#1971 = CARTESIAN_POINT('',(0.190887690154,-1.75));
#1972 = CARTESIAN_POINT('',(9.420955101459E-02,-1.75));
#1973 = CARTESIAN_POINT('',(0.,-1.75));
#1974 = ( GEOMETRIC_REPRESENTATION_CONTEXT(2) 
PARAMETRIC_REPRESENTATION_CONTEXT() REPRESENTATION_CONTEXT('2D SPACE',''
  ) );
#1975 = ORIENTED_EDGE('',*,*,#1976,.F.);
#1976 = EDGE_CURVE('',#1977,#1924,#1979,.T.);
#1977 = VERTEX_POINT('',#1978);
#1978 = CARTESIAN_POINT('',(132.40654438087,8.241596858962,
    -2.219354880461));
#1979 = SURFACE_CURVE('',#1980,(#1993,#2009),.PCURVE_S1.);
#1980 = B_SPLINE_CURVE_WITH_KNOTS('',6,(#1981,#1982,#1983,#1984,#1985,
    #1986,#1987,#1988,#1989,#1990,#1991,#1992),.UNSPECIFIED.,.F.,.F.,(7,
    5,7),(0.,0.416544127219,1.),.UNSPECIFIED.);
#1981 = CARTESIAN_POINT('',(132.40654438087,8.241596858962,
    -2.219354880461));
#1982 = CARTESIAN_POINT('',(132.40654438087,8.09067330892,
    -2.129192511067));
#1983 = CARTESIAN_POINT('',(132.40654438087,7.933910834987,
    -2.045761996027));
#1984 = CARTESIAN_POINT('',(132.40654438087,7.772543955615,
    -1.968296506925));
#1985 = CARTESIAN_POINT('',(132.40654438087,7.607501495839,
    -1.896165279903));
#1986 = CARTESIAN_POINT('',(132.40654438087,7.4394523162,-1.828812190996
    ));
#1987 = CARTESIAN_POINT('',(132.40654438087,7.029793958035,
    -1.677409947256));
#1988 = CARTESIAN_POINT('',(132.40654438087,6.785801746173,
    -1.597525003315));
#1989 = CARTESIAN_POINT('',(132.40654438087,6.538069155117,
    -1.524762430407));
#1990 = CARTESIAN_POINT('',(132.40654438087,6.287435606768,
    -1.458210646398));
#1991 = CARTESIAN_POINT('',(132.40654438087,6.03447659302,
    -1.397118248679));
#1992 = CARTESIAN_POINT('',(132.40654438087,5.779510033129,
    -1.340876702103));
#1993 = PCURVE('',#1399,#1994);
#1994 = DEFINITIONAL_REPRESENTATION('',(#1995),#2008);
#1995 = B_SPLINE_CURVE_WITH_KNOTS('',6,(#1996,#1997,#1998,#1999,#2000,
    #2001,#2002,#2003,#2004,#2005,#2006,#2007),.UNSPECIFIED.,.F.,.F.,(7,
    5,7),(0.,0.416544127219,1.),.UNSPECIFIED.);
#1996 = CARTESIAN_POINT('',(2.219354880461,8.241596858962));
#1997 = CARTESIAN_POINT('',(2.129192511067,8.09067330892));
#1998 = CARTESIAN_POINT('',(2.045761996027,7.933910834987));
#1999 = CARTESIAN_POINT('',(1.968296506925,7.772543955615));
#2000 = CARTESIAN_POINT('',(1.896165279903,7.607501495839));
#2001 = CARTESIAN_POINT('',(1.828812190996,7.4394523162));
#2002 = CARTESIAN_POINT('',(1.677409947256,7.029793958035));
#2003 = CARTESIAN_POINT('',(1.597525003315,6.785801746173));
#2004 = CARTESIAN_POINT('',(1.524762430407,6.538069155117));
#2005 = CARTESIAN_POINT('',(1.458210646398,6.287435606768));
#2006 = CARTESIAN_POINT('',(1.397118248679,6.03447659302));
#2007 = CARTESIAN_POINT('',(1.340876702103,5.779510033129));
#2008 = ( GEOMETRIC_REPRESENTATION_CONTEXT(2) 
PARAMETRIC_REPRESENTATION_CONTEXT() REPRESENTATION_CONTEXT('2D SPACE',''
  ) );
#2009 = PCURVE('',#2010,#2017);
#2010 = SURFACE_OF_LINEAR_EXTRUSION('',#2011,#2015);
#2011 = B_SPLINE_CURVE_WITH_KNOTS('',2,(#2012,#2013,#2014),
  .UNSPECIFIED.,.F.,.F.,(3,3),(0.,1.),.PIECEWISE_BEZIER_KNOTS.);
#2012 = CARTESIAN_POINT('',(130.65654438087,5.779510033129,
    -1.340876702103));
#2013 = CARTESIAN_POINT('',(130.65654438087,7.35156718359,
    -1.687647374641));
#2014 = CARTESIAN_POINT('',(130.65654438087,8.241596858962,
    -2.219354880461));
#2015 = VECTOR('',#2016,1.);
#2016 = DIRECTION('',(-1.,-0.,-1.110223024625E-16));
#2017 = DEFINITIONAL_REPRESENTATION('',(#2018),#2031);
#2018 = B_SPLINE_CURVE_WITH_KNOTS('',6,(#2019,#2020,#2021,#2022,#2023,
    #2024,#2025,#2026,#2027,#2028,#2029,#2030),.UNSPECIFIED.,.F.,.F.,(7,
    5,7),(0.,0.416544127219,1.),.UNSPECIFIED.);
#2019 = CARTESIAN_POINT('',(1.,-1.75));
#2020 = CARTESIAN_POINT('',(0.915214315759,-1.75));
#2021 = CARTESIAN_POINT('',(0.833758697719,-1.75));
#2022 = CARTESIAN_POINT('',(0.75535368016,-1.75));
#2023 = CARTESIAN_POINT('',(0.679754189583,-1.75));
#2024 = CARTESIAN_POINT('',(0.606717835754,-1.75));
#2025 = CARTESIAN_POINT('',(0.436945100687,-1.75));
#2026 = CARTESIAN_POINT('',(0.342484156532,-1.75));
#2027 = CARTESIAN_POINT('',(0.251973909889,-1.75));
#2028 = CARTESIAN_POINT('',(0.164971976405,-1.75));
#2029 = CARTESIAN_POINT('',(8.109328589495E-02,-1.75));
#2030 = CARTESIAN_POINT('',(0.,-1.75));
#2031 = ( GEOMETRIC_REPRESENTATION_CONTEXT(2) 
PARAMETRIC_REPRESENTATION_CONTEXT() REPRESENTATION_CONTEXT('2D SPACE',''
  ) );
#2032 = ORIENTED_EDGE('',*,*,#2033,.F.);
#2033 = EDGE_CURVE('',#2034,#1977,#2036,.T.);
#2034 = VERTEX_POINT('',#2035);
#2035 = CARTESIAN_POINT('',(132.40654438087,9.686474661205,
    -3.490847346436));
#2036 = SURFACE_CURVE('',#2037,(#2048,#2062),.PCURVE_S1.);
#2037 = B_SPLINE_CURVE_WITH_KNOTS('',5,(#2038,#2039,#2040,#2041,#2042,
    #2043,#2044,#2045,#2046,#2047),.UNSPECIFIED.,.F.,.F.,(6,4,6),(0.,
    0.4904582943,1.),.UNSPECIFIED.);
#2038 = CARTESIAN_POINT('',(132.40654438087,9.686474661205,
    -3.490847346436));
#2039 = CARTESIAN_POINT('',(132.40654438087,9.573606282728,
    -3.340358726522));
#2040 = CARTESIAN_POINT('',(132.40654438087,9.452481534432,
    -3.195801513881));
#2041 = CARTESIAN_POINT('',(132.40654438087,9.323574115665,
    -3.057559072204));
#2042 = CARTESIAN_POINT('',(132.40654438087,9.187502992705,
    -2.925796635763));
#2043 = CARTESIAN_POINT('',(132.40654438087,8.896830078241,
    -2.670408889291));
#2044 = CARTESIAN_POINT('',(132.40654438087,8.741707027547,
    -2.547294452739));
#2045 = CARTESIAN_POINT('',(132.40654438087,8.580310001551,
    -2.431211322185));
#2046 = CARTESIAN_POINT('',(132.40654438087,8.413387089012,
    -2.321983093062));
#2047 = CARTESIAN_POINT('',(132.40654438087,8.241596858962,
    -2.219354880461));
#2048 = PCURVE('',#1399,#2049);
#2049 = DEFINITIONAL_REPRESENTATION('',(#2050),#2061);
#2050 = B_SPLINE_CURVE_WITH_KNOTS('',5,(#2051,#2052,#2053,#2054,#2055,
    #2056,#2057,#2058,#2059,#2060),.UNSPECIFIED.,.F.,.F.,(6,4,6),(0.,
    0.4904582943,1.),.UNSPECIFIED.);
#2051 = CARTESIAN_POINT('',(3.490847346436,9.686474661205));
#2052 = CARTESIAN_POINT('',(3.340358726522,9.573606282728));
#2053 = CARTESIAN_POINT('',(3.195801513881,9.452481534432));
#2054 = CARTESIAN_POINT('',(3.057559072204,9.323574115665));
#2055 = CARTESIAN_POINT('',(2.925796635763,9.187502992705));
#2056 = CARTESIAN_POINT('',(2.670408889291,8.896830078241));
#2057 = CARTESIAN_POINT('',(2.547294452739,8.741707027547));
#2058 = CARTESIAN_POINT('',(2.431211322185,8.580310001551));
#2059 = CARTESIAN_POINT('',(2.321983093062,8.413387089012));
#2060 = CARTESIAN_POINT('',(2.219354880461,8.241596858962));
#2061 = ( GEOMETRIC_REPRESENTATION_CONTEXT(2) 
PARAMETRIC_REPRESENTATION_CONTEXT() REPRESENTATION_CONTEXT('2D SPACE',''
  ) );
#2062 = PCURVE('',#2063,#2070);
#2063 = SURFACE_OF_LINEAR_EXTRUSION('',#2064,#2068);
#2064 = B_SPLINE_CURVE_WITH_KNOTS('',2,(#2065,#2066,#2067),
  .UNSPECIFIED.,.F.,.F.,(3,3),(0.,1.),.PIECEWISE_BEZIER_KNOTS.);
#2065 = CARTESIAN_POINT('',(130.65654438087,8.241596858962,
    -2.219354880461));
#2066 = CARTESIAN_POINT('',(130.65654438087,9.131626534333,
    -2.751062386282));
#2067 = CARTESIAN_POINT('',(130.65654438087,9.686474661205,
    -3.490847346436));
#2068 = VECTOR('',#2069,1.);
#2069 = DIRECTION('',(-1.,-0.,-1.110223024625E-16));
#2070 = DEFINITIONAL_REPRESENTATION('',(#2071),#2082);
#2071 = B_SPLINE_CURVE_WITH_KNOTS('',5,(#2072,#2073,#2074,#2075,#2076,
    #2077,#2078,#2079,#2080,#2081),.UNSPECIFIED.,.F.,.F.,(6,4,6),(0.,
    0.4904582943,1.),.UNSPECIFIED.);
#2072 = CARTESIAN_POINT('',(1.,-1.75));
#2073 = CARTESIAN_POINT('',(0.898288943396,-1.75));
#2074 = CARTESIAN_POINT('',(0.796949548475,-1.75));
#2075 = CARTESIAN_POINT('',(0.696294217629,-1.75));
#2076 = CARTESIAN_POINT('',(0.596576348611,-1.75));
#2077 = CARTESIAN_POINT('',(0.395588110148,-1.75));
#2078 = CARTESIAN_POINT('',(0.29440410658,-1.75));
#2079 = CARTESIAN_POINT('',(0.194666514299,-1.75));
#2080 = CARTESIAN_POINT('',(9.650814731473E-02,-1.75));
#2081 = CARTESIAN_POINT('',(0.,-1.75));
#2082 = ( GEOMETRIC_REPRESENTATION_CONTEXT(2) 
PARAMETRIC_REPRESENTATION_CONTEXT() REPRESENTATION_CONTEXT('2D SPACE',''
  ) );
#2083 = ORIENTED_EDGE('',*,*,#2084,.F.);
#2084 = EDGE_CURVE('',#2085,#2034,#2087,.T.);
#2085 = VERTEX_POINT('',#2086);
#2086 = CARTESIAN_POINT('',(132.40654438087,10.426259621359,
    -4.912584527627));
#2087 = SURFACE_CURVE('',#2088,(#2099,#2113),.PCURVE_S1.);
#2088 = B_SPLINE_CURVE_WITH_KNOTS('',5,(#2089,#2090,#2091,#2092,#2093,
    #2094,#2095,#2096,#2097,#2098),.UNSPECIFIED.,.F.,.F.,(6,4,6),(0.,
    0.4773583316,1.),.UNSPECIFIED.);
#2089 = CARTESIAN_POINT('',(132.40654438087,10.426259621359,
    -4.912584527627));
#2090 = CARTESIAN_POINT('',(132.40654438087,10.387537367306,
    -4.769796708205));
#2091 = CARTESIAN_POINT('',(132.40654438087,10.339409631408,
    -4.628119247363));
#2092 = CARTESIAN_POINT('',(132.40654438087,10.282734981403,
    -4.488000046263));
#2093 = CARTESIAN_POINT('',(132.40654438087,10.218452319589,
    -4.349699361856));
#2094 = CARTESIAN_POINT('',(132.40654438087,10.069531896986,
    -4.064025190669));
#2095 = CARTESIAN_POINT('',(132.40654438087,9.983547525131,
    -3.917045920794));
#2096 = CARTESIAN_POINT('',(132.40654438087,9.89046624513,-3.77252673982
    ));
#2097 = CARTESIAN_POINT('',(132.40654438087,9.791205072137,
    -3.630485526913));
#2098 = CARTESIAN_POINT('',(132.40654438087,9.686474661205,
    -3.490847346436));
#2099 = PCURVE('',#1399,#2100);
#2100 = DEFINITIONAL_REPRESENTATION('',(#2101),#2112);
#2101 = B_SPLINE_CURVE_WITH_KNOTS('',5,(#2102,#2103,#2104,#2105,#2106,
    #2107,#2108,#2109,#2110,#2111),.UNSPECIFIED.,.F.,.F.,(6,4,6),(0.,
    0.4773583316,1.),.UNSPECIFIED.);
#2102 = CARTESIAN_POINT('',(4.912584527627,10.426259621359));
#2103 = CARTESIAN_POINT('',(4.769796708205,10.387537367306));
#2104 = CARTESIAN_POINT('',(4.628119247363,10.339409631408));
#2105 = CARTESIAN_POINT('',(4.488000046263,10.282734981403));
#2106 = CARTESIAN_POINT('',(4.349699361856,10.218452319589));
#2107 = CARTESIAN_POINT('',(4.064025190669,10.069531896986));
#2108 = CARTESIAN_POINT('',(3.917045920794,9.983547525131));
#2109 = CARTESIAN_POINT('',(3.77252673982,9.89046624513));
#2110 = CARTESIAN_POINT('',(3.630485526913,9.791205072137));
#2111 = CARTESIAN_POINT('',(3.490847346436,9.686474661205));
#2112 = ( GEOMETRIC_REPRESENTATION_CONTEXT(2) 
PARAMETRIC_REPRESENTATION_CONTEXT() REPRESENTATION_CONTEXT('2D SPACE',''
  ) );
#2113 = PCURVE('',#2114,#2121);
#2114 = SURFACE_OF_LINEAR_EXTRUSION('',#2115,#2119);
#2115 = B_SPLINE_CURVE_WITH_KNOTS('',2,(#2116,#2117,#2118),
  .UNSPECIFIED.,.F.,.F.,(3,3),(0.,1.),.PIECEWISE_BEZIER_KNOTS.);
#2116 = CARTESIAN_POINT('',(130.65654438087,9.686474661205,
    -3.490847346436));
#2117 = CARTESIAN_POINT('',(130.65654438087,10.241322788077,
    -4.230632306589));
#2118 = CARTESIAN_POINT('',(130.65654438087,10.426259621359,
    -4.912584527627));
#2119 = VECTOR('',#2120,1.);
#2120 = DIRECTION('',(-1.,-0.,-1.110223024625E-16));
#2121 = DEFINITIONAL_REPRESENTATION('',(#2122),#2133);
#2122 = B_SPLINE_CURVE_WITH_KNOTS('',5,(#2123,#2124,#2125,#2126,#2127,
    #2128,#2129,#2130,#2131,#2132),.UNSPECIFIED.,.F.,.F.,(6,4,6),(0.,
    0.4773583316,1.),.UNSPECIFIED.);
#2123 = CARTESIAN_POINT('',(1.,-1.75));
#2124 = CARTESIAN_POINT('',(0.895309513616,-1.75));
#2125 = CARTESIAN_POINT('',(0.792595044715,-1.75));
#2126 = CARTESIAN_POINT('',(0.692096755758,-1.75));
#2127 = CARTESIAN_POINT('',(0.593901522835,-1.75));
#2128 = CARTESIAN_POINT('',(0.393001032602,-1.75));
#2129 = CARTESIAN_POINT('',(0.290758802162,-1.75));
#2130 = CARTESIAN_POINT('',(0.191249667406,-1.75));
#2131 = CARTESIAN_POINT('',(9.437754753006E-02,-1.75));
#2132 = CARTESIAN_POINT('',(0.,-1.75));
#2133 = ( GEOMETRIC_REPRESENTATION_CONTEXT(2) 
PARAMETRIC_REPRESENTATION_CONTEXT() REPRESENTATION_CONTEXT('2D SPACE',''
  ) );
#2134 = ORIENTED_EDGE('',*,*,#2135,.F.);
#2135 = EDGE_CURVE('',#2136,#2085,#2138,.T.);
#2136 = VERTEX_POINT('',#2137);
#2137 = CARTESIAN_POINT('',(132.40654438087,10.611196454641,
    -6.357462329871));
#2138 = SURFACE_CURVE('',#2139,(#2150,#2164),.PCURVE_S1.);
#2139 = B_SPLINE_CURVE_WITH_KNOTS('',5,(#2140,#2141,#2142,#2143,#2144,
    #2145,#2146,#2147,#2148,#2149),.UNSPECIFIED.,.F.,.F.,(6,4,6),(0.,
    0.506596606674,1.),.UNSPECIFIED.);
#2140 = CARTESIAN_POINT('',(132.40654438087,10.611196454641,
    -6.357462329871));
#2141 = CARTESIAN_POINT('',(132.40654438087,10.611196454641,
    -6.207425705441));
#2142 = CARTESIAN_POINT('',(132.40654438087,10.606726168051,
    -6.057976752642));
#2143 = CARTESIAN_POINT('',(132.40654438087,10.597622480229,
    -5.909269262789));
#2144 = CARTESIAN_POINT('',(132.40654438087,10.583738426216,
    -5.761474963169));
#2145 = CARTESIAN_POINT('',(132.40654438087,10.546675051436,
    -5.471905565093));
#2146 = CARTESIAN_POINT('',(132.40654438087,10.523747097684,
    -5.33007288729));
#2147 = CARTESIAN_POINT('',(132.40654438087,10.496075299845,
    -5.189455380817));
#2148 = CARTESIAN_POINT('',(132.40654438087,10.463587948761,
    -5.050232260249));
#2149 = CARTESIAN_POINT('',(132.40654438087,10.426259621359,
    -4.912584527627));
#2150 = PCURVE('',#1399,#2151);
#2151 = DEFINITIONAL_REPRESENTATION('',(#2152),#2163);
#2152 = B_SPLINE_CURVE_WITH_KNOTS('',5,(#2153,#2154,#2155,#2156,#2157,
    #2158,#2159,#2160,#2161,#2162),.UNSPECIFIED.,.F.,.F.,(6,4,6),(0.,
    0.506596606674,1.),.UNSPECIFIED.);
#2153 = CARTESIAN_POINT('',(6.357462329871,10.611196454641));
#2154 = CARTESIAN_POINT('',(6.207425705441,10.611196454641));
#2155 = CARTESIAN_POINT('',(6.057976752642,10.606726168051));
#2156 = CARTESIAN_POINT('',(5.909269262789,10.597622480229));
#2157 = CARTESIAN_POINT('',(5.761474963169,10.583738426216));
#2158 = CARTESIAN_POINT('',(5.471905565093,10.546675051436));
#2159 = CARTESIAN_POINT('',(5.33007288729,10.523747097684));
#2160 = CARTESIAN_POINT('',(5.189455380817,10.496075299845));
#2161 = CARTESIAN_POINT('',(5.050232260249,10.463587948761));
#2162 = CARTESIAN_POINT('',(4.912584527627,10.426259621359));
#2163 = ( GEOMETRIC_REPRESENTATION_CONTEXT(2) 
PARAMETRIC_REPRESENTATION_CONTEXT() REPRESENTATION_CONTEXT('2D SPACE',''
  ) );
#2164 = PCURVE('',#2165,#2172);
#2165 = SURFACE_OF_LINEAR_EXTRUSION('',#2166,#2170);
#2166 = B_SPLINE_CURVE_WITH_KNOTS('',2,(#2167,#2168,#2169),
  .UNSPECIFIED.,.F.,.F.,(3,3),(0.,1.),.PIECEWISE_BEZIER_KNOTS.);
#2167 = CARTESIAN_POINT('',(130.65654438087,10.426259621359,
    -4.912584527627));
#2168 = CARTESIAN_POINT('',(130.65654438087,10.611196454641,
    -5.594536748665));
#2169 = CARTESIAN_POINT('',(130.65654438087,10.611196454641,
    -6.357462329871));
#2170 = VECTOR('',#2171,1.);
#2171 = DIRECTION('',(-1.,-0.,-1.110223024625E-16));
#2172 = DEFINITIONAL_REPRESENTATION('',(#2173),#2184);
#2173 = B_SPLINE_CURVE_WITH_KNOTS('',5,(#2174,#2175,#2176,#2177,#2178,
    #2179,#2180,#2181,#2182,#2183),.UNSPECIFIED.,.F.,.F.,(6,4,6),(0.,
    0.506596606674,1.),.UNSPECIFIED.);
#2174 = CARTESIAN_POINT('',(1.,-1.75));
#2175 = CARTESIAN_POINT('',(0.901670209962,-1.75));
#2176 = CARTESIAN_POINT('',(0.802442813656,-1.75));
#2177 = CARTESIAN_POINT('',(0.702371795809,-1.75));
#2178 = CARTESIAN_POINT('',(0.601527530033,-1.75));
#2179 = CARTESIAN_POINT('',(0.401116534982,-1.75));
#2180 = CARTESIAN_POINT('',(0.30158419964,-1.75));
#2181 = CARTESIAN_POINT('',(0.201487006326,-1.75));
#2182 = CARTESIAN_POINT('',(0.10092183028,-1.75));
#2183 = CARTESIAN_POINT('',(0.,-1.75));
#2184 = ( GEOMETRIC_REPRESENTATION_CONTEXT(2) 
PARAMETRIC_REPRESENTATION_CONTEXT() REPRESENTATION_CONTEXT('2D SPACE',''
  ) );
#2185 = ORIENTED_EDGE('',*,*,#2186,.F.);
#2186 = EDGE_CURVE('',#2187,#2136,#2189,.T.);
#2187 = VERTEX_POINT('',#2188);
#2188 = CARTESIAN_POINT('',(132.40654438087,2.011238623257,
    -11.72081863017));
#2189 = SURFACE_CURVE('',#2190,(#2242,#2297),.PCURVE_S1.);
#2190 = B_SPLINE_CURVE_WITH_KNOTS('',8,(#2191,#2192,#2193,#2194,#2195,
    #2196,#2197,#2198,#2199,#2200,#2201,#2202,#2203,#2204,#2205,#2206,
    #2207,#2208,#2209,#2210,#2211,#2212,#2213,#2214,#2215,#2216,#2217,
    #2218,#2219,#2220,#2221,#2222,#2223,#2224,#2225,#2226,#2227,#2228,
    #2229,#2230,#2231,#2232,#2233,#2234,#2235,#2236,#2237,#2238,#2239,
    #2240,#2241),.UNSPECIFIED.,.F.,.F.,(9,7,7,7,7,7,7,9),(0.,
    0.431505815164,0.581701473884,0.646155549078,0.763537855057,
    0.859357332411,0.907975628077,1.),.UNSPECIFIED.);
#2191 = CARTESIAN_POINT('',(132.40654438087,2.011238623257,
    -11.72081863017));
#2192 = CARTESIAN_POINT('',(132.40654438087,2.630734168517,
    -11.72081863017));
#2193 = CARTESIAN_POINT('',(132.40654438087,3.248996618297,
    -11.70491423281));
#2194 = CARTESIAN_POINT('',(132.40654438087,3.866863826518,
    -11.67093473363));
#2195 = CARTESIAN_POINT('',(132.40654438087,4.484040508309,
    -11.61592222222));
#2196 = CARTESIAN_POINT('',(132.40654438087,5.099123627131,
    -11.53617329844));
#2197 = CARTESIAN_POINT('',(132.40654438087,5.709473185116,
    -11.42665410444));
#2198 = CARTESIAN_POINT('',(132.40654438087,6.311266848034,
    -11.28119511736));
#2199 = CARTESIAN_POINT('',(132.40654438087,7.103619057888,
    -11.02321433745));
#2200 = CARTESIAN_POINT('',(132.40654438087,7.30634711769,
    -10.95109266712));
#2201 = CARTESIAN_POINT('',(132.40654438087,7.50693768109,
    -10.87307072469));
#2202 = CARTESIAN_POINT('',(132.40654438087,7.705010595096,
    -10.78874082452));
#2203 = CARTESIAN_POINT('',(132.40654438087,7.900087070349,
    -10.69768111446));
#2204 = CARTESIAN_POINT('',(132.40654438087,8.091594999114,
    -10.59946687437));
#2205 = CARTESIAN_POINT('',(132.40654438087,8.278877829625,
    -10.49368898329));
#2206 = CARTESIAN_POINT('',(132.40654438087,8.539450655439,
    -10.33118296472));
#2207 = CARTESIAN_POINT('',(132.40654438087,8.616776162556,
    -10.28092941043));
#2208 = CARTESIAN_POINT('',(132.40654438087,8.693122957159,
    -10.22919243328));
#2209 = CARTESIAN_POINT('',(132.40654438087,8.768426725082,
    -10.17594816712));
#2210 = CARTESIAN_POINT('',(132.40654438087,8.842620027301,
    -10.12117618352));
#2211 = CARTESIAN_POINT('',(132.40654438087,8.915632928253,
    -10.06486033674));
#2212 = CARTESIAN_POINT('',(132.40654438087,8.987393624158,
    -10.00698960859));
#2213 = CARTESIAN_POINT('',(132.40654438087,9.186104516908,
    -9.839325186432));
#2214 = CARTESIAN_POINT('',(132.40654438087,9.310010966887,
    -9.725895085314));
#2215 = CARTESIAN_POINT('',(132.40654438087,9.429072635274,
    -9.607263255253));
#2216 = CARTESIAN_POINT('',(132.40654438087,9.542828424967,
    -9.483478766821));
#2217 = CARTESIAN_POINT('',(132.40654438087,9.650847549098,
    -9.354658598725));
#2218 = CARTESIAN_POINT('',(132.40654438087,9.752745152352,
    -9.221001080597));
#2219 = CARTESIAN_POINT('',(132.40654438087,9.848197932288,
    -9.082799335777));
#2220 = CARTESIAN_POINT('',(132.40654438087,10.009416268758,
    -8.824258452595));
#2221 = CARTESIAN_POINT('',(132.40654438087,10.077429013647,
    -8.705278193199));
#2222 = CARTESIAN_POINT('',(132.40654438087,10.140864570638,
    -8.58372522212));
#2223 = CARTESIAN_POINT('',(132.40654438087,10.199645295757,
    -8.459822688885));
#2224 = CARTESIAN_POINT('',(132.40654438087,10.253743211902,
    -8.333802830786));
#2225 = CARTESIAN_POINT('',(132.40654438087,10.303173894992,
    -8.205904187317));
#2226 = CARTESIAN_POINT('',(132.40654438087,10.347990360117,
    -8.076368814616));
#2227 = CARTESIAN_POINT('',(132.40654438087,10.408718149005,
    -7.879006658594));
#2228 = CARTESIAN_POINT('',(132.40654438087,10.427994203624,
    -7.812211480976));
#2229 = CARTESIAN_POINT('',(132.40654438087,10.446116587594,
    -7.745083560015));
#2230 = CARTESIAN_POINT('',(132.40654438087,10.463098937718,
    -7.67765148253));
#2231 = CARTESIAN_POINT('',(132.40654438087,10.478956750475,
    -7.609942753336));
#2232 = CARTESIAN_POINT('',(132.40654438087,10.493707080954,
    -7.541983719399));
#2233 = CARTESIAN_POINT('',(132.40654438087,10.507368241773,
    -7.473799493972));
#2234 = CARTESIAN_POINT('',(132.40654438087,10.543792151814,
    -7.275974067613));
#2235 = CARTESIAN_POINT('',(132.40654438087,10.563790977131,
    -7.145815451768));
#2236 = CARTESIAN_POINT('',(132.40654438087,10.580088690677,
    -7.015095332808));
#2237 = CARTESIAN_POINT('',(132.40654438087,10.592828253771,
    -6.883955429886));
#2238 = CARTESIAN_POINT('',(132.40654438087,10.602158832146,
    -6.75252144035));
#2239 = CARTESIAN_POINT('',(132.40654438087,10.608231751766,
    -6.62090259838));
#2240 = CARTESIAN_POINT('',(132.40654438087,10.611196454641,
    -6.489191233631));
#2241 = CARTESIAN_POINT('',(132.40654438087,10.611196454641,
    -6.357462329871));
#2242 = PCURVE('',#1399,#2243);
#2243 = DEFINITIONAL_REPRESENTATION('',(#2244),#2296);
#2244 = B_SPLINE_CURVE_WITH_KNOTS('',8,(#2245,#2246,#2247,#2248,#2249,
    #2250,#2251,#2252,#2253,#2254,#2255,#2256,#2257,#2258,#2259,#2260,
    #2261,#2262,#2263,#2264,#2265,#2266,#2267,#2268,#2269,#2270,#2271,
    #2272,#2273,#2274,#2275,#2276,#2277,#2278,#2279,#2280,#2281,#2282,
    #2283,#2284,#2285,#2286,#2287,#2288,#2289,#2290,#2291,#2292,#2293,
    #2294,#2295),.UNSPECIFIED.,.F.,.F.,(9,7,7,7,7,7,7,9),(0.,
    0.431505815164,0.581701473884,0.646155549078,0.763537855057,
    0.859357332411,0.907975628077,1.),.UNSPECIFIED.);
#2245 = CARTESIAN_POINT('',(11.720818630177,2.011238623257));
#2246 = CARTESIAN_POINT('',(11.720818630177,2.630734168517));
#2247 = CARTESIAN_POINT('',(11.704914232811,3.248996618297));
#2248 = CARTESIAN_POINT('',(11.670934733633,3.866863826518));
#2249 = CARTESIAN_POINT('',(11.61592222222,4.484040508309));
#2250 = CARTESIAN_POINT('',(11.536173298449,5.099123627131));
#2251 = CARTESIAN_POINT('',(11.426654104447,5.709473185116));
#2252 = CARTESIAN_POINT('',(11.281195117368,6.311266848034));
#2253 = CARTESIAN_POINT('',(11.023214337456,7.103619057888));
#2254 = CARTESIAN_POINT('',(10.951092667123,7.30634711769));
#2255 = CARTESIAN_POINT('',(10.873070724692,7.50693768109));
#2256 = CARTESIAN_POINT('',(10.788740824526,7.705010595096));
#2257 = CARTESIAN_POINT('',(10.697681114462,7.900087070349));
#2258 = CARTESIAN_POINT('',(10.599466874373,8.091594999114));
#2259 = CARTESIAN_POINT('',(10.493688983291,8.278877829625));
#2260 = CARTESIAN_POINT('',(10.331182964724,8.539450655439));
#2261 = CARTESIAN_POINT('',(10.280929410437,8.616776162556));
#2262 = CARTESIAN_POINT('',(10.229192433285,8.693122957159));
#2263 = CARTESIAN_POINT('',(10.175948167121,8.768426725082));
#2264 = CARTESIAN_POINT('',(10.121176183529,8.842620027301));
#2265 = CARTESIAN_POINT('',(10.064860336747,8.915632928253));
#2266 = CARTESIAN_POINT('',(10.006989608594,8.987393624158));
#2267 = CARTESIAN_POINT('',(9.839325186432,9.186104516908));
#2268 = CARTESIAN_POINT('',(9.725895085314,9.310010966887));
#2269 = CARTESIAN_POINT('',(9.607263255253,9.429072635274));
#2270 = CARTESIAN_POINT('',(9.483478766821,9.542828424967));
#2271 = CARTESIAN_POINT('',(9.354658598725,9.650847549098));
#2272 = CARTESIAN_POINT('',(9.221001080597,9.752745152352));
#2273 = CARTESIAN_POINT('',(9.082799335777,9.848197932288));
#2274 = CARTESIAN_POINT('',(8.824258452595,10.009416268758));
#2275 = CARTESIAN_POINT('',(8.705278193199,10.077429013647));
#2276 = CARTESIAN_POINT('',(8.58372522212,10.140864570638));
#2277 = CARTESIAN_POINT('',(8.459822688885,10.199645295757));
#2278 = CARTESIAN_POINT('',(8.333802830786,10.253743211902));
#2279 = CARTESIAN_POINT('',(8.205904187317,10.303173894992));
#2280 = CARTESIAN_POINT('',(8.076368814616,10.347990360117));
#2281 = CARTESIAN_POINT('',(7.879006658594,10.408718149005));
#2282 = CARTESIAN_POINT('',(7.812211480976,10.427994203624));
#2283 = CARTESIAN_POINT('',(7.745083560015,10.446116587594));
#2284 = CARTESIAN_POINT('',(7.67765148253,10.463098937718));
#2285 = CARTESIAN_POINT('',(7.609942753336,10.478956750475));
#2286 = CARTESIAN_POINT('',(7.541983719399,10.493707080954));
#2287 = CARTESIAN_POINT('',(7.473799493972,10.507368241773));
#2288 = CARTESIAN_POINT('',(7.275974067613,10.543792151814));
#2289 = CARTESIAN_POINT('',(7.145815451768,10.563790977131));
#2290 = CARTESIAN_POINT('',(7.015095332808,10.580088690677));
#2291 = CARTESIAN_POINT('',(6.883955429886,10.592828253771));
#2292 = CARTESIAN_POINT('',(6.75252144035,10.602158832146));
#2293 = CARTESIAN_POINT('',(6.62090259838,10.608231751766));
#2294 = CARTESIAN_POINT('',(6.489191233631,10.611196454641));
#2295 = CARTESIAN_POINT('',(6.357462329871,10.611196454641));
#2296 = ( GEOMETRIC_REPRESENTATION_CONTEXT(2) 
PARAMETRIC_REPRESENTATION_CONTEXT() REPRESENTATION_CONTEXT('2D SPACE',''
  ) );
#2297 = PCURVE('',#2298,#2305);
#2298 = SURFACE_OF_LINEAR_EXTRUSION('',#2299,#2303);
#2299 = B_SPLINE_CURVE_WITH_KNOTS('',2,(#2300,#2301,#2302),
  .UNSPECIFIED.,.F.,.F.,(3,3),(0.,1.),.PIECEWISE_BEZIER_KNOTS.);
#2300 = CARTESIAN_POINT('',(130.65654438087,10.611196454641,
    -6.357462329871));
#2301 = CARTESIAN_POINT('',(130.65654438087,10.611196454641,
    -11.72081863017));
#2302 = CARTESIAN_POINT('',(130.65654438087,2.011238623257,
    -11.72081863017));
#2303 = VECTOR('',#2304,1.);
#2304 = DIRECTION('',(-1.,-0.,-1.110223024625E-16));
#2305 = DEFINITIONAL_REPRESENTATION('',(#2306),#2358);
#2306 = B_SPLINE_CURVE_WITH_KNOTS('',8,(#2307,#2308,#2309,#2310,#2311,
    #2312,#2313,#2314,#2315,#2316,#2317,#2318,#2319,#2320,#2321,#2322,
    #2323,#2324,#2325,#2326,#2327,#2328,#2329,#2330,#2331,#2332,#2333,
    #2334,#2335,#2336,#2337,#2338,#2339,#2340,#2341,#2342,#2343,#2344,
    #2345,#2346,#2347,#2348,#2349,#2350,#2351,#2352,#2353,#2354,#2355,
    #2356,#2357),.UNSPECIFIED.,.F.,.F.,(9,7,7,7,7,7,7,9),(0.,
    0.431505815164,0.581701473884,0.646155549078,0.763537855057,
    0.859357332411,0.907975628077,1.),.UNSPECIFIED.);
#2307 = CARTESIAN_POINT('',(1.,-1.75));
#2308 = CARTESIAN_POINT('',(0.963982640531,-1.75));
#2309 = CARTESIAN_POINT('',(0.926554282279,-1.75));
#2310 = CARTESIAN_POINT('',(0.887463848194,-1.75));
#2311 = CARTESIAN_POINT('',(0.846452754283,-1.75));
#2312 = CARTESIAN_POINT('',(0.803257322582,-1.75));
#2313 = CARTESIAN_POINT('',(0.757561759664,-1.75));
#2314 = CARTESIAN_POINT('',(0.709013140302,-1.75));
#2315 = CARTESIAN_POINT('',(0.638895613929,-1.75));
#2316 = CARTESIAN_POINT('',(0.620385483402,-1.75));
#2317 = CARTESIAN_POINT('',(0.601449572445,-1.75));
#2318 = CARTESIAN_POINT('',(0.582071976507,-1.75));
#2319 = CARTESIAN_POINT('',(0.562241205059,-1.75));
#2320 = CARTESIAN_POINT('',(0.54195092572,-1.75));
#2321 = CARTESIAN_POINT('',(0.521201169906,-1.75));
#2322 = CARTESIAN_POINT('',(0.490901855546,-1.75));
#2323 = CARTESIAN_POINT('',(0.481721266496,-1.75));
#2324 = CARTESIAN_POINT('',(0.472459287211,-1.75));
#2325 = CARTESIAN_POINT('',(0.463117431979,-1.75));
#2326 = CARTESIAN_POINT('',(0.453697717251,-1.75));
#2327 = CARTESIAN_POINT('',(0.444202703875,-1.75));
#2328 = CARTESIAN_POINT('',(0.434635539338,-1.75));
#2329 = CARTESIAN_POINT('',(0.407451973387,-1.75));
#2330 = CARTESIAN_POINT('',(0.389673530064,-1.75));
#2331 = CARTESIAN_POINT('',(0.371691829214,-1.75));
#2332 = CARTESIAN_POINT('',(0.353538253555,-1.75));
#2333 = CARTESIAN_POINT('',(0.33524875432,-1.75));
#2334 = CARTESIAN_POINT('',(0.316864196251,-1.75));
#2335 = CARTESIAN_POINT('',(0.298430702575,-1.75));
#2336 = CARTESIAN_POINT('',(0.264954970229,-1.75));
#2337 = CARTESIAN_POINT('',(0.249908762204,-1.75));
#2338 = CARTESIAN_POINT('',(0.234888829481,-1.75));
#2339 = CARTESIAN_POINT('',(0.219920489427,-1.75));
#2340 = CARTESIAN_POINT('',(0.205027018995,-1.75));
#2341 = CARTESIAN_POINT('',(0.190229750498,-1.75));
#2342 = CARTESIAN_POINT('',(0.175548167383,-1.75));
#2343 = CARTESIAN_POINT('',(0.153618336869,-1.75));
#2344 = CARTESIAN_POINT('',(0.14627063628,-1.75));
#2345 = CARTESIAN_POINT('',(0.138958989828,-1.75));
#2346 = CARTESIAN_POINT('',(0.131685269684,-1.75));
#2347 = CARTESIAN_POINT('',(0.124451139027,-1.75));
#2348 = CARTESIAN_POINT('',(0.117258062479,-1.75));
#2349 = CARTESIAN_POINT('',(0.110107316535,-1.75));
#2350 = CARTESIAN_POINT('',(8.954732068949E-02,-1.75));
#2351 = CARTESIAN_POINT('',(7.625052871292E-02,-1.75));
#2352 = CARTESIAN_POINT('',(6.311657246439E-02,-1.75));
#2353 = CARTESIAN_POINT('',(5.015035199596E-02,-1.75));
#2354 = CARTESIAN_POINT('',(3.735491299988E-02,-1.75));
#2355 = CARTESIAN_POINT('',(2.473164079092E-02,-1.75));
#2356 = CARTESIAN_POINT('',(1.228045428871E-02,-1.75));
#2357 = CARTESIAN_POINT('',(0.,-1.75));
#2358 = ( GEOMETRIC_REPRESENTATION_CONTEXT(2) 
PARAMETRIC_REPRESENTATION_CONTEXT() REPRESENTATION_CONTEXT('2D SPACE',''
  ) );
#2359 = ORIENTED_EDGE('',*,*,#2360,.F.);
#2360 = EDGE_CURVE('',#2361,#2187,#2363,.T.);
#2361 = VERTEX_POINT('',#2362);
#2362 = CARTESIAN_POINT('',(132.40654438087,-4.172838370344,
    -10.34532506406));
#2363 = SURFACE_CURVE('',#2364,(#2385,#2409),.PCURVE_S1.);
#2364 = B_SPLINE_CURVE_WITH_KNOTS('',7,(#2365,#2366,#2367,#2368,#2369,
    #2370,#2371,#2372,#2373,#2374,#2375,#2376,#2377,#2378,#2379,#2380,
    #2381,#2382,#2383,#2384),.UNSPECIFIED.,.F.,.F.,(8,6,6,8),(0.,
    0.353820853696,0.779973464936,1.),.UNSPECIFIED.);
#2365 = CARTESIAN_POINT('',(132.40654438087,-4.172838370344,
    -10.34532506406));
#2366 = CARTESIAN_POINT('',(132.40654438087,-3.901788234838,
    -10.51967241684));
#2367 = CARTESIAN_POINT('',(132.40654438087,-3.619481221429,
    -10.6768719332));
#2368 = CARTESIAN_POINT('',(132.40654438087,-3.328061795529,
    -10.81768844397));
#2369 = CARTESIAN_POINT('',(132.40654438087,-3.029464789965,
    -10.94324964196));
#2370 = CARTESIAN_POINT('',(132.40654438087,-2.725282422257,
    -11.05476565795));
#2371 = CARTESIAN_POINT('',(132.40654438087,-2.416721015929,
    -11.15343704448));
#2372 = CARTESIAN_POINT('',(132.40654438087,-1.728598560062,
    -11.34510746108));
#2373 = CARTESIAN_POINT('',(132.40654438087,-1.347592179819,
    -11.43277526306));
#2374 = CARTESIAN_POINT('',(132.40654438087,-0.962948435226,
    -11.50536882143));
#2375 = CARTESIAN_POINT('',(132.40654438087,-0.575762638661,
    -11.56454782739));
#2376 = CARTESIAN_POINT('',(132.40654438087,-0.186840233743,
    -11.61172790581));
#2377 = CARTESIAN_POINT('',(132.40654438087,0.203294878108,
    -11.64812319724));
#2378 = CARTESIAN_POINT('',(132.40654438087,0.796330234287,
    -11.68850483084));
#2379 = CARTESIAN_POINT('',(132.40654438087,0.998493746417,
    -11.69965052134));
#2380 = CARTESIAN_POINT('',(132.40654438087,1.200838451575,
    -11.70833233872));
#2381 = CARTESIAN_POINT('',(132.40654438087,1.403319762088,
    -11.71467816144));
#2382 = CARTESIAN_POINT('',(132.40654438087,1.605899869664,
    -11.71880463973));
#2383 = CARTESIAN_POINT('',(132.40654438087,1.808547659309,
    -11.72081863017));
#2384 = CARTESIAN_POINT('',(132.40654438087,2.011238623257,
    -11.72081863017));
#2385 = PCURVE('',#1399,#2386);
#2386 = DEFINITIONAL_REPRESENTATION('',(#2387),#2408);
#2387 = B_SPLINE_CURVE_WITH_KNOTS('',7,(#2388,#2389,#2390,#2391,#2392,
    #2393,#2394,#2395,#2396,#2397,#2398,#2399,#2400,#2401,#2402,#2403,
    #2404,#2405,#2406,#2407),.UNSPECIFIED.,.F.,.F.,(8,6,6,8),(0.,
    0.353820853696,0.779973464936,1.),.UNSPECIFIED.);
#2388 = CARTESIAN_POINT('',(10.345325064062,-4.172838370344));
#2389 = CARTESIAN_POINT('',(10.519672416849,-3.901788234838));
#2390 = CARTESIAN_POINT('',(10.676871933203,-3.619481221429));
#2391 = CARTESIAN_POINT('',(10.817688443977,-3.328061795529));
#2392 = CARTESIAN_POINT('',(10.943249641965,-3.029464789965));
#2393 = CARTESIAN_POINT('',(11.054765657953,-2.725282422257));
#2394 = CARTESIAN_POINT('',(11.153437044481,-2.416721015929));
#2395 = CARTESIAN_POINT('',(11.34510746108,-1.728598560062));
#2396 = CARTESIAN_POINT('',(11.432775263065,-1.347592179819));
#2397 = CARTESIAN_POINT('',(11.505368821435,-0.962948435226));
#2398 = CARTESIAN_POINT('',(11.564547827399,-0.575762638661));
#2399 = CARTESIAN_POINT('',(11.611727905813,-0.186840233743));
#2400 = CARTESIAN_POINT('',(11.648123197249,0.203294878108));
#2401 = CARTESIAN_POINT('',(11.688504830848,0.796330234287));
#2402 = CARTESIAN_POINT('',(11.69965052134,0.998493746417));
#2403 = CARTESIAN_POINT('',(11.708332338729,1.200838451575));
#2404 = CARTESIAN_POINT('',(11.714678161444,1.403319762088));
#2405 = CARTESIAN_POINT('',(11.718804639735,1.605899869664));
#2406 = CARTESIAN_POINT('',(11.720818630177,1.808547659309));
#2407 = CARTESIAN_POINT('',(11.720818630177,2.011238623257));
#2408 = ( GEOMETRIC_REPRESENTATION_CONTEXT(2) 
PARAMETRIC_REPRESENTATION_CONTEXT() REPRESENTATION_CONTEXT('2D SPACE',''
  ) );
#2409 = PCURVE('',#2410,#2417);
#2410 = SURFACE_OF_LINEAR_EXTRUSION('',#2411,#2415);
#2411 = B_SPLINE_CURVE_WITH_KNOTS('',2,(#2412,#2413,#2414),
  .UNSPECIFIED.,.F.,.F.,(3,3),(0.,1.),.PIECEWISE_BEZIER_KNOTS.);
#2412 = CARTESIAN_POINT('',(130.65654438087,2.011238623257,
    -11.72081863017));
#2413 = CARTESIAN_POINT('',(130.65654438087,-2.034419223024,
    -11.72081863017));
#2414 = CARTESIAN_POINT('',(130.65654438087,-4.172838370344,
    -10.34532506406));
#2415 = VECTOR('',#2416,1.);
#2416 = DIRECTION('',(-1.,-0.,-1.110223024625E-16));
#2417 = DEFINITIONAL_REPRESENTATION('',(#2418),#2439);
#2418 = B_SPLINE_CURVE_WITH_KNOTS('',7,(#2419,#2420,#2421,#2422,#2423,
    #2424,#2425,#2426,#2427,#2428,#2429,#2430,#2431,#2432,#2433,#2434,
    #2435,#2436,#2437,#2438),.UNSPECIFIED.,.F.,.F.,(8,6,6,8),(0.,
    0.353820853696,0.779973464936,1.),.UNSPECIFIED.);
#2419 = CARTESIAN_POINT('',(1.,-1.75));
#2420 = CARTESIAN_POINT('',(0.936623711996,-1.75));
#2421 = CARTESIAN_POINT('',(0.874794768672,-1.75));
#2422 = CARTESIAN_POINT('',(0.814647136182,-1.75));
#2423 = CARTESIAN_POINT('',(0.756226689754,-1.75));
#2424 = CARTESIAN_POINT('',(0.699522833876,-1.75));
#2425 = CARTESIAN_POINT('',(0.644478922065,-1.75));
#2426 = CARTESIAN_POINT('',(0.52658835765,-1.75));
#2427 = CARTESIAN_POINT('',(0.464476674515,-1.75));
#2428 = CARTESIAN_POINT('',(0.404498680866,-1.75));
#2429 = CARTESIAN_POINT('',(0.346505329186,-1.75));
#2430 = CARTESIAN_POINT('',(0.290353572218,-1.75));
#2431 = CARTESIAN_POINT('',(0.235900094871,-1.75));
#2432 = CARTESIAN_POINT('',(0.155687191696,-1.75));
#2433 = CARTESIAN_POINT('',(0.12879194162,-1.75));
#2434 = CARTESIAN_POINT('',(0.10229652471,-1.75));
#2435 = CARTESIAN_POINT('',(7.618453737529E-02,-1.75));
#2436 = CARTESIAN_POINT('',(5.044066230619E-02,-1.75));
#2437 = CARTESIAN_POINT('',(2.505043328544E-02,-1.75));
#2438 = CARTESIAN_POINT('',(0.,-1.75));
#2439 = ( GEOMETRIC_REPRESENTATION_CONTEXT(2) 
PARAMETRIC_REPRESENTATION_CONTEXT() REPRESENTATION_CONTEXT('2D SPACE',''
  ) );
#2440 = ORIENTED_EDGE('',*,*,#2441,.F.);
#2441 = EDGE_CURVE('',#2442,#2361,#2444,.T.);
#2442 = VERTEX_POINT('',#2443);
#2443 = CARTESIAN_POINT('',(132.40654438087,-6.311257517664,
    -6.357462329871));
#2444 = SURFACE_CURVE('',#2445,(#2473,#2504),.PCURVE_S1.);
#2445 = B_SPLINE_CURVE_WITH_KNOTS('',6,(#2446,#2447,#2448,#2449,#2450,
    #2451,#2452,#2453,#2454,#2455,#2456,#2457,#2458,#2459,#2460,#2461,
    #2462,#2463,#2464,#2465,#2466,#2467,#2468,#2469,#2470,#2471,#2472),
  .UNSPECIFIED.,.F.,.F.,(7,5,5,5,5,7),(0.,0.199421258238,0.308420591455,
    0.53148517997,0.832124099306,1.),.UNSPECIFIED.);
#2446 = CARTESIAN_POINT('',(132.40654438087,-6.311257517664,
    -6.357462329871));
#2447 = CARTESIAN_POINT('',(132.40654438087,-6.311257517664,
    -6.515620727744));
#2448 = CARTESIAN_POINT('',(132.40654438087,-6.306554454884,
    -6.673682055346));
#2449 = CARTESIAN_POINT('',(132.40654438087,-6.296856923013,
    -6.831473273809));
#2450 = CARTESIAN_POINT('',(132.40654438087,-6.281863100316,
    -6.988770905402));
#2451 = CARTESIAN_POINT('',(132.40654438087,-6.261284721118,
    -7.145303723412));
#2452 = CARTESIAN_POINT('',(132.40654438087,-6.220433906252,
    -7.385721978823));
#2453 = CARTESIAN_POINT('',(132.40654438087,-6.204253648599,
    -7.470364965423));
#2454 = CARTESIAN_POINT('',(132.40654438087,-6.186289757531,
    -7.554631892409));
#2455 = CARTESIAN_POINT('',(132.40654438087,-6.166505413305,
    -7.638466318264));
#2456 = CARTESIAN_POINT('',(132.40654438087,-6.144869288572,
    -7.721808304885));
#2457 = CARTESIAN_POINT('',(132.40654438087,-6.073240697923,
    -7.974015589568));
#2458 = CARTESIAN_POINT('',(132.40654438087,-6.017262592265,
    -8.141129174856));
#2459 = CARTESIAN_POINT('',(132.40654438087,-5.953223514271,
    -8.305361472099));
#2460 = CARTESIAN_POINT('',(132.40654438087,-5.881047069669,
    -8.466144029636));
#2461 = CARTESIAN_POINT('',(132.40654438087,-5.800821327471,
    -8.622931724244));
#2462 = CARTESIAN_POINT('',(132.40654438087,-5.594262125552,
    -8.980469944531));
#2463 = CARTESIAN_POINT('',(132.40654438087,-5.461555300536,
    -9.177618729596));
#2464 = CARTESIAN_POINT('',(132.40654438087,-5.315446778503,
    -9.365375028549));
#2465 = CARTESIAN_POINT('',(132.40654438087,-5.157113149927,
    -9.543032548994));
#2466 = CARTESIAN_POINT('',(132.40654438087,-4.987981421741,
    -9.710306940247));
#2467 = CARTESIAN_POINT('',(132.40654438087,-4.709938569788,
    -9.954815775356));
#2468 = CARTESIAN_POINT('',(132.40654438087,-4.607398960904,
    -10.03920697384));
#2469 = CARTESIAN_POINT('',(132.40654438087,-4.502190277086,
    -10.12039376006));
#2470 = CARTESIAN_POINT('',(132.40654438087,-4.39454935604,
    -10.19842502428));
#2471 = CARTESIAN_POINT('',(132.40654438087,-4.284698611005,
    -10.27337329467));
#2472 = CARTESIAN_POINT('',(132.40654438087,-4.172838370344,
    -10.34532506406));
#2473 = PCURVE('',#1399,#2474);
#2474 = DEFINITIONAL_REPRESENTATION('',(#2475),#2503);
#2475 = B_SPLINE_CURVE_WITH_KNOTS('',6,(#2476,#2477,#2478,#2479,#2480,
    #2481,#2482,#2483,#2484,#2485,#2486,#2487,#2488,#2489,#2490,#2491,
    #2492,#2493,#2494,#2495,#2496,#2497,#2498,#2499,#2500,#2501,#2502),
  .UNSPECIFIED.,.F.,.F.,(7,5,5,5,5,7),(0.,0.199421258238,0.308420591455,
    0.53148517997,0.832124099306,1.),.UNSPECIFIED.);
#2476 = CARTESIAN_POINT('',(6.357462329871,-6.311257517664));
#2477 = CARTESIAN_POINT('',(6.515620727744,-6.311257517664));
#2478 = CARTESIAN_POINT('',(6.673682055346,-6.306554454884));
#2479 = CARTESIAN_POINT('',(6.831473273809,-6.296856923013));
#2480 = CARTESIAN_POINT('',(6.988770905402,-6.281863100316));
#2481 = CARTESIAN_POINT('',(7.145303723412,-6.261284721118));
#2482 = CARTESIAN_POINT('',(7.385721978823,-6.220433906252));
#2483 = CARTESIAN_POINT('',(7.470364965423,-6.204253648599));
#2484 = CARTESIAN_POINT('',(7.554631892409,-6.186289757531));
#2485 = CARTESIAN_POINT('',(7.638466318264,-6.166505413305));
#2486 = CARTESIAN_POINT('',(7.721808304885,-6.144869288572));
#2487 = CARTESIAN_POINT('',(7.974015589568,-6.073240697923));
#2488 = CARTESIAN_POINT('',(8.141129174856,-6.017262592265));
#2489 = CARTESIAN_POINT('',(8.305361472099,-5.953223514271));
#2490 = CARTESIAN_POINT('',(8.466144029636,-5.881047069669));
#2491 = CARTESIAN_POINT('',(8.622931724244,-5.800821327471));
#2492 = CARTESIAN_POINT('',(8.980469944531,-5.594262125552));
#2493 = CARTESIAN_POINT('',(9.177618729596,-5.461555300536));
#2494 = CARTESIAN_POINT('',(9.365375028549,-5.315446778503));
#2495 = CARTESIAN_POINT('',(9.543032548994,-5.157113149927));
#2496 = CARTESIAN_POINT('',(9.710306940247,-4.987981421741));
#2497 = CARTESIAN_POINT('',(9.954815775356,-4.709938569788));
#2498 = CARTESIAN_POINT('',(10.039206973849,-4.607398960904));
#2499 = CARTESIAN_POINT('',(10.120393760062,-4.502190277086));
#2500 = CARTESIAN_POINT('',(10.198425024288,-4.39454935604));
#2501 = CARTESIAN_POINT('',(10.273373294679,-4.284698611005));
#2502 = CARTESIAN_POINT('',(10.345325064062,-4.172838370344));
#2503 = ( GEOMETRIC_REPRESENTATION_CONTEXT(2) 
PARAMETRIC_REPRESENTATION_CONTEXT() REPRESENTATION_CONTEXT('2D SPACE',''
  ) );
#2504 = PCURVE('',#2505,#2512);
#2505 = SURFACE_OF_LINEAR_EXTRUSION('',#2506,#2510);
#2506 = B_SPLINE_CURVE_WITH_KNOTS('',2,(#2507,#2508,#2509),
  .UNSPECIFIED.,.F.,.F.,(3,3),(0.,1.),.PIECEWISE_BEZIER_KNOTS.);
#2507 = CARTESIAN_POINT('',(130.65654438087,-4.172838370344,
    -10.34532506406));
#2508 = CARTESIAN_POINT('',(130.65654438087,-6.311257517664,
    -8.969831497947));
#2509 = CARTESIAN_POINT('',(130.65654438087,-6.311257517664,
    -6.357462329871));
#2510 = VECTOR('',#2511,1.);
#2511 = DIRECTION('',(-1.,-0.,-1.110223024625E-16));
#2512 = DEFINITIONAL_REPRESENTATION('',(#2513),#2541);
#2513 = B_SPLINE_CURVE_WITH_KNOTS('',6,(#2514,#2515,#2516,#2517,#2518,
    #2519,#2520,#2521,#2522,#2523,#2524,#2525,#2526,#2527,#2528,#2529,
    #2530,#2531,#2532,#2533,#2534,#2535,#2536,#2537,#2538,#2539,#2540),
  .UNSPECIFIED.,.F.,.F.,(7,5,5,5,5,7),(0.,0.199421258238,0.308420591455,
    0.53148517997,0.832124099306,1.),.UNSPECIFIED.);
#2514 = CARTESIAN_POINT('',(1.,-1.75));
#2515 = CARTESIAN_POINT('',(0.969728934217,-1.75));
#2516 = CARTESIAN_POINT('',(0.938955793155,-1.75));
#2517 = CARTESIAN_POINT('',(0.907681435718,-1.75));
#2518 = CARTESIAN_POINT('',(0.875915221624,-1.75));
#2519 = CARTESIAN_POINT('',(0.843677150335,-1.75));
#2520 = CARTESIAN_POINT('',(0.793139378573,-1.75));
#2521 = CARTESIAN_POINT('',(0.775147711381,-1.75));
#2522 = CARTESIAN_POINT('',(0.757030563149,-1.75));
#2523 = CARTESIAN_POINT('',(0.738794660478,-1.75));
#2524 = CARTESIAN_POINT('',(0.720448007246,-1.75));
#2525 = CARTESIAN_POINT('',(0.664246584234,-1.75));
#2526 = CARTESIAN_POINT('',(0.626064444882,-1.75));
#2527 = CARTESIAN_POINT('',(0.587541383003,-1.75));
#2528 = CARTESIAN_POINT('',(0.548777741364,-1.75));
#2529 = CARTESIAN_POINT('',(0.509887604707,-1.75));
#2530 = CARTESIAN_POINT('',(0.41858859964,-1.75));
#2531 = CARTESIAN_POINT('',(0.36616352841,-1.75));
#2532 = CARTESIAN_POINT('',(0.314052512529,-1.75));
#2533 = CARTESIAN_POINT('',(0.262520989216,-1.75));
#2534 = CARTESIAN_POINT('',(0.211781359694,-1.75));
#2535 = CARTESIAN_POINT('',(0.134202233115,-1.75));
#2536 = CARTESIAN_POINT('',(0.106698314494,-1.75));
#2537 = CARTESIAN_POINT('',(7.951223033642E-02,-1.75));
#2538 = CARTESIAN_POINT('',(5.266084238307E-02,-1.75));
#2539 = CARTESIAN_POINT('',(2.615489128988E-02,-1.75));
#2540 = CARTESIAN_POINT('',(0.,-1.75));
#2541 = ( GEOMETRIC_REPRESENTATION_CONTEXT(2) 
PARAMETRIC_REPRESENTATION_CONTEXT() REPRESENTATION_CONTEXT('2D SPACE',''
  ) );
#2542 = ORIENTED_EDGE('',*,*,#2543,.F.);
#2543 = EDGE_CURVE('',#2544,#2442,#2546,.T.);
#2544 = VERTEX_POINT('',#2545);
#2545 = CARTESIAN_POINT('',(132.40654438087,-4.149697749293,
    -2.358048098666));
#2546 = SURFACE_CURVE('',#2547,(#2575,#2606),.PCURVE_S1.);
#2547 = B_SPLINE_CURVE_WITH_KNOTS('',6,(#2548,#2549,#2550,#2551,#2552,
    #2553,#2554,#2555,#2556,#2557,#2558,#2559,#2560,#2561,#2562,#2563,
    #2564,#2565,#2566,#2567,#2568,#2569,#2570,#2571,#2572,#2573,#2574),
  .UNSPECIFIED.,.F.,.F.,(7,5,5,5,5,7),(0.,0.166752795285,0.464210921185,
    0.688061527197,0.798081179946,1.),.UNSPECIFIED.);
#2548 = CARTESIAN_POINT('',(132.40654438087,-4.149697749293,
    -2.358048098666));
#2549 = CARTESIAN_POINT('',(132.40654438087,-4.262046224071,
    -2.428939874777));
#2550 = CARTESIAN_POINT('',(132.40654438087,-4.372408686038,
    -2.502850377931));
#2551 = CARTESIAN_POINT('',(132.40654438087,-4.480584365023,
    -2.579868787251));
#2552 = CARTESIAN_POINT('',(132.40654438087,-4.58634989711,
    -2.66007046726));
#2553 = CARTESIAN_POINT('',(132.40654438087,-4.689467009263,
    -2.743507093217));
#2554 = CARTESIAN_POINT('',(132.40654438087,-4.968471037061,
    -2.984836167467));
#2555 = CARTESIAN_POINT('',(132.40654438087,-5.138100557805,
    -3.149876110315));
#2556 = CARTESIAN_POINT('',(132.40654438087,-5.297070172912,
    -3.325337458491));
#2557 = CARTESIAN_POINT('',(132.40654438087,-5.443953811039,
    -3.510950838695));
#2558 = CARTESIAN_POINT('',(132.40654438087,-5.577570355515,
    -3.706024129292));
#2559 = CARTESIAN_POINT('',(132.40654438087,-5.787195425737,
    -4.062233423555));
#2560 = CARTESIAN_POINT('',(132.40654438087,-5.869301358439,
    -4.219862944632));
#2561 = CARTESIAN_POINT('',(132.40654438087,-5.943188355987,
    -4.38164295365));
#2562 = CARTESIAN_POINT('',(132.40654438087,-6.008762492228,
    -4.547006556192));
#2563 = CARTESIAN_POINT('',(132.40654438087,-6.066103048596,
    -4.715361600319));
#2564 = CARTESIAN_POINT('',(132.40654438087,-6.139655716593,
    -4.970030590529));
#2565 = CARTESIAN_POINT('',(132.40654438087,-6.1619561578,
    -5.054534242965));
#2566 = CARTESIAN_POINT('',(132.40654438087,-6.182344908874,
    -5.139554275841));
#2567 = CARTESIAN_POINT('',(132.40654438087,-6.20085531492,
    -5.225027338758));
#2568 = CARTESIAN_POINT('',(132.40654438087,-6.217526551768,
    -5.310893884231));
#2569 = CARTESIAN_POINT('',(132.40654438087,-6.259701900483,
    -5.555310071071));
#2570 = CARTESIAN_POINT('',(132.40654438087,-6.280951546895,
    -5.714658423675));
#2571 = CARTESIAN_POINT('',(132.40654438087,-6.296419648158,
    -5.874808201031));
#2572 = CARTESIAN_POINT('',(132.40654438087,-6.306414473014,
    -6.03547279754));
#2573 = CARTESIAN_POINT('',(132.40654438087,-6.311257517664,
    -6.196417475721));
#2574 = CARTESIAN_POINT('',(132.40654438087,-6.311257517664,
    -6.357462329871));
#2575 = PCURVE('',#1399,#2576);
#2576 = DEFINITIONAL_REPRESENTATION('',(#2577),#2605);
#2577 = B_SPLINE_CURVE_WITH_KNOTS('',6,(#2578,#2579,#2580,#2581,#2582,
    #2583,#2584,#2585,#2586,#2587,#2588,#2589,#2590,#2591,#2592,#2593,
    #2594,#2595,#2596,#2597,#2598,#2599,#2600,#2601,#2602,#2603,#2604),
  .UNSPECIFIED.,.F.,.F.,(7,5,5,5,5,7),(0.,0.166752795285,0.464210921185,
    0.688061527197,0.798081179946,1.),.UNSPECIFIED.);
#2578 = CARTESIAN_POINT('',(2.358048098666,-4.149697749293));
#2579 = CARTESIAN_POINT('',(2.428939874777,-4.262046224071));
#2580 = CARTESIAN_POINT('',(2.502850377931,-4.372408686038));
#2581 = CARTESIAN_POINT('',(2.579868787251,-4.480584365023));
#2582 = CARTESIAN_POINT('',(2.66007046726,-4.58634989711));
#2583 = CARTESIAN_POINT('',(2.743507093217,-4.689467009263));
#2584 = CARTESIAN_POINT('',(2.984836167467,-4.968471037061));
#2585 = CARTESIAN_POINT('',(3.149876110315,-5.138100557805));
#2586 = CARTESIAN_POINT('',(3.325337458491,-5.297070172912));
#2587 = CARTESIAN_POINT('',(3.510950838695,-5.443953811039));
#2588 = CARTESIAN_POINT('',(3.706024129292,-5.577570355515));
#2589 = CARTESIAN_POINT('',(4.062233423555,-5.787195425737));
#2590 = CARTESIAN_POINT('',(4.219862944632,-5.869301358439));
#2591 = CARTESIAN_POINT('',(4.38164295365,-5.943188355987));
#2592 = CARTESIAN_POINT('',(4.547006556192,-6.008762492228));
#2593 = CARTESIAN_POINT('',(4.715361600319,-6.066103048596));
#2594 = CARTESIAN_POINT('',(4.970030590529,-6.139655716593));
#2595 = CARTESIAN_POINT('',(5.054534242965,-6.1619561578));
#2596 = CARTESIAN_POINT('',(5.139554275841,-6.182344908874));
#2597 = CARTESIAN_POINT('',(5.225027338758,-6.20085531492));
#2598 = CARTESIAN_POINT('',(5.310893884231,-6.217526551768));
#2599 = CARTESIAN_POINT('',(5.555310071071,-6.259701900483));
#2600 = CARTESIAN_POINT('',(5.714658423675,-6.280951546895));
#2601 = CARTESIAN_POINT('',(5.874808201031,-6.296419648158));
#2602 = CARTESIAN_POINT('',(6.03547279754,-6.306414473014));
#2603 = CARTESIAN_POINT('',(6.196417475721,-6.311257517664));
#2604 = CARTESIAN_POINT('',(6.357462329871,-6.311257517664));
#2605 = ( GEOMETRIC_REPRESENTATION_CONTEXT(2) 
PARAMETRIC_REPRESENTATION_CONTEXT() REPRESENTATION_CONTEXT('2D SPACE',''
  ) );
#2606 = PCURVE('',#2607,#2614);
#2607 = SURFACE_OF_LINEAR_EXTRUSION('',#2608,#2612);
#2608 = B_SPLINE_CURVE_WITH_KNOTS('',2,(#2609,#2610,#2611),
  .UNSPECIFIED.,.F.,.F.,(3,3),(0.,1.),.PIECEWISE_BEZIER_KNOTS.);
#2609 = CARTESIAN_POINT('',(130.65654438087,-6.311257517664,
    -6.357462329871));
#2610 = CARTESIAN_POINT('',(130.65654438087,-6.311257517664,
    -3.721990167768));
#2611 = CARTESIAN_POINT('',(130.65654438087,-4.149697749293,
    -2.358048098666));
#2612 = VECTOR('',#2613,1.);
#2613 = DIRECTION('',(-1.,-0.,-1.110223024625E-16));
#2614 = DEFINITIONAL_REPRESENTATION('',(#2615),#2643);
#2615 = B_SPLINE_CURVE_WITH_KNOTS('',6,(#2616,#2617,#2618,#2619,#2620,
    #2621,#2622,#2623,#2624,#2625,#2626,#2627,#2628,#2629,#2630,#2631,
    #2632,#2633,#2634,#2635,#2636,#2637,#2638,#2639,#2640,#2641,#2642),
  .UNSPECIFIED.,.F.,.F.,(7,5,5,5,5,7),(0.,0.166752795285,0.464210921185,
    0.688061527197,0.798081179946,1.),.UNSPECIFIED.);
#2616 = CARTESIAN_POINT('',(1.,-1.75));
#2617 = CARTESIAN_POINT('',(0.974012174814,-1.75));
#2618 = CARTESIAN_POINT('',(0.947673281256,-1.75));
#2619 = CARTESIAN_POINT('',(0.920988806624,-1.75));
#2620 = CARTESIAN_POINT('',(0.893969380612,-1.75));
#2621 = CARTESIAN_POINT('',(0.86663179111,-1.75));
#2622 = CARTESIAN_POINT('',(0.789709667056,-1.75));
#2623 = CARTESIAN_POINT('',(0.739467450819,-1.75));
#2624 = CARTESIAN_POINT('',(0.688437756613,-1.75));
#2625 = CARTESIAN_POINT('',(0.636830841802,-1.75));
#2626 = CARTESIAN_POINT('',(0.584909829911,-1.75));
#2627 = CARTESIAN_POINT('',(0.493935520426,-1.75));
#2628 = CARTESIAN_POINT('',(0.454866989117,-1.75));
#2629 = CARTESIAN_POINT('',(0.415928277501,-1.75));
#2630 = CARTESIAN_POINT('',(0.377237418726,-1.75));
#2631 = CARTESIAN_POINT('',(0.338897907512,-1.75));
#2632 = CARTESIAN_POINT('',(0.282373672832,-1.75));
#2633 = CARTESIAN_POINT('',(0.26385292888,-1.75));
#2634 = CARTESIAN_POINT('',(0.245447565525,-1.75));
#2635 = CARTESIAN_POINT('',(0.22716588019,-1.75));
#2636 = CARTESIAN_POINT('',(0.209014798092,-1.75));
#2637 = CARTESIAN_POINT('',(0.157937481774,-1.75));
#2638 = CARTESIAN_POINT('',(0.125334522345,-1.75));
#2639 = CARTESIAN_POINT('',(9.322474764991E-02,-1.75));
#2640 = CARTESIAN_POINT('',(6.162812898315E-02,-1.75));
#2641 = CARTESIAN_POINT('',(3.055332104534E-02,-1.75));
#2642 = CARTESIAN_POINT('',(0.,-1.75));
#2643 = ( GEOMETRIC_REPRESENTATION_CONTEXT(2) 
PARAMETRIC_REPRESENTATION_CONTEXT() REPRESENTATION_CONTEXT('2D SPACE',''
  ) );
#2644 = ORIENTED_EDGE('',*,*,#2645,.F.);
#2645 = EDGE_CURVE('',#1926,#2544,#2646,.T.);
#2646 = SURFACE_CURVE('',#2647,(#2665,#2686),.PCURVE_S1.);
#2647 = B_SPLINE_CURVE_WITH_KNOTS('',6,(#2648,#2649,#2650,#2651,#2652,
    #2653,#2654,#2655,#2656,#2657,#2658,#2659,#2660,#2661,#2662,#2663,
    #2664),.UNSPECIFIED.,.F.,.F.,(7,5,5,7),(0.,0.433997275375,
    0.793575711179,1.),.UNSPECIFIED.);
#2648 = CARTESIAN_POINT('',(132.40654438087,2.150007095514,
    -0.994106029564));
#2649 = CARTESIAN_POINT('',(132.40654438087,1.675689195509,
    -0.994106029564));
#2650 = CARTESIAN_POINT('',(132.40654438087,1.201666719705,
    -1.004858171998));
#2651 = CARTESIAN_POINT('',(132.40654438087,0.728139638783,
    -1.027658469202));
#2652 = CARTESIAN_POINT('',(132.40654438087,0.255640400625,
    -1.064141057483));
#2653 = CARTESIAN_POINT('',(132.40654438087,-0.214964285125,
    -1.116318216107));
#2654 = CARTESIAN_POINT('',(132.40654438087,-1.069749418157,
    -1.245442365967));
#2655 = CARTESIAN_POINT('',(132.40654438087,-1.454765752326,
    -1.316586262507));
#2656 = CARTESIAN_POINT('',(132.40654438087,-1.836886245022,
    -1.40192701039));
#2657 = CARTESIAN_POINT('',(132.40654438087,-2.214899518293,
    -1.503332189161));
#2658 = CARTESIAN_POINT('',(132.40654438087,-2.586980774387,
    -1.622981299236));
#2659 = CARTESIAN_POINT('',(132.40654438087,-3.159486795613,
    -1.843964503512));
#2660 = CARTESIAN_POINT('',(132.40654438087,-3.365482131987,
    -1.931377181896));
#2661 = CARTESIAN_POINT('',(132.40654438087,-3.568187496372,
    -2.026064537187));
#2662 = CARTESIAN_POINT('',(132.40654438087,-3.766974346862,
    -2.128478164679));
#2663 = CARTESIAN_POINT('',(132.40654438087,-3.961089798422,
    -2.239036668808));
#2664 = CARTESIAN_POINT('',(132.40654438087,-4.149697749293,
    -2.358048098666));
#2665 = PCURVE('',#1399,#2666);
#2666 = DEFINITIONAL_REPRESENTATION('',(#2667),#2685);
#2667 = B_SPLINE_CURVE_WITH_KNOTS('',6,(#2668,#2669,#2670,#2671,#2672,
    #2673,#2674,#2675,#2676,#2677,#2678,#2679,#2680,#2681,#2682,#2683,
    #2684),.UNSPECIFIED.,.F.,.F.,(7,5,5,7),(0.,0.433997275375,
    0.793575711179,1.),.UNSPECIFIED.);
#2668 = CARTESIAN_POINT('',(0.994106029564,2.150007095514));
#2669 = CARTESIAN_POINT('',(0.994106029564,1.675689195509));
#2670 = CARTESIAN_POINT('',(1.004858171998,1.201666719705));
#2671 = CARTESIAN_POINT('',(1.027658469202,0.728139638783));
#2672 = CARTESIAN_POINT('',(1.064141057483,0.255640400625));
#2673 = CARTESIAN_POINT('',(1.116318216107,-0.214964285125));
#2674 = CARTESIAN_POINT('',(1.245442365967,-1.069749418157));
#2675 = CARTESIAN_POINT('',(1.316586262507,-1.454765752326));
#2676 = CARTESIAN_POINT('',(1.40192701039,-1.836886245022));
#2677 = CARTESIAN_POINT('',(1.503332189161,-2.214899518293));
#2678 = CARTESIAN_POINT('',(1.622981299236,-2.586980774387));
#2679 = CARTESIAN_POINT('',(1.843964503512,-3.159486795613));
#2680 = CARTESIAN_POINT('',(1.931377181896,-3.365482131987));
#2681 = CARTESIAN_POINT('',(2.026064537187,-3.568187496372));
#2682 = CARTESIAN_POINT('',(2.128478164679,-3.766974346862));
#2683 = CARTESIAN_POINT('',(2.239036668808,-3.961089798422));
#2684 = CARTESIAN_POINT('',(2.358048098666,-4.149697749293));
#2685 = ( GEOMETRIC_REPRESENTATION_CONTEXT(2) 
PARAMETRIC_REPRESENTATION_CONTEXT() REPRESENTATION_CONTEXT('2D SPACE',''
  ) );
#2686 = PCURVE('',#2687,#2694);
#2687 = SURFACE_OF_LINEAR_EXTRUSION('',#2688,#2692);
#2688 = B_SPLINE_CURVE_WITH_KNOTS('',2,(#2689,#2690,#2691),
  .UNSPECIFIED.,.F.,.F.,(3,3),(0.,1.),.PIECEWISE_BEZIER_KNOTS.);
#2689 = CARTESIAN_POINT('',(130.65654438087,-4.149697749293,
    -2.358048098666));
#2690 = CARTESIAN_POINT('',(130.65654438087,-1.988137980921,
    -0.994106029564));
#2691 = CARTESIAN_POINT('',(130.65654438087,2.150007095514,
    -0.994106029564));
#2692 = VECTOR('',#2693,1.);
#2693 = DIRECTION('',(-1.,-0.,-1.110223024625E-16));
#2694 = DEFINITIONAL_REPRESENTATION('',(#2695),#2713);
#2695 = B_SPLINE_CURVE_WITH_KNOTS('',6,(#2696,#2697,#2698,#2699,#2700,
    #2701,#2702,#2703,#2704,#2705,#2706,#2707,#2708,#2709,#2710,#2711,
    #2712),.UNSPECIFIED.,.F.,.F.,(7,5,5,7),(0.,0.433997275375,
    0.793575711179,1.),.UNSPECIFIED.);
#2696 = CARTESIAN_POINT('',(1.,-1.75));
#2697 = CARTESIAN_POINT('',(0.942689551569,-1.75));
#2698 = CARTESIAN_POINT('',(0.883532107849,-1.75));
#2699 = CARTESIAN_POINT('',(0.822324900111,-1.75));
#2700 = CARTESIAN_POINT('',(0.758846126673,-1.75));
#2701 = CARTESIAN_POINT('',(0.692848161231,-1.75));
#2702 = CARTESIAN_POINT('',(0.56695744345,-1.75));
#2703 = CARTESIAN_POINT('',(0.507979810033,-1.75));
#2704 = CARTESIAN_POINT('',(0.446866216708,-1.75));
#2705 = CARTESIAN_POINT('',(0.383436019231,-1.75));
#2706 = CARTESIAN_POINT('',(0.317528074016,-1.75));
#2707 = CARTESIAN_POINT('',(0.209659879641,-1.75));
#2708 = CARTESIAN_POINT('',(0.169464182077,-1.75));
#2709 = CARTESIAN_POINT('',(0.128392212806,-1.75));
#2710 = CARTESIAN_POINT('',(8.644084277963E-02,-1.75));
#2711 = CARTESIAN_POINT('',(4.362774363909E-02,-1.75));
#2712 = CARTESIAN_POINT('',(0.,-1.75));
#2713 = ( GEOMETRIC_REPRESENTATION_CONTEXT(2) 
PARAMETRIC_REPRESENTATION_CONTEXT() REPRESENTATION_CONTEXT('2D SPACE',''
  ) );
#2714 = ADVANCED_FACE('',(#2715),#1605,.T.);
#2715 = FACE_BOUND('',#2716,.T.);
#2716 = EDGE_LOOP('',(#2717,#2718,#2741,#2769));
#2717 = ORIENTED_EDGE('',*,*,#1588,.T.);
#2718 = ORIENTED_EDGE('',*,*,#2719,.T.);
#2719 = EDGE_CURVE('',#1591,#2720,#2722,.T.);
#2720 = VERTEX_POINT('',#2721);
#2721 = CARTESIAN_POINT('',(132.65654438087,-5.779512384818,
    6.866029214639));
#2722 = SURFACE_CURVE('',#2723,(#2727,#2734),.PCURVE_S1.);
#2723 = LINE('',#2724,#2725);
#2724 = CARTESIAN_POINT('',(130.65654438087,-5.779512384818,
    6.866029214639));
#2725 = VECTOR('',#2726,1.);
#2726 = DIRECTION('',(1.,0.,1.110223024625E-16));
#2727 = PCURVE('',#1605,#2728);
#2728 = DEFINITIONAL_REPRESENTATION('',(#2729),#2733);
#2729 = LINE('',#2730,#2731);
#2730 = CARTESIAN_POINT('',(0.,0.));
#2731 = VECTOR('',#2732,1.);
#2732 = DIRECTION('',(0.,-1.));
#2733 = ( GEOMETRIC_REPRESENTATION_CONTEXT(2) 
PARAMETRIC_REPRESENTATION_CONTEXT() REPRESENTATION_CONTEXT('2D SPACE',''
  ) );
#2734 = PCURVE('',#1910,#2735);
#2735 = DEFINITIONAL_REPRESENTATION('',(#2736),#2740);
#2736 = LINE('',#2737,#2738);
#2737 = CARTESIAN_POINT('',(2.034342793127,0.));
#2738 = VECTOR('',#2739,1.);
#2739 = DIRECTION('',(0.,-1.));
#2740 = ( GEOMETRIC_REPRESENTATION_CONTEXT(2) 
PARAMETRIC_REPRESENTATION_CONTEXT() REPRESENTATION_CONTEXT('2D SPACE',''
  ) );
#2741 = ORIENTED_EDGE('',*,*,#2742,.T.);
#2742 = EDGE_CURVE('',#2720,#2743,#2745,.T.);
#2743 = VERTEX_POINT('',#2744);
#2744 = CARTESIAN_POINT('',(132.65654438087,5.895100257308,
    6.866029214639));
#2745 = SURFACE_CURVE('',#2746,(#2750,#2757),.PCURVE_S1.);
#2746 = LINE('',#2747,#2748);
#2747 = CARTESIAN_POINT('',(132.65654438087,-5.779512384818,
    6.866029214639));
#2748 = VECTOR('',#2749,1.);
#2749 = DIRECTION('',(0.,1.,0.));
#2750 = PCURVE('',#1605,#2751);
#2751 = DEFINITIONAL_REPRESENTATION('',(#2752),#2756);
#2752 = LINE('',#2753,#2754);
#2753 = CARTESIAN_POINT('',(0.,-2.));
#2754 = VECTOR('',#2755,1.);
#2755 = DIRECTION('',(1.,0.));
#2756 = ( GEOMETRIC_REPRESENTATION_CONTEXT(2) 
PARAMETRIC_REPRESENTATION_CONTEXT() REPRESENTATION_CONTEXT('2D SPACE',''
  ) );
#2757 = PCURVE('',#2758,#2763);
#2758 = PLANE('',#2759);
#2759 = AXIS2_PLACEMENT_3D('',#2760,#2761,#2762);
#2760 = CARTESIAN_POINT('',(132.65654438087,-5.779512384818,
    12.853617877946));
#2761 = DIRECTION('',(1.,0.,1.110223024625E-16));
#2762 = DIRECTION('',(1.110223024625E-16,0.,-1.));
#2763 = DEFINITIONAL_REPRESENTATION('',(#2764),#2768);
#2764 = LINE('',#2765,#2766);
#2765 = CARTESIAN_POINT('',(5.987588663307,0.));
#2766 = VECTOR('',#2767,1.);
#2767 = DIRECTION('',(0.,1.));
#2768 = ( GEOMETRIC_REPRESENTATION_CONTEXT(2) 
PARAMETRIC_REPRESENTATION_CONTEXT() REPRESENTATION_CONTEXT('2D SPACE',''
  ) );
#2769 = ORIENTED_EDGE('',*,*,#2770,.F.);
#2770 = EDGE_CURVE('',#1589,#2743,#2771,.T.);
#2771 = SURFACE_CURVE('',#2772,(#2776,#2783),.PCURVE_S1.);
#2772 = LINE('',#2773,#2774);
#2773 = CARTESIAN_POINT('',(130.65654438087,5.895100257308,
    6.866029214639));
#2774 = VECTOR('',#2775,1.);
#2775 = DIRECTION('',(1.,0.,1.110223024625E-16));
#2776 = PCURVE('',#1605,#2777);
#2777 = DEFINITIONAL_REPRESENTATION('',(#2778),#2782);
#2778 = LINE('',#2779,#2780);
#2779 = CARTESIAN_POINT('',(11.674612642126,0.));
#2780 = VECTOR('',#2781,1.);
#2781 = DIRECTION('',(0.,-1.));
#2782 = ( GEOMETRIC_REPRESENTATION_CONTEXT(2) 
PARAMETRIC_REPRESENTATION_CONTEXT() REPRESENTATION_CONTEXT('2D SPACE',''
  ) );
#2783 = PCURVE('',#1631,#2784);
#2784 = DEFINITIONAL_REPRESENTATION('',(#2785),#2789);
#2785 = LINE('',#2786,#2787);
#2786 = CARTESIAN_POINT('',(0.,-0.));
#2787 = VECTOR('',#2788,1.);
#2788 = DIRECTION('',(0.,-1.));
#2789 = ( GEOMETRIC_REPRESENTATION_CONTEXT(2) 
PARAMETRIC_REPRESENTATION_CONTEXT() REPRESENTATION_CONTEXT('2D SPACE',''
  ) );
#2790 = ADVANCED_FACE('',(#2791),#1910,.T.);
#2791 = FACE_BOUND('',#2792,.T.);
#2792 = EDGE_LOOP('',(#2793,#2794,#2817,#2838));
#2793 = ORIENTED_EDGE('',*,*,#1897,.T.);
#2794 = ORIENTED_EDGE('',*,*,#2795,.T.);
#2795 = EDGE_CURVE('',#1872,#2796,#2798,.T.);
#2796 = VERTEX_POINT('',#2797);
#2797 = CARTESIAN_POINT('',(132.65654438087,-5.779512384818,
    4.831686421512));
#2798 = SURFACE_CURVE('',#2799,(#2803,#2810),.PCURVE_S1.);
#2799 = LINE('',#2800,#2801);
#2800 = CARTESIAN_POINT('',(130.65654438087,-5.779512384818,
    4.831686421512));
#2801 = VECTOR('',#2802,1.);
#2802 = DIRECTION('',(1.,0.,1.110223024625E-16));
#2803 = PCURVE('',#1910,#2804);
#2804 = DEFINITIONAL_REPRESENTATION('',(#2805),#2809);
#2805 = LINE('',#2806,#2807);
#2806 = CARTESIAN_POINT('',(0.,-0.));
#2807 = VECTOR('',#2808,1.);
#2808 = DIRECTION('',(0.,-1.));
#2809 = ( GEOMETRIC_REPRESENTATION_CONTEXT(2) 
PARAMETRIC_REPRESENTATION_CONTEXT() REPRESENTATION_CONTEXT('2D SPACE',''
  ) );
#2810 = PCURVE('',#1886,#2811);
#2811 = DEFINITIONAL_REPRESENTATION('',(#2812),#2816);
#2812 = LINE('',#2813,#2814);
#2813 = CARTESIAN_POINT('',(16.390708839459,0.));
#2814 = VECTOR('',#2815,1.);
#2815 = DIRECTION('',(0.,-1.));
#2816 = ( GEOMETRIC_REPRESENTATION_CONTEXT(2) 
PARAMETRIC_REPRESENTATION_CONTEXT() REPRESENTATION_CONTEXT('2D SPACE',''
  ) );
#2817 = ORIENTED_EDGE('',*,*,#2818,.T.);
#2818 = EDGE_CURVE('',#2796,#2720,#2819,.T.);
#2819 = SURFACE_CURVE('',#2820,(#2824,#2831),.PCURVE_S1.);
#2820 = LINE('',#2821,#2822);
#2821 = CARTESIAN_POINT('',(132.65654438087,-5.779512384818,
    4.831686421512));
#2822 = VECTOR('',#2823,1.);
#2823 = DIRECTION('',(-1.110223024625E-16,0.,1.));
#2824 = PCURVE('',#1910,#2825);
#2825 = DEFINITIONAL_REPRESENTATION('',(#2826),#2830);
#2826 = LINE('',#2827,#2828);
#2827 = CARTESIAN_POINT('',(0.,-2.));
#2828 = VECTOR('',#2829,1.);
#2829 = DIRECTION('',(1.,0.));
#2830 = ( GEOMETRIC_REPRESENTATION_CONTEXT(2) 
PARAMETRIC_REPRESENTATION_CONTEXT() REPRESENTATION_CONTEXT('2D SPACE',''
  ) );
#2831 = PCURVE('',#2758,#2832);
#2832 = DEFINITIONAL_REPRESENTATION('',(#2833),#2837);
#2833 = LINE('',#2834,#2835);
#2834 = CARTESIAN_POINT('',(8.021931456434,0.));
#2835 = VECTOR('',#2836,1.);
#2836 = DIRECTION('',(-1.,0.));
#2837 = ( GEOMETRIC_REPRESENTATION_CONTEXT(2) 
PARAMETRIC_REPRESENTATION_CONTEXT() REPRESENTATION_CONTEXT('2D SPACE',''
  ) );
#2838 = ORIENTED_EDGE('',*,*,#2719,.F.);
#2839 = ADVANCED_FACE('',(#2840),#1886,.T.);
#2840 = FACE_BOUND('',#2841,.T.);
#2841 = EDGE_LOOP('',(#2842,#2843,#2866,#2887));
#2842 = ORIENTED_EDGE('',*,*,#1871,.T.);
#2843 = ORIENTED_EDGE('',*,*,#2844,.T.);
#2844 = EDGE_CURVE('',#1846,#2845,#2847,.T.);
#2845 = VERTEX_POINT('',#2846);
#2846 = CARTESIAN_POINT('',(132.65654438087,10.611196454641,
    4.831686421512));
#2847 = SURFACE_CURVE('',#2848,(#2852,#2859),.PCURVE_S1.);
#2848 = LINE('',#2849,#2850);
#2849 = CARTESIAN_POINT('',(130.65654438087,10.611196454641,
    4.831686421512));
#2850 = VECTOR('',#2851,1.);
#2851 = DIRECTION('',(1.,0.,1.110223024625E-16));
#2852 = PCURVE('',#1886,#2853);
#2853 = DEFINITIONAL_REPRESENTATION('',(#2854),#2858);
#2854 = LINE('',#2855,#2856);
#2855 = CARTESIAN_POINT('',(0.,0.));
#2856 = VECTOR('',#2857,1.);
#2857 = DIRECTION('',(0.,-1.));
#2858 = ( GEOMETRIC_REPRESENTATION_CONTEXT(2) 
PARAMETRIC_REPRESENTATION_CONTEXT() REPRESENTATION_CONTEXT('2D SPACE',''
  ) );
#2859 = PCURVE('',#1860,#2860);
#2860 = DEFINITIONAL_REPRESENTATION('',(#2861),#2865);
#2861 = LINE('',#2862,#2863);
#2862 = CARTESIAN_POINT('',(1.34080144805,0.));
#2863 = VECTOR('',#2864,1.);
#2864 = DIRECTION('',(0.,-1.));
#2865 = ( GEOMETRIC_REPRESENTATION_CONTEXT(2) 
PARAMETRIC_REPRESENTATION_CONTEXT() REPRESENTATION_CONTEXT('2D SPACE',''
  ) );
#2866 = ORIENTED_EDGE('',*,*,#2867,.T.);
#2867 = EDGE_CURVE('',#2845,#2796,#2868,.T.);
#2868 = SURFACE_CURVE('',#2869,(#2873,#2880),.PCURVE_S1.);
#2869 = LINE('',#2870,#2871);
#2870 = CARTESIAN_POINT('',(132.65654438087,10.611196454641,
    4.831686421512));
#2871 = VECTOR('',#2872,1.);
#2872 = DIRECTION('',(0.,-1.,-0.));
#2873 = PCURVE('',#1886,#2874);
#2874 = DEFINITIONAL_REPRESENTATION('',(#2875),#2879);
#2875 = LINE('',#2876,#2877);
#2876 = CARTESIAN_POINT('',(0.,-2.));
#2877 = VECTOR('',#2878,1.);
#2878 = DIRECTION('',(1.,0.));
#2879 = ( GEOMETRIC_REPRESENTATION_CONTEXT(2) 
PARAMETRIC_REPRESENTATION_CONTEXT() REPRESENTATION_CONTEXT('2D SPACE',''
  ) );
#2880 = PCURVE('',#2758,#2881);
#2881 = DEFINITIONAL_REPRESENTATION('',(#2882),#2886);
#2882 = LINE('',#2883,#2884);
#2883 = CARTESIAN_POINT('',(8.021931456434,16.390708839459));
#2884 = VECTOR('',#2885,1.);
#2885 = DIRECTION('',(0.,-1.));
#2886 = ( GEOMETRIC_REPRESENTATION_CONTEXT(2) 
PARAMETRIC_REPRESENTATION_CONTEXT() REPRESENTATION_CONTEXT('2D SPACE',''
  ) );
#2887 = ORIENTED_EDGE('',*,*,#2795,.F.);
#2888 = ADVANCED_FACE('',(#2889),#1860,.T.);
#2889 = FACE_BOUND('',#2890,.T.);
#2890 = EDGE_LOOP('',(#2891,#2892,#2915,#2936));
#2891 = ORIENTED_EDGE('',*,*,#1845,.T.);
#2892 = ORIENTED_EDGE('',*,*,#2893,.T.);
#2893 = EDGE_CURVE('',#1759,#2894,#2896,.T.);
#2894 = VERTEX_POINT('',#2895);
#2895 = CARTESIAN_POINT('',(132.65654438087,10.611196454641,
    6.172487869563));
#2896 = SURFACE_CURVE('',#2897,(#2901,#2908),.PCURVE_S1.);
#2897 = LINE('',#2898,#2899);
#2898 = CARTESIAN_POINT('',(130.65654438087,10.611196454641,
    6.172487869563));
#2899 = VECTOR('',#2900,1.);
#2900 = DIRECTION('',(1.,0.,1.110223024625E-16));
#2901 = PCURVE('',#1860,#2902);
#2902 = DEFINITIONAL_REPRESENTATION('',(#2903),#2907);
#2903 = LINE('',#2904,#2905);
#2904 = CARTESIAN_POINT('',(0.,0.));
#2905 = VECTOR('',#2906,1.);
#2906 = DIRECTION('',(0.,-1.));
#2907 = ( GEOMETRIC_REPRESENTATION_CONTEXT(2) 
PARAMETRIC_REPRESENTATION_CONTEXT() REPRESENTATION_CONTEXT('2D SPACE',''
  ) );
#2908 = PCURVE('',#1812,#2909);
#2909 = DEFINITIONAL_REPRESENTATION('',(#2910),#2914);
#2910 = LINE('',#2911,#2912);
#2911 = CARTESIAN_POINT('',(1.,0.));
#2912 = VECTOR('',#2913,1.);
#2913 = DIRECTION('',(0.,-1.));
#2914 = ( GEOMETRIC_REPRESENTATION_CONTEXT(2) 
PARAMETRIC_REPRESENTATION_CONTEXT() REPRESENTATION_CONTEXT('2D SPACE',''
  ) );
#2915 = ORIENTED_EDGE('',*,*,#2916,.T.);
#2916 = EDGE_CURVE('',#2894,#2845,#2917,.T.);
#2917 = SURFACE_CURVE('',#2918,(#2922,#2929),.PCURVE_S1.);
#2918 = LINE('',#2919,#2920);
#2919 = CARTESIAN_POINT('',(132.65654438087,10.611196454641,
    6.172487869563));
#2920 = VECTOR('',#2921,1.);
#2921 = DIRECTION('',(1.110223024625E-16,0.,-1.));
#2922 = PCURVE('',#1860,#2923);
#2923 = DEFINITIONAL_REPRESENTATION('',(#2924),#2928);
#2924 = LINE('',#2925,#2926);
#2925 = CARTESIAN_POINT('',(0.,-2.));
#2926 = VECTOR('',#2927,1.);
#2927 = DIRECTION('',(1.,0.));
#2928 = ( GEOMETRIC_REPRESENTATION_CONTEXT(2) 
PARAMETRIC_REPRESENTATION_CONTEXT() REPRESENTATION_CONTEXT('2D SPACE',''
  ) );
#2929 = PCURVE('',#2758,#2930);
#2930 = DEFINITIONAL_REPRESENTATION('',(#2931),#2935);
#2931 = LINE('',#2932,#2933);
#2932 = CARTESIAN_POINT('',(6.681130008384,16.390708839459));
#2933 = VECTOR('',#2934,1.);
#2934 = DIRECTION('',(1.,0.));
#2935 = ( GEOMETRIC_REPRESENTATION_CONTEXT(2) 
PARAMETRIC_REPRESENTATION_CONTEXT() REPRESENTATION_CONTEXT('2D SPACE',''
  ) );
#2936 = ORIENTED_EDGE('',*,*,#2844,.F.);
#2937 = ADVANCED_FACE('',(#2938),#1812,.T.);
#2938 = FACE_BOUND('',#2939,.T.);
#2939 = EDGE_LOOP('',(#2940,#2941,#2964,#2985));
#2940 = ORIENTED_EDGE('',*,*,#1758,.T.);
#2941 = ORIENTED_EDGE('',*,*,#2942,.T.);
#2942 = EDGE_CURVE('',#1669,#2943,#2945,.T.);
#2943 = VERTEX_POINT('',#2944);
#2944 = CARTESIAN_POINT('',(132.65654438087,8.183764119846,
    7.420877341511));
#2945 = SURFACE_CURVE('',#2946,(#2950,#2957),.PCURVE_S1.);
#2946 = LINE('',#2947,#2948);
#2947 = CARTESIAN_POINT('',(130.65654438087,8.183764119846,
    7.420877341511));
#2948 = VECTOR('',#2949,1.);
#2949 = DIRECTION('',(1.,0.,1.110223024625E-16));
#2950 = PCURVE('',#1812,#2951);
#2951 = DEFINITIONAL_REPRESENTATION('',(#2952),#2956);
#2952 = LINE('',#2953,#2954);
#2953 = CARTESIAN_POINT('',(0.,0.));
#2954 = VECTOR('',#2955,1.);
#2955 = DIRECTION('',(0.,-1.));
#2956 = ( GEOMETRIC_REPRESENTATION_CONTEXT(2) 
PARAMETRIC_REPRESENTATION_CONTEXT() REPRESENTATION_CONTEXT('2D SPACE',''
  ) );
#2957 = PCURVE('',#1724,#2958);
#2958 = DEFINITIONAL_REPRESENTATION('',(#2959),#2963);
#2959 = LINE('',#2960,#2961);
#2960 = CARTESIAN_POINT('',(1.,0.));
#2961 = VECTOR('',#2962,1.);
#2962 = DIRECTION('',(0.,-1.));
#2963 = ( GEOMETRIC_REPRESENTATION_CONTEXT(2) 
PARAMETRIC_REPRESENTATION_CONTEXT() REPRESENTATION_CONTEXT('2D SPACE',''
  ) );
#2964 = ORIENTED_EDGE('',*,*,#2965,.T.);
#2965 = EDGE_CURVE('',#2943,#2894,#2966,.T.);
#2966 = SURFACE_CURVE('',#2967,(#2971,#2978),.PCURVE_S1.);
#2967 = B_SPLINE_CURVE_WITH_KNOTS('',2,(#2968,#2969,#2970),
  .UNSPECIFIED.,.F.,.F.,(3,3),(0.,1.),.PIECEWISE_BEZIER_KNOTS.);
#2968 = CARTESIAN_POINT('',(132.65654438087,8.183764119846,
    7.420877341511));
#2969 = CARTESIAN_POINT('',(132.65654438087,8.715471625666,
    6.704233002409));
#2970 = CARTESIAN_POINT('',(132.65654438087,10.611196454641,
    6.172487869563));
#2971 = PCURVE('',#1812,#2972);
#2972 = DEFINITIONAL_REPRESENTATION('',(#2973),#2977);
#2973 = LINE('',#2974,#2975);
#2974 = CARTESIAN_POINT('',(0.,-2.));
#2975 = VECTOR('',#2976,1.);
#2976 = DIRECTION('',(1.,0.));
#2977 = ( GEOMETRIC_REPRESENTATION_CONTEXT(2) 
PARAMETRIC_REPRESENTATION_CONTEXT() REPRESENTATION_CONTEXT('2D SPACE',''
  ) );
#2978 = PCURVE('',#2758,#2979);
#2979 = DEFINITIONAL_REPRESENTATION('',(#2980),#2984);
#2980 = B_SPLINE_CURVE_WITH_KNOTS('',2,(#2981,#2982,#2983),
  .UNSPECIFIED.,.F.,.F.,(3,3),(0.,1.),.PIECEWISE_BEZIER_KNOTS.);
#2981 = CARTESIAN_POINT('',(5.432740536435,13.963276504664));
#2982 = CARTESIAN_POINT('',(6.149384875537,14.494984010484));
#2983 = CARTESIAN_POINT('',(6.681130008384,16.390708839459));
#2984 = ( GEOMETRIC_REPRESENTATION_CONTEXT(2) 
PARAMETRIC_REPRESENTATION_CONTEXT() REPRESENTATION_CONTEXT('2D SPACE',''
  ) );
#2985 = ORIENTED_EDGE('',*,*,#2893,.F.);
#2986 = ADVANCED_FACE('',(#2987),#1724,.T.);
#2987 = FACE_BOUND('',#2988,.T.);
#2988 = EDGE_LOOP('',(#2989,#2990,#3013,#3034));
#2989 = ORIENTED_EDGE('',*,*,#1668,.T.);
#2990 = ORIENTED_EDGE('',*,*,#2991,.T.);
#2991 = EDGE_CURVE('',#1643,#2992,#2994,.T.);
#2992 = VERTEX_POINT('',#2993);
#2993 = CARTESIAN_POINT('',(132.65654438087,7.35156718359,
    10.495607406306));
#2994 = SURFACE_CURVE('',#2995,(#2999,#3006),.PCURVE_S1.);
#2995 = LINE('',#2996,#2997);
#2996 = CARTESIAN_POINT('',(130.65654438087,7.35156718359,
    10.495607406306));
#2997 = VECTOR('',#2998,1.);
#2998 = DIRECTION('',(1.,0.,1.110223024625E-16));
#2999 = PCURVE('',#1724,#3000);
#3000 = DEFINITIONAL_REPRESENTATION('',(#3001),#3005);
#3001 = LINE('',#3002,#3003);
#3002 = CARTESIAN_POINT('',(0.,0.));
#3003 = VECTOR('',#3004,1.);
#3004 = DIRECTION('',(0.,-1.));
#3005 = ( GEOMETRIC_REPRESENTATION_CONTEXT(2) 
PARAMETRIC_REPRESENTATION_CONTEXT() REPRESENTATION_CONTEXT('2D SPACE',''
  ) );
#3006 = PCURVE('',#1657,#3007);
#3007 = DEFINITIONAL_REPRESENTATION('',(#3008),#3012);
#3008 = LINE('',#3009,#3010);
#3009 = CARTESIAN_POINT('',(1.456466926282,0.));
#3010 = VECTOR('',#3011,1.);
#3011 = DIRECTION('',(0.,-1.));
#3012 = ( GEOMETRIC_REPRESENTATION_CONTEXT(2) 
PARAMETRIC_REPRESENTATION_CONTEXT() REPRESENTATION_CONTEXT('2D SPACE',''
  ) );
#3013 = ORIENTED_EDGE('',*,*,#3014,.T.);
#3014 = EDGE_CURVE('',#2992,#2943,#3015,.T.);
#3015 = SURFACE_CURVE('',#3016,(#3020,#3027),.PCURVE_S1.);
#3016 = B_SPLINE_CURVE_WITH_KNOTS('',2,(#3017,#3018,#3019),
  .UNSPECIFIED.,.F.,.F.,(3,3),(0.,1.),.PIECEWISE_BEZIER_KNOTS.);
#3017 = CARTESIAN_POINT('',(132.65654438087,7.35156718359,
    10.495607406306));
#3018 = CARTESIAN_POINT('',(132.65654438087,7.652056614026,
    8.137521680613));
#3019 = CARTESIAN_POINT('',(132.65654438087,8.183764119846,
    7.420877341511));
#3020 = PCURVE('',#1724,#3021);
#3021 = DEFINITIONAL_REPRESENTATION('',(#3022),#3026);
#3022 = LINE('',#3023,#3024);
#3023 = CARTESIAN_POINT('',(0.,-2.));
#3024 = VECTOR('',#3025,1.);
#3025 = DIRECTION('',(1.,0.));
#3026 = ( GEOMETRIC_REPRESENTATION_CONTEXT(2) 
PARAMETRIC_REPRESENTATION_CONTEXT() REPRESENTATION_CONTEXT('2D SPACE',''
  ) );
#3027 = PCURVE('',#2758,#3028);
#3028 = DEFINITIONAL_REPRESENTATION('',(#3029),#3033);
#3029 = B_SPLINE_CURVE_WITH_KNOTS('',2,(#3030,#3031,#3032),
  .UNSPECIFIED.,.F.,.F.,(3,3),(0.,1.),.PIECEWISE_BEZIER_KNOTS.);
#3030 = CARTESIAN_POINT('',(2.35801047164,13.131079568408));
#3031 = CARTESIAN_POINT('',(4.716096197333,13.431568998843));
#3032 = CARTESIAN_POINT('',(5.432740536435,13.963276504664));
#3033 = ( GEOMETRIC_REPRESENTATION_CONTEXT(2) 
PARAMETRIC_REPRESENTATION_CONTEXT() REPRESENTATION_CONTEXT('2D SPACE',''
  ) );
#3034 = ORIENTED_EDGE('',*,*,#2942,.F.);
#3035 = ADVANCED_FACE('',(#3036),#1657,.T.);
#3036 = FACE_BOUND('',#3037,.T.);
#3037 = EDGE_LOOP('',(#3038,#3039,#3062,#3083));
#3038 = ORIENTED_EDGE('',*,*,#1642,.T.);
#3039 = ORIENTED_EDGE('',*,*,#3040,.T.);
#3040 = EDGE_CURVE('',#1617,#3041,#3043,.T.);
#3041 = VERTEX_POINT('',#3042);
#3042 = CARTESIAN_POINT('',(132.65654438087,5.895100257308,
    10.495607406306));
#3043 = SURFACE_CURVE('',#3044,(#3048,#3055),.PCURVE_S1.);
#3044 = LINE('',#3045,#3046);
#3045 = CARTESIAN_POINT('',(130.65654438087,5.895100257308,
    10.495607406306));
#3046 = VECTOR('',#3047,1.);
#3047 = DIRECTION('',(1.,0.,1.110223024625E-16));
#3048 = PCURVE('',#1657,#3049);
#3049 = DEFINITIONAL_REPRESENTATION('',(#3050),#3054);
#3050 = LINE('',#3051,#3052);
#3051 = CARTESIAN_POINT('',(0.,0.));
#3052 = VECTOR('',#3053,1.);
#3053 = DIRECTION('',(0.,-1.));
#3054 = ( GEOMETRIC_REPRESENTATION_CONTEXT(2) 
PARAMETRIC_REPRESENTATION_CONTEXT() REPRESENTATION_CONTEXT('2D SPACE',''
  ) );
#3055 = PCURVE('',#1631,#3056);
#3056 = DEFINITIONAL_REPRESENTATION('',(#3057),#3061);
#3057 = LINE('',#3058,#3059);
#3058 = CARTESIAN_POINT('',(3.629578191667,0.));
#3059 = VECTOR('',#3060,1.);
#3060 = DIRECTION('',(0.,-1.));
#3061 = ( GEOMETRIC_REPRESENTATION_CONTEXT(2) 
PARAMETRIC_REPRESENTATION_CONTEXT() REPRESENTATION_CONTEXT('2D SPACE',''
  ) );
#3062 = ORIENTED_EDGE('',*,*,#3063,.T.);
#3063 = EDGE_CURVE('',#3041,#2992,#3064,.T.);
#3064 = SURFACE_CURVE('',#3065,(#3069,#3076),.PCURVE_S1.);
#3065 = LINE('',#3066,#3067);
#3066 = CARTESIAN_POINT('',(132.65654438087,5.895100257308,
    10.495607406306));
#3067 = VECTOR('',#3068,1.);
#3068 = DIRECTION('',(0.,1.,0.));
#3069 = PCURVE('',#1657,#3070);
#3070 = DEFINITIONAL_REPRESENTATION('',(#3071),#3075);
#3071 = LINE('',#3072,#3073);
#3072 = CARTESIAN_POINT('',(0.,-2.));
#3073 = VECTOR('',#3074,1.);
#3074 = DIRECTION('',(1.,0.));
#3075 = ( GEOMETRIC_REPRESENTATION_CONTEXT(2) 
PARAMETRIC_REPRESENTATION_CONTEXT() REPRESENTATION_CONTEXT('2D SPACE',''
  ) );
#3076 = PCURVE('',#2758,#3077);
#3077 = DEFINITIONAL_REPRESENTATION('',(#3078),#3082);
#3078 = LINE('',#3079,#3080);
#3079 = CARTESIAN_POINT('',(2.35801047164,11.674612642126));
#3080 = VECTOR('',#3081,1.);
#3081 = DIRECTION('',(0.,1.));
#3082 = ( GEOMETRIC_REPRESENTATION_CONTEXT(2) 
PARAMETRIC_REPRESENTATION_CONTEXT() REPRESENTATION_CONTEXT('2D SPACE',''
  ) );
#3083 = ORIENTED_EDGE('',*,*,#2991,.F.);
#3084 = ADVANCED_FACE('',(#3085),#1631,.T.);
#3085 = FACE_BOUND('',#3086,.T.);
#3086 = EDGE_LOOP('',(#3087,#3088,#3089,#3110));
#3087 = ORIENTED_EDGE('',*,*,#1616,.T.);
#3088 = ORIENTED_EDGE('',*,*,#2770,.T.);
#3089 = ORIENTED_EDGE('',*,*,#3090,.T.);
#3090 = EDGE_CURVE('',#2743,#3041,#3091,.T.);
#3091 = SURFACE_CURVE('',#3092,(#3096,#3103),.PCURVE_S1.);
#3092 = LINE('',#3093,#3094);
#3093 = CARTESIAN_POINT('',(132.65654438087,5.895100257308,
    6.866029214639));
#3094 = VECTOR('',#3095,1.);
#3095 = DIRECTION('',(-1.110223024625E-16,0.,1.));
#3096 = PCURVE('',#1631,#3097);
#3097 = DEFINITIONAL_REPRESENTATION('',(#3098),#3102);
#3098 = LINE('',#3099,#3100);
#3099 = CARTESIAN_POINT('',(0.,-2.));
#3100 = VECTOR('',#3101,1.);
#3101 = DIRECTION('',(1.,0.));
#3102 = ( GEOMETRIC_REPRESENTATION_CONTEXT(2) 
PARAMETRIC_REPRESENTATION_CONTEXT() REPRESENTATION_CONTEXT('2D SPACE',''
  ) );
#3103 = PCURVE('',#2758,#3104);
#3104 = DEFINITIONAL_REPRESENTATION('',(#3105),#3109);
#3105 = LINE('',#3106,#3107);
#3106 = CARTESIAN_POINT('',(5.987588663307,11.674612642126));
#3107 = VECTOR('',#3108,1.);
#3108 = DIRECTION('',(-1.,0.));
#3109 = ( GEOMETRIC_REPRESENTATION_CONTEXT(2) 
PARAMETRIC_REPRESENTATION_CONTEXT() REPRESENTATION_CONTEXT('2D SPACE',''
  ) );
#3110 = ORIENTED_EDGE('',*,*,#3040,.F.);
#3111 = ADVANCED_FACE('',(#3112),#1955,.T.);
#3112 = FACE_BOUND('',#3113,.T.);
#3113 = EDGE_LOOP('',(#3114,#3115,#3138,#3166));
#3114 = ORIENTED_EDGE('',*,*,#1923,.T.);
#3115 = ORIENTED_EDGE('',*,*,#3116,.T.);
#3116 = EDGE_CURVE('',#1926,#3117,#3119,.T.);
#3117 = VERTEX_POINT('',#3118);
#3118 = CARTESIAN_POINT('',(132.65654438087,2.150007095514,
    -0.994106029564));
#3119 = SURFACE_CURVE('',#3120,(#3124,#3131),.PCURVE_S1.);
#3120 = LINE('',#3121,#3122);
#3121 = CARTESIAN_POINT('',(130.65654438087,2.150007095514,
    -0.994106029564));
#3122 = VECTOR('',#3123,1.);
#3123 = DIRECTION('',(1.,0.,1.110223024625E-16));
#3124 = PCURVE('',#1955,#3125);
#3125 = DEFINITIONAL_REPRESENTATION('',(#3126),#3130);
#3126 = LINE('',#3127,#3128);
#3127 = CARTESIAN_POINT('',(0.,0.));
#3128 = VECTOR('',#3129,1.);
#3129 = DIRECTION('',(0.,-1.));
#3130 = ( GEOMETRIC_REPRESENTATION_CONTEXT(2) 
PARAMETRIC_REPRESENTATION_CONTEXT() REPRESENTATION_CONTEXT('2D SPACE',''
  ) );
#3131 = PCURVE('',#2687,#3132);
#3132 = DEFINITIONAL_REPRESENTATION('',(#3133),#3137);
#3133 = LINE('',#3134,#3135);
#3134 = CARTESIAN_POINT('',(1.,0.));
#3135 = VECTOR('',#3136,1.);
#3136 = DIRECTION('',(0.,-1.));
#3137 = ( GEOMETRIC_REPRESENTATION_CONTEXT(2) 
PARAMETRIC_REPRESENTATION_CONTEXT() REPRESENTATION_CONTEXT('2D SPACE',''
  ) );
#3138 = ORIENTED_EDGE('',*,*,#3139,.T.);
#3139 = EDGE_CURVE('',#3117,#3140,#3142,.T.);
#3140 = VERTEX_POINT('',#3141);
#3141 = CARTESIAN_POINT('',(132.65654438087,5.779510033129,
    -1.340876702103));
#3142 = SURFACE_CURVE('',#3143,(#3147,#3154),.PCURVE_S1.);
#3143 = B_SPLINE_CURVE_WITH_KNOTS('',2,(#3144,#3145,#3146),
  .UNSPECIFIED.,.F.,.F.,(3,3),(0.,1.),.PIECEWISE_BEZIER_KNOTS.);
#3144 = CARTESIAN_POINT('',(132.65654438087,2.150007095514,
    -0.994106029564));
#3145 = CARTESIAN_POINT('',(132.65654438087,4.207452882667,
    -0.994106029564));
#3146 = CARTESIAN_POINT('',(132.65654438087,5.779510033129,
    -1.340876702103));
#3147 = PCURVE('',#1955,#3148);
#3148 = DEFINITIONAL_REPRESENTATION('',(#3149),#3153);
#3149 = LINE('',#3150,#3151);
#3150 = CARTESIAN_POINT('',(0.,-2.));
#3151 = VECTOR('',#3152,1.);
#3152 = DIRECTION('',(1.,0.));
#3153 = ( GEOMETRIC_REPRESENTATION_CONTEXT(2) 
PARAMETRIC_REPRESENTATION_CONTEXT() REPRESENTATION_CONTEXT('2D SPACE',''
  ) );
#3154 = PCURVE('',#3155,#3160);
#3155 = PLANE('',#3156);
#3156 = AXIS2_PLACEMENT_3D('',#3157,#3158,#3159);
#3157 = CARTESIAN_POINT('',(132.65654438087,-5.779512384818,
    2.22044604925E-16));
#3158 = DIRECTION('',(1.,0.,1.110223024625E-16));
#3159 = DIRECTION('',(1.110223024625E-16,0.,-1.));
#3160 = DEFINITIONAL_REPRESENTATION('',(#3161),#3165);
#3161 = B_SPLINE_CURVE_WITH_KNOTS('',2,(#3162,#3163,#3164),
  .UNSPECIFIED.,.F.,.F.,(3,3),(0.,1.),.PIECEWISE_BEZIER_KNOTS.);
#3162 = CARTESIAN_POINT('',(0.994106029564,7.929519480332));
#3163 = CARTESIAN_POINT('',(0.994106029564,9.986965267485));
#3164 = CARTESIAN_POINT('',(1.340876702103,11.559022417947));
#3165 = ( GEOMETRIC_REPRESENTATION_CONTEXT(2) 
PARAMETRIC_REPRESENTATION_CONTEXT() REPRESENTATION_CONTEXT('2D SPACE',''
  ) );
#3166 = ORIENTED_EDGE('',*,*,#3167,.F.);
#3167 = EDGE_CURVE('',#1924,#3140,#3168,.T.);
#3168 = SURFACE_CURVE('',#3169,(#3173,#3180),.PCURVE_S1.);
#3169 = LINE('',#3170,#3171);
#3170 = CARTESIAN_POINT('',(130.65654438087,5.779510033129,
    -1.340876702103));
#3171 = VECTOR('',#3172,1.);
#3172 = DIRECTION('',(1.,0.,1.110223024625E-16));
#3173 = PCURVE('',#1955,#3174);
#3174 = DEFINITIONAL_REPRESENTATION('',(#3175),#3179);
#3175 = LINE('',#3176,#3177);
#3176 = CARTESIAN_POINT('',(1.,0.));
#3177 = VECTOR('',#3178,1.);
#3178 = DIRECTION('',(0.,-1.));
#3179 = ( GEOMETRIC_REPRESENTATION_CONTEXT(2) 
PARAMETRIC_REPRESENTATION_CONTEXT() REPRESENTATION_CONTEXT('2D SPACE',''
  ) );
#3180 = PCURVE('',#2010,#3181);
#3181 = DEFINITIONAL_REPRESENTATION('',(#3182),#3186);
#3182 = LINE('',#3183,#3184);
#3183 = CARTESIAN_POINT('',(0.,0.));
#3184 = VECTOR('',#3185,1.);
#3185 = DIRECTION('',(0.,-1.));
#3186 = ( GEOMETRIC_REPRESENTATION_CONTEXT(2) 
PARAMETRIC_REPRESENTATION_CONTEXT() REPRESENTATION_CONTEXT('2D SPACE',''
  ) );
#3187 = ADVANCED_FACE('',(#3188),#2687,.T.);
#3188 = FACE_BOUND('',#3189,.T.);
#3189 = EDGE_LOOP('',(#3190,#3191,#3214,#3235));
#3190 = ORIENTED_EDGE('',*,*,#2645,.T.);
#3191 = ORIENTED_EDGE('',*,*,#3192,.T.);
#3192 = EDGE_CURVE('',#2544,#3193,#3195,.T.);
#3193 = VERTEX_POINT('',#3194);
#3194 = CARTESIAN_POINT('',(132.65654438087,-4.149697749293,
    -2.358048098666));
#3195 = SURFACE_CURVE('',#3196,(#3200,#3207),.PCURVE_S1.);
#3196 = LINE('',#3197,#3198);
#3197 = CARTESIAN_POINT('',(130.65654438087,-4.149697749293,
    -2.358048098666));
#3198 = VECTOR('',#3199,1.);
#3199 = DIRECTION('',(1.,0.,1.110223024625E-16));
#3200 = PCURVE('',#2687,#3201);
#3201 = DEFINITIONAL_REPRESENTATION('',(#3202),#3206);
#3202 = LINE('',#3203,#3204);
#3203 = CARTESIAN_POINT('',(0.,0.));
#3204 = VECTOR('',#3205,1.);
#3205 = DIRECTION('',(0.,-1.));
#3206 = ( GEOMETRIC_REPRESENTATION_CONTEXT(2) 
PARAMETRIC_REPRESENTATION_CONTEXT() REPRESENTATION_CONTEXT('2D SPACE',''
  ) );
#3207 = PCURVE('',#2607,#3208);
#3208 = DEFINITIONAL_REPRESENTATION('',(#3209),#3213);
#3209 = LINE('',#3210,#3211);
#3210 = CARTESIAN_POINT('',(1.,0.));
#3211 = VECTOR('',#3212,1.);
#3212 = DIRECTION('',(0.,-1.));
#3213 = ( GEOMETRIC_REPRESENTATION_CONTEXT(2) 
PARAMETRIC_REPRESENTATION_CONTEXT() REPRESENTATION_CONTEXT('2D SPACE',''
  ) );
#3214 = ORIENTED_EDGE('',*,*,#3215,.T.);
#3215 = EDGE_CURVE('',#3193,#3117,#3216,.T.);
#3216 = SURFACE_CURVE('',#3217,(#3221,#3228),.PCURVE_S1.);
#3217 = B_SPLINE_CURVE_WITH_KNOTS('',2,(#3218,#3219,#3220),
  .UNSPECIFIED.,.F.,.F.,(3,3),(0.,1.),.PIECEWISE_BEZIER_KNOTS.);
#3218 = CARTESIAN_POINT('',(132.65654438087,-4.149697749293,
    -2.358048098666));
#3219 = CARTESIAN_POINT('',(132.65654438087,-1.988137980921,
    -0.994106029564));
#3220 = CARTESIAN_POINT('',(132.65654438087,2.150007095514,
    -0.994106029564));
#3221 = PCURVE('',#2687,#3222);
#3222 = DEFINITIONAL_REPRESENTATION('',(#3223),#3227);
#3223 = LINE('',#3224,#3225);
#3224 = CARTESIAN_POINT('',(0.,-2.));
#3225 = VECTOR('',#3226,1.);
#3226 = DIRECTION('',(1.,0.));
#3227 = ( GEOMETRIC_REPRESENTATION_CONTEXT(2) 
PARAMETRIC_REPRESENTATION_CONTEXT() REPRESENTATION_CONTEXT('2D SPACE',''
  ) );
#3228 = PCURVE('',#3155,#3229);
#3229 = DEFINITIONAL_REPRESENTATION('',(#3230),#3234);
#3230 = B_SPLINE_CURVE_WITH_KNOTS('',2,(#3231,#3232,#3233),
  .UNSPECIFIED.,.F.,.F.,(3,3),(0.,1.),.PIECEWISE_BEZIER_KNOTS.);
#3231 = CARTESIAN_POINT('',(2.358048098666,1.629814635525));
#3232 = CARTESIAN_POINT('',(0.994106029564,3.791374403897));
#3233 = CARTESIAN_POINT('',(0.994106029564,7.929519480332));
#3234 = ( GEOMETRIC_REPRESENTATION_CONTEXT(2) 
PARAMETRIC_REPRESENTATION_CONTEXT() REPRESENTATION_CONTEXT('2D SPACE',''
  ) );
#3235 = ORIENTED_EDGE('',*,*,#3116,.F.);
#3236 = ADVANCED_FACE('',(#3237),#2607,.T.);
#3237 = FACE_BOUND('',#3238,.T.);
#3238 = EDGE_LOOP('',(#3239,#3240,#3263,#3284));
#3239 = ORIENTED_EDGE('',*,*,#2543,.T.);
#3240 = ORIENTED_EDGE('',*,*,#3241,.T.);
#3241 = EDGE_CURVE('',#2442,#3242,#3244,.T.);
#3242 = VERTEX_POINT('',#3243);
#3243 = CARTESIAN_POINT('',(132.65654438087,-6.311257517664,
    -6.357462329871));
#3244 = SURFACE_CURVE('',#3245,(#3249,#3256),.PCURVE_S1.);
#3245 = LINE('',#3246,#3247);
#3246 = CARTESIAN_POINT('',(130.65654438087,-6.311257517664,
    -6.357462329871));
#3247 = VECTOR('',#3248,1.);
#3248 = DIRECTION('',(1.,0.,1.110223024625E-16));
#3249 = PCURVE('',#2607,#3250);
#3250 = DEFINITIONAL_REPRESENTATION('',(#3251),#3255);
#3251 = LINE('',#3252,#3253);
#3252 = CARTESIAN_POINT('',(0.,0.));
#3253 = VECTOR('',#3254,1.);
#3254 = DIRECTION('',(0.,-1.));
#3255 = ( GEOMETRIC_REPRESENTATION_CONTEXT(2) 
PARAMETRIC_REPRESENTATION_CONTEXT() REPRESENTATION_CONTEXT('2D SPACE',''
  ) );
#3256 = PCURVE('',#2505,#3257);
#3257 = DEFINITIONAL_REPRESENTATION('',(#3258),#3262);
#3258 = LINE('',#3259,#3260);
#3259 = CARTESIAN_POINT('',(1.,0.));
#3260 = VECTOR('',#3261,1.);
#3261 = DIRECTION('',(0.,-1.));
#3262 = ( GEOMETRIC_REPRESENTATION_CONTEXT(2) 
PARAMETRIC_REPRESENTATION_CONTEXT() REPRESENTATION_CONTEXT('2D SPACE',''
  ) );
#3263 = ORIENTED_EDGE('',*,*,#3264,.T.);
#3264 = EDGE_CURVE('',#3242,#3193,#3265,.T.);
#3265 = SURFACE_CURVE('',#3266,(#3270,#3277),.PCURVE_S1.);
#3266 = B_SPLINE_CURVE_WITH_KNOTS('',2,(#3267,#3268,#3269),
  .UNSPECIFIED.,.F.,.F.,(3,3),(0.,1.),.PIECEWISE_BEZIER_KNOTS.);
#3267 = CARTESIAN_POINT('',(132.65654438087,-6.311257517664,
    -6.357462329871));
#3268 = CARTESIAN_POINT('',(132.65654438087,-6.311257517664,
    -3.721990167768));
#3269 = CARTESIAN_POINT('',(132.65654438087,-4.149697749293,
    -2.358048098666));
#3270 = PCURVE('',#2607,#3271);
#3271 = DEFINITIONAL_REPRESENTATION('',(#3272),#3276);
#3272 = LINE('',#3273,#3274);
#3273 = CARTESIAN_POINT('',(0.,-2.));
#3274 = VECTOR('',#3275,1.);
#3275 = DIRECTION('',(1.,0.));
#3276 = ( GEOMETRIC_REPRESENTATION_CONTEXT(2) 
PARAMETRIC_REPRESENTATION_CONTEXT() REPRESENTATION_CONTEXT('2D SPACE',''
  ) );
#3277 = PCURVE('',#3155,#3278);
#3278 = DEFINITIONAL_REPRESENTATION('',(#3279),#3283);
#3279 = B_SPLINE_CURVE_WITH_KNOTS('',2,(#3280,#3281,#3282),
  .UNSPECIFIED.,.F.,.F.,(3,3),(0.,1.),.PIECEWISE_BEZIER_KNOTS.);
#3280 = CARTESIAN_POINT('',(6.357462329871,-0.531745132846));
#3281 = CARTESIAN_POINT('',(3.721990167768,-0.531745132846));
#3282 = CARTESIAN_POINT('',(2.358048098666,1.629814635525));
#3283 = ( GEOMETRIC_REPRESENTATION_CONTEXT(2) 
PARAMETRIC_REPRESENTATION_CONTEXT() REPRESENTATION_CONTEXT('2D SPACE',''
  ) );
#3284 = ORIENTED_EDGE('',*,*,#3192,.F.);
#3285 = ADVANCED_FACE('',(#3286),#2505,.T.);
#3286 = FACE_BOUND('',#3287,.T.);
#3287 = EDGE_LOOP('',(#3288,#3289,#3312,#3333));
#3288 = ORIENTED_EDGE('',*,*,#2441,.T.);
#3289 = ORIENTED_EDGE('',*,*,#3290,.T.);
#3290 = EDGE_CURVE('',#2361,#3291,#3293,.T.);
#3291 = VERTEX_POINT('',#3292);
#3292 = CARTESIAN_POINT('',(132.65654438087,-4.172838370344,
    -10.34532506406));
#3293 = SURFACE_CURVE('',#3294,(#3298,#3305),.PCURVE_S1.);
#3294 = LINE('',#3295,#3296);
#3295 = CARTESIAN_POINT('',(130.65654438087,-4.172838370344,
    -10.34532506406));
#3296 = VECTOR('',#3297,1.);
#3297 = DIRECTION('',(1.,0.,1.110223024625E-16));
#3298 = PCURVE('',#2505,#3299);
#3299 = DEFINITIONAL_REPRESENTATION('',(#3300),#3304);
#3300 = LINE('',#3301,#3302);
#3301 = CARTESIAN_POINT('',(0.,0.));
#3302 = VECTOR('',#3303,1.);
#3303 = DIRECTION('',(0.,-1.));
#3304 = ( GEOMETRIC_REPRESENTATION_CONTEXT(2) 
PARAMETRIC_REPRESENTATION_CONTEXT() REPRESENTATION_CONTEXT('2D SPACE',''
  ) );
#3305 = PCURVE('',#2410,#3306);
#3306 = DEFINITIONAL_REPRESENTATION('',(#3307),#3311);
#3307 = LINE('',#3308,#3309);
#3308 = CARTESIAN_POINT('',(1.,0.));
#3309 = VECTOR('',#3310,1.);
#3310 = DIRECTION('',(0.,-1.));
#3311 = ( GEOMETRIC_REPRESENTATION_CONTEXT(2) 
PARAMETRIC_REPRESENTATION_CONTEXT() REPRESENTATION_CONTEXT('2D SPACE',''
  ) );
#3312 = ORIENTED_EDGE('',*,*,#3313,.T.);
#3313 = EDGE_CURVE('',#3291,#3242,#3314,.T.);
#3314 = SURFACE_CURVE('',#3315,(#3319,#3326),.PCURVE_S1.);
#3315 = B_SPLINE_CURVE_WITH_KNOTS('',2,(#3316,#3317,#3318),
  .UNSPECIFIED.,.F.,.F.,(3,3),(0.,1.),.PIECEWISE_BEZIER_KNOTS.);
#3316 = CARTESIAN_POINT('',(132.65654438087,-4.172838370344,
    -10.34532506406));
#3317 = CARTESIAN_POINT('',(132.65654438087,-6.311257517664,
    -8.969831497947));
#3318 = CARTESIAN_POINT('',(132.65654438087,-6.311257517664,
    -6.357462329871));
#3319 = PCURVE('',#2505,#3320);
#3320 = DEFINITIONAL_REPRESENTATION('',(#3321),#3325);
#3321 = LINE('',#3322,#3323);
#3322 = CARTESIAN_POINT('',(0.,-2.));
#3323 = VECTOR('',#3324,1.);
#3324 = DIRECTION('',(1.,0.));
#3325 = ( GEOMETRIC_REPRESENTATION_CONTEXT(2) 
PARAMETRIC_REPRESENTATION_CONTEXT() REPRESENTATION_CONTEXT('2D SPACE',''
  ) );
#3326 = PCURVE('',#3155,#3327);
#3327 = DEFINITIONAL_REPRESENTATION('',(#3328),#3332);
#3328 = B_SPLINE_CURVE_WITH_KNOTS('',2,(#3329,#3330,#3331),
  .UNSPECIFIED.,.F.,.F.,(3,3),(0.,1.),.PIECEWISE_BEZIER_KNOTS.);
#3329 = CARTESIAN_POINT('',(10.345325064062,1.606674014474));
#3330 = CARTESIAN_POINT('',(8.969831497947,-0.531745132846));
#3331 = CARTESIAN_POINT('',(6.357462329871,-0.531745132846));
#3332 = ( GEOMETRIC_REPRESENTATION_CONTEXT(2) 
PARAMETRIC_REPRESENTATION_CONTEXT() REPRESENTATION_CONTEXT('2D SPACE',''
  ) );
#3333 = ORIENTED_EDGE('',*,*,#3241,.F.);
#3334 = ADVANCED_FACE('',(#3335),#2410,.T.);
#3335 = FACE_BOUND('',#3336,.T.);
#3336 = EDGE_LOOP('',(#3337,#3338,#3361,#3382));
#3337 = ORIENTED_EDGE('',*,*,#2360,.T.);
#3338 = ORIENTED_EDGE('',*,*,#3339,.T.);
#3339 = EDGE_CURVE('',#2187,#3340,#3342,.T.);
#3340 = VERTEX_POINT('',#3341);
#3341 = CARTESIAN_POINT('',(132.65654438087,2.011238623257,
    -11.72081863017));
#3342 = SURFACE_CURVE('',#3343,(#3347,#3354),.PCURVE_S1.);
#3343 = LINE('',#3344,#3345);
#3344 = CARTESIAN_POINT('',(130.65654438087,2.011238623257,
    -11.72081863017));
#3345 = VECTOR('',#3346,1.);
#3346 = DIRECTION('',(1.,0.,1.110223024625E-16));
#3347 = PCURVE('',#2410,#3348);
#3348 = DEFINITIONAL_REPRESENTATION('',(#3349),#3353);
#3349 = LINE('',#3350,#3351);
#3350 = CARTESIAN_POINT('',(0.,0.));
#3351 = VECTOR('',#3352,1.);
#3352 = DIRECTION('',(0.,-1.));
#3353 = ( GEOMETRIC_REPRESENTATION_CONTEXT(2) 
PARAMETRIC_REPRESENTATION_CONTEXT() REPRESENTATION_CONTEXT('2D SPACE',''
  ) );
#3354 = PCURVE('',#2298,#3355);
#3355 = DEFINITIONAL_REPRESENTATION('',(#3356),#3360);
#3356 = LINE('',#3357,#3358);
#3357 = CARTESIAN_POINT('',(1.,0.));
#3358 = VECTOR('',#3359,1.);
#3359 = DIRECTION('',(0.,-1.));
#3360 = ( GEOMETRIC_REPRESENTATION_CONTEXT(2) 
PARAMETRIC_REPRESENTATION_CONTEXT() REPRESENTATION_CONTEXT('2D SPACE',''
  ) );
#3361 = ORIENTED_EDGE('',*,*,#3362,.T.);
#3362 = EDGE_CURVE('',#3340,#3291,#3363,.T.);
#3363 = SURFACE_CURVE('',#3364,(#3368,#3375),.PCURVE_S1.);
#3364 = B_SPLINE_CURVE_WITH_KNOTS('',2,(#3365,#3366,#3367),
  .UNSPECIFIED.,.F.,.F.,(3,3),(0.,1.),.PIECEWISE_BEZIER_KNOTS.);
#3365 = CARTESIAN_POINT('',(132.65654438087,2.011238623257,
    -11.72081863017));
#3366 = CARTESIAN_POINT('',(132.65654438087,-2.034419223024,
    -11.72081863017));
#3367 = CARTESIAN_POINT('',(132.65654438087,-4.172838370344,
    -10.34532506406));
#3368 = PCURVE('',#2410,#3369);
#3369 = DEFINITIONAL_REPRESENTATION('',(#3370),#3374);
#3370 = LINE('',#3371,#3372);
#3371 = CARTESIAN_POINT('',(0.,-2.));
#3372 = VECTOR('',#3373,1.);
#3373 = DIRECTION('',(1.,0.));
#3374 = ( GEOMETRIC_REPRESENTATION_CONTEXT(2) 
PARAMETRIC_REPRESENTATION_CONTEXT() REPRESENTATION_CONTEXT('2D SPACE',''
  ) );
#3375 = PCURVE('',#3155,#3376);
#3376 = DEFINITIONAL_REPRESENTATION('',(#3377),#3381);
#3377 = B_SPLINE_CURVE_WITH_KNOTS('',2,(#3378,#3379,#3380),
  .UNSPECIFIED.,.F.,.F.,(3,3),(0.,1.),.PIECEWISE_BEZIER_KNOTS.);
#3378 = CARTESIAN_POINT('',(11.720818630177,7.790751008075));
#3379 = CARTESIAN_POINT('',(11.720818630177,3.745093161794));
#3380 = CARTESIAN_POINT('',(10.345325064062,1.606674014474));
#3381 = ( GEOMETRIC_REPRESENTATION_CONTEXT(2) 
PARAMETRIC_REPRESENTATION_CONTEXT() REPRESENTATION_CONTEXT('2D SPACE',''
  ) );
#3382 = ORIENTED_EDGE('',*,*,#3290,.F.);
#3383 = ADVANCED_FACE('',(#3384),#2298,.T.);
#3384 = FACE_BOUND('',#3385,.T.);
#3385 = EDGE_LOOP('',(#3386,#3387,#3410,#3431));
#3386 = ORIENTED_EDGE('',*,*,#2186,.T.);
#3387 = ORIENTED_EDGE('',*,*,#3388,.T.);
#3388 = EDGE_CURVE('',#2136,#3389,#3391,.T.);
#3389 = VERTEX_POINT('',#3390);
#3390 = CARTESIAN_POINT('',(132.65654438087,10.611196454641,
    -6.357462329871));
#3391 = SURFACE_CURVE('',#3392,(#3396,#3403),.PCURVE_S1.);
#3392 = LINE('',#3393,#3394);
#3393 = CARTESIAN_POINT('',(130.65654438087,10.611196454641,
    -6.357462329871));
#3394 = VECTOR('',#3395,1.);
#3395 = DIRECTION('',(1.,0.,1.110223024625E-16));
#3396 = PCURVE('',#2298,#3397);
#3397 = DEFINITIONAL_REPRESENTATION('',(#3398),#3402);
#3398 = LINE('',#3399,#3400);
#3399 = CARTESIAN_POINT('',(0.,0.));
#3400 = VECTOR('',#3401,1.);
#3401 = DIRECTION('',(0.,-1.));
#3402 = ( GEOMETRIC_REPRESENTATION_CONTEXT(2) 
PARAMETRIC_REPRESENTATION_CONTEXT() REPRESENTATION_CONTEXT('2D SPACE',''
  ) );
#3403 = PCURVE('',#2165,#3404);
#3404 = DEFINITIONAL_REPRESENTATION('',(#3405),#3409);
#3405 = LINE('',#3406,#3407);
#3406 = CARTESIAN_POINT('',(1.,0.));
#3407 = VECTOR('',#3408,1.);
#3408 = DIRECTION('',(0.,-1.));
#3409 = ( GEOMETRIC_REPRESENTATION_CONTEXT(2) 
PARAMETRIC_REPRESENTATION_CONTEXT() REPRESENTATION_CONTEXT('2D SPACE',''
  ) );
#3410 = ORIENTED_EDGE('',*,*,#3411,.T.);
#3411 = EDGE_CURVE('',#3389,#3340,#3412,.T.);
#3412 = SURFACE_CURVE('',#3413,(#3417,#3424),.PCURVE_S1.);
#3413 = B_SPLINE_CURVE_WITH_KNOTS('',2,(#3414,#3415,#3416),
  .UNSPECIFIED.,.F.,.F.,(3,3),(0.,1.),.PIECEWISE_BEZIER_KNOTS.);
#3414 = CARTESIAN_POINT('',(132.65654438087,10.611196454641,
    -6.357462329871));
#3415 = CARTESIAN_POINT('',(132.65654438087,10.611196454641,
    -11.72081863017));
#3416 = CARTESIAN_POINT('',(132.65654438087,2.011238623257,
    -11.72081863017));
#3417 = PCURVE('',#2298,#3418);
#3418 = DEFINITIONAL_REPRESENTATION('',(#3419),#3423);
#3419 = LINE('',#3420,#3421);
#3420 = CARTESIAN_POINT('',(0.,-2.));
#3421 = VECTOR('',#3422,1.);
#3422 = DIRECTION('',(1.,0.));
#3423 = ( GEOMETRIC_REPRESENTATION_CONTEXT(2) 
PARAMETRIC_REPRESENTATION_CONTEXT() REPRESENTATION_CONTEXT('2D SPACE',''
  ) );
#3424 = PCURVE('',#3155,#3425);
#3425 = DEFINITIONAL_REPRESENTATION('',(#3426),#3430);
#3426 = B_SPLINE_CURVE_WITH_KNOTS('',2,(#3427,#3428,#3429),
  .UNSPECIFIED.,.F.,.F.,(3,3),(0.,1.),.PIECEWISE_BEZIER_KNOTS.);
#3427 = CARTESIAN_POINT('',(6.357462329871,16.390708839459));
#3428 = CARTESIAN_POINT('',(11.720818630177,16.390708839459));
#3429 = CARTESIAN_POINT('',(11.720818630177,7.790751008075));
#3430 = ( GEOMETRIC_REPRESENTATION_CONTEXT(2) 
PARAMETRIC_REPRESENTATION_CONTEXT() REPRESENTATION_CONTEXT('2D SPACE',''
  ) );
#3431 = ORIENTED_EDGE('',*,*,#3339,.F.);
#3432 = ADVANCED_FACE('',(#3433),#2165,.T.);
#3433 = FACE_BOUND('',#3434,.T.);
#3434 = EDGE_LOOP('',(#3435,#3436,#3459,#3480));
#3435 = ORIENTED_EDGE('',*,*,#2135,.T.);
#3436 = ORIENTED_EDGE('',*,*,#3437,.T.);
#3437 = EDGE_CURVE('',#2085,#3438,#3440,.T.);
#3438 = VERTEX_POINT('',#3439);
#3439 = CARTESIAN_POINT('',(132.65654438087,10.426259621359,
    -4.912584527627));
#3440 = SURFACE_CURVE('',#3441,(#3445,#3452),.PCURVE_S1.);
#3441 = LINE('',#3442,#3443);
#3442 = CARTESIAN_POINT('',(130.65654438087,10.426259621359,
    -4.912584527627));
#3443 = VECTOR('',#3444,1.);
#3444 = DIRECTION('',(1.,0.,1.110223024625E-16));
#3445 = PCURVE('',#2165,#3446);
#3446 = DEFINITIONAL_REPRESENTATION('',(#3447),#3451);
#3447 = LINE('',#3448,#3449);
#3448 = CARTESIAN_POINT('',(0.,0.));
#3449 = VECTOR('',#3450,1.);
#3450 = DIRECTION('',(0.,-1.));
#3451 = ( GEOMETRIC_REPRESENTATION_CONTEXT(2) 
PARAMETRIC_REPRESENTATION_CONTEXT() REPRESENTATION_CONTEXT('2D SPACE',''
  ) );
#3452 = PCURVE('',#2114,#3453);
#3453 = DEFINITIONAL_REPRESENTATION('',(#3454),#3458);
#3454 = LINE('',#3455,#3456);
#3455 = CARTESIAN_POINT('',(1.,0.));
#3456 = VECTOR('',#3457,1.);
#3457 = DIRECTION('',(0.,-1.));
#3458 = ( GEOMETRIC_REPRESENTATION_CONTEXT(2) 
PARAMETRIC_REPRESENTATION_CONTEXT() REPRESENTATION_CONTEXT('2D SPACE',''
  ) );
#3459 = ORIENTED_EDGE('',*,*,#3460,.T.);
#3460 = EDGE_CURVE('',#3438,#3389,#3461,.T.);
#3461 = SURFACE_CURVE('',#3462,(#3466,#3473),.PCURVE_S1.);
#3462 = B_SPLINE_CURVE_WITH_KNOTS('',2,(#3463,#3464,#3465),
  .UNSPECIFIED.,.F.,.F.,(3,3),(0.,1.),.PIECEWISE_BEZIER_KNOTS.);
#3463 = CARTESIAN_POINT('',(132.65654438087,10.426259621359,
    -4.912584527627));
#3464 = CARTESIAN_POINT('',(132.65654438087,10.611196454641,
    -5.594536748665));
#3465 = CARTESIAN_POINT('',(132.65654438087,10.611196454641,
    -6.357462329871));
#3466 = PCURVE('',#2165,#3467);
#3467 = DEFINITIONAL_REPRESENTATION('',(#3468),#3472);
#3468 = LINE('',#3469,#3470);
#3469 = CARTESIAN_POINT('',(0.,-2.));
#3470 = VECTOR('',#3471,1.);
#3471 = DIRECTION('',(1.,0.));
#3472 = ( GEOMETRIC_REPRESENTATION_CONTEXT(2) 
PARAMETRIC_REPRESENTATION_CONTEXT() REPRESENTATION_CONTEXT('2D SPACE',''
  ) );
#3473 = PCURVE('',#3155,#3474);
#3474 = DEFINITIONAL_REPRESENTATION('',(#3475),#3479);
#3475 = B_SPLINE_CURVE_WITH_KNOTS('',2,(#3476,#3477,#3478),
  .UNSPECIFIED.,.F.,.F.,(3,3),(0.,1.),.PIECEWISE_BEZIER_KNOTS.);
#3476 = CARTESIAN_POINT('',(4.912584527627,16.205772006177));
#3477 = CARTESIAN_POINT('',(5.594536748665,16.390708839459));
#3478 = CARTESIAN_POINT('',(6.357462329871,16.390708839459));
#3479 = ( GEOMETRIC_REPRESENTATION_CONTEXT(2) 
PARAMETRIC_REPRESENTATION_CONTEXT() REPRESENTATION_CONTEXT('2D SPACE',''
  ) );
#3480 = ORIENTED_EDGE('',*,*,#3388,.F.);
#3481 = ADVANCED_FACE('',(#3482),#2114,.T.);
#3482 = FACE_BOUND('',#3483,.T.);
#3483 = EDGE_LOOP('',(#3484,#3485,#3508,#3529));
#3484 = ORIENTED_EDGE('',*,*,#2084,.T.);
#3485 = ORIENTED_EDGE('',*,*,#3486,.T.);
#3486 = EDGE_CURVE('',#2034,#3487,#3489,.T.);
#3487 = VERTEX_POINT('',#3488);
#3488 = CARTESIAN_POINT('',(132.65654438087,9.686474661205,
    -3.490847346436));
#3489 = SURFACE_CURVE('',#3490,(#3494,#3501),.PCURVE_S1.);
#3490 = LINE('',#3491,#3492);
#3491 = CARTESIAN_POINT('',(130.65654438087,9.686474661205,
    -3.490847346436));
#3492 = VECTOR('',#3493,1.);
#3493 = DIRECTION('',(1.,0.,1.110223024625E-16));
#3494 = PCURVE('',#2114,#3495);
#3495 = DEFINITIONAL_REPRESENTATION('',(#3496),#3500);
#3496 = LINE('',#3497,#3498);
#3497 = CARTESIAN_POINT('',(0.,0.));
#3498 = VECTOR('',#3499,1.);
#3499 = DIRECTION('',(0.,-1.));
#3500 = ( GEOMETRIC_REPRESENTATION_CONTEXT(2) 
PARAMETRIC_REPRESENTATION_CONTEXT() REPRESENTATION_CONTEXT('2D SPACE',''
  ) );
#3501 = PCURVE('',#2063,#3502);
#3502 = DEFINITIONAL_REPRESENTATION('',(#3503),#3507);
#3503 = LINE('',#3504,#3505);
#3504 = CARTESIAN_POINT('',(1.,0.));
#3505 = VECTOR('',#3506,1.);
#3506 = DIRECTION('',(0.,-1.));
#3507 = ( GEOMETRIC_REPRESENTATION_CONTEXT(2) 
PARAMETRIC_REPRESENTATION_CONTEXT() REPRESENTATION_CONTEXT('2D SPACE',''
  ) );
#3508 = ORIENTED_EDGE('',*,*,#3509,.T.);
#3509 = EDGE_CURVE('',#3487,#3438,#3510,.T.);
#3510 = SURFACE_CURVE('',#3511,(#3515,#3522),.PCURVE_S1.);
#3511 = B_SPLINE_CURVE_WITH_KNOTS('',2,(#3512,#3513,#3514),
  .UNSPECIFIED.,.F.,.F.,(3,3),(0.,1.),.PIECEWISE_BEZIER_KNOTS.);
#3512 = CARTESIAN_POINT('',(132.65654438087,9.686474661205,
    -3.490847346436));
#3513 = CARTESIAN_POINT('',(132.65654438087,10.241322788077,
    -4.230632306589));
#3514 = CARTESIAN_POINT('',(132.65654438087,10.426259621359,
    -4.912584527627));
#3515 = PCURVE('',#2114,#3516);
#3516 = DEFINITIONAL_REPRESENTATION('',(#3517),#3521);
#3517 = LINE('',#3518,#3519);
#3518 = CARTESIAN_POINT('',(0.,-2.));
#3519 = VECTOR('',#3520,1.);
#3520 = DIRECTION('',(1.,0.));
#3521 = ( GEOMETRIC_REPRESENTATION_CONTEXT(2) 
PARAMETRIC_REPRESENTATION_CONTEXT() REPRESENTATION_CONTEXT('2D SPACE',''
  ) );
#3522 = PCURVE('',#3155,#3523);
#3523 = DEFINITIONAL_REPRESENTATION('',(#3524),#3528);
#3524 = B_SPLINE_CURVE_WITH_KNOTS('',2,(#3525,#3526,#3527),
  .UNSPECIFIED.,.F.,.F.,(3,3),(0.,1.),.PIECEWISE_BEZIER_KNOTS.);
#3525 = CARTESIAN_POINT('',(3.490847346436,15.465987046023));
#3526 = CARTESIAN_POINT('',(4.230632306589,16.020835172895));
#3527 = CARTESIAN_POINT('',(4.912584527627,16.205772006177));
#3528 = ( GEOMETRIC_REPRESENTATION_CONTEXT(2) 
PARAMETRIC_REPRESENTATION_CONTEXT() REPRESENTATION_CONTEXT('2D SPACE',''
  ) );
#3529 = ORIENTED_EDGE('',*,*,#3437,.F.);
#3530 = ADVANCED_FACE('',(#3531),#2063,.T.);
#3531 = FACE_BOUND('',#3532,.T.);
#3532 = EDGE_LOOP('',(#3533,#3534,#3557,#3578));
#3533 = ORIENTED_EDGE('',*,*,#2033,.T.);
#3534 = ORIENTED_EDGE('',*,*,#3535,.T.);
#3535 = EDGE_CURVE('',#1977,#3536,#3538,.T.);
#3536 = VERTEX_POINT('',#3537);
#3537 = CARTESIAN_POINT('',(132.65654438087,8.241596858962,
    -2.219354880461));
#3538 = SURFACE_CURVE('',#3539,(#3543,#3550),.PCURVE_S1.);
#3539 = LINE('',#3540,#3541);
#3540 = CARTESIAN_POINT('',(130.65654438087,8.241596858962,
    -2.219354880461));
#3541 = VECTOR('',#3542,1.);
#3542 = DIRECTION('',(1.,0.,1.110223024625E-16));
#3543 = PCURVE('',#2063,#3544);
#3544 = DEFINITIONAL_REPRESENTATION('',(#3545),#3549);
#3545 = LINE('',#3546,#3547);
#3546 = CARTESIAN_POINT('',(0.,0.));
#3547 = VECTOR('',#3548,1.);
#3548 = DIRECTION('',(0.,-1.));
#3549 = ( GEOMETRIC_REPRESENTATION_CONTEXT(2) 
PARAMETRIC_REPRESENTATION_CONTEXT() REPRESENTATION_CONTEXT('2D SPACE',''
  ) );
#3550 = PCURVE('',#2010,#3551);
#3551 = DEFINITIONAL_REPRESENTATION('',(#3552),#3556);
#3552 = LINE('',#3553,#3554);
#3553 = CARTESIAN_POINT('',(1.,0.));
#3554 = VECTOR('',#3555,1.);
#3555 = DIRECTION('',(0.,-1.));
#3556 = ( GEOMETRIC_REPRESENTATION_CONTEXT(2) 
PARAMETRIC_REPRESENTATION_CONTEXT() REPRESENTATION_CONTEXT('2D SPACE',''
  ) );
#3557 = ORIENTED_EDGE('',*,*,#3558,.T.);
#3558 = EDGE_CURVE('',#3536,#3487,#3559,.T.);
#3559 = SURFACE_CURVE('',#3560,(#3564,#3571),.PCURVE_S1.);
#3560 = B_SPLINE_CURVE_WITH_KNOTS('',2,(#3561,#3562,#3563),
  .UNSPECIFIED.,.F.,.F.,(3,3),(0.,1.),.PIECEWISE_BEZIER_KNOTS.);
#3561 = CARTESIAN_POINT('',(132.65654438087,8.241596858962,
    -2.219354880461));
#3562 = CARTESIAN_POINT('',(132.65654438087,9.131626534333,
    -2.751062386282));
#3563 = CARTESIAN_POINT('',(132.65654438087,9.686474661205,
    -3.490847346436));
#3564 = PCURVE('',#2063,#3565);
#3565 = DEFINITIONAL_REPRESENTATION('',(#3566),#3570);
#3566 = LINE('',#3567,#3568);
#3567 = CARTESIAN_POINT('',(0.,-2.));
#3568 = VECTOR('',#3569,1.);
#3569 = DIRECTION('',(1.,0.));
#3570 = ( GEOMETRIC_REPRESENTATION_CONTEXT(2) 
PARAMETRIC_REPRESENTATION_CONTEXT() REPRESENTATION_CONTEXT('2D SPACE',''
  ) );
#3571 = PCURVE('',#3155,#3572);
#3572 = DEFINITIONAL_REPRESENTATION('',(#3573),#3577);
#3573 = B_SPLINE_CURVE_WITH_KNOTS('',2,(#3574,#3575,#3576),
  .UNSPECIFIED.,.F.,.F.,(3,3),(0.,1.),.PIECEWISE_BEZIER_KNOTS.);
#3574 = CARTESIAN_POINT('',(2.219354880461,14.02110924378));
#3575 = CARTESIAN_POINT('',(2.751062386282,14.911138919151));
#3576 = CARTESIAN_POINT('',(3.490847346436,15.465987046023));
#3577 = ( GEOMETRIC_REPRESENTATION_CONTEXT(2) 
PARAMETRIC_REPRESENTATION_CONTEXT() REPRESENTATION_CONTEXT('2D SPACE',''
  ) );
#3578 = ORIENTED_EDGE('',*,*,#3486,.F.);
#3579 = ADVANCED_FACE('',(#3580),#2010,.T.);
#3580 = FACE_BOUND('',#3581,.T.);
#3581 = EDGE_LOOP('',(#3582,#3583,#3584,#3605));
#3582 = ORIENTED_EDGE('',*,*,#1976,.T.);
#3583 = ORIENTED_EDGE('',*,*,#3167,.T.);
#3584 = ORIENTED_EDGE('',*,*,#3585,.T.);
#3585 = EDGE_CURVE('',#3140,#3536,#3586,.T.);
#3586 = SURFACE_CURVE('',#3587,(#3591,#3598),.PCURVE_S1.);
#3587 = B_SPLINE_CURVE_WITH_KNOTS('',2,(#3588,#3589,#3590),
  .UNSPECIFIED.,.F.,.F.,(3,3),(0.,1.),.PIECEWISE_BEZIER_KNOTS.);
#3588 = CARTESIAN_POINT('',(132.65654438087,5.779510033129,
    -1.340876702103));
#3589 = CARTESIAN_POINT('',(132.65654438087,7.35156718359,
    -1.687647374641));
#3590 = CARTESIAN_POINT('',(132.65654438087,8.241596858962,
    -2.219354880461));
#3591 = PCURVE('',#2010,#3592);
#3592 = DEFINITIONAL_REPRESENTATION('',(#3593),#3597);
#3593 = LINE('',#3594,#3595);
#3594 = CARTESIAN_POINT('',(0.,-2.));
#3595 = VECTOR('',#3596,1.);
#3596 = DIRECTION('',(1.,0.));
#3597 = ( GEOMETRIC_REPRESENTATION_CONTEXT(2) 
PARAMETRIC_REPRESENTATION_CONTEXT() REPRESENTATION_CONTEXT('2D SPACE',''
  ) );
#3598 = PCURVE('',#3155,#3599);
#3599 = DEFINITIONAL_REPRESENTATION('',(#3600),#3604);
#3600 = B_SPLINE_CURVE_WITH_KNOTS('',2,(#3601,#3602,#3603),
  .UNSPECIFIED.,.F.,.F.,(3,3),(0.,1.),.PIECEWISE_BEZIER_KNOTS.);
#3601 = CARTESIAN_POINT('',(1.340876702103,11.559022417947));
#3602 = CARTESIAN_POINT('',(1.687647374641,13.131079568408));
#3603 = CARTESIAN_POINT('',(2.219354880461,14.02110924378));
#3604 = ( GEOMETRIC_REPRESENTATION_CONTEXT(2) 
PARAMETRIC_REPRESENTATION_CONTEXT() REPRESENTATION_CONTEXT('2D SPACE',''
  ) );
#3605 = ORIENTED_EDGE('',*,*,#3535,.F.);
#3606 = ADVANCED_FACE('',(#3607),#2758,.T.);
#3607 = FACE_BOUND('',#3608,.F.);
#3608 = EDGE_LOOP('',(#3609,#3610,#3611,#3612,#3613,#3614,#3615,#3616));
#3609 = ORIENTED_EDGE('',*,*,#2742,.T.);
#3610 = ORIENTED_EDGE('',*,*,#3090,.T.);
#3611 = ORIENTED_EDGE('',*,*,#3063,.T.);
#3612 = ORIENTED_EDGE('',*,*,#3014,.T.);
#3613 = ORIENTED_EDGE('',*,*,#2965,.T.);
#3614 = ORIENTED_EDGE('',*,*,#2916,.T.);
#3615 = ORIENTED_EDGE('',*,*,#2867,.T.);
#3616 = ORIENTED_EDGE('',*,*,#2818,.T.);
#3617 = ADVANCED_FACE('',(#3618,#3630),#3155,.T.);
#3618 = FACE_BOUND('',#3619,.F.);
#3619 = EDGE_LOOP('',(#3620,#3621,#3622,#3623,#3624,#3625,#3626,#3627,
    #3628,#3629));
#3620 = ORIENTED_EDGE('',*,*,#3139,.T.);
#3621 = ORIENTED_EDGE('',*,*,#3585,.T.);
#3622 = ORIENTED_EDGE('',*,*,#3558,.T.);
#3623 = ORIENTED_EDGE('',*,*,#3509,.T.);
#3624 = ORIENTED_EDGE('',*,*,#3460,.T.);
#3625 = ORIENTED_EDGE('',*,*,#3411,.T.);
#3626 = ORIENTED_EDGE('',*,*,#3362,.T.);
#3627 = ORIENTED_EDGE('',*,*,#3313,.T.);
#3628 = ORIENTED_EDGE('',*,*,#3264,.T.);
#3629 = ORIENTED_EDGE('',*,*,#3215,.T.);
#3630 = FACE_BOUND('',#3631,.F.);
#3631 = EDGE_LOOP('',(#3632,#3664,#3694,#3724,#3754));
#3632 = ORIENTED_EDGE('',*,*,#3633,.T.);
#3633 = EDGE_CURVE('',#3634,#3636,#3638,.T.);
#3634 = VERTEX_POINT('',#3635);
#3635 = CARTESIAN_POINT('',(132.65654438087,2.196213083565,
    -9.640194594947));
#3636 = VERTEX_POINT('',#3637);
#3637 = CARTESIAN_POINT('',(132.65654438087,8.80795885582,
    -6.357462329871));
#3638 = SURFACE_CURVE('',#3639,(#3643,#3650),.PCURVE_S1.);
#3639 = B_SPLINE_CURVE_WITH_KNOTS('',2,(#3640,#3641,#3642),
  .UNSPECIFIED.,.F.,.F.,(3,3),(0.,1.),.PIECEWISE_BEZIER_KNOTS.);
#3640 = CARTESIAN_POINT('',(132.65654438087,2.196213083565,
    -9.640194594947));
#3641 = CARTESIAN_POINT('',(132.65654438087,8.80795885582,
    -9.640194594947));
#3642 = CARTESIAN_POINT('',(132.65654438087,8.80795885582,
    -6.357462329871));
#3643 = PCURVE('',#3155,#3644);
#3644 = DEFINITIONAL_REPRESENTATION('',(#3645),#3649);
#3645 = B_SPLINE_CURVE_WITH_KNOTS('',2,(#3646,#3647,#3648),
  .UNSPECIFIED.,.F.,.F.,(3,3),(0.,1.),.PIECEWISE_BEZIER_KNOTS.);
#3646 = CARTESIAN_POINT('',(9.640194594947,7.975725468383));
#3647 = CARTESIAN_POINT('',(9.640194594947,14.587471240638));
#3648 = CARTESIAN_POINT('',(6.357462329871,14.587471240638));
#3649 = ( GEOMETRIC_REPRESENTATION_CONTEXT(2) 
PARAMETRIC_REPRESENTATION_CONTEXT() REPRESENTATION_CONTEXT('2D SPACE',''
  ) );
#3650 = PCURVE('',#3651,#3658);
#3651 = SURFACE_OF_LINEAR_EXTRUSION('',#3652,#3656);
#3652 = B_SPLINE_CURVE_WITH_KNOTS('',2,(#3653,#3654,#3655),
  .UNSPECIFIED.,.F.,.F.,(3,3),(0.,1.),.PIECEWISE_BEZIER_KNOTS.);
#3653 = CARTESIAN_POINT('',(130.65654438087,2.196213083565,
    -9.640194594947));
#3654 = CARTESIAN_POINT('',(130.65654438087,8.80795885582,
    -9.640194594947));
#3655 = CARTESIAN_POINT('',(130.65654438087,8.80795885582,
    -6.357462329871));
#3656 = VECTOR('',#3657,1.);
#3657 = DIRECTION('',(-1.,-0.,-1.110223024625E-16));
#3658 = DEFINITIONAL_REPRESENTATION('',(#3659),#3663);
#3659 = LINE('',#3660,#3661);
#3660 = CARTESIAN_POINT('',(0.,-2.));
#3661 = VECTOR('',#3662,1.);
#3662 = DIRECTION('',(1.,0.));
#3663 = ( GEOMETRIC_REPRESENTATION_CONTEXT(2) 
PARAMETRIC_REPRESENTATION_CONTEXT() REPRESENTATION_CONTEXT('2D SPACE',''
  ) );
#3664 = ORIENTED_EDGE('',*,*,#3665,.T.);
#3665 = EDGE_CURVE('',#3636,#3666,#3668,.T.);
#3666 = VERTEX_POINT('',#3667);
#3667 = CARTESIAN_POINT('',(132.65654438087,2.126828847437,
    -3.074730064795));
#3668 = SURFACE_CURVE('',#3669,(#3673,#3680),.PCURVE_S1.);
#3669 = B_SPLINE_CURVE_WITH_KNOTS('',2,(#3670,#3671,#3672),
  .UNSPECIFIED.,.F.,.F.,(3,3),(0.,1.),.PIECEWISE_BEZIER_KNOTS.);
#3670 = CARTESIAN_POINT('',(132.65654438087,8.80795885582,
    -6.357462329871));
#3671 = CARTESIAN_POINT('',(132.65654438087,8.80795885582,
    -3.074730064795));
#3672 = CARTESIAN_POINT('',(132.65654438087,2.126828847437,
    -3.074730064795));
#3673 = PCURVE('',#3155,#3674);
#3674 = DEFINITIONAL_REPRESENTATION('',(#3675),#3679);
#3675 = B_SPLINE_CURVE_WITH_KNOTS('',2,(#3676,#3677,#3678),
  .UNSPECIFIED.,.F.,.F.,(3,3),(0.,1.),.PIECEWISE_BEZIER_KNOTS.);
#3676 = CARTESIAN_POINT('',(6.357462329871,14.587471240638));
#3677 = CARTESIAN_POINT('',(3.074730064795,14.587471240638));
#3678 = CARTESIAN_POINT('',(3.074730064795,7.906341232255));
#3679 = ( GEOMETRIC_REPRESENTATION_CONTEXT(2) 
PARAMETRIC_REPRESENTATION_CONTEXT() REPRESENTATION_CONTEXT('2D SPACE',''
  ) );
#3680 = PCURVE('',#3681,#3688);
#3681 = SURFACE_OF_LINEAR_EXTRUSION('',#3682,#3686);
#3682 = B_SPLINE_CURVE_WITH_KNOTS('',2,(#3683,#3684,#3685),
  .UNSPECIFIED.,.F.,.F.,(3,3),(0.,1.),.PIECEWISE_BEZIER_KNOTS.);
#3683 = CARTESIAN_POINT('',(130.65654438087,8.80795885582,
    -6.357462329871));
#3684 = CARTESIAN_POINT('',(130.65654438087,8.80795885582,
    -3.074730064795));
#3685 = CARTESIAN_POINT('',(130.65654438087,2.126828847437,
    -3.074730064795));
#3686 = VECTOR('',#3687,1.);
#3687 = DIRECTION('',(-1.,-0.,-1.110223024625E-16));
#3688 = DEFINITIONAL_REPRESENTATION('',(#3689),#3693);
#3689 = LINE('',#3690,#3691);
#3690 = CARTESIAN_POINT('',(0.,-2.));
#3691 = VECTOR('',#3692,1.);
#3692 = DIRECTION('',(1.,0.));
#3693 = ( GEOMETRIC_REPRESENTATION_CONTEXT(2) 
PARAMETRIC_REPRESENTATION_CONTEXT() REPRESENTATION_CONTEXT('2D SPACE',''
  ) );
#3694 = ORIENTED_EDGE('',*,*,#3695,.T.);
#3695 = EDGE_CURVE('',#3666,#3696,#3698,.T.);
#3696 = VERTEX_POINT('',#3697);
#3697 = CARTESIAN_POINT('',(132.65654438087,-4.623610143023,
    -6.31125634182));
#3698 = SURFACE_CURVE('',#3699,(#3703,#3710),.PCURVE_S1.);
#3699 = B_SPLINE_CURVE_WITH_KNOTS('',2,(#3700,#3701,#3702),
  .UNSPECIFIED.,.F.,.F.,(3,3),(0.,1.),.PIECEWISE_BEZIER_KNOTS.);
#3700 = CARTESIAN_POINT('',(132.65654438087,2.126828847437,
    -3.074730064795));
#3701 = CARTESIAN_POINT('',(132.65654438087,-4.623610143023,
    -3.074730064795));
#3702 = CARTESIAN_POINT('',(132.65654438087,-4.623610143023,
    -6.31125634182));
#3703 = PCURVE('',#3155,#3704);
#3704 = DEFINITIONAL_REPRESENTATION('',(#3705),#3709);
#3705 = B_SPLINE_CURVE_WITH_KNOTS('',2,(#3706,#3707,#3708),
  .UNSPECIFIED.,.F.,.F.,(3,3),(0.,1.),.PIECEWISE_BEZIER_KNOTS.);
#3706 = CARTESIAN_POINT('',(3.074730064795,7.906341232255));
#3707 = CARTESIAN_POINT('',(3.074730064795,1.155902241795));
#3708 = CARTESIAN_POINT('',(6.31125634182,1.155902241795));
#3709 = ( GEOMETRIC_REPRESENTATION_CONTEXT(2) 
PARAMETRIC_REPRESENTATION_CONTEXT() REPRESENTATION_CONTEXT('2D SPACE',''
  ) );
#3710 = PCURVE('',#3711,#3718);
#3711 = SURFACE_OF_LINEAR_EXTRUSION('',#3712,#3716);
#3712 = B_SPLINE_CURVE_WITH_KNOTS('',2,(#3713,#3714,#3715),
  .UNSPECIFIED.,.F.,.F.,(3,3),(0.,1.),.PIECEWISE_BEZIER_KNOTS.);
#3713 = CARTESIAN_POINT('',(130.65654438087,2.126828847437,
    -3.074730064795));
#3714 = CARTESIAN_POINT('',(130.65654438087,-4.623610143023,
    -3.074730064795));
#3715 = CARTESIAN_POINT('',(130.65654438087,-4.623610143023,
    -6.31125634182));
#3716 = VECTOR('',#3717,1.);
#3717 = DIRECTION('',(-1.,-0.,-1.110223024625E-16));
#3718 = DEFINITIONAL_REPRESENTATION('',(#3719),#3723);
#3719 = LINE('',#3720,#3721);
#3720 = CARTESIAN_POINT('',(0.,-2.));
#3721 = VECTOR('',#3722,1.);
#3722 = DIRECTION('',(1.,0.));
#3723 = ( GEOMETRIC_REPRESENTATION_CONTEXT(2) 
PARAMETRIC_REPRESENTATION_CONTEXT() REPRESENTATION_CONTEXT('2D SPACE',''
  ) );
#3724 = ORIENTED_EDGE('',*,*,#3725,.T.);
#3725 = EDGE_CURVE('',#3696,#3726,#3728,.T.);
#3726 = VERTEX_POINT('',#3727);
#3727 = CARTESIAN_POINT('',(132.65654438087,-2.959103389434,
    -8.83106302569));
#3728 = SURFACE_CURVE('',#3729,(#3733,#3740),.PCURVE_S1.);
#3729 = B_SPLINE_CURVE_WITH_KNOTS('',2,(#3730,#3731,#3732),
  .UNSPECIFIED.,.F.,.F.,(3,3),(0.,1.),.PIECEWISE_BEZIER_KNOTS.);
#3730 = CARTESIAN_POINT('',(132.65654438087,-4.623610143023,
    -6.31125634182));
#3731 = CARTESIAN_POINT('',(132.65654438087,-4.623610143023,
    -8.021931456434));
#3732 = CARTESIAN_POINT('',(132.65654438087,-2.959103389434,
    -8.83106302569));
#3733 = PCURVE('',#3155,#3734);
#3734 = DEFINITIONAL_REPRESENTATION('',(#3735),#3739);
#3735 = B_SPLINE_CURVE_WITH_KNOTS('',2,(#3736,#3737,#3738),
  .UNSPECIFIED.,.F.,.F.,(3,3),(0.,1.),.PIECEWISE_BEZIER_KNOTS.);
#3736 = CARTESIAN_POINT('',(6.31125634182,1.155902241795));
#3737 = CARTESIAN_POINT('',(8.021931456434,1.155902241795));
#3738 = CARTESIAN_POINT('',(8.83106302569,2.820408995384));
#3739 = ( GEOMETRIC_REPRESENTATION_CONTEXT(2) 
PARAMETRIC_REPRESENTATION_CONTEXT() REPRESENTATION_CONTEXT('2D SPACE',''
  ) );
#3740 = PCURVE('',#3741,#3748);
#3741 = SURFACE_OF_LINEAR_EXTRUSION('',#3742,#3746);
#3742 = B_SPLINE_CURVE_WITH_KNOTS('',2,(#3743,#3744,#3745),
  .UNSPECIFIED.,.F.,.F.,(3,3),(0.,1.),.PIECEWISE_BEZIER_KNOTS.);
#3743 = CARTESIAN_POINT('',(130.65654438087,-4.623610143023,
    -6.31125634182));
#3744 = CARTESIAN_POINT('',(130.65654438087,-4.623610143023,
    -8.021931456434));
#3745 = CARTESIAN_POINT('',(130.65654438087,-2.959103389434,
    -8.83106302569));
#3746 = VECTOR('',#3747,1.);
#3747 = DIRECTION('',(-1.,-0.,-1.110223024625E-16));
#3748 = DEFINITIONAL_REPRESENTATION('',(#3749),#3753);
#3749 = LINE('',#3750,#3751);
#3750 = CARTESIAN_POINT('',(0.,-2.));
#3751 = VECTOR('',#3752,1.);
#3752 = DIRECTION('',(1.,0.));
#3753 = ( GEOMETRIC_REPRESENTATION_CONTEXT(2) 
PARAMETRIC_REPRESENTATION_CONTEXT() REPRESENTATION_CONTEXT('2D SPACE',''
  ) );
#3754 = ORIENTED_EDGE('',*,*,#3755,.T.);
#3755 = EDGE_CURVE('',#3726,#3634,#3756,.T.);
#3756 = SURFACE_CURVE('',#3757,(#3761,#3768),.PCURVE_S1.);
#3757 = B_SPLINE_CURVE_WITH_KNOTS('',2,(#3758,#3759,#3760),
  .UNSPECIFIED.,.F.,.F.,(3,3),(0.,1.),.PIECEWISE_BEZIER_KNOTS.);
#3758 = CARTESIAN_POINT('',(132.65654438087,-2.959103389434,
    -8.83106302569));
#3759 = CARTESIAN_POINT('',(132.65654438087,-1.294596635844,
    -9.640194594947));
#3760 = CARTESIAN_POINT('',(132.65654438087,2.196213083565,
    -9.640194594947));
#3761 = PCURVE('',#3155,#3762);
#3762 = DEFINITIONAL_REPRESENTATION('',(#3763),#3767);
#3763 = B_SPLINE_CURVE_WITH_KNOTS('',2,(#3764,#3765,#3766),
  .UNSPECIFIED.,.F.,.F.,(3,3),(0.,1.),.PIECEWISE_BEZIER_KNOTS.);
#3764 = CARTESIAN_POINT('',(8.83106302569,2.820408995384));
#3765 = CARTESIAN_POINT('',(9.640194594947,4.484915748974));
#3766 = CARTESIAN_POINT('',(9.640194594947,7.975725468383));
#3767 = ( GEOMETRIC_REPRESENTATION_CONTEXT(2) 
PARAMETRIC_REPRESENTATION_CONTEXT() REPRESENTATION_CONTEXT('2D SPACE',''
  ) );
#3768 = PCURVE('',#3769,#3776);
#3769 = SURFACE_OF_LINEAR_EXTRUSION('',#3770,#3774);
#3770 = B_SPLINE_CURVE_WITH_KNOTS('',2,(#3771,#3772,#3773),
  .UNSPECIFIED.,.F.,.F.,(3,3),(0.,1.),.PIECEWISE_BEZIER_KNOTS.);
#3771 = CARTESIAN_POINT('',(130.65654438087,-2.959103389434,
    -8.83106302569));
#3772 = CARTESIAN_POINT('',(130.65654438087,-1.294596635844,
    -9.640194594947));
#3773 = CARTESIAN_POINT('',(130.65654438087,2.196213083565,
    -9.640194594947));
#3774 = VECTOR('',#3775,1.);
#3775 = DIRECTION('',(-1.,-0.,-1.110223024625E-16));
#3776 = DEFINITIONAL_REPRESENTATION('',(#3777),#3781);
#3777 = LINE('',#3778,#3779);
#3778 = CARTESIAN_POINT('',(0.,-2.));
#3779 = VECTOR('',#3780,1.);
#3780 = DIRECTION('',(1.,0.));
#3781 = ( GEOMETRIC_REPRESENTATION_CONTEXT(2) 
PARAMETRIC_REPRESENTATION_CONTEXT() REPRESENTATION_CONTEXT('2D SPACE',''
  ) );
#3782 = ADVANCED_FACE('',(#3783),#3651,.T.);
#3783 = FACE_BOUND('',#3784,.T.);
#3784 = EDGE_LOOP('',(#3785,#3959,#3980,#3981));
#3785 = ORIENTED_EDGE('',*,*,#3786,.T.);
#3786 = EDGE_CURVE('',#3787,#3789,#3791,.T.);
#3787 = VERTEX_POINT('',#3788);
#3788 = CARTESIAN_POINT('',(132.40654438087,8.80795885582,
    -6.357462329871));
#3789 = VERTEX_POINT('',#3790);
#3790 = CARTESIAN_POINT('',(132.40654438087,2.196213083565,
    -9.640194594947));
#3791 = SURFACE_CURVE('',#3792,(#3844,#3899),.PCURVE_S1.);
#3792 = B_SPLINE_CURVE_WITH_KNOTS('',8,(#3793,#3794,#3795,#3796,#3797,
    #3798,#3799,#3800,#3801,#3802,#3803,#3804,#3805,#3806,#3807,#3808,
    #3809,#3810,#3811,#3812,#3813,#3814,#3815,#3816,#3817,#3818,#3819,
    #3820,#3821,#3822,#3823,#3824,#3825,#3826,#3827,#3828,#3829,#3830,
    #3831,#3832,#3833,#3834,#3835,#3836,#3837,#3838,#3839,#3840,#3841,
    #3842,#3843),.UNSPECIFIED.,.F.,.F.,(9,7,7,7,7,7,7,9),(0.,
    5.292125733249E-02,0.148177352315,0.233654467179,0.278133380247,
    0.369531113774,0.692925045547,1.),.UNSPECIFIED.);
#3793 = CARTESIAN_POINT('',(132.40654438087,8.80795885582,
    -6.357462329871));
#3794 = CARTESIAN_POINT('',(132.40654438087,8.80795885582,-6.41159425931
    ));
#3795 = CARTESIAN_POINT('',(132.40654438087,8.806931492251,
    -6.465714656802));
#3796 = CARTESIAN_POINT('',(132.40654438087,8.804843724084,
    -6.519800872352));
#3797 = CARTESIAN_POINT('',(132.40654438087,8.801662614066,
    -6.573827467919));
#3798 = CARTESIAN_POINT('',(132.40654438087,8.797355980515,
    -6.627766275556));
#3799 = CARTESIAN_POINT('',(132.40654438087,8.791893049131,
    -6.681586455558));
#3800 = CARTESIAN_POINT('',(132.40654438087,8.785245104794,
    -6.735254554609));
#3801 = CARTESIAN_POINT('',(132.40654438087,8.763240334791,
    -6.884996389591));
#3802 = CARTESIAN_POINT('',(132.40654438087,8.745167955288,
    -6.980668915363));
#3803 = CARTESIAN_POINT('',(132.40654438087,8.723019179668,
    -7.075517156013));
#3804 = CARTESIAN_POINT('',(132.40654438087,8.696675884808,
    -7.169296863853));
#3805 = CARTESIAN_POINT('',(132.40654438087,8.666063209502,
    -7.261758222375));
#3806 = CARTESIAN_POINT('',(132.40654438087,8.631161114316,
    -7.352649539895));
#3807 = CARTESIAN_POINT('',(132.40654438087,8.592015941445,
    -7.441720943186));
#3808 = CARTESIAN_POINT('',(132.40654438087,8.509929481713,
    -7.606803056978));
#3809 = CARTESIAN_POINT('',(132.40654438087,8.467781058514,
    -7.683234901824));
#3810 = CARTESIAN_POINT('',(132.40654438087,8.422392802122,
    -7.757848239703));
#3811 = CARTESIAN_POINT('',(132.40654438087,8.37388441025,-7.83050439471
    ));
#3812 = CARTESIAN_POINT('',(132.40654438087,8.322403626167,
    -7.901097572561));
#3813 = CARTESIAN_POINT('',(132.40654438087,8.268120683692,
    -7.969551052179));
#3814 = CARTESIAN_POINT('',(132.40654438087,8.21122275219,
    -8.035813377263));
#3815 = CARTESIAN_POINT('',(132.40654438087,8.121043526821,
    -8.133179042552));
#3816 = CARTESIAN_POINT('',(132.40654438087,8.089522047632,
    -8.165904613363));
#3817 = CARTESIAN_POINT('',(132.40654438087,8.057370348242,
    -8.198028472693));
#3818 = CARTESIAN_POINT('',(132.40654438087,8.024614871866,
    -8.229549908211));
#3819 = CARTESIAN_POINT('',(132.40654438087,7.991281883791,
    -8.260470060399));
#3820 = CARTESIAN_POINT('',(132.40654438087,7.957397254468,
    -8.290791700092));
#3821 = CARTESIAN_POINT('',(132.40654438087,7.922986242608,
    -8.320519006013));
#3822 = CARTESIAN_POINT('',(132.40654438087,7.8163321859,-8.409532409224
    ));
#3823 = CARTESIAN_POINT('',(132.40654438087,7.742475676062,
    -8.466917236002));
#3824 = CARTESIAN_POINT('',(132.40654438087,7.666710808243,-8.5218637529
    ));
#3825 = CARTESIAN_POINT('',(132.40654438087,7.589233196782,
    -8.574441008806));
#3826 = CARTESIAN_POINT('',(132.40654438087,7.510223061552,
    -8.624729506714));
#3827 = CARTESIAN_POINT('',(132.40654438087,7.429842187113,
    -8.672816826043));
#3828 = CARTESIAN_POINT('',(132.40654438087,7.348231790314,
    -8.718794531793));
#3829 = CARTESIAN_POINT('',(132.40654438087,6.97282016774,
    -8.918307184926));
#3830 = CARTESIAN_POINT('',(132.40654438087,6.66696376352,
    -9.048231073665));
#3831 = CARTESIAN_POINT('',(132.40654438087,6.352270299779,
    -9.157466143751));
#3832 = CARTESIAN_POINT('',(132.40654438087,6.03181490481,-9.2493142271)
  );
#3833 = CARTESIAN_POINT('',(132.40654438087,5.707797436957,
    -9.326525606971));
#3834 = CARTESIAN_POINT('',(132.40654438087,5.381511971445,
    -9.391239834002));
#3835 = CARTESIAN_POINT('',(132.40654438087,5.053442049351,
    -9.44522325491));
#3836 = CARTESIAN_POINT('',(132.40654438087,4.409717563646,
    -9.53224155074));
#3837 = CARTESIAN_POINT('',(132.40654438087,4.094962387157,
    -9.566103367531));
#3838 = CARTESIAN_POINT('',(132.40654438087,3.779355324771,
    -9.592607404545));
#3839 = CARTESIAN_POINT('',(132.40654438087,3.463185815276,
    -9.612624403513));
#3840 = CARTESIAN_POINT('',(132.40654438087,3.146671046198,
    -9.626855837485));
#3841 = CARTESIAN_POINT('',(132.40654438087,2.829959966859,
    -9.635884821405));
#3842 = CARTESIAN_POINT('',(132.40654438087,2.51313469333,
    -9.640194594947));
#3843 = CARTESIAN_POINT('',(132.40654438087,2.196213083565,
    -9.640194594947));
#3844 = PCURVE('',#3651,#3845);
#3845 = DEFINITIONAL_REPRESENTATION('',(#3846),#3898);
#3846 = B_SPLINE_CURVE_WITH_KNOTS('',8,(#3847,#3848,#3849,#3850,#3851,
    #3852,#3853,#3854,#3855,#3856,#3857,#3858,#3859,#3860,#3861,#3862,
    #3863,#3864,#3865,#3866,#3867,#3868,#3869,#3870,#3871,#3872,#3873,
    #3874,#3875,#3876,#3877,#3878,#3879,#3880,#3881,#3882,#3883,#3884,
    #3885,#3886,#3887,#3888,#3889,#3890,#3891,#3892,#3893,#3894,#3895,
    #3896,#3897),.UNSPECIFIED.,.F.,.F.,(9,7,7,7,7,7,7,9),(0.,
    5.292125733249E-02,0.148177352315,0.233654467179,0.278133380247,
    0.369531113774,0.692925045547,1.),.UNSPECIFIED.);
#3847 = CARTESIAN_POINT('',(1.,-1.75));
#3848 = CARTESIAN_POINT('',(0.991755049595,-1.75));
#3849 = CARTESIAN_POINT('',(0.983434163338,-1.75));
#3850 = CARTESIAN_POINT('',(0.975038292437,-1.75));
#3851 = CARTESIAN_POINT('',(0.966568820601,-1.75));
#3852 = CARTESIAN_POINT('',(0.958027604476,-1.75));
#3853 = CARTESIAN_POINT('',(0.949417014078,-1.75));
#3854 = CARTESIAN_POINT('',(0.940739973232,-1.75));
#3855 = CARTESIAN_POINT('',(0.916268406265,-1.75));
#3856 = CARTESIAN_POINT('',(0.900329631019,-1.75));
#3857 = CARTESIAN_POINT('',(0.884208135137,-1.75));
#3858 = CARTESIAN_POINT('',(0.867932187686,-1.75));
#3859 = CARTESIAN_POINT('',(0.851534177525,-1.75));
#3860 = CARTESIAN_POINT('',(0.835050924914,-1.75));
#3861 = CARTESIAN_POINT('',(0.818523993115,-1.75));
#3862 = CARTESIAN_POINT('',(0.787172358181,-1.75));
#3863 = CARTESIAN_POINT('',(0.772343469892,-1.75));
#3864 = CARTESIAN_POINT('',(0.757546556423,-1.75));
#3865 = CARTESIAN_POINT('',(0.742811791698,-1.75));
#3866 = CARTESIAN_POINT('',(0.72816646226,-1.75));
#3867 = CARTESIAN_POINT('',(0.713635127252,-1.75));
#3868 = CARTESIAN_POINT('',(0.6992397784,-1.75));
#3869 = CARTESIAN_POINT('',(0.677590181985,-1.75));
#3870 = CARTESIAN_POINT('',(0.670221931447,-1.75));
#3871 = CARTESIAN_POINT('',(0.662897669738,-1.75));
#3872 = CARTESIAN_POINT('',(0.655619505072,-1.75));
#3873 = CARTESIAN_POINT('',(0.648389249998,-1.75));
#3874 = CARTESIAN_POINT('',(0.641208438885,-1.75));
#3875 = CARTESIAN_POINT('',(0.634078345402,-1.75));
#3876 = CARTESIAN_POINT('',(0.612455023914,-1.75));
#3877 = CARTESIAN_POINT('',(0.598129367451,-1.75));
#3878 = CARTESIAN_POINT('',(0.584030779461,-1.75));
#3879 = CARTESIAN_POINT('',(0.5701635359,-1.75));
#3880 = CARTESIAN_POINT('',(0.556529003952,-1.75));
#3881 = CARTESIAN_POINT('',(0.543126078838,-1.75));
#3882 = CARTESIAN_POINT('',(0.529951493338,-1.75));
#3883 = CARTESIAN_POINT('',(0.47117354248,-1.75));
#3884 = CARTESIAN_POINT('',(0.428254779494,-1.75));
#3885 = CARTESIAN_POINT('',(0.387818890016,-1.75));
#3886 = CARTESIAN_POINT('',(0.349595515338,-1.75));
#3887 = CARTESIAN_POINT('',(0.313332113788,-1.75));
#3888 = CARTESIAN_POINT('',(0.278800667649,-1.75));
#3889 = CARTESIAN_POINT('',(0.245768707686,-1.75));
#3890 = CARTESIAN_POINT('',(0.183834392339,-1.75));
#3891 = CARTESIAN_POINT('',(0.15487409801,-1.75));
#3892 = CARTESIAN_POINT('',(0.126970060756,-1.75));
#3893 = CARTESIAN_POINT('',(0.100011544263,-1.75));
#3894 = CARTESIAN_POINT('',(7.390813003358E-02,-1.75));
#3895 = CARTESIAN_POINT('',(4.858226657355E-02,-1.75));
#3896 = CARTESIAN_POINT('',(2.396656047292E-02,-1.75));
#3897 = CARTESIAN_POINT('',(0.,-1.75));
#3898 = ( GEOMETRIC_REPRESENTATION_CONTEXT(2) 
PARAMETRIC_REPRESENTATION_CONTEXT() REPRESENTATION_CONTEXT('2D SPACE',''
  ) );
#3899 = PCURVE('',#3900,#3905);
#3900 = PLANE('',#3901);
#3901 = AXIS2_PLACEMENT_3D('',#3902,#3903,#3904);
#3902 = CARTESIAN_POINT('',(132.40654438087,0.,0.));
#3903 = DIRECTION('',(1.,0.,2.22044604925E-16));
#3904 = DIRECTION('',(2.22044604925E-16,0.,-1.));
#3905 = DEFINITIONAL_REPRESENTATION('',(#3906),#3958);
#3906 = B_SPLINE_CURVE_WITH_KNOTS('',8,(#3907,#3908,#3909,#3910,#3911,
    #3912,#3913,#3914,#3915,#3916,#3917,#3918,#3919,#3920,#3921,#3922,
    #3923,#3924,#3925,#3926,#3927,#3928,#3929,#3930,#3931,#3932,#3933,
    #3934,#3935,#3936,#3937,#3938,#3939,#3940,#3941,#3942,#3943,#3944,
    #3945,#3946,#3947,#3948,#3949,#3950,#3951,#3952,#3953,#3954,#3955,
    #3956,#3957),.UNSPECIFIED.,.F.,.F.,(9,7,7,7,7,7,7,9),(0.,
    5.292125733249E-02,0.148177352315,0.233654467179,0.278133380247,
    0.369531113774,0.692925045547,1.),.UNSPECIFIED.);
#3907 = CARTESIAN_POINT('',(6.357462329871,8.80795885582));
#3908 = CARTESIAN_POINT('',(6.41159425931,8.80795885582));
#3909 = CARTESIAN_POINT('',(6.465714656802,8.806931492251));
#3910 = CARTESIAN_POINT('',(6.519800872352,8.804843724084));
#3911 = CARTESIAN_POINT('',(6.573827467919,8.801662614066));
#3912 = CARTESIAN_POINT('',(6.627766275556,8.797355980515));
#3913 = CARTESIAN_POINT('',(6.681586455558,8.791893049131));
#3914 = CARTESIAN_POINT('',(6.735254554609,8.785245104794));
#3915 = CARTESIAN_POINT('',(6.884996389591,8.763240334791));
#3916 = CARTESIAN_POINT('',(6.980668915363,8.745167955288));
#3917 = CARTESIAN_POINT('',(7.075517156013,8.723019179668));
#3918 = CARTESIAN_POINT('',(7.169296863853,8.696675884808));
#3919 = CARTESIAN_POINT('',(7.261758222375,8.666063209502));
#3920 = CARTESIAN_POINT('',(7.352649539895,8.631161114316));
#3921 = CARTESIAN_POINT('',(7.441720943186,8.592015941445));
#3922 = CARTESIAN_POINT('',(7.606803056978,8.509929481713));
#3923 = CARTESIAN_POINT('',(7.683234901824,8.467781058514));
#3924 = CARTESIAN_POINT('',(7.757848239703,8.422392802122));
#3925 = CARTESIAN_POINT('',(7.83050439471,8.37388441025));
#3926 = CARTESIAN_POINT('',(7.901097572561,8.322403626167));
#3927 = CARTESIAN_POINT('',(7.969551052179,8.268120683692));
#3928 = CARTESIAN_POINT('',(8.035813377263,8.21122275219));
#3929 = CARTESIAN_POINT('',(8.133179042552,8.121043526821));
#3930 = CARTESIAN_POINT('',(8.165904613363,8.089522047632));
#3931 = CARTESIAN_POINT('',(8.198028472693,8.057370348242));
#3932 = CARTESIAN_POINT('',(8.229549908211,8.024614871866));
#3933 = CARTESIAN_POINT('',(8.260470060399,7.991281883791));
#3934 = CARTESIAN_POINT('',(8.290791700092,7.957397254468));
#3935 = CARTESIAN_POINT('',(8.320519006013,7.922986242608));
#3936 = CARTESIAN_POINT('',(8.409532409224,7.8163321859));
#3937 = CARTESIAN_POINT('',(8.466917236002,7.742475676062));
#3938 = CARTESIAN_POINT('',(8.5218637529,7.666710808243));
#3939 = CARTESIAN_POINT('',(8.574441008806,7.589233196782));
#3940 = CARTESIAN_POINT('',(8.624729506714,7.510223061552));
#3941 = CARTESIAN_POINT('',(8.672816826043,7.429842187113));
#3942 = CARTESIAN_POINT('',(8.718794531793,7.348231790314));
#3943 = CARTESIAN_POINT('',(8.918307184926,6.97282016774));
#3944 = CARTESIAN_POINT('',(9.048231073665,6.66696376352));
#3945 = CARTESIAN_POINT('',(9.157466143751,6.352270299779));
#3946 = CARTESIAN_POINT('',(9.2493142271,6.03181490481));
#3947 = CARTESIAN_POINT('',(9.326525606971,5.707797436957));
#3948 = CARTESIAN_POINT('',(9.391239834002,5.381511971445));
#3949 = CARTESIAN_POINT('',(9.44522325491,5.053442049351));
#3950 = CARTESIAN_POINT('',(9.53224155074,4.409717563646));
#3951 = CARTESIAN_POINT('',(9.566103367531,4.094962387157));
#3952 = CARTESIAN_POINT('',(9.592607404545,3.779355324771));
#3953 = CARTESIAN_POINT('',(9.612624403513,3.463185815276));
#3954 = CARTESIAN_POINT('',(9.626855837485,3.146671046198));
#3955 = CARTESIAN_POINT('',(9.635884821405,2.829959966859));
#3956 = CARTESIAN_POINT('',(9.640194594947,2.51313469333));
#3957 = CARTESIAN_POINT('',(9.640194594947,2.196213083565));
#3958 = ( GEOMETRIC_REPRESENTATION_CONTEXT(2) 
PARAMETRIC_REPRESENTATION_CONTEXT() REPRESENTATION_CONTEXT('2D SPACE',''
  ) );
#3959 = ORIENTED_EDGE('',*,*,#3960,.T.);
#3960 = EDGE_CURVE('',#3789,#3634,#3961,.T.);
#3961 = SURFACE_CURVE('',#3962,(#3966,#3973),.PCURVE_S1.);
#3962 = LINE('',#3963,#3964);
#3963 = CARTESIAN_POINT('',(130.65654438087,2.196213083565,
    -9.640194594947));
#3964 = VECTOR('',#3965,1.);
#3965 = DIRECTION('',(1.,0.,1.110223024625E-16));
#3966 = PCURVE('',#3651,#3967);
#3967 = DEFINITIONAL_REPRESENTATION('',(#3968),#3972);
#3968 = LINE('',#3969,#3970);
#3969 = CARTESIAN_POINT('',(0.,0.));
#3970 = VECTOR('',#3971,1.);
#3971 = DIRECTION('',(0.,-1.));
#3972 = ( GEOMETRIC_REPRESENTATION_CONTEXT(2) 
PARAMETRIC_REPRESENTATION_CONTEXT() REPRESENTATION_CONTEXT('2D SPACE',''
  ) );
#3973 = PCURVE('',#3769,#3974);
#3974 = DEFINITIONAL_REPRESENTATION('',(#3975),#3979);
#3975 = LINE('',#3976,#3977);
#3976 = CARTESIAN_POINT('',(1.,0.));
#3977 = VECTOR('',#3978,1.);
#3978 = DIRECTION('',(0.,-1.));
#3979 = ( GEOMETRIC_REPRESENTATION_CONTEXT(2) 
PARAMETRIC_REPRESENTATION_CONTEXT() REPRESENTATION_CONTEXT('2D SPACE',''
  ) );
#3980 = ORIENTED_EDGE('',*,*,#3633,.T.);
#3981 = ORIENTED_EDGE('',*,*,#3982,.F.);
#3982 = EDGE_CURVE('',#3787,#3636,#3983,.T.);
#3983 = SURFACE_CURVE('',#3984,(#3988,#3995),.PCURVE_S1.);
#3984 = LINE('',#3985,#3986);
#3985 = CARTESIAN_POINT('',(130.65654438087,8.80795885582,
    -6.357462329871));
#3986 = VECTOR('',#3987,1.);
#3987 = DIRECTION('',(1.,0.,1.110223024625E-16));
#3988 = PCURVE('',#3651,#3989);
#3989 = DEFINITIONAL_REPRESENTATION('',(#3990),#3994);
#3990 = LINE('',#3991,#3992);
#3991 = CARTESIAN_POINT('',(1.,0.));
#3992 = VECTOR('',#3993,1.);
#3993 = DIRECTION('',(0.,-1.));
#3994 = ( GEOMETRIC_REPRESENTATION_CONTEXT(2) 
PARAMETRIC_REPRESENTATION_CONTEXT() REPRESENTATION_CONTEXT('2D SPACE',''
  ) );
#3995 = PCURVE('',#3681,#3996);
#3996 = DEFINITIONAL_REPRESENTATION('',(#3997),#4001);
#3997 = LINE('',#3998,#3999);
#3998 = CARTESIAN_POINT('',(0.,0.));
#3999 = VECTOR('',#4000,1.);
#4000 = DIRECTION('',(0.,-1.));
#4001 = ( GEOMETRIC_REPRESENTATION_CONTEXT(2) 
PARAMETRIC_REPRESENTATION_CONTEXT() REPRESENTATION_CONTEXT('2D SPACE',''
  ) );
#4002 = ADVANCED_FACE('',(#4003),#3681,.T.);
#4003 = FACE_BOUND('',#4004,.T.);
#4004 = EDGE_LOOP('',(#4005,#4172,#4173,#4174));
#4005 = ORIENTED_EDGE('',*,*,#4006,.T.);
#4006 = EDGE_CURVE('',#4007,#3787,#4009,.T.);
#4007 = VERTEX_POINT('',#4008);
#4008 = CARTESIAN_POINT('',(132.40654438087,2.126828847437,
    -3.074730064795));
#4009 = SURFACE_CURVE('',#4010,(#4062,#4117),.PCURVE_S1.);
#4010 = B_SPLINE_CURVE_WITH_KNOTS('',8,(#4011,#4012,#4013,#4014,#4015,
    #4016,#4017,#4018,#4019,#4020,#4021,#4022,#4023,#4024,#4025,#4026,
    #4027,#4028,#4029,#4030,#4031,#4032,#4033,#4034,#4035,#4036,#4037,
    #4038,#4039,#4040,#4041,#4042,#4043,#4044,#4045,#4046,#4047,#4048,
    #4049,#4050,#4051,#4052,#4053,#4054,#4055,#4056,#4057,#4058,#4059,
    #4060,#4061),.UNSPECIFIED.,.F.,.F.,(9,7,7,7,7,7,7,9),(0.,
    0.445320420889,0.674025634538,0.743495368369,0.780370395465,
    0.855708674994,0.948224967049,1.),.UNSPECIFIED.);
#4011 = CARTESIAN_POINT('',(132.40654438087,2.126828847437,
    -3.074730064795));
#4012 = CARTESIAN_POINT('',(132.40654438087,2.589944626691,
    -3.074730064795));
#4013 = CARTESIAN_POINT('',(132.40654438087,3.052418368536,
    -3.083744351225));
#4014 = CARTESIAN_POINT('',(132.40654438087,3.514631531938,
    -3.102970150945));
#4015 = CARTESIAN_POINT('',(132.40654438087,3.976471952738,
    -3.134017810093));
#4016 = CARTESIAN_POINT('',(132.40654438087,4.437352823772,
    -3.178864654407));
#4017 = CARTESIAN_POINT('',(132.40654438087,4.896125478792,
    -3.240346409228));
#4018 = CARTESIAN_POINT('',(132.40654438087,5.351121597622,
    -3.321954471141));
#4019 = CARTESIAN_POINT('',(132.40654438087,6.030290632587,
    -3.485574624669));
#4020 = CARTESIAN_POINT('',(132.40654438087,6.258722677357,
    -3.547994279571));
#4021 = CARTESIAN_POINT('',(132.40654438087,6.484981134816,
    -3.618182078719));
#4022 = CARTESIAN_POINT('',(132.40654438087,6.708502677289,-3.6971478924
    ));
#4023 = CARTESIAN_POINT('',(132.40654438087,6.928315652063,
    -3.78604657719));
#4024 = CARTESIAN_POINT('',(132.40654438087,7.143035252403,
    -3.886189526625));
#4025 = CARTESIAN_POINT('',(132.40654438087,7.350854056159,
    -3.999065830431));
#4026 = CARTESIAN_POINT('',(132.40654438087,7.609875577959,
    -4.165042900253));
#4027 = CARTESIAN_POINT('',(132.40654438087,7.669355623943,
    -4.205029120933));
#4028 = CARTESIAN_POINT('',(132.40654438087,7.727896175773,
    -4.246370616784));
#4029 = CARTESIAN_POINT('',(132.40654438087,7.785417233619,
    -4.289103890124));
#4030 = CARTESIAN_POINT('',(132.40654438087,7.84183190345,
    -4.333261536666));
#4031 = CARTESIAN_POINT('',(132.40654438087,7.897047608514,
    -4.378870749023));
#4032 = CARTESIAN_POINT('',(132.40654438087,7.950967300825,
    -4.425951820223));
#4033 = CARTESIAN_POINT('',(132.40654438087,8.031370450669,
    -4.500295201592));
#4034 = CARTESIAN_POINT('',(132.40654438087,8.058856598903,
    -4.526491582745));
#4035 = CARTESIAN_POINT('',(132.40654438087,8.085933969769,
    -4.553107327039));
#4036 = CARTESIAN_POINT('',(132.40654438087,8.112587174256,
    -4.580143238986));
#4037 = CARTESIAN_POINT('',(132.40654438087,8.138800683498,
    -4.607599295124));
#4038 = CARTESIAN_POINT('',(132.40654438087,8.164558930359,
    -4.635474547899));
#4039 = CARTESIAN_POINT('',(132.40654438087,8.189846411018,
    -4.663767029543));
#4040 = CARTESIAN_POINT('',(132.40654438087,8.265318744928,
    -4.751123317123));
#4041 = CARTESIAN_POINT('',(132.40654438087,8.313965549179,
    -4.811507364035));
#4042 = CARTESIAN_POINT('',(132.40654438087,8.360451024137,
    -4.873593320632));
#4043 = CARTESIAN_POINT('',(132.40654438087,8.404647799669,
    -4.937334486209));
#4044 = CARTESIAN_POINT('',(132.40654438087,8.446441242208,
    -5.002668002572));
#4045 = CARTESIAN_POINT('',(132.40654438087,8.485732386284,
    -5.069512921204));
#4046 = CARTESIAN_POINT('',(132.40654438087,8.522440866053,
    -5.137768270424));
#4047 = CARTESIAN_POINT('',(132.40654438087,8.598342499304,
    -5.29271056169));
#4048 = CARTESIAN_POINT('',(132.40654438087,8.636203490852,
    -5.380071744271));
#4049 = CARTESIAN_POINT('',(132.40654438087,8.669976194805,
    -5.469163009889));
#4050 = CARTESIAN_POINT('',(132.40654438087,8.699618204608,
    -5.559747886622));
#4051 = CARTESIAN_POINT('',(132.40654438087,8.725148769319,
    -5.651588425458));
#4052 = CARTESIAN_POINT('',(132.40654438087,8.746638229111,
    -5.744448534747));
#4053 = CARTESIAN_POINT('',(132.40654438087,8.764197450772,
    -5.838097314631));
#4054 = CARTESIAN_POINT('',(132.40654438087,8.78567328425,
    -5.985038117956));
#4055 = CARTESIAN_POINT('',(132.40654438087,8.792193380318,
    -6.037946970186));
#4056 = CARTESIAN_POINT('',(132.40654438087,8.797552526399,
    -6.091003984607));
#4057 = CARTESIAN_POINT('',(132.40654438087,8.801778351608,
    -6.144176647083));
#4058 = CARTESIAN_POINT('',(132.40654438087,8.804900513034,
    -6.197434948357));
#4059 = CARTESIAN_POINT('',(132.40654438087,8.806950069582,
    -6.250751439493));
#4060 = CARTESIAN_POINT('',(132.40654438087,8.80795885582,-6.30410128732
    ));
#4061 = CARTESIAN_POINT('',(132.40654438087,8.80795885582,
    -6.357462329871));
#4062 = PCURVE('',#3681,#4063);
#4063 = DEFINITIONAL_REPRESENTATION('',(#4064),#4116);
#4064 = B_SPLINE_CURVE_WITH_KNOTS('',8,(#4065,#4066,#4067,#4068,#4069,
    #4070,#4071,#4072,#4073,#4074,#4075,#4076,#4077,#4078,#4079,#4080,
    #4081,#4082,#4083,#4084,#4085,#4086,#4087,#4088,#4089,#4090,#4091,
    #4092,#4093,#4094,#4095,#4096,#4097,#4098,#4099,#4100,#4101,#4102,
    #4103,#4104,#4105,#4106,#4107,#4108,#4109,#4110,#4111,#4112,#4113,
    #4114,#4115),.UNSPECIFIED.,.F.,.F.,(9,7,7,7,7,7,7,9),(0.,
    0.445320420889,0.674025634538,0.743495368369,0.780370395465,
    0.855708674994,0.948224967049,1.),.UNSPECIFIED.);
#4065 = CARTESIAN_POINT('',(1.,-1.75));
#4066 = CARTESIAN_POINT('',(0.965341508197,-1.75));
#4067 = CARTESIAN_POINT('',(0.929358079637,-1.75));
#4068 = CARTESIAN_POINT('',(0.891838814638,-1.75));
#4069 = CARTESIAN_POINT('',(0.852546832021,-1.75));
#4070 = CARTESIAN_POINT('',(0.811224876322,-1.75));
#4071 = CARTESIAN_POINT('',(0.767526995595,-1.75));
#4072 = CARTESIAN_POINT('',(0.721046260874,-1.75));
#4073 = CARTESIAN_POINT('',(0.645297516466,-1.75));
#4074 = CARTESIAN_POINT('',(0.618694929749,-1.75));
#4075 = CARTESIAN_POINT('',(0.591071826447,-1.75));
#4076 = CARTESIAN_POINT('',(0.56231654916,-1.75));
#4077 = CARTESIAN_POINT('',(0.5323259154,-1.75));
#4078 = CARTESIAN_POINT('',(0.501003819669,-1.75));
#4079 = CARTESIAN_POINT('',(0.46825871872,-1.75));
#4080 = CARTESIAN_POINT('',(0.423593835519,-1.75));
#4081 = CARTESIAN_POINT('',(0.413052102141,-1.75));
#4082 = CARTESIAN_POINT('',(0.402374253417,-1.75));
#4083 = CARTESIAN_POINT('',(0.391560716598,-1.75));
#4084 = CARTESIAN_POINT('',(0.380613029906,-1.75));
#4085 = CARTESIAN_POINT('',(0.369533979801,-1.75));
#4086 = CARTESIAN_POINT('',(0.358327738251,-1.75));
#4087 = CARTESIAN_POINT('',(0.340987156249,-1.75));
#4088 = CARTESIAN_POINT('',(0.33494013073,-1.75));
#4089 = CARTESIAN_POINT('',(0.328859823043,-1.75));
#4090 = CARTESIAN_POINT('',(0.32274726233,-1.75));
#4091 = CARTESIAN_POINT('',(0.316603614308,-1.75));
#4092 = CARTESIAN_POINT('',(0.310430188307,-1.75));
#4093 = CARTESIAN_POINT('',(0.304228444313,-1.75));
#4094 = CARTESIAN_POINT('',(0.285274849251,-1.75));
#4095 = CARTESIAN_POINT('',(0.272437013402,-1.75));
#4096 = CARTESIAN_POINT('',(0.259501704818,-1.75));
#4097 = CARTESIAN_POINT('',(0.246485568663,-1.75));
#4098 = CARTESIAN_POINT('',(0.233406757908,-1.75));
#4099 = CARTESIAN_POINT('',(0.22028500834,-1.75));
#4100 = CARTESIAN_POINT('',(0.207141713561,-1.75));
#4101 = CARTESIAN_POINT('',(0.177861821407,-1.75));
#4102 = CARTESIAN_POINT('',(0.161722224864,-1.75));
#4103 = CARTESIAN_POINT('',(0.145625073452,-1.75));
#4104 = CARTESIAN_POINT('',(0.129609558324,-1.75));
#4105 = CARTESIAN_POINT('',(0.113710481451,-1.75));
#4106 = CARTESIAN_POINT('',(9.795853836743E-02,-1.75));
#4107 = CARTESIAN_POINT('',(8.238060091682E-02,-1.75));
#4108 = CARTESIAN_POINT('',(5.839253096316E-02,-1.75));
#4109 = CARTESIAN_POINT('',(4.984592147378E-02,-1.75));
#4110 = CARTESIAN_POINT('',(4.136362783969E-02,-1.75));
#4111 = CARTESIAN_POINT('',(3.294853466101E-02,-1.75));
#4112 = CARTESIAN_POINT('',(2.460299324564E-02,-1.75));
#4113 = CARTESIAN_POINT('',(1.632886002473E-02,-1.75));
#4114 = CARTESIAN_POINT('',(8.127534968159E-03,-1.75));
#4115 = CARTESIAN_POINT('',(0.,-1.75));
#4116 = ( GEOMETRIC_REPRESENTATION_CONTEXT(2) 
PARAMETRIC_REPRESENTATION_CONTEXT() REPRESENTATION_CONTEXT('2D SPACE',''
  ) );
#4117 = PCURVE('',#3900,#4118);
#4118 = DEFINITIONAL_REPRESENTATION('',(#4119),#4171);
#4119 = B_SPLINE_CURVE_WITH_KNOTS('',8,(#4120,#4121,#4122,#4123,#4124,
    #4125,#4126,#4127,#4128,#4129,#4130,#4131,#4132,#4133,#4134,#4135,
    #4136,#4137,#4138,#4139,#4140,#4141,#4142,#4143,#4144,#4145,#4146,
    #4147,#4148,#4149,#4150,#4151,#4152,#4153,#4154,#4155,#4156,#4157,
    #4158,#4159,#4160,#4161,#4162,#4163,#4164,#4165,#4166,#4167,#4168,
    #4169,#4170),.UNSPECIFIED.,.F.,.F.,(9,7,7,7,7,7,7,9),(0.,
    0.445320420889,0.674025634538,0.743495368369,0.780370395465,
    0.855708674994,0.948224967049,1.),.UNSPECIFIED.);
#4120 = CARTESIAN_POINT('',(3.074730064795,2.126828847437));
#4121 = CARTESIAN_POINT('',(3.074730064795,2.589944626691));
#4122 = CARTESIAN_POINT('',(3.083744351225,3.052418368536));
#4123 = CARTESIAN_POINT('',(3.102970150945,3.514631531938));
#4124 = CARTESIAN_POINT('',(3.134017810093,3.976471952738));
#4125 = CARTESIAN_POINT('',(3.178864654407,4.437352823772));
#4126 = CARTESIAN_POINT('',(3.240346409228,4.896125478792));
#4127 = CARTESIAN_POINT('',(3.321954471141,5.351121597622));
#4128 = CARTESIAN_POINT('',(3.485574624669,6.030290632587));
#4129 = CARTESIAN_POINT('',(3.547994279571,6.258722677357));
#4130 = CARTESIAN_POINT('',(3.618182078719,6.484981134816));
#4131 = CARTESIAN_POINT('',(3.6971478924,6.708502677289));
#4132 = CARTESIAN_POINT('',(3.78604657719,6.928315652063));
#4133 = CARTESIAN_POINT('',(3.886189526625,7.143035252403));
#4134 = CARTESIAN_POINT('',(3.999065830431,7.350854056159));
#4135 = CARTESIAN_POINT('',(4.165042900253,7.609875577959));
#4136 = CARTESIAN_POINT('',(4.205029120933,7.669355623943));
#4137 = CARTESIAN_POINT('',(4.246370616784,7.727896175773));
#4138 = CARTESIAN_POINT('',(4.289103890124,7.785417233619));
#4139 = CARTESIAN_POINT('',(4.333261536666,7.84183190345));
#4140 = CARTESIAN_POINT('',(4.378870749023,7.897047608514));
#4141 = CARTESIAN_POINT('',(4.425951820223,7.950967300825));
#4142 = CARTESIAN_POINT('',(4.500295201592,8.031370450669));
#4143 = CARTESIAN_POINT('',(4.526491582745,8.058856598903));
#4144 = CARTESIAN_POINT('',(4.553107327039,8.085933969769));
#4145 = CARTESIAN_POINT('',(4.580143238986,8.112587174256));
#4146 = CARTESIAN_POINT('',(4.607599295124,8.138800683498));
#4147 = CARTESIAN_POINT('',(4.635474547899,8.164558930359));
#4148 = CARTESIAN_POINT('',(4.663767029543,8.189846411018));
#4149 = CARTESIAN_POINT('',(4.751123317123,8.265318744928));
#4150 = CARTESIAN_POINT('',(4.811507364035,8.313965549179));
#4151 = CARTESIAN_POINT('',(4.873593320632,8.360451024137));
#4152 = CARTESIAN_POINT('',(4.937334486209,8.404647799669));
#4153 = CARTESIAN_POINT('',(5.002668002572,8.446441242208));
#4154 = CARTESIAN_POINT('',(5.069512921204,8.485732386284));
#4155 = CARTESIAN_POINT('',(5.137768270424,8.522440866053));
#4156 = CARTESIAN_POINT('',(5.29271056169,8.598342499304));
#4157 = CARTESIAN_POINT('',(5.380071744271,8.636203490852));
#4158 = CARTESIAN_POINT('',(5.469163009889,8.669976194805));
#4159 = CARTESIAN_POINT('',(5.559747886622,8.699618204608));
#4160 = CARTESIAN_POINT('',(5.651588425458,8.725148769319));
#4161 = CARTESIAN_POINT('',(5.744448534747,8.746638229111));
#4162 = CARTESIAN_POINT('',(5.838097314631,8.764197450772));
#4163 = CARTESIAN_POINT('',(5.985038117956,8.78567328425));
#4164 = CARTESIAN_POINT('',(6.037946970186,8.792193380318));
#4165 = CARTESIAN_POINT('',(6.091003984607,8.797552526399));
#4166 = CARTESIAN_POINT('',(6.144176647083,8.801778351608));
#4167 = CARTESIAN_POINT('',(6.197434948357,8.804900513034));
#4168 = CARTESIAN_POINT('',(6.250751439493,8.806950069582));
#4169 = CARTESIAN_POINT('',(6.30410128732,8.80795885582));
#4170 = CARTESIAN_POINT('',(6.357462329871,8.80795885582));
#4171 = ( GEOMETRIC_REPRESENTATION_CONTEXT(2) 
PARAMETRIC_REPRESENTATION_CONTEXT() REPRESENTATION_CONTEXT('2D SPACE',''
  ) );
#4172 = ORIENTED_EDGE('',*,*,#3982,.T.);
#4173 = ORIENTED_EDGE('',*,*,#3665,.T.);
#4174 = ORIENTED_EDGE('',*,*,#4175,.F.);
#4175 = EDGE_CURVE('',#4007,#3666,#4176,.T.);
#4176 = SURFACE_CURVE('',#4177,(#4181,#4188),.PCURVE_S1.);
#4177 = LINE('',#4178,#4179);
#4178 = CARTESIAN_POINT('',(130.65654438087,2.126828847437,
    -3.074730064795));
#4179 = VECTOR('',#4180,1.);
#4180 = DIRECTION('',(1.,0.,1.110223024625E-16));
#4181 = PCURVE('',#3681,#4182);
#4182 = DEFINITIONAL_REPRESENTATION('',(#4183),#4187);
#4183 = LINE('',#4184,#4185);
#4184 = CARTESIAN_POINT('',(1.,0.));
#4185 = VECTOR('',#4186,1.);
#4186 = DIRECTION('',(0.,-1.));
#4187 = ( GEOMETRIC_REPRESENTATION_CONTEXT(2) 
PARAMETRIC_REPRESENTATION_CONTEXT() REPRESENTATION_CONTEXT('2D SPACE',''
  ) );
#4188 = PCURVE('',#3711,#4189);
#4189 = DEFINITIONAL_REPRESENTATION('',(#4190),#4194);
#4190 = LINE('',#4191,#4192);
#4191 = CARTESIAN_POINT('',(0.,0.));
#4192 = VECTOR('',#4193,1.);
#4193 = DIRECTION('',(0.,-1.));
#4194 = ( GEOMETRIC_REPRESENTATION_CONTEXT(2) 
PARAMETRIC_REPRESENTATION_CONTEXT() REPRESENTATION_CONTEXT('2D SPACE',''
  ) );
#4195 = ADVANCED_FACE('',(#4196),#3711,.T.);
#4196 = FACE_BOUND('',#4197,.T.);
#4197 = EDGE_LOOP('',(#4198,#4365,#4366,#4367));
#4198 = ORIENTED_EDGE('',*,*,#4199,.T.);
#4199 = EDGE_CURVE('',#4200,#4007,#4202,.T.);
#4200 = VERTEX_POINT('',#4201);
#4201 = CARTESIAN_POINT('',(132.40654438087,-4.623610143023,
    -6.31125634182));
#4202 = SURFACE_CURVE('',#4203,(#4255,#4310),.PCURVE_S1.);
#4203 = B_SPLINE_CURVE_WITH_KNOTS('',8,(#4204,#4205,#4206,#4207,#4208,
    #4209,#4210,#4211,#4212,#4213,#4214,#4215,#4216,#4217,#4218,#4219,
    #4220,#4221,#4222,#4223,#4224,#4225,#4226,#4227,#4228,#4229,#4230,
    #4231,#4232,#4233,#4234,#4235,#4236,#4237,#4238,#4239,#4240,#4241,
    #4242,#4243,#4244,#4245,#4246,#4247,#4248,#4249,#4250,#4251,#4252,
    #4253,#4254),.UNSPECIFIED.,.F.,.F.,(9,7,7,7,7,7,7,9),(0.,
    4.866340150077E-02,0.137047936513,0.219529055155,0.262455268113,
    0.35148201079,0.663454587412,1.),.UNSPECIFIED.);
#4204 = CARTESIAN_POINT('',(132.40654438087,-4.623610143023,
    -6.31125634182));
#4205 = CARTESIAN_POINT('',(132.40654438087,-4.623610143023,
    -6.260932454426));
#4206 = CARTESIAN_POINT('',(132.40654438087,-4.622677549469,
    -6.210618933027));
#4207 = CARTESIAN_POINT('',(132.40654438087,-4.620784090598,
    -6.160335873271));
#4208 = CARTESIAN_POINT('',(132.40654438087,-4.617901727986,
    -6.110105649493));
#4209 = CARTESIAN_POINT('',(132.40654438087,-4.614003187017,
    -6.059952868917));
#4210 = CARTESIAN_POINT('',(132.40654438087,-4.60906248736,
    -6.009904325847));
#4211 = CARTESIAN_POINT('',(132.40654438087,-4.603055473442,
    -5.959988955857));
#4212 = CARTESIAN_POINT('',(132.40654438087,-4.583073871386,
    -5.819877611175));
#4213 = CARTESIAN_POINT('',(132.40654438087,-4.566595539726,
    -5.730042351423));
#4214 = CARTESIAN_POINT('',(132.40654438087,-4.546396099248,
    -5.640938597803));
#4215 = CARTESIAN_POINT('',(132.40654438087,-4.522374493144,
    -5.552780247393));
#4216 = CARTESIAN_POINT('',(132.40654438087,-4.49446717956,
    -5.465785631066));
#4217 = CARTESIAN_POINT('',(132.40654438087,-4.462657452654,
    -5.380174637269));
#4218 = CARTESIAN_POINT('',(132.40654438087,-4.426984763664,
    -5.2961658358));
#4219 = CARTESIAN_POINT('',(132.40654438087,-4.350756993318,
    -5.137271185044));
#4220 = CARTESIAN_POINT('',(132.40654438087,-4.31067847349,
    -5.062132572125));
#4221 = CARTESIAN_POINT('',(132.40654438087,-4.267400594165,
    -4.988731645799));
#4222 = CARTESIAN_POINT('',(132.40654438087,-4.221039181039,
    -4.91720647417));
#4223 = CARTESIAN_POINT('',(132.40654438087,-4.171738209722,
    -4.847663014704));
#4224 = CARTESIAN_POINT('',(132.40654438087,-4.119664241636,
    -4.780178818455));
#4225 = CARTESIAN_POINT('',(132.40654438087,-4.065000859922,
    -4.71480673428));
#4226 = CARTESIAN_POINT('',(132.40654438087,-3.978248147698,
    -4.618672369301));
#4227 = CARTESIAN_POINT('',(132.40654438087,-3.947902403319,
    -4.586344310873));
#4228 = CARTESIAN_POINT('',(132.40654438087,-3.916931825182,
    -4.554597479756));
#4229 = CARTESIAN_POINT('',(132.40654438087,-3.885362426527,
    -4.523432872737));
#4230 = CARTESIAN_POINT('',(132.40654438087,-3.853220063262,
    -4.492849658887));
#4231 = CARTESIAN_POINT('',(132.40654438087,-3.820530216372,
    -4.462845397021));
#4232 = CARTESIAN_POINT('',(132.40654438087,-3.787317774327,
    -4.433416253166));
#4233 = CARTESIAN_POINT('',(132.40654438087,-3.683692032644,
    -4.344705073649));
#4234 = CARTESIAN_POINT('',(132.40654438087,-3.611637175905,
    -4.287308675649));
#4235 = CARTESIAN_POINT('',(132.40654438087,-3.537652008842,
    -4.232317661915));
#4236 = CARTESIAN_POINT('',(132.40654438087,-3.461934758618,
    -4.179664222331));
#4237 = CARTESIAN_POINT('',(132.40654438087,-3.384668000255,
    -4.129268854778));
#4238 = CARTESIAN_POINT('',(132.40654438087,-3.306015497308,
    -4.081044800374));
#4239 = CARTESIAN_POINT('',(132.40654438087,-3.226119998967,
    -4.034901157958));
#4240 = CARTESIAN_POINT('',(132.40654438087,-2.861194089792,
    -3.836009027973));
#4241 = CARTESIAN_POINT('',(132.40654438087,-2.564210966814,
    -3.706061274175));
#4242 = CARTESIAN_POINT('',(132.40654438087,-2.258417788192,
    -3.596120675518));
#4243 = CARTESIAN_POINT('',(132.40654438087,-1.946835736616,
    -3.503008321199));
#4244 = CARTESIAN_POINT('',(132.40654438087,-1.631630060007,
    -3.424072824067));
#4245 = CARTESIAN_POINT('',(132.40654438087,-1.314078397663,
    -3.357250659479));
#4246 = CARTESIAN_POINT('',(132.40654438087,-0.994668190755,
    -3.300831142419));
#4247 = CARTESIAN_POINT('',(132.40654438087,-0.326170912607,
    -3.202372647813));
#4248 = CARTESIAN_POINT('',(132.40654438087,2.239080172392E-02,
    -3.161945169892));
#4249 = CARTESIAN_POINT('',(132.40654438087,0.372070711565,
    -3.130530871105));
#4250 = CARTESIAN_POINT('',(132.40654438087,0.722467022123,
    -3.106950097352));
#4251 = CARTESIAN_POINT('',(132.40654438087,1.073285530273,
    -3.090273381351));
#4252 = CARTESIAN_POINT('',(132.40654438087,1.424332719086,
    -3.079738963342));
#4253 = CARTESIAN_POINT('',(132.40654438087,1.775514031473,
    -3.074730064795));
#4254 = CARTESIAN_POINT('',(132.40654438087,2.126828847437,
    -3.074730064795));
#4255 = PCURVE('',#3711,#4256);
#4256 = DEFINITIONAL_REPRESENTATION('',(#4257),#4309);
#4257 = B_SPLINE_CURVE_WITH_KNOTS('',8,(#4258,#4259,#4260,#4261,#4262,
    #4263,#4264,#4265,#4266,#4267,#4268,#4269,#4270,#4271,#4272,#4273,
    #4274,#4275,#4276,#4277,#4278,#4279,#4280,#4281,#4282,#4283,#4284,
    #4285,#4286,#4287,#4288,#4289,#4290,#4291,#4292,#4293,#4294,#4295,
    #4296,#4297,#4298,#4299,#4300,#4301,#4302,#4303,#4304,#4305,#4306,
    #4307,#4308),.UNSPECIFIED.,.F.,.F.,(9,7,7,7,7,7,7,9),(0.,
    4.866340150077E-02,0.137047936513,0.219529055155,0.262455268113,
    0.35148201079,0.663454587412,1.),.UNSPECIFIED.);
#4258 = CARTESIAN_POINT('',(1.,-1.75));
#4259 = CARTESIAN_POINT('',(0.99222563281,-1.75));
#4260 = CARTESIAN_POINT('',(0.984383790516,-1.75));
#4261 = CARTESIAN_POINT('',(0.976475483559,-1.75));
#4262 = CARTESIAN_POINT('',(0.968502091687,-1.75));
#4263 = CARTESIAN_POINT('',(0.960465396179,-1.75));
#4264 = CARTESIAN_POINT('',(0.95236761205,-1.75));
#4265 = CARTESIAN_POINT('',(0.944211420275,-1.75));
#4266 = CARTESIAN_POINT('',(0.921086070015,-1.75));
#4267 = CARTESIAN_POINT('',(0.905987186738,-1.75));
#4268 = CARTESIAN_POINT('',(0.890725691605,-1.75));
#4269 = CARTESIAN_POINT('',(0.87532714365,-1.75));
#4270 = CARTESIAN_POINT('',(0.859820565571,-1.75));
#4271 = CARTESIAN_POINT('',(0.844238689804,-1.75));
#4272 = CARTESIAN_POINT('',(0.82861820458,-1.75));
#4273 = CARTESIAN_POINT('',(0.798424972991,-1.75));
#4274 = CARTESIAN_POINT('',(0.783848476585,-1.75));
#4275 = CARTESIAN_POINT('',(0.769303455324,-1.75));
#4276 = CARTESIAN_POINT('',(0.754819818006,-1.75));
#4277 = CARTESIAN_POINT('',(0.740424597807,-1.75));
#4278 = CARTESIAN_POINT('',(0.726142112409,-1.75));
#4279 = CARTESIAN_POINT('',(0.71199412412,-1.75));
#4280 = CARTESIAN_POINT('',(0.690716942228,-1.75));
#4281 = CARTESIAN_POINT('',(0.683475003064,-1.75));
#4282 = CARTESIAN_POINT('',(0.67627657477,-1.75));
#4283 = CARTESIAN_POINT('',(0.669123738116,-1.75));
#4284 = CARTESIAN_POINT('',(0.662018279865,-1.75));
#4285 = CARTESIAN_POINT('',(0.654961710242,-1.75));
#4286 = CARTESIAN_POINT('',(0.647955280421,-1.75));
#4287 = CARTESIAN_POINT('',(0.626575108595,-1.75));
#4288 = CARTESIAN_POINT('',(0.612371083461,-1.75));
#4289 = CARTESIAN_POINT('',(0.598395681357,-1.75));
#4290 = CARTESIAN_POINT('',(0.584653109065,-1.75));
#4291 = CARTESIAN_POINT('',(0.57114460777,-1.75));
#4292 = CARTESIAN_POINT('',(0.557868904229,-1.75));
#4293 = CARTESIAN_POINT('',(0.544822528755,-1.75));
#4294 = CARTESIAN_POINT('',(0.487066565233,-1.75));
#4295 = CARTESIAN_POINT('',(0.444994056935,-1.75));
#4296 = CARTESIAN_POINT('',(0.405359832104,-1.75));
#4297 = CARTESIAN_POINT('',(0.367896568317,-1.75));
#4298 = CARTESIAN_POINT('',(0.332355040044,-1.75));
#4299 = CARTESIAN_POINT('',(0.298511094132,-1.75));
#4300 = CARTESIAN_POINT('',(0.266136557045,-1.75));
#4301 = CARTESIAN_POINT('',(0.201410940503,-1.75));
#4302 = CARTESIAN_POINT('',(0.169347728972,-1.75));
#4303 = CARTESIAN_POINT('',(0.138594109095,-1.75));
#4304 = CARTESIAN_POINT('',(0.108997600743,-1.75));
#4305 = CARTESIAN_POINT('',(8.043640506379E-02,-1.75));
#4306 = CARTESIAN_POINT('',(5.280717402437E-02,-1.75));
#4307 = CARTESIAN_POINT('',(2.602162736824E-02,-1.75));
#4308 = CARTESIAN_POINT('',(0.,-1.75));
#4309 = ( GEOMETRIC_REPRESENTATION_CONTEXT(2) 
PARAMETRIC_REPRESENTATION_CONTEXT() REPRESENTATION_CONTEXT('2D SPACE',''
  ) );
#4310 = PCURVE('',#3900,#4311);
#4311 = DEFINITIONAL_REPRESENTATION('',(#4312),#4364);
#4312 = B_SPLINE_CURVE_WITH_KNOTS('',8,(#4313,#4314,#4315,#4316,#4317,
    #4318,#4319,#4320,#4321,#4322,#4323,#4324,#4325,#4326,#4327,#4328,
    #4329,#4330,#4331,#4332,#4333,#4334,#4335,#4336,#4337,#4338,#4339,
    #4340,#4341,#4342,#4343,#4344,#4345,#4346,#4347,#4348,#4349,#4350,
    #4351,#4352,#4353,#4354,#4355,#4356,#4357,#4358,#4359,#4360,#4361,
    #4362,#4363),.UNSPECIFIED.,.F.,.F.,(9,7,7,7,7,7,7,9),(0.,
    4.866340150077E-02,0.137047936513,0.219529055155,0.262455268113,
    0.35148201079,0.663454587412,1.),.UNSPECIFIED.);
#4313 = CARTESIAN_POINT('',(6.31125634182,-4.623610143023));
#4314 = CARTESIAN_POINT('',(6.260932454426,-4.623610143023));
#4315 = CARTESIAN_POINT('',(6.210618933027,-4.622677549469));
#4316 = CARTESIAN_POINT('',(6.160335873271,-4.620784090598));
#4317 = CARTESIAN_POINT('',(6.110105649493,-4.617901727986));
#4318 = CARTESIAN_POINT('',(6.059952868917,-4.614003187017));
#4319 = CARTESIAN_POINT('',(6.009904325847,-4.60906248736));
#4320 = CARTESIAN_POINT('',(5.959988955857,-4.603055473442));
#4321 = CARTESIAN_POINT('',(5.819877611175,-4.583073871386));
#4322 = CARTESIAN_POINT('',(5.730042351423,-4.566595539726));
#4323 = CARTESIAN_POINT('',(5.640938597803,-4.546396099248));
#4324 = CARTESIAN_POINT('',(5.552780247393,-4.522374493144));
#4325 = CARTESIAN_POINT('',(5.465785631066,-4.49446717956));
#4326 = CARTESIAN_POINT('',(5.380174637269,-4.462657452654));
#4327 = CARTESIAN_POINT('',(5.2961658358,-4.426984763664));
#4328 = CARTESIAN_POINT('',(5.137271185044,-4.350756993318));
#4329 = CARTESIAN_POINT('',(5.062132572125,-4.31067847349));
#4330 = CARTESIAN_POINT('',(4.988731645799,-4.267400594165));
#4331 = CARTESIAN_POINT('',(4.91720647417,-4.221039181039));
#4332 = CARTESIAN_POINT('',(4.847663014704,-4.171738209722));
#4333 = CARTESIAN_POINT('',(4.780178818455,-4.119664241636));
#4334 = CARTESIAN_POINT('',(4.71480673428,-4.065000859922));
#4335 = CARTESIAN_POINT('',(4.618672369301,-3.978248147698));
#4336 = CARTESIAN_POINT('',(4.586344310873,-3.947902403319));
#4337 = CARTESIAN_POINT('',(4.554597479756,-3.916931825182));
#4338 = CARTESIAN_POINT('',(4.523432872737,-3.885362426527));
#4339 = CARTESIAN_POINT('',(4.492849658887,-3.853220063262));
#4340 = CARTESIAN_POINT('',(4.462845397021,-3.820530216372));
#4341 = CARTESIAN_POINT('',(4.433416253166,-3.787317774327));
#4342 = CARTESIAN_POINT('',(4.344705073649,-3.683692032644));
#4343 = CARTESIAN_POINT('',(4.287308675649,-3.611637175905));
#4344 = CARTESIAN_POINT('',(4.232317661915,-3.537652008842));
#4345 = CARTESIAN_POINT('',(4.179664222331,-3.461934758618));
#4346 = CARTESIAN_POINT('',(4.129268854778,-3.384668000255));
#4347 = CARTESIAN_POINT('',(4.081044800374,-3.306015497308));
#4348 = CARTESIAN_POINT('',(4.034901157958,-3.226119998967));
#4349 = CARTESIAN_POINT('',(3.836009027973,-2.861194089792));
#4350 = CARTESIAN_POINT('',(3.706061274175,-2.564210966814));
#4351 = CARTESIAN_POINT('',(3.596120675518,-2.258417788192));
#4352 = CARTESIAN_POINT('',(3.503008321199,-1.946835736616));
#4353 = CARTESIAN_POINT('',(3.424072824067,-1.631630060007));
#4354 = CARTESIAN_POINT('',(3.357250659479,-1.314078397663));
#4355 = CARTESIAN_POINT('',(3.300831142419,-0.994668190755));
#4356 = CARTESIAN_POINT('',(3.202372647813,-0.326170912607));
#4357 = CARTESIAN_POINT('',(3.161945169892,2.239080172392E-02));
#4358 = CARTESIAN_POINT('',(3.130530871105,0.372070711565));
#4359 = CARTESIAN_POINT('',(3.106950097352,0.722467022123));
#4360 = CARTESIAN_POINT('',(3.090273381351,1.073285530273));
#4361 = CARTESIAN_POINT('',(3.079738963342,1.424332719086));
#4362 = CARTESIAN_POINT('',(3.074730064795,1.775514031473));
#4363 = CARTESIAN_POINT('',(3.074730064795,2.126828847437));
#4364 = ( GEOMETRIC_REPRESENTATION_CONTEXT(2) 
PARAMETRIC_REPRESENTATION_CONTEXT() REPRESENTATION_CONTEXT('2D SPACE',''
  ) );
#4365 = ORIENTED_EDGE('',*,*,#4175,.T.);
#4366 = ORIENTED_EDGE('',*,*,#3695,.T.);
#4367 = ORIENTED_EDGE('',*,*,#4368,.F.);
#4368 = EDGE_CURVE('',#4200,#3696,#4369,.T.);
#4369 = SURFACE_CURVE('',#4370,(#4374,#4381),.PCURVE_S1.);
#4370 = LINE('',#4371,#4372);
#4371 = CARTESIAN_POINT('',(130.65654438087,-4.623610143023,
    -6.31125634182));
#4372 = VECTOR('',#4373,1.);
#4373 = DIRECTION('',(1.,0.,1.110223024625E-16));
#4374 = PCURVE('',#3711,#4375);
#4375 = DEFINITIONAL_REPRESENTATION('',(#4376),#4380);
#4376 = LINE('',#4377,#4378);
#4377 = CARTESIAN_POINT('',(1.,0.));
#4378 = VECTOR('',#4379,1.);
#4379 = DIRECTION('',(0.,-1.));
#4380 = ( GEOMETRIC_REPRESENTATION_CONTEXT(2) 
PARAMETRIC_REPRESENTATION_CONTEXT() REPRESENTATION_CONTEXT('2D SPACE',''
  ) );
#4381 = PCURVE('',#3741,#4382);
#4382 = DEFINITIONAL_REPRESENTATION('',(#4383),#4387);
#4383 = LINE('',#4384,#4385);
#4384 = CARTESIAN_POINT('',(0.,0.));
#4385 = VECTOR('',#4386,1.);
#4386 = DIRECTION('',(0.,-1.));
#4387 = ( GEOMETRIC_REPRESENTATION_CONTEXT(2) 
PARAMETRIC_REPRESENTATION_CONTEXT() REPRESENTATION_CONTEXT('2D SPACE',''
  ) );
#4388 = ADVANCED_FACE('',(#4389),#3741,.T.);
#4389 = FACE_BOUND('',#4390,.T.);
#4390 = EDGE_LOOP('',(#4391,#4471,#4472,#4473));
#4391 = ORIENTED_EDGE('',*,*,#4392,.T.);
#4392 = EDGE_CURVE('',#4393,#4200,#4395,.T.);
#4393 = VERTEX_POINT('',#4394);
#4394 = CARTESIAN_POINT('',(132.40654438087,-2.959103389434,
    -8.83106302569));
#4395 = SURFACE_CURVE('',#4396,(#4419,#4445),.PCURVE_S1.);
#4396 = B_SPLINE_CURVE_WITH_KNOTS('',5,(#4397,#4398,#4399,#4400,#4401,
    #4402,#4403,#4404,#4405,#4406,#4407,#4408,#4409,#4410,#4411,#4412,
    #4413,#4414,#4415,#4416,#4417,#4418),.UNSPECIFIED.,.F.,.F.,(6,4,4,4,
    4,6),(0.,0.234196614338,0.350330610193,0.576937551385,0.84605072569,
    1.),.UNSPECIFIED.);
#4397 = CARTESIAN_POINT('',(132.40654438087,-2.959103389434,
    -8.83106302569));
#4398 = CARTESIAN_POINT('',(132.40654438087,-3.095704361667,
    -8.764660075515));
#4399 = CARTESIAN_POINT('',(132.40654438087,-3.22918293526,
    -8.692573214769));
#4400 = CARTESIAN_POINT('',(132.40654438087,-3.358891551872,
    -8.614303622494));
#4401 = CARTESIAN_POINT('',(132.40654438087,-3.483897682154,
    -8.529359320816));
#4402 = CARTESIAN_POINT('',(132.40654438087,-3.662239303176,
    -8.391869501583));
#4403 = CARTESIAN_POINT('',(132.40654438087,-3.719934693086,
    -8.344580377937));
#4404 = CARTESIAN_POINT('',(132.40654438087,-3.776071137986,
    -8.295547419213));
#4405 = CARTESIAN_POINT('',(132.40654438087,-3.830503990129,
    -8.244753844722));
#4406 = CARTESIAN_POINT('',(132.40654438087,-3.985696893039,
    -8.089684013357));
#4407 = CARTESIAN_POINT('',(132.40654438087,-4.081294367144,
    -7.980470459113));
#4408 = CARTESIAN_POINT('',(132.40654438087,-4.168750977058,
    -7.86469949954));
#4409 = CARTESIAN_POINT('',(132.40654438087,-4.247102161135,
    -7.742805798347));
#4410 = CARTESIAN_POINT('',(132.40654438087,-4.397477693371,
    -7.464842956337));
#4411 = CARTESIAN_POINT('',(132.40654438087,-4.465599051857,
    -7.306576035511));
#4412 = CARTESIAN_POINT('',(132.40654438087,-4.519319422273,
    -7.142556545218));
#4413 = CARTESIAN_POINT('',(132.40654438087,-4.559157041352,
    -6.974553567441));
#4414 = CARTESIAN_POINT('',(132.40654438087,-4.60160537272,
    -6.706706646787));
#4415 = CARTESIAN_POINT('',(132.40654438087,-4.612855207913,
    -6.608438394316));
#4416 = CARTESIAN_POINT('',(132.40654438087,-4.620107180896,
    -6.50963684678));
#4417 = CARTESIAN_POINT('',(132.40654438087,-4.623610143023,
    -6.410521293299));
#4418 = CARTESIAN_POINT('',(132.40654438087,-4.623610143023,
    -6.31125634182));
#4419 = PCURVE('',#3741,#4420);
#4420 = DEFINITIONAL_REPRESENTATION('',(#4421),#4444);
#4421 = B_SPLINE_CURVE_WITH_KNOTS('',5,(#4422,#4423,#4424,#4425,#4426,
    #4427,#4428,#4429,#4430,#4431,#4432,#4433,#4434,#4435,#4436,#4437,
    #4438,#4439,#4440,#4441,#4442,#4443),.UNSPECIFIED.,.F.,.F.,(6,4,4,4,
    4,6),(0.,0.234196614338,0.350330610193,0.576937551385,0.84605072569,
    1.),.UNSPECIFIED.);
#4422 = CARTESIAN_POINT('',(1.,-1.75));
#4423 = CARTESIAN_POINT('',(0.958966531094,-1.75));
#4424 = CARTESIAN_POINT('',(0.916766057463,-1.75));
#4425 = CARTESIAN_POINT('',(0.873355296428,-1.75));
#4426 = CARTESIAN_POINT('',(0.828738078692,-1.75));
#4427 = CARTESIAN_POINT('',(0.760319288512,-1.75));
#4428 = CARTESIAN_POINT('',(0.737363858681,-1.75));
#4429 = CARTESIAN_POINT('',(0.714145530674,-1.75));
#4430 = CARTESIAN_POINT('',(0.690682298729,-1.75));
#4431 = CARTESIAN_POINT('',(0.62078981636,-1.75));
#4432 = CARTESIAN_POINT('',(0.573734760069,-1.75));
#4433 = CARTESIAN_POINT('',(0.526051856644,-1.75));
#4434 = CARTESIAN_POINT('',(0.478020848666,-1.75));
#4435 = CARTESIAN_POINT('',(0.372971548226,-1.75));
#4436 = CARTESIAN_POINT('',(0.3159287592,-1.75));
#4437 = CARTESIAN_POINT('',(0.259484391693,-1.75));
#4438 = CARTESIAN_POINT('',(0.204073475835,-1.75));
#4439 = CARTESIAN_POINT('',(0.119066648686,-1.75));
#4440 = CARTESIAN_POINT('',(8.856363912357E-02,-1.75));
#4441 = CARTESIAN_POINT('',(5.853765153639E-02,-1.75));
#4442 = CARTESIAN_POINT('',(2.901338501729E-02,-1.75));
#4443 = CARTESIAN_POINT('',(0.,-1.75));
#4444 = ( GEOMETRIC_REPRESENTATION_CONTEXT(2) 
PARAMETRIC_REPRESENTATION_CONTEXT() REPRESENTATION_CONTEXT('2D SPACE',''
  ) );
#4445 = PCURVE('',#3900,#4446);
#4446 = DEFINITIONAL_REPRESENTATION('',(#4447),#4470);
#4447 = B_SPLINE_CURVE_WITH_KNOTS('',5,(#4448,#4449,#4450,#4451,#4452,
    #4453,#4454,#4455,#4456,#4457,#4458,#4459,#4460,#4461,#4462,#4463,
    #4464,#4465,#4466,#4467,#4468,#4469),.UNSPECIFIED.,.F.,.F.,(6,4,4,4,
    4,6),(0.,0.234196614338,0.350330610193,0.576937551385,0.84605072569,
    1.),.UNSPECIFIED.);
#4448 = CARTESIAN_POINT('',(8.83106302569,-2.959103389434));
#4449 = CARTESIAN_POINT('',(8.764660075515,-3.095704361667));
#4450 = CARTESIAN_POINT('',(8.692573214769,-3.22918293526));
#4451 = CARTESIAN_POINT('',(8.614303622494,-3.358891551872));
#4452 = CARTESIAN_POINT('',(8.529359320816,-3.483897682154));
#4453 = CARTESIAN_POINT('',(8.391869501583,-3.662239303176));
#4454 = CARTESIAN_POINT('',(8.344580377937,-3.719934693086));
#4455 = CARTESIAN_POINT('',(8.295547419213,-3.776071137986));
#4456 = CARTESIAN_POINT('',(8.244753844722,-3.830503990129));
#4457 = CARTESIAN_POINT('',(8.089684013357,-3.985696893039));
#4458 = CARTESIAN_POINT('',(7.980470459113,-4.081294367144));
#4459 = CARTESIAN_POINT('',(7.86469949954,-4.168750977058));
#4460 = CARTESIAN_POINT('',(7.742805798347,-4.247102161135));
#4461 = CARTESIAN_POINT('',(7.464842956337,-4.397477693371));
#4462 = CARTESIAN_POINT('',(7.306576035511,-4.465599051857));
#4463 = CARTESIAN_POINT('',(7.142556545218,-4.519319422273));
#4464 = CARTESIAN_POINT('',(6.974553567441,-4.559157041352));
#4465 = CARTESIAN_POINT('',(6.706706646787,-4.60160537272));
#4466 = CARTESIAN_POINT('',(6.608438394316,-4.612855207913));
#4467 = CARTESIAN_POINT('',(6.50963684678,-4.620107180896));
#4468 = CARTESIAN_POINT('',(6.410521293299,-4.623610143023));
#4469 = CARTESIAN_POINT('',(6.31125634182,-4.623610143023));
#4470 = ( GEOMETRIC_REPRESENTATION_CONTEXT(2) 
PARAMETRIC_REPRESENTATION_CONTEXT() REPRESENTATION_CONTEXT('2D SPACE',''
  ) );
#4471 = ORIENTED_EDGE('',*,*,#4368,.T.);
#4472 = ORIENTED_EDGE('',*,*,#3725,.T.);
#4473 = ORIENTED_EDGE('',*,*,#4474,.F.);
#4474 = EDGE_CURVE('',#4393,#3726,#4475,.T.);
#4475 = SURFACE_CURVE('',#4476,(#4480,#4487),.PCURVE_S1.);
#4476 = LINE('',#4477,#4478);
#4477 = CARTESIAN_POINT('',(130.65654438087,-2.959103389434,
    -8.83106302569));
#4478 = VECTOR('',#4479,1.);
#4479 = DIRECTION('',(1.,0.,1.110223024625E-16));
#4480 = PCURVE('',#3741,#4481);
#4481 = DEFINITIONAL_REPRESENTATION('',(#4482),#4486);
#4482 = LINE('',#4483,#4484);
#4483 = CARTESIAN_POINT('',(1.,0.));
#4484 = VECTOR('',#4485,1.);
#4485 = DIRECTION('',(0.,-1.));
#4486 = ( GEOMETRIC_REPRESENTATION_CONTEXT(2) 
PARAMETRIC_REPRESENTATION_CONTEXT() REPRESENTATION_CONTEXT('2D SPACE',''
  ) );
#4487 = PCURVE('',#3769,#4488);
#4488 = DEFINITIONAL_REPRESENTATION('',(#4489),#4493);
#4489 = LINE('',#4490,#4491);
#4490 = CARTESIAN_POINT('',(0.,0.));
#4491 = VECTOR('',#4492,1.);
#4492 = DIRECTION('',(0.,-1.));
#4493 = ( GEOMETRIC_REPRESENTATION_CONTEXT(2) 
PARAMETRIC_REPRESENTATION_CONTEXT() REPRESENTATION_CONTEXT('2D SPACE',''
  ) );
#4494 = ADVANCED_FACE('',(#4495),#3769,.T.);
#4495 = FACE_BOUND('',#4496,.T.);
#4496 = EDGE_LOOP('',(#4497,#4569,#4570,#4571));
#4497 = ORIENTED_EDGE('',*,*,#4498,.T.);
#4498 = EDGE_CURVE('',#3789,#4393,#4499,.T.);
#4499 = SURFACE_CURVE('',#4500,(#4521,#4545),.PCURVE_S1.);
#4500 = B_SPLINE_CURVE_WITH_KNOTS('',7,(#4501,#4502,#4503,#4504,#4505,
    #4506,#4507,#4508,#4509,#4510,#4511,#4512,#4513,#4514,#4515,#4516,
    #4517,#4518,#4519,#4520),.UNSPECIFIED.,.F.,.F.,(8,6,6,8),(0.,
    0.382887575112,0.701702671648,1.),.UNSPECIFIED.);
#4501 = CARTESIAN_POINT('',(132.40654438087,2.196213083565,
    -9.640194594947));
#4502 = CARTESIAN_POINT('',(132.40654438087,1.906220137248,
    -9.640194594947));
#4503 = CARTESIAN_POINT('',(132.40654438087,1.616387809358,
    -9.636937109515));
#4504 = CARTESIAN_POINT('',(132.40654438087,1.326757454108,
    -9.630132294995));
#4505 = CARTESIAN_POINT('',(132.40654438087,1.037406983506,
    -9.619435002824));
#4506 = CARTESIAN_POINT('',(132.40654438087,0.748451330356,
    -9.60443777301));
#4507 = CARTESIAN_POINT('',(132.40654438087,0.460045277008,
    -9.584640668863));
#4508 = CARTESIAN_POINT('',(132.40654438087,-6.713146340381E-02,
    -9.53837935788));
#4509 = CARTESIAN_POINT('',(132.40654438087,-0.306096913946,
    -9.513587804717));
#4510 = CARTESIAN_POINT('',(132.40654438087,-0.544418992609,
    -9.484651135305));
#4511 = CARTESIAN_POINT('',(132.40654438087,-0.781931177039,
    -9.451122495417));
#4512 = CARTESIAN_POINT('',(132.40654438087,-1.018388317606,
    -9.41247409927));
#4513 = CARTESIAN_POINT('',(132.40654438087,-1.253457583066,
    -9.368054308703));
#4514 = CARTESIAN_POINT('',(132.40654438087,-1.704934048848,
    -9.269246896481));
#4515 = CARTESIAN_POINT('',(132.40654438087,-1.921437734542,
    -9.215713154065));
#4516 = CARTESIAN_POINT('',(132.40654438087,-2.135979888554,
    -9.155689365404));
#4517 = CARTESIAN_POINT('',(132.40654438087,-2.348029973372,
    -9.088329971797));
#4518 = CARTESIAN_POINT('',(132.40654438087,-2.556743370216,
    -9.012626116914));
#4519 = CARTESIAN_POINT('',(132.40654438087,-2.760953967552,
    -8.927385225843));
#4520 = CARTESIAN_POINT('',(132.40654438087,-2.959103389434,
    -8.83106302569));
#4521 = PCURVE('',#3769,#4522);
#4522 = DEFINITIONAL_REPRESENTATION('',(#4523),#4544);
#4523 = B_SPLINE_CURVE_WITH_KNOTS('',7,(#4524,#4525,#4526,#4527,#4528,
    #4529,#4530,#4531,#4532,#4533,#4534,#4535,#4536,#4537,#4538,#4539,
    #4540,#4541,#4542,#4543),.UNSPECIFIED.,.F.,.F.,(8,6,6,8),(0.,
    0.382887575112,0.701702671648,1.),.UNSPECIFIED.);
#4524 = CARTESIAN_POINT('',(1.,-1.75));
#4525 = CARTESIAN_POINT('',(0.958463369587,-1.75));
#4526 = CARTESIAN_POINT('',(0.915896619912,-1.75));
#4527 = CARTESIAN_POINT('',(0.872211969589,-1.75));
#4528 = CARTESIAN_POINT('',(0.827308993784,-1.75));
#4529 = CARTESIAN_POINT('',(0.781072425366,-1.75));
#4530 = CARTESIAN_POINT('',(0.733362807832,-1.75));
#4531 = CARTESIAN_POINT('',(0.642897573681,-1.75));
#4532 = CARTESIAN_POINT('',(0.600654819183,-1.75));
#4533 = CARTESIAN_POINT('',(0.557164126141,-1.75));
#4534 = CARTESIAN_POINT('',(0.512304880847,-1.75));
#4535 = CARTESIAN_POINT('',(0.465941566956,-1.75));
#4536 = CARTESIAN_POINT('',(0.417911186326,-1.75));
#4537 = CARTESIAN_POINT('',(0.321300914236,-1.75));
#4538 = CARTESIAN_POINT('',(0.272983256811,-1.75));
#4539 = CARTESIAN_POINT('',(0.22284836359,-1.75));
#4540 = CARTESIAN_POINT('',(0.170698861214,-1.75));
#4541 = CARTESIAN_POINT('',(0.116329570077,-1.75));
#4542 = CARTESIAN_POINT('',(5.952196392555E-02,-1.75));
#4543 = CARTESIAN_POINT('',(0.,-1.75));
#4544 = ( GEOMETRIC_REPRESENTATION_CONTEXT(2) 
PARAMETRIC_REPRESENTATION_CONTEXT() REPRESENTATION_CONTEXT('2D SPACE',''
  ) );
#4545 = PCURVE('',#3900,#4546);
#4546 = DEFINITIONAL_REPRESENTATION('',(#4547),#4568);
#4547 = B_SPLINE_CURVE_WITH_KNOTS('',7,(#4548,#4549,#4550,#4551,#4552,
    #4553,#4554,#4555,#4556,#4557,#4558,#4559,#4560,#4561,#4562,#4563,
    #4564,#4565,#4566,#4567),.UNSPECIFIED.,.F.,.F.,(8,6,6,8),(0.,
    0.382887575112,0.701702671648,1.),.UNSPECIFIED.);
#4548 = CARTESIAN_POINT('',(9.640194594947,2.196213083565));
#4549 = CARTESIAN_POINT('',(9.640194594947,1.906220137248));
#4550 = CARTESIAN_POINT('',(9.636937109515,1.616387809358));
#4551 = CARTESIAN_POINT('',(9.630132294995,1.326757454108));
#4552 = CARTESIAN_POINT('',(9.619435002824,1.037406983506));
#4553 = CARTESIAN_POINT('',(9.60443777301,0.748451330356));
#4554 = CARTESIAN_POINT('',(9.584640668863,0.460045277008));
#4555 = CARTESIAN_POINT('',(9.53837935788,-6.713146340381E-02));
#4556 = CARTESIAN_POINT('',(9.513587804717,-0.306096913946));
#4557 = CARTESIAN_POINT('',(9.484651135305,-0.544418992609));
#4558 = CARTESIAN_POINT('',(9.451122495417,-0.781931177039));
#4559 = CARTESIAN_POINT('',(9.41247409927,-1.018388317606));
#4560 = CARTESIAN_POINT('',(9.368054308703,-1.253457583066));
#4561 = CARTESIAN_POINT('',(9.269246896481,-1.704934048848));
#4562 = CARTESIAN_POINT('',(9.215713154065,-1.921437734542));
#4563 = CARTESIAN_POINT('',(9.155689365404,-2.135979888554));
#4564 = CARTESIAN_POINT('',(9.088329971797,-2.348029973372));
#4565 = CARTESIAN_POINT('',(9.012626116914,-2.556743370216));
#4566 = CARTESIAN_POINT('',(8.927385225843,-2.760953967552));
#4567 = CARTESIAN_POINT('',(8.83106302569,-2.959103389434));
#4568 = ( GEOMETRIC_REPRESENTATION_CONTEXT(2) 
PARAMETRIC_REPRESENTATION_CONTEXT() REPRESENTATION_CONTEXT('2D SPACE',''
  ) );
#4569 = ORIENTED_EDGE('',*,*,#4474,.T.);
#4570 = ORIENTED_EDGE('',*,*,#3755,.T.);
#4571 = ORIENTED_EDGE('',*,*,#3960,.F.);
#4572 = ADVANCED_FACE('',(#4573),#3900,.T.);
#4573 = FACE_BOUND('',#4574,.T.);
#4574 = EDGE_LOOP('',(#4575,#4576,#4577,#4578,#4579));
#4575 = ORIENTED_EDGE('',*,*,#3786,.F.);
#4576 = ORIENTED_EDGE('',*,*,#4006,.F.);
#4577 = ORIENTED_EDGE('',*,*,#4199,.F.);
#4578 = ORIENTED_EDGE('',*,*,#4392,.F.);
#4579 = ORIENTED_EDGE('',*,*,#4498,.F.);
#4580 = ORIENTED_CLOSED_SHELL('',*,#4581,.F.);
#4581 = CLOSED_SHELL('',(#4582,#4702,#4778,#4849,#4876,#6032,#6039,#6115
    ,#6164,#6213,#6262,#6311,#6360,#6409,#6436,#6512,#6561,#6610,#6659,
    #6708,#6757,#6806,#6855,#6904,#6931,#6942,#7107,#7327,#7520,#7713,
    #7819,#7897));
#4582 = ADVANCED_FACE('',(#4583),#4597,.T.);
#4583 = FACE_BOUND('',#4584,.T.);
#4584 = EDGE_LOOP('',(#4585,#4620,#4648,#4676));
#4585 = ORIENTED_EDGE('',*,*,#4586,.T.);
#4586 = EDGE_CURVE('',#4587,#4589,#4591,.T.);
#4587 = VERTEX_POINT('',#4588);
#4588 = CARTESIAN_POINT('',(-132.4065443808,-17.78311141222,
    27.563822688949));
#4589 = VERTEX_POINT('',#4590);
#4590 = CARTESIAN_POINT('',(-128.9065443808,-17.78311141222,
    27.563822688949));
#4591 = SURFACE_CURVE('',#4592,(#4596,#4608),.PCURVE_S1.);
#4592 = LINE('',#4593,#4594);
#4593 = CARTESIAN_POINT('',(-132.4065443808,-17.78311141222,
    27.563822688949));
#4594 = VECTOR('',#4595,1.);
#4595 = DIRECTION('',(1.,0.,2.22044604925E-16));
#4596 = PCURVE('',#4597,#4602);
#4597 = PLANE('',#4598);
#4598 = AXIS2_PLACEMENT_3D('',#4599,#4600,#4601);
#4599 = CARTESIAN_POINT('',(-132.4065443808,-17.78311141222,
    27.563822688949));
#4600 = DIRECTION('',(-2.22044604925E-16,0.,1.));
#4601 = DIRECTION('',(0.,1.,0.));
#4602 = DEFINITIONAL_REPRESENTATION('',(#4603),#4607);
#4603 = LINE('',#4604,#4605);
#4604 = CARTESIAN_POINT('',(0.,0.));
#4605 = VECTOR('',#4606,1.);
#4606 = DIRECTION('',(0.,-1.));
#4607 = ( GEOMETRIC_REPRESENTATION_CONTEXT(2) 
PARAMETRIC_REPRESENTATION_CONTEXT() REPRESENTATION_CONTEXT('2D SPACE',''
  ) );
#4608 = PCURVE('',#4609,#4614);
#4609 = PLANE('',#4610);
#4610 = AXIS2_PLACEMENT_3D('',#4611,#4612,#4613);
#4611 = CARTESIAN_POINT('',(-132.4065443808,-17.78311141222,
    27.563822688949));
#4612 = DIRECTION('',(0.,1.,0.));
#4613 = DIRECTION('',(2.22044604925E-16,0.,-1.));
#4614 = DEFINITIONAL_REPRESENTATION('',(#4615),#4619);
#4615 = LINE('',#4616,#4617);
#4616 = CARTESIAN_POINT('',(0.,0.));
#4617 = VECTOR('',#4618,1.);
#4618 = DIRECTION('',(0.,-1.));
#4619 = ( GEOMETRIC_REPRESENTATION_CONTEXT(2) 
PARAMETRIC_REPRESENTATION_CONTEXT() REPRESENTATION_CONTEXT('2D SPACE',''
  ) );
#4620 = ORIENTED_EDGE('',*,*,#4621,.T.);
#4621 = EDGE_CURVE('',#4589,#4622,#4624,.T.);
#4622 = VERTEX_POINT('',#4623);
#4623 = CARTESIAN_POINT('',(-128.9065443808,17.783111412225,
    27.563822688949));
#4624 = SURFACE_CURVE('',#4625,(#4629,#4636),.PCURVE_S1.);
#4625 = LINE('',#4626,#4627);
#4626 = CARTESIAN_POINT('',(-128.9065443808,0.,27.563822688949));
#4627 = VECTOR('',#4628,1.);
#4628 = DIRECTION('',(0.,1.,0.));
#4629 = PCURVE('',#4597,#4630);
#4630 = DEFINITIONAL_REPRESENTATION('',(#4631),#4635);
#4631 = LINE('',#4632,#4633);
#4632 = CARTESIAN_POINT('',(17.783111412225,-3.5));
#4633 = VECTOR('',#4634,1.);
#4634 = DIRECTION('',(1.,0.));
#4635 = ( GEOMETRIC_REPRESENTATION_CONTEXT(2) 
PARAMETRIC_REPRESENTATION_CONTEXT() REPRESENTATION_CONTEXT('2D SPACE',''
  ) );
#4636 = PCURVE('',#4637,#4642);
#4637 = PLANE('',#4638);
#4638 = AXIS2_PLACEMENT_3D('',#4639,#4640,#4641);
#4639 = CARTESIAN_POINT('',(-128.9065443808,0.,7.771561172376E-16));
#4640 = DIRECTION('',(1.,0.,2.22044604925E-16));
#4641 = DIRECTION('',(2.22044604925E-16,0.,-1.));
#4642 = DEFINITIONAL_REPRESENTATION('',(#4643),#4647);
#4643 = LINE('',#4644,#4645);
#4644 = CARTESIAN_POINT('',(-27.56382268894,0.));
#4645 = VECTOR('',#4646,1.);
#4646 = DIRECTION('',(0.,1.));
#4647 = ( GEOMETRIC_REPRESENTATION_CONTEXT(2) 
PARAMETRIC_REPRESENTATION_CONTEXT() REPRESENTATION_CONTEXT('2D SPACE',''
  ) );
#4648 = ORIENTED_EDGE('',*,*,#4649,.F.);
#4649 = EDGE_CURVE('',#4650,#4622,#4652,.T.);
#4650 = VERTEX_POINT('',#4651);
#4651 = CARTESIAN_POINT('',(-132.4065443808,17.783111412225,
    27.563822688949));
#4652 = SURFACE_CURVE('',#4653,(#4657,#4664),.PCURVE_S1.);
#4653 = LINE('',#4654,#4655);
#4654 = CARTESIAN_POINT('',(-132.4065443808,17.783111412225,
    27.563822688949));
#4655 = VECTOR('',#4656,1.);
#4656 = DIRECTION('',(1.,0.,2.22044604925E-16));
#4657 = PCURVE('',#4597,#4658);
#4658 = DEFINITIONAL_REPRESENTATION('',(#4659),#4663);
#4659 = LINE('',#4660,#4661);
#4660 = CARTESIAN_POINT('',(35.566222824451,0.));
#4661 = VECTOR('',#4662,1.);
#4662 = DIRECTION('',(0.,-1.));
#4663 = ( GEOMETRIC_REPRESENTATION_CONTEXT(2) 
PARAMETRIC_REPRESENTATION_CONTEXT() REPRESENTATION_CONTEXT('2D SPACE',''
  ) );
#4664 = PCURVE('',#4665,#4670);
#4665 = PLANE('',#4666);
#4666 = AXIS2_PLACEMENT_3D('',#4667,#4668,#4669);
#4667 = CARTESIAN_POINT('',(-132.4065443808,17.783111412225,
    27.563822688949));
#4668 = DIRECTION('',(0.,1.,0.));
#4669 = DIRECTION('',(2.22044604925E-16,0.,-1.));
#4670 = DEFINITIONAL_REPRESENTATION('',(#4671),#4675);
#4671 = LINE('',#4672,#4673);
#4672 = CARTESIAN_POINT('',(0.,0.));
#4673 = VECTOR('',#4674,1.);
#4674 = DIRECTION('',(0.,-1.));
#4675 = ( GEOMETRIC_REPRESENTATION_CONTEXT(2) 
PARAMETRIC_REPRESENTATION_CONTEXT() REPRESENTATION_CONTEXT('2D SPACE',''
  ) );
#4676 = ORIENTED_EDGE('',*,*,#4677,.F.);
#4677 = EDGE_CURVE('',#4587,#4650,#4678,.T.);
#4678 = SURFACE_CURVE('',#4679,(#4683,#4690),.PCURVE_S1.);
#4679 = LINE('',#4680,#4681);
#4680 = CARTESIAN_POINT('',(-132.4065443808,0.,27.563822688949));
#4681 = VECTOR('',#4682,1.);
#4682 = DIRECTION('',(0.,1.,0.));
#4683 = PCURVE('',#4597,#4684);
#4684 = DEFINITIONAL_REPRESENTATION('',(#4685),#4689);
#4685 = LINE('',#4686,#4687);
#4686 = CARTESIAN_POINT('',(17.783111412225,0.));
#4687 = VECTOR('',#4688,1.);
#4688 = DIRECTION('',(1.,0.));
#4689 = ( GEOMETRIC_REPRESENTATION_CONTEXT(2) 
PARAMETRIC_REPRESENTATION_CONTEXT() REPRESENTATION_CONTEXT('2D SPACE',''
  ) );
#4690 = PCURVE('',#4691,#4696);
#4691 = PLANE('',#4692);
#4692 = AXIS2_PLACEMENT_3D('',#4693,#4694,#4695);
#4693 = CARTESIAN_POINT('',(-132.4065443808,0.,0.));
#4694 = DIRECTION('',(1.,0.,2.22044604925E-16));
#4695 = DIRECTION('',(2.22044604925E-16,0.,-1.));
#4696 = DEFINITIONAL_REPRESENTATION('',(#4697),#4701);
#4697 = LINE('',#4698,#4699);
#4698 = CARTESIAN_POINT('',(-27.56382268894,0.));
#4699 = VECTOR('',#4700,1.);
#4700 = DIRECTION('',(0.,1.));
#4701 = ( GEOMETRIC_REPRESENTATION_CONTEXT(2) 
PARAMETRIC_REPRESENTATION_CONTEXT() REPRESENTATION_CONTEXT('2D SPACE',''
  ) );
#4702 = ADVANCED_FACE('',(#4703),#4609,.F.);
#4703 = FACE_BOUND('',#4704,.F.);
#4704 = EDGE_LOOP('',(#4705,#4706,#4729,#4757));
#4705 = ORIENTED_EDGE('',*,*,#4586,.T.);
#4706 = ORIENTED_EDGE('',*,*,#4707,.T.);
#4707 = EDGE_CURVE('',#4589,#4708,#4710,.T.);
#4708 = VERTEX_POINT('',#4709);
#4709 = CARTESIAN_POINT('',(-128.9065443808,-17.78311141222,
    -27.56382268894));
#4710 = SURFACE_CURVE('',#4711,(#4715,#4722),.PCURVE_S1.);
#4711 = LINE('',#4712,#4713);
#4712 = CARTESIAN_POINT('',(-128.9065443808,-17.78311141222,
    7.771561172376E-16));
#4713 = VECTOR('',#4714,1.);
#4714 = DIRECTION('',(2.22044604925E-16,0.,-1.));
#4715 = PCURVE('',#4609,#4716);
#4716 = DEFINITIONAL_REPRESENTATION('',(#4717),#4721);
#4717 = LINE('',#4718,#4719);
#4718 = CARTESIAN_POINT('',(27.563822688949,-3.5));
#4719 = VECTOR('',#4720,1.);
#4720 = DIRECTION('',(1.,0.));
#4721 = ( GEOMETRIC_REPRESENTATION_CONTEXT(2) 
PARAMETRIC_REPRESENTATION_CONTEXT() REPRESENTATION_CONTEXT('2D SPACE',''
  ) );
#4722 = PCURVE('',#4637,#4723);
#4723 = DEFINITIONAL_REPRESENTATION('',(#4724),#4728);
#4724 = LINE('',#4725,#4726);
#4725 = CARTESIAN_POINT('',(0.,-17.78311141222));
#4726 = VECTOR('',#4727,1.);
#4727 = DIRECTION('',(1.,0.));
#4728 = ( GEOMETRIC_REPRESENTATION_CONTEXT(2) 
PARAMETRIC_REPRESENTATION_CONTEXT() REPRESENTATION_CONTEXT('2D SPACE',''
  ) );
#4729 = ORIENTED_EDGE('',*,*,#4730,.F.);
#4730 = EDGE_CURVE('',#4731,#4708,#4733,.T.);
#4731 = VERTEX_POINT('',#4732);
#4732 = CARTESIAN_POINT('',(-132.4065443808,-17.78311141222,
    -27.56382268894));
#4733 = SURFACE_CURVE('',#4734,(#4738,#4745),.PCURVE_S1.);
#4734 = LINE('',#4735,#4736);
#4735 = CARTESIAN_POINT('',(-132.4065443808,-17.78311141222,
    -27.56382268894));
#4736 = VECTOR('',#4737,1.);
#4737 = DIRECTION('',(1.,0.,2.22044604925E-16));
#4738 = PCURVE('',#4609,#4739);
#4739 = DEFINITIONAL_REPRESENTATION('',(#4740),#4744);
#4740 = LINE('',#4741,#4742);
#4741 = CARTESIAN_POINT('',(55.127645377899,0.));
#4742 = VECTOR('',#4743,1.);
#4743 = DIRECTION('',(0.,-1.));
#4744 = ( GEOMETRIC_REPRESENTATION_CONTEXT(2) 
PARAMETRIC_REPRESENTATION_CONTEXT() REPRESENTATION_CONTEXT('2D SPACE',''
  ) );
#4745 = PCURVE('',#4746,#4751);
#4746 = PLANE('',#4747);
#4747 = AXIS2_PLACEMENT_3D('',#4748,#4749,#4750);
#4748 = CARTESIAN_POINT('',(-132.4065443808,-17.78311141222,
    -27.56382268894));
#4749 = DIRECTION('',(-2.22044604925E-16,0.,1.));
#4750 = DIRECTION('',(0.,1.,0.));
#4751 = DEFINITIONAL_REPRESENTATION('',(#4752),#4756);
#4752 = LINE('',#4753,#4754);
#4753 = CARTESIAN_POINT('',(0.,0.));
#4754 = VECTOR('',#4755,1.);
#4755 = DIRECTION('',(0.,-1.));
#4756 = ( GEOMETRIC_REPRESENTATION_CONTEXT(2) 
PARAMETRIC_REPRESENTATION_CONTEXT() REPRESENTATION_CONTEXT('2D SPACE',''
  ) );
#4757 = ORIENTED_EDGE('',*,*,#4758,.F.);
#4758 = EDGE_CURVE('',#4587,#4731,#4759,.T.);
#4759 = SURFACE_CURVE('',#4760,(#4764,#4771),.PCURVE_S1.);
#4760 = LINE('',#4761,#4762);
#4761 = CARTESIAN_POINT('',(-132.4065443808,-17.78311141222,0.));
#4762 = VECTOR('',#4763,1.);
#4763 = DIRECTION('',(2.22044604925E-16,0.,-1.));
#4764 = PCURVE('',#4609,#4765);
#4765 = DEFINITIONAL_REPRESENTATION('',(#4766),#4770);
#4766 = LINE('',#4767,#4768);
#4767 = CARTESIAN_POINT('',(27.563822688949,0.));
#4768 = VECTOR('',#4769,1.);
#4769 = DIRECTION('',(1.,0.));
#4770 = ( GEOMETRIC_REPRESENTATION_CONTEXT(2) 
PARAMETRIC_REPRESENTATION_CONTEXT() REPRESENTATION_CONTEXT('2D SPACE',''
  ) );
#4771 = PCURVE('',#4691,#4772);
#4772 = DEFINITIONAL_REPRESENTATION('',(#4773),#4777);
#4773 = LINE('',#4774,#4775);
#4774 = CARTESIAN_POINT('',(0.,-17.78311141222));
#4775 = VECTOR('',#4776,1.);
#4776 = DIRECTION('',(1.,0.));
#4777 = ( GEOMETRIC_REPRESENTATION_CONTEXT(2) 
PARAMETRIC_REPRESENTATION_CONTEXT() REPRESENTATION_CONTEXT('2D SPACE',''
  ) );
#4778 = ADVANCED_FACE('',(#4779),#4665,.T.);
#4779 = FACE_BOUND('',#4780,.T.);
#4780 = EDGE_LOOP('',(#4781,#4782,#4805,#4828));
#4781 = ORIENTED_EDGE('',*,*,#4649,.T.);
#4782 = ORIENTED_EDGE('',*,*,#4783,.T.);
#4783 = EDGE_CURVE('',#4622,#4784,#4786,.T.);
#4784 = VERTEX_POINT('',#4785);
#4785 = CARTESIAN_POINT('',(-128.9065443808,17.783111412225,
    -27.56382268894));
#4786 = SURFACE_CURVE('',#4787,(#4791,#4798),.PCURVE_S1.);
#4787 = LINE('',#4788,#4789);
#4788 = CARTESIAN_POINT('',(-128.9065443808,17.783111412225,
    7.771561172376E-16));
#4789 = VECTOR('',#4790,1.);
#4790 = DIRECTION('',(2.22044604925E-16,0.,-1.));
#4791 = PCURVE('',#4665,#4792);
#4792 = DEFINITIONAL_REPRESENTATION('',(#4793),#4797);
#4793 = LINE('',#4794,#4795);
#4794 = CARTESIAN_POINT('',(27.563822688949,-3.5));
#4795 = VECTOR('',#4796,1.);
#4796 = DIRECTION('',(1.,0.));
#4797 = ( GEOMETRIC_REPRESENTATION_CONTEXT(2) 
PARAMETRIC_REPRESENTATION_CONTEXT() REPRESENTATION_CONTEXT('2D SPACE',''
  ) );
#4798 = PCURVE('',#4637,#4799);
#4799 = DEFINITIONAL_REPRESENTATION('',(#4800),#4804);
#4800 = LINE('',#4801,#4802);
#4801 = CARTESIAN_POINT('',(0.,17.783111412225));
#4802 = VECTOR('',#4803,1.);
#4803 = DIRECTION('',(1.,0.));
#4804 = ( GEOMETRIC_REPRESENTATION_CONTEXT(2) 
PARAMETRIC_REPRESENTATION_CONTEXT() REPRESENTATION_CONTEXT('2D SPACE',''
  ) );
#4805 = ORIENTED_EDGE('',*,*,#4806,.F.);
#4806 = EDGE_CURVE('',#4807,#4784,#4809,.T.);
#4807 = VERTEX_POINT('',#4808);
#4808 = CARTESIAN_POINT('',(-132.4065443808,17.783111412225,
    -27.56382268894));
#4809 = SURFACE_CURVE('',#4810,(#4814,#4821),.PCURVE_S1.);
#4810 = LINE('',#4811,#4812);
#4811 = CARTESIAN_POINT('',(-132.4065443808,17.783111412225,
    -27.56382268894));
#4812 = VECTOR('',#4813,1.);
#4813 = DIRECTION('',(1.,0.,2.22044604925E-16));
#4814 = PCURVE('',#4665,#4815);
#4815 = DEFINITIONAL_REPRESENTATION('',(#4816),#4820);
#4816 = LINE('',#4817,#4818);
#4817 = CARTESIAN_POINT('',(55.127645377899,0.));
#4818 = VECTOR('',#4819,1.);
#4819 = DIRECTION('',(0.,-1.));
#4820 = ( GEOMETRIC_REPRESENTATION_CONTEXT(2) 
PARAMETRIC_REPRESENTATION_CONTEXT() REPRESENTATION_CONTEXT('2D SPACE',''
  ) );
#4821 = PCURVE('',#4746,#4822);
#4822 = DEFINITIONAL_REPRESENTATION('',(#4823),#4827);
#4823 = LINE('',#4824,#4825);
#4824 = CARTESIAN_POINT('',(35.566222824451,0.));
#4825 = VECTOR('',#4826,1.);
#4826 = DIRECTION('',(0.,-1.));
#4827 = ( GEOMETRIC_REPRESENTATION_CONTEXT(2) 
PARAMETRIC_REPRESENTATION_CONTEXT() REPRESENTATION_CONTEXT('2D SPACE',''
  ) );
#4828 = ORIENTED_EDGE('',*,*,#4829,.F.);
#4829 = EDGE_CURVE('',#4650,#4807,#4830,.T.);
#4830 = SURFACE_CURVE('',#4831,(#4835,#4842),.PCURVE_S1.);
#4831 = LINE('',#4832,#4833);
#4832 = CARTESIAN_POINT('',(-132.4065443808,17.783111412225,0.));
#4833 = VECTOR('',#4834,1.);
#4834 = DIRECTION('',(2.22044604925E-16,0.,-1.));
#4835 = PCURVE('',#4665,#4836);
#4836 = DEFINITIONAL_REPRESENTATION('',(#4837),#4841);
#4837 = LINE('',#4838,#4839);
#4838 = CARTESIAN_POINT('',(27.563822688949,0.));
#4839 = VECTOR('',#4840,1.);
#4840 = DIRECTION('',(1.,0.));
#4841 = ( GEOMETRIC_REPRESENTATION_CONTEXT(2) 
PARAMETRIC_REPRESENTATION_CONTEXT() REPRESENTATION_CONTEXT('2D SPACE',''
  ) );
#4842 = PCURVE('',#4691,#4843);
#4843 = DEFINITIONAL_REPRESENTATION('',(#4844),#4848);
#4844 = LINE('',#4845,#4846);
#4845 = CARTESIAN_POINT('',(0.,17.783111412225));
#4846 = VECTOR('',#4847,1.);
#4847 = DIRECTION('',(1.,0.));
#4848 = ( GEOMETRIC_REPRESENTATION_CONTEXT(2) 
PARAMETRIC_REPRESENTATION_CONTEXT() REPRESENTATION_CONTEXT('2D SPACE',''
  ) );
#4849 = ADVANCED_FACE('',(#4850),#4691,.F.);
#4850 = FACE_BOUND('',#4851,.F.);
#4851 = EDGE_LOOP('',(#4852,#4853,#4854,#4875));
#4852 = ORIENTED_EDGE('',*,*,#4677,.F.);
#4853 = ORIENTED_EDGE('',*,*,#4758,.T.);
#4854 = ORIENTED_EDGE('',*,*,#4855,.T.);
#4855 = EDGE_CURVE('',#4731,#4807,#4856,.T.);
#4856 = SURFACE_CURVE('',#4857,(#4861,#4868),.PCURVE_S1.);
#4857 = LINE('',#4858,#4859);
#4858 = CARTESIAN_POINT('',(-132.4065443808,0.,-27.56382268894));
#4859 = VECTOR('',#4860,1.);
#4860 = DIRECTION('',(0.,1.,0.));
#4861 = PCURVE('',#4691,#4862);
#4862 = DEFINITIONAL_REPRESENTATION('',(#4863),#4867);
#4863 = LINE('',#4864,#4865);
#4864 = CARTESIAN_POINT('',(27.563822688949,0.));
#4865 = VECTOR('',#4866,1.);
#4866 = DIRECTION('',(0.,1.));
#4867 = ( GEOMETRIC_REPRESENTATION_CONTEXT(2) 
PARAMETRIC_REPRESENTATION_CONTEXT() REPRESENTATION_CONTEXT('2D SPACE',''
  ) );
#4868 = PCURVE('',#4746,#4869);
#4869 = DEFINITIONAL_REPRESENTATION('',(#4870),#4874);
#4870 = LINE('',#4871,#4872);
#4871 = CARTESIAN_POINT('',(17.783111412225,0.));
#4872 = VECTOR('',#4873,1.);
#4873 = DIRECTION('',(1.,0.));
#4874 = ( GEOMETRIC_REPRESENTATION_CONTEXT(2) 
PARAMETRIC_REPRESENTATION_CONTEXT() REPRESENTATION_CONTEXT('2D SPACE',''
  ) );
#4875 = ORIENTED_EDGE('',*,*,#4829,.F.);
#4876 = ADVANCED_FACE('',(#4877,#4903,#5238),#4637,.T.);
#4877 = FACE_BOUND('',#4878,.T.);
#4878 = EDGE_LOOP('',(#4879,#4880,#4881,#4902));
#4879 = ORIENTED_EDGE('',*,*,#4621,.F.);
#4880 = ORIENTED_EDGE('',*,*,#4707,.T.);
#4881 = ORIENTED_EDGE('',*,*,#4882,.T.);
#4882 = EDGE_CURVE('',#4708,#4784,#4883,.T.);
#4883 = SURFACE_CURVE('',#4884,(#4888,#4895),.PCURVE_S1.);
#4884 = LINE('',#4885,#4886);
#4885 = CARTESIAN_POINT('',(-128.9065443808,0.,-27.56382268894));
#4886 = VECTOR('',#4887,1.);
#4887 = DIRECTION('',(0.,1.,0.));
#4888 = PCURVE('',#4637,#4889);
#4889 = DEFINITIONAL_REPRESENTATION('',(#4890),#4894);
#4890 = LINE('',#4891,#4892);
#4891 = CARTESIAN_POINT('',(27.563822688949,0.));
#4892 = VECTOR('',#4893,1.);
#4893 = DIRECTION('',(0.,1.));
#4894 = ( GEOMETRIC_REPRESENTATION_CONTEXT(2) 
PARAMETRIC_REPRESENTATION_CONTEXT() REPRESENTATION_CONTEXT('2D SPACE',''
  ) );
#4895 = PCURVE('',#4746,#4896);
#4896 = DEFINITIONAL_REPRESENTATION('',(#4897),#4901);
#4897 = LINE('',#4898,#4899);
#4898 = CARTESIAN_POINT('',(17.783111412225,-3.5));
#4899 = VECTOR('',#4900,1.);
#4900 = DIRECTION('',(1.,0.));
#4901 = ( GEOMETRIC_REPRESENTATION_CONTEXT(2) 
PARAMETRIC_REPRESENTATION_CONTEXT() REPRESENTATION_CONTEXT('2D SPACE',''
  ) );
#4902 = ORIENTED_EDGE('',*,*,#4783,.F.);
#4903 = FACE_BOUND('',#4904,.T.);
#4904 = EDGE_LOOP('',(#4905,#4933,#4959,#4985,#5075,#5162,#5188,#5214));
#4905 = ORIENTED_EDGE('',*,*,#4906,.F.);
#4906 = EDGE_CURVE('',#4907,#4909,#4911,.T.);
#4907 = VERTEX_POINT('',#4908);
#4908 = CARTESIAN_POINT('',(-128.9065443808,-5.895100257308,
    -6.866029214639));
#4909 = VERTEX_POINT('',#4910);
#4910 = CARTESIAN_POINT('',(-128.9065443808,5.779512384818,
    -6.866029214639));
#4911 = SURFACE_CURVE('',#4912,(#4916,#4922),.PCURVE_S1.);
#4912 = LINE('',#4913,#4914);
#4913 = CARTESIAN_POINT('',(-128.9065443808,2.889756192409,
    -6.866029214639));
#4914 = VECTOR('',#4915,1.);
#4915 = DIRECTION('',(2.719262146894E-32,1.,-1.224646799147E-16));
#4916 = PCURVE('',#4637,#4917);
#4917 = DEFINITIONAL_REPRESENTATION('',(#4918),#4921);
#4918 = B_SPLINE_CURVE_WITH_KNOTS('',1,(#4919,#4920),.UNSPECIFIED.,.F.,
  .F.,(2,2),(-8.784856449717,2.889756192409),.PIECEWISE_BEZIER_KNOTS.);
#4919 = CARTESIAN_POINT('',(6.866029214639,-5.895100257308));
#4920 = CARTESIAN_POINT('',(6.866029214639,5.779512384818));
#4921 = ( GEOMETRIC_REPRESENTATION_CONTEXT(2) 
PARAMETRIC_REPRESENTATION_CONTEXT() REPRESENTATION_CONTEXT('2D SPACE',''
  ) );
#4922 = PCURVE('',#4923,#4928);
#4923 = PLANE('',#4924);
#4924 = AXIS2_PLACEMENT_3D('',#4925,#4926,#4927);
#4925 = CARTESIAN_POINT('',(-130.6565443808,5.779512384818,
    -6.866029214639));
#4926 = DIRECTION('',(-1.110223024625E-16,-1.224646799147E-16,-1.));
#4927 = DIRECTION('',(0.,-1.,1.224646799147E-16));
#4928 = DEFINITIONAL_REPRESENTATION('',(#4929),#4932);
#4929 = B_SPLINE_CURVE_WITH_KNOTS('',1,(#4930,#4931),.UNSPECIFIED.,.F.,
  .F.,(2,2),(-8.784856449717,2.889756192409),.PIECEWISE_BEZIER_KNOTS.);
#4930 = CARTESIAN_POINT('',(11.674612642126,-1.75));
#4931 = CARTESIAN_POINT('',(0.,-1.75));
#4932 = ( GEOMETRIC_REPRESENTATION_CONTEXT(2) 
PARAMETRIC_REPRESENTATION_CONTEXT() REPRESENTATION_CONTEXT('2D SPACE',''
  ) );
#4933 = ORIENTED_EDGE('',*,*,#4934,.F.);
#4934 = EDGE_CURVE('',#4935,#4907,#4937,.T.);
#4935 = VERTEX_POINT('',#4936);
#4936 = CARTESIAN_POINT('',(-128.9065443808,-5.895100257308,
    -10.4956074063));
#4937 = SURFACE_CURVE('',#4938,(#4942,#4948),.PCURVE_S1.);
#4938 = LINE('',#4939,#4940);
#4939 = CARTESIAN_POINT('',(-128.9065443808,-5.895100257308,
    -3.43301460732));
#4940 = VECTOR('',#4941,1.);
#4941 = DIRECTION('',(-2.22044604925E-16,1.224646799147E-16,1.));
#4942 = PCURVE('',#4637,#4943);
#4943 = DEFINITIONAL_REPRESENTATION('',(#4944),#4947);
#4944 = B_SPLINE_CURVE_WITH_KNOTS('',1,(#4945,#4946),.UNSPECIFIED.,.F.,
  .F.,(2,2),(-7.062592798986,-3.43301460732),.PIECEWISE_BEZIER_KNOTS.);
#4945 = CARTESIAN_POINT('',(10.495607406306,-5.895100257308));
#4946 = CARTESIAN_POINT('',(6.866029214639,-5.895100257308));
#4947 = ( GEOMETRIC_REPRESENTATION_CONTEXT(2) 
PARAMETRIC_REPRESENTATION_CONTEXT() REPRESENTATION_CONTEXT('2D SPACE',''
  ) );
#4948 = PCURVE('',#4949,#4954);
#4949 = PLANE('',#4950);
#4950 = AXIS2_PLACEMENT_3D('',#4951,#4952,#4953);
#4951 = CARTESIAN_POINT('',(-130.6565443808,-5.895100257308,
    -6.866029214639));
#4952 = DIRECTION('',(0.,1.,-1.224646799147E-16));
#4953 = DIRECTION('',(-1.110223024625E-16,-1.224646799147E-16,-1.));
#4954 = DEFINITIONAL_REPRESENTATION('',(#4955),#4958);
#4955 = B_SPLINE_CURVE_WITH_KNOTS('',1,(#4956,#4957),.UNSPECIFIED.,.F.,
  .F.,(2,2),(-7.062592798986,-3.43301460732),.PIECEWISE_BEZIER_KNOTS.);
#4956 = CARTESIAN_POINT('',(3.629578191667,-1.75));
#4957 = CARTESIAN_POINT('',(0.,-1.75));
#4958 = ( GEOMETRIC_REPRESENTATION_CONTEXT(2) 
PARAMETRIC_REPRESENTATION_CONTEXT() REPRESENTATION_CONTEXT('2D SPACE',''
  ) );
#4959 = ORIENTED_EDGE('',*,*,#4960,.F.);
#4960 = EDGE_CURVE('',#4961,#4935,#4963,.T.);
#4961 = VERTEX_POINT('',#4962);
#4962 = CARTESIAN_POINT('',(-128.9065443808,-7.35156718359,
    -10.4956074063));
#4963 = SURFACE_CURVE('',#4964,(#4968,#4974),.PCURVE_S1.);
#4964 = LINE('',#4965,#4966);
#4965 = CARTESIAN_POINT('',(-128.9065443808,-2.947550128654,
    -10.4956074063));
#4966 = VECTOR('',#4967,1.);
#4967 = DIRECTION('',(2.719262146894E-32,1.,-1.224646799147E-16));
#4968 = PCURVE('',#4637,#4969);
#4969 = DEFINITIONAL_REPRESENTATION('',(#4970),#4973);
#4970 = B_SPLINE_CURVE_WITH_KNOTS('',1,(#4971,#4972),.UNSPECIFIED.,.F.,
  .F.,(2,2),(-4.404017054936,-2.947550128654),.PIECEWISE_BEZIER_KNOTS.);
#4971 = CARTESIAN_POINT('',(10.495607406306,-7.35156718359));
#4972 = CARTESIAN_POINT('',(10.495607406306,-5.895100257308));
#4973 = ( GEOMETRIC_REPRESENTATION_CONTEXT(2) 
PARAMETRIC_REPRESENTATION_CONTEXT() REPRESENTATION_CONTEXT('2D SPACE',''
  ) );
#4974 = PCURVE('',#4975,#4980);
#4975 = PLANE('',#4976);
#4976 = AXIS2_PLACEMENT_3D('',#4977,#4978,#4979);
#4977 = CARTESIAN_POINT('',(-130.6565443808,-5.895100257308,
    -10.4956074063));
#4978 = DIRECTION('',(-1.110223024625E-16,-1.224646799147E-16,-1.));
#4979 = DIRECTION('',(0.,-1.,1.224646799147E-16));
#4980 = DEFINITIONAL_REPRESENTATION('',(#4981),#4984);
#4981 = B_SPLINE_CURVE_WITH_KNOTS('',1,(#4982,#4983),.UNSPECIFIED.,.F.,
  .F.,(2,2),(-4.404017054936,-2.947550128654),.PIECEWISE_BEZIER_KNOTS.);
#4982 = CARTESIAN_POINT('',(1.456466926282,-1.75));
#4983 = CARTESIAN_POINT('',(0.,-1.75));
#4984 = ( GEOMETRIC_REPRESENTATION_CONTEXT(2) 
PARAMETRIC_REPRESENTATION_CONTEXT() REPRESENTATION_CONTEXT('2D SPACE',''
  ) );
#4985 = ORIENTED_EDGE('',*,*,#4986,.F.);
#4986 = EDGE_CURVE('',#4987,#4961,#4989,.T.);
#4987 = VERTEX_POINT('',#4988);
#4988 = CARTESIAN_POINT('',(-128.9065443808,-8.183764119846,
    -7.420877341511));
#4989 = SURFACE_CURVE('',#4990,(#5014,#5041),.PCURVE_S1.);
#4990 = B_SPLINE_CURVE_WITH_KNOTS('',8,(#4991,#4992,#4993,#4994,#4995,
    #4996,#4997,#4998,#4999,#5000,#5001,#5002,#5003,#5004,#5005,#5006,
    #5007,#5008,#5009,#5010,#5011,#5012,#5013),.UNSPECIFIED.,.F.,.F.,(9,
    7,7,9),(0.,0.136863662968,0.498440375065,1.),.UNSPECIFIED.);
#4991 = CARTESIAN_POINT('',(-128.9065443808,-8.183764119846,
    -7.420877341511));
#4992 = CARTESIAN_POINT('',(-128.9065443808,-8.15376211841,
    -7.461314544778));
#4993 = CARTESIAN_POINT('',(-128.9065443808,-8.125162595003,
    -7.503414703878));
#4994 = CARTESIAN_POINT('',(-128.9065443808,-8.097851742457,
    -7.546924704483));
#4995 = CARTESIAN_POINT('',(-128.9065443808,-8.071729870915,
    -7.591633252426));
#4996 = CARTESIAN_POINT('',(-128.9065443808,-8.046706908111,
    -7.637366350686));
#4997 = CARTESIAN_POINT('',(-128.9065443808,-8.022699278901,
    -7.683984192454));
#4998 = CARTESIAN_POINT('',(-128.9065443808,-7.99962816403,
    -7.731379470274));
#4999 = CARTESIAN_POINT('',(-128.9065443808,-7.918745664259,
    -7.906545038122));
#5000 = CARTESIAN_POINT('',(-128.9065443808,-7.866185267949,
    -8.038305028436));
#5001 = CARTESIAN_POINT('',(-128.9065443808,-7.818335231951,
    -8.17333502415));
#5002 = CARTESIAN_POINT('',(-128.9065443808,-7.774448609358,
    -8.310768466452));
#5003 = CARTESIAN_POINT('',(-128.9065443808,-7.733905327869,
    -8.449962911041));
#5004 = CARTESIAN_POINT('',(-128.9065443808,-7.696258789814,
    -8.59053384799));
#5005 = CARTESIAN_POINT('',(-128.9065443808,-7.661120093025,
    -8.732276074115));
#5006 = CARTESIAN_POINT('',(-128.9065443808,-7.582458398153,
    -9.07339451699));
#5007 = CARTESIAN_POINT('',(-128.9065443808,-7.541033274738,
    -9.27349993925));
#5008 = CARTESIAN_POINT('',(-128.9065443808,-7.503100763388,
    -9.475025790617));
#5009 = CARTESIAN_POINT('',(-128.9065443808,-7.468153866404,
    -9.67765521565));
#5010 = CARTESIAN_POINT('',(-128.9065443808,-7.435808149955,
    -9.881157920426));
#5011 = CARTESIAN_POINT('',(-128.9065443808,-7.405752261056,
    -10.0853721222));
#5012 = CARTESIAN_POINT('',(-128.9065443808,-7.377741799941,
    -10.29020254696));
#5013 = CARTESIAN_POINT('',(-128.9065443808,-7.35156718359,
    -10.4956074063));
#5014 = PCURVE('',#4637,#5015);
#5015 = DEFINITIONAL_REPRESENTATION('',(#5016),#5040);
#5016 = B_SPLINE_CURVE_WITH_KNOTS('',8,(#5017,#5018,#5019,#5020,#5021,
    #5022,#5023,#5024,#5025,#5026,#5027,#5028,#5029,#5030,#5031,#5032,
    #5033,#5034,#5035,#5036,#5037,#5038,#5039),.UNSPECIFIED.,.F.,.F.,(9,
    7,7,9),(0.,0.136863662968,0.498440375065,1.),.UNSPECIFIED.);
#5017 = CARTESIAN_POINT('',(7.420877341511,-8.183764119846));
#5018 = CARTESIAN_POINT('',(7.461314544778,-8.15376211841));
#5019 = CARTESIAN_POINT('',(7.503414703878,-8.125162595003));
#5020 = CARTESIAN_POINT('',(7.546924704483,-8.097851742457));
#5021 = CARTESIAN_POINT('',(7.591633252426,-8.071729870915));
#5022 = CARTESIAN_POINT('',(7.637366350686,-8.046706908111));
#5023 = CARTESIAN_POINT('',(7.683984192454,-8.022699278901));
#5024 = CARTESIAN_POINT('',(7.731379470274,-7.99962816403));
#5025 = CARTESIAN_POINT('',(7.906545038122,-7.918745664259));
#5026 = CARTESIAN_POINT('',(8.038305028436,-7.866185267949));
#5027 = CARTESIAN_POINT('',(8.17333502415,-7.818335231951));
#5028 = CARTESIAN_POINT('',(8.310768466452,-7.774448609358));
#5029 = CARTESIAN_POINT('',(8.449962911041,-7.733905327869));
#5030 = CARTESIAN_POINT('',(8.59053384799,-7.696258789814));
#5031 = CARTESIAN_POINT('',(8.732276074115,-7.661120093025));
#5032 = CARTESIAN_POINT('',(9.07339451699,-7.582458398153));
#5033 = CARTESIAN_POINT('',(9.27349993925,-7.541033274738));
#5034 = CARTESIAN_POINT('',(9.475025790617,-7.503100763388));
#5035 = CARTESIAN_POINT('',(9.67765521565,-7.468153866404));
#5036 = CARTESIAN_POINT('',(9.881157920426,-7.435808149955));
#5037 = CARTESIAN_POINT('',(10.085372122208,-7.405752261056));
#5038 = CARTESIAN_POINT('',(10.290202546961,-7.377741799941));
#5039 = CARTESIAN_POINT('',(10.495607406306,-7.35156718359));
#5040 = ( GEOMETRIC_REPRESENTATION_CONTEXT(2) 
PARAMETRIC_REPRESENTATION_CONTEXT() REPRESENTATION_CONTEXT('2D SPACE',''
  ) );
#5041 = PCURVE('',#5042,#5049);
#5042 = SURFACE_OF_LINEAR_EXTRUSION('',#5043,#5047);
#5043 = B_SPLINE_CURVE_WITH_KNOTS('',2,(#5044,#5045,#5046),
  .UNSPECIFIED.,.F.,.F.,(3,3),(0.,1.),.PIECEWISE_BEZIER_KNOTS.);
#5044 = CARTESIAN_POINT('',(-130.6565443808,-7.35156718359,
    -10.4956074063));
#5045 = CARTESIAN_POINT('',(-130.6565443808,-7.652056614026,
    -8.137521680613));
#5046 = CARTESIAN_POINT('',(-130.6565443808,-8.183764119846,
    -7.420877341511));
#5047 = VECTOR('',#5048,1.);
#5048 = DIRECTION('',(-1.,1.359631073447E-32,1.110223024625E-16));
#5049 = DEFINITIONAL_REPRESENTATION('',(#5050),#5074);
#5050 = B_SPLINE_CURVE_WITH_KNOTS('',8,(#5051,#5052,#5053,#5054,#5055,
    #5056,#5057,#5058,#5059,#5060,#5061,#5062,#5063,#5064,#5065,#5066,
    #5067,#5068,#5069,#5070,#5071,#5072,#5073),.UNSPECIFIED.,.F.,.F.,(9,
    7,7,9),(0.,0.136863662968,0.498440375065,1.),.UNSPECIFIED.);
#5051 = CARTESIAN_POINT('',(1.,-1.75));
#5052 = CARTESIAN_POINT('',(0.971787118756,-1.75));
#5053 = CARTESIAN_POINT('',(0.944497511194,-1.75));
#5054 = CARTESIAN_POINT('',(0.918069411708,-1.75));
#5055 = CARTESIAN_POINT('',(0.892447556175,-1.75));
#5056 = CARTESIAN_POINT('',(0.867580129275,-1.75));
#5057 = CARTESIAN_POINT('',(0.843416644206,-1.75));
#5058 = CARTESIAN_POINT('',(0.819906754794,-1.75));
#5059 = CARTESIAN_POINT('',(0.736483213415,-1.75));
#5060 = CARTESIAN_POINT('',(0.680275357114,-1.75));
#5061 = CARTESIAN_POINT('',(0.627426148912,-1.75));
#5062 = CARTESIAN_POINT('',(0.577441733591,-1.75));
#5063 = CARTESIAN_POINT('',(0.52990357744,-1.75));
#5064 = CARTESIAN_POINT('',(0.484501532061,-1.75));
#5065 = CARTESIAN_POINT('',(0.44095108531,-1.75));
#5066 = CARTESIAN_POINT('',(0.340807727352,-1.75));
#5067 = CARTESIAN_POINT('',(0.285791626093,-1.75));
#5068 = CARTESIAN_POINT('',(0.23337767049,-1.75));
#5069 = CARTESIAN_POINT('',(0.183200445129,-1.75));
#5070 = CARTESIAN_POINT('',(0.134981762539,-1.75));
#5071 = CARTESIAN_POINT('',(8.849356530109E-02,-1.75));
#5072 = CARTESIAN_POINT('',(4.355330620654E-02,-1.75));
#5073 = CARTESIAN_POINT('',(0.,-1.75));
#5074 = ( GEOMETRIC_REPRESENTATION_CONTEXT(2) 
PARAMETRIC_REPRESENTATION_CONTEXT() REPRESENTATION_CONTEXT('2D SPACE',''
  ) );
#5075 = ORIENTED_EDGE('',*,*,#5076,.F.);
#5076 = EDGE_CURVE('',#5077,#4987,#5079,.T.);
#5077 = VERTEX_POINT('',#5078);
#5078 = CARTESIAN_POINT('',(-128.9065443808,-10.61119645464,
    -6.172487869563));
#5079 = SURFACE_CURVE('',#5080,(#5103,#5129),.PCURVE_S1.);
#5080 = B_SPLINE_CURVE_WITH_KNOTS('',6,(#5081,#5082,#5083,#5084,#5085,
    #5086,#5087,#5088,#5089,#5090,#5091,#5092,#5093,#5094,#5095,#5096,
    #5097,#5098,#5099,#5100,#5101,#5102),.UNSPECIFIED.,.F.,.F.,(7,5,5,5,
    7),(0.,0.343895545166,0.63014223975,0.830070684288,1.),
  .UNSPECIFIED.);
#5081 = CARTESIAN_POINT('',(-128.9065443808,-10.61119645464,
    -6.172487869563));
#5082 = CARTESIAN_POINT('',(-128.9065443808,-10.45317355828,
    -6.21681281838));
#5083 = CARTESIAN_POINT('',(-128.9065443808,-10.29608350924,
    -6.263242198753));
#5084 = CARTESIAN_POINT('',(-128.9065443808,-10.14005797832,
    -6.312005137236));
#5085 = CARTESIAN_POINT('',(-128.9065443808,-9.985300969256,
    -6.363378334648));
#5086 = CARTESIAN_POINT('',(-128.9065443808,-9.832093834005,
    -6.417696835938));
#5087 = CARTESIAN_POINT('',(-128.9065443808,-9.554937179717,
    -6.523497547097));
#5088 = CARTESIAN_POINT('',(-128.9065443808,-9.430414889527,
    -6.573918996302));
#5089 = CARTESIAN_POINT('',(-128.9065443808,-9.307476565968,
    -6.62698253307));
#5090 = CARTESIAN_POINT('',(-128.9065443808,-9.186460556673,
    -6.68301990707));
#5091 = CARTESIAN_POINT('',(-128.9065443808,-9.067842938157,
    -6.742422358057));
#5092 = CARTESIAN_POINT('',(-128.9065443808,-8.871615686737,
    -6.84997241521));
#5093 = CARTESIAN_POINT('',(-128.9065443808,-8.792447066086,
    -6.896100713685));
#5094 = CARTESIAN_POINT('',(-128.9065443808,-8.715028529943,
    -6.944323344932));
#5095 = CARTESIAN_POINT('',(-128.9065443808,-8.639687686398,
    -6.994843168814));
#5096 = CARTESIAN_POINT('',(-128.9065443808,-8.56686600971,
    -7.047883512735));
#5097 = CARTESIAN_POINT('',(-128.9065443808,-8.437857496919,
    -7.151140008826));
#5098 = CARTESIAN_POINT('',(-128.9065443808,-8.380830939358,
    -7.200572547859));
#5099 = CARTESIAN_POINT('',(-128.9065443808,-8.326393009636,
    -7.252155419461));
#5100 = CARTESIAN_POINT('',(-128.9065443808,-8.275009572052,
    -7.306018667539));
#5101 = CARTESIAN_POINT('',(-128.9065443808,-8.2272581303,
    -7.362255381062));
#5102 = CARTESIAN_POINT('',(-128.9065443808,-8.183764119846,
    -7.420877341511));
#5103 = PCURVE('',#4637,#5104);
#5104 = DEFINITIONAL_REPRESENTATION('',(#5105),#5128);
#5105 = B_SPLINE_CURVE_WITH_KNOTS('',6,(#5106,#5107,#5108,#5109,#5110,
    #5111,#5112,#5113,#5114,#5115,#5116,#5117,#5118,#5119,#5120,#5121,
    #5122,#5123,#5124,#5125,#5126,#5127),.UNSPECIFIED.,.F.,.F.,(7,5,5,5,
    7),(0.,0.343895545166,0.63014223975,0.830070684288,1.),
  .UNSPECIFIED.);
#5106 = CARTESIAN_POINT('',(6.172487869563,-10.61119645464));
#5107 = CARTESIAN_POINT('',(6.21681281838,-10.45317355828));
#5108 = CARTESIAN_POINT('',(6.263242198753,-10.29608350924));
#5109 = CARTESIAN_POINT('',(6.312005137236,-10.14005797832));
#5110 = CARTESIAN_POINT('',(6.363378334648,-9.985300969256));
#5111 = CARTESIAN_POINT('',(6.417696835938,-9.832093834005));
#5112 = CARTESIAN_POINT('',(6.523497547097,-9.554937179717));
#5113 = CARTESIAN_POINT('',(6.573918996302,-9.430414889527));
#5114 = CARTESIAN_POINT('',(6.62698253307,-9.307476565968));
#5115 = CARTESIAN_POINT('',(6.68301990707,-9.186460556673));
#5116 = CARTESIAN_POINT('',(6.742422358057,-9.067842938157));
#5117 = CARTESIAN_POINT('',(6.84997241521,-8.871615686737));
#5118 = CARTESIAN_POINT('',(6.896100713685,-8.792447066086));
#5119 = CARTESIAN_POINT('',(6.944323344932,-8.715028529943));
#5120 = CARTESIAN_POINT('',(6.994843168814,-8.639687686398));
#5121 = CARTESIAN_POINT('',(7.047883512735,-8.56686600971));
#5122 = CARTESIAN_POINT('',(7.151140008826,-8.437857496919));
#5123 = CARTESIAN_POINT('',(7.200572547859,-8.380830939358));
#5124 = CARTESIAN_POINT('',(7.252155419461,-8.326393009636));
#5125 = CARTESIAN_POINT('',(7.306018667539,-8.275009572052));
#5126 = CARTESIAN_POINT('',(7.362255381062,-8.2272581303));
#5127 = CARTESIAN_POINT('',(7.420877341511,-8.183764119846));
#5128 = ( GEOMETRIC_REPRESENTATION_CONTEXT(2) 
PARAMETRIC_REPRESENTATION_CONTEXT() REPRESENTATION_CONTEXT('2D SPACE',''
  ) );
#5129 = PCURVE('',#5130,#5137);
#5130 = SURFACE_OF_LINEAR_EXTRUSION('',#5131,#5135);
#5131 = B_SPLINE_CURVE_WITH_KNOTS('',2,(#5132,#5133,#5134),
  .UNSPECIFIED.,.F.,.F.,(3,3),(0.,1.),.PIECEWISE_BEZIER_KNOTS.);
#5132 = CARTESIAN_POINT('',(-130.6565443808,-8.183764119846,
    -7.420877341511));
#5133 = CARTESIAN_POINT('',(-130.6565443808,-8.715471625666,
    -6.704233002409));
#5134 = CARTESIAN_POINT('',(-130.6565443808,-10.61119645464,
    -6.172487869563));
#5135 = VECTOR('',#5136,1.);
#5136 = DIRECTION('',(-1.,1.359631073447E-32,1.110223024625E-16));
#5137 = DEFINITIONAL_REPRESENTATION('',(#5138),#5161);
#5138 = B_SPLINE_CURVE_WITH_KNOTS('',6,(#5139,#5140,#5141,#5142,#5143,
    #5144,#5145,#5146,#5147,#5148,#5149,#5150,#5151,#5152,#5153,#5154,
    #5155,#5156,#5157,#5158,#5159,#5160),.UNSPECIFIED.,.F.,.F.,(7,5,5,5,
    7),(0.,0.343895545166,0.63014223975,0.830070684288,1.),
  .UNSPECIFIED.);
#5139 = CARTESIAN_POINT('',(1.,-1.75));
#5140 = CARTESIAN_POINT('',(0.958321246327,-1.75));
#5141 = CARTESIAN_POINT('',(0.915388575021,-1.75));
#5142 = CARTESIAN_POINT('',(0.871068048837,-1.75));
#5143 = CARTESIAN_POINT('',(0.825201787191,-1.75));
#5144 = CARTESIAN_POINT('',(0.777601569698,-1.75));
#5145 = CARTESIAN_POINT('',(0.686713378025,-1.75));
#5146 = CARTESIAN_POINT('',(0.644048640783,-1.75));
#5147 = CARTESIAN_POINT('',(0.599845097944,-1.75));
#5148 = CARTESIAN_POINT('',(0.553921515966,-1.75));
#5149 = CARTESIAN_POINT('',(0.506070783766,-1.75));
#5150 = CARTESIAN_POINT('',(0.421028158911,-1.75));
#5151 = CARTESIAN_POINT('',(0.384982414161,-1.75));
#5152 = CARTESIAN_POINT('',(0.347759381818,-1.75));
#5153 = CARTESIAN_POINT('',(0.309258613681,-1.75));
#5154 = CARTESIAN_POINT('',(0.269376471301,-1.75));
#5155 = CARTESIAN_POINT('',(0.192832040429,-1.75));
#5156 = CARTESIAN_POINT('',(0.156594354389,-1.75));
#5157 = CARTESIAN_POINT('',(0.119215939264,-1.75));
#5158 = CARTESIAN_POINT('',(8.065438853587E-02,-1.75));
#5159 = CARTESIAN_POINT('',(4.090031641291E-02,-1.75));
#5160 = CARTESIAN_POINT('',(0.,-1.75));
#5161 = ( GEOMETRIC_REPRESENTATION_CONTEXT(2) 
PARAMETRIC_REPRESENTATION_CONTEXT() REPRESENTATION_CONTEXT('2D SPACE',''
  ) );
#5162 = ORIENTED_EDGE('',*,*,#5163,.F.);
#5163 = EDGE_CURVE('',#5164,#5077,#5166,.T.);
#5164 = VERTEX_POINT('',#5165);
#5165 = CARTESIAN_POINT('',(-128.9065443808,-10.61119645464,
    -4.831686421512));
#5166 = SURFACE_CURVE('',#5167,(#5171,#5177),.PCURVE_S1.);
#5167 = LINE('',#5168,#5169);
#5168 = CARTESIAN_POINT('',(-128.9065443808,-10.61119645464,
    -3.086243934781));
#5169 = VECTOR('',#5170,1.);
#5170 = DIRECTION('',(2.22044604925E-16,-1.224646799147E-16,-1.));
#5171 = PCURVE('',#4637,#5172);
#5172 = DEFINITIONAL_REPRESENTATION('',(#5173),#5176);
#5173 = B_SPLINE_CURVE_WITH_KNOTS('',1,(#5174,#5175),.UNSPECIFIED.,.F.,
  .F.,(2,2),(1.745442486731,3.086243934781),.PIECEWISE_BEZIER_KNOTS.);
#5174 = CARTESIAN_POINT('',(4.831686421512,-10.61119645464));
#5175 = CARTESIAN_POINT('',(6.172487869563,-10.61119645464));
#5176 = ( GEOMETRIC_REPRESENTATION_CONTEXT(2) 
PARAMETRIC_REPRESENTATION_CONTEXT() REPRESENTATION_CONTEXT('2D SPACE',''
  ) );
#5177 = PCURVE('',#5178,#5183);
#5178 = PLANE('',#5179);
#5179 = AXIS2_PLACEMENT_3D('',#5180,#5181,#5182);
#5180 = CARTESIAN_POINT('',(-130.6565443808,-10.61119645464,
    -6.172487869563));
#5181 = DIRECTION('',(0.,-1.,1.224646799147E-16));
#5182 = DIRECTION('',(1.110223024625E-16,1.224646799147E-16,1.));
#5183 = DEFINITIONAL_REPRESENTATION('',(#5184),#5187);
#5184 = B_SPLINE_CURVE_WITH_KNOTS('',1,(#5185,#5186),.UNSPECIFIED.,.F.,
  .F.,(2,2),(1.745442486731,3.086243934781),.PIECEWISE_BEZIER_KNOTS.);
#5185 = CARTESIAN_POINT('',(1.34080144805,-1.75));
#5186 = CARTESIAN_POINT('',(0.,-1.75));
#5187 = ( GEOMETRIC_REPRESENTATION_CONTEXT(2) 
PARAMETRIC_REPRESENTATION_CONTEXT() REPRESENTATION_CONTEXT('2D SPACE',''
  ) );
#5188 = ORIENTED_EDGE('',*,*,#5189,.F.);
#5189 = EDGE_CURVE('',#5190,#5164,#5192,.T.);
#5190 = VERTEX_POINT('',#5191);
#5191 = CARTESIAN_POINT('',(-128.9065443808,5.779512384818,
    -4.831686421512));
#5192 = SURFACE_CURVE('',#5193,(#5197,#5203),.PCURVE_S1.);
#5193 = LINE('',#5194,#5195);
#5194 = CARTESIAN_POINT('',(-128.9065443808,-5.30559822732,
    -4.831686421512));
#5195 = VECTOR('',#5196,1.);
#5196 = DIRECTION('',(-2.719262146894E-32,-1.,1.224646799147E-16));
#5197 = PCURVE('',#4637,#5198);
#5198 = DEFINITIONAL_REPRESENTATION('',(#5199),#5202);
#5199 = B_SPLINE_CURVE_WITH_KNOTS('',1,(#5200,#5201),.UNSPECIFIED.,.F.,
  .F.,(2,2),(-11.08511061213,5.30559822732),.PIECEWISE_BEZIER_KNOTS.);
#5200 = CARTESIAN_POINT('',(4.831686421512,5.779512384818));
#5201 = CARTESIAN_POINT('',(4.831686421512,-10.61119645464));
#5202 = ( GEOMETRIC_REPRESENTATION_CONTEXT(2) 
PARAMETRIC_REPRESENTATION_CONTEXT() REPRESENTATION_CONTEXT('2D SPACE',''
  ) );
#5203 = PCURVE('',#5204,#5209);
#5204 = PLANE('',#5205);
#5205 = AXIS2_PLACEMENT_3D('',#5206,#5207,#5208);
#5206 = CARTESIAN_POINT('',(-130.6565443808,-10.61119645464,
    -4.831686421512));
#5207 = DIRECTION('',(1.110223024625E-16,1.224646799147E-16,1.));
#5208 = DIRECTION('',(0.,1.,-1.224646799147E-16));
#5209 = DEFINITIONAL_REPRESENTATION('',(#5210),#5213);
#5210 = B_SPLINE_CURVE_WITH_KNOTS('',1,(#5211,#5212),.UNSPECIFIED.,.F.,
  .F.,(2,2),(-11.08511061213,5.30559822732),.PIECEWISE_BEZIER_KNOTS.);
#5211 = CARTESIAN_POINT('',(16.390708839459,-1.75));
#5212 = CARTESIAN_POINT('',(0.,-1.75));
#5213 = ( GEOMETRIC_REPRESENTATION_CONTEXT(2) 
PARAMETRIC_REPRESENTATION_CONTEXT() REPRESENTATION_CONTEXT('2D SPACE',''
  ) );
#5214 = ORIENTED_EDGE('',*,*,#5215,.F.);
#5215 = EDGE_CURVE('',#4909,#5190,#5216,.T.);
#5216 = SURFACE_CURVE('',#5217,(#5221,#5227),.PCURVE_S1.);
#5217 = LINE('',#5218,#5219);
#5218 = CARTESIAN_POINT('',(-128.9065443808,5.779512384818,
    -2.415843210756));
#5219 = VECTOR('',#5220,1.);
#5220 = DIRECTION('',(-2.22044604925E-16,1.224646799147E-16,1.));
#5221 = PCURVE('',#4637,#5222);
#5222 = DEFINITIONAL_REPRESENTATION('',(#5223),#5226);
#5223 = B_SPLINE_CURVE_WITH_KNOTS('',1,(#5224,#5225),.UNSPECIFIED.,.F.,
  .F.,(2,2),(-4.450186003883,-2.415843210756),.PIECEWISE_BEZIER_KNOTS.);
#5224 = CARTESIAN_POINT('',(6.866029214639,5.779512384818));
#5225 = CARTESIAN_POINT('',(4.831686421512,5.779512384818));
#5226 = ( GEOMETRIC_REPRESENTATION_CONTEXT(2) 
PARAMETRIC_REPRESENTATION_CONTEXT() REPRESENTATION_CONTEXT('2D SPACE',''
  ) );
#5227 = PCURVE('',#5228,#5233);
#5228 = PLANE('',#5229);
#5229 = AXIS2_PLACEMENT_3D('',#5230,#5231,#5232);
#5230 = CARTESIAN_POINT('',(-130.6565443808,5.779512384818,
    -4.831686421512));
#5231 = DIRECTION('',(0.,1.,-1.224646799147E-16));
#5232 = DIRECTION('',(-1.110223024625E-16,-1.224646799147E-16,-1.));
#5233 = DEFINITIONAL_REPRESENTATION('',(#5234),#5237);
#5234 = B_SPLINE_CURVE_WITH_KNOTS('',1,(#5235,#5236),.UNSPECIFIED.,.F.,
  .F.,(2,2),(-4.450186003883,-2.415843210756),.PIECEWISE_BEZIER_KNOTS.);
#5235 = CARTESIAN_POINT('',(2.034342793127,-1.75));
#5236 = CARTESIAN_POINT('',(0.,-1.75));
#5237 = ( GEOMETRIC_REPRESENTATION_CONTEXT(2) 
PARAMETRIC_REPRESENTATION_CONTEXT() REPRESENTATION_CONTEXT('2D SPACE',''
  ) );
#5238 = FACE_BOUND('',#5239,.T.);
#5239 = EDGE_LOOP('',(#5240,#5293,#5350,#5401,#5452,#5503,#5677,#5758,
    #5860,#5962));
#5240 = ORIENTED_EDGE('',*,*,#5241,.F.);
#5241 = EDGE_CURVE('',#5242,#5244,#5246,.T.);
#5242 = VERTEX_POINT('',#5243);
#5243 = CARTESIAN_POINT('',(-128.9065443808,-5.779510033129,
    1.340876702103));
#5244 = VERTEX_POINT('',#5245);
#5245 = CARTESIAN_POINT('',(-128.9065443808,-2.150007095514,
    0.994106029564));
#5246 = SURFACE_CURVE('',#5247,(#5258,#5272),.PCURVE_S1.);
#5247 = B_SPLINE_CURVE_WITH_KNOTS('',5,(#5248,#5249,#5250,#5251,#5252,
    #5253,#5254,#5255,#5256,#5257),.UNSPECIFIED.,.F.,.F.,(6,4,6),(0.,
    0.473427973397,1.),.UNSPECIFIED.);
#5248 = CARTESIAN_POINT('',(-128.9065443808,-5.779510033129,
    1.340876702103));
#5249 = CARTESIAN_POINT('',(-128.9065443808,-5.44501113411,
    1.267091593118));
#5250 = CARTESIAN_POINT('',(-128.9065443808,-5.106855584519,
    1.205341749185));
#5251 = CARTESIAN_POINT('',(-128.9065443808,-4.766022805873,
    1.154296936999));
#5252 = CARTESIAN_POINT('',(-128.9065443808,-4.423209801129,1.1128588074
    ));
#5253 = CARTESIAN_POINT('',(-128.9065443808,-3.695823494414,
    1.043677715864));
#5254 = CARTESIAN_POINT('',(-128.9065443808,-3.310911572174,
    1.017996824276));
#5255 = CARTESIAN_POINT('',(-128.9065443808,-2.924719686046,
    1.00180000168));
#5256 = CARTESIAN_POINT('',(-128.9065443808,-2.537669183203,
    0.994106029564));
#5257 = CARTESIAN_POINT('',(-128.9065443808,-2.150007095514,
    0.994106029564));
#5258 = PCURVE('',#4637,#5259);
#5259 = DEFINITIONAL_REPRESENTATION('',(#5260),#5271);
#5260 = B_SPLINE_CURVE_WITH_KNOTS('',5,(#5261,#5262,#5263,#5264,#5265,
    #5266,#5267,#5268,#5269,#5270),.UNSPECIFIED.,.F.,.F.,(6,4,6),(0.,
    0.473427973397,1.),.UNSPECIFIED.);
#5261 = CARTESIAN_POINT('',(-1.340876702103,-5.779510033129));
#5262 = CARTESIAN_POINT('',(-1.267091593118,-5.44501113411));
#5263 = CARTESIAN_POINT('',(-1.205341749185,-5.106855584519));
#5264 = CARTESIAN_POINT('',(-1.154296936999,-4.766022805873));
#5265 = CARTESIAN_POINT('',(-1.1128588074,-4.423209801129));
#5266 = CARTESIAN_POINT('',(-1.043677715864,-3.695823494414));
#5267 = CARTESIAN_POINT('',(-1.017996824276,-3.310911572174));
#5268 = CARTESIAN_POINT('',(-1.00180000168,-2.924719686046));
#5269 = CARTESIAN_POINT('',(-0.994106029564,-2.537669183203));
#5270 = CARTESIAN_POINT('',(-0.994106029564,-2.150007095514));
#5271 = ( GEOMETRIC_REPRESENTATION_CONTEXT(2) 
PARAMETRIC_REPRESENTATION_CONTEXT() REPRESENTATION_CONTEXT('2D SPACE',''
  ) );
#5272 = PCURVE('',#5273,#5280);
#5273 = SURFACE_OF_LINEAR_EXTRUSION('',#5274,#5278);
#5274 = B_SPLINE_CURVE_WITH_KNOTS('',2,(#5275,#5276,#5277),
  .UNSPECIFIED.,.F.,.F.,(3,3),(0.,1.),.PIECEWISE_BEZIER_KNOTS.);
#5275 = CARTESIAN_POINT('',(-130.6565443808,-2.150007095514,
    0.994106029564));
#5276 = CARTESIAN_POINT('',(-130.6565443808,-4.207452882667,
    0.994106029564));
#5277 = CARTESIAN_POINT('',(-130.6565443808,-5.779510033129,
    1.340876702103));
#5278 = VECTOR('',#5279,1.);
#5279 = DIRECTION('',(-1.,1.359631073447E-32,1.110223024625E-16));
#5280 = DEFINITIONAL_REPRESENTATION('',(#5281),#5292);
#5281 = B_SPLINE_CURVE_WITH_KNOTS('',5,(#5282,#5283,#5284,#5285,#5286,
    #5287,#5288,#5289,#5290,#5291),.UNSPECIFIED.,.F.,.F.,(6,4,6),(0.,
    0.473427973397,1.),.UNSPECIFIED.);
#5282 = CARTESIAN_POINT('',(1.,-1.75));
#5283 = CARTESIAN_POINT('',(0.89361108821,-1.75));
#5284 = CARTESIAN_POINT('',(0.79042750664,-1.75));
#5285 = CARTESIAN_POINT('',(0.69023477608,-1.75));
#5286 = CARTESIAN_POINT('',(0.592828662756,-1.75));
#5287 = CARTESIAN_POINT('',(0.392526466678,-1.75));
#5288 = CARTESIAN_POINT('',(0.290249535408,-1.75));
#5289 = CARTESIAN_POINT('',(0.190887690154,-1.75));
#5290 = CARTESIAN_POINT('',(9.42095510146E-02,-1.75));
#5291 = CARTESIAN_POINT('',(0.,-1.75));
#5292 = ( GEOMETRIC_REPRESENTATION_CONTEXT(2) 
PARAMETRIC_REPRESENTATION_CONTEXT() REPRESENTATION_CONTEXT('2D SPACE',''
  ) );
#5293 = ORIENTED_EDGE('',*,*,#5294,.F.);
#5294 = EDGE_CURVE('',#5295,#5242,#5297,.T.);
#5295 = VERTEX_POINT('',#5296);
#5296 = CARTESIAN_POINT('',(-128.9065443808,-8.241596858962,
    2.219354880461));
#5297 = SURFACE_CURVE('',#5298,(#5311,#5327),.PCURVE_S1.);
#5298 = B_SPLINE_CURVE_WITH_KNOTS('',6,(#5299,#5300,#5301,#5302,#5303,
    #5304,#5305,#5306,#5307,#5308,#5309,#5310),.UNSPECIFIED.,.F.,.F.,(7,
    5,7),(0.,0.416544127219,1.),.UNSPECIFIED.);
#5299 = CARTESIAN_POINT('',(-128.9065443808,-8.241596858962,
    2.219354880461));
#5300 = CARTESIAN_POINT('',(-128.9065443808,-8.09067330892,
    2.129192511067));
#5301 = CARTESIAN_POINT('',(-128.9065443808,-7.933910834987,
    2.045761996027));
#5302 = CARTESIAN_POINT('',(-128.9065443808,-7.772543955615,
    1.968296506925));
#5303 = CARTESIAN_POINT('',(-128.9065443808,-7.607501495839,
    1.896165279903));
#5304 = CARTESIAN_POINT('',(-128.9065443808,-7.4394523162,1.828812190996
    ));
#5305 = CARTESIAN_POINT('',(-128.9065443808,-7.029793958035,
    1.677409947256));
#5306 = CARTESIAN_POINT('',(-128.9065443808,-6.785801746173,
    1.597525003315));
#5307 = CARTESIAN_POINT('',(-128.9065443808,-6.538069155117,
    1.524762430407));
#5308 = CARTESIAN_POINT('',(-128.9065443808,-6.287435606768,
    1.458210646398));
#5309 = CARTESIAN_POINT('',(-128.9065443808,-6.03447659302,
    1.397118248679));
#5310 = CARTESIAN_POINT('',(-128.9065443808,-5.779510033129,
    1.340876702103));
#5311 = PCURVE('',#4637,#5312);
#5312 = DEFINITIONAL_REPRESENTATION('',(#5313),#5326);
#5313 = B_SPLINE_CURVE_WITH_KNOTS('',6,(#5314,#5315,#5316,#5317,#5318,
    #5319,#5320,#5321,#5322,#5323,#5324,#5325),.UNSPECIFIED.,.F.,.F.,(7,
    5,7),(0.,0.416544127219,1.),.UNSPECIFIED.);
#5314 = CARTESIAN_POINT('',(-2.219354880461,-8.241596858962));
#5315 = CARTESIAN_POINT('',(-2.129192511067,-8.09067330892));
#5316 = CARTESIAN_POINT('',(-2.045761996027,-7.933910834987));
#5317 = CARTESIAN_POINT('',(-1.968296506925,-7.772543955615));
#5318 = CARTESIAN_POINT('',(-1.896165279903,-7.607501495839));
#5319 = CARTESIAN_POINT('',(-1.828812190996,-7.4394523162));
#5320 = CARTESIAN_POINT('',(-1.677409947256,-7.029793958035));
#5321 = CARTESIAN_POINT('',(-1.597525003315,-6.785801746173));
#5322 = CARTESIAN_POINT('',(-1.524762430407,-6.538069155117));
#5323 = CARTESIAN_POINT('',(-1.458210646398,-6.287435606768));
#5324 = CARTESIAN_POINT('',(-1.397118248679,-6.03447659302));
#5325 = CARTESIAN_POINT('',(-1.340876702103,-5.779510033129));
#5326 = ( GEOMETRIC_REPRESENTATION_CONTEXT(2) 
PARAMETRIC_REPRESENTATION_CONTEXT() REPRESENTATION_CONTEXT('2D SPACE',''
  ) );
#5327 = PCURVE('',#5328,#5335);
#5328 = SURFACE_OF_LINEAR_EXTRUSION('',#5329,#5333);
#5329 = B_SPLINE_CURVE_WITH_KNOTS('',2,(#5330,#5331,#5332),
  .UNSPECIFIED.,.F.,.F.,(3,3),(0.,1.),.PIECEWISE_BEZIER_KNOTS.);
#5330 = CARTESIAN_POINT('',(-130.6565443808,-5.779510033129,
    1.340876702103));
#5331 = CARTESIAN_POINT('',(-130.6565443808,-7.35156718359,
    1.687647374641));
#5332 = CARTESIAN_POINT('',(-130.6565443808,-8.241596858962,
    2.219354880461));
#5333 = VECTOR('',#5334,1.);
#5334 = DIRECTION('',(-1.,1.359631073447E-32,1.110223024625E-16));
#5335 = DEFINITIONAL_REPRESENTATION('',(#5336),#5349);
#5336 = B_SPLINE_CURVE_WITH_KNOTS('',6,(#5337,#5338,#5339,#5340,#5341,
    #5342,#5343,#5344,#5345,#5346,#5347,#5348),.UNSPECIFIED.,.F.,.F.,(7,
    5,7),(0.,0.416544127219,1.),.UNSPECIFIED.);
#5337 = CARTESIAN_POINT('',(1.,-1.75));
#5338 = CARTESIAN_POINT('',(0.915214315759,-1.75));
#5339 = CARTESIAN_POINT('',(0.833758697719,-1.75));
#5340 = CARTESIAN_POINT('',(0.75535368016,-1.75));
#5341 = CARTESIAN_POINT('',(0.679754189582,-1.75));
#5342 = CARTESIAN_POINT('',(0.606717835754,-1.75));
#5343 = CARTESIAN_POINT('',(0.436945100687,-1.75));
#5344 = CARTESIAN_POINT('',(0.342484156532,-1.75));
#5345 = CARTESIAN_POINT('',(0.251973909889,-1.75));
#5346 = CARTESIAN_POINT('',(0.164971976405,-1.75));
#5347 = CARTESIAN_POINT('',(8.109328589495E-02,-1.75));
#5348 = CARTESIAN_POINT('',(0.,-1.75));
#5349 = ( GEOMETRIC_REPRESENTATION_CONTEXT(2) 
PARAMETRIC_REPRESENTATION_CONTEXT() REPRESENTATION_CONTEXT('2D SPACE',''
  ) );
#5350 = ORIENTED_EDGE('',*,*,#5351,.F.);
#5351 = EDGE_CURVE('',#5352,#5295,#5354,.T.);
#5352 = VERTEX_POINT('',#5353);
#5353 = CARTESIAN_POINT('',(-128.9065443808,-9.686474661205,
    3.490847346436));
#5354 = SURFACE_CURVE('',#5355,(#5366,#5380),.PCURVE_S1.);
#5355 = B_SPLINE_CURVE_WITH_KNOTS('',5,(#5356,#5357,#5358,#5359,#5360,
    #5361,#5362,#5363,#5364,#5365),.UNSPECIFIED.,.F.,.F.,(6,4,6),(0.,
    0.4904582943,1.),.UNSPECIFIED.);
#5356 = CARTESIAN_POINT('',(-128.9065443808,-9.686474661205,
    3.490847346436));
#5357 = CARTESIAN_POINT('',(-128.9065443808,-9.573606282728,
    3.340358726522));
#5358 = CARTESIAN_POINT('',(-128.9065443808,-9.452481534432,
    3.195801513881));
#5359 = CARTESIAN_POINT('',(-128.9065443808,-9.323574115665,
    3.057559072204));
#5360 = CARTESIAN_POINT('',(-128.9065443808,-9.187502992705,
    2.925796635763));
#5361 = CARTESIAN_POINT('',(-128.9065443808,-8.896830078241,
    2.670408889291));
#5362 = CARTESIAN_POINT('',(-128.9065443808,-8.741707027547,
    2.547294452739));
#5363 = CARTESIAN_POINT('',(-128.9065443808,-8.580310001551,
    2.431211322185));
#5364 = CARTESIAN_POINT('',(-128.9065443808,-8.413387089012,
    2.321983093061));
#5365 = CARTESIAN_POINT('',(-128.9065443808,-8.241596858962,
    2.219354880461));
#5366 = PCURVE('',#4637,#5367);
#5367 = DEFINITIONAL_REPRESENTATION('',(#5368),#5379);
#5368 = B_SPLINE_CURVE_WITH_KNOTS('',5,(#5369,#5370,#5371,#5372,#5373,
    #5374,#5375,#5376,#5377,#5378),.UNSPECIFIED.,.F.,.F.,(6,4,6),(0.,
    0.4904582943,1.),.UNSPECIFIED.);
#5369 = CARTESIAN_POINT('',(-3.490847346436,-9.686474661205));
#5370 = CARTESIAN_POINT('',(-3.340358726522,-9.573606282728));
#5371 = CARTESIAN_POINT('',(-3.195801513881,-9.452481534432));
#5372 = CARTESIAN_POINT('',(-3.057559072204,-9.323574115665));
#5373 = CARTESIAN_POINT('',(-2.925796635763,-9.187502992705));
#5374 = CARTESIAN_POINT('',(-2.670408889291,-8.896830078241));
#5375 = CARTESIAN_POINT('',(-2.547294452739,-8.741707027547));
#5376 = CARTESIAN_POINT('',(-2.431211322185,-8.580310001551));
#5377 = CARTESIAN_POINT('',(-2.321983093061,-8.413387089012));
#5378 = CARTESIAN_POINT('',(-2.219354880461,-8.241596858962));
#5379 = ( GEOMETRIC_REPRESENTATION_CONTEXT(2) 
PARAMETRIC_REPRESENTATION_CONTEXT() REPRESENTATION_CONTEXT('2D SPACE',''
  ) );
#5380 = PCURVE('',#5381,#5388);
#5381 = SURFACE_OF_LINEAR_EXTRUSION('',#5382,#5386);
#5382 = B_SPLINE_CURVE_WITH_KNOTS('',2,(#5383,#5384,#5385),
  .UNSPECIFIED.,.F.,.F.,(3,3),(0.,1.),.PIECEWISE_BEZIER_KNOTS.);
#5383 = CARTESIAN_POINT('',(-130.6565443808,-8.241596858962,
    2.219354880461));
#5384 = CARTESIAN_POINT('',(-130.6565443808,-9.131626534333,
    2.751062386282));
#5385 = CARTESIAN_POINT('',(-130.6565443808,-9.686474661205,
    3.490847346436));
#5386 = VECTOR('',#5387,1.);
#5387 = DIRECTION('',(-1.,1.359631073447E-32,1.110223024625E-16));
#5388 = DEFINITIONAL_REPRESENTATION('',(#5389),#5400);
#5389 = B_SPLINE_CURVE_WITH_KNOTS('',5,(#5390,#5391,#5392,#5393,#5394,
    #5395,#5396,#5397,#5398,#5399),.UNSPECIFIED.,.F.,.F.,(6,4,6),(0.,
    0.4904582943,1.),.UNSPECIFIED.);
#5390 = CARTESIAN_POINT('',(1.,-1.75));
#5391 = CARTESIAN_POINT('',(0.898288943396,-1.75));
#5392 = CARTESIAN_POINT('',(0.796949548475,-1.75));
#5393 = CARTESIAN_POINT('',(0.696294217629,-1.75));
#5394 = CARTESIAN_POINT('',(0.596576348611,-1.75));
#5395 = CARTESIAN_POINT('',(0.395588110148,-1.75));
#5396 = CARTESIAN_POINT('',(0.29440410658,-1.75));
#5397 = CARTESIAN_POINT('',(0.194666514299,-1.75));
#5398 = CARTESIAN_POINT('',(9.650814731472E-02,-1.75));
#5399 = CARTESIAN_POINT('',(0.,-1.75));
#5400 = ( GEOMETRIC_REPRESENTATION_CONTEXT(2) 
PARAMETRIC_REPRESENTATION_CONTEXT() REPRESENTATION_CONTEXT('2D SPACE',''
  ) );
#5401 = ORIENTED_EDGE('',*,*,#5402,.F.);
#5402 = EDGE_CURVE('',#5403,#5352,#5405,.T.);
#5403 = VERTEX_POINT('',#5404);
#5404 = CARTESIAN_POINT('',(-128.9065443808,-10.42625962135,
    4.912584527627));
#5405 = SURFACE_CURVE('',#5406,(#5417,#5431),.PCURVE_S1.);
#5406 = B_SPLINE_CURVE_WITH_KNOTS('',5,(#5407,#5408,#5409,#5410,#5411,
    #5412,#5413,#5414,#5415,#5416),.UNSPECIFIED.,.F.,.F.,(6,4,6),(0.,
    0.4773583316,1.),.UNSPECIFIED.);
#5407 = CARTESIAN_POINT('',(-128.9065443808,-10.42625962135,
    4.912584527627));
#5408 = CARTESIAN_POINT('',(-128.9065443808,-10.3875373673,
    4.769796708205));
#5409 = CARTESIAN_POINT('',(-128.9065443808,-10.3394096314,
    4.628119247363));
#5410 = CARTESIAN_POINT('',(-128.9065443808,-10.2827349814,
    4.488000046263));
#5411 = CARTESIAN_POINT('',(-128.9065443808,-10.21845231958,
    4.349699361856));
#5412 = CARTESIAN_POINT('',(-128.9065443808,-10.06953189698,
    4.064025190669));
#5413 = CARTESIAN_POINT('',(-128.9065443808,-9.983547525131,
    3.917045920794));
#5414 = CARTESIAN_POINT('',(-128.9065443808,-9.89046624513,3.77252673982
    ));
#5415 = CARTESIAN_POINT('',(-128.9065443808,-9.791205072137,
    3.630485526913));
#5416 = CARTESIAN_POINT('',(-128.9065443808,-9.686474661205,
    3.490847346436));
#5417 = PCURVE('',#4637,#5418);
#5418 = DEFINITIONAL_REPRESENTATION('',(#5419),#5430);
#5419 = B_SPLINE_CURVE_WITH_KNOTS('',5,(#5420,#5421,#5422,#5423,#5424,
    #5425,#5426,#5427,#5428,#5429),.UNSPECIFIED.,.F.,.F.,(6,4,6),(0.,
    0.4773583316,1.),.UNSPECIFIED.);
#5420 = CARTESIAN_POINT('',(-4.912584527627,-10.42625962135));
#5421 = CARTESIAN_POINT('',(-4.769796708205,-10.3875373673));
#5422 = CARTESIAN_POINT('',(-4.628119247363,-10.3394096314));
#5423 = CARTESIAN_POINT('',(-4.488000046263,-10.2827349814));
#5424 = CARTESIAN_POINT('',(-4.349699361856,-10.21845231958));
#5425 = CARTESIAN_POINT('',(-4.064025190669,-10.06953189698));
#5426 = CARTESIAN_POINT('',(-3.917045920794,-9.983547525131));
#5427 = CARTESIAN_POINT('',(-3.77252673982,-9.89046624513));
#5428 = CARTESIAN_POINT('',(-3.630485526913,-9.791205072137));
#5429 = CARTESIAN_POINT('',(-3.490847346436,-9.686474661205));
#5430 = ( GEOMETRIC_REPRESENTATION_CONTEXT(2) 
PARAMETRIC_REPRESENTATION_CONTEXT() REPRESENTATION_CONTEXT('2D SPACE',''
  ) );
#5431 = PCURVE('',#5432,#5439);
#5432 = SURFACE_OF_LINEAR_EXTRUSION('',#5433,#5437);
#5433 = B_SPLINE_CURVE_WITH_KNOTS('',2,(#5434,#5435,#5436),
  .UNSPECIFIED.,.F.,.F.,(3,3),(0.,1.),.PIECEWISE_BEZIER_KNOTS.);
#5434 = CARTESIAN_POINT('',(-130.6565443808,-9.686474661205,
    3.490847346436));
#5435 = CARTESIAN_POINT('',(-130.6565443808,-10.24132278807,
    4.230632306589));
#5436 = CARTESIAN_POINT('',(-130.6565443808,-10.42625962135,
    4.912584527627));
#5437 = VECTOR('',#5438,1.);
#5438 = DIRECTION('',(-1.,1.359631073447E-32,1.110223024625E-16));
#5439 = DEFINITIONAL_REPRESENTATION('',(#5440),#5451);
#5440 = B_SPLINE_CURVE_WITH_KNOTS('',5,(#5441,#5442,#5443,#5444,#5445,
    #5446,#5447,#5448,#5449,#5450),.UNSPECIFIED.,.F.,.F.,(6,4,6),(0.,
    0.4773583316,1.),.UNSPECIFIED.);
#5441 = CARTESIAN_POINT('',(1.,-1.75));
#5442 = CARTESIAN_POINT('',(0.895309513616,-1.75));
#5443 = CARTESIAN_POINT('',(0.792595044715,-1.75));
#5444 = CARTESIAN_POINT('',(0.692096755758,-1.75));
#5445 = CARTESIAN_POINT('',(0.593901522835,-1.75));
#5446 = CARTESIAN_POINT('',(0.393001032602,-1.75));
#5447 = CARTESIAN_POINT('',(0.290758802162,-1.75));
#5448 = CARTESIAN_POINT('',(0.191249667406,-1.75));
#5449 = CARTESIAN_POINT('',(9.437754753006E-02,-1.75));
#5450 = CARTESIAN_POINT('',(0.,-1.75));
#5451 = ( GEOMETRIC_REPRESENTATION_CONTEXT(2) 
PARAMETRIC_REPRESENTATION_CONTEXT() REPRESENTATION_CONTEXT('2D SPACE',''
  ) );
#5452 = ORIENTED_EDGE('',*,*,#5453,.F.);
#5453 = EDGE_CURVE('',#5454,#5403,#5456,.T.);
#5454 = VERTEX_POINT('',#5455);
#5455 = CARTESIAN_POINT('',(-128.9065443808,-10.61119645464,
    6.357462329871));
#5456 = SURFACE_CURVE('',#5457,(#5468,#5482),.PCURVE_S1.);
#5457 = B_SPLINE_CURVE_WITH_KNOTS('',5,(#5458,#5459,#5460,#5461,#5462,
    #5463,#5464,#5465,#5466,#5467),.UNSPECIFIED.,.F.,.F.,(6,4,6),(0.,
    0.506596606674,1.),.UNSPECIFIED.);
#5458 = CARTESIAN_POINT('',(-128.9065443808,-10.61119645464,
    6.357462329871));
#5459 = CARTESIAN_POINT('',(-128.9065443808,-10.61119645464,
    6.207425705441));
#5460 = CARTESIAN_POINT('',(-128.9065443808,-10.60672616805,
    6.057976752642));
#5461 = CARTESIAN_POINT('',(-128.9065443808,-10.59762248022,
    5.909269262788));
#5462 = CARTESIAN_POINT('',(-128.9065443808,-10.58373842621,
    5.761474963169));
#5463 = CARTESIAN_POINT('',(-128.9065443808,-10.54667505143,
    5.471905565093));
#5464 = CARTESIAN_POINT('',(-128.9065443808,-10.52374709768,
    5.33007288729));
#5465 = CARTESIAN_POINT('',(-128.9065443808,-10.49607529984,
    5.189455380817));
#5466 = CARTESIAN_POINT('',(-128.9065443808,-10.46358794876,
    5.050232260249));
#5467 = CARTESIAN_POINT('',(-128.9065443808,-10.42625962135,
    4.912584527627));
#5468 = PCURVE('',#4637,#5469);
#5469 = DEFINITIONAL_REPRESENTATION('',(#5470),#5481);
#5470 = B_SPLINE_CURVE_WITH_KNOTS('',5,(#5471,#5472,#5473,#5474,#5475,
    #5476,#5477,#5478,#5479,#5480),.UNSPECIFIED.,.F.,.F.,(6,4,6),(0.,
    0.506596606674,1.),.UNSPECIFIED.);
#5471 = CARTESIAN_POINT('',(-6.357462329871,-10.61119645464));
#5472 = CARTESIAN_POINT('',(-6.207425705441,-10.61119645464));
#5473 = CARTESIAN_POINT('',(-6.057976752642,-10.60672616805));
#5474 = CARTESIAN_POINT('',(-5.909269262788,-10.59762248022));
#5475 = CARTESIAN_POINT('',(-5.761474963169,-10.58373842621));
#5476 = CARTESIAN_POINT('',(-5.471905565093,-10.54667505143));
#5477 = CARTESIAN_POINT('',(-5.33007288729,-10.52374709768));
#5478 = CARTESIAN_POINT('',(-5.189455380817,-10.49607529984));
#5479 = CARTESIAN_POINT('',(-5.050232260249,-10.46358794876));
#5480 = CARTESIAN_POINT('',(-4.912584527627,-10.42625962135));
#5481 = ( GEOMETRIC_REPRESENTATION_CONTEXT(2) 
PARAMETRIC_REPRESENTATION_CONTEXT() REPRESENTATION_CONTEXT('2D SPACE',''
  ) );
#5482 = PCURVE('',#5483,#5490);
#5483 = SURFACE_OF_LINEAR_EXTRUSION('',#5484,#5488);
#5484 = B_SPLINE_CURVE_WITH_KNOTS('',2,(#5485,#5486,#5487),
  .UNSPECIFIED.,.F.,.F.,(3,3),(0.,1.),.PIECEWISE_BEZIER_KNOTS.);
#5485 = CARTESIAN_POINT('',(-130.6565443808,-10.42625962135,
    4.912584527627));
#5486 = CARTESIAN_POINT('',(-130.6565443808,-10.61119645464,
    5.594536748665));
#5487 = CARTESIAN_POINT('',(-130.6565443808,-10.61119645464,
    6.357462329871));
#5488 = VECTOR('',#5489,1.);
#5489 = DIRECTION('',(-1.,1.359631073447E-32,1.110223024625E-16));
#5490 = DEFINITIONAL_REPRESENTATION('',(#5491),#5502);
#5491 = B_SPLINE_CURVE_WITH_KNOTS('',5,(#5492,#5493,#5494,#5495,#5496,
    #5497,#5498,#5499,#5500,#5501),.UNSPECIFIED.,.F.,.F.,(6,4,6),(0.,
    0.506596606674,1.),.UNSPECIFIED.);
#5492 = CARTESIAN_POINT('',(1.,-1.75));
#5493 = CARTESIAN_POINT('',(0.901670209962,-1.75));
#5494 = CARTESIAN_POINT('',(0.802442813656,-1.75));
#5495 = CARTESIAN_POINT('',(0.702371795809,-1.75));
#5496 = CARTESIAN_POINT('',(0.601527530033,-1.75));
#5497 = CARTESIAN_POINT('',(0.401116534982,-1.75));
#5498 = CARTESIAN_POINT('',(0.30158419964,-1.75));
#5499 = CARTESIAN_POINT('',(0.201487006326,-1.75));
#5500 = CARTESIAN_POINT('',(0.10092183028,-1.75));
#5501 = CARTESIAN_POINT('',(0.,-1.75));
#5502 = ( GEOMETRIC_REPRESENTATION_CONTEXT(2) 
PARAMETRIC_REPRESENTATION_CONTEXT() REPRESENTATION_CONTEXT('2D SPACE',''
  ) );
#5503 = ORIENTED_EDGE('',*,*,#5504,.F.);
#5504 = EDGE_CURVE('',#5505,#5454,#5507,.T.);
#5505 = VERTEX_POINT('',#5506);
#5506 = CARTESIAN_POINT('',(-128.9065443808,-2.011238623257,
    11.720818630177));
#5507 = SURFACE_CURVE('',#5508,(#5560,#5615),.PCURVE_S1.);
#5508 = B_SPLINE_CURVE_WITH_KNOTS('',8,(#5509,#5510,#5511,#5512,#5513,
    #5514,#5515,#5516,#5517,#5518,#5519,#5520,#5521,#5522,#5523,#5524,
    #5525,#5526,#5527,#5528,#5529,#5530,#5531,#5532,#5533,#5534,#5535,
    #5536,#5537,#5538,#5539,#5540,#5541,#5542,#5543,#5544,#5545,#5546,
    #5547,#5548,#5549,#5550,#5551,#5552,#5553,#5554,#5555,#5556,#5557,
    #5558,#5559),.UNSPECIFIED.,.F.,.F.,(9,7,7,7,7,7,7,9),(0.,
    0.431505815167,0.581701473886,0.64615554908,0.763537855058,
    0.859357332411,0.907975628078,1.),.UNSPECIFIED.);
#5509 = CARTESIAN_POINT('',(-128.9065443808,-2.011238623257,
    11.720818630177));
#5510 = CARTESIAN_POINT('',(-128.9065443808,-2.630734168507,
    11.720818630177));
#5511 = CARTESIAN_POINT('',(-128.9065443808,-3.248996618342,
    11.70491423281));
#5512 = CARTESIAN_POINT('',(-128.9065443808,-3.866863826424,
    11.670934733636));
#5513 = CARTESIAN_POINT('',(-128.9065443808,-4.484040508423,
    11.615922222213));
#5514 = CARTESIAN_POINT('',(-128.9065443808,-5.099123627046,
    11.536173298459));
#5515 = CARTESIAN_POINT('',(-128.9065443808,-5.709473185152,
    11.426654104441));
#5516 = CARTESIAN_POINT('',(-128.9065443808,-6.311266848026,
    11.28119511737));
#5517 = CARTESIAN_POINT('',(-128.9065443808,-7.103619057888,
    11.023214337456));
#5518 = CARTESIAN_POINT('',(-128.9065443808,-7.30634711769,
    10.951092667123));
#5519 = CARTESIAN_POINT('',(-128.9065443808,-7.50693768109,
    10.873070724692));
#5520 = CARTESIAN_POINT('',(-128.9065443808,-7.705010595096,
    10.788740824526));
#5521 = CARTESIAN_POINT('',(-128.9065443808,-7.900087070349,
    10.697681114462));
#5522 = CARTESIAN_POINT('',(-128.9065443808,-8.091594999114,
    10.599466874373));
#5523 = CARTESIAN_POINT('',(-128.9065443808,-8.278877829625,
    10.493688983291));
#5524 = CARTESIAN_POINT('',(-128.9065443808,-8.539450655439,
    10.331182964724));
#5525 = CARTESIAN_POINT('',(-128.9065443808,-8.616776162556,
    10.280929410437));
#5526 = CARTESIAN_POINT('',(-128.9065443808,-8.693122957159,
    10.229192433285));
#5527 = CARTESIAN_POINT('',(-128.9065443808,-8.768426725082,
    10.175948167121));
#5528 = CARTESIAN_POINT('',(-128.9065443808,-8.842620027301,
    10.121176183529));
#5529 = CARTESIAN_POINT('',(-128.9065443808,-8.915632928253,
    10.064860336747));
#5530 = CARTESIAN_POINT('',(-128.9065443808,-8.987393624158,
    10.006989608594));
#5531 = CARTESIAN_POINT('',(-128.9065443808,-9.186104516907,
    9.839325186432));
#5532 = CARTESIAN_POINT('',(-128.9065443808,-9.310010966887,
    9.725895085314));
#5533 = CARTESIAN_POINT('',(-128.9065443808,-9.429072635274,
    9.607263255253));
#5534 = CARTESIAN_POINT('',(-128.9065443808,-9.542828424967,
    9.483478766821));
#5535 = CARTESIAN_POINT('',(-128.9065443808,-9.650847549098,
    9.354658598725));
#5536 = CARTESIAN_POINT('',(-128.9065443808,-9.752745152352,
    9.221001080597));
#5537 = CARTESIAN_POINT('',(-128.9065443808,-9.848197932288,
    9.082799335777));
#5538 = CARTESIAN_POINT('',(-128.9065443808,-10.00941626875,
    8.824258452595));
#5539 = CARTESIAN_POINT('',(-128.9065443808,-10.07742901364,
    8.705278193199));
#5540 = CARTESIAN_POINT('',(-128.9065443808,-10.14086457063,
    8.58372522212));
#5541 = CARTESIAN_POINT('',(-128.9065443808,-10.19964529575,
    8.459822688885));
#5542 = CARTESIAN_POINT('',(-128.9065443808,-10.2537432119,
    8.333802830786));
#5543 = CARTESIAN_POINT('',(-128.9065443808,-10.30317389499,
    8.205904187317));
#5544 = CARTESIAN_POINT('',(-128.9065443808,-10.34799036011,
    8.076368814616));
#5545 = CARTESIAN_POINT('',(-128.9065443808,-10.408718149,7.879006658594
    ));
#5546 = CARTESIAN_POINT('',(-128.9065443808,-10.42799420362,
    7.812211480976));
#5547 = CARTESIAN_POINT('',(-128.9065443808,-10.44611658759,
    7.745083560015));
#5548 = CARTESIAN_POINT('',(-128.9065443808,-10.46309893771,
    7.67765148253));
#5549 = CARTESIAN_POINT('',(-128.9065443808,-10.47895675047,
    7.609942753336));
#5550 = CARTESIAN_POINT('',(-128.9065443808,-10.49370708095,
    7.541983719399));
#5551 = CARTESIAN_POINT('',(-128.9065443808,-10.50736824177,
    7.473799493972));
#5552 = CARTESIAN_POINT('',(-128.9065443808,-10.54379215181,
    7.275974067613));
#5553 = CARTESIAN_POINT('',(-128.9065443808,-10.56379097713,
    7.145815451768));
#5554 = CARTESIAN_POINT('',(-128.9065443808,-10.58008869067,
    7.015095332808));
#5555 = CARTESIAN_POINT('',(-128.9065443808,-10.59282825377,
    6.883955429886));
#5556 = CARTESIAN_POINT('',(-128.9065443808,-10.60215883214,
    6.75252144035));
#5557 = CARTESIAN_POINT('',(-128.9065443808,-10.60823175176,
    6.62090259838));
#5558 = CARTESIAN_POINT('',(-128.9065443808,-10.61119645464,
    6.489191233631));
#5559 = CARTESIAN_POINT('',(-128.9065443808,-10.61119645464,
    6.357462329871));
#5560 = PCURVE('',#4637,#5561);
#5561 = DEFINITIONAL_REPRESENTATION('',(#5562),#5614);
#5562 = B_SPLINE_CURVE_WITH_KNOTS('',8,(#5563,#5564,#5565,#5566,#5567,
    #5568,#5569,#5570,#5571,#5572,#5573,#5574,#5575,#5576,#5577,#5578,
    #5579,#5580,#5581,#5582,#5583,#5584,#5585,#5586,#5587,#5588,#5589,
    #5590,#5591,#5592,#5593,#5594,#5595,#5596,#5597,#5598,#5599,#5600,
    #5601,#5602,#5603,#5604,#5605,#5606,#5607,#5608,#5609,#5610,#5611,
    #5612,#5613),.UNSPECIFIED.,.F.,.F.,(9,7,7,7,7,7,7,9),(0.,
    0.431505815167,0.581701473886,0.64615554908,0.763537855058,
    0.859357332411,0.907975628078,1.),.UNSPECIFIED.);
#5563 = CARTESIAN_POINT('',(-11.72081863017,-2.011238623257));
#5564 = CARTESIAN_POINT('',(-11.72081863017,-2.630734168507));
#5565 = CARTESIAN_POINT('',(-11.70491423281,-3.248996618342));
#5566 = CARTESIAN_POINT('',(-11.67093473363,-3.866863826424));
#5567 = CARTESIAN_POINT('',(-11.61592222221,-4.484040508423));
#5568 = CARTESIAN_POINT('',(-11.53617329845,-5.099123627046));
#5569 = CARTESIAN_POINT('',(-11.42665410444,-5.709473185152));
#5570 = CARTESIAN_POINT('',(-11.28119511737,-6.311266848026));
#5571 = CARTESIAN_POINT('',(-11.02321433745,-7.103619057888));
#5572 = CARTESIAN_POINT('',(-10.95109266712,-7.30634711769));
#5573 = CARTESIAN_POINT('',(-10.87307072469,-7.50693768109));
#5574 = CARTESIAN_POINT('',(-10.78874082452,-7.705010595096));
#5575 = CARTESIAN_POINT('',(-10.69768111446,-7.900087070349));
#5576 = CARTESIAN_POINT('',(-10.59946687437,-8.091594999114));
#5577 = CARTESIAN_POINT('',(-10.49368898329,-8.278877829625));
#5578 = CARTESIAN_POINT('',(-10.33118296472,-8.539450655439));
#5579 = CARTESIAN_POINT('',(-10.28092941043,-8.616776162556));
#5580 = CARTESIAN_POINT('',(-10.22919243328,-8.693122957159));
#5581 = CARTESIAN_POINT('',(-10.17594816712,-8.768426725082));
#5582 = CARTESIAN_POINT('',(-10.12117618352,-8.842620027301));
#5583 = CARTESIAN_POINT('',(-10.06486033674,-8.915632928253));
#5584 = CARTESIAN_POINT('',(-10.00698960859,-8.987393624158));
#5585 = CARTESIAN_POINT('',(-9.839325186432,-9.186104516907));
#5586 = CARTESIAN_POINT('',(-9.725895085314,-9.310010966887));
#5587 = CARTESIAN_POINT('',(-9.607263255253,-9.429072635274));
#5588 = CARTESIAN_POINT('',(-9.483478766821,-9.542828424967));
#5589 = CARTESIAN_POINT('',(-9.354658598725,-9.650847549098));
#5590 = CARTESIAN_POINT('',(-9.221001080597,-9.752745152352));
#5591 = CARTESIAN_POINT('',(-9.082799335777,-9.848197932288));
#5592 = CARTESIAN_POINT('',(-8.824258452595,-10.00941626875));
#5593 = CARTESIAN_POINT('',(-8.705278193199,-10.07742901364));
#5594 = CARTESIAN_POINT('',(-8.58372522212,-10.14086457063));
#5595 = CARTESIAN_POINT('',(-8.459822688885,-10.19964529575));
#5596 = CARTESIAN_POINT('',(-8.333802830786,-10.2537432119));
#5597 = CARTESIAN_POINT('',(-8.205904187317,-10.30317389499));
#5598 = CARTESIAN_POINT('',(-8.076368814616,-10.34799036011));
#5599 = CARTESIAN_POINT('',(-7.879006658594,-10.408718149));
#5600 = CARTESIAN_POINT('',(-7.812211480976,-10.42799420362));
#5601 = CARTESIAN_POINT('',(-7.745083560015,-10.44611658759));
#5602 = CARTESIAN_POINT('',(-7.67765148253,-10.46309893771));
#5603 = CARTESIAN_POINT('',(-7.609942753336,-10.47895675047));
#5604 = CARTESIAN_POINT('',(-7.541983719399,-10.49370708095));
#5605 = CARTESIAN_POINT('',(-7.473799493972,-10.50736824177));
#5606 = CARTESIAN_POINT('',(-7.275974067613,-10.54379215181));
#5607 = CARTESIAN_POINT('',(-7.145815451768,-10.56379097713));
#5608 = CARTESIAN_POINT('',(-7.015095332808,-10.58008869067));
#5609 = CARTESIAN_POINT('',(-6.883955429886,-10.59282825377));
#5610 = CARTESIAN_POINT('',(-6.75252144035,-10.60215883214));
#5611 = CARTESIAN_POINT('',(-6.62090259838,-10.60823175176));
#5612 = CARTESIAN_POINT('',(-6.489191233631,-10.61119645464));
#5613 = CARTESIAN_POINT('',(-6.357462329871,-10.61119645464));
#5614 = ( GEOMETRIC_REPRESENTATION_CONTEXT(2) 
PARAMETRIC_REPRESENTATION_CONTEXT() REPRESENTATION_CONTEXT('2D SPACE',''
  ) );
#5615 = PCURVE('',#5616,#5623);
#5616 = SURFACE_OF_LINEAR_EXTRUSION('',#5617,#5621);
#5617 = B_SPLINE_CURVE_WITH_KNOTS('',2,(#5618,#5619,#5620),
  .UNSPECIFIED.,.F.,.F.,(3,3),(0.,1.),.PIECEWISE_BEZIER_KNOTS.);
#5618 = CARTESIAN_POINT('',(-130.6565443808,-10.61119645464,
    6.357462329871));
#5619 = CARTESIAN_POINT('',(-130.6565443808,-10.61119645464,
    11.720818630177));
#5620 = CARTESIAN_POINT('',(-130.6565443808,-2.011238623257,
    11.720818630177));
#5621 = VECTOR('',#5622,1.);
#5622 = DIRECTION('',(-1.,1.359631073447E-32,1.110223024625E-16));
#5623 = DEFINITIONAL_REPRESENTATION('',(#5624),#5676);
#5624 = B_SPLINE_CURVE_WITH_KNOTS('',8,(#5625,#5626,#5627,#5628,#5629,
    #5630,#5631,#5632,#5633,#5634,#5635,#5636,#5637,#5638,#5639,#5640,
    #5641,#5642,#5643,#5644,#5645,#5646,#5647,#5648,#5649,#5650,#5651,
    #5652,#5653,#5654,#5655,#5656,#5657,#5658,#5659,#5660,#5661,#5662,
    #5663,#5664,#5665,#5666,#5667,#5668,#5669,#5670,#5671,#5672,#5673,
    #5674,#5675),.UNSPECIFIED.,.F.,.F.,(9,7,7,7,7,7,7,9),(0.,
    0.431505815167,0.581701473886,0.64615554908,0.763537855058,
    0.859357332411,0.907975628078,1.),.UNSPECIFIED.);
#5625 = CARTESIAN_POINT('',(1.,-1.75));
#5626 = CARTESIAN_POINT('',(0.963982640532,-1.75));
#5627 = CARTESIAN_POINT('',(0.926554282276,-1.75));
#5628 = CARTESIAN_POINT('',(0.887463848201,-1.75));
#5629 = CARTESIAN_POINT('',(0.846452754274,-1.75));
#5630 = CARTESIAN_POINT('',(0.803257322589,-1.75));
#5631 = CARTESIAN_POINT('',(0.757561759661,-1.75));
#5632 = CARTESIAN_POINT('',(0.709013140303,-1.75));
#5633 = CARTESIAN_POINT('',(0.638895613928,-1.75));
#5634 = CARTESIAN_POINT('',(0.620385483402,-1.75));
#5635 = CARTESIAN_POINT('',(0.601449572445,-1.75));
#5636 = CARTESIAN_POINT('',(0.582071976507,-1.75));
#5637 = CARTESIAN_POINT('',(0.562241205059,-1.75));
#5638 = CARTESIAN_POINT('',(0.541950925721,-1.75));
#5639 = CARTESIAN_POINT('',(0.521201169906,-1.75));
#5640 = CARTESIAN_POINT('',(0.490901855546,-1.75));
#5641 = CARTESIAN_POINT('',(0.481721266496,-1.75));
#5642 = CARTESIAN_POINT('',(0.472459287211,-1.75));
#5643 = CARTESIAN_POINT('',(0.463117431979,-1.75));
#5644 = CARTESIAN_POINT('',(0.453697717251,-1.75));
#5645 = CARTESIAN_POINT('',(0.444202703875,-1.75));
#5646 = CARTESIAN_POINT('',(0.434635539338,-1.75));
#5647 = CARTESIAN_POINT('',(0.407451973387,-1.75));
#5648 = CARTESIAN_POINT('',(0.389673530064,-1.75));
#5649 = CARTESIAN_POINT('',(0.371691829214,-1.75));
#5650 = CARTESIAN_POINT('',(0.353538253555,-1.75));
#5651 = CARTESIAN_POINT('',(0.33524875432,-1.75));
#5652 = CARTESIAN_POINT('',(0.316864196251,-1.75));
#5653 = CARTESIAN_POINT('',(0.298430702575,-1.75));
#5654 = CARTESIAN_POINT('',(0.264954970229,-1.75));
#5655 = CARTESIAN_POINT('',(0.249908762204,-1.75));
#5656 = CARTESIAN_POINT('',(0.234888829481,-1.75));
#5657 = CARTESIAN_POINT('',(0.219920489427,-1.75));
#5658 = CARTESIAN_POINT('',(0.205027018995,-1.75));
#5659 = CARTESIAN_POINT('',(0.190229750498,-1.75));
#5660 = CARTESIAN_POINT('',(0.175548167383,-1.75));
#5661 = CARTESIAN_POINT('',(0.153618336869,-1.75));
#5662 = CARTESIAN_POINT('',(0.14627063628,-1.75));
#5663 = CARTESIAN_POINT('',(0.138958989828,-1.75));
#5664 = CARTESIAN_POINT('',(0.131685269684,-1.75));
#5665 = CARTESIAN_POINT('',(0.124451139027,-1.75));
#5666 = CARTESIAN_POINT('',(0.117258062479,-1.75));
#5667 = CARTESIAN_POINT('',(0.110107316535,-1.75));
#5668 = CARTESIAN_POINT('',(8.954732068949E-02,-1.75));
#5669 = CARTESIAN_POINT('',(7.625052871292E-02,-1.75));
#5670 = CARTESIAN_POINT('',(6.31165724644E-02,-1.75));
#5671 = CARTESIAN_POINT('',(5.015035199596E-02,-1.75));
#5672 = CARTESIAN_POINT('',(3.735491299988E-02,-1.75));
#5673 = CARTESIAN_POINT('',(2.473164079092E-02,-1.75));
#5674 = CARTESIAN_POINT('',(1.228045428871E-02,-1.75));
#5675 = CARTESIAN_POINT('',(0.,-1.75));
#5676 = ( GEOMETRIC_REPRESENTATION_CONTEXT(2) 
PARAMETRIC_REPRESENTATION_CONTEXT() REPRESENTATION_CONTEXT('2D SPACE',''
  ) );
#5677 = ORIENTED_EDGE('',*,*,#5678,.F.);
#5678 = EDGE_CURVE('',#5679,#5505,#5681,.T.);
#5679 = VERTEX_POINT('',#5680);
#5680 = CARTESIAN_POINT('',(-128.9065443808,4.172838370344,
    10.345325064062));
#5681 = SURFACE_CURVE('',#5682,(#5703,#5727),.PCURVE_S1.);
#5682 = B_SPLINE_CURVE_WITH_KNOTS('',7,(#5683,#5684,#5685,#5686,#5687,
    #5688,#5689,#5690,#5691,#5692,#5693,#5694,#5695,#5696,#5697,#5698,
    #5699,#5700,#5701,#5702),.UNSPECIFIED.,.F.,.F.,(8,6,6,8),(0.,
    0.353820853696,0.779973464935,1.),.UNSPECIFIED.);
#5683 = CARTESIAN_POINT('',(-128.9065443808,4.172838370344,
    10.345325064062));
#5684 = CARTESIAN_POINT('',(-128.9065443808,3.901788234839,
    10.519672416848));
#5685 = CARTESIAN_POINT('',(-128.9065443808,3.619481221426,
    10.676871933205));
#5686 = CARTESIAN_POINT('',(-128.9065443808,3.328061795534,
    10.817688443975));
#5687 = CARTESIAN_POINT('',(-128.9065443808,3.029464789961,
    10.943249641967));
#5688 = CARTESIAN_POINT('',(-128.9065443808,2.725282422259,
    11.054765657952));
#5689 = CARTESIAN_POINT('',(-128.9065443808,2.416721015928,
    11.153437044481));
#5690 = CARTESIAN_POINT('',(-128.9065443808,1.728598560062,
    11.34510746108));
#5691 = CARTESIAN_POINT('',(-128.9065443808,1.347592179819,
    11.432775263065));
#5692 = CARTESIAN_POINT('',(-128.9065443808,0.962948435226,
    11.505368821435));
#5693 = CARTESIAN_POINT('',(-128.9065443808,0.575762638661,
    11.564547827399));
#5694 = CARTESIAN_POINT('',(-128.9065443808,0.186840233743,
    11.611727905812));
#5695 = CARTESIAN_POINT('',(-128.9065443808,-0.203294878108,
    11.648123197249));
#5696 = CARTESIAN_POINT('',(-128.9065443808,-0.796330234287,
    11.688504830848));
#5697 = CARTESIAN_POINT('',(-128.9065443808,-0.998493746417,
    11.69965052134));
#5698 = CARTESIAN_POINT('',(-128.9065443808,-1.200838451575,
    11.708332338729));
#5699 = CARTESIAN_POINT('',(-128.9065443808,-1.403319762088,
    11.714678161444));
#5700 = CARTESIAN_POINT('',(-128.9065443808,-1.605899869664,
    11.718804639735));
#5701 = CARTESIAN_POINT('',(-128.9065443808,-1.808547659309,
    11.720818630177));
#5702 = CARTESIAN_POINT('',(-128.9065443808,-2.011238623257,
    11.720818630177));
#5703 = PCURVE('',#4637,#5704);
#5704 = DEFINITIONAL_REPRESENTATION('',(#5705),#5726);
#5705 = B_SPLINE_CURVE_WITH_KNOTS('',7,(#5706,#5707,#5708,#5709,#5710,
    #5711,#5712,#5713,#5714,#5715,#5716,#5717,#5718,#5719,#5720,#5721,
    #5722,#5723,#5724,#5725),.UNSPECIFIED.,.F.,.F.,(8,6,6,8),(0.,
    0.353820853696,0.779973464935,1.),.UNSPECIFIED.);
#5706 = CARTESIAN_POINT('',(-10.34532506406,4.172838370344));
#5707 = CARTESIAN_POINT('',(-10.51967241684,3.901788234839));
#5708 = CARTESIAN_POINT('',(-10.6768719332,3.619481221426));
#5709 = CARTESIAN_POINT('',(-10.81768844397,3.328061795534));
#5710 = CARTESIAN_POINT('',(-10.94324964196,3.029464789961));
#5711 = CARTESIAN_POINT('',(-11.05476565795,2.725282422259));
#5712 = CARTESIAN_POINT('',(-11.15343704448,2.416721015928));
#5713 = CARTESIAN_POINT('',(-11.34510746108,1.728598560062));
#5714 = CARTESIAN_POINT('',(-11.43277526306,1.347592179819));
#5715 = CARTESIAN_POINT('',(-11.50536882143,0.962948435226));
#5716 = CARTESIAN_POINT('',(-11.56454782739,0.575762638661));
#5717 = CARTESIAN_POINT('',(-11.61172790581,0.186840233743));
#5718 = CARTESIAN_POINT('',(-11.64812319724,-0.203294878108));
#5719 = CARTESIAN_POINT('',(-11.68850483084,-0.796330234287));
#5720 = CARTESIAN_POINT('',(-11.69965052134,-0.998493746417));
#5721 = CARTESIAN_POINT('',(-11.70833233872,-1.200838451575));
#5722 = CARTESIAN_POINT('',(-11.71467816144,-1.403319762088));
#5723 = CARTESIAN_POINT('',(-11.71880463973,-1.605899869664));
#5724 = CARTESIAN_POINT('',(-11.72081863017,-1.808547659309));
#5725 = CARTESIAN_POINT('',(-11.72081863017,-2.011238623257));
#5726 = ( GEOMETRIC_REPRESENTATION_CONTEXT(2) 
PARAMETRIC_REPRESENTATION_CONTEXT() REPRESENTATION_CONTEXT('2D SPACE',''
  ) );
#5727 = PCURVE('',#5728,#5735);
#5728 = SURFACE_OF_LINEAR_EXTRUSION('',#5729,#5733);
#5729 = B_SPLINE_CURVE_WITH_KNOTS('',2,(#5730,#5731,#5732),
  .UNSPECIFIED.,.F.,.F.,(3,3),(0.,1.),.PIECEWISE_BEZIER_KNOTS.);
#5730 = CARTESIAN_POINT('',(-130.6565443808,-2.011238623257,
    11.720818630177));
#5731 = CARTESIAN_POINT('',(-130.6565443808,2.034419223024,
    11.720818630177));
#5732 = CARTESIAN_POINT('',(-130.6565443808,4.172838370344,
    10.345325064062));
#5733 = VECTOR('',#5734,1.);
#5734 = DIRECTION('',(-1.,1.359631073447E-32,1.110223024625E-16));
#5735 = DEFINITIONAL_REPRESENTATION('',(#5736),#5757);
#5736 = B_SPLINE_CURVE_WITH_KNOTS('',7,(#5737,#5738,#5739,#5740,#5741,
    #5742,#5743,#5744,#5745,#5746,#5747,#5748,#5749,#5750,#5751,#5752,
    #5753,#5754,#5755,#5756),.UNSPECIFIED.,.F.,.F.,(8,6,6,8),(0.,
    0.353820853696,0.779973464935,1.),.UNSPECIFIED.);
#5737 = CARTESIAN_POINT('',(1.,-1.75));
#5738 = CARTESIAN_POINT('',(0.936623711996,-1.75));
#5739 = CARTESIAN_POINT('',(0.874794768671,-1.75));
#5740 = CARTESIAN_POINT('',(0.814647136183,-1.75));
#5741 = CARTESIAN_POINT('',(0.756226689753,-1.75));
#5742 = CARTESIAN_POINT('',(0.699522833876,-1.75));
#5743 = CARTESIAN_POINT('',(0.644478922065,-1.75));
#5744 = CARTESIAN_POINT('',(0.52658835765,-1.75));
#5745 = CARTESIAN_POINT('',(0.464476674515,-1.75));
#5746 = CARTESIAN_POINT('',(0.404498680866,-1.75));
#5747 = CARTESIAN_POINT('',(0.346505329186,-1.75));
#5748 = CARTESIAN_POINT('',(0.290353572218,-1.75));
#5749 = CARTESIAN_POINT('',(0.235900094871,-1.75));
#5750 = CARTESIAN_POINT('',(0.155687191696,-1.75));
#5751 = CARTESIAN_POINT('',(0.12879194162,-1.75));
#5752 = CARTESIAN_POINT('',(0.10229652471,-1.75));
#5753 = CARTESIAN_POINT('',(7.618453737529E-02,-1.75));
#5754 = CARTESIAN_POINT('',(5.044066230619E-02,-1.75));
#5755 = CARTESIAN_POINT('',(2.505043328544E-02,-1.75));
#5756 = CARTESIAN_POINT('',(0.,-1.75));
#5757 = ( GEOMETRIC_REPRESENTATION_CONTEXT(2) 
PARAMETRIC_REPRESENTATION_CONTEXT() REPRESENTATION_CONTEXT('2D SPACE',''
  ) );
#5758 = ORIENTED_EDGE('',*,*,#5759,.F.);
#5759 = EDGE_CURVE('',#5760,#5679,#5762,.T.);
#5760 = VERTEX_POINT('',#5761);
#5761 = CARTESIAN_POINT('',(-128.9065443808,6.311257517664,
    6.357462329871));
#5762 = SURFACE_CURVE('',#5763,(#5791,#5822),.PCURVE_S1.);
#5763 = B_SPLINE_CURVE_WITH_KNOTS('',6,(#5764,#5765,#5766,#5767,#5768,
    #5769,#5770,#5771,#5772,#5773,#5774,#5775,#5776,#5777,#5778,#5779,
    #5780,#5781,#5782,#5783,#5784,#5785,#5786,#5787,#5788,#5789,#5790),
  .UNSPECIFIED.,.F.,.F.,(7,5,5,5,5,7),(0.,0.199421258239,0.308420591455,
    0.53148517997,0.832124099306,1.),.UNSPECIFIED.);
#5764 = CARTESIAN_POINT('',(-128.9065443808,6.311257517664,
    6.357462329871));
#5765 = CARTESIAN_POINT('',(-128.9065443808,6.311257517664,
    6.515620727744));
#5766 = CARTESIAN_POINT('',(-128.9065443808,6.306554454884,
    6.673682055346));
#5767 = CARTESIAN_POINT('',(-128.9065443808,6.296856923013,
    6.831473273809));
#5768 = CARTESIAN_POINT('',(-128.9065443808,6.281863100316,
    6.988770905402));
#5769 = CARTESIAN_POINT('',(-128.9065443808,6.261284721118,
    7.145303723412));
#5770 = CARTESIAN_POINT('',(-128.9065443808,6.220433906252,
    7.385721978823));
#5771 = CARTESIAN_POINT('',(-128.9065443808,6.204253648599,
    7.470364965423));
#5772 = CARTESIAN_POINT('',(-128.9065443808,6.186289757531,
    7.554631892409));
#5773 = CARTESIAN_POINT('',(-128.9065443808,6.166505413305,
    7.638466318264));
#5774 = CARTESIAN_POINT('',(-128.9065443808,6.144869288572,
    7.721808304885));
#5775 = CARTESIAN_POINT('',(-128.9065443808,6.073240697923,
    7.974015589568));
#5776 = CARTESIAN_POINT('',(-128.9065443808,6.017262592265,
    8.141129174856));
#5777 = CARTESIAN_POINT('',(-128.9065443808,5.953223514271,
    8.305361472099));
#5778 = CARTESIAN_POINT('',(-128.9065443808,5.881047069669,
    8.466144029636));
#5779 = CARTESIAN_POINT('',(-128.9065443808,5.800821327471,
    8.622931724244));
#5780 = CARTESIAN_POINT('',(-128.9065443808,5.594262125552,
    8.980469944531));
#5781 = CARTESIAN_POINT('',(-128.9065443808,5.461555300536,
    9.177618729596));
#5782 = CARTESIAN_POINT('',(-128.9065443808,5.315446778503,
    9.365375028548));
#5783 = CARTESIAN_POINT('',(-128.9065443808,5.157113149926,
    9.543032548995));
#5784 = CARTESIAN_POINT('',(-128.9065443808,4.987981421741,
    9.710306940247));
#5785 = CARTESIAN_POINT('',(-128.9065443808,4.709938569788,
    9.954815775356));
#5786 = CARTESIAN_POINT('',(-128.9065443808,4.607398960904,
    10.039206973849));
#5787 = CARTESIAN_POINT('',(-128.9065443808,4.502190277086,
    10.120393760062));
#5788 = CARTESIAN_POINT('',(-128.9065443808,4.39454935604,
    10.198425024288));
#5789 = CARTESIAN_POINT('',(-128.9065443808,4.284698611005,
    10.273373294679));
#5790 = CARTESIAN_POINT('',(-128.9065443808,4.172838370344,
    10.345325064062));
#5791 = PCURVE('',#4637,#5792);
#5792 = DEFINITIONAL_REPRESENTATION('',(#5793),#5821);
#5793 = B_SPLINE_CURVE_WITH_KNOTS('',6,(#5794,#5795,#5796,#5797,#5798,
    #5799,#5800,#5801,#5802,#5803,#5804,#5805,#5806,#5807,#5808,#5809,
    #5810,#5811,#5812,#5813,#5814,#5815,#5816,#5817,#5818,#5819,#5820),
  .UNSPECIFIED.,.F.,.F.,(7,5,5,5,5,7),(0.,0.199421258239,0.308420591455,
    0.53148517997,0.832124099306,1.),.UNSPECIFIED.);
#5794 = CARTESIAN_POINT('',(-6.357462329871,6.311257517664));
#5795 = CARTESIAN_POINT('',(-6.515620727744,6.311257517664));
#5796 = CARTESIAN_POINT('',(-6.673682055346,6.306554454884));
#5797 = CARTESIAN_POINT('',(-6.831473273809,6.296856923013));
#5798 = CARTESIAN_POINT('',(-6.988770905402,6.281863100316));
#5799 = CARTESIAN_POINT('',(-7.145303723412,6.261284721118));
#5800 = CARTESIAN_POINT('',(-7.385721978823,6.220433906252));
#5801 = CARTESIAN_POINT('',(-7.470364965423,6.204253648599));
#5802 = CARTESIAN_POINT('',(-7.554631892409,6.186289757531));
#5803 = CARTESIAN_POINT('',(-7.638466318264,6.166505413305));
#5804 = CARTESIAN_POINT('',(-7.721808304885,6.144869288572));
#5805 = CARTESIAN_POINT('',(-7.974015589568,6.073240697923));
#5806 = CARTESIAN_POINT('',(-8.141129174856,6.017262592265));
#5807 = CARTESIAN_POINT('',(-8.305361472099,5.953223514271));
#5808 = CARTESIAN_POINT('',(-8.466144029636,5.881047069669));
#5809 = CARTESIAN_POINT('',(-8.622931724244,5.800821327471));
#5810 = CARTESIAN_POINT('',(-8.980469944531,5.594262125552));
#5811 = CARTESIAN_POINT('',(-9.177618729596,5.461555300536));
#5812 = CARTESIAN_POINT('',(-9.365375028548,5.315446778503));
#5813 = CARTESIAN_POINT('',(-9.543032548995,5.157113149926));
#5814 = CARTESIAN_POINT('',(-9.710306940247,4.987981421741));
#5815 = CARTESIAN_POINT('',(-9.954815775356,4.709938569788));
#5816 = CARTESIAN_POINT('',(-10.03920697384,4.607398960904));
#5817 = CARTESIAN_POINT('',(-10.12039376006,4.502190277086));
#5818 = CARTESIAN_POINT('',(-10.19842502428,4.39454935604));
#5819 = CARTESIAN_POINT('',(-10.27337329467,4.284698611005));
#5820 = CARTESIAN_POINT('',(-10.34532506406,4.172838370344));
#5821 = ( GEOMETRIC_REPRESENTATION_CONTEXT(2) 
PARAMETRIC_REPRESENTATION_CONTEXT() REPRESENTATION_CONTEXT('2D SPACE',''
  ) );
#5822 = PCURVE('',#5823,#5830);
#5823 = SURFACE_OF_LINEAR_EXTRUSION('',#5824,#5828);
#5824 = B_SPLINE_CURVE_WITH_KNOTS('',2,(#5825,#5826,#5827),
  .UNSPECIFIED.,.F.,.F.,(3,3),(0.,1.),.PIECEWISE_BEZIER_KNOTS.);
#5825 = CARTESIAN_POINT('',(-130.6565443808,4.172838370344,
    10.345325064062));
#5826 = CARTESIAN_POINT('',(-130.6565443808,6.311257517664,
    8.969831497947));
#5827 = CARTESIAN_POINT('',(-130.6565443808,6.311257517664,
    6.357462329871));
#5828 = VECTOR('',#5829,1.);
#5829 = DIRECTION('',(-1.,1.359631073447E-32,1.110223024625E-16));
#5830 = DEFINITIONAL_REPRESENTATION('',(#5831),#5859);
#5831 = B_SPLINE_CURVE_WITH_KNOTS('',6,(#5832,#5833,#5834,#5835,#5836,
    #5837,#5838,#5839,#5840,#5841,#5842,#5843,#5844,#5845,#5846,#5847,
    #5848,#5849,#5850,#5851,#5852,#5853,#5854,#5855,#5856,#5857,#5858),
  .UNSPECIFIED.,.F.,.F.,(7,5,5,5,5,7),(0.,0.199421258239,0.308420591455,
    0.53148517997,0.832124099306,1.),.UNSPECIFIED.);
#5832 = CARTESIAN_POINT('',(1.,-1.75));
#5833 = CARTESIAN_POINT('',(0.969728934217,-1.75));
#5834 = CARTESIAN_POINT('',(0.938955793155,-1.75));
#5835 = CARTESIAN_POINT('',(0.907681435718,-1.75));
#5836 = CARTESIAN_POINT('',(0.875915221624,-1.75));
#5837 = CARTESIAN_POINT('',(0.843677150335,-1.75));
#5838 = CARTESIAN_POINT('',(0.793139378573,-1.75));
#5839 = CARTESIAN_POINT('',(0.775147711381,-1.75));
#5840 = CARTESIAN_POINT('',(0.757030563149,-1.75));
#5841 = CARTESIAN_POINT('',(0.738794660478,-1.75));
#5842 = CARTESIAN_POINT('',(0.720448007246,-1.75));
#5843 = CARTESIAN_POINT('',(0.664246584234,-1.75));
#5844 = CARTESIAN_POINT('',(0.626064444882,-1.75));
#5845 = CARTESIAN_POINT('',(0.587541383003,-1.75));
#5846 = CARTESIAN_POINT('',(0.548777741364,-1.75));
#5847 = CARTESIAN_POINT('',(0.509887604707,-1.75));
#5848 = CARTESIAN_POINT('',(0.41858859964,-1.75));
#5849 = CARTESIAN_POINT('',(0.36616352841,-1.75));
#5850 = CARTESIAN_POINT('',(0.314052512529,-1.75));
#5851 = CARTESIAN_POINT('',(0.262520989216,-1.75));
#5852 = CARTESIAN_POINT('',(0.211781359694,-1.75));
#5853 = CARTESIAN_POINT('',(0.134202233115,-1.75));
#5854 = CARTESIAN_POINT('',(0.106698314494,-1.75));
#5855 = CARTESIAN_POINT('',(7.951223033642E-02,-1.75));
#5856 = CARTESIAN_POINT('',(5.266084238308E-02,-1.75));
#5857 = CARTESIAN_POINT('',(2.615489128987E-02,-1.75));
#5858 = CARTESIAN_POINT('',(0.,-1.75));
#5859 = ( GEOMETRIC_REPRESENTATION_CONTEXT(2) 
PARAMETRIC_REPRESENTATION_CONTEXT() REPRESENTATION_CONTEXT('2D SPACE',''
  ) );
#5860 = ORIENTED_EDGE('',*,*,#5861,.F.);
#5861 = EDGE_CURVE('',#5862,#5760,#5864,.T.);
#5862 = VERTEX_POINT('',#5863);
#5863 = CARTESIAN_POINT('',(-128.9065443808,4.149697749293,
    2.358048098666));
#5864 = SURFACE_CURVE('',#5865,(#5893,#5924),.PCURVE_S1.);
#5865 = B_SPLINE_CURVE_WITH_KNOTS('',6,(#5866,#5867,#5868,#5869,#5870,
    #5871,#5872,#5873,#5874,#5875,#5876,#5877,#5878,#5879,#5880,#5881,
    #5882,#5883,#5884,#5885,#5886,#5887,#5888,#5889,#5890,#5891,#5892),
  .UNSPECIFIED.,.F.,.F.,(7,5,5,5,5,7),(0.,0.166752795284,0.464210921185,
    0.688061527197,0.798081179946,1.),.UNSPECIFIED.);
#5866 = CARTESIAN_POINT('',(-128.9065443808,4.149697749293,
    2.358048098666));
#5867 = CARTESIAN_POINT('',(-128.9065443808,4.262046224071,
    2.428939874777));
#5868 = CARTESIAN_POINT('',(-128.9065443808,4.372408686038,
    2.502850377931));
#5869 = CARTESIAN_POINT('',(-128.9065443808,4.480584365023,
    2.579868787251));
#5870 = CARTESIAN_POINT('',(-128.9065443808,4.58634989711,2.66007046726)
  );
#5871 = CARTESIAN_POINT('',(-128.9065443808,4.689467009263,
    2.743507093217));
#5872 = CARTESIAN_POINT('',(-128.9065443808,4.968471037061,
    2.984836167467));
#5873 = CARTESIAN_POINT('',(-128.9065443808,5.138100557804,
    3.149876110314));
#5874 = CARTESIAN_POINT('',(-128.9065443808,5.297070172913,
    3.325337458492));
#5875 = CARTESIAN_POINT('',(-128.9065443808,5.443953811038,
    3.510950838694));
#5876 = CARTESIAN_POINT('',(-128.9065443808,5.577570355515,
    3.706024129292));
#5877 = CARTESIAN_POINT('',(-128.9065443808,5.787195425737,
    4.062233423555));
#5878 = CARTESIAN_POINT('',(-128.9065443808,5.86930135844,4.219862944632
    ));
#5879 = CARTESIAN_POINT('',(-128.9065443808,5.943188355987,4.38164295365
    ));
#5880 = CARTESIAN_POINT('',(-128.9065443808,6.008762492228,
    4.547006556192));
#5881 = CARTESIAN_POINT('',(-128.9065443808,6.066103048596,
    4.715361600319));
#5882 = CARTESIAN_POINT('',(-128.9065443808,6.139655716593,
    4.970030590529));
#5883 = CARTESIAN_POINT('',(-128.9065443808,6.1619561578,5.054534242965)
  );
#5884 = CARTESIAN_POINT('',(-128.9065443808,6.182344908874,
    5.139554275841));
#5885 = CARTESIAN_POINT('',(-128.9065443808,6.20085531492,5.225027338758
    ));
#5886 = CARTESIAN_POINT('',(-128.9065443808,6.217526551768,
    5.310893884231));
#5887 = CARTESIAN_POINT('',(-128.9065443808,6.259701900483,
    5.555310071071));
#5888 = CARTESIAN_POINT('',(-128.9065443808,6.280951546895,
    5.714658423675));
#5889 = CARTESIAN_POINT('',(-128.9065443808,6.296419648158,
    5.874808201031));
#5890 = CARTESIAN_POINT('',(-128.9065443808,6.306414473014,6.03547279754
    ));
#5891 = CARTESIAN_POINT('',(-128.9065443808,6.311257517664,
    6.196417475721));
#5892 = CARTESIAN_POINT('',(-128.9065443808,6.311257517664,
    6.357462329871));
#5893 = PCURVE('',#4637,#5894);
#5894 = DEFINITIONAL_REPRESENTATION('',(#5895),#5923);
#5895 = B_SPLINE_CURVE_WITH_KNOTS('',6,(#5896,#5897,#5898,#5899,#5900,
    #5901,#5902,#5903,#5904,#5905,#5906,#5907,#5908,#5909,#5910,#5911,
    #5912,#5913,#5914,#5915,#5916,#5917,#5918,#5919,#5920,#5921,#5922),
  .UNSPECIFIED.,.F.,.F.,(7,5,5,5,5,7),(0.,0.166752795284,0.464210921185,
    0.688061527197,0.798081179946,1.),.UNSPECIFIED.);
#5896 = CARTESIAN_POINT('',(-2.358048098666,4.149697749293));
#5897 = CARTESIAN_POINT('',(-2.428939874777,4.262046224071));
#5898 = CARTESIAN_POINT('',(-2.502850377931,4.372408686038));
#5899 = CARTESIAN_POINT('',(-2.579868787251,4.480584365023));
#5900 = CARTESIAN_POINT('',(-2.66007046726,4.58634989711));
#5901 = CARTESIAN_POINT('',(-2.743507093217,4.689467009263));
#5902 = CARTESIAN_POINT('',(-2.984836167467,4.968471037061));
#5903 = CARTESIAN_POINT('',(-3.149876110314,5.138100557804));
#5904 = CARTESIAN_POINT('',(-3.325337458492,5.297070172913));
#5905 = CARTESIAN_POINT('',(-3.510950838694,5.443953811038));
#5906 = CARTESIAN_POINT('',(-3.706024129292,5.577570355515));
#5907 = CARTESIAN_POINT('',(-4.062233423555,5.787195425737));
#5908 = CARTESIAN_POINT('',(-4.219862944632,5.86930135844));
#5909 = CARTESIAN_POINT('',(-4.38164295365,5.943188355987));
#5910 = CARTESIAN_POINT('',(-4.547006556192,6.008762492228));
#5911 = CARTESIAN_POINT('',(-4.715361600319,6.066103048596));
#5912 = CARTESIAN_POINT('',(-4.970030590529,6.139655716593));
#5913 = CARTESIAN_POINT('',(-5.054534242965,6.1619561578));
#5914 = CARTESIAN_POINT('',(-5.139554275841,6.182344908874));
#5915 = CARTESIAN_POINT('',(-5.225027338758,6.20085531492));
#5916 = CARTESIAN_POINT('',(-5.310893884231,6.217526551768));
#5917 = CARTESIAN_POINT('',(-5.555310071071,6.259701900483));
#5918 = CARTESIAN_POINT('',(-5.714658423675,6.280951546895));
#5919 = CARTESIAN_POINT('',(-5.874808201031,6.296419648158));
#5920 = CARTESIAN_POINT('',(-6.03547279754,6.306414473014));
#5921 = CARTESIAN_POINT('',(-6.196417475721,6.311257517664));
#5922 = CARTESIAN_POINT('',(-6.357462329871,6.311257517664));
#5923 = ( GEOMETRIC_REPRESENTATION_CONTEXT(2) 
PARAMETRIC_REPRESENTATION_CONTEXT() REPRESENTATION_CONTEXT('2D SPACE',''
  ) );
#5924 = PCURVE('',#5925,#5932);
#5925 = SURFACE_OF_LINEAR_EXTRUSION('',#5926,#5930);
#5926 = B_SPLINE_CURVE_WITH_KNOTS('',2,(#5927,#5928,#5929),
  .UNSPECIFIED.,.F.,.F.,(3,3),(0.,1.),.PIECEWISE_BEZIER_KNOTS.);
#5927 = CARTESIAN_POINT('',(-130.6565443808,6.311257517664,
    6.357462329871));
#5928 = CARTESIAN_POINT('',(-130.6565443808,6.311257517664,
    3.721990167768));
#5929 = CARTESIAN_POINT('',(-130.6565443808,4.149697749293,
    2.358048098666));
#5930 = VECTOR('',#5931,1.);
#5931 = DIRECTION('',(-1.,1.359631073447E-32,1.110223024625E-16));
#5932 = DEFINITIONAL_REPRESENTATION('',(#5933),#5961);
#5933 = B_SPLINE_CURVE_WITH_KNOTS('',6,(#5934,#5935,#5936,#5937,#5938,
    #5939,#5940,#5941,#5942,#5943,#5944,#5945,#5946,#5947,#5948,#5949,
    #5950,#5951,#5952,#5953,#5954,#5955,#5956,#5957,#5958,#5959,#5960),
  .UNSPECIFIED.,.F.,.F.,(7,5,5,5,5,7),(0.,0.166752795284,0.464210921185,
    0.688061527197,0.798081179946,1.),.UNSPECIFIED.);
#5934 = CARTESIAN_POINT('',(1.,-1.75));
#5935 = CARTESIAN_POINT('',(0.974012174814,-1.75));
#5936 = CARTESIAN_POINT('',(0.947673281256,-1.75));
#5937 = CARTESIAN_POINT('',(0.920988806624,-1.75));
#5938 = CARTESIAN_POINT('',(0.893969380612,-1.75));
#5939 = CARTESIAN_POINT('',(0.86663179111,-1.75));
#5940 = CARTESIAN_POINT('',(0.789709667056,-1.75));
#5941 = CARTESIAN_POINT('',(0.73946745082,-1.75));
#5942 = CARTESIAN_POINT('',(0.688437756613,-1.75));
#5943 = CARTESIAN_POINT('',(0.636830841802,-1.75));
#5944 = CARTESIAN_POINT('',(0.584909829911,-1.75));
#5945 = CARTESIAN_POINT('',(0.493935520426,-1.75));
#5946 = CARTESIAN_POINT('',(0.454866989117,-1.75));
#5947 = CARTESIAN_POINT('',(0.415928277501,-1.75));
#5948 = CARTESIAN_POINT('',(0.377237418726,-1.75));
#5949 = CARTESIAN_POINT('',(0.338897907512,-1.75));
#5950 = CARTESIAN_POINT('',(0.282373672832,-1.75));
#5951 = CARTESIAN_POINT('',(0.26385292888,-1.75));
#5952 = CARTESIAN_POINT('',(0.245447565525,-1.75));
#5953 = CARTESIAN_POINT('',(0.22716588019,-1.75));
#5954 = CARTESIAN_POINT('',(0.209014798092,-1.75));
#5955 = CARTESIAN_POINT('',(0.157937481774,-1.75));
#5956 = CARTESIAN_POINT('',(0.125334522345,-1.75));
#5957 = CARTESIAN_POINT('',(9.322474764992E-02,-1.75));
#5958 = CARTESIAN_POINT('',(6.162812898315E-02,-1.75));
#5959 = CARTESIAN_POINT('',(3.055332104534E-02,-1.75));
#5960 = CARTESIAN_POINT('',(0.,-1.75));
#5961 = ( GEOMETRIC_REPRESENTATION_CONTEXT(2) 
PARAMETRIC_REPRESENTATION_CONTEXT() REPRESENTATION_CONTEXT('2D SPACE',''
  ) );
#5962 = ORIENTED_EDGE('',*,*,#5963,.F.);
#5963 = EDGE_CURVE('',#5244,#5862,#5964,.T.);
#5964 = SURFACE_CURVE('',#5965,(#5983,#6004),.PCURVE_S1.);
#5965 = B_SPLINE_CURVE_WITH_KNOTS('',6,(#5966,#5967,#5968,#5969,#5970,
    #5971,#5972,#5973,#5974,#5975,#5976,#5977,#5978,#5979,#5980,#5981,
    #5982),.UNSPECIFIED.,.F.,.F.,(7,5,5,7),(0.,0.433997275375,
    0.793575711179,1.),.UNSPECIFIED.);
#5966 = CARTESIAN_POINT('',(-128.9065443808,-2.150007095514,
    0.994106029564));
#5967 = CARTESIAN_POINT('',(-128.9065443808,-1.67568919551,
    0.994106029564));
#5968 = CARTESIAN_POINT('',(-128.9065443808,-1.201666719705,
    1.004858171998));
#5969 = CARTESIAN_POINT('',(-128.9065443808,-0.728139638784,
    1.027658469202));
#5970 = CARTESIAN_POINT('',(-128.9065443808,-0.255640400625,
    1.064141057483));
#5971 = CARTESIAN_POINT('',(-128.9065443808,0.214964285125,
    1.116318216107));
#5972 = CARTESIAN_POINT('',(-128.9065443808,1.069749418157,
    1.245442365967));
#5973 = CARTESIAN_POINT('',(-128.9065443808,1.454765752326,
    1.316586262507));
#5974 = CARTESIAN_POINT('',(-128.9065443808,1.836886245022,1.40192701039
    ));
#5975 = CARTESIAN_POINT('',(-128.9065443808,2.214899518293,
    1.503332189161));
#5976 = CARTESIAN_POINT('',(-128.9065443808,2.586980774387,
    1.622981299236));
#5977 = CARTESIAN_POINT('',(-128.9065443808,3.159486795613,
    1.843964503512));
#5978 = CARTESIAN_POINT('',(-128.9065443808,3.365482131986,
    1.931377181896));
#5979 = CARTESIAN_POINT('',(-128.9065443808,3.568187496374,
    2.026064537188));
#5980 = CARTESIAN_POINT('',(-128.9065443808,3.766974346861,
    2.128478164679));
#5981 = CARTESIAN_POINT('',(-128.9065443808,3.961089798423,
    2.239036668808));
#5982 = CARTESIAN_POINT('',(-128.9065443808,4.149697749293,
    2.358048098666));
#5983 = PCURVE('',#4637,#5984);
#5984 = DEFINITIONAL_REPRESENTATION('',(#5985),#6003);
#5985 = B_SPLINE_CURVE_WITH_KNOTS('',6,(#5986,#5987,#5988,#5989,#5990,
    #5991,#5992,#5993,#5994,#5995,#5996,#5997,#5998,#5999,#6000,#6001,
    #6002),.UNSPECIFIED.,.F.,.F.,(7,5,5,7),(0.,0.433997275375,
    0.793575711179,1.),.UNSPECIFIED.);
#5986 = CARTESIAN_POINT('',(-0.994106029564,-2.150007095514));
#5987 = CARTESIAN_POINT('',(-0.994106029564,-1.67568919551));
#5988 = CARTESIAN_POINT('',(-1.004858171998,-1.201666719705));
#5989 = CARTESIAN_POINT('',(-1.027658469202,-0.728139638784));
#5990 = CARTESIAN_POINT('',(-1.064141057483,-0.255640400625));
#5991 = CARTESIAN_POINT('',(-1.116318216107,0.214964285125));
#5992 = CARTESIAN_POINT('',(-1.245442365967,1.069749418157));
#5993 = CARTESIAN_POINT('',(-1.316586262507,1.454765752326));
#5994 = CARTESIAN_POINT('',(-1.40192701039,1.836886245022));
#5995 = CARTESIAN_POINT('',(-1.503332189161,2.214899518293));
#5996 = CARTESIAN_POINT('',(-1.622981299236,2.586980774387));
#5997 = CARTESIAN_POINT('',(-1.843964503512,3.159486795613));
#5998 = CARTESIAN_POINT('',(-1.931377181896,3.365482131986));
#5999 = CARTESIAN_POINT('',(-2.026064537188,3.568187496374));
#6000 = CARTESIAN_POINT('',(-2.128478164679,3.766974346861));
#6001 = CARTESIAN_POINT('',(-2.239036668808,3.961089798423));
#6002 = CARTESIAN_POINT('',(-2.358048098666,4.149697749293));
#6003 = ( GEOMETRIC_REPRESENTATION_CONTEXT(2) 
PARAMETRIC_REPRESENTATION_CONTEXT() REPRESENTATION_CONTEXT('2D SPACE',''
  ) );
#6004 = PCURVE('',#6005,#6012);
#6005 = SURFACE_OF_LINEAR_EXTRUSION('',#6006,#6010);
#6006 = B_SPLINE_CURVE_WITH_KNOTS('',2,(#6007,#6008,#6009),
  .UNSPECIFIED.,.F.,.F.,(3,3),(0.,1.),.PIECEWISE_BEZIER_KNOTS.);
#6007 = CARTESIAN_POINT('',(-130.6565443808,4.149697749293,
    2.358048098666));
#6008 = CARTESIAN_POINT('',(-130.6565443808,1.988137980921,
    0.994106029564));
#6009 = CARTESIAN_POINT('',(-130.6565443808,-2.150007095514,
    0.994106029564));
#6010 = VECTOR('',#6011,1.);
#6011 = DIRECTION('',(-1.,1.359631073447E-32,1.110223024625E-16));
#6012 = DEFINITIONAL_REPRESENTATION('',(#6013),#6031);
#6013 = B_SPLINE_CURVE_WITH_KNOTS('',6,(#6014,#6015,#6016,#6017,#6018,
    #6019,#6020,#6021,#6022,#6023,#6024,#6025,#6026,#6027,#6028,#6029,
    #6030),.UNSPECIFIED.,.F.,.F.,(7,5,5,7),(0.,0.433997275375,
    0.793575711179,1.),.UNSPECIFIED.);
#6014 = CARTESIAN_POINT('',(1.,-1.75));
#6015 = CARTESIAN_POINT('',(0.942689551569,-1.75));
#6016 = CARTESIAN_POINT('',(0.883532107849,-1.75));
#6017 = CARTESIAN_POINT('',(0.822324900111,-1.75));
#6018 = CARTESIAN_POINT('',(0.758846126672,-1.75));
#6019 = CARTESIAN_POINT('',(0.692848161231,-1.75));
#6020 = CARTESIAN_POINT('',(0.56695744345,-1.75));
#6021 = CARTESIAN_POINT('',(0.507979810033,-1.75));
#6022 = CARTESIAN_POINT('',(0.446866216708,-1.75));
#6023 = CARTESIAN_POINT('',(0.383436019231,-1.75));
#6024 = CARTESIAN_POINT('',(0.317528074016,-1.75));
#6025 = CARTESIAN_POINT('',(0.209659879641,-1.75));
#6026 = CARTESIAN_POINT('',(0.169464182077,-1.75));
#6027 = CARTESIAN_POINT('',(0.128392212805,-1.75));
#6028 = CARTESIAN_POINT('',(8.644084277983E-02,-1.75));
#6029 = CARTESIAN_POINT('',(4.362774363902E-02,-1.75));
#6030 = CARTESIAN_POINT('',(0.,-1.75));
#6031 = ( GEOMETRIC_REPRESENTATION_CONTEXT(2) 
PARAMETRIC_REPRESENTATION_CONTEXT() REPRESENTATION_CONTEXT('2D SPACE',''
  ) );
#6032 = ADVANCED_FACE('',(#6033),#4746,.F.);
#6033 = FACE_BOUND('',#6034,.F.);
#6034 = EDGE_LOOP('',(#6035,#6036,#6037,#6038));
#6035 = ORIENTED_EDGE('',*,*,#4730,.T.);
#6036 = ORIENTED_EDGE('',*,*,#4882,.T.);
#6037 = ORIENTED_EDGE('',*,*,#4806,.F.);
#6038 = ORIENTED_EDGE('',*,*,#4855,.F.);
#6039 = ADVANCED_FACE('',(#6040),#4923,.F.);
#6040 = FACE_BOUND('',#6041,.F.);
#6041 = EDGE_LOOP('',(#6042,#6072,#6093,#6094));
#6042 = ORIENTED_EDGE('',*,*,#6043,.F.);
#6043 = EDGE_CURVE('',#6044,#6046,#6048,.T.);
#6044 = VERTEX_POINT('',#6045);
#6045 = CARTESIAN_POINT('',(-130.6565443808,5.779512384818,
    -6.866029214639));
#6046 = VERTEX_POINT('',#6047);
#6047 = CARTESIAN_POINT('',(-130.6565443808,-5.895100257308,
    -6.866029214639));
#6048 = SURFACE_CURVE('',#6049,(#6053,#6060),.PCURVE_S1.);
#6049 = LINE('',#6050,#6051);
#6050 = CARTESIAN_POINT('',(-130.6565443808,5.779512384818,
    -6.866029214639));
#6051 = VECTOR('',#6052,1.);
#6052 = DIRECTION('',(0.,-1.,1.224646799147E-16));
#6053 = PCURVE('',#4923,#6054);
#6054 = DEFINITIONAL_REPRESENTATION('',(#6055),#6059);
#6055 = LINE('',#6056,#6057);
#6056 = CARTESIAN_POINT('',(0.,0.));
#6057 = VECTOR('',#6058,1.);
#6058 = DIRECTION('',(1.,0.));
#6059 = ( GEOMETRIC_REPRESENTATION_CONTEXT(2) 
PARAMETRIC_REPRESENTATION_CONTEXT() REPRESENTATION_CONTEXT('2D SPACE',''
  ) );
#6060 = PCURVE('',#6061,#6066);
#6061 = PLANE('',#6062);
#6062 = AXIS2_PLACEMENT_3D('',#6063,#6064,#6065);
#6063 = CARTESIAN_POINT('',(-130.6565443808,5.779512384818,
    -12.85361787794));
#6064 = DIRECTION('',(1.,-1.359631073447E-32,-1.110223024625E-16));
#6065 = DIRECTION('',(1.110223024625E-16,1.224646799147E-16,1.));
#6066 = DEFINITIONAL_REPRESENTATION('',(#6067),#6071);
#6067 = LINE('',#6068,#6069);
#6068 = CARTESIAN_POINT('',(5.987588663307,0.));
#6069 = VECTOR('',#6070,1.);
#6070 = DIRECTION('',(0.,1.));
#6071 = ( GEOMETRIC_REPRESENTATION_CONTEXT(2) 
PARAMETRIC_REPRESENTATION_CONTEXT() REPRESENTATION_CONTEXT('2D SPACE',''
  ) );
#6072 = ORIENTED_EDGE('',*,*,#6073,.T.);
#6073 = EDGE_CURVE('',#6044,#4909,#6074,.T.);
#6074 = SURFACE_CURVE('',#6075,(#6079,#6086),.PCURVE_S1.);
#6075 = LINE('',#6076,#6077);
#6076 = CARTESIAN_POINT('',(-130.6565443808,5.779512384818,
    -6.866029214639));
#6077 = VECTOR('',#6078,1.);
#6078 = DIRECTION('',(1.,-1.359631073447E-32,-1.110223024625E-16));
#6079 = PCURVE('',#4923,#6080);
#6080 = DEFINITIONAL_REPRESENTATION('',(#6081),#6085);
#6081 = LINE('',#6082,#6083);
#6082 = CARTESIAN_POINT('',(0.,0.));
#6083 = VECTOR('',#6084,1.);
#6084 = DIRECTION('',(0.,-1.));
#6085 = ( GEOMETRIC_REPRESENTATION_CONTEXT(2) 
PARAMETRIC_REPRESENTATION_CONTEXT() REPRESENTATION_CONTEXT('2D SPACE',''
  ) );
#6086 = PCURVE('',#5228,#6087);
#6087 = DEFINITIONAL_REPRESENTATION('',(#6088),#6092);
#6088 = LINE('',#6089,#6090);
#6089 = CARTESIAN_POINT('',(2.034342793127,0.));
#6090 = VECTOR('',#6091,1.);
#6091 = DIRECTION('',(0.,-1.));
#6092 = ( GEOMETRIC_REPRESENTATION_CONTEXT(2) 
PARAMETRIC_REPRESENTATION_CONTEXT() REPRESENTATION_CONTEXT('2D SPACE',''
  ) );
#6093 = ORIENTED_EDGE('',*,*,#4906,.F.);
#6094 = ORIENTED_EDGE('',*,*,#6095,.F.);
#6095 = EDGE_CURVE('',#6046,#4907,#6096,.T.);
#6096 = SURFACE_CURVE('',#6097,(#6101,#6108),.PCURVE_S1.);
#6097 = LINE('',#6098,#6099);
#6098 = CARTESIAN_POINT('',(-130.6565443808,-5.895100257308,
    -6.866029214639));
#6099 = VECTOR('',#6100,1.);
#6100 = DIRECTION('',(1.,-1.359631073447E-32,-1.110223024625E-16));
#6101 = PCURVE('',#4923,#6102);
#6102 = DEFINITIONAL_REPRESENTATION('',(#6103),#6107);
#6103 = LINE('',#6104,#6105);
#6104 = CARTESIAN_POINT('',(11.674612642126,0.));
#6105 = VECTOR('',#6106,1.);
#6106 = DIRECTION('',(0.,-1.));
#6107 = ( GEOMETRIC_REPRESENTATION_CONTEXT(2) 
PARAMETRIC_REPRESENTATION_CONTEXT() REPRESENTATION_CONTEXT('2D SPACE',''
  ) );
#6108 = PCURVE('',#4949,#6109);
#6109 = DEFINITIONAL_REPRESENTATION('',(#6110),#6114);
#6110 = LINE('',#6111,#6112);
#6111 = CARTESIAN_POINT('',(0.,-0.));
#6112 = VECTOR('',#6113,1.);
#6113 = DIRECTION('',(0.,-1.));
#6114 = ( GEOMETRIC_REPRESENTATION_CONTEXT(2) 
PARAMETRIC_REPRESENTATION_CONTEXT() REPRESENTATION_CONTEXT('2D SPACE',''
  ) );
#6115 = ADVANCED_FACE('',(#6116),#5228,.F.);
#6116 = FACE_BOUND('',#6117,.F.);
#6117 = EDGE_LOOP('',(#6118,#6141,#6162,#6163));
#6118 = ORIENTED_EDGE('',*,*,#6119,.F.);
#6119 = EDGE_CURVE('',#6120,#6044,#6122,.T.);
#6120 = VERTEX_POINT('',#6121);
#6121 = CARTESIAN_POINT('',(-130.6565443808,5.779512384818,
    -4.831686421512));
#6122 = SURFACE_CURVE('',#6123,(#6127,#6134),.PCURVE_S1.);
#6123 = LINE('',#6124,#6125);
#6124 = CARTESIAN_POINT('',(-130.6565443808,5.779512384818,
    -4.831686421512));
#6125 = VECTOR('',#6126,1.);
#6126 = DIRECTION('',(-1.110223024625E-16,-1.224646799147E-16,-1.));
#6127 = PCURVE('',#5228,#6128);
#6128 = DEFINITIONAL_REPRESENTATION('',(#6129),#6133);
#6129 = LINE('',#6130,#6131);
#6130 = CARTESIAN_POINT('',(0.,-0.));
#6131 = VECTOR('',#6132,1.);
#6132 = DIRECTION('',(1.,0.));
#6133 = ( GEOMETRIC_REPRESENTATION_CONTEXT(2) 
PARAMETRIC_REPRESENTATION_CONTEXT() REPRESENTATION_CONTEXT('2D SPACE',''
  ) );
#6134 = PCURVE('',#6061,#6135);
#6135 = DEFINITIONAL_REPRESENTATION('',(#6136),#6140);
#6136 = LINE('',#6137,#6138);
#6137 = CARTESIAN_POINT('',(8.021931456434,0.));
#6138 = VECTOR('',#6139,1.);
#6139 = DIRECTION('',(-1.,0.));
#6140 = ( GEOMETRIC_REPRESENTATION_CONTEXT(2) 
PARAMETRIC_REPRESENTATION_CONTEXT() REPRESENTATION_CONTEXT('2D SPACE',''
  ) );
#6141 = ORIENTED_EDGE('',*,*,#6142,.T.);
#6142 = EDGE_CURVE('',#6120,#5190,#6143,.T.);
#6143 = SURFACE_CURVE('',#6144,(#6148,#6155),.PCURVE_S1.);
#6144 = LINE('',#6145,#6146);
#6145 = CARTESIAN_POINT('',(-130.6565443808,5.779512384818,
    -4.831686421512));
#6146 = VECTOR('',#6147,1.);
#6147 = DIRECTION('',(1.,-1.359631073447E-32,-1.110223024625E-16));
#6148 = PCURVE('',#5228,#6149);
#6149 = DEFINITIONAL_REPRESENTATION('',(#6150),#6154);
#6150 = LINE('',#6151,#6152);
#6151 = CARTESIAN_POINT('',(0.,-0.));
#6152 = VECTOR('',#6153,1.);
#6153 = DIRECTION('',(0.,-1.));
#6154 = ( GEOMETRIC_REPRESENTATION_CONTEXT(2) 
PARAMETRIC_REPRESENTATION_CONTEXT() REPRESENTATION_CONTEXT('2D SPACE',''
  ) );
#6155 = PCURVE('',#5204,#6156);
#6156 = DEFINITIONAL_REPRESENTATION('',(#6157),#6161);
#6157 = LINE('',#6158,#6159);
#6158 = CARTESIAN_POINT('',(16.390708839459,0.));
#6159 = VECTOR('',#6160,1.);
#6160 = DIRECTION('',(0.,-1.));
#6161 = ( GEOMETRIC_REPRESENTATION_CONTEXT(2) 
PARAMETRIC_REPRESENTATION_CONTEXT() REPRESENTATION_CONTEXT('2D SPACE',''
  ) );
#6162 = ORIENTED_EDGE('',*,*,#5215,.F.);
#6163 = ORIENTED_EDGE('',*,*,#6073,.F.);
#6164 = ADVANCED_FACE('',(#6165),#5204,.F.);
#6165 = FACE_BOUND('',#6166,.F.);
#6166 = EDGE_LOOP('',(#6167,#6190,#6211,#6212));
#6167 = ORIENTED_EDGE('',*,*,#6168,.F.);
#6168 = EDGE_CURVE('',#6169,#6120,#6171,.T.);
#6169 = VERTEX_POINT('',#6170);
#6170 = CARTESIAN_POINT('',(-130.6565443808,-10.61119645464,
    -4.831686421512));
#6171 = SURFACE_CURVE('',#6172,(#6176,#6183),.PCURVE_S1.);
#6172 = LINE('',#6173,#6174);
#6173 = CARTESIAN_POINT('',(-130.6565443808,-10.61119645464,
    -4.831686421512));
#6174 = VECTOR('',#6175,1.);
#6175 = DIRECTION('',(0.,1.,-1.224646799147E-16));
#6176 = PCURVE('',#5204,#6177);
#6177 = DEFINITIONAL_REPRESENTATION('',(#6178),#6182);
#6178 = LINE('',#6179,#6180);
#6179 = CARTESIAN_POINT('',(0.,0.));
#6180 = VECTOR('',#6181,1.);
#6181 = DIRECTION('',(1.,0.));
#6182 = ( GEOMETRIC_REPRESENTATION_CONTEXT(2) 
PARAMETRIC_REPRESENTATION_CONTEXT() REPRESENTATION_CONTEXT('2D SPACE',''
  ) );
#6183 = PCURVE('',#6061,#6184);
#6184 = DEFINITIONAL_REPRESENTATION('',(#6185),#6189);
#6185 = LINE('',#6186,#6187);
#6186 = CARTESIAN_POINT('',(8.021931456434,16.390708839459));
#6187 = VECTOR('',#6188,1.);
#6188 = DIRECTION('',(0.,-1.));
#6189 = ( GEOMETRIC_REPRESENTATION_CONTEXT(2) 
PARAMETRIC_REPRESENTATION_CONTEXT() REPRESENTATION_CONTEXT('2D SPACE',''
  ) );
#6190 = ORIENTED_EDGE('',*,*,#6191,.T.);
#6191 = EDGE_CURVE('',#6169,#5164,#6192,.T.);
#6192 = SURFACE_CURVE('',#6193,(#6197,#6204),.PCURVE_S1.);
#6193 = LINE('',#6194,#6195);
#6194 = CARTESIAN_POINT('',(-130.6565443808,-10.61119645464,
    -4.831686421512));
#6195 = VECTOR('',#6196,1.);
#6196 = DIRECTION('',(1.,-1.359631073447E-32,-1.110223024625E-16));
#6197 = PCURVE('',#5204,#6198);
#6198 = DEFINITIONAL_REPRESENTATION('',(#6199),#6203);
#6199 = LINE('',#6200,#6201);
#6200 = CARTESIAN_POINT('',(0.,0.));
#6201 = VECTOR('',#6202,1.);
#6202 = DIRECTION('',(0.,-1.));
#6203 = ( GEOMETRIC_REPRESENTATION_CONTEXT(2) 
PARAMETRIC_REPRESENTATION_CONTEXT() REPRESENTATION_CONTEXT('2D SPACE',''
  ) );
#6204 = PCURVE('',#5178,#6205);
#6205 = DEFINITIONAL_REPRESENTATION('',(#6206),#6210);
#6206 = LINE('',#6207,#6208);
#6207 = CARTESIAN_POINT('',(1.34080144805,0.));
#6208 = VECTOR('',#6209,1.);
#6209 = DIRECTION('',(0.,-1.));
#6210 = ( GEOMETRIC_REPRESENTATION_CONTEXT(2) 
PARAMETRIC_REPRESENTATION_CONTEXT() REPRESENTATION_CONTEXT('2D SPACE',''
  ) );
#6211 = ORIENTED_EDGE('',*,*,#5189,.F.);
#6212 = ORIENTED_EDGE('',*,*,#6142,.F.);
#6213 = ADVANCED_FACE('',(#6214),#5178,.F.);
#6214 = FACE_BOUND('',#6215,.F.);
#6215 = EDGE_LOOP('',(#6216,#6239,#6260,#6261));
#6216 = ORIENTED_EDGE('',*,*,#6217,.F.);
#6217 = EDGE_CURVE('',#6218,#6169,#6220,.T.);
#6218 = VERTEX_POINT('',#6219);
#6219 = CARTESIAN_POINT('',(-130.6565443808,-10.61119645464,
    -6.172487869563));
#6220 = SURFACE_CURVE('',#6221,(#6225,#6232),.PCURVE_S1.);
#6221 = LINE('',#6222,#6223);
#6222 = CARTESIAN_POINT('',(-130.6565443808,-10.61119645464,
    -6.172487869563));
#6223 = VECTOR('',#6224,1.);
#6224 = DIRECTION('',(1.110223024625E-16,1.224646799147E-16,1.));
#6225 = PCURVE('',#5178,#6226);
#6226 = DEFINITIONAL_REPRESENTATION('',(#6227),#6231);
#6227 = LINE('',#6228,#6229);
#6228 = CARTESIAN_POINT('',(0.,0.));
#6229 = VECTOR('',#6230,1.);
#6230 = DIRECTION('',(1.,0.));
#6231 = ( GEOMETRIC_REPRESENTATION_CONTEXT(2) 
PARAMETRIC_REPRESENTATION_CONTEXT() REPRESENTATION_CONTEXT('2D SPACE',''
  ) );
#6232 = PCURVE('',#6061,#6233);
#6233 = DEFINITIONAL_REPRESENTATION('',(#6234),#6238);
#6234 = LINE('',#6235,#6236);
#6235 = CARTESIAN_POINT('',(6.681130008384,16.390708839459));
#6236 = VECTOR('',#6237,1.);
#6237 = DIRECTION('',(1.,0.));
#6238 = ( GEOMETRIC_REPRESENTATION_CONTEXT(2) 
PARAMETRIC_REPRESENTATION_CONTEXT() REPRESENTATION_CONTEXT('2D SPACE',''
  ) );
#6239 = ORIENTED_EDGE('',*,*,#6240,.T.);
#6240 = EDGE_CURVE('',#6218,#5077,#6241,.T.);
#6241 = SURFACE_CURVE('',#6242,(#6246,#6253),.PCURVE_S1.);
#6242 = LINE('',#6243,#6244);
#6243 = CARTESIAN_POINT('',(-130.6565443808,-10.61119645464,
    -6.172487869563));
#6244 = VECTOR('',#6245,1.);
#6245 = DIRECTION('',(1.,-1.359631073447E-32,-1.110223024625E-16));
#6246 = PCURVE('',#5178,#6247);
#6247 = DEFINITIONAL_REPRESENTATION('',(#6248),#6252);
#6248 = LINE('',#6249,#6250);
#6249 = CARTESIAN_POINT('',(0.,0.));
#6250 = VECTOR('',#6251,1.);
#6251 = DIRECTION('',(0.,-1.));
#6252 = ( GEOMETRIC_REPRESENTATION_CONTEXT(2) 
PARAMETRIC_REPRESENTATION_CONTEXT() REPRESENTATION_CONTEXT('2D SPACE',''
  ) );
#6253 = PCURVE('',#5130,#6254);
#6254 = DEFINITIONAL_REPRESENTATION('',(#6255),#6259);
#6255 = LINE('',#6256,#6257);
#6256 = CARTESIAN_POINT('',(1.,0.));
#6257 = VECTOR('',#6258,1.);
#6258 = DIRECTION('',(0.,-1.));
#6259 = ( GEOMETRIC_REPRESENTATION_CONTEXT(2) 
PARAMETRIC_REPRESENTATION_CONTEXT() REPRESENTATION_CONTEXT('2D SPACE',''
  ) );
#6260 = ORIENTED_EDGE('',*,*,#5163,.F.);
#6261 = ORIENTED_EDGE('',*,*,#6191,.F.);
#6262 = ADVANCED_FACE('',(#6263),#5130,.F.);
#6263 = FACE_BOUND('',#6264,.F.);
#6264 = EDGE_LOOP('',(#6265,#6288,#6309,#6310));
#6265 = ORIENTED_EDGE('',*,*,#6266,.F.);
#6266 = EDGE_CURVE('',#6267,#6218,#6269,.T.);
#6267 = VERTEX_POINT('',#6268);
#6268 = CARTESIAN_POINT('',(-130.6565443808,-8.183764119846,
    -7.420877341511));
#6269 = SURFACE_CURVE('',#6270,(#6274,#6281),.PCURVE_S1.);
#6270 = B_SPLINE_CURVE_WITH_KNOTS('',2,(#6271,#6272,#6273),
  .UNSPECIFIED.,.F.,.F.,(3,3),(0.,1.),.PIECEWISE_BEZIER_KNOTS.);
#6271 = CARTESIAN_POINT('',(-130.6565443808,-8.183764119846,
    -7.420877341511));
#6272 = CARTESIAN_POINT('',(-130.6565443808,-8.715471625666,
    -6.704233002409));
#6273 = CARTESIAN_POINT('',(-130.6565443808,-10.61119645464,
    -6.172487869563));
#6274 = PCURVE('',#5130,#6275);
#6275 = DEFINITIONAL_REPRESENTATION('',(#6276),#6280);
#6276 = LINE('',#6277,#6278);
#6277 = CARTESIAN_POINT('',(0.,0.));
#6278 = VECTOR('',#6279,1.);
#6279 = DIRECTION('',(1.,0.));
#6280 = ( GEOMETRIC_REPRESENTATION_CONTEXT(2) 
PARAMETRIC_REPRESENTATION_CONTEXT() REPRESENTATION_CONTEXT('2D SPACE',''
  ) );
#6281 = PCURVE('',#6061,#6282);
#6282 = DEFINITIONAL_REPRESENTATION('',(#6283),#6287);
#6283 = B_SPLINE_CURVE_WITH_KNOTS('',2,(#6284,#6285,#6286),
  .UNSPECIFIED.,.F.,.F.,(3,3),(0.,1.),.PIECEWISE_BEZIER_KNOTS.);
#6284 = CARTESIAN_POINT('',(5.432740536435,13.963276504664));
#6285 = CARTESIAN_POINT('',(6.149384875537,14.494984010484));
#6286 = CARTESIAN_POINT('',(6.681130008384,16.390708839459));
#6287 = ( GEOMETRIC_REPRESENTATION_CONTEXT(2) 
PARAMETRIC_REPRESENTATION_CONTEXT() REPRESENTATION_CONTEXT('2D SPACE',''
  ) );
#6288 = ORIENTED_EDGE('',*,*,#6289,.T.);
#6289 = EDGE_CURVE('',#6267,#4987,#6290,.T.);
#6290 = SURFACE_CURVE('',#6291,(#6295,#6302),.PCURVE_S1.);
#6291 = LINE('',#6292,#6293);
#6292 = CARTESIAN_POINT('',(-130.6565443808,-8.183764119846,
    -7.420877341511));
#6293 = VECTOR('',#6294,1.);
#6294 = DIRECTION('',(1.,-1.359631073447E-32,-1.110223024625E-16));
#6295 = PCURVE('',#5130,#6296);
#6296 = DEFINITIONAL_REPRESENTATION('',(#6297),#6301);
#6297 = LINE('',#6298,#6299);
#6298 = CARTESIAN_POINT('',(0.,0.));
#6299 = VECTOR('',#6300,1.);
#6300 = DIRECTION('',(0.,-1.));
#6301 = ( GEOMETRIC_REPRESENTATION_CONTEXT(2) 
PARAMETRIC_REPRESENTATION_CONTEXT() REPRESENTATION_CONTEXT('2D SPACE',''
  ) );
#6302 = PCURVE('',#5042,#6303);
#6303 = DEFINITIONAL_REPRESENTATION('',(#6304),#6308);
#6304 = LINE('',#6305,#6306);
#6305 = CARTESIAN_POINT('',(1.,0.));
#6306 = VECTOR('',#6307,1.);
#6307 = DIRECTION('',(0.,-1.));
#6308 = ( GEOMETRIC_REPRESENTATION_CONTEXT(2) 
PARAMETRIC_REPRESENTATION_CONTEXT() REPRESENTATION_CONTEXT('2D SPACE',''
  ) );
#6309 = ORIENTED_EDGE('',*,*,#5076,.F.);
#6310 = ORIENTED_EDGE('',*,*,#6240,.F.);
#6311 = ADVANCED_FACE('',(#6312),#5042,.F.);
#6312 = FACE_BOUND('',#6313,.F.);
#6313 = EDGE_LOOP('',(#6314,#6337,#6358,#6359));
#6314 = ORIENTED_EDGE('',*,*,#6315,.F.);
#6315 = EDGE_CURVE('',#6316,#6267,#6318,.T.);
#6316 = VERTEX_POINT('',#6317);
#6317 = CARTESIAN_POINT('',(-130.6565443808,-7.35156718359,
    -10.4956074063));
#6318 = SURFACE_CURVE('',#6319,(#6323,#6330),.PCURVE_S1.);
#6319 = B_SPLINE_CURVE_WITH_KNOTS('',2,(#6320,#6321,#6322),
  .UNSPECIFIED.,.F.,.F.,(3,3),(0.,1.),.PIECEWISE_BEZIER_KNOTS.);
#6320 = CARTESIAN_POINT('',(-130.6565443808,-7.35156718359,
    -10.4956074063));
#6321 = CARTESIAN_POINT('',(-130.6565443808,-7.652056614026,
    -8.137521680613));
#6322 = CARTESIAN_POINT('',(-130.6565443808,-8.183764119846,
    -7.420877341511));
#6323 = PCURVE('',#5042,#6324);
#6324 = DEFINITIONAL_REPRESENTATION('',(#6325),#6329);
#6325 = LINE('',#6326,#6327);
#6326 = CARTESIAN_POINT('',(0.,0.));
#6327 = VECTOR('',#6328,1.);
#6328 = DIRECTION('',(1.,0.));
#6329 = ( GEOMETRIC_REPRESENTATION_CONTEXT(2) 
PARAMETRIC_REPRESENTATION_CONTEXT() REPRESENTATION_CONTEXT('2D SPACE',''
  ) );
#6330 = PCURVE('',#6061,#6331);
#6331 = DEFINITIONAL_REPRESENTATION('',(#6332),#6336);
#6332 = B_SPLINE_CURVE_WITH_KNOTS('',2,(#6333,#6334,#6335),
  .UNSPECIFIED.,.F.,.F.,(3,3),(0.,1.),.PIECEWISE_BEZIER_KNOTS.);
#6333 = CARTESIAN_POINT('',(2.35801047164,13.131079568408));
#6334 = CARTESIAN_POINT('',(4.716096197333,13.431568998843));
#6335 = CARTESIAN_POINT('',(5.432740536435,13.963276504664));
#6336 = ( GEOMETRIC_REPRESENTATION_CONTEXT(2) 
PARAMETRIC_REPRESENTATION_CONTEXT() REPRESENTATION_CONTEXT('2D SPACE',''
  ) );
#6337 = ORIENTED_EDGE('',*,*,#6338,.T.);
#6338 = EDGE_CURVE('',#6316,#4961,#6339,.T.);
#6339 = SURFACE_CURVE('',#6340,(#6344,#6351),.PCURVE_S1.);
#6340 = LINE('',#6341,#6342);
#6341 = CARTESIAN_POINT('',(-130.6565443808,-7.35156718359,
    -10.4956074063));
#6342 = VECTOR('',#6343,1.);
#6343 = DIRECTION('',(1.,-1.359631073447E-32,-1.110223024625E-16));
#6344 = PCURVE('',#5042,#6345);
#6345 = DEFINITIONAL_REPRESENTATION('',(#6346),#6350);
#6346 = LINE('',#6347,#6348);
#6347 = CARTESIAN_POINT('',(0.,0.));
#6348 = VECTOR('',#6349,1.);
#6349 = DIRECTION('',(0.,-1.));
#6350 = ( GEOMETRIC_REPRESENTATION_CONTEXT(2) 
PARAMETRIC_REPRESENTATION_CONTEXT() REPRESENTATION_CONTEXT('2D SPACE',''
  ) );
#6351 = PCURVE('',#4975,#6352);
#6352 = DEFINITIONAL_REPRESENTATION('',(#6353),#6357);
#6353 = LINE('',#6354,#6355);
#6354 = CARTESIAN_POINT('',(1.456466926282,0.));
#6355 = VECTOR('',#6356,1.);
#6356 = DIRECTION('',(0.,-1.));
#6357 = ( GEOMETRIC_REPRESENTATION_CONTEXT(2) 
PARAMETRIC_REPRESENTATION_CONTEXT() REPRESENTATION_CONTEXT('2D SPACE',''
  ) );
#6358 = ORIENTED_EDGE('',*,*,#4986,.F.);
#6359 = ORIENTED_EDGE('',*,*,#6289,.F.);
#6360 = ADVANCED_FACE('',(#6361),#4975,.F.);
#6361 = FACE_BOUND('',#6362,.F.);
#6362 = EDGE_LOOP('',(#6363,#6386,#6407,#6408));
#6363 = ORIENTED_EDGE('',*,*,#6364,.F.);
#6364 = EDGE_CURVE('',#6365,#6316,#6367,.T.);
#6365 = VERTEX_POINT('',#6366);
#6366 = CARTESIAN_POINT('',(-130.6565443808,-5.895100257308,
    -10.4956074063));
#6367 = SURFACE_CURVE('',#6368,(#6372,#6379),.PCURVE_S1.);
#6368 = LINE('',#6369,#6370);
#6369 = CARTESIAN_POINT('',(-130.6565443808,-5.895100257308,
    -10.4956074063));
#6370 = VECTOR('',#6371,1.);
#6371 = DIRECTION('',(0.,-1.,1.224646799147E-16));
#6372 = PCURVE('',#4975,#6373);
#6373 = DEFINITIONAL_REPRESENTATION('',(#6374),#6378);
#6374 = LINE('',#6375,#6376);
#6375 = CARTESIAN_POINT('',(0.,0.));
#6376 = VECTOR('',#6377,1.);
#6377 = DIRECTION('',(1.,0.));
#6378 = ( GEOMETRIC_REPRESENTATION_CONTEXT(2) 
PARAMETRIC_REPRESENTATION_CONTEXT() REPRESENTATION_CONTEXT('2D SPACE',''
  ) );
#6379 = PCURVE('',#6061,#6380);
#6380 = DEFINITIONAL_REPRESENTATION('',(#6381),#6385);
#6381 = LINE('',#6382,#6383);
#6382 = CARTESIAN_POINT('',(2.35801047164,11.674612642126));
#6383 = VECTOR('',#6384,1.);
#6384 = DIRECTION('',(0.,1.));
#6385 = ( GEOMETRIC_REPRESENTATION_CONTEXT(2) 
PARAMETRIC_REPRESENTATION_CONTEXT() REPRESENTATION_CONTEXT('2D SPACE',''
  ) );
#6386 = ORIENTED_EDGE('',*,*,#6387,.T.);
#6387 = EDGE_CURVE('',#6365,#4935,#6388,.T.);
#6388 = SURFACE_CURVE('',#6389,(#6393,#6400),.PCURVE_S1.);
#6389 = LINE('',#6390,#6391);
#6390 = CARTESIAN_POINT('',(-130.6565443808,-5.895100257308,
    -10.4956074063));
#6391 = VECTOR('',#6392,1.);
#6392 = DIRECTION('',(1.,-1.359631073447E-32,-1.110223024625E-16));
#6393 = PCURVE('',#4975,#6394);
#6394 = DEFINITIONAL_REPRESENTATION('',(#6395),#6399);
#6395 = LINE('',#6396,#6397);
#6396 = CARTESIAN_POINT('',(0.,0.));
#6397 = VECTOR('',#6398,1.);
#6398 = DIRECTION('',(0.,-1.));
#6399 = ( GEOMETRIC_REPRESENTATION_CONTEXT(2) 
PARAMETRIC_REPRESENTATION_CONTEXT() REPRESENTATION_CONTEXT('2D SPACE',''
  ) );
#6400 = PCURVE('',#4949,#6401);
#6401 = DEFINITIONAL_REPRESENTATION('',(#6402),#6406);
#6402 = LINE('',#6403,#6404);
#6403 = CARTESIAN_POINT('',(3.629578191667,0.));
#6404 = VECTOR('',#6405,1.);
#6405 = DIRECTION('',(0.,-1.));
#6406 = ( GEOMETRIC_REPRESENTATION_CONTEXT(2) 
PARAMETRIC_REPRESENTATION_CONTEXT() REPRESENTATION_CONTEXT('2D SPACE',''
  ) );
#6407 = ORIENTED_EDGE('',*,*,#4960,.F.);
#6408 = ORIENTED_EDGE('',*,*,#6338,.F.);
#6409 = ADVANCED_FACE('',(#6410),#4949,.F.);
#6410 = FACE_BOUND('',#6411,.F.);
#6411 = EDGE_LOOP('',(#6412,#6433,#6434,#6435));
#6412 = ORIENTED_EDGE('',*,*,#6413,.F.);
#6413 = EDGE_CURVE('',#6046,#6365,#6414,.T.);
#6414 = SURFACE_CURVE('',#6415,(#6419,#6426),.PCURVE_S1.);
#6415 = LINE('',#6416,#6417);
#6416 = CARTESIAN_POINT('',(-130.6565443808,-5.895100257308,
    -6.866029214639));
#6417 = VECTOR('',#6418,1.);
#6418 = DIRECTION('',(-1.110223024625E-16,-1.224646799147E-16,-1.));
#6419 = PCURVE('',#4949,#6420);
#6420 = DEFINITIONAL_REPRESENTATION('',(#6421),#6425);
#6421 = LINE('',#6422,#6423);
#6422 = CARTESIAN_POINT('',(0.,-0.));
#6423 = VECTOR('',#6424,1.);
#6424 = DIRECTION('',(1.,0.));
#6425 = ( GEOMETRIC_REPRESENTATION_CONTEXT(2) 
PARAMETRIC_REPRESENTATION_CONTEXT() REPRESENTATION_CONTEXT('2D SPACE',''
  ) );
#6426 = PCURVE('',#6061,#6427);
#6427 = DEFINITIONAL_REPRESENTATION('',(#6428),#6432);
#6428 = LINE('',#6429,#6430);
#6429 = CARTESIAN_POINT('',(5.987588663307,11.674612642126));
#6430 = VECTOR('',#6431,1.);
#6431 = DIRECTION('',(-1.,0.));
#6432 = ( GEOMETRIC_REPRESENTATION_CONTEXT(2) 
PARAMETRIC_REPRESENTATION_CONTEXT() REPRESENTATION_CONTEXT('2D SPACE',''
  ) );
#6433 = ORIENTED_EDGE('',*,*,#6095,.T.);
#6434 = ORIENTED_EDGE('',*,*,#4934,.F.);
#6435 = ORIENTED_EDGE('',*,*,#6387,.F.);
#6436 = ADVANCED_FACE('',(#6437),#5273,.F.);
#6437 = FACE_BOUND('',#6438,.F.);
#6438 = EDGE_LOOP('',(#6439,#6469,#6490,#6491));
#6439 = ORIENTED_EDGE('',*,*,#6440,.F.);
#6440 = EDGE_CURVE('',#6441,#6443,#6445,.T.);
#6441 = VERTEX_POINT('',#6442);
#6442 = CARTESIAN_POINT('',(-130.6565443808,-2.150007095514,
    0.994106029564));
#6443 = VERTEX_POINT('',#6444);
#6444 = CARTESIAN_POINT('',(-130.6565443808,-5.779510033129,
    1.340876702103));
#6445 = SURFACE_CURVE('',#6446,(#6450,#6457),.PCURVE_S1.);
#6446 = B_SPLINE_CURVE_WITH_KNOTS('',2,(#6447,#6448,#6449),
  .UNSPECIFIED.,.F.,.F.,(3,3),(0.,1.),.PIECEWISE_BEZIER_KNOTS.);
#6447 = CARTESIAN_POINT('',(-130.6565443808,-2.150007095514,
    0.994106029564));
#6448 = CARTESIAN_POINT('',(-130.6565443808,-4.207452882667,
    0.994106029564));
#6449 = CARTESIAN_POINT('',(-130.6565443808,-5.779510033129,
    1.340876702103));
#6450 = PCURVE('',#5273,#6451);
#6451 = DEFINITIONAL_REPRESENTATION('',(#6452),#6456);
#6452 = LINE('',#6453,#6454);
#6453 = CARTESIAN_POINT('',(0.,0.));
#6454 = VECTOR('',#6455,1.);
#6455 = DIRECTION('',(1.,0.));
#6456 = ( GEOMETRIC_REPRESENTATION_CONTEXT(2) 
PARAMETRIC_REPRESENTATION_CONTEXT() REPRESENTATION_CONTEXT('2D SPACE',''
  ) );
#6457 = PCURVE('',#6458,#6463);
#6458 = PLANE('',#6459);
#6459 = AXIS2_PLACEMENT_3D('',#6460,#6461,#6462);
#6460 = CARTESIAN_POINT('',(-130.6565443808,5.779512384818,
    -7.0778613427E-16));
#6461 = DIRECTION('',(1.,-1.359631073447E-32,-1.110223024625E-16));
#6462 = DIRECTION('',(1.110223024625E-16,1.224646799147E-16,1.));
#6463 = DEFINITIONAL_REPRESENTATION('',(#6464),#6468);
#6464 = B_SPLINE_CURVE_WITH_KNOTS('',2,(#6465,#6466,#6467),
  .UNSPECIFIED.,.F.,.F.,(3,3),(0.,1.),.PIECEWISE_BEZIER_KNOTS.);
#6465 = CARTESIAN_POINT('',(0.994106029564,7.929519480332));
#6466 = CARTESIAN_POINT('',(0.994106029564,9.986965267485));
#6467 = CARTESIAN_POINT('',(1.340876702103,11.559022417947));
#6468 = ( GEOMETRIC_REPRESENTATION_CONTEXT(2) 
PARAMETRIC_REPRESENTATION_CONTEXT() REPRESENTATION_CONTEXT('2D SPACE',''
  ) );
#6469 = ORIENTED_EDGE('',*,*,#6470,.T.);
#6470 = EDGE_CURVE('',#6441,#5244,#6471,.T.);
#6471 = SURFACE_CURVE('',#6472,(#6476,#6483),.PCURVE_S1.);
#6472 = LINE('',#6473,#6474);
#6473 = CARTESIAN_POINT('',(-130.6565443808,-2.150007095514,
    0.994106029564));
#6474 = VECTOR('',#6475,1.);
#6475 = DIRECTION('',(1.,-1.359631073447E-32,-1.110223024625E-16));
#6476 = PCURVE('',#5273,#6477);
#6477 = DEFINITIONAL_REPRESENTATION('',(#6478),#6482);
#6478 = LINE('',#6479,#6480);
#6479 = CARTESIAN_POINT('',(0.,0.));
#6480 = VECTOR('',#6481,1.);
#6481 = DIRECTION('',(0.,-1.));
#6482 = ( GEOMETRIC_REPRESENTATION_CONTEXT(2) 
PARAMETRIC_REPRESENTATION_CONTEXT() REPRESENTATION_CONTEXT('2D SPACE',''
  ) );
#6483 = PCURVE('',#6005,#6484);
#6484 = DEFINITIONAL_REPRESENTATION('',(#6485),#6489);
#6485 = LINE('',#6486,#6487);
#6486 = CARTESIAN_POINT('',(1.,0.));
#6487 = VECTOR('',#6488,1.);
#6488 = DIRECTION('',(0.,-1.));
#6489 = ( GEOMETRIC_REPRESENTATION_CONTEXT(2) 
PARAMETRIC_REPRESENTATION_CONTEXT() REPRESENTATION_CONTEXT('2D SPACE',''
  ) );
#6490 = ORIENTED_EDGE('',*,*,#5241,.F.);
#6491 = ORIENTED_EDGE('',*,*,#6492,.F.);
#6492 = EDGE_CURVE('',#6443,#5242,#6493,.T.);
#6493 = SURFACE_CURVE('',#6494,(#6498,#6505),.PCURVE_S1.);
#6494 = LINE('',#6495,#6496);
#6495 = CARTESIAN_POINT('',(-130.6565443808,-5.779510033129,
    1.340876702103));
#6496 = VECTOR('',#6497,1.);
#6497 = DIRECTION('',(1.,-1.359631073447E-32,-1.110223024625E-16));
#6498 = PCURVE('',#5273,#6499);
#6499 = DEFINITIONAL_REPRESENTATION('',(#6500),#6504);
#6500 = LINE('',#6501,#6502);
#6501 = CARTESIAN_POINT('',(1.,0.));
#6502 = VECTOR('',#6503,1.);
#6503 = DIRECTION('',(0.,-1.));
#6504 = ( GEOMETRIC_REPRESENTATION_CONTEXT(2) 
PARAMETRIC_REPRESENTATION_CONTEXT() REPRESENTATION_CONTEXT('2D SPACE',''
  ) );
#6505 = PCURVE('',#5328,#6506);
#6506 = DEFINITIONAL_REPRESENTATION('',(#6507),#6511);
#6507 = LINE('',#6508,#6509);
#6508 = CARTESIAN_POINT('',(0.,0.));
#6509 = VECTOR('',#6510,1.);
#6510 = DIRECTION('',(0.,-1.));
#6511 = ( GEOMETRIC_REPRESENTATION_CONTEXT(2) 
PARAMETRIC_REPRESENTATION_CONTEXT() REPRESENTATION_CONTEXT('2D SPACE',''
  ) );
#6512 = ADVANCED_FACE('',(#6513),#6005,.F.);
#6513 = FACE_BOUND('',#6514,.F.);
#6514 = EDGE_LOOP('',(#6515,#6538,#6559,#6560));
#6515 = ORIENTED_EDGE('',*,*,#6516,.F.);
#6516 = EDGE_CURVE('',#6517,#6441,#6519,.T.);
#6517 = VERTEX_POINT('',#6518);
#6518 = CARTESIAN_POINT('',(-130.6565443808,4.149697749293,
    2.358048098666));
#6519 = SURFACE_CURVE('',#6520,(#6524,#6531),.PCURVE_S1.);
#6520 = B_SPLINE_CURVE_WITH_KNOTS('',2,(#6521,#6522,#6523),
  .UNSPECIFIED.,.F.,.F.,(3,3),(0.,1.),.PIECEWISE_BEZIER_KNOTS.);
#6521 = CARTESIAN_POINT('',(-130.6565443808,4.149697749293,
    2.358048098666));
#6522 = CARTESIAN_POINT('',(-130.6565443808,1.988137980921,
    0.994106029564));
#6523 = CARTESIAN_POINT('',(-130.6565443808,-2.150007095514,
    0.994106029564));
#6524 = PCURVE('',#6005,#6525);
#6525 = DEFINITIONAL_REPRESENTATION('',(#6526),#6530);
#6526 = LINE('',#6527,#6528);
#6527 = CARTESIAN_POINT('',(0.,0.));
#6528 = VECTOR('',#6529,1.);
#6529 = DIRECTION('',(1.,0.));
#6530 = ( GEOMETRIC_REPRESENTATION_CONTEXT(2) 
PARAMETRIC_REPRESENTATION_CONTEXT() REPRESENTATION_CONTEXT('2D SPACE',''
  ) );
#6531 = PCURVE('',#6458,#6532);
#6532 = DEFINITIONAL_REPRESENTATION('',(#6533),#6537);
#6533 = B_SPLINE_CURVE_WITH_KNOTS('',2,(#6534,#6535,#6536),
  .UNSPECIFIED.,.F.,.F.,(3,3),(0.,1.),.PIECEWISE_BEZIER_KNOTS.);
#6534 = CARTESIAN_POINT('',(2.358048098666,1.629814635525));
#6535 = CARTESIAN_POINT('',(0.994106029564,3.791374403897));
#6536 = CARTESIAN_POINT('',(0.994106029564,7.929519480332));
#6537 = ( GEOMETRIC_REPRESENTATION_CONTEXT(2) 
PARAMETRIC_REPRESENTATION_CONTEXT() REPRESENTATION_CONTEXT('2D SPACE',''
  ) );
#6538 = ORIENTED_EDGE('',*,*,#6539,.T.);
#6539 = EDGE_CURVE('',#6517,#5862,#6540,.T.);
#6540 = SURFACE_CURVE('',#6541,(#6545,#6552),.PCURVE_S1.);
#6541 = LINE('',#6542,#6543);
#6542 = CARTESIAN_POINT('',(-130.6565443808,4.149697749293,
    2.358048098666));
#6543 = VECTOR('',#6544,1.);
#6544 = DIRECTION('',(1.,-1.359631073447E-32,-1.110223024625E-16));
#6545 = PCURVE('',#6005,#6546);
#6546 = DEFINITIONAL_REPRESENTATION('',(#6547),#6551);
#6547 = LINE('',#6548,#6549);
#6548 = CARTESIAN_POINT('',(0.,0.));
#6549 = VECTOR('',#6550,1.);
#6550 = DIRECTION('',(0.,-1.));
#6551 = ( GEOMETRIC_REPRESENTATION_CONTEXT(2) 
PARAMETRIC_REPRESENTATION_CONTEXT() REPRESENTATION_CONTEXT('2D SPACE',''
  ) );
#6552 = PCURVE('',#5925,#6553);
#6553 = DEFINITIONAL_REPRESENTATION('',(#6554),#6558);
#6554 = LINE('',#6555,#6556);
#6555 = CARTESIAN_POINT('',(1.,0.));
#6556 = VECTOR('',#6557,1.);
#6557 = DIRECTION('',(0.,-1.));
#6558 = ( GEOMETRIC_REPRESENTATION_CONTEXT(2) 
PARAMETRIC_REPRESENTATION_CONTEXT() REPRESENTATION_CONTEXT('2D SPACE',''
  ) );
#6559 = ORIENTED_EDGE('',*,*,#5963,.F.);
#6560 = ORIENTED_EDGE('',*,*,#6470,.F.);
#6561 = ADVANCED_FACE('',(#6562),#5925,.F.);
#6562 = FACE_BOUND('',#6563,.F.);
#6563 = EDGE_LOOP('',(#6564,#6587,#6608,#6609));
#6564 = ORIENTED_EDGE('',*,*,#6565,.F.);
#6565 = EDGE_CURVE('',#6566,#6517,#6568,.T.);
#6566 = VERTEX_POINT('',#6567);
#6567 = CARTESIAN_POINT('',(-130.6565443808,6.311257517664,
    6.357462329871));
#6568 = SURFACE_CURVE('',#6569,(#6573,#6580),.PCURVE_S1.);
#6569 = B_SPLINE_CURVE_WITH_KNOTS('',2,(#6570,#6571,#6572),
  .UNSPECIFIED.,.F.,.F.,(3,3),(0.,1.),.PIECEWISE_BEZIER_KNOTS.);
#6570 = CARTESIAN_POINT('',(-130.6565443808,6.311257517664,
    6.357462329871));
#6571 = CARTESIAN_POINT('',(-130.6565443808,6.311257517664,
    3.721990167768));
#6572 = CARTESIAN_POINT('',(-130.6565443808,4.149697749293,
    2.358048098666));
#6573 = PCURVE('',#5925,#6574);
#6574 = DEFINITIONAL_REPRESENTATION('',(#6575),#6579);
#6575 = LINE('',#6576,#6577);
#6576 = CARTESIAN_POINT('',(0.,0.));
#6577 = VECTOR('',#6578,1.);
#6578 = DIRECTION('',(1.,0.));
#6579 = ( GEOMETRIC_REPRESENTATION_CONTEXT(2) 
PARAMETRIC_REPRESENTATION_CONTEXT() REPRESENTATION_CONTEXT('2D SPACE',''
  ) );
#6580 = PCURVE('',#6458,#6581);
#6581 = DEFINITIONAL_REPRESENTATION('',(#6582),#6586);
#6582 = B_SPLINE_CURVE_WITH_KNOTS('',2,(#6583,#6584,#6585),
  .UNSPECIFIED.,.F.,.F.,(3,3),(0.,1.),.PIECEWISE_BEZIER_KNOTS.);
#6583 = CARTESIAN_POINT('',(6.357462329871,-0.531745132846));
#6584 = CARTESIAN_POINT('',(3.721990167768,-0.531745132846));
#6585 = CARTESIAN_POINT('',(2.358048098666,1.629814635525));
#6586 = ( GEOMETRIC_REPRESENTATION_CONTEXT(2) 
PARAMETRIC_REPRESENTATION_CONTEXT() REPRESENTATION_CONTEXT('2D SPACE',''
  ) );
#6587 = ORIENTED_EDGE('',*,*,#6588,.T.);
#6588 = EDGE_CURVE('',#6566,#5760,#6589,.T.);
#6589 = SURFACE_CURVE('',#6590,(#6594,#6601),.PCURVE_S1.);
#6590 = LINE('',#6591,#6592);
#6591 = CARTESIAN_POINT('',(-130.6565443808,6.311257517664,
    6.357462329871));
#6592 = VECTOR('',#6593,1.);
#6593 = DIRECTION('',(1.,-1.359631073447E-32,-1.110223024625E-16));
#6594 = PCURVE('',#5925,#6595);
#6595 = DEFINITIONAL_REPRESENTATION('',(#6596),#6600);
#6596 = LINE('',#6597,#6598);
#6597 = CARTESIAN_POINT('',(0.,0.));
#6598 = VECTOR('',#6599,1.);
#6599 = DIRECTION('',(0.,-1.));
#6600 = ( GEOMETRIC_REPRESENTATION_CONTEXT(2) 
PARAMETRIC_REPRESENTATION_CONTEXT() REPRESENTATION_CONTEXT('2D SPACE',''
  ) );
#6601 = PCURVE('',#5823,#6602);
#6602 = DEFINITIONAL_REPRESENTATION('',(#6603),#6607);
#6603 = LINE('',#6604,#6605);
#6604 = CARTESIAN_POINT('',(1.,0.));
#6605 = VECTOR('',#6606,1.);
#6606 = DIRECTION('',(0.,-1.));
#6607 = ( GEOMETRIC_REPRESENTATION_CONTEXT(2) 
PARAMETRIC_REPRESENTATION_CONTEXT() REPRESENTATION_CONTEXT('2D SPACE',''
  ) );
#6608 = ORIENTED_EDGE('',*,*,#5861,.F.);
#6609 = ORIENTED_EDGE('',*,*,#6539,.F.);
#6610 = ADVANCED_FACE('',(#6611),#5823,.F.);
#6611 = FACE_BOUND('',#6612,.F.);
#6612 = EDGE_LOOP('',(#6613,#6636,#6657,#6658));
#6613 = ORIENTED_EDGE('',*,*,#6614,.F.);
#6614 = EDGE_CURVE('',#6615,#6566,#6617,.T.);
#6615 = VERTEX_POINT('',#6616);
#6616 = CARTESIAN_POINT('',(-130.6565443808,4.172838370344,
    10.345325064062));
#6617 = SURFACE_CURVE('',#6618,(#6622,#6629),.PCURVE_S1.);
#6618 = B_SPLINE_CURVE_WITH_KNOTS('',2,(#6619,#6620,#6621),
  .UNSPECIFIED.,.F.,.F.,(3,3),(0.,1.),.PIECEWISE_BEZIER_KNOTS.);
#6619 = CARTESIAN_POINT('',(-130.6565443808,4.172838370344,
    10.345325064062));
#6620 = CARTESIAN_POINT('',(-130.6565443808,6.311257517664,
    8.969831497947));
#6621 = CARTESIAN_POINT('',(-130.6565443808,6.311257517664,
    6.357462329871));
#6622 = PCURVE('',#5823,#6623);
#6623 = DEFINITIONAL_REPRESENTATION('',(#6624),#6628);
#6624 = LINE('',#6625,#6626);
#6625 = CARTESIAN_POINT('',(0.,0.));
#6626 = VECTOR('',#6627,1.);
#6627 = DIRECTION('',(1.,0.));
#6628 = ( GEOMETRIC_REPRESENTATION_CONTEXT(2) 
PARAMETRIC_REPRESENTATION_CONTEXT() REPRESENTATION_CONTEXT('2D SPACE',''
  ) );
#6629 = PCURVE('',#6458,#6630);
#6630 = DEFINITIONAL_REPRESENTATION('',(#6631),#6635);
#6631 = B_SPLINE_CURVE_WITH_KNOTS('',2,(#6632,#6633,#6634),
  .UNSPECIFIED.,.F.,.F.,(3,3),(0.,1.),.PIECEWISE_BEZIER_KNOTS.);
#6632 = CARTESIAN_POINT('',(10.345325064062,1.606674014474));
#6633 = CARTESIAN_POINT('',(8.969831497947,-0.531745132846));
#6634 = CARTESIAN_POINT('',(6.357462329871,-0.531745132846));
#6635 = ( GEOMETRIC_REPRESENTATION_CONTEXT(2) 
PARAMETRIC_REPRESENTATION_CONTEXT() REPRESENTATION_CONTEXT('2D SPACE',''
  ) );
#6636 = ORIENTED_EDGE('',*,*,#6637,.T.);
#6637 = EDGE_CURVE('',#6615,#5679,#6638,.T.);
#6638 = SURFACE_CURVE('',#6639,(#6643,#6650),.PCURVE_S1.);
#6639 = LINE('',#6640,#6641);
#6640 = CARTESIAN_POINT('',(-130.6565443808,4.172838370344,
    10.345325064062));
#6641 = VECTOR('',#6642,1.);
#6642 = DIRECTION('',(1.,-1.359631073447E-32,-1.110223024625E-16));
#6643 = PCURVE('',#5823,#6644);
#6644 = DEFINITIONAL_REPRESENTATION('',(#6645),#6649);
#6645 = LINE('',#6646,#6647);
#6646 = CARTESIAN_POINT('',(0.,0.));
#6647 = VECTOR('',#6648,1.);
#6648 = DIRECTION('',(0.,-1.));
#6649 = ( GEOMETRIC_REPRESENTATION_CONTEXT(2) 
PARAMETRIC_REPRESENTATION_CONTEXT() REPRESENTATION_CONTEXT('2D SPACE',''
  ) );
#6650 = PCURVE('',#5728,#6651);
#6651 = DEFINITIONAL_REPRESENTATION('',(#6652),#6656);
#6652 = LINE('',#6653,#6654);
#6653 = CARTESIAN_POINT('',(1.,0.));
#6654 = VECTOR('',#6655,1.);
#6655 = DIRECTION('',(0.,-1.));
#6656 = ( GEOMETRIC_REPRESENTATION_CONTEXT(2) 
PARAMETRIC_REPRESENTATION_CONTEXT() REPRESENTATION_CONTEXT('2D SPACE',''
  ) );
#6657 = ORIENTED_EDGE('',*,*,#5759,.F.);
#6658 = ORIENTED_EDGE('',*,*,#6588,.F.);
#6659 = ADVANCED_FACE('',(#6660),#5728,.F.);
#6660 = FACE_BOUND('',#6661,.F.);
#6661 = EDGE_LOOP('',(#6662,#6685,#6706,#6707));
#6662 = ORIENTED_EDGE('',*,*,#6663,.F.);
#6663 = EDGE_CURVE('',#6664,#6615,#6666,.T.);
#6664 = VERTEX_POINT('',#6665);
#6665 = CARTESIAN_POINT('',(-130.6565443808,-2.011238623257,
    11.720818630177));
#6666 = SURFACE_CURVE('',#6667,(#6671,#6678),.PCURVE_S1.);
#6667 = B_SPLINE_CURVE_WITH_KNOTS('',2,(#6668,#6669,#6670),
  .UNSPECIFIED.,.F.,.F.,(3,3),(0.,1.),.PIECEWISE_BEZIER_KNOTS.);
#6668 = CARTESIAN_POINT('',(-130.6565443808,-2.011238623257,
    11.720818630177));
#6669 = CARTESIAN_POINT('',(-130.6565443808,2.034419223024,
    11.720818630177));
#6670 = CARTESIAN_POINT('',(-130.6565443808,4.172838370344,
    10.345325064062));
#6671 = PCURVE('',#5728,#6672);
#6672 = DEFINITIONAL_REPRESENTATION('',(#6673),#6677);
#6673 = LINE('',#6674,#6675);
#6674 = CARTESIAN_POINT('',(0.,0.));
#6675 = VECTOR('',#6676,1.);
#6676 = DIRECTION('',(1.,0.));
#6677 = ( GEOMETRIC_REPRESENTATION_CONTEXT(2) 
PARAMETRIC_REPRESENTATION_CONTEXT() REPRESENTATION_CONTEXT('2D SPACE',''
  ) );
#6678 = PCURVE('',#6458,#6679);
#6679 = DEFINITIONAL_REPRESENTATION('',(#6680),#6684);
#6680 = B_SPLINE_CURVE_WITH_KNOTS('',2,(#6681,#6682,#6683),
  .UNSPECIFIED.,.F.,.F.,(3,3),(0.,1.),.PIECEWISE_BEZIER_KNOTS.);
#6681 = CARTESIAN_POINT('',(11.720818630177,7.790751008075));
#6682 = CARTESIAN_POINT('',(11.720818630177,3.745093161794));
#6683 = CARTESIAN_POINT('',(10.345325064062,1.606674014474));
#6684 = ( GEOMETRIC_REPRESENTATION_CONTEXT(2) 
PARAMETRIC_REPRESENTATION_CONTEXT() REPRESENTATION_CONTEXT('2D SPACE',''
  ) );
#6685 = ORIENTED_EDGE('',*,*,#6686,.T.);
#6686 = EDGE_CURVE('',#6664,#5505,#6687,.T.);
#6687 = SURFACE_CURVE('',#6688,(#6692,#6699),.PCURVE_S1.);
#6688 = LINE('',#6689,#6690);
#6689 = CARTESIAN_POINT('',(-130.6565443808,-2.011238623257,
    11.720818630177));
#6690 = VECTOR('',#6691,1.);
#6691 = DIRECTION('',(1.,-1.359631073447E-32,-1.110223024625E-16));
#6692 = PCURVE('',#5728,#6693);
#6693 = DEFINITIONAL_REPRESENTATION('',(#6694),#6698);
#6694 = LINE('',#6695,#6696);
#6695 = CARTESIAN_POINT('',(0.,0.));
#6696 = VECTOR('',#6697,1.);
#6697 = DIRECTION('',(0.,-1.));
#6698 = ( GEOMETRIC_REPRESENTATION_CONTEXT(2) 
PARAMETRIC_REPRESENTATION_CONTEXT() REPRESENTATION_CONTEXT('2D SPACE',''
  ) );
#6699 = PCURVE('',#5616,#6700);
#6700 = DEFINITIONAL_REPRESENTATION('',(#6701),#6705);
#6701 = LINE('',#6702,#6703);
#6702 = CARTESIAN_POINT('',(1.,0.));
#6703 = VECTOR('',#6704,1.);
#6704 = DIRECTION('',(0.,-1.));
#6705 = ( GEOMETRIC_REPRESENTATION_CONTEXT(2) 
PARAMETRIC_REPRESENTATION_CONTEXT() REPRESENTATION_CONTEXT('2D SPACE',''
  ) );
#6706 = ORIENTED_EDGE('',*,*,#5678,.F.);
#6707 = ORIENTED_EDGE('',*,*,#6637,.F.);
#6708 = ADVANCED_FACE('',(#6709),#5616,.F.);
#6709 = FACE_BOUND('',#6710,.F.);
#6710 = EDGE_LOOP('',(#6711,#6734,#6755,#6756));
#6711 = ORIENTED_EDGE('',*,*,#6712,.F.);
#6712 = EDGE_CURVE('',#6713,#6664,#6715,.T.);
#6713 = VERTEX_POINT('',#6714);
#6714 = CARTESIAN_POINT('',(-130.6565443808,-10.61119645464,
    6.357462329871));
#6715 = SURFACE_CURVE('',#6716,(#6720,#6727),.PCURVE_S1.);
#6716 = B_SPLINE_CURVE_WITH_KNOTS('',2,(#6717,#6718,#6719),
  .UNSPECIFIED.,.F.,.F.,(3,3),(0.,1.),.PIECEWISE_BEZIER_KNOTS.);
#6717 = CARTESIAN_POINT('',(-130.6565443808,-10.61119645464,
    6.357462329871));
#6718 = CARTESIAN_POINT('',(-130.6565443808,-10.61119645464,
    11.720818630177));
#6719 = CARTESIAN_POINT('',(-130.6565443808,-2.011238623257,
    11.720818630177));
#6720 = PCURVE('',#5616,#6721);
#6721 = DEFINITIONAL_REPRESENTATION('',(#6722),#6726);
#6722 = LINE('',#6723,#6724);
#6723 = CARTESIAN_POINT('',(0.,0.));
#6724 = VECTOR('',#6725,1.);
#6725 = DIRECTION('',(1.,0.));
#6726 = ( GEOMETRIC_REPRESENTATION_CONTEXT(2) 
PARAMETRIC_REPRESENTATION_CONTEXT() REPRESENTATION_CONTEXT('2D SPACE',''
  ) );
#6727 = PCURVE('',#6458,#6728);
#6728 = DEFINITIONAL_REPRESENTATION('',(#6729),#6733);
#6729 = B_SPLINE_CURVE_WITH_KNOTS('',2,(#6730,#6731,#6732),
  .UNSPECIFIED.,.F.,.F.,(3,3),(0.,1.),.PIECEWISE_BEZIER_KNOTS.);
#6730 = CARTESIAN_POINT('',(6.357462329871,16.390708839459));
#6731 = CARTESIAN_POINT('',(11.720818630177,16.390708839459));
#6732 = CARTESIAN_POINT('',(11.720818630177,7.790751008075));
#6733 = ( GEOMETRIC_REPRESENTATION_CONTEXT(2) 
PARAMETRIC_REPRESENTATION_CONTEXT() REPRESENTATION_CONTEXT('2D SPACE',''
  ) );
#6734 = ORIENTED_EDGE('',*,*,#6735,.T.);
#6735 = EDGE_CURVE('',#6713,#5454,#6736,.T.);
#6736 = SURFACE_CURVE('',#6737,(#6741,#6748),.PCURVE_S1.);
#6737 = LINE('',#6738,#6739);
#6738 = CARTESIAN_POINT('',(-130.6565443808,-10.61119645464,
    6.357462329871));
#6739 = VECTOR('',#6740,1.);
#6740 = DIRECTION('',(1.,-1.359631073447E-32,-1.110223024625E-16));
#6741 = PCURVE('',#5616,#6742);
#6742 = DEFINITIONAL_REPRESENTATION('',(#6743),#6747);
#6743 = LINE('',#6744,#6745);
#6744 = CARTESIAN_POINT('',(0.,0.));
#6745 = VECTOR('',#6746,1.);
#6746 = DIRECTION('',(0.,-1.));
#6747 = ( GEOMETRIC_REPRESENTATION_CONTEXT(2) 
PARAMETRIC_REPRESENTATION_CONTEXT() REPRESENTATION_CONTEXT('2D SPACE',''
  ) );
#6748 = PCURVE('',#5483,#6749);
#6749 = DEFINITIONAL_REPRESENTATION('',(#6750),#6754);
#6750 = LINE('',#6751,#6752);
#6751 = CARTESIAN_POINT('',(1.,0.));
#6752 = VECTOR('',#6753,1.);
#6753 = DIRECTION('',(0.,-1.));
#6754 = ( GEOMETRIC_REPRESENTATION_CONTEXT(2) 
PARAMETRIC_REPRESENTATION_CONTEXT() REPRESENTATION_CONTEXT('2D SPACE',''
  ) );
#6755 = ORIENTED_EDGE('',*,*,#5504,.F.);
#6756 = ORIENTED_EDGE('',*,*,#6686,.F.);
#6757 = ADVANCED_FACE('',(#6758),#5483,.F.);
#6758 = FACE_BOUND('',#6759,.F.);
#6759 = EDGE_LOOP('',(#6760,#6783,#6804,#6805));
#6760 = ORIENTED_EDGE('',*,*,#6761,.F.);
#6761 = EDGE_CURVE('',#6762,#6713,#6764,.T.);
#6762 = VERTEX_POINT('',#6763);
#6763 = CARTESIAN_POINT('',(-130.6565443808,-10.42625962135,
    4.912584527627));
#6764 = SURFACE_CURVE('',#6765,(#6769,#6776),.PCURVE_S1.);
#6765 = B_SPLINE_CURVE_WITH_KNOTS('',2,(#6766,#6767,#6768),
  .UNSPECIFIED.,.F.,.F.,(3,3),(0.,1.),.PIECEWISE_BEZIER_KNOTS.);
#6766 = CARTESIAN_POINT('',(-130.6565443808,-10.42625962135,
    4.912584527627));
#6767 = CARTESIAN_POINT('',(-130.6565443808,-10.61119645464,
    5.594536748665));
#6768 = CARTESIAN_POINT('',(-130.6565443808,-10.61119645464,
    6.357462329871));
#6769 = PCURVE('',#5483,#6770);
#6770 = DEFINITIONAL_REPRESENTATION('',(#6771),#6775);
#6771 = LINE('',#6772,#6773);
#6772 = CARTESIAN_POINT('',(0.,0.));
#6773 = VECTOR('',#6774,1.);
#6774 = DIRECTION('',(1.,0.));
#6775 = ( GEOMETRIC_REPRESENTATION_CONTEXT(2) 
PARAMETRIC_REPRESENTATION_CONTEXT() REPRESENTATION_CONTEXT('2D SPACE',''
  ) );
#6776 = PCURVE('',#6458,#6777);
#6777 = DEFINITIONAL_REPRESENTATION('',(#6778),#6782);
#6778 = B_SPLINE_CURVE_WITH_KNOTS('',2,(#6779,#6780,#6781),
  .UNSPECIFIED.,.F.,.F.,(3,3),(0.,1.),.PIECEWISE_BEZIER_KNOTS.);
#6779 = CARTESIAN_POINT('',(4.912584527627,16.205772006177));
#6780 = CARTESIAN_POINT('',(5.594536748665,16.390708839459));
#6781 = CARTESIAN_POINT('',(6.357462329871,16.390708839459));
#6782 = ( GEOMETRIC_REPRESENTATION_CONTEXT(2) 
PARAMETRIC_REPRESENTATION_CONTEXT() REPRESENTATION_CONTEXT('2D SPACE',''
  ) );
#6783 = ORIENTED_EDGE('',*,*,#6784,.T.);
#6784 = EDGE_CURVE('',#6762,#5403,#6785,.T.);
#6785 = SURFACE_CURVE('',#6786,(#6790,#6797),.PCURVE_S1.);
#6786 = LINE('',#6787,#6788);
#6787 = CARTESIAN_POINT('',(-130.6565443808,-10.42625962135,
    4.912584527627));
#6788 = VECTOR('',#6789,1.);
#6789 = DIRECTION('',(1.,-1.359631073447E-32,-1.110223024625E-16));
#6790 = PCURVE('',#5483,#6791);
#6791 = DEFINITIONAL_REPRESENTATION('',(#6792),#6796);
#6792 = LINE('',#6793,#6794);
#6793 = CARTESIAN_POINT('',(0.,0.));
#6794 = VECTOR('',#6795,1.);
#6795 = DIRECTION('',(0.,-1.));
#6796 = ( GEOMETRIC_REPRESENTATION_CONTEXT(2) 
PARAMETRIC_REPRESENTATION_CONTEXT() REPRESENTATION_CONTEXT('2D SPACE',''
  ) );
#6797 = PCURVE('',#5432,#6798);
#6798 = DEFINITIONAL_REPRESENTATION('',(#6799),#6803);
#6799 = LINE('',#6800,#6801);
#6800 = CARTESIAN_POINT('',(1.,0.));
#6801 = VECTOR('',#6802,1.);
#6802 = DIRECTION('',(0.,-1.));
#6803 = ( GEOMETRIC_REPRESENTATION_CONTEXT(2) 
PARAMETRIC_REPRESENTATION_CONTEXT() REPRESENTATION_CONTEXT('2D SPACE',''
  ) );
#6804 = ORIENTED_EDGE('',*,*,#5453,.F.);
#6805 = ORIENTED_EDGE('',*,*,#6735,.F.);
#6806 = ADVANCED_FACE('',(#6807),#5432,.F.);
#6807 = FACE_BOUND('',#6808,.F.);
#6808 = EDGE_LOOP('',(#6809,#6832,#6853,#6854));
#6809 = ORIENTED_EDGE('',*,*,#6810,.F.);
#6810 = EDGE_CURVE('',#6811,#6762,#6813,.T.);
#6811 = VERTEX_POINT('',#6812);
#6812 = CARTESIAN_POINT('',(-130.6565443808,-9.686474661205,
    3.490847346436));
#6813 = SURFACE_CURVE('',#6814,(#6818,#6825),.PCURVE_S1.);
#6814 = B_SPLINE_CURVE_WITH_KNOTS('',2,(#6815,#6816,#6817),
  .UNSPECIFIED.,.F.,.F.,(3,3),(0.,1.),.PIECEWISE_BEZIER_KNOTS.);
#6815 = CARTESIAN_POINT('',(-130.6565443808,-9.686474661205,
    3.490847346436));
#6816 = CARTESIAN_POINT('',(-130.6565443808,-10.24132278807,
    4.230632306589));
#6817 = CARTESIAN_POINT('',(-130.6565443808,-10.42625962135,
    4.912584527627));
#6818 = PCURVE('',#5432,#6819);
#6819 = DEFINITIONAL_REPRESENTATION('',(#6820),#6824);
#6820 = LINE('',#6821,#6822);
#6821 = CARTESIAN_POINT('',(0.,0.));
#6822 = VECTOR('',#6823,1.);
#6823 = DIRECTION('',(1.,0.));
#6824 = ( GEOMETRIC_REPRESENTATION_CONTEXT(2) 
PARAMETRIC_REPRESENTATION_CONTEXT() REPRESENTATION_CONTEXT('2D SPACE',''
  ) );
#6825 = PCURVE('',#6458,#6826);
#6826 = DEFINITIONAL_REPRESENTATION('',(#6827),#6831);
#6827 = B_SPLINE_CURVE_WITH_KNOTS('',2,(#6828,#6829,#6830),
  .UNSPECIFIED.,.F.,.F.,(3,3),(0.,1.),.PIECEWISE_BEZIER_KNOTS.);
#6828 = CARTESIAN_POINT('',(3.490847346436,15.465987046023));
#6829 = CARTESIAN_POINT('',(4.230632306589,16.020835172895));
#6830 = CARTESIAN_POINT('',(4.912584527627,16.205772006177));
#6831 = ( GEOMETRIC_REPRESENTATION_CONTEXT(2) 
PARAMETRIC_REPRESENTATION_CONTEXT() REPRESENTATION_CONTEXT('2D SPACE',''
  ) );
#6832 = ORIENTED_EDGE('',*,*,#6833,.T.);
#6833 = EDGE_CURVE('',#6811,#5352,#6834,.T.);
#6834 = SURFACE_CURVE('',#6835,(#6839,#6846),.PCURVE_S1.);
#6835 = LINE('',#6836,#6837);
#6836 = CARTESIAN_POINT('',(-130.6565443808,-9.686474661205,
    3.490847346436));
#6837 = VECTOR('',#6838,1.);
#6838 = DIRECTION('',(1.,-1.359631073447E-32,-1.110223024625E-16));
#6839 = PCURVE('',#5432,#6840);
#6840 = DEFINITIONAL_REPRESENTATION('',(#6841),#6845);
#6841 = LINE('',#6842,#6843);
#6842 = CARTESIAN_POINT('',(0.,0.));
#6843 = VECTOR('',#6844,1.);
#6844 = DIRECTION('',(0.,-1.));
#6845 = ( GEOMETRIC_REPRESENTATION_CONTEXT(2) 
PARAMETRIC_REPRESENTATION_CONTEXT() REPRESENTATION_CONTEXT('2D SPACE',''
  ) );
#6846 = PCURVE('',#5381,#6847);
#6847 = DEFINITIONAL_REPRESENTATION('',(#6848),#6852);
#6848 = LINE('',#6849,#6850);
#6849 = CARTESIAN_POINT('',(1.,0.));
#6850 = VECTOR('',#6851,1.);
#6851 = DIRECTION('',(0.,-1.));
#6852 = ( GEOMETRIC_REPRESENTATION_CONTEXT(2) 
PARAMETRIC_REPRESENTATION_CONTEXT() REPRESENTATION_CONTEXT('2D SPACE',''
  ) );
#6853 = ORIENTED_EDGE('',*,*,#5402,.F.);
#6854 = ORIENTED_EDGE('',*,*,#6784,.F.);
#6855 = ADVANCED_FACE('',(#6856),#5381,.F.);
#6856 = FACE_BOUND('',#6857,.F.);
#6857 = EDGE_LOOP('',(#6858,#6881,#6902,#6903));
#6858 = ORIENTED_EDGE('',*,*,#6859,.F.);
#6859 = EDGE_CURVE('',#6860,#6811,#6862,.T.);
#6860 = VERTEX_POINT('',#6861);
#6861 = CARTESIAN_POINT('',(-130.6565443808,-8.241596858962,
    2.219354880461));
#6862 = SURFACE_CURVE('',#6863,(#6867,#6874),.PCURVE_S1.);
#6863 = B_SPLINE_CURVE_WITH_KNOTS('',2,(#6864,#6865,#6866),
  .UNSPECIFIED.,.F.,.F.,(3,3),(0.,1.),.PIECEWISE_BEZIER_KNOTS.);
#6864 = CARTESIAN_POINT('',(-130.6565443808,-8.241596858962,
    2.219354880461));
#6865 = CARTESIAN_POINT('',(-130.6565443808,-9.131626534333,
    2.751062386282));
#6866 = CARTESIAN_POINT('',(-130.6565443808,-9.686474661205,
    3.490847346436));
#6867 = PCURVE('',#5381,#6868);
#6868 = DEFINITIONAL_REPRESENTATION('',(#6869),#6873);
#6869 = LINE('',#6870,#6871);
#6870 = CARTESIAN_POINT('',(0.,0.));
#6871 = VECTOR('',#6872,1.);
#6872 = DIRECTION('',(1.,0.));
#6873 = ( GEOMETRIC_REPRESENTATION_CONTEXT(2) 
PARAMETRIC_REPRESENTATION_CONTEXT() REPRESENTATION_CONTEXT('2D SPACE',''
  ) );
#6874 = PCURVE('',#6458,#6875);
#6875 = DEFINITIONAL_REPRESENTATION('',(#6876),#6880);
#6876 = B_SPLINE_CURVE_WITH_KNOTS('',2,(#6877,#6878,#6879),
  .UNSPECIFIED.,.F.,.F.,(3,3),(0.,1.),.PIECEWISE_BEZIER_KNOTS.);
#6877 = CARTESIAN_POINT('',(2.219354880461,14.02110924378));
#6878 = CARTESIAN_POINT('',(2.751062386282,14.911138919151));
#6879 = CARTESIAN_POINT('',(3.490847346436,15.465987046023));
#6880 = ( GEOMETRIC_REPRESENTATION_CONTEXT(2) 
PARAMETRIC_REPRESENTATION_CONTEXT() REPRESENTATION_CONTEXT('2D SPACE',''
  ) );
#6881 = ORIENTED_EDGE('',*,*,#6882,.T.);
#6882 = EDGE_CURVE('',#6860,#5295,#6883,.T.);
#6883 = SURFACE_CURVE('',#6884,(#6888,#6895),.PCURVE_S1.);
#6884 = LINE('',#6885,#6886);
#6885 = CARTESIAN_POINT('',(-130.6565443808,-8.241596858962,
    2.219354880461));
#6886 = VECTOR('',#6887,1.);
#6887 = DIRECTION('',(1.,-1.359631073447E-32,-1.110223024625E-16));
#6888 = PCURVE('',#5381,#6889);
#6889 = DEFINITIONAL_REPRESENTATION('',(#6890),#6894);
#6890 = LINE('',#6891,#6892);
#6891 = CARTESIAN_POINT('',(0.,0.));
#6892 = VECTOR('',#6893,1.);
#6893 = DIRECTION('',(0.,-1.));
#6894 = ( GEOMETRIC_REPRESENTATION_CONTEXT(2) 
PARAMETRIC_REPRESENTATION_CONTEXT() REPRESENTATION_CONTEXT('2D SPACE',''
  ) );
#6895 = PCURVE('',#5328,#6896);
#6896 = DEFINITIONAL_REPRESENTATION('',(#6897),#6901);
#6897 = LINE('',#6898,#6899);
#6898 = CARTESIAN_POINT('',(1.,0.));
#6899 = VECTOR('',#6900,1.);
#6900 = DIRECTION('',(0.,-1.));
#6901 = ( GEOMETRIC_REPRESENTATION_CONTEXT(2) 
PARAMETRIC_REPRESENTATION_CONTEXT() REPRESENTATION_CONTEXT('2D SPACE',''
  ) );
#6902 = ORIENTED_EDGE('',*,*,#5351,.F.);
#6903 = ORIENTED_EDGE('',*,*,#6833,.F.);
#6904 = ADVANCED_FACE('',(#6905),#5328,.F.);
#6905 = FACE_BOUND('',#6906,.F.);
#6906 = EDGE_LOOP('',(#6907,#6928,#6929,#6930));
#6907 = ORIENTED_EDGE('',*,*,#6908,.F.);
#6908 = EDGE_CURVE('',#6443,#6860,#6909,.T.);
#6909 = SURFACE_CURVE('',#6910,(#6914,#6921),.PCURVE_S1.);
#6910 = B_SPLINE_CURVE_WITH_KNOTS('',2,(#6911,#6912,#6913),
  .UNSPECIFIED.,.F.,.F.,(3,3),(0.,1.),.PIECEWISE_BEZIER_KNOTS.);
#6911 = CARTESIAN_POINT('',(-130.6565443808,-5.779510033129,
    1.340876702103));
#6912 = CARTESIAN_POINT('',(-130.6565443808,-7.35156718359,
    1.687647374641));
#6913 = CARTESIAN_POINT('',(-130.6565443808,-8.241596858962,
    2.219354880461));
#6914 = PCURVE('',#5328,#6915);
#6915 = DEFINITIONAL_REPRESENTATION('',(#6916),#6920);
#6916 = LINE('',#6917,#6918);
#6917 = CARTESIAN_POINT('',(0.,0.));
#6918 = VECTOR('',#6919,1.);
#6919 = DIRECTION('',(1.,0.));
#6920 = ( GEOMETRIC_REPRESENTATION_CONTEXT(2) 
PARAMETRIC_REPRESENTATION_CONTEXT() REPRESENTATION_CONTEXT('2D SPACE',''
  ) );
#6921 = PCURVE('',#6458,#6922);
#6922 = DEFINITIONAL_REPRESENTATION('',(#6923),#6927);
#6923 = B_SPLINE_CURVE_WITH_KNOTS('',2,(#6924,#6925,#6926),
  .UNSPECIFIED.,.F.,.F.,(3,3),(0.,1.),.PIECEWISE_BEZIER_KNOTS.);
#6924 = CARTESIAN_POINT('',(1.340876702103,11.559022417947));
#6925 = CARTESIAN_POINT('',(1.687647374641,13.131079568408));
#6926 = CARTESIAN_POINT('',(2.219354880461,14.02110924378));
#6927 = ( GEOMETRIC_REPRESENTATION_CONTEXT(2) 
PARAMETRIC_REPRESENTATION_CONTEXT() REPRESENTATION_CONTEXT('2D SPACE',''
  ) );
#6928 = ORIENTED_EDGE('',*,*,#6492,.T.);
#6929 = ORIENTED_EDGE('',*,*,#5294,.F.);
#6930 = ORIENTED_EDGE('',*,*,#6882,.F.);
#6931 = ADVANCED_FACE('',(#6932),#6061,.T.);
#6932 = FACE_BOUND('',#6933,.F.);
#6933 = EDGE_LOOP('',(#6934,#6935,#6936,#6937,#6938,#6939,#6940,#6941));
#6934 = ORIENTED_EDGE('',*,*,#6043,.T.);
#6935 = ORIENTED_EDGE('',*,*,#6413,.T.);
#6936 = ORIENTED_EDGE('',*,*,#6364,.T.);
#6937 = ORIENTED_EDGE('',*,*,#6315,.T.);
#6938 = ORIENTED_EDGE('',*,*,#6266,.T.);
#6939 = ORIENTED_EDGE('',*,*,#6217,.T.);
#6940 = ORIENTED_EDGE('',*,*,#6168,.T.);
#6941 = ORIENTED_EDGE('',*,*,#6119,.T.);
#6942 = ADVANCED_FACE('',(#6943,#6955),#6458,.T.);
#6943 = FACE_BOUND('',#6944,.F.);
#6944 = EDGE_LOOP('',(#6945,#6946,#6947,#6948,#6949,#6950,#6951,#6952,
    #6953,#6954));
#6945 = ORIENTED_EDGE('',*,*,#6440,.T.);
#6946 = ORIENTED_EDGE('',*,*,#6908,.T.);
#6947 = ORIENTED_EDGE('',*,*,#6859,.T.);
#6948 = ORIENTED_EDGE('',*,*,#6810,.T.);
#6949 = ORIENTED_EDGE('',*,*,#6761,.T.);
#6950 = ORIENTED_EDGE('',*,*,#6712,.T.);
#6951 = ORIENTED_EDGE('',*,*,#6663,.T.);
#6952 = ORIENTED_EDGE('',*,*,#6614,.T.);
#6953 = ORIENTED_EDGE('',*,*,#6565,.T.);
#6954 = ORIENTED_EDGE('',*,*,#6516,.T.);
#6955 = FACE_BOUND('',#6956,.F.);
#6956 = EDGE_LOOP('',(#6957,#6989,#7019,#7049,#7079));
#6957 = ORIENTED_EDGE('',*,*,#6958,.T.);
#6958 = EDGE_CURVE('',#6959,#6961,#6963,.T.);
#6959 = VERTEX_POINT('',#6960);
#6960 = CARTESIAN_POINT('',(-130.6565443808,-2.196213083565,
    9.640194594947));
#6961 = VERTEX_POINT('',#6962);
#6962 = CARTESIAN_POINT('',(-130.6565443808,-8.80795885582,
    6.357462329871));
#6963 = SURFACE_CURVE('',#6964,(#6968,#6975),.PCURVE_S1.);
#6964 = B_SPLINE_CURVE_WITH_KNOTS('',2,(#6965,#6966,#6967),
  .UNSPECIFIED.,.F.,.F.,(3,3),(0.,1.),.PIECEWISE_BEZIER_KNOTS.);
#6965 = CARTESIAN_POINT('',(-130.6565443808,-2.196213083565,
    9.640194594947));
#6966 = CARTESIAN_POINT('',(-130.6565443808,-8.80795885582,
    9.640194594947));
#6967 = CARTESIAN_POINT('',(-130.6565443808,-8.80795885582,
    6.357462329871));
#6968 = PCURVE('',#6458,#6969);
#6969 = DEFINITIONAL_REPRESENTATION('',(#6970),#6974);
#6970 = B_SPLINE_CURVE_WITH_KNOTS('',2,(#6971,#6972,#6973),
  .UNSPECIFIED.,.F.,.F.,(3,3),(0.,1.),.PIECEWISE_BEZIER_KNOTS.);
#6971 = CARTESIAN_POINT('',(9.640194594947,7.975725468383));
#6972 = CARTESIAN_POINT('',(9.640194594947,14.587471240638));
#6973 = CARTESIAN_POINT('',(6.357462329871,14.587471240638));
#6974 = ( GEOMETRIC_REPRESENTATION_CONTEXT(2) 
PARAMETRIC_REPRESENTATION_CONTEXT() REPRESENTATION_CONTEXT('2D SPACE',''
  ) );
#6975 = PCURVE('',#6976,#6983);
#6976 = SURFACE_OF_LINEAR_EXTRUSION('',#6977,#6981);
#6977 = B_SPLINE_CURVE_WITH_KNOTS('',2,(#6978,#6979,#6980),
  .UNSPECIFIED.,.F.,.F.,(3,3),(0.,1.),.PIECEWISE_BEZIER_KNOTS.);
#6978 = CARTESIAN_POINT('',(-130.6565443808,-2.196213083565,
    9.640194594947));
#6979 = CARTESIAN_POINT('',(-130.6565443808,-8.80795885582,
    9.640194594947));
#6980 = CARTESIAN_POINT('',(-130.6565443808,-8.80795885582,
    6.357462329871));
#6981 = VECTOR('',#6982,1.);
#6982 = DIRECTION('',(-1.,1.359631073447E-32,1.110223024625E-16));
#6983 = DEFINITIONAL_REPRESENTATION('',(#6984),#6988);
#6984 = LINE('',#6985,#6986);
#6985 = CARTESIAN_POINT('',(0.,0.));
#6986 = VECTOR('',#6987,1.);
#6987 = DIRECTION('',(1.,0.));
#6988 = ( GEOMETRIC_REPRESENTATION_CONTEXT(2) 
PARAMETRIC_REPRESENTATION_CONTEXT() REPRESENTATION_CONTEXT('2D SPACE',''
  ) );
#6989 = ORIENTED_EDGE('',*,*,#6990,.T.);
#6990 = EDGE_CURVE('',#6961,#6991,#6993,.T.);
#6991 = VERTEX_POINT('',#6992);
#6992 = CARTESIAN_POINT('',(-130.6565443808,-2.126828847437,
    3.074730064795));
#6993 = SURFACE_CURVE('',#6994,(#6998,#7005),.PCURVE_S1.);
#6994 = B_SPLINE_CURVE_WITH_KNOTS('',2,(#6995,#6996,#6997),
  .UNSPECIFIED.,.F.,.F.,(3,3),(0.,1.),.PIECEWISE_BEZIER_KNOTS.);
#6995 = CARTESIAN_POINT('',(-130.6565443808,-8.80795885582,
    6.357462329871));
#6996 = CARTESIAN_POINT('',(-130.6565443808,-8.80795885582,
    3.074730064795));
#6997 = CARTESIAN_POINT('',(-130.6565443808,-2.126828847437,
    3.074730064795));
#6998 = PCURVE('',#6458,#6999);
#6999 = DEFINITIONAL_REPRESENTATION('',(#7000),#7004);
#7000 = B_SPLINE_CURVE_WITH_KNOTS('',2,(#7001,#7002,#7003),
  .UNSPECIFIED.,.F.,.F.,(3,3),(0.,1.),.PIECEWISE_BEZIER_KNOTS.);
#7001 = CARTESIAN_POINT('',(6.357462329871,14.587471240638));
#7002 = CARTESIAN_POINT('',(3.074730064795,14.587471240638));
#7003 = CARTESIAN_POINT('',(3.074730064795,7.906341232255));
#7004 = ( GEOMETRIC_REPRESENTATION_CONTEXT(2) 
PARAMETRIC_REPRESENTATION_CONTEXT() REPRESENTATION_CONTEXT('2D SPACE',''
  ) );
#7005 = PCURVE('',#7006,#7013);
#7006 = SURFACE_OF_LINEAR_EXTRUSION('',#7007,#7011);
#7007 = B_SPLINE_CURVE_WITH_KNOTS('',2,(#7008,#7009,#7010),
  .UNSPECIFIED.,.F.,.F.,(3,3),(0.,1.),.PIECEWISE_BEZIER_KNOTS.);
#7008 = CARTESIAN_POINT('',(-130.6565443808,-8.80795885582,
    6.357462329871));
#7009 = CARTESIAN_POINT('',(-130.6565443808,-8.80795885582,
    3.074730064795));
#7010 = CARTESIAN_POINT('',(-130.6565443808,-2.126828847437,
    3.074730064795));
#7011 = VECTOR('',#7012,1.);
#7012 = DIRECTION('',(-1.,1.359631073447E-32,1.110223024625E-16));
#7013 = DEFINITIONAL_REPRESENTATION('',(#7014),#7018);
#7014 = LINE('',#7015,#7016);
#7015 = CARTESIAN_POINT('',(0.,0.));
#7016 = VECTOR('',#7017,1.);
#7017 = DIRECTION('',(1.,0.));
#7018 = ( GEOMETRIC_REPRESENTATION_CONTEXT(2) 
PARAMETRIC_REPRESENTATION_CONTEXT() REPRESENTATION_CONTEXT('2D SPACE',''
  ) );
#7019 = ORIENTED_EDGE('',*,*,#7020,.T.);
#7020 = EDGE_CURVE('',#6991,#7021,#7023,.T.);
#7021 = VERTEX_POINT('',#7022);
#7022 = CARTESIAN_POINT('',(-130.6565443808,4.623610143023,6.31125634182
    ));
#7023 = SURFACE_CURVE('',#7024,(#7028,#7035),.PCURVE_S1.);
#7024 = B_SPLINE_CURVE_WITH_KNOTS('',2,(#7025,#7026,#7027),
  .UNSPECIFIED.,.F.,.F.,(3,3),(0.,1.),.PIECEWISE_BEZIER_KNOTS.);
#7025 = CARTESIAN_POINT('',(-130.6565443808,-2.126828847437,
    3.074730064795));
#7026 = CARTESIAN_POINT('',(-130.6565443808,4.623610143023,
    3.074730064795));
#7027 = CARTESIAN_POINT('',(-130.6565443808,4.623610143023,6.31125634182
    ));
#7028 = PCURVE('',#6458,#7029);
#7029 = DEFINITIONAL_REPRESENTATION('',(#7030),#7034);
#7030 = B_SPLINE_CURVE_WITH_KNOTS('',2,(#7031,#7032,#7033),
  .UNSPECIFIED.,.F.,.F.,(3,3),(0.,1.),.PIECEWISE_BEZIER_KNOTS.);
#7031 = CARTESIAN_POINT('',(3.074730064795,7.906341232255));
#7032 = CARTESIAN_POINT('',(3.074730064795,1.155902241795));
#7033 = CARTESIAN_POINT('',(6.31125634182,1.155902241795));
#7034 = ( GEOMETRIC_REPRESENTATION_CONTEXT(2) 
PARAMETRIC_REPRESENTATION_CONTEXT() REPRESENTATION_CONTEXT('2D SPACE',''
  ) );
#7035 = PCURVE('',#7036,#7043);
#7036 = SURFACE_OF_LINEAR_EXTRUSION('',#7037,#7041);
#7037 = B_SPLINE_CURVE_WITH_KNOTS('',2,(#7038,#7039,#7040),
  .UNSPECIFIED.,.F.,.F.,(3,3),(0.,1.),.PIECEWISE_BEZIER_KNOTS.);
#7038 = CARTESIAN_POINT('',(-130.6565443808,-2.126828847437,
    3.074730064795));
#7039 = CARTESIAN_POINT('',(-130.6565443808,4.623610143023,
    3.074730064795));
#7040 = CARTESIAN_POINT('',(-130.6565443808,4.623610143023,6.31125634182
    ));
#7041 = VECTOR('',#7042,1.);
#7042 = DIRECTION('',(-1.,1.359631073447E-32,1.110223024625E-16));
#7043 = DEFINITIONAL_REPRESENTATION('',(#7044),#7048);
#7044 = LINE('',#7045,#7046);
#7045 = CARTESIAN_POINT('',(0.,0.));
#7046 = VECTOR('',#7047,1.);
#7047 = DIRECTION('',(1.,0.));
#7048 = ( GEOMETRIC_REPRESENTATION_CONTEXT(2) 
PARAMETRIC_REPRESENTATION_CONTEXT() REPRESENTATION_CONTEXT('2D SPACE',''
  ) );
#7049 = ORIENTED_EDGE('',*,*,#7050,.T.);
#7050 = EDGE_CURVE('',#7021,#7051,#7053,.T.);
#7051 = VERTEX_POINT('',#7052);
#7052 = CARTESIAN_POINT('',(-130.6565443808,2.959103389434,8.83106302569
    ));
#7053 = SURFACE_CURVE('',#7054,(#7058,#7065),.PCURVE_S1.);
#7054 = B_SPLINE_CURVE_WITH_KNOTS('',2,(#7055,#7056,#7057),
  .UNSPECIFIED.,.F.,.F.,(3,3),(0.,1.),.PIECEWISE_BEZIER_KNOTS.);
#7055 = CARTESIAN_POINT('',(-130.6565443808,4.623610143023,6.31125634182
    ));
#7056 = CARTESIAN_POINT('',(-130.6565443808,4.623610143023,
    8.021931456434));
#7057 = CARTESIAN_POINT('',(-130.6565443808,2.959103389434,8.83106302569
    ));
#7058 = PCURVE('',#6458,#7059);
#7059 = DEFINITIONAL_REPRESENTATION('',(#7060),#7064);
#7060 = B_SPLINE_CURVE_WITH_KNOTS('',2,(#7061,#7062,#7063),
  .UNSPECIFIED.,.F.,.F.,(3,3),(0.,1.),.PIECEWISE_BEZIER_KNOTS.);
#7061 = CARTESIAN_POINT('',(6.31125634182,1.155902241795));
#7062 = CARTESIAN_POINT('',(8.021931456434,1.155902241795));
#7063 = CARTESIAN_POINT('',(8.83106302569,2.820408995384));
#7064 = ( GEOMETRIC_REPRESENTATION_CONTEXT(2) 
PARAMETRIC_REPRESENTATION_CONTEXT() REPRESENTATION_CONTEXT('2D SPACE',''
  ) );
#7065 = PCURVE('',#7066,#7073);
#7066 = SURFACE_OF_LINEAR_EXTRUSION('',#7067,#7071);
#7067 = B_SPLINE_CURVE_WITH_KNOTS('',2,(#7068,#7069,#7070),
  .UNSPECIFIED.,.F.,.F.,(3,3),(0.,1.),.PIECEWISE_BEZIER_KNOTS.);
#7068 = CARTESIAN_POINT('',(-130.6565443808,4.623610143023,6.31125634182
    ));
#7069 = CARTESIAN_POINT('',(-130.6565443808,4.623610143023,
    8.021931456434));
#7070 = CARTESIAN_POINT('',(-130.6565443808,2.959103389434,8.83106302569
    ));
#7071 = VECTOR('',#7072,1.);
#7072 = DIRECTION('',(-1.,1.359631073447E-32,1.110223024625E-16));
#7073 = DEFINITIONAL_REPRESENTATION('',(#7074),#7078);
#7074 = LINE('',#7075,#7076);
#7075 = CARTESIAN_POINT('',(0.,0.));
#7076 = VECTOR('',#7077,1.);
#7077 = DIRECTION('',(1.,0.));
#7078 = ( GEOMETRIC_REPRESENTATION_CONTEXT(2) 
PARAMETRIC_REPRESENTATION_CONTEXT() REPRESENTATION_CONTEXT('2D SPACE',''
  ) );
#7079 = ORIENTED_EDGE('',*,*,#7080,.T.);
#7080 = EDGE_CURVE('',#7051,#6959,#7081,.T.);
#7081 = SURFACE_CURVE('',#7082,(#7086,#7093),.PCURVE_S1.);
#7082 = B_SPLINE_CURVE_WITH_KNOTS('',2,(#7083,#7084,#7085),
  .UNSPECIFIED.,.F.,.F.,(3,3),(0.,1.),.PIECEWISE_BEZIER_KNOTS.);
#7083 = CARTESIAN_POINT('',(-130.6565443808,2.959103389434,8.83106302569
    ));
#7084 = CARTESIAN_POINT('',(-130.6565443808,1.294596635844,
    9.640194594947));
#7085 = CARTESIAN_POINT('',(-130.6565443808,-2.196213083565,
    9.640194594947));
#7086 = PCURVE('',#6458,#7087);
#7087 = DEFINITIONAL_REPRESENTATION('',(#7088),#7092);
#7088 = B_SPLINE_CURVE_WITH_KNOTS('',2,(#7089,#7090,#7091),
  .UNSPECIFIED.,.F.,.F.,(3,3),(0.,1.),.PIECEWISE_BEZIER_KNOTS.);
#7089 = CARTESIAN_POINT('',(8.83106302569,2.820408995384));
#7090 = CARTESIAN_POINT('',(9.640194594947,4.484915748974));
#7091 = CARTESIAN_POINT('',(9.640194594947,7.975725468383));
#7092 = ( GEOMETRIC_REPRESENTATION_CONTEXT(2) 
PARAMETRIC_REPRESENTATION_CONTEXT() REPRESENTATION_CONTEXT('2D SPACE',''
  ) );
#7093 = PCURVE('',#7094,#7101);
#7094 = SURFACE_OF_LINEAR_EXTRUSION('',#7095,#7099);
#7095 = B_SPLINE_CURVE_WITH_KNOTS('',2,(#7096,#7097,#7098),
  .UNSPECIFIED.,.F.,.F.,(3,3),(0.,1.),.PIECEWISE_BEZIER_KNOTS.);
#7096 = CARTESIAN_POINT('',(-130.6565443808,2.959103389434,8.83106302569
    ));
#7097 = CARTESIAN_POINT('',(-130.6565443808,1.294596635844,
    9.640194594947));
#7098 = CARTESIAN_POINT('',(-130.6565443808,-2.196213083565,
    9.640194594947));
#7099 = VECTOR('',#7100,1.);
#7100 = DIRECTION('',(-1.,1.359631073447E-32,1.110223024625E-16));
#7101 = DEFINITIONAL_REPRESENTATION('',(#7102),#7106);
#7102 = LINE('',#7103,#7104);
#7103 = CARTESIAN_POINT('',(0.,0.));
#7104 = VECTOR('',#7105,1.);
#7105 = DIRECTION('',(1.,0.));
#7106 = ( GEOMETRIC_REPRESENTATION_CONTEXT(2) 
PARAMETRIC_REPRESENTATION_CONTEXT() REPRESENTATION_CONTEXT('2D SPACE',''
  ) );
#7107 = ADVANCED_FACE('',(#7108),#6976,.F.);
#7108 = FACE_BOUND('',#7109,.F.);
#7109 = EDGE_LOOP('',(#7110,#7111,#7134,#7306));
#7110 = ORIENTED_EDGE('',*,*,#6958,.F.);
#7111 = ORIENTED_EDGE('',*,*,#7112,.T.);
#7112 = EDGE_CURVE('',#6959,#7113,#7115,.T.);
#7113 = VERTEX_POINT('',#7114);
#7114 = CARTESIAN_POINT('',(-128.9065443808,-2.196213083565,
    9.640194594947));
#7115 = SURFACE_CURVE('',#7116,(#7120,#7127),.PCURVE_S1.);
#7116 = LINE('',#7117,#7118);
#7117 = CARTESIAN_POINT('',(-130.6565443808,-2.196213083565,
    9.640194594947));
#7118 = VECTOR('',#7119,1.);
#7119 = DIRECTION('',(1.,-1.359631073447E-32,-1.110223024625E-16));
#7120 = PCURVE('',#6976,#7121);
#7121 = DEFINITIONAL_REPRESENTATION('',(#7122),#7126);
#7122 = LINE('',#7123,#7124);
#7123 = CARTESIAN_POINT('',(0.,0.));
#7124 = VECTOR('',#7125,1.);
#7125 = DIRECTION('',(0.,-1.));
#7126 = ( GEOMETRIC_REPRESENTATION_CONTEXT(2) 
PARAMETRIC_REPRESENTATION_CONTEXT() REPRESENTATION_CONTEXT('2D SPACE',''
  ) );
#7127 = PCURVE('',#7094,#7128);
#7128 = DEFINITIONAL_REPRESENTATION('',(#7129),#7133);
#7129 = LINE('',#7130,#7131);
#7130 = CARTESIAN_POINT('',(1.,0.));
#7131 = VECTOR('',#7132,1.);
#7132 = DIRECTION('',(0.,-1.));
#7133 = ( GEOMETRIC_REPRESENTATION_CONTEXT(2) 
PARAMETRIC_REPRESENTATION_CONTEXT() REPRESENTATION_CONTEXT('2D SPACE',''
  ) );
#7134 = ORIENTED_EDGE('',*,*,#7135,.F.);
#7135 = EDGE_CURVE('',#7136,#7113,#7138,.T.);
#7136 = VERTEX_POINT('',#7137);
#7137 = CARTESIAN_POINT('',(-128.9065443808,-8.80795885582,
    6.357462329871));
#7138 = SURFACE_CURVE('',#7139,(#7191,#7246),.PCURVE_S1.);
#7139 = B_SPLINE_CURVE_WITH_KNOTS('',8,(#7140,#7141,#7142,#7143,#7144,
    #7145,#7146,#7147,#7148,#7149,#7150,#7151,#7152,#7153,#7154,#7155,
    #7156,#7157,#7158,#7159,#7160,#7161,#7162,#7163,#7164,#7165,#7166,
    #7167,#7168,#7169,#7170,#7171,#7172,#7173,#7174,#7175,#7176,#7177,
    #7178,#7179,#7180,#7181,#7182,#7183,#7184,#7185,#7186,#7187,#7188,
    #7189,#7190),.UNSPECIFIED.,.F.,.F.,(9,7,7,7,7,7,7,9),(0.,
    5.292125733295E-02,0.148177352316,0.233654467181,0.27813338025,
    0.369531113777,0.69292504555,1.),.UNSPECIFIED.);
#7140 = CARTESIAN_POINT('',(-128.9065443808,-8.80795885582,
    6.357462329871));
#7141 = CARTESIAN_POINT('',(-128.9065443808,-8.80795885582,6.41159425931
    ));
#7142 = CARTESIAN_POINT('',(-128.9065443808,-8.806931492251,
    6.465714656802));
#7143 = CARTESIAN_POINT('',(-128.9065443808,-8.804843724084,
    6.519800872352));
#7144 = CARTESIAN_POINT('',(-128.9065443808,-8.801662614066,
    6.573827467919));
#7145 = CARTESIAN_POINT('',(-128.9065443808,-8.797355980515,
    6.627766275556));
#7146 = CARTESIAN_POINT('',(-128.9065443808,-8.791893049131,
    6.681586455558));
#7147 = CARTESIAN_POINT('',(-128.9065443808,-8.785245104794,
    6.735254554609));
#7148 = CARTESIAN_POINT('',(-128.9065443808,-8.763240334791,
    6.884996389591));
#7149 = CARTESIAN_POINT('',(-128.9065443808,-8.745167955288,
    6.980668915363));
#7150 = CARTESIAN_POINT('',(-128.9065443808,-8.723019179668,
    7.075517156013));
#7151 = CARTESIAN_POINT('',(-128.9065443808,-8.696675884808,
    7.169296863853));
#7152 = CARTESIAN_POINT('',(-128.9065443808,-8.666063209502,
    7.261758222375));
#7153 = CARTESIAN_POINT('',(-128.9065443808,-8.631161114316,
    7.352649539895));
#7154 = CARTESIAN_POINT('',(-128.9065443808,-8.592015941445,
    7.441720943186));
#7155 = CARTESIAN_POINT('',(-128.9065443808,-8.509929481713,
    7.606803056978));
#7156 = CARTESIAN_POINT('',(-128.9065443808,-8.467781058514,
    7.683234901824));
#7157 = CARTESIAN_POINT('',(-128.9065443808,-8.422392802122,
    7.757848239703));
#7158 = CARTESIAN_POINT('',(-128.9065443808,-8.37388441025,7.83050439471
    ));
#7159 = CARTESIAN_POINT('',(-128.9065443808,-8.322403626167,
    7.901097572561));
#7160 = CARTESIAN_POINT('',(-128.9065443808,-8.268120683692,
    7.969551052179));
#7161 = CARTESIAN_POINT('',(-128.9065443808,-8.21122275219,
    8.035813377263));
#7162 = CARTESIAN_POINT('',(-128.9065443808,-8.121043526821,
    8.133179042552));
#7163 = CARTESIAN_POINT('',(-128.9065443808,-8.089522047632,
    8.165904613363));
#7164 = CARTESIAN_POINT('',(-128.9065443808,-8.057370348242,
    8.198028472693));
#7165 = CARTESIAN_POINT('',(-128.9065443808,-8.024614871866,
    8.229549908211));
#7166 = CARTESIAN_POINT('',(-128.9065443808,-7.991281883791,
    8.260470060399));
#7167 = CARTESIAN_POINT('',(-128.9065443808,-7.957397254468,
    8.290791700092));
#7168 = CARTESIAN_POINT('',(-128.9065443808,-7.922986242608,
    8.320519006013));
#7169 = CARTESIAN_POINT('',(-128.9065443808,-7.8163321859,8.409532409224
    ));
#7170 = CARTESIAN_POINT('',(-128.9065443808,-7.742475676062,
    8.466917236002));
#7171 = CARTESIAN_POINT('',(-128.9065443808,-7.666710808243,8.5218637529
    ));
#7172 = CARTESIAN_POINT('',(-128.9065443808,-7.589233196782,
    8.574441008806));
#7173 = CARTESIAN_POINT('',(-128.9065443808,-7.510223061552,
    8.624729506714));
#7174 = CARTESIAN_POINT('',(-128.9065443808,-7.429842187113,
    8.672816826043));
#7175 = CARTESIAN_POINT('',(-128.9065443808,-7.348231790314,
    8.718794531793));
#7176 = CARTESIAN_POINT('',(-128.9065443808,-6.972820167742,
    8.918307184925));
#7177 = CARTESIAN_POINT('',(-128.9065443808,-6.666963763509,
    9.04823107367));
#7178 = CARTESIAN_POINT('',(-128.9065443808,-6.352270299804,
    9.157466143741));
#7179 = CARTESIAN_POINT('',(-128.9065443808,-6.031814904779,
    9.24931422711));
#7180 = CARTESIAN_POINT('',(-128.9065443808,-5.70779743698,
    9.326525606964));
#7181 = CARTESIAN_POINT('',(-128.9065443808,-5.381511971435,
    9.391239834005));
#7182 = CARTESIAN_POINT('',(-128.9065443808,-5.053442049353,
    9.44522325491));
#7183 = CARTESIAN_POINT('',(-128.9065443808,-4.409717563647,
    9.53224155074));
#7184 = CARTESIAN_POINT('',(-128.9065443808,-4.094962387156,
    9.566103367531));
#7185 = CARTESIAN_POINT('',(-128.9065443808,-3.779355324771,
    9.592607404545));
#7186 = CARTESIAN_POINT('',(-128.9065443808,-3.463185815276,
    9.612624403513));
#7187 = CARTESIAN_POINT('',(-128.9065443808,-3.146671046197,
    9.626855837485));
#7188 = CARTESIAN_POINT('',(-128.9065443808,-2.82995996686,
    9.635884821405));
#7189 = CARTESIAN_POINT('',(-128.9065443808,-2.51313469333,
    9.640194594947));
#7190 = CARTESIAN_POINT('',(-128.9065443808,-2.196213083565,
    9.640194594947));
#7191 = PCURVE('',#6976,#7192);
#7192 = DEFINITIONAL_REPRESENTATION('',(#7193),#7245);
#7193 = B_SPLINE_CURVE_WITH_KNOTS('',8,(#7194,#7195,#7196,#7197,#7198,
    #7199,#7200,#7201,#7202,#7203,#7204,#7205,#7206,#7207,#7208,#7209,
    #7210,#7211,#7212,#7213,#7214,#7215,#7216,#7217,#7218,#7219,#7220,
    #7221,#7222,#7223,#7224,#7225,#7226,#7227,#7228,#7229,#7230,#7231,
    #7232,#7233,#7234,#7235,#7236,#7237,#7238,#7239,#7240,#7241,#7242,
    #7243,#7244),.UNSPECIFIED.,.F.,.F.,(9,7,7,7,7,7,7,9),(0.,
    5.292125733295E-02,0.148177352316,0.233654467181,0.27813338025,
    0.369531113777,0.69292504555,1.),.UNSPECIFIED.);
#7194 = CARTESIAN_POINT('',(1.,-1.75));
#7195 = CARTESIAN_POINT('',(0.991755049595,-1.75));
#7196 = CARTESIAN_POINT('',(0.983434163338,-1.75));
#7197 = CARTESIAN_POINT('',(0.975038292437,-1.75));
#7198 = CARTESIAN_POINT('',(0.966568820601,-1.75));
#7199 = CARTESIAN_POINT('',(0.958027604476,-1.75));
#7200 = CARTESIAN_POINT('',(0.949417014078,-1.75));
#7201 = CARTESIAN_POINT('',(0.940739973232,-1.75));
#7202 = CARTESIAN_POINT('',(0.916268406265,-1.75));
#7203 = CARTESIAN_POINT('',(0.900329631019,-1.75));
#7204 = CARTESIAN_POINT('',(0.884208135137,-1.75));
#7205 = CARTESIAN_POINT('',(0.867932187686,-1.75));
#7206 = CARTESIAN_POINT('',(0.851534177525,-1.75));
#7207 = CARTESIAN_POINT('',(0.835050924914,-1.75));
#7208 = CARTESIAN_POINT('',(0.818523993115,-1.75));
#7209 = CARTESIAN_POINT('',(0.787172358181,-1.75));
#7210 = CARTESIAN_POINT('',(0.772343469892,-1.75));
#7211 = CARTESIAN_POINT('',(0.757546556423,-1.75));
#7212 = CARTESIAN_POINT('',(0.742811791698,-1.75));
#7213 = CARTESIAN_POINT('',(0.72816646226,-1.75));
#7214 = CARTESIAN_POINT('',(0.713635127252,-1.75));
#7215 = CARTESIAN_POINT('',(0.6992397784,-1.75));
#7216 = CARTESIAN_POINT('',(0.677590181985,-1.75));
#7217 = CARTESIAN_POINT('',(0.670221931447,-1.75));
#7218 = CARTESIAN_POINT('',(0.662897669738,-1.75));
#7219 = CARTESIAN_POINT('',(0.655619505072,-1.75));
#7220 = CARTESIAN_POINT('',(0.648389249998,-1.75));
#7221 = CARTESIAN_POINT('',(0.641208438885,-1.75));
#7222 = CARTESIAN_POINT('',(0.634078345402,-1.75));
#7223 = CARTESIAN_POINT('',(0.612455023914,-1.75));
#7224 = CARTESIAN_POINT('',(0.598129367451,-1.75));
#7225 = CARTESIAN_POINT('',(0.584030779461,-1.75));
#7226 = CARTESIAN_POINT('',(0.5701635359,-1.75));
#7227 = CARTESIAN_POINT('',(0.556529003952,-1.75));
#7228 = CARTESIAN_POINT('',(0.543126078838,-1.75));
#7229 = CARTESIAN_POINT('',(0.529951493338,-1.75));
#7230 = CARTESIAN_POINT('',(0.47117354248,-1.75));
#7231 = CARTESIAN_POINT('',(0.428254779492,-1.75));
#7232 = CARTESIAN_POINT('',(0.387818890019,-1.75));
#7233 = CARTESIAN_POINT('',(0.349595515336,-1.75));
#7234 = CARTESIAN_POINT('',(0.31333211379,-1.75));
#7235 = CARTESIAN_POINT('',(0.278800667648,-1.75));
#7236 = CARTESIAN_POINT('',(0.245768707686,-1.75));
#7237 = CARTESIAN_POINT('',(0.183834392339,-1.75));
#7238 = CARTESIAN_POINT('',(0.15487409801,-1.75));
#7239 = CARTESIAN_POINT('',(0.126970060756,-1.75));
#7240 = CARTESIAN_POINT('',(0.100011544263,-1.75));
#7241 = CARTESIAN_POINT('',(7.390813003358E-02,-1.75));
#7242 = CARTESIAN_POINT('',(4.858226657356E-02,-1.75));
#7243 = CARTESIAN_POINT('',(2.396656047291E-02,-1.75));
#7244 = CARTESIAN_POINT('',(0.,-1.75));
#7245 = ( GEOMETRIC_REPRESENTATION_CONTEXT(2) 
PARAMETRIC_REPRESENTATION_CONTEXT() REPRESENTATION_CONTEXT('2D SPACE',''
  ) );
#7246 = PCURVE('',#7247,#7252);
#7247 = PLANE('',#7248);
#7248 = AXIS2_PLACEMENT_3D('',#7249,#7250,#7251);
#7249 = CARTESIAN_POINT('',(-128.9065443808,0.,7.771561172376E-16));
#7250 = DIRECTION('',(1.,0.,2.22044604925E-16));
#7251 = DIRECTION('',(2.22044604925E-16,0.,-1.));
#7252 = DEFINITIONAL_REPRESENTATION('',(#7253),#7305);
#7253 = B_SPLINE_CURVE_WITH_KNOTS('',8,(#7254,#7255,#7256,#7257,#7258,
    #7259,#7260,#7261,#7262,#7263,#7264,#7265,#7266,#7267,#7268,#7269,
    #7270,#7271,#7272,#7273,#7274,#7275,#7276,#7277,#7278,#7279,#7280,
    #7281,#7282,#7283,#7284,#7285,#7286,#7287,#7288,#7289,#7290,#7291,
    #7292,#7293,#7294,#7295,#7296,#7297,#7298,#7299,#7300,#7301,#7302,
    #7303,#7304),.UNSPECIFIED.,.F.,.F.,(9,7,7,7,7,7,7,9),(0.,
    5.292125733295E-02,0.148177352316,0.233654467181,0.27813338025,
    0.369531113777,0.69292504555,1.),.UNSPECIFIED.);
#7254 = CARTESIAN_POINT('',(-6.357462329871,-8.80795885582));
#7255 = CARTESIAN_POINT('',(-6.41159425931,-8.80795885582));
#7256 = CARTESIAN_POINT('',(-6.465714656802,-8.806931492251));
#7257 = CARTESIAN_POINT('',(-6.519800872352,-8.804843724084));
#7258 = CARTESIAN_POINT('',(-6.573827467919,-8.801662614066));
#7259 = CARTESIAN_POINT('',(-6.627766275556,-8.797355980515));
#7260 = CARTESIAN_POINT('',(-6.681586455558,-8.791893049131));
#7261 = CARTESIAN_POINT('',(-6.735254554609,-8.785245104794));
#7262 = CARTESIAN_POINT('',(-6.884996389591,-8.763240334791));
#7263 = CARTESIAN_POINT('',(-6.980668915363,-8.745167955288));
#7264 = CARTESIAN_POINT('',(-7.075517156013,-8.723019179668));
#7265 = CARTESIAN_POINT('',(-7.169296863853,-8.696675884808));
#7266 = CARTESIAN_POINT('',(-7.261758222375,-8.666063209502));
#7267 = CARTESIAN_POINT('',(-7.352649539895,-8.631161114316));
#7268 = CARTESIAN_POINT('',(-7.441720943186,-8.592015941445));
#7269 = CARTESIAN_POINT('',(-7.606803056978,-8.509929481713));
#7270 = CARTESIAN_POINT('',(-7.683234901824,-8.467781058514));
#7271 = CARTESIAN_POINT('',(-7.757848239703,-8.422392802122));
#7272 = CARTESIAN_POINT('',(-7.83050439471,-8.37388441025));
#7273 = CARTESIAN_POINT('',(-7.901097572561,-8.322403626167));
#7274 = CARTESIAN_POINT('',(-7.969551052179,-8.268120683692));
#7275 = CARTESIAN_POINT('',(-8.035813377263,-8.21122275219));
#7276 = CARTESIAN_POINT('',(-8.133179042552,-8.121043526821));
#7277 = CARTESIAN_POINT('',(-8.165904613363,-8.089522047632));
#7278 = CARTESIAN_POINT('',(-8.198028472693,-8.057370348242));
#7279 = CARTESIAN_POINT('',(-8.229549908211,-8.024614871866));
#7280 = CARTESIAN_POINT('',(-8.260470060399,-7.991281883791));
#7281 = CARTESIAN_POINT('',(-8.290791700092,-7.957397254468));
#7282 = CARTESIAN_POINT('',(-8.320519006013,-7.922986242608));
#7283 = CARTESIAN_POINT('',(-8.409532409224,-7.8163321859));
#7284 = CARTESIAN_POINT('',(-8.466917236002,-7.742475676062));
#7285 = CARTESIAN_POINT('',(-8.5218637529,-7.666710808243));
#7286 = CARTESIAN_POINT('',(-8.574441008806,-7.589233196782));
#7287 = CARTESIAN_POINT('',(-8.624729506714,-7.510223061552));
#7288 = CARTESIAN_POINT('',(-8.672816826043,-7.429842187113));
#7289 = CARTESIAN_POINT('',(-8.718794531793,-7.348231790314));
#7290 = CARTESIAN_POINT('',(-8.918307184925,-6.972820167742));
#7291 = CARTESIAN_POINT('',(-9.04823107367,-6.666963763509));
#7292 = CARTESIAN_POINT('',(-9.157466143741,-6.352270299804));
#7293 = CARTESIAN_POINT('',(-9.24931422711,-6.031814904779));
#7294 = CARTESIAN_POINT('',(-9.326525606964,-5.70779743698));
#7295 = CARTESIAN_POINT('',(-9.391239834005,-5.381511971435));
#7296 = CARTESIAN_POINT('',(-9.44522325491,-5.053442049353));
#7297 = CARTESIAN_POINT('',(-9.53224155074,-4.409717563647));
#7298 = CARTESIAN_POINT('',(-9.566103367531,-4.094962387156));
#7299 = CARTESIAN_POINT('',(-9.592607404545,-3.779355324771));
#7300 = CARTESIAN_POINT('',(-9.612624403513,-3.463185815276));
#7301 = CARTESIAN_POINT('',(-9.626855837485,-3.146671046197));
#7302 = CARTESIAN_POINT('',(-9.635884821405,-2.82995996686));
#7303 = CARTESIAN_POINT('',(-9.640194594947,-2.51313469333));
#7304 = CARTESIAN_POINT('',(-9.640194594947,-2.196213083565));
#7305 = ( GEOMETRIC_REPRESENTATION_CONTEXT(2) 
PARAMETRIC_REPRESENTATION_CONTEXT() REPRESENTATION_CONTEXT('2D SPACE',''
  ) );
#7306 = ORIENTED_EDGE('',*,*,#7307,.F.);
#7307 = EDGE_CURVE('',#6961,#7136,#7308,.T.);
#7308 = SURFACE_CURVE('',#7309,(#7313,#7320),.PCURVE_S1.);
#7309 = LINE('',#7310,#7311);
#7310 = CARTESIAN_POINT('',(-130.6565443808,-8.80795885582,
    6.357462329871));
#7311 = VECTOR('',#7312,1.);
#7312 = DIRECTION('',(1.,-1.359631073447E-32,-1.110223024625E-16));
#7313 = PCURVE('',#6976,#7314);
#7314 = DEFINITIONAL_REPRESENTATION('',(#7315),#7319);
#7315 = LINE('',#7316,#7317);
#7316 = CARTESIAN_POINT('',(1.,0.));
#7317 = VECTOR('',#7318,1.);
#7318 = DIRECTION('',(0.,-1.));
#7319 = ( GEOMETRIC_REPRESENTATION_CONTEXT(2) 
PARAMETRIC_REPRESENTATION_CONTEXT() REPRESENTATION_CONTEXT('2D SPACE',''
  ) );
#7320 = PCURVE('',#7006,#7321);
#7321 = DEFINITIONAL_REPRESENTATION('',(#7322),#7326);
#7322 = LINE('',#7323,#7324);
#7323 = CARTESIAN_POINT('',(0.,0.));
#7324 = VECTOR('',#7325,1.);
#7325 = DIRECTION('',(0.,-1.));
#7326 = ( GEOMETRIC_REPRESENTATION_CONTEXT(2) 
PARAMETRIC_REPRESENTATION_CONTEXT() REPRESENTATION_CONTEXT('2D SPACE',''
  ) );
#7327 = ADVANCED_FACE('',(#7328),#7006,.F.);
#7328 = FACE_BOUND('',#7329,.F.);
#7329 = EDGE_LOOP('',(#7330,#7331,#7332,#7499));
#7330 = ORIENTED_EDGE('',*,*,#6990,.F.);
#7331 = ORIENTED_EDGE('',*,*,#7307,.T.);
#7332 = ORIENTED_EDGE('',*,*,#7333,.F.);
#7333 = EDGE_CURVE('',#7334,#7136,#7336,.T.);
#7334 = VERTEX_POINT('',#7335);
#7335 = CARTESIAN_POINT('',(-128.9065443808,-2.126828847437,
    3.074730064795));
#7336 = SURFACE_CURVE('',#7337,(#7389,#7444),.PCURVE_S1.);
#7337 = B_SPLINE_CURVE_WITH_KNOTS('',8,(#7338,#7339,#7340,#7341,#7342,
    #7343,#7344,#7345,#7346,#7347,#7348,#7349,#7350,#7351,#7352,#7353,
    #7354,#7355,#7356,#7357,#7358,#7359,#7360,#7361,#7362,#7363,#7364,
    #7365,#7366,#7367,#7368,#7369,#7370,#7371,#7372,#7373,#7374,#7375,
    #7376,#7377,#7378,#7379,#7380,#7381,#7382,#7383,#7384,#7385,#7386,
    #7387,#7388),.UNSPECIFIED.,.F.,.F.,(9,7,7,7,7,7,7,9),(0.,
    0.44532042089,0.674025634539,0.74349536837,0.780370395466,
    0.855708674994,0.948224967049,1.),.UNSPECIFIED.);
#7338 = CARTESIAN_POINT('',(-128.9065443808,-2.126828847437,
    3.074730064795));
#7339 = CARTESIAN_POINT('',(-128.9065443808,-2.589944626688,
    3.074730064795));
#7340 = CARTESIAN_POINT('',(-128.9065443808,-3.052418368549,
    3.083744351226));
#7341 = CARTESIAN_POINT('',(-128.9065443808,-3.514631531915,
    3.102970150943));
#7342 = CARTESIAN_POINT('',(-128.9065443808,-3.976471952763,
    3.134017810095));
#7343 = CARTESIAN_POINT('',(-128.9065443808,-4.437352823756,
    3.178864654405));
#7344 = CARTESIAN_POINT('',(-128.9065443808,-4.896125478797,
    3.240346409229));
#7345 = CARTESIAN_POINT('',(-128.9065443808,-5.351121597621,
    3.32195447114));
#7346 = CARTESIAN_POINT('',(-128.9065443808,-6.030290632587,
    3.485574624669));
#7347 = CARTESIAN_POINT('',(-128.9065443808,-6.258722677357,
    3.547994279571));
#7348 = CARTESIAN_POINT('',(-128.9065443808,-6.484981134816,
    3.618182078719));
#7349 = CARTESIAN_POINT('',(-128.9065443808,-6.708502677289,3.6971478924
    ));
#7350 = CARTESIAN_POINT('',(-128.9065443808,-6.928315652063,
    3.78604657719));
#7351 = CARTESIAN_POINT('',(-128.9065443808,-7.143035252403,
    3.886189526625));
#7352 = CARTESIAN_POINT('',(-128.9065443808,-7.350854056159,
    3.999065830431));
#7353 = CARTESIAN_POINT('',(-128.9065443808,-7.609875577959,
    4.165042900253));
#7354 = CARTESIAN_POINT('',(-128.9065443808,-7.669355623943,
    4.205029120933));
#7355 = CARTESIAN_POINT('',(-128.9065443808,-7.727896175773,
    4.246370616784));
#7356 = CARTESIAN_POINT('',(-128.9065443808,-7.785417233619,
    4.289103890124));
#7357 = CARTESIAN_POINT('',(-128.9065443808,-7.84183190345,
    4.333261536666));
#7358 = CARTESIAN_POINT('',(-128.9065443808,-7.897047608514,
    4.378870749023));
#7359 = CARTESIAN_POINT('',(-128.9065443808,-7.950967300825,
    4.425951820223));
#7360 = CARTESIAN_POINT('',(-128.9065443808,-8.031370450669,
    4.500295201592));
#7361 = CARTESIAN_POINT('',(-128.9065443808,-8.058856598903,
    4.526491582745));
#7362 = CARTESIAN_POINT('',(-128.9065443808,-8.08593396977,
    4.553107327039));
#7363 = CARTESIAN_POINT('',(-128.9065443808,-8.112587174256,
    4.580143238986));
#7364 = CARTESIAN_POINT('',(-128.9065443808,-8.138800683498,
    4.607599295124));
#7365 = CARTESIAN_POINT('',(-128.9065443808,-8.164558930359,
    4.635474547899));
#7366 = CARTESIAN_POINT('',(-128.9065443808,-8.189846411018,
    4.663767029543));
#7367 = CARTESIAN_POINT('',(-128.9065443808,-8.265318744928,
    4.751123317123));
#7368 = CARTESIAN_POINT('',(-128.9065443808,-8.313965549179,
    4.811507364035));
#7369 = CARTESIAN_POINT('',(-128.9065443808,-8.360451024137,
    4.873593320632));
#7370 = CARTESIAN_POINT('',(-128.9065443808,-8.404647799669,
    4.937334486209));
#7371 = CARTESIAN_POINT('',(-128.9065443808,-8.446441242208,
    5.002668002572));
#7372 = CARTESIAN_POINT('',(-128.9065443808,-8.485732386284,
    5.069512921204));
#7373 = CARTESIAN_POINT('',(-128.9065443808,-8.522440866053,
    5.137768270424));
#7374 = CARTESIAN_POINT('',(-128.9065443808,-8.598342499304,
    5.29271056169));
#7375 = CARTESIAN_POINT('',(-128.9065443808,-8.636203490852,
    5.380071744271));
#7376 = CARTESIAN_POINT('',(-128.9065443808,-8.669976194805,
    5.469163009889));
#7377 = CARTESIAN_POINT('',(-128.9065443808,-8.699618204608,
    5.559747886622));
#7378 = CARTESIAN_POINT('',(-128.9065443808,-8.725148769319,
    5.651588425458));
#7379 = CARTESIAN_POINT('',(-128.9065443808,-8.746638229111,
    5.744448534747));
#7380 = CARTESIAN_POINT('',(-128.9065443808,-8.764197450772,
    5.838097314631));
#7381 = CARTESIAN_POINT('',(-128.9065443808,-8.78567328425,
    5.985038117956));
#7382 = CARTESIAN_POINT('',(-128.9065443808,-8.792193380318,
    6.037946970186));
#7383 = CARTESIAN_POINT('',(-128.9065443808,-8.797552526399,
    6.091003984607));
#7384 = CARTESIAN_POINT('',(-128.9065443808,-8.801778351608,
    6.144176647083));
#7385 = CARTESIAN_POINT('',(-128.9065443808,-8.804900513034,
    6.197434948357));
#7386 = CARTESIAN_POINT('',(-128.9065443808,-8.806950069582,
    6.250751439493));
#7387 = CARTESIAN_POINT('',(-128.9065443808,-8.80795885582,6.30410128732
    ));
#7388 = CARTESIAN_POINT('',(-128.9065443808,-8.80795885582,
    6.357462329871));
#7389 = PCURVE('',#7006,#7390);
#7390 = DEFINITIONAL_REPRESENTATION('',(#7391),#7443);
#7391 = B_SPLINE_CURVE_WITH_KNOTS('',8,(#7392,#7393,#7394,#7395,#7396,
    #7397,#7398,#7399,#7400,#7401,#7402,#7403,#7404,#7405,#7406,#7407,
    #7408,#7409,#7410,#7411,#7412,#7413,#7414,#7415,#7416,#7417,#7418,
    #7419,#7420,#7421,#7422,#7423,#7424,#7425,#7426,#7427,#7428,#7429,
    #7430,#7431,#7432,#7433,#7434,#7435,#7436,#7437,#7438,#7439,#7440,
    #7441,#7442),.UNSPECIFIED.,.F.,.F.,(9,7,7,7,7,7,7,9),(0.,
    0.44532042089,0.674025634539,0.74349536837,0.780370395466,
    0.855708674994,0.948224967049,1.),.UNSPECIFIED.);
#7392 = CARTESIAN_POINT('',(1.,-1.75));
#7393 = CARTESIAN_POINT('',(0.965341508198,-1.75));
#7394 = CARTESIAN_POINT('',(0.929358079637,-1.75));
#7395 = CARTESIAN_POINT('',(0.891838814638,-1.75));
#7396 = CARTESIAN_POINT('',(0.852546832021,-1.75));
#7397 = CARTESIAN_POINT('',(0.811224876322,-1.75));
#7398 = CARTESIAN_POINT('',(0.767526995594,-1.75));
#7399 = CARTESIAN_POINT('',(0.721046260874,-1.75));
#7400 = CARTESIAN_POINT('',(0.645297516466,-1.75));
#7401 = CARTESIAN_POINT('',(0.618694929749,-1.75));
#7402 = CARTESIAN_POINT('',(0.591071826447,-1.75));
#7403 = CARTESIAN_POINT('',(0.56231654916,-1.75));
#7404 = CARTESIAN_POINT('',(0.5323259154,-1.75));
#7405 = CARTESIAN_POINT('',(0.501003819669,-1.75));
#7406 = CARTESIAN_POINT('',(0.46825871872,-1.75));
#7407 = CARTESIAN_POINT('',(0.423593835519,-1.75));
#7408 = CARTESIAN_POINT('',(0.413052102141,-1.75));
#7409 = CARTESIAN_POINT('',(0.402374253417,-1.75));
#7410 = CARTESIAN_POINT('',(0.391560716598,-1.75));
#7411 = CARTESIAN_POINT('',(0.380613029906,-1.75));
#7412 = CARTESIAN_POINT('',(0.369533979801,-1.75));
#7413 = CARTESIAN_POINT('',(0.358327738251,-1.75));
#7414 = CARTESIAN_POINT('',(0.340987156249,-1.75));
#7415 = CARTESIAN_POINT('',(0.33494013073,-1.75));
#7416 = CARTESIAN_POINT('',(0.328859823043,-1.75));
#7417 = CARTESIAN_POINT('',(0.32274726233,-1.75));
#7418 = CARTESIAN_POINT('',(0.316603614308,-1.75));
#7419 = CARTESIAN_POINT('',(0.310430188307,-1.75));
#7420 = CARTESIAN_POINT('',(0.304228444313,-1.75));
#7421 = CARTESIAN_POINT('',(0.285274849251,-1.75));
#7422 = CARTESIAN_POINT('',(0.272437013402,-1.75));
#7423 = CARTESIAN_POINT('',(0.259501704818,-1.75));
#7424 = CARTESIAN_POINT('',(0.246485568663,-1.75));
#7425 = CARTESIAN_POINT('',(0.233406757908,-1.75));
#7426 = CARTESIAN_POINT('',(0.22028500834,-1.75));
#7427 = CARTESIAN_POINT('',(0.207141713561,-1.75));
#7428 = CARTESIAN_POINT('',(0.177861821407,-1.75));
#7429 = CARTESIAN_POINT('',(0.161722224864,-1.75));
#7430 = CARTESIAN_POINT('',(0.145625073452,-1.75));
#7431 = CARTESIAN_POINT('',(0.129609558324,-1.75));
#7432 = CARTESIAN_POINT('',(0.113710481451,-1.75));
#7433 = CARTESIAN_POINT('',(9.795853836743E-02,-1.75));
#7434 = CARTESIAN_POINT('',(8.238060091682E-02,-1.75));
#7435 = CARTESIAN_POINT('',(5.839253096315E-02,-1.75));
#7436 = CARTESIAN_POINT('',(4.984592147378E-02,-1.75));
#7437 = CARTESIAN_POINT('',(4.136362783969E-02,-1.75));
#7438 = CARTESIAN_POINT('',(3.294853466101E-02,-1.75));
#7439 = CARTESIAN_POINT('',(2.460299324564E-02,-1.75));
#7440 = CARTESIAN_POINT('',(1.632886002473E-02,-1.75));
#7441 = CARTESIAN_POINT('',(8.12753496816E-03,-1.75));
#7442 = CARTESIAN_POINT('',(0.,-1.75));
#7443 = ( GEOMETRIC_REPRESENTATION_CONTEXT(2) 
PARAMETRIC_REPRESENTATION_CONTEXT() REPRESENTATION_CONTEXT('2D SPACE',''
  ) );
#7444 = PCURVE('',#7247,#7445);
#7445 = DEFINITIONAL_REPRESENTATION('',(#7446),#7498);
#7446 = B_SPLINE_CURVE_WITH_KNOTS('',8,(#7447,#7448,#7449,#7450,#7451,
    #7452,#7453,#7454,#7455,#7456,#7457,#7458,#7459,#7460,#7461,#7462,
    #7463,#7464,#7465,#7466,#7467,#7468,#7469,#7470,#7471,#7472,#7473,
    #7474,#7475,#7476,#7477,#7478,#7479,#7480,#7481,#7482,#7483,#7484,
    #7485,#7486,#7487,#7488,#7489,#7490,#7491,#7492,#7493,#7494,#7495,
    #7496,#7497),.UNSPECIFIED.,.F.,.F.,(9,7,7,7,7,7,7,9),(0.,
    0.44532042089,0.674025634539,0.74349536837,0.780370395466,
    0.855708674994,0.948224967049,1.),.UNSPECIFIED.);
#7447 = CARTESIAN_POINT('',(-3.074730064795,-2.126828847437));
#7448 = CARTESIAN_POINT('',(-3.074730064795,-2.589944626688));
#7449 = CARTESIAN_POINT('',(-3.083744351226,-3.052418368549));
#7450 = CARTESIAN_POINT('',(-3.102970150943,-3.514631531915));
#7451 = CARTESIAN_POINT('',(-3.134017810095,-3.976471952763));
#7452 = CARTESIAN_POINT('',(-3.178864654405,-4.437352823756));
#7453 = CARTESIAN_POINT('',(-3.240346409229,-4.896125478797));
#7454 = CARTESIAN_POINT('',(-3.32195447114,-5.351121597621));
#7455 = CARTESIAN_POINT('',(-3.485574624669,-6.030290632587));
#7456 = CARTESIAN_POINT('',(-3.547994279571,-6.258722677357));
#7457 = CARTESIAN_POINT('',(-3.618182078719,-6.484981134816));
#7458 = CARTESIAN_POINT('',(-3.6971478924,-6.708502677289));
#7459 = CARTESIAN_POINT('',(-3.78604657719,-6.928315652063));
#7460 = CARTESIAN_POINT('',(-3.886189526625,-7.143035252403));
#7461 = CARTESIAN_POINT('',(-3.999065830431,-7.350854056159));
#7462 = CARTESIAN_POINT('',(-4.165042900253,-7.609875577959));
#7463 = CARTESIAN_POINT('',(-4.205029120933,-7.669355623943));
#7464 = CARTESIAN_POINT('',(-4.246370616784,-7.727896175773));
#7465 = CARTESIAN_POINT('',(-4.289103890124,-7.785417233619));
#7466 = CARTESIAN_POINT('',(-4.333261536666,-7.84183190345));
#7467 = CARTESIAN_POINT('',(-4.378870749023,-7.897047608514));
#7468 = CARTESIAN_POINT('',(-4.425951820223,-7.950967300825));
#7469 = CARTESIAN_POINT('',(-4.500295201592,-8.031370450669));
#7470 = CARTESIAN_POINT('',(-4.526491582745,-8.058856598903));
#7471 = CARTESIAN_POINT('',(-4.553107327039,-8.08593396977));
#7472 = CARTESIAN_POINT('',(-4.580143238986,-8.112587174256));
#7473 = CARTESIAN_POINT('',(-4.607599295124,-8.138800683498));
#7474 = CARTESIAN_POINT('',(-4.635474547899,-8.164558930359));
#7475 = CARTESIAN_POINT('',(-4.663767029543,-8.189846411018));
#7476 = CARTESIAN_POINT('',(-4.751123317123,-8.265318744928));
#7477 = CARTESIAN_POINT('',(-4.811507364035,-8.313965549179));
#7478 = CARTESIAN_POINT('',(-4.873593320632,-8.360451024137));
#7479 = CARTESIAN_POINT('',(-4.937334486209,-8.404647799669));
#7480 = CARTESIAN_POINT('',(-5.002668002572,-8.446441242208));
#7481 = CARTESIAN_POINT('',(-5.069512921204,-8.485732386284));
#7482 = CARTESIAN_POINT('',(-5.137768270424,-8.522440866053));
#7483 = CARTESIAN_POINT('',(-5.29271056169,-8.598342499304));
#7484 = CARTESIAN_POINT('',(-5.380071744271,-8.636203490852));
#7485 = CARTESIAN_POINT('',(-5.469163009889,-8.669976194805));
#7486 = CARTESIAN_POINT('',(-5.559747886622,-8.699618204608));
#7487 = CARTESIAN_POINT('',(-5.651588425458,-8.725148769319));
#7488 = CARTESIAN_POINT('',(-5.744448534747,-8.746638229111));
#7489 = CARTESIAN_POINT('',(-5.838097314631,-8.764197450772));
#7490 = CARTESIAN_POINT('',(-5.985038117956,-8.78567328425));
#7491 = CARTESIAN_POINT('',(-6.037946970186,-8.792193380318));
#7492 = CARTESIAN_POINT('',(-6.091003984607,-8.797552526399));
#7493 = CARTESIAN_POINT('',(-6.144176647083,-8.801778351608));
#7494 = CARTESIAN_POINT('',(-6.197434948357,-8.804900513034));
#7495 = CARTESIAN_POINT('',(-6.250751439493,-8.806950069582));
#7496 = CARTESIAN_POINT('',(-6.30410128732,-8.80795885582));
#7497 = CARTESIAN_POINT('',(-6.357462329871,-8.80795885582));
#7498 = ( GEOMETRIC_REPRESENTATION_CONTEXT(2) 
PARAMETRIC_REPRESENTATION_CONTEXT() REPRESENTATION_CONTEXT('2D SPACE',''
  ) );
#7499 = ORIENTED_EDGE('',*,*,#7500,.F.);
#7500 = EDGE_CURVE('',#6991,#7334,#7501,.T.);
#7501 = SURFACE_CURVE('',#7502,(#7506,#7513),.PCURVE_S1.);
#7502 = LINE('',#7503,#7504);
#7503 = CARTESIAN_POINT('',(-130.6565443808,-2.126828847437,
    3.074730064795));
#7504 = VECTOR('',#7505,1.);
#7505 = DIRECTION('',(1.,-1.359631073447E-32,-1.110223024625E-16));
#7506 = PCURVE('',#7006,#7507);
#7507 = DEFINITIONAL_REPRESENTATION('',(#7508),#7512);
#7508 = LINE('',#7509,#7510);
#7509 = CARTESIAN_POINT('',(1.,0.));
#7510 = VECTOR('',#7511,1.);
#7511 = DIRECTION('',(0.,-1.));
#7512 = ( GEOMETRIC_REPRESENTATION_CONTEXT(2) 
PARAMETRIC_REPRESENTATION_CONTEXT() REPRESENTATION_CONTEXT('2D SPACE',''
  ) );
#7513 = PCURVE('',#7036,#7514);
#7514 = DEFINITIONAL_REPRESENTATION('',(#7515),#7519);
#7515 = LINE('',#7516,#7517);
#7516 = CARTESIAN_POINT('',(0.,0.));
#7517 = VECTOR('',#7518,1.);
#7518 = DIRECTION('',(0.,-1.));
#7519 = ( GEOMETRIC_REPRESENTATION_CONTEXT(2) 
PARAMETRIC_REPRESENTATION_CONTEXT() REPRESENTATION_CONTEXT('2D SPACE',''
  ) );
#7520 = ADVANCED_FACE('',(#7521),#7036,.F.);
#7521 = FACE_BOUND('',#7522,.F.);
#7522 = EDGE_LOOP('',(#7523,#7524,#7525,#7692));
#7523 = ORIENTED_EDGE('',*,*,#7020,.F.);
#7524 = ORIENTED_EDGE('',*,*,#7500,.T.);
#7525 = ORIENTED_EDGE('',*,*,#7526,.F.);
#7526 = EDGE_CURVE('',#7527,#7334,#7529,.T.);
#7527 = VERTEX_POINT('',#7528);
#7528 = CARTESIAN_POINT('',(-128.9065443808,4.623610143023,6.31125634182
    ));
#7529 = SURFACE_CURVE('',#7530,(#7582,#7637),.PCURVE_S1.);
#7530 = B_SPLINE_CURVE_WITH_KNOTS('',8,(#7531,#7532,#7533,#7534,#7535,
    #7536,#7537,#7538,#7539,#7540,#7541,#7542,#7543,#7544,#7545,#7546,
    #7547,#7548,#7549,#7550,#7551,#7552,#7553,#7554,#7555,#7556,#7557,
    #7558,#7559,#7560,#7561,#7562,#7563,#7564,#7565,#7566,#7567,#7568,
    #7569,#7570,#7571,#7572,#7573,#7574,#7575,#7576,#7577,#7578,#7579,
    #7580,#7581),.UNSPECIFIED.,.F.,.F.,(9,7,7,7,7,7,7,9),(0.,
    4.866340150026E-02,0.137047936512,0.219529055153,0.26245526811,
    0.351482010787,0.663454587409,1.),.UNSPECIFIED.);
#7531 = CARTESIAN_POINT('',(-128.9065443808,4.623610143023,6.31125634182
    ));
#7532 = CARTESIAN_POINT('',(-128.9065443808,4.623610143023,
    6.260932454426));
#7533 = CARTESIAN_POINT('',(-128.9065443808,4.622677549469,
    6.210618933027));
#7534 = CARTESIAN_POINT('',(-128.9065443808,4.620784090598,
    6.160335873271));
#7535 = CARTESIAN_POINT('',(-128.9065443808,4.617901727986,
    6.110105649493));
#7536 = CARTESIAN_POINT('',(-128.9065443808,4.614003187017,
    6.059952868917));
#7537 = CARTESIAN_POINT('',(-128.9065443808,4.60906248736,6.009904325847
    ));
#7538 = CARTESIAN_POINT('',(-128.9065443808,4.603055473442,
    5.959988955857));
#7539 = CARTESIAN_POINT('',(-128.9065443808,4.583073871386,
    5.819877611175));
#7540 = CARTESIAN_POINT('',(-128.9065443808,4.566595539726,
    5.730042351423));
#7541 = CARTESIAN_POINT('',(-128.9065443808,4.546396099248,
    5.640938597803));
#7542 = CARTESIAN_POINT('',(-128.9065443808,4.522374493144,
    5.552780247393));
#7543 = CARTESIAN_POINT('',(-128.9065443808,4.49446717956,5.465785631066
    ));
#7544 = CARTESIAN_POINT('',(-128.9065443808,4.462657452654,
    5.380174637269));
#7545 = CARTESIAN_POINT('',(-128.9065443808,4.426984763664,5.2961658358)
  );
#7546 = CARTESIAN_POINT('',(-128.9065443808,4.350756993318,
    5.137271185044));
#7547 = CARTESIAN_POINT('',(-128.9065443808,4.31067847349,5.062132572125
    ));
#7548 = CARTESIAN_POINT('',(-128.9065443808,4.267400594165,
    4.988731645799));
#7549 = CARTESIAN_POINT('',(-128.9065443808,4.221039181039,4.91720647417
    ));
#7550 = CARTESIAN_POINT('',(-128.9065443808,4.171738209722,
    4.847663014704));
#7551 = CARTESIAN_POINT('',(-128.9065443808,4.119664241636,
    4.780178818455));
#7552 = CARTESIAN_POINT('',(-128.9065443808,4.065000859922,4.71480673428
    ));
#7553 = CARTESIAN_POINT('',(-128.9065443808,3.978248147698,
    4.618672369301));
#7554 = CARTESIAN_POINT('',(-128.9065443808,3.947902403319,
    4.586344310873));
#7555 = CARTESIAN_POINT('',(-128.9065443808,3.916931825182,
    4.554597479756));
#7556 = CARTESIAN_POINT('',(-128.9065443808,3.885362426527,
    4.523432872737));
#7557 = CARTESIAN_POINT('',(-128.9065443808,3.853220063262,
    4.492849658886));
#7558 = CARTESIAN_POINT('',(-128.9065443808,3.820530216372,
    4.462845397021));
#7559 = CARTESIAN_POINT('',(-128.9065443808,3.787317774327,
    4.433416253166));
#7560 = CARTESIAN_POINT('',(-128.9065443808,3.683692032644,
    4.344705073649));
#7561 = CARTESIAN_POINT('',(-128.9065443808,3.611637175906,
    4.287308675649));
#7562 = CARTESIAN_POINT('',(-128.9065443808,3.537652008842,
    4.232317661915));
#7563 = CARTESIAN_POINT('',(-128.9065443808,3.461934758618,
    4.179664222331));
#7564 = CARTESIAN_POINT('',(-128.9065443808,3.384668000255,
    4.129268854778));
#7565 = CARTESIAN_POINT('',(-128.9065443808,3.306015497309,
    4.081044800374));
#7566 = CARTESIAN_POINT('',(-128.9065443808,3.226119998967,
    4.034901157958));
#7567 = CARTESIAN_POINT('',(-128.9065443808,2.86119408979,3.836009027972
    ));
#7568 = CARTESIAN_POINT('',(-128.9065443808,2.564210966825,3.70606127418
    ));
#7569 = CARTESIAN_POINT('',(-128.9065443808,2.258417788167,
    3.596120675509));
#7570 = CARTESIAN_POINT('',(-128.9065443808,1.946835736649,
    3.503008321209));
#7571 = CARTESIAN_POINT('',(-128.9065443808,1.63163005998,3.42407282406)
  );
#7572 = CARTESIAN_POINT('',(-128.9065443808,1.314078397676,
    3.357250659482));
#7573 = CARTESIAN_POINT('',(-128.9065443808,0.994668190752,
    3.300831142418));
#7574 = CARTESIAN_POINT('',(-128.9065443808,0.326170912608,
    3.202372647813));
#7575 = CARTESIAN_POINT('',(-128.9065443808,-2.239080172519E-02,
    3.161945169892));
#7576 = CARTESIAN_POINT('',(-128.9065443808,-0.372070711563,
    3.130530871106));
#7577 = CARTESIAN_POINT('',(-128.9065443808,-0.722467022123,
    3.106950097352));
#7578 = CARTESIAN_POINT('',(-128.9065443808,-1.073285530275,
    3.090273381351));
#7579 = CARTESIAN_POINT('',(-128.9065443808,-1.424332719084,
    3.079738963342));
#7580 = CARTESIAN_POINT('',(-128.9065443808,-1.775514031474,
    3.074730064795));
#7581 = CARTESIAN_POINT('',(-128.9065443808,-2.126828847437,
    3.074730064795));
#7582 = PCURVE('',#7036,#7583);
#7583 = DEFINITIONAL_REPRESENTATION('',(#7584),#7636);
#7584 = B_SPLINE_CURVE_WITH_KNOTS('',8,(#7585,#7586,#7587,#7588,#7589,
    #7590,#7591,#7592,#7593,#7594,#7595,#7596,#7597,#7598,#7599,#7600,
    #7601,#7602,#7603,#7604,#7605,#7606,#7607,#7608,#7609,#7610,#7611,
    #7612,#7613,#7614,#7615,#7616,#7617,#7618,#7619,#7620,#7621,#7622,
    #7623,#7624,#7625,#7626,#7627,#7628,#7629,#7630,#7631,#7632,#7633,
    #7634,#7635),.UNSPECIFIED.,.F.,.F.,(9,7,7,7,7,7,7,9),(0.,
    4.866340150026E-02,0.137047936512,0.219529055153,0.26245526811,
    0.351482010787,0.663454587409,1.),.UNSPECIFIED.);
#7585 = CARTESIAN_POINT('',(1.,-1.75));
#7586 = CARTESIAN_POINT('',(0.99222563281,-1.75));
#7587 = CARTESIAN_POINT('',(0.984383790516,-1.75));
#7588 = CARTESIAN_POINT('',(0.976475483559,-1.75));
#7589 = CARTESIAN_POINT('',(0.968502091687,-1.75));
#7590 = CARTESIAN_POINT('',(0.960465396179,-1.75));
#7591 = CARTESIAN_POINT('',(0.95236761205,-1.75));
#7592 = CARTESIAN_POINT('',(0.944211420275,-1.75));
#7593 = CARTESIAN_POINT('',(0.921086070015,-1.75));
#7594 = CARTESIAN_POINT('',(0.905987186738,-1.75));
#7595 = CARTESIAN_POINT('',(0.890725691605,-1.75));
#7596 = CARTESIAN_POINT('',(0.87532714365,-1.75));
#7597 = CARTESIAN_POINT('',(0.859820565571,-1.75));
#7598 = CARTESIAN_POINT('',(0.844238689804,-1.75));
#7599 = CARTESIAN_POINT('',(0.82861820458,-1.75));
#7600 = CARTESIAN_POINT('',(0.798424972991,-1.75));
#7601 = CARTESIAN_POINT('',(0.783848476585,-1.75));
#7602 = CARTESIAN_POINT('',(0.769303455324,-1.75));
#7603 = CARTESIAN_POINT('',(0.754819818006,-1.75));
#7604 = CARTESIAN_POINT('',(0.740424597807,-1.75));
#7605 = CARTESIAN_POINT('',(0.726142112409,-1.75));
#7606 = CARTESIAN_POINT('',(0.71199412412,-1.75));
#7607 = CARTESIAN_POINT('',(0.690716942228,-1.75));
#7608 = CARTESIAN_POINT('',(0.683475003064,-1.75));
#7609 = CARTESIAN_POINT('',(0.67627657477,-1.75));
#7610 = CARTESIAN_POINT('',(0.669123738116,-1.75));
#7611 = CARTESIAN_POINT('',(0.662018279865,-1.75));
#7612 = CARTESIAN_POINT('',(0.654961710242,-1.75));
#7613 = CARTESIAN_POINT('',(0.647955280421,-1.75));
#7614 = CARTESIAN_POINT('',(0.626575108595,-1.75));
#7615 = CARTESIAN_POINT('',(0.612371083461,-1.75));
#7616 = CARTESIAN_POINT('',(0.598395681357,-1.75));
#7617 = CARTESIAN_POINT('',(0.584653109065,-1.75));
#7618 = CARTESIAN_POINT('',(0.57114460777,-1.75));
#7619 = CARTESIAN_POINT('',(0.557868904229,-1.75));
#7620 = CARTESIAN_POINT('',(0.544822528755,-1.75));
#7621 = CARTESIAN_POINT('',(0.487066565233,-1.75));
#7622 = CARTESIAN_POINT('',(0.444994056937,-1.75));
#7623 = CARTESIAN_POINT('',(0.405359832101,-1.75));
#7624 = CARTESIAN_POINT('',(0.367896568321,-1.75));
#7625 = CARTESIAN_POINT('',(0.332355040041,-1.75));
#7626 = CARTESIAN_POINT('',(0.298511094134,-1.75));
#7627 = CARTESIAN_POINT('',(0.266136557045,-1.75));
#7628 = CARTESIAN_POINT('',(0.201410940503,-1.75));
#7629 = CARTESIAN_POINT('',(0.169347728972,-1.75));
#7630 = CARTESIAN_POINT('',(0.138594109095,-1.75));
#7631 = CARTESIAN_POINT('',(0.108997600743,-1.75));
#7632 = CARTESIAN_POINT('',(8.043640506363E-02,-1.75));
#7633 = CARTESIAN_POINT('',(5.28071740245E-02,-1.75));
#7634 = CARTESIAN_POINT('',(2.602162736821E-02,-1.75));
#7635 = CARTESIAN_POINT('',(0.,-1.75));
#7636 = ( GEOMETRIC_REPRESENTATION_CONTEXT(2) 
PARAMETRIC_REPRESENTATION_CONTEXT() REPRESENTATION_CONTEXT('2D SPACE',''
  ) );
#7637 = PCURVE('',#7247,#7638);
#7638 = DEFINITIONAL_REPRESENTATION('',(#7639),#7691);
#7639 = B_SPLINE_CURVE_WITH_KNOTS('',8,(#7640,#7641,#7642,#7643,#7644,
    #7645,#7646,#7647,#7648,#7649,#7650,#7651,#7652,#7653,#7654,#7655,
    #7656,#7657,#7658,#7659,#7660,#7661,#7662,#7663,#7664,#7665,#7666,
    #7667,#7668,#7669,#7670,#7671,#7672,#7673,#7674,#7675,#7676,#7677,
    #7678,#7679,#7680,#7681,#7682,#7683,#7684,#7685,#7686,#7687,#7688,
    #7689,#7690),.UNSPECIFIED.,.F.,.F.,(9,7,7,7,7,7,7,9),(0.,
    4.866340150026E-02,0.137047936512,0.219529055153,0.26245526811,
    0.351482010787,0.663454587409,1.),.UNSPECIFIED.);
#7640 = CARTESIAN_POINT('',(-6.31125634182,4.623610143023));
#7641 = CARTESIAN_POINT('',(-6.260932454426,4.623610143023));
#7642 = CARTESIAN_POINT('',(-6.210618933027,4.622677549469));
#7643 = CARTESIAN_POINT('',(-6.160335873271,4.620784090598));
#7644 = CARTESIAN_POINT('',(-6.110105649493,4.617901727986));
#7645 = CARTESIAN_POINT('',(-6.059952868917,4.614003187017));
#7646 = CARTESIAN_POINT('',(-6.009904325847,4.60906248736));
#7647 = CARTESIAN_POINT('',(-5.959988955857,4.603055473442));
#7648 = CARTESIAN_POINT('',(-5.819877611175,4.583073871386));
#7649 = CARTESIAN_POINT('',(-5.730042351423,4.566595539726));
#7650 = CARTESIAN_POINT('',(-5.640938597803,4.546396099248));
#7651 = CARTESIAN_POINT('',(-5.552780247393,4.522374493144));
#7652 = CARTESIAN_POINT('',(-5.465785631066,4.49446717956));
#7653 = CARTESIAN_POINT('',(-5.380174637269,4.462657452654));
#7654 = CARTESIAN_POINT('',(-5.2961658358,4.426984763664));
#7655 = CARTESIAN_POINT('',(-5.137271185044,4.350756993318));
#7656 = CARTESIAN_POINT('',(-5.062132572125,4.31067847349));
#7657 = CARTESIAN_POINT('',(-4.988731645799,4.267400594165));
#7658 = CARTESIAN_POINT('',(-4.91720647417,4.221039181039));
#7659 = CARTESIAN_POINT('',(-4.847663014704,4.171738209722));
#7660 = CARTESIAN_POINT('',(-4.780178818455,4.119664241636));
#7661 = CARTESIAN_POINT('',(-4.71480673428,4.065000859922));
#7662 = CARTESIAN_POINT('',(-4.618672369301,3.978248147698));
#7663 = CARTESIAN_POINT('',(-4.586344310873,3.947902403319));
#7664 = CARTESIAN_POINT('',(-4.554597479756,3.916931825182));
#7665 = CARTESIAN_POINT('',(-4.523432872737,3.885362426527));
#7666 = CARTESIAN_POINT('',(-4.492849658886,3.853220063262));
#7667 = CARTESIAN_POINT('',(-4.462845397021,3.820530216372));
#7668 = CARTESIAN_POINT('',(-4.433416253166,3.787317774327));
#7669 = CARTESIAN_POINT('',(-4.344705073649,3.683692032644));
#7670 = CARTESIAN_POINT('',(-4.287308675649,3.611637175906));
#7671 = CARTESIAN_POINT('',(-4.232317661915,3.537652008842));
#7672 = CARTESIAN_POINT('',(-4.179664222331,3.461934758618));
#7673 = CARTESIAN_POINT('',(-4.129268854778,3.384668000255));
#7674 = CARTESIAN_POINT('',(-4.081044800374,3.306015497309));
#7675 = CARTESIAN_POINT('',(-4.034901157958,3.226119998967));
#7676 = CARTESIAN_POINT('',(-3.836009027972,2.86119408979));
#7677 = CARTESIAN_POINT('',(-3.70606127418,2.564210966825));
#7678 = CARTESIAN_POINT('',(-3.596120675509,2.258417788167));
#7679 = CARTESIAN_POINT('',(-3.503008321209,1.946835736649));
#7680 = CARTESIAN_POINT('',(-3.42407282406,1.63163005998));
#7681 = CARTESIAN_POINT('',(-3.357250659482,1.314078397676));
#7682 = CARTESIAN_POINT('',(-3.300831142418,0.994668190752));
#7683 = CARTESIAN_POINT('',(-3.202372647813,0.326170912608));
#7684 = CARTESIAN_POINT('',(-3.161945169892,-2.239080172519E-02));
#7685 = CARTESIAN_POINT('',(-3.130530871106,-0.372070711563));
#7686 = CARTESIAN_POINT('',(-3.106950097352,-0.722467022123));
#7687 = CARTESIAN_POINT('',(-3.090273381351,-1.073285530275));
#7688 = CARTESIAN_POINT('',(-3.079738963342,-1.424332719084));
#7689 = CARTESIAN_POINT('',(-3.074730064795,-1.775514031474));
#7690 = CARTESIAN_POINT('',(-3.074730064795,-2.126828847437));
#7691 = ( GEOMETRIC_REPRESENTATION_CONTEXT(2) 
PARAMETRIC_REPRESENTATION_CONTEXT() REPRESENTATION_CONTEXT('2D SPACE',''
  ) );
#7692 = ORIENTED_EDGE('',*,*,#7693,.F.);
#7693 = EDGE_CURVE('',#7021,#7527,#7694,.T.);
#7694 = SURFACE_CURVE('',#7695,(#7699,#7706),.PCURVE_S1.);
#7695 = LINE('',#7696,#7697);
#7696 = CARTESIAN_POINT('',(-130.6565443808,4.623610143023,6.31125634182
    ));
#7697 = VECTOR('',#7698,1.);
#7698 = DIRECTION('',(1.,-1.359631073447E-32,-1.110223024625E-16));
#7699 = PCURVE('',#7036,#7700);
#7700 = DEFINITIONAL_REPRESENTATION('',(#7701),#7705);
#7701 = LINE('',#7702,#7703);
#7702 = CARTESIAN_POINT('',(1.,0.));
#7703 = VECTOR('',#7704,1.);
#7704 = DIRECTION('',(0.,-1.));
#7705 = ( GEOMETRIC_REPRESENTATION_CONTEXT(2) 
PARAMETRIC_REPRESENTATION_CONTEXT() REPRESENTATION_CONTEXT('2D SPACE',''
  ) );
#7706 = PCURVE('',#7066,#7707);
#7707 = DEFINITIONAL_REPRESENTATION('',(#7708),#7712);
#7708 = LINE('',#7709,#7710);
#7709 = CARTESIAN_POINT('',(0.,0.));
#7710 = VECTOR('',#7711,1.);
#7711 = DIRECTION('',(0.,-1.));
#7712 = ( GEOMETRIC_REPRESENTATION_CONTEXT(2) 
PARAMETRIC_REPRESENTATION_CONTEXT() REPRESENTATION_CONTEXT('2D SPACE',''
  ) );
#7713 = ADVANCED_FACE('',(#7714),#7066,.F.);
#7714 = FACE_BOUND('',#7715,.F.);
#7715 = EDGE_LOOP('',(#7716,#7717,#7718,#7798));
#7716 = ORIENTED_EDGE('',*,*,#7050,.F.);
#7717 = ORIENTED_EDGE('',*,*,#7693,.T.);
#7718 = ORIENTED_EDGE('',*,*,#7719,.F.);
#7719 = EDGE_CURVE('',#7720,#7527,#7722,.T.);
#7720 = VERTEX_POINT('',#7721);
#7721 = CARTESIAN_POINT('',(-128.9065443808,2.959103389434,8.83106302569
    ));
#7722 = SURFACE_CURVE('',#7723,(#7746,#7772),.PCURVE_S1.);
#7723 = B_SPLINE_CURVE_WITH_KNOTS('',5,(#7724,#7725,#7726,#7727,#7728,
    #7729,#7730,#7731,#7732,#7733,#7734,#7735,#7736,#7737,#7738,#7739,
    #7740,#7741,#7742,#7743,#7744,#7745),.UNSPECIFIED.,.F.,.F.,(6,4,4,4,
    4,6),(0.,0.234196614338,0.350330610193,0.576937551385,0.84605072569,
    1.),.UNSPECIFIED.);
#7724 = CARTESIAN_POINT('',(-128.9065443808,2.959103389434,8.83106302569
    ));
#7725 = CARTESIAN_POINT('',(-128.9065443808,3.095704361667,
    8.764660075515));
#7726 = CARTESIAN_POINT('',(-128.9065443808,3.22918293526,8.692573214769
    ));
#7727 = CARTESIAN_POINT('',(-128.9065443808,3.358891551872,
    8.614303622494));
#7728 = CARTESIAN_POINT('',(-128.9065443808,3.483897682154,
    8.529359320816));
#7729 = CARTESIAN_POINT('',(-128.9065443808,3.662239303176,
    8.391869501583));
#7730 = CARTESIAN_POINT('',(-128.9065443808,3.719934693086,
    8.344580377937));
#7731 = CARTESIAN_POINT('',(-128.9065443808,3.776071137986,
    8.295547419213));
#7732 = CARTESIAN_POINT('',(-128.9065443808,3.830503990129,
    8.244753844722));
#7733 = CARTESIAN_POINT('',(-128.9065443808,3.985696893039,
    8.089684013357));
#7734 = CARTESIAN_POINT('',(-128.9065443808,4.081294367144,
    7.980470459112));
#7735 = CARTESIAN_POINT('',(-128.9065443808,4.168750977058,7.86469949954
    ));
#7736 = CARTESIAN_POINT('',(-128.9065443808,4.247102161135,
    7.742805798347));
#7737 = CARTESIAN_POINT('',(-128.9065443808,4.397477693371,
    7.464842956337));
#7738 = CARTESIAN_POINT('',(-128.9065443808,4.465599051857,
    7.306576035511));
#7739 = CARTESIAN_POINT('',(-128.9065443808,4.519319422273,
    7.142556545218));
#7740 = CARTESIAN_POINT('',(-128.9065443808,4.559157041352,
    6.974553567441));
#7741 = CARTESIAN_POINT('',(-128.9065443808,4.60160537272,6.706706646787
    ));
#7742 = CARTESIAN_POINT('',(-128.9065443808,4.612855207913,
    6.608438394316));
#7743 = CARTESIAN_POINT('',(-128.9065443808,4.620107180896,6.50963684678
    ));
#7744 = CARTESIAN_POINT('',(-128.9065443808,4.623610143023,
    6.410521293299));
#7745 = CARTESIAN_POINT('',(-128.9065443808,4.623610143023,6.31125634182
    ));
#7746 = PCURVE('',#7066,#7747);
#7747 = DEFINITIONAL_REPRESENTATION('',(#7748),#7771);
#7748 = B_SPLINE_CURVE_WITH_KNOTS('',5,(#7749,#7750,#7751,#7752,#7753,
    #7754,#7755,#7756,#7757,#7758,#7759,#7760,#7761,#7762,#7763,#7764,
    #7765,#7766,#7767,#7768,#7769,#7770),.UNSPECIFIED.,.F.,.F.,(6,4,4,4,
    4,6),(0.,0.234196614338,0.350330610193,0.576937551385,0.84605072569,
    1.),.UNSPECIFIED.);
#7749 = CARTESIAN_POINT('',(1.,-1.75));
#7750 = CARTESIAN_POINT('',(0.958966531094,-1.75));
#7751 = CARTESIAN_POINT('',(0.916766057463,-1.75));
#7752 = CARTESIAN_POINT('',(0.873355296428,-1.75));
#7753 = CARTESIAN_POINT('',(0.828738078692,-1.75));
#7754 = CARTESIAN_POINT('',(0.760319288512,-1.75));
#7755 = CARTESIAN_POINT('',(0.737363858681,-1.75));
#7756 = CARTESIAN_POINT('',(0.714145530674,-1.75));
#7757 = CARTESIAN_POINT('',(0.690682298729,-1.75));
#7758 = CARTESIAN_POINT('',(0.62078981636,-1.75));
#7759 = CARTESIAN_POINT('',(0.573734760069,-1.75));
#7760 = CARTESIAN_POINT('',(0.526051856644,-1.75));
#7761 = CARTESIAN_POINT('',(0.478020848666,-1.75));
#7762 = CARTESIAN_POINT('',(0.372971548226,-1.75));
#7763 = CARTESIAN_POINT('',(0.315928759199,-1.75));
#7764 = CARTESIAN_POINT('',(0.259484391693,-1.75));
#7765 = CARTESIAN_POINT('',(0.204073475835,-1.75));
#7766 = CARTESIAN_POINT('',(0.119066648686,-1.75));
#7767 = CARTESIAN_POINT('',(8.856363912355E-02,-1.75));
#7768 = CARTESIAN_POINT('',(5.853765153641E-02,-1.75));
#7769 = CARTESIAN_POINT('',(2.901338501728E-02,-1.75));
#7770 = CARTESIAN_POINT('',(0.,-1.75));
#7771 = ( GEOMETRIC_REPRESENTATION_CONTEXT(2) 
PARAMETRIC_REPRESENTATION_CONTEXT() REPRESENTATION_CONTEXT('2D SPACE',''
  ) );
#7772 = PCURVE('',#7247,#7773);
#7773 = DEFINITIONAL_REPRESENTATION('',(#7774),#7797);
#7774 = B_SPLINE_CURVE_WITH_KNOTS('',5,(#7775,#7776,#7777,#7778,#7779,
    #7780,#7781,#7782,#7783,#7784,#7785,#7786,#7787,#7788,#7789,#7790,
    #7791,#7792,#7793,#7794,#7795,#7796),.UNSPECIFIED.,.F.,.F.,(6,4,4,4,
    4,6),(0.,0.234196614338,0.350330610193,0.576937551385,0.84605072569,
    1.),.UNSPECIFIED.);
#7775 = CARTESIAN_POINT('',(-8.83106302569,2.959103389434));
#7776 = CARTESIAN_POINT('',(-8.764660075515,3.095704361667));
#7777 = CARTESIAN_POINT('',(-8.692573214769,3.22918293526));
#7778 = CARTESIAN_POINT('',(-8.614303622494,3.358891551872));
#7779 = CARTESIAN_POINT('',(-8.529359320816,3.483897682154));
#7780 = CARTESIAN_POINT('',(-8.391869501583,3.662239303176));
#7781 = CARTESIAN_POINT('',(-8.344580377937,3.719934693086));
#7782 = CARTESIAN_POINT('',(-8.295547419213,3.776071137986));
#7783 = CARTESIAN_POINT('',(-8.244753844722,3.830503990129));
#7784 = CARTESIAN_POINT('',(-8.089684013357,3.985696893039));
#7785 = CARTESIAN_POINT('',(-7.980470459112,4.081294367144));
#7786 = CARTESIAN_POINT('',(-7.86469949954,4.168750977058));
#7787 = CARTESIAN_POINT('',(-7.742805798347,4.247102161135));
#7788 = CARTESIAN_POINT('',(-7.464842956337,4.397477693371));
#7789 = CARTESIAN_POINT('',(-7.306576035511,4.465599051857));
#7790 = CARTESIAN_POINT('',(-7.142556545218,4.519319422273));
#7791 = CARTESIAN_POINT('',(-6.974553567441,4.559157041352));
#7792 = CARTESIAN_POINT('',(-6.706706646787,4.60160537272));
#7793 = CARTESIAN_POINT('',(-6.608438394316,4.612855207913));
#7794 = CARTESIAN_POINT('',(-6.50963684678,4.620107180896));
#7795 = CARTESIAN_POINT('',(-6.410521293299,4.623610143023));
#7796 = CARTESIAN_POINT('',(-6.31125634182,4.623610143023));
#7797 = ( GEOMETRIC_REPRESENTATION_CONTEXT(2) 
PARAMETRIC_REPRESENTATION_CONTEXT() REPRESENTATION_CONTEXT('2D SPACE',''
  ) );
#7798 = ORIENTED_EDGE('',*,*,#7799,.F.);
#7799 = EDGE_CURVE('',#7051,#7720,#7800,.T.);
#7800 = SURFACE_CURVE('',#7801,(#7805,#7812),.PCURVE_S1.);
#7801 = LINE('',#7802,#7803);
#7802 = CARTESIAN_POINT('',(-130.6565443808,2.959103389434,8.83106302569
    ));
#7803 = VECTOR('',#7804,1.);
#7804 = DIRECTION('',(1.,-1.359631073447E-32,-1.110223024625E-16));
#7805 = PCURVE('',#7066,#7806);
#7806 = DEFINITIONAL_REPRESENTATION('',(#7807),#7811);
#7807 = LINE('',#7808,#7809);
#7808 = CARTESIAN_POINT('',(1.,0.));
#7809 = VECTOR('',#7810,1.);
#7810 = DIRECTION('',(0.,-1.));
#7811 = ( GEOMETRIC_REPRESENTATION_CONTEXT(2) 
PARAMETRIC_REPRESENTATION_CONTEXT() REPRESENTATION_CONTEXT('2D SPACE',''
  ) );
#7812 = PCURVE('',#7094,#7813);
#7813 = DEFINITIONAL_REPRESENTATION('',(#7814),#7818);
#7814 = LINE('',#7815,#7816);
#7815 = CARTESIAN_POINT('',(0.,0.));
#7816 = VECTOR('',#7817,1.);
#7817 = DIRECTION('',(0.,-1.));
#7818 = ( GEOMETRIC_REPRESENTATION_CONTEXT(2) 
PARAMETRIC_REPRESENTATION_CONTEXT() REPRESENTATION_CONTEXT('2D SPACE',''
  ) );
#7819 = ADVANCED_FACE('',(#7820),#7094,.F.);
#7820 = FACE_BOUND('',#7821,.F.);
#7821 = EDGE_LOOP('',(#7822,#7823,#7824,#7896));
#7822 = ORIENTED_EDGE('',*,*,#7080,.F.);
#7823 = ORIENTED_EDGE('',*,*,#7799,.T.);
#7824 = ORIENTED_EDGE('',*,*,#7825,.F.);
#7825 = EDGE_CURVE('',#7113,#7720,#7826,.T.);
#7826 = SURFACE_CURVE('',#7827,(#7848,#7872),.PCURVE_S1.);
#7827 = B_SPLINE_CURVE_WITH_KNOTS('',7,(#7828,#7829,#7830,#7831,#7832,
    #7833,#7834,#7835,#7836,#7837,#7838,#7839,#7840,#7841,#7842,#7843,
    #7844,#7845,#7846,#7847),.UNSPECIFIED.,.F.,.F.,(8,6,6,8),(0.,
    0.382887575112,0.701702671648,1.),.UNSPECIFIED.);
#7828 = CARTESIAN_POINT('',(-128.9065443808,-2.196213083565,
    9.640194594947));
#7829 = CARTESIAN_POINT('',(-128.9065443808,-1.906220137248,
    9.640194594947));
#7830 = CARTESIAN_POINT('',(-128.9065443808,-1.616387809358,
    9.636937109515));
#7831 = CARTESIAN_POINT('',(-128.9065443808,-1.326757454109,
    9.630132294995));
#7832 = CARTESIAN_POINT('',(-128.9065443808,-1.037406983506,
    9.619435002824));
#7833 = CARTESIAN_POINT('',(-128.9065443808,-0.748451330355,
    9.60443777301));
#7834 = CARTESIAN_POINT('',(-128.9065443808,-0.460045277009,
    9.584640668863));
#7835 = CARTESIAN_POINT('',(-128.9065443808,6.713146340382E-02,
    9.53837935788));
#7836 = CARTESIAN_POINT('',(-128.9065443808,0.306096913946,
    9.513587804717));
#7837 = CARTESIAN_POINT('',(-128.9065443808,0.544418992609,
    9.484651135305));
#7838 = CARTESIAN_POINT('',(-128.9065443808,0.781931177039,
    9.451122495417));
#7839 = CARTESIAN_POINT('',(-128.9065443808,1.018388317606,9.41247409927
    ));
#7840 = CARTESIAN_POINT('',(-128.9065443808,1.253457583066,
    9.368054308703));
#7841 = CARTESIAN_POINT('',(-128.9065443808,1.704934048849,
    9.269246896481));
#7842 = CARTESIAN_POINT('',(-128.9065443808,1.921437734538,
    9.215713154066));
#7843 = CARTESIAN_POINT('',(-128.9065443808,2.135979888561,
    9.155689365402));
#7844 = CARTESIAN_POINT('',(-128.9065443808,2.348029973365,
    9.088329971799));
#7845 = CARTESIAN_POINT('',(-128.9065443808,2.55674337022,9.012626116912
    ));
#7846 = CARTESIAN_POINT('',(-128.9065443808,2.760953967551,
    8.927385225843));
#7847 = CARTESIAN_POINT('',(-128.9065443808,2.959103389434,8.83106302569
    ));
#7848 = PCURVE('',#7094,#7849);
#7849 = DEFINITIONAL_REPRESENTATION('',(#7850),#7871);
#7850 = B_SPLINE_CURVE_WITH_KNOTS('',7,(#7851,#7852,#7853,#7854,#7855,
    #7856,#7857,#7858,#7859,#7860,#7861,#7862,#7863,#7864,#7865,#7866,
    #7867,#7868,#7869,#7870),.UNSPECIFIED.,.F.,.F.,(8,6,6,8),(0.,
    0.382887575112,0.701702671648,1.),.UNSPECIFIED.);
#7851 = CARTESIAN_POINT('',(1.,-1.75));
#7852 = CARTESIAN_POINT('',(0.958463369587,-1.75));
#7853 = CARTESIAN_POINT('',(0.915896619912,-1.75));
#7854 = CARTESIAN_POINT('',(0.872211969589,-1.75));
#7855 = CARTESIAN_POINT('',(0.827308993784,-1.75));
#7856 = CARTESIAN_POINT('',(0.781072425366,-1.75));
#7857 = CARTESIAN_POINT('',(0.733362807832,-1.75));
#7858 = CARTESIAN_POINT('',(0.642897573681,-1.75));
#7859 = CARTESIAN_POINT('',(0.600654819183,-1.75));
#7860 = CARTESIAN_POINT('',(0.557164126141,-1.75));
#7861 = CARTESIAN_POINT('',(0.512304880847,-1.75));
#7862 = CARTESIAN_POINT('',(0.465941566956,-1.75));
#7863 = CARTESIAN_POINT('',(0.417911186326,-1.75));
#7864 = CARTESIAN_POINT('',(0.321300914236,-1.75));
#7865 = CARTESIAN_POINT('',(0.272983256812,-1.75));
#7866 = CARTESIAN_POINT('',(0.222848363589,-1.75));
#7867 = CARTESIAN_POINT('',(0.170698861216,-1.75));
#7868 = CARTESIAN_POINT('',(0.116329570076,-1.75));
#7869 = CARTESIAN_POINT('',(5.952196392583E-02,-1.75));
#7870 = CARTESIAN_POINT('',(0.,-1.75));
#7871 = ( GEOMETRIC_REPRESENTATION_CONTEXT(2) 
PARAMETRIC_REPRESENTATION_CONTEXT() REPRESENTATION_CONTEXT('2D SPACE',''
  ) );
#7872 = PCURVE('',#7247,#7873);
#7873 = DEFINITIONAL_REPRESENTATION('',(#7874),#7895);
#7874 = B_SPLINE_CURVE_WITH_KNOTS('',7,(#7875,#7876,#7877,#7878,#7879,
    #7880,#7881,#7882,#7883,#7884,#7885,#7886,#7887,#7888,#7889,#7890,
    #7891,#7892,#7893,#7894),.UNSPECIFIED.,.F.,.F.,(8,6,6,8),(0.,
    0.382887575112,0.701702671648,1.),.UNSPECIFIED.);
#7875 = CARTESIAN_POINT('',(-9.640194594947,-2.196213083565));
#7876 = CARTESIAN_POINT('',(-9.640194594947,-1.906220137248));
#7877 = CARTESIAN_POINT('',(-9.636937109515,-1.616387809358));
#7878 = CARTESIAN_POINT('',(-9.630132294995,-1.326757454109));
#7879 = CARTESIAN_POINT('',(-9.619435002824,-1.037406983506));
#7880 = CARTESIAN_POINT('',(-9.60443777301,-0.748451330355));
#7881 = CARTESIAN_POINT('',(-9.584640668863,-0.460045277009));
#7882 = CARTESIAN_POINT('',(-9.53837935788,6.713146340382E-02));
#7883 = CARTESIAN_POINT('',(-9.513587804717,0.306096913946));
#7884 = CARTESIAN_POINT('',(-9.484651135305,0.544418992609));
#7885 = CARTESIAN_POINT('',(-9.451122495417,0.781931177039));
#7886 = CARTESIAN_POINT('',(-9.41247409927,1.018388317606));
#7887 = CARTESIAN_POINT('',(-9.368054308703,1.253457583066));
#7888 = CARTESIAN_POINT('',(-9.269246896481,1.704934048849));
#7889 = CARTESIAN_POINT('',(-9.215713154066,1.921437734538));
#7890 = CARTESIAN_POINT('',(-9.155689365402,2.135979888561));
#7891 = CARTESIAN_POINT('',(-9.088329971799,2.348029973365));
#7892 = CARTESIAN_POINT('',(-9.012626116912,2.55674337022));
#7893 = CARTESIAN_POINT('',(-8.927385225843,2.760953967551));
#7894 = CARTESIAN_POINT('',(-8.83106302569,2.959103389434));
#7895 = ( GEOMETRIC_REPRESENTATION_CONTEXT(2) 
PARAMETRIC_REPRESENTATION_CONTEXT() REPRESENTATION_CONTEXT('2D SPACE',''
  ) );
#7896 = ORIENTED_EDGE('',*,*,#7112,.F.);
#7897 = ADVANCED_FACE('',(#7898),#7247,.T.);
#7898 = FACE_BOUND('',#7899,.T.);
#7899 = EDGE_LOOP('',(#7900,#7901,#7902,#7903,#7904));
#7900 = ORIENTED_EDGE('',*,*,#7135,.F.);
#7901 = ORIENTED_EDGE('',*,*,#7333,.F.);
#7902 = ORIENTED_EDGE('',*,*,#7526,.F.);
#7903 = ORIENTED_EDGE('',*,*,#7719,.F.);
#7904 = ORIENTED_EDGE('',*,*,#7825,.F.);
#7905 = ( GEOMETRIC_REPRESENTATION_CONTEXT(3) 
GLOBAL_UNCERTAINTY_ASSIGNED_CONTEXT((#7909)) 
GLOBAL_UNIT_ASSIGNED_CONTEXT((#7906,#7907,#7908)) REPRESENTATION_CONTEXT
('Context #1','3D Context with UNIT and UNCERTAINTY') );
#7906 = ( LENGTH_UNIT() NAMED_UNIT(*) SI_UNIT(.MILLI.,.METRE.) );
#7907 = ( NAMED_UNIT(*) PLANE_ANGLE_UNIT() SI_UNIT($,.RADIAN.) );
#7908 = ( NAMED_UNIT(*) SI_UNIT($,.STERADIAN.) SOLID_ANGLE_UNIT() );
#7909 = UNCERTAINTY_MEASURE_WITH_UNIT(LENGTH_MEASURE(1.E-06),#7906,
  'distance_accuracy_value','confusion accuracy');
#7910 = CONTEXT_DEPENDENT_SHAPE_REPRESENTATION(#7911,#7913);
#7911 = ( REPRESENTATION_RELATIONSHIP('','',#32,#10) 
REPRESENTATION_RELATIONSHIP_WITH_TRANSFORMATION(#7912) 
SHAPE_REPRESENTATION_RELATIONSHIP() );
#7912 = ITEM_DEFINED_TRANSFORMATION('','',#11,#15);
#7913 = PRODUCT_DEFINITION_SHAPE('Placement','Placement of an item',
  #7914);
#7914 = NEXT_ASSEMBLY_USAGE_OCCURRENCE('1','=>[0:1:1:2]','',#5,#27,$);
#7915 = PRODUCT_RELATED_PRODUCT_CATEGORY('part',$,(#29));
ENDSEC;
END-ISO-10303-21;
