ISO-10303-21;
HEADER;
FILE_DESCRIPTION(('Open CASCADE Model'),'2;1');
FILE_NAME('mancuerna_40lb','2000-01-01T00:00:00',('Author'),(
    'Open CASCADE'),'Open CASCADE STEP processor 7.9','cadgen','Unknown'
  );
FILE_SCHEMA(('AUTOMOTIVE_DESIGN { 1 0 10303 214 1 1 1 1 }'));
ENDSEC;
DATA;
#1 = APPLICATION_PROTOCOL_DEFINITION('international standard',
  'automotive_design',2000,#2);
#2 = APPLICATION_CONTEXT(
  'core data for automotive mechanical design processes');
#3 = SHAPE_DEFINITION_REPRESENTATION(#4,#10);
#4 = PRODUCT_DEFINITION_SHAPE('','',#5);
#5 = PRODUCT_DEFINITION('design','',#6,#9);
#6 = PRODUCT_DEFINITION_FORMATION('','',#7);
#7 = PRODUCT('=>[0:1:1:2]','=>[0:1:1:2]','',(#8));
#8 = PRODUCT_CONTEXT('',#2,'mechanical');
#9 = PRODUCT_DEFINITION_CONTEXT('part definition',#2,'design');
#10 = SHAPE_REPRESENTATION('',(#11,#15),#19);
#11 = AXIS2_PLACEMENT_3D('',#12,#13,#14);
#12 = CARTESIAN_POINT('',(0.,0.,0.));
#13 = DIRECTION('',(0.,0.,1.));
#14 = DIRECTION('',(1.,0.,-0.));
#15 = AXIS2_PLACEMENT_3D('',#16,#17,#18);
#16 = CARTESIAN_POINT('',(0.,0.,0.));
#17 = DIRECTION('',(0.,0.,1.));
#18 = DIRECTION('',(1.,0.,0.));
#19 = ( GEOMETRIC_REPRESENTATION_CONTEXT(3) 
GLOBAL_UNCERTAINTY_ASSIGNED_CONTEXT((#23)) GLOBAL_UNIT_ASSIGNED_CONTEXT(
(#20,#21,#22)) REPRESENTATION_CONTEXT('Context #1',
  '3D Context with UNIT and UNCERTAINTY') );
#20 = ( LENGTH_UNIT() NAMED_UNIT(*) SI_UNIT(.MILLI.,.METRE.) );
#21 = ( NAMED_UNIT(*) PLANE_ANGLE_UNIT() SI_UNIT($,.RADIAN.) );
#22 = ( NAMED_UNIT(*) SI_UNIT($,.STERADIAN.) SOLID_ANGLE_UNIT() );
#23 = UNCERTAINTY_MEASURE_WITH_UNIT(LENGTH_MEASURE(1.E-06),#20,
  'distance_accuracy_value','confusion accuracy');
#24 = PRODUCT_RELATED_PRODUCT_CATEGORY('part',$,(#7));
#25 = SHAPE_DEFINITION_REPRESENTATION(#26,#32);
#26 = PRODUCT_DEFINITION_SHAPE('','',#27);
#27 = PRODUCT_DEFINITION('design','',#28,#31);
#28 = PRODUCT_DEFINITION_FORMATION('','',#29);
#29 = PRODUCT('mancuerna_40lb','mancuerna_40lb','',(#30));
#30 = PRODUCT_CONTEXT('',#2,'mechanical');
#31 = PRODUCT_DEFINITION_CONTEXT('part definition',#2,'design');
#32 = ADVANCED_BREP_SHAPE_REPRESENTATION('',(#11,#33),#8671);
#33 = BREP_WITH_VOIDS('',#34,(#4963));
#34 = CLOSED_SHELL('',(#35,#123,#158,#193,#252,#307,#481,#655,#731,#780,
    #829,#878,#927,#954,#1030,#1079,#1128,#1177,#1226,#1253,#1262,#1377,
    #1453,#1502,#1551,#1578,#2697,#2773,#2822,#2871,#2920,#2969,#3018,
    #3067,#3116,#3165,#3214,#3241,#3317,#3366,#3415,#3464,#3513,#3562,
    #3611,#3660,#3709,#3736,#3836,#4001,#4075,#4122,#4147,#4367,#4557,
    #4750,#4871,#4949,#4955));
#35 = ADVANCED_FACE('',(#36),#49,.T.);
#36 = FACE_BOUND('',#37,.T.);
#37 = EDGE_LOOP('',(#38,#72,#95,#122));
#38 = ORIENTED_EDGE('',*,*,#39,.T.);
#39 = EDGE_CURVE('',#40,#40,#42,.T.);
#40 = VERTEX_POINT('',#41);
#41 = CARTESIAN_POINT('',(-55.,-4.163799117101E-15,-17.));
#42 = SURFACE_CURVE('',#43,(#48,#60),.PCURVE_S1.);
#43 = CIRCLE('',#44,17.);
#44 = AXIS2_PLACEMENT_3D('',#45,#46,#47);
#45 = CARTESIAN_POINT('',(-55.,0.,-1.221245327088E-14));
#46 = DIRECTION('',(1.,0.,2.22044604925E-16));
#47 = DIRECTION('',(2.22044604925E-16,0.,-1.));
#48 = PCURVE('',#49,#54);
#49 = CYLINDRICAL_SURFACE('',#50,17.);
#50 = AXIS2_PLACEMENT_3D('',#51,#52,#53);
#51 = CARTESIAN_POINT('',(-75.,0.,-1.665334536938E-14));
#52 = DIRECTION('',(1.,0.,2.22044604925E-16));
#53 = DIRECTION('',(2.22044604925E-16,0.,-1.));
#54 = DEFINITIONAL_REPRESENTATION('',(#55),#59);
#55 = LINE('',#56,#57);
#56 = CARTESIAN_POINT('',(0.,20.));
#57 = VECTOR('',#58,1.);
#58 = DIRECTION('',(1.,0.));
#59 = ( GEOMETRIC_REPRESENTATION_CONTEXT(2) 
PARAMETRIC_REPRESENTATION_CONTEXT() REPRESENTATION_CONTEXT('2D SPACE',''
  ) );
#60 = PCURVE('',#61,#66);
#61 = PLANE('',#62);
#62 = AXIS2_PLACEMENT_3D('',#63,#64,#65);
#63 = CARTESIAN_POINT('',(-55.,0.,2.22044604925E-15));
#64 = DIRECTION('',(1.,0.,2.22044604925E-16));
#65 = DIRECTION('',(2.22044604925E-16,0.,-1.));
#66 = DEFINITIONAL_REPRESENTATION('',(#67),#71);
#67 = CIRCLE('',#68,17.);
#68 = AXIS2_PLACEMENT_2D('',#69,#70);
#69 = CARTESIAN_POINT('',(1.443289932013E-14,0.));
#70 = DIRECTION('',(1.,0.));
#71 = ( GEOMETRIC_REPRESENTATION_CONTEXT(2) 
PARAMETRIC_REPRESENTATION_CONTEXT() REPRESENTATION_CONTEXT('2D SPACE',''
  ) );
#72 = ORIENTED_EDGE('',*,*,#73,.T.);
#73 = EDGE_CURVE('',#40,#74,#76,.T.);
#74 = VERTEX_POINT('',#75);
#75 = CARTESIAN_POINT('',(55.,-4.163799117101E-15,-17.));
#76 = SEAM_CURVE('',#77,(#81,#88),.PCURVE_S1.);
#77 = LINE('',#78,#79);
#78 = CARTESIAN_POINT('',(-75.,-4.163799117101E-15,-17.));
#79 = VECTOR('',#80,1.);
#80 = DIRECTION('',(1.,0.,2.22044604925E-16));
#81 = PCURVE('',#49,#82);
#82 = DEFINITIONAL_REPRESENTATION('',(#83),#87);
#83 = LINE('',#84,#85);
#84 = CARTESIAN_POINT('',(0.,-0.));
#85 = VECTOR('',#86,1.);
#86 = DIRECTION('',(0.,1.));
#87 = ( GEOMETRIC_REPRESENTATION_CONTEXT(2) 
PARAMETRIC_REPRESENTATION_CONTEXT() REPRESENTATION_CONTEXT('2D SPACE',''
  ) );
#88 = PCURVE('',#49,#89);
#89 = DEFINITIONAL_REPRESENTATION('',(#90),#94);
#90 = LINE('',#91,#92);
#91 = CARTESIAN_POINT('',(6.28318530718,-0.));
#92 = VECTOR('',#93,1.);
#93 = DIRECTION('',(0.,1.));
#94 = ( GEOMETRIC_REPRESENTATION_CONTEXT(2) 
PARAMETRIC_REPRESENTATION_CONTEXT() REPRESENTATION_CONTEXT('2D SPACE',''
  ) );
#95 = ORIENTED_EDGE('',*,*,#96,.F.);
#96 = EDGE_CURVE('',#74,#74,#97,.T.);
#97 = SURFACE_CURVE('',#98,(#103,#110),.PCURVE_S1.);
#98 = CIRCLE('',#99,17.);
#99 = AXIS2_PLACEMENT_3D('',#100,#101,#102);
#100 = CARTESIAN_POINT('',(55.,0.,1.221245327088E-14));
#101 = DIRECTION('',(1.,0.,2.22044604925E-16));
#102 = DIRECTION('',(2.22044604925E-16,0.,-1.));
#103 = PCURVE('',#49,#104);
#104 = DEFINITIONAL_REPRESENTATION('',(#105),#109);
#105 = LINE('',#106,#107);
#106 = CARTESIAN_POINT('',(0.,130.));
#107 = VECTOR('',#108,1.);
#108 = DIRECTION('',(1.,0.));
#109 = ( GEOMETRIC_REPRESENTATION_CONTEXT(2) 
PARAMETRIC_REPRESENTATION_CONTEXT() REPRESENTATION_CONTEXT('2D SPACE',''
  ) );
#110 = PCURVE('',#111,#116);
#111 = PLANE('',#112);
#112 = AXIS2_PLACEMENT_3D('',#113,#114,#115);
#113 = CARTESIAN_POINT('',(55.,0.,-2.22044604925E-15));
#114 = DIRECTION('',(1.,0.,2.22044604925E-16));
#115 = DIRECTION('',(2.22044604925E-16,0.,-1.));
#116 = DEFINITIONAL_REPRESENTATION('',(#117),#121);
#117 = CIRCLE('',#118,17.);
#118 = AXIS2_PLACEMENT_2D('',#119,#120);
#119 = CARTESIAN_POINT('',(-1.443289932013E-14,0.));
#120 = DIRECTION('',(1.,0.));
#121 = ( GEOMETRIC_REPRESENTATION_CONTEXT(2) 
PARAMETRIC_REPRESENTATION_CONTEXT() REPRESENTATION_CONTEXT('2D SPACE',''
  ) );
#122 = ORIENTED_EDGE('',*,*,#73,.F.);
#123 = ADVANCED_FACE('',(#124,#155),#61,.T.);
#124 = FACE_BOUND('',#125,.T.);
#125 = EDGE_LOOP('',(#126));
#126 = ORIENTED_EDGE('',*,*,#127,.T.);
#127 = EDGE_CURVE('',#128,#128,#130,.T.);
#128 = VERTEX_POINT('',#129);
#129 = CARTESIAN_POINT('',(-55.,-5.143516556419E-15,-21.));
#130 = SURFACE_CURVE('',#131,(#136,#143),.PCURVE_S1.);
#131 = CIRCLE('',#132,21.);
#132 = AXIS2_PLACEMENT_3D('',#133,#134,#135);
#133 = CARTESIAN_POINT('',(-55.,0.,2.22044604925E-15));
#134 = DIRECTION('',(1.,-0.,2.22044604925E-16));
#135 = DIRECTION('',(2.22044604925E-16,0.,-1.));
#136 = PCURVE('',#61,#137);
#137 = DEFINITIONAL_REPRESENTATION('',(#138),#142);
#138 = CIRCLE('',#139,21.);
#139 = AXIS2_PLACEMENT_2D('',#140,#141);
#140 = CARTESIAN_POINT('',(0.,0.));
#141 = DIRECTION('',(1.,0.));
#142 = ( GEOMETRIC_REPRESENTATION_CONTEXT(2) 
PARAMETRIC_REPRESENTATION_CONTEXT() REPRESENTATION_CONTEXT('2D SPACE',''
  ) );
#143 = PCURVE('',#144,#149);
#144 = CYLINDRICAL_SURFACE('',#145,21.);
#145 = AXIS2_PLACEMENT_3D('',#146,#147,#148);
#146 = CARTESIAN_POINT('',(-75.,0.,-2.22044604925E-15));
#147 = DIRECTION('',(1.,0.,2.22044604925E-16));
#148 = DIRECTION('',(2.22044604925E-16,0.,-1.));
#149 = DEFINITIONAL_REPRESENTATION('',(#150),#154);
#150 = LINE('',#151,#152);
#151 = CARTESIAN_POINT('',(0.,20.));
#152 = VECTOR('',#153,1.);
#153 = DIRECTION('',(1.,0.));
#154 = ( GEOMETRIC_REPRESENTATION_CONTEXT(2) 
PARAMETRIC_REPRESENTATION_CONTEXT() REPRESENTATION_CONTEXT('2D SPACE',''
  ) );
#155 = FACE_BOUND('',#156,.T.);
#156 = EDGE_LOOP('',(#157));
#157 = ORIENTED_EDGE('',*,*,#39,.F.);
#158 = ADVANCED_FACE('',(#159,#190),#111,.F.);
#159 = FACE_BOUND('',#160,.F.);
#160 = EDGE_LOOP('',(#161));
#161 = ORIENTED_EDGE('',*,*,#162,.T.);
#162 = EDGE_CURVE('',#163,#163,#165,.T.);
#163 = VERTEX_POINT('',#164);
#164 = CARTESIAN_POINT('',(55.,-5.143516556419E-15,-21.));
#165 = SURFACE_CURVE('',#166,(#171,#178),.PCURVE_S1.);
#166 = CIRCLE('',#167,21.);
#167 = AXIS2_PLACEMENT_3D('',#168,#169,#170);
#168 = CARTESIAN_POINT('',(55.,0.,-2.22044604925E-15));
#169 = DIRECTION('',(1.,-0.,2.22044604925E-16));
#170 = DIRECTION('',(2.22044604925E-16,0.,-1.));
#171 = PCURVE('',#111,#172);
#172 = DEFINITIONAL_REPRESENTATION('',(#173),#177);
#173 = CIRCLE('',#174,21.);
#174 = AXIS2_PLACEMENT_2D('',#175,#176);
#175 = CARTESIAN_POINT('',(0.,0.));
#176 = DIRECTION('',(1.,0.));
#177 = ( GEOMETRIC_REPRESENTATION_CONTEXT(2) 
PARAMETRIC_REPRESENTATION_CONTEXT() REPRESENTATION_CONTEXT('2D SPACE',''
  ) );
#178 = PCURVE('',#179,#184);
#179 = CYLINDRICAL_SURFACE('',#180,21.);
#180 = AXIS2_PLACEMENT_3D('',#181,#182,#183);
#181 = CARTESIAN_POINT('',(55.,0.,-2.22044604925E-15));
#182 = DIRECTION('',(1.,0.,2.22044604925E-16));
#183 = DIRECTION('',(2.22044604925E-16,0.,-1.));
#184 = DEFINITIONAL_REPRESENTATION('',(#185),#189);
#185 = LINE('',#186,#187);
#186 = CARTESIAN_POINT('',(0.,0.));
#187 = VECTOR('',#188,1.);
#188 = DIRECTION('',(1.,0.));
#189 = ( GEOMETRIC_REPRESENTATION_CONTEXT(2) 
PARAMETRIC_REPRESENTATION_CONTEXT() REPRESENTATION_CONTEXT('2D SPACE',''
  ) );
#190 = FACE_BOUND('',#191,.F.);
#191 = EDGE_LOOP('',(#192));
#192 = ORIENTED_EDGE('',*,*,#96,.F.);
#193 = ADVANCED_FACE('',(#194),#144,.T.);
#194 = FACE_BOUND('',#195,.T.);
#195 = EDGE_LOOP('',(#196,#219,#220,#221));
#196 = ORIENTED_EDGE('',*,*,#197,.T.);
#197 = EDGE_CURVE('',#198,#128,#200,.T.);
#198 = VERTEX_POINT('',#199);
#199 = CARTESIAN_POINT('',(-65.,-5.143516556419E-15,-21.));
#200 = SEAM_CURVE('',#201,(#205,#212),.PCURVE_S1.);
#201 = LINE('',#202,#203);
#202 = CARTESIAN_POINT('',(-75.,-5.143516556419E-15,-21.));
#203 = VECTOR('',#204,1.);
#204 = DIRECTION('',(1.,0.,2.22044604925E-16));
#205 = PCURVE('',#144,#206);
#206 = DEFINITIONAL_REPRESENTATION('',(#207),#211);
#207 = LINE('',#208,#209);
#208 = CARTESIAN_POINT('',(6.28318530718,-0.));
#209 = VECTOR('',#210,1.);
#210 = DIRECTION('',(0.,1.));
#211 = ( GEOMETRIC_REPRESENTATION_CONTEXT(2) 
PARAMETRIC_REPRESENTATION_CONTEXT() REPRESENTATION_CONTEXT('2D SPACE',''
  ) );
#212 = PCURVE('',#144,#213);
#213 = DEFINITIONAL_REPRESENTATION('',(#214),#218);
#214 = LINE('',#215,#216);
#215 = CARTESIAN_POINT('',(0.,-0.));
#216 = VECTOR('',#217,1.);
#217 = DIRECTION('',(0.,1.));
#218 = ( GEOMETRIC_REPRESENTATION_CONTEXT(2) 
PARAMETRIC_REPRESENTATION_CONTEXT() REPRESENTATION_CONTEXT('2D SPACE',''
  ) );
#219 = ORIENTED_EDGE('',*,*,#127,.F.);
#220 = ORIENTED_EDGE('',*,*,#197,.F.);
#221 = ORIENTED_EDGE('',*,*,#222,.T.);
#222 = EDGE_CURVE('',#198,#198,#223,.T.);
#223 = SURFACE_CURVE('',#224,(#229,#236),.PCURVE_S1.);
#224 = CIRCLE('',#225,21.);
#225 = AXIS2_PLACEMENT_3D('',#226,#227,#228);
#226 = CARTESIAN_POINT('',(-65.,0.,0.));
#227 = DIRECTION('',(1.,0.,2.22044604925E-16));
#228 = DIRECTION('',(2.22044604925E-16,0.,-1.));
#229 = PCURVE('',#144,#230);
#230 = DEFINITIONAL_REPRESENTATION('',(#231),#235);
#231 = LINE('',#232,#233);
#232 = CARTESIAN_POINT('',(0.,10.));
#233 = VECTOR('',#234,1.);
#234 = DIRECTION('',(1.,0.));
#235 = ( GEOMETRIC_REPRESENTATION_CONTEXT(2) 
PARAMETRIC_REPRESENTATION_CONTEXT() REPRESENTATION_CONTEXT('2D SPACE',''
  ) );
#236 = PCURVE('',#237,#242);
#237 = PLANE('',#238);
#238 = AXIS2_PLACEMENT_3D('',#239,#240,#241);
#239 = CARTESIAN_POINT('',(-65.,-2.790206794783E-15,-1.860137863189E-15)
  );
#240 = DIRECTION('',(-1.,0.,1.110223024625E-16));
#241 = DIRECTION('',(1.110223024625E-16,0.,1.));
#242 = DEFINITIONAL_REPRESENTATION('',(#243),#251);
#243 = ( BOUNDED_CURVE() B_SPLINE_CURVE(2,(#244,#245,#246,#247,#248,#249
,#250),.UNSPECIFIED.,.T.,.F.) B_SPLINE_CURVE_WITH_KNOTS((1,2,2,2,2,1),(
    -2.094395102393,0.,2.094395102393,4.188790204786,6.28318530718,
8.377580409573),.UNSPECIFIED.) CURVE() GEOMETRIC_REPRESENTATION_ITEM() 
RATIONAL_B_SPLINE_CURVE((1.,0.5,1.,0.5,1.,0.5,1.)) REPRESENTATION_ITEM(
  '') );
#244 = CARTESIAN_POINT('',(-21.,2.790206794783E-15));
#245 = CARTESIAN_POINT('',(-21.,36.373066958946));
#246 = CARTESIAN_POINT('',(10.5,18.186533479473));
#247 = CARTESIAN_POINT('',(42.,7.933723351202E-15));
#248 = CARTESIAN_POINT('',(10.5,-18.18653347947));
#249 = CARTESIAN_POINT('',(-21.,-36.37306695894));
#250 = CARTESIAN_POINT('',(-21.,2.790206794783E-15));
#251 = ( GEOMETRIC_REPRESENTATION_CONTEXT(2) 
PARAMETRIC_REPRESENTATION_CONTEXT() REPRESENTATION_CONTEXT('2D SPACE',''
  ) );
#252 = ADVANCED_FACE('',(#253),#179,.T.);
#253 = FACE_BOUND('',#254,.T.);
#254 = EDGE_LOOP('',(#255,#284,#305,#306));
#255 = ORIENTED_EDGE('',*,*,#256,.F.);
#256 = EDGE_CURVE('',#257,#257,#259,.T.);
#257 = VERTEX_POINT('',#258);
#258 = CARTESIAN_POINT('',(65.,-5.143516556419E-15,-21.));
#259 = SURFACE_CURVE('',#260,(#265,#272),.PCURVE_S1.);
#260 = CIRCLE('',#261,21.);
#261 = AXIS2_PLACEMENT_3D('',#262,#263,#264);
#262 = CARTESIAN_POINT('',(65.,0.,0.));
#263 = DIRECTION('',(1.,0.,2.22044604925E-16));
#264 = DIRECTION('',(2.22044604925E-16,0.,-1.));
#265 = PCURVE('',#179,#266);
#266 = DEFINITIONAL_REPRESENTATION('',(#267),#271);
#267 = LINE('',#268,#269);
#268 = CARTESIAN_POINT('',(0.,10.));
#269 = VECTOR('',#270,1.);
#270 = DIRECTION('',(1.,0.));
#271 = ( GEOMETRIC_REPRESENTATION_CONTEXT(2) 
PARAMETRIC_REPRESENTATION_CONTEXT() REPRESENTATION_CONTEXT('2D SPACE',''
  ) );
#272 = PCURVE('',#273,#278);
#273 = PLANE('',#274);
#274 = AXIS2_PLACEMENT_3D('',#275,#276,#277);
#275 = CARTESIAN_POINT('',(65.,-2.790206794783E-15,1.860137863189E-15));
#276 = DIRECTION('',(1.,0.,1.110223024625E-16));
#277 = DIRECTION('',(1.110223024625E-16,0.,-1.));
#278 = DEFINITIONAL_REPRESENTATION('',(#279),#283);
#279 = CIRCLE('',#280,21.);
#280 = AXIS2_PLACEMENT_2D('',#281,#282);
#281 = CARTESIAN_POINT('',(1.860137863189E-15,2.790206794783E-15));
#282 = DIRECTION('',(1.,0.));
#283 = ( GEOMETRIC_REPRESENTATION_CONTEXT(2) 
PARAMETRIC_REPRESENTATION_CONTEXT() REPRESENTATION_CONTEXT('2D SPACE',''
  ) );
#284 = ORIENTED_EDGE('',*,*,#285,.F.);
#285 = EDGE_CURVE('',#163,#257,#286,.T.);
#286 = SEAM_CURVE('',#287,(#291,#298),.PCURVE_S1.);
#287 = LINE('',#288,#289);
#288 = CARTESIAN_POINT('',(55.,-5.143516556419E-15,-21.));
#289 = VECTOR('',#290,1.);
#290 = DIRECTION('',(1.,0.,2.22044604925E-16));
#291 = PCURVE('',#179,#292);
#292 = DEFINITIONAL_REPRESENTATION('',(#293),#297);
#293 = LINE('',#294,#295);
#294 = CARTESIAN_POINT('',(6.28318530718,-0.));
#295 = VECTOR('',#296,1.);
#296 = DIRECTION('',(0.,1.));
#297 = ( GEOMETRIC_REPRESENTATION_CONTEXT(2) 
PARAMETRIC_REPRESENTATION_CONTEXT() REPRESENTATION_CONTEXT('2D SPACE',''
  ) );
#298 = PCURVE('',#179,#299);
#299 = DEFINITIONAL_REPRESENTATION('',(#300),#304);
#300 = LINE('',#301,#302);
#301 = CARTESIAN_POINT('',(0.,-0.));
#302 = VECTOR('',#303,1.);
#303 = DIRECTION('',(0.,1.));
#304 = ( GEOMETRIC_REPRESENTATION_CONTEXT(2) 
PARAMETRIC_REPRESENTATION_CONTEXT() REPRESENTATION_CONTEXT('2D SPACE',''
  ) );
#305 = ORIENTED_EDGE('',*,*,#162,.T.);
#306 = ORIENTED_EDGE('',*,*,#285,.T.);
#307 = ADVANCED_FACE('',(#308,#478),#237,.F.);
#308 = FACE_BOUND('',#309,.F.);
#309 = EDGE_LOOP('',(#310,#340,#368,#396,#424,#452));
#310 = ORIENTED_EDGE('',*,*,#311,.T.);
#311 = EDGE_CURVE('',#312,#314,#316,.T.);
#312 = VERTEX_POINT('',#313);
#313 = CARTESIAN_POINT('',(-65.,0.,81.489900988115));
#314 = VERTEX_POINT('',#315);
#315 = CARTESIAN_POINT('',(-65.,70.572324407586,40.744950494057));
#316 = SURFACE_CURVE('',#317,(#321,#328),.PCURVE_S1.);
#317 = LINE('',#318,#319);
#318 = CARTESIAN_POINT('',(-65.,0.,81.489900988115));
#319 = VECTOR('',#320,1.);
#320 = DIRECTION('',(-5.551115123126E-17,0.866025403784,-0.5));
#321 = PCURVE('',#237,#322);
#322 = DEFINITIONAL_REPRESENTATION('',(#323),#327);
#323 = LINE('',#324,#325);
#324 = CARTESIAN_POINT('',(81.489900988115,2.790206794783E-15));
#325 = VECTOR('',#326,1.);
#326 = DIRECTION('',(-0.5,0.866025403784));
#327 = ( GEOMETRIC_REPRESENTATION_CONTEXT(2) 
PARAMETRIC_REPRESENTATION_CONTEXT() REPRESENTATION_CONTEXT('2D SPACE',''
  ) );
#328 = PCURVE('',#329,#334);
#329 = PLANE('',#330);
#330 = AXIS2_PLACEMENT_3D('',#331,#332,#333);
#331 = CARTESIAN_POINT('',(-65.,0.,81.489900988115));
#332 = DIRECTION('',(-9.614813431918E-17,-0.5,-0.866025403784));
#333 = DIRECTION('',(-5.551115123126E-17,0.866025403784,-0.5));
#334 = DEFINITIONAL_REPRESENTATION('',(#335),#339);
#335 = LINE('',#336,#337);
#336 = CARTESIAN_POINT('',(0.,0.));
#337 = VECTOR('',#338,1.);
#338 = DIRECTION('',(1.,0.));
#339 = ( GEOMETRIC_REPRESENTATION_CONTEXT(2) 
PARAMETRIC_REPRESENTATION_CONTEXT() REPRESENTATION_CONTEXT('2D SPACE',''
  ) );
#340 = ORIENTED_EDGE('',*,*,#341,.T.);
#341 = EDGE_CURVE('',#314,#342,#344,.T.);
#342 = VERTEX_POINT('',#343);
#343 = CARTESIAN_POINT('',(-65.,70.572324407586,-40.74495049405));
#344 = SURFACE_CURVE('',#345,(#349,#356),.PCURVE_S1.);
#345 = LINE('',#346,#347);
#346 = CARTESIAN_POINT('',(-65.,70.572324407586,40.744950494057));
#347 = VECTOR('',#348,1.);
#348 = DIRECTION('',(-1.110223024625E-16,0.,-1.));
#349 = PCURVE('',#237,#350);
#350 = DEFINITIONAL_REPRESENTATION('',(#351),#355);
#351 = LINE('',#352,#353);
#352 = CARTESIAN_POINT('',(40.744950494057,70.572324407586));
#353 = VECTOR('',#354,1.);
#354 = DIRECTION('',(-1.,0.));
#355 = ( GEOMETRIC_REPRESENTATION_CONTEXT(2) 
PARAMETRIC_REPRESENTATION_CONTEXT() REPRESENTATION_CONTEXT('2D SPACE',''
  ) );
#356 = PCURVE('',#357,#362);
#357 = PLANE('',#358);
#358 = AXIS2_PLACEMENT_3D('',#359,#360,#361);
#359 = CARTESIAN_POINT('',(-65.,70.572324407586,40.744950494057));
#360 = DIRECTION('',(0.,-1.,0.));
#361 = DIRECTION('',(-1.110223024625E-16,0.,-1.));
#362 = DEFINITIONAL_REPRESENTATION('',(#363),#367);
#363 = LINE('',#364,#365);
#364 = CARTESIAN_POINT('',(0.,-0.));
#365 = VECTOR('',#366,1.);
#366 = DIRECTION('',(1.,0.));
#367 = ( GEOMETRIC_REPRESENTATION_CONTEXT(2) 
PARAMETRIC_REPRESENTATION_CONTEXT() REPRESENTATION_CONTEXT('2D SPACE',''
  ) );
#368 = ORIENTED_EDGE('',*,*,#369,.T.);
#369 = EDGE_CURVE('',#342,#370,#372,.T.);
#370 = VERTEX_POINT('',#371);
#371 = CARTESIAN_POINT('',(-65.,9.979634640793E-15,-81.48990098811));
#372 = SURFACE_CURVE('',#373,(#377,#384),.PCURVE_S1.);
#373 = LINE('',#374,#375);
#374 = CARTESIAN_POINT('',(-65.,70.572324407586,-40.74495049405));
#375 = VECTOR('',#376,1.);
#376 = DIRECTION('',(-5.551115123126E-17,-0.866025403784,-0.5));
#377 = PCURVE('',#237,#378);
#378 = DEFINITIONAL_REPRESENTATION('',(#379),#383);
#379 = LINE('',#380,#381);
#380 = CARTESIAN_POINT('',(-40.74495049405,70.572324407586));
#381 = VECTOR('',#382,1.);
#382 = DIRECTION('',(-0.5,-0.866025403784));
#383 = ( GEOMETRIC_REPRESENTATION_CONTEXT(2) 
PARAMETRIC_REPRESENTATION_CONTEXT() REPRESENTATION_CONTEXT('2D SPACE',''
  ) );
#384 = PCURVE('',#385,#390);
#385 = PLANE('',#386);
#386 = AXIS2_PLACEMENT_3D('',#387,#388,#389);
#387 = CARTESIAN_POINT('',(-65.,70.572324407586,-40.74495049405));
#388 = DIRECTION('',(9.614813431918E-17,-0.5,0.866025403784));
#389 = DIRECTION('',(-5.551115123126E-17,-0.866025403784,-0.5));
#390 = DEFINITIONAL_REPRESENTATION('',(#391),#395);
#391 = LINE('',#392,#393);
#392 = CARTESIAN_POINT('',(0.,0.));
#393 = VECTOR('',#394,1.);
#394 = DIRECTION('',(1.,0.));
#395 = ( GEOMETRIC_REPRESENTATION_CONTEXT(2) 
PARAMETRIC_REPRESENTATION_CONTEXT() REPRESENTATION_CONTEXT('2D SPACE',''
  ) );
#396 = ORIENTED_EDGE('',*,*,#397,.T.);
#397 = EDGE_CURVE('',#370,#398,#400,.T.);
#398 = VERTEX_POINT('',#399);
#399 = CARTESIAN_POINT('',(-65.,-70.57232440758,-40.74495049405));
#400 = SURFACE_CURVE('',#401,(#405,#412),.PCURVE_S1.);
#401 = LINE('',#402,#403);
#402 = CARTESIAN_POINT('',(-65.,9.979634640793E-15,-81.48990098811));
#403 = VECTOR('',#404,1.);
#404 = DIRECTION('',(5.551115123126E-17,-0.866025403784,0.5));
#405 = PCURVE('',#237,#406);
#406 = DEFINITIONAL_REPRESENTATION('',(#407),#411);
#407 = LINE('',#408,#409);
#408 = CARTESIAN_POINT('',(-81.48990098811,1.276984143558E-14));
#409 = VECTOR('',#410,1.);
#410 = DIRECTION('',(0.5,-0.866025403784));
#411 = ( GEOMETRIC_REPRESENTATION_CONTEXT(2) 
PARAMETRIC_REPRESENTATION_CONTEXT() REPRESENTATION_CONTEXT('2D SPACE',''
  ) );
#412 = PCURVE('',#413,#418);
#413 = PLANE('',#414);
#414 = AXIS2_PLACEMENT_3D('',#415,#416,#417);
#415 = CARTESIAN_POINT('',(-65.,9.979634640793E-15,-81.48990098811));
#416 = DIRECTION('',(9.614813431918E-17,0.5,0.866025403784));
#417 = DIRECTION('',(5.551115123126E-17,-0.866025403784,0.5));
#418 = DEFINITIONAL_REPRESENTATION('',(#419),#423);
#419 = LINE('',#420,#421);
#420 = CARTESIAN_POINT('',(0.,0.));
#421 = VECTOR('',#422,1.);
#422 = DIRECTION('',(1.,0.));
#423 = ( GEOMETRIC_REPRESENTATION_CONTEXT(2) 
PARAMETRIC_REPRESENTATION_CONTEXT() REPRESENTATION_CONTEXT('2D SPACE',''
  ) );
#424 = ORIENTED_EDGE('',*,*,#425,.T.);
#425 = EDGE_CURVE('',#398,#426,#428,.T.);
#426 = VERTEX_POINT('',#427);
#427 = CARTESIAN_POINT('',(-65.,-70.57232440758,40.744950494057));
#428 = SURFACE_CURVE('',#429,(#433,#440),.PCURVE_S1.);
#429 = LINE('',#430,#431);
#430 = CARTESIAN_POINT('',(-65.,-70.57232440758,-40.74495049405));
#431 = VECTOR('',#432,1.);
#432 = DIRECTION('',(1.110223024625E-16,-1.743879246739E-16,1.));
#433 = PCURVE('',#237,#434);
#434 = DEFINITIONAL_REPRESENTATION('',(#435),#439);
#435 = LINE('',#436,#437);
#436 = CARTESIAN_POINT('',(-40.74495049405,-70.57232440758));
#437 = VECTOR('',#438,1.);
#438 = DIRECTION('',(1.,-1.743879246739E-16));
#439 = ( GEOMETRIC_REPRESENTATION_CONTEXT(2) 
PARAMETRIC_REPRESENTATION_CONTEXT() REPRESENTATION_CONTEXT('2D SPACE',''
  ) );
#440 = PCURVE('',#441,#446);
#441 = PLANE('',#442);
#442 = AXIS2_PLACEMENT_3D('',#443,#444,#445);
#443 = CARTESIAN_POINT('',(-65.,-70.57232440758,-40.74495049405));
#444 = DIRECTION('',(1.936094891896E-32,1.,1.743879246739E-16));
#445 = DIRECTION('',(1.110223024625E-16,-1.743879246739E-16,1.));
#446 = DEFINITIONAL_REPRESENTATION('',(#447),#451);
#447 = LINE('',#448,#449);
#448 = CARTESIAN_POINT('',(0.,0.));
#449 = VECTOR('',#450,1.);
#450 = DIRECTION('',(1.,0.));
#451 = ( GEOMETRIC_REPRESENTATION_CONTEXT(2) 
PARAMETRIC_REPRESENTATION_CONTEXT() REPRESENTATION_CONTEXT('2D SPACE',''
  ) );
#452 = ORIENTED_EDGE('',*,*,#453,.T.);
#453 = EDGE_CURVE('',#426,#312,#454,.T.);
#454 = SURFACE_CURVE('',#455,(#459,#466),.PCURVE_S1.);
#455 = LINE('',#456,#457);
#456 = CARTESIAN_POINT('',(-65.,-70.57232440758,40.744950494057));
#457 = VECTOR('',#458,1.);
#458 = DIRECTION('',(5.551115123126E-17,0.866025403784,0.5));
#459 = PCURVE('',#237,#460);
#460 = DEFINITIONAL_REPRESENTATION('',(#461),#465);
#461 = LINE('',#462,#463);
#462 = CARTESIAN_POINT('',(40.744950494057,-70.57232440758));
#463 = VECTOR('',#464,1.);
#464 = DIRECTION('',(0.5,0.866025403784));
#465 = ( GEOMETRIC_REPRESENTATION_CONTEXT(2) 
PARAMETRIC_REPRESENTATION_CONTEXT() REPRESENTATION_CONTEXT('2D SPACE',''
  ) );
#466 = PCURVE('',#467,#472);
#467 = PLANE('',#468);
#468 = AXIS2_PLACEMENT_3D('',#469,#470,#471);
#469 = CARTESIAN_POINT('',(-65.,-70.57232440758,40.744950494057));
#470 = DIRECTION('',(-9.614813431918E-17,0.5,-0.866025403784));
#471 = DIRECTION('',(5.551115123126E-17,0.866025403784,0.5));
#472 = DEFINITIONAL_REPRESENTATION('',(#473),#477);
#473 = LINE('',#474,#475);
#474 = CARTESIAN_POINT('',(0.,0.));
#475 = VECTOR('',#476,1.);
#476 = DIRECTION('',(1.,0.));
#477 = ( GEOMETRIC_REPRESENTATION_CONTEXT(2) 
PARAMETRIC_REPRESENTATION_CONTEXT() REPRESENTATION_CONTEXT('2D SPACE',''
  ) );
#478 = FACE_BOUND('',#479,.F.);
#479 = EDGE_LOOP('',(#480));
#480 = ORIENTED_EDGE('',*,*,#222,.T.);
#481 = ADVANCED_FACE('',(#482,#652),#273,.F.);
#482 = FACE_BOUND('',#483,.F.);
#483 = EDGE_LOOP('',(#484,#514,#542,#570,#598,#626));
#484 = ORIENTED_EDGE('',*,*,#485,.T.);
#485 = EDGE_CURVE('',#486,#488,#490,.T.);
#486 = VERTEX_POINT('',#487);
#487 = CARTESIAN_POINT('',(65.,0.,-81.48990098811));
#488 = VERTEX_POINT('',#489);
#489 = CARTESIAN_POINT('',(65.,70.572324407586,-40.74495049405));
#490 = SURFACE_CURVE('',#491,(#495,#502),.PCURVE_S1.);
#491 = LINE('',#492,#493);
#492 = CARTESIAN_POINT('',(65.,0.,-81.48990098811));
#493 = VECTOR('',#494,1.);
#494 = DIRECTION('',(-5.551115123126E-17,0.866025403784,0.5));
#495 = PCURVE('',#273,#496);
#496 = DEFINITIONAL_REPRESENTATION('',(#497),#501);
#497 = LINE('',#498,#499);
#498 = CARTESIAN_POINT('',(81.489900988115,2.790206794783E-15));
#499 = VECTOR('',#500,1.);
#500 = DIRECTION('',(-0.5,0.866025403784));
#501 = ( GEOMETRIC_REPRESENTATION_CONTEXT(2) 
PARAMETRIC_REPRESENTATION_CONTEXT() REPRESENTATION_CONTEXT('2D SPACE',''
  ) );
#502 = PCURVE('',#503,#508);
#503 = PLANE('',#504);
#504 = AXIS2_PLACEMENT_3D('',#505,#506,#507);
#505 = CARTESIAN_POINT('',(65.,0.,-81.48990098811));
#506 = DIRECTION('',(-9.614813431918E-17,-0.5,0.866025403784));
#507 = DIRECTION('',(-5.551115123126E-17,0.866025403784,0.5));
#508 = DEFINITIONAL_REPRESENTATION('',(#509),#513);
#509 = LINE('',#510,#511);
#510 = CARTESIAN_POINT('',(0.,0.));
#511 = VECTOR('',#512,1.);
#512 = DIRECTION('',(1.,0.));
#513 = ( GEOMETRIC_REPRESENTATION_CONTEXT(2) 
PARAMETRIC_REPRESENTATION_CONTEXT() REPRESENTATION_CONTEXT('2D SPACE',''
  ) );
#514 = ORIENTED_EDGE('',*,*,#515,.T.);
#515 = EDGE_CURVE('',#488,#516,#518,.T.);
#516 = VERTEX_POINT('',#517);
#517 = CARTESIAN_POINT('',(65.,70.572324407586,40.744950494057));
#518 = SURFACE_CURVE('',#519,(#523,#530),.PCURVE_S1.);
#519 = LINE('',#520,#521);
#520 = CARTESIAN_POINT('',(65.,70.572324407586,-40.74495049405));
#521 = VECTOR('',#522,1.);
#522 = DIRECTION('',(-1.110223024625E-16,0.,1.));
#523 = PCURVE('',#273,#524);
#524 = DEFINITIONAL_REPRESENTATION('',(#525),#529);
#525 = LINE('',#526,#527);
#526 = CARTESIAN_POINT('',(40.744950494057,70.572324407586));
#527 = VECTOR('',#528,1.);
#528 = DIRECTION('',(-1.,0.));
#529 = ( GEOMETRIC_REPRESENTATION_CONTEXT(2) 
PARAMETRIC_REPRESENTATION_CONTEXT() REPRESENTATION_CONTEXT('2D SPACE',''
  ) );
#530 = PCURVE('',#531,#536);
#531 = PLANE('',#532);
#532 = AXIS2_PLACEMENT_3D('',#533,#534,#535);
#533 = CARTESIAN_POINT('',(65.,70.572324407586,-40.74495049405));
#534 = DIRECTION('',(0.,-1.,0.));
#535 = DIRECTION('',(-1.110223024625E-16,0.,1.));
#536 = DEFINITIONAL_REPRESENTATION('',(#537),#541);
#537 = LINE('',#538,#539);
#538 = CARTESIAN_POINT('',(0.,-0.));
#539 = VECTOR('',#540,1.);
#540 = DIRECTION('',(1.,0.));
#541 = ( GEOMETRIC_REPRESENTATION_CONTEXT(2) 
PARAMETRIC_REPRESENTATION_CONTEXT() REPRESENTATION_CONTEXT('2D SPACE',''
  ) );
#542 = ORIENTED_EDGE('',*,*,#543,.T.);
#543 = EDGE_CURVE('',#516,#544,#546,.T.);
#544 = VERTEX_POINT('',#545);
#545 = CARTESIAN_POINT('',(65.,9.979634640793E-15,81.489900988115));
#546 = SURFACE_CURVE('',#547,(#551,#558),.PCURVE_S1.);
#547 = LINE('',#548,#549);
#548 = CARTESIAN_POINT('',(65.,70.572324407586,40.744950494057));
#549 = VECTOR('',#550,1.);
#550 = DIRECTION('',(-5.551115123126E-17,-0.866025403784,0.5));
#551 = PCURVE('',#273,#552);
#552 = DEFINITIONAL_REPRESENTATION('',(#553),#557);
#553 = LINE('',#554,#555);
#554 = CARTESIAN_POINT('',(-40.74495049405,70.572324407586));
#555 = VECTOR('',#556,1.);
#556 = DIRECTION('',(-0.5,-0.866025403784));
#557 = ( GEOMETRIC_REPRESENTATION_CONTEXT(2) 
PARAMETRIC_REPRESENTATION_CONTEXT() REPRESENTATION_CONTEXT('2D SPACE',''
  ) );
#558 = PCURVE('',#559,#564);
#559 = PLANE('',#560);
#560 = AXIS2_PLACEMENT_3D('',#561,#562,#563);
#561 = CARTESIAN_POINT('',(65.,70.572324407586,40.744950494057));
#562 = DIRECTION('',(9.614813431918E-17,-0.5,-0.866025403784));
#563 = DIRECTION('',(-5.551115123126E-17,-0.866025403784,0.5));
#564 = DEFINITIONAL_REPRESENTATION('',(#565),#569);
#565 = LINE('',#566,#567);
#566 = CARTESIAN_POINT('',(0.,0.));
#567 = VECTOR('',#568,1.);
#568 = DIRECTION('',(1.,0.));
#569 = ( GEOMETRIC_REPRESENTATION_CONTEXT(2) 
PARAMETRIC_REPRESENTATION_CONTEXT() REPRESENTATION_CONTEXT('2D SPACE',''
  ) );
#570 = ORIENTED_EDGE('',*,*,#571,.T.);
#571 = EDGE_CURVE('',#544,#572,#574,.T.);
#572 = VERTEX_POINT('',#573);
#573 = CARTESIAN_POINT('',(65.,-70.57232440758,40.744950494057));
#574 = SURFACE_CURVE('',#575,(#579,#586),.PCURVE_S1.);
#575 = LINE('',#576,#577);
#576 = CARTESIAN_POINT('',(65.,9.979634640793E-15,81.489900988115));
#577 = VECTOR('',#578,1.);
#578 = DIRECTION('',(5.551115123126E-17,-0.866025403784,-0.5));
#579 = PCURVE('',#273,#580);
#580 = DEFINITIONAL_REPRESENTATION('',(#581),#585);
#581 = LINE('',#582,#583);
#582 = CARTESIAN_POINT('',(-81.48990098811,1.276984143558E-14));
#583 = VECTOR('',#584,1.);
#584 = DIRECTION('',(0.5,-0.866025403784));
#585 = ( GEOMETRIC_REPRESENTATION_CONTEXT(2) 
PARAMETRIC_REPRESENTATION_CONTEXT() REPRESENTATION_CONTEXT('2D SPACE',''
  ) );
#586 = PCURVE('',#587,#592);
#587 = PLANE('',#588);
#588 = AXIS2_PLACEMENT_3D('',#589,#590,#591);
#589 = CARTESIAN_POINT('',(65.,9.979634640793E-15,81.489900988115));
#590 = DIRECTION('',(9.614813431918E-17,0.5,-0.866025403784));
#591 = DIRECTION('',(5.551115123126E-17,-0.866025403784,-0.5));
#592 = DEFINITIONAL_REPRESENTATION('',(#593),#597);
#593 = LINE('',#594,#595);
#594 = CARTESIAN_POINT('',(0.,0.));
#595 = VECTOR('',#596,1.);
#596 = DIRECTION('',(1.,0.));
#597 = ( GEOMETRIC_REPRESENTATION_CONTEXT(2) 
PARAMETRIC_REPRESENTATION_CONTEXT() REPRESENTATION_CONTEXT('2D SPACE',''
  ) );
#598 = ORIENTED_EDGE('',*,*,#599,.T.);
#599 = EDGE_CURVE('',#572,#600,#602,.T.);
#600 = VERTEX_POINT('',#601);
#601 = CARTESIAN_POINT('',(65.,-70.57232440758,-40.74495049405));
#602 = SURFACE_CURVE('',#603,(#607,#614),.PCURVE_S1.);
#603 = LINE('',#604,#605);
#604 = CARTESIAN_POINT('',(65.,-70.57232440758,40.744950494057));
#605 = VECTOR('',#606,1.);
#606 = DIRECTION('',(1.110223024625E-16,-1.743879246739E-16,-1.));
#607 = PCURVE('',#273,#608);
#608 = DEFINITIONAL_REPRESENTATION('',(#609),#613);
#609 = LINE('',#610,#611);
#610 = CARTESIAN_POINT('',(-40.74495049405,-70.57232440758));
#611 = VECTOR('',#612,1.);
#612 = DIRECTION('',(1.,-1.743879246739E-16));
#613 = ( GEOMETRIC_REPRESENTATION_CONTEXT(2) 
PARAMETRIC_REPRESENTATION_CONTEXT() REPRESENTATION_CONTEXT('2D SPACE',''
  ) );
#614 = PCURVE('',#615,#620);
#615 = PLANE('',#616);
#616 = AXIS2_PLACEMENT_3D('',#617,#618,#619);
#617 = CARTESIAN_POINT('',(65.,-70.57232440758,40.744950494057));
#618 = DIRECTION('',(1.936094891896E-32,1.,-1.743879246739E-16));
#619 = DIRECTION('',(1.110223024625E-16,-1.743879246739E-16,-1.));
#620 = DEFINITIONAL_REPRESENTATION('',(#621),#625);
#621 = LINE('',#622,#623);
#622 = CARTESIAN_POINT('',(0.,0.));
#623 = VECTOR('',#624,1.);
#624 = DIRECTION('',(1.,0.));
#625 = ( GEOMETRIC_REPRESENTATION_CONTEXT(2) 
PARAMETRIC_REPRESENTATION_CONTEXT() REPRESENTATION_CONTEXT('2D SPACE',''
  ) );
#626 = ORIENTED_EDGE('',*,*,#627,.T.);
#627 = EDGE_CURVE('',#600,#486,#628,.T.);
#628 = SURFACE_CURVE('',#629,(#633,#640),.PCURVE_S1.);
#629 = LINE('',#630,#631);
#630 = CARTESIAN_POINT('',(65.,-70.57232440758,-40.74495049405));
#631 = VECTOR('',#632,1.);
#632 = DIRECTION('',(5.551115123126E-17,0.866025403784,-0.5));
#633 = PCURVE('',#273,#634);
#634 = DEFINITIONAL_REPRESENTATION('',(#635),#639);
#635 = LINE('',#636,#637);
#636 = CARTESIAN_POINT('',(40.744950494057,-70.57232440758));
#637 = VECTOR('',#638,1.);
#638 = DIRECTION('',(0.5,0.866025403784));
#639 = ( GEOMETRIC_REPRESENTATION_CONTEXT(2) 
PARAMETRIC_REPRESENTATION_CONTEXT() REPRESENTATION_CONTEXT('2D SPACE',''
  ) );
#640 = PCURVE('',#641,#646);
#641 = PLANE('',#642);
#642 = AXIS2_PLACEMENT_3D('',#643,#644,#645);
#643 = CARTESIAN_POINT('',(65.,-70.57232440758,-40.74495049405));
#644 = DIRECTION('',(-9.614813431918E-17,0.5,0.866025403784));
#645 = DIRECTION('',(5.551115123126E-17,0.866025403784,-0.5));
#646 = DEFINITIONAL_REPRESENTATION('',(#647),#651);
#647 = LINE('',#648,#649);
#648 = CARTESIAN_POINT('',(0.,0.));
#649 = VECTOR('',#650,1.);
#650 = DIRECTION('',(1.,0.));
#651 = ( GEOMETRIC_REPRESENTATION_CONTEXT(2) 
PARAMETRIC_REPRESENTATION_CONTEXT() REPRESENTATION_CONTEXT('2D SPACE',''
  ) );
#652 = FACE_BOUND('',#653,.F.);
#653 = EDGE_LOOP('',(#654));
#654 = ORIENTED_EDGE('',*,*,#256,.F.);
#655 = ADVANCED_FACE('',(#656),#329,.F.);
#656 = FACE_BOUND('',#657,.F.);
#657 = EDGE_LOOP('',(#658,#681,#709,#730));
#658 = ORIENTED_EDGE('',*,*,#659,.T.);
#659 = EDGE_CURVE('',#312,#660,#662,.T.);
#660 = VERTEX_POINT('',#661);
#661 = CARTESIAN_POINT('',(-174.7791713006,0.,81.489900988115));
#662 = SURFACE_CURVE('',#663,(#667,#674),.PCURVE_S1.);
#663 = LINE('',#664,#665);
#664 = CARTESIAN_POINT('',(-65.,0.,81.489900988115));
#665 = VECTOR('',#666,1.);
#666 = DIRECTION('',(-1.,0.,1.110223024625E-16));
#667 = PCURVE('',#329,#668);
#668 = DEFINITIONAL_REPRESENTATION('',(#669),#673);
#669 = LINE('',#670,#671);
#670 = CARTESIAN_POINT('',(0.,0.));
#671 = VECTOR('',#672,1.);
#672 = DIRECTION('',(0.,-1.));
#673 = ( GEOMETRIC_REPRESENTATION_CONTEXT(2) 
PARAMETRIC_REPRESENTATION_CONTEXT() REPRESENTATION_CONTEXT('2D SPACE',''
  ) );
#674 = PCURVE('',#467,#675);
#675 = DEFINITIONAL_REPRESENTATION('',(#676),#680);
#676 = LINE('',#677,#678);
#677 = CARTESIAN_POINT('',(81.489900988115,0.));
#678 = VECTOR('',#679,1.);
#679 = DIRECTION('',(0.,-1.));
#680 = ( GEOMETRIC_REPRESENTATION_CONTEXT(2) 
PARAMETRIC_REPRESENTATION_CONTEXT() REPRESENTATION_CONTEXT('2D SPACE',''
  ) );
#681 = ORIENTED_EDGE('',*,*,#682,.T.);
#682 = EDGE_CURVE('',#660,#683,#685,.T.);
#683 = VERTEX_POINT('',#684);
#684 = CARTESIAN_POINT('',(-174.7791713006,70.572324407586,
    40.744950494057));
#685 = SURFACE_CURVE('',#686,(#690,#697),.PCURVE_S1.);
#686 = LINE('',#687,#688);
#687 = CARTESIAN_POINT('',(-174.7791713006,0.,81.489900988115));
#688 = VECTOR('',#689,1.);
#689 = DIRECTION('',(-5.551115123126E-17,0.866025403784,-0.5));
#690 = PCURVE('',#329,#691);
#691 = DEFINITIONAL_REPRESENTATION('',(#692),#696);
#692 = LINE('',#693,#694);
#693 = CARTESIAN_POINT('',(0.,-109.7791713006));
#694 = VECTOR('',#695,1.);
#695 = DIRECTION('',(1.,0.));
#696 = ( GEOMETRIC_REPRESENTATION_CONTEXT(2) 
PARAMETRIC_REPRESENTATION_CONTEXT() REPRESENTATION_CONTEXT('2D SPACE',''
  ) );
#697 = PCURVE('',#698,#703);
#698 = PLANE('',#699);
#699 = AXIS2_PLACEMENT_3D('',#700,#701,#702);
#700 = CARTESIAN_POINT('',(-174.7791713006,-2.790206794783E-15,
    1.032779849704E-14));
#701 = DIRECTION('',(-1.,0.,1.110223024625E-16));
#702 = DIRECTION('',(1.110223024625E-16,0.,1.));
#703 = DEFINITIONAL_REPRESENTATION('',(#704),#708);
#704 = LINE('',#705,#706);
#705 = CARTESIAN_POINT('',(81.489900988115,2.790206794783E-15));
#706 = VECTOR('',#707,1.);
#707 = DIRECTION('',(-0.5,0.866025403784));
#708 = ( GEOMETRIC_REPRESENTATION_CONTEXT(2) 
PARAMETRIC_REPRESENTATION_CONTEXT() REPRESENTATION_CONTEXT('2D SPACE',''
  ) );
#709 = ORIENTED_EDGE('',*,*,#710,.F.);
#710 = EDGE_CURVE('',#314,#683,#711,.T.);
#711 = SURFACE_CURVE('',#712,(#716,#723),.PCURVE_S1.);
#712 = LINE('',#713,#714);
#713 = CARTESIAN_POINT('',(-65.,70.572324407586,40.744950494057));
#714 = VECTOR('',#715,1.);
#715 = DIRECTION('',(-1.,0.,1.110223024625E-16));
#716 = PCURVE('',#329,#717);
#717 = DEFINITIONAL_REPRESENTATION('',(#718),#722);
#718 = LINE('',#719,#720);
#719 = CARTESIAN_POINT('',(81.489900988115,0.));
#720 = VECTOR('',#721,1.);
#721 = DIRECTION('',(0.,-1.));
#722 = ( GEOMETRIC_REPRESENTATION_CONTEXT(2) 
PARAMETRIC_REPRESENTATION_CONTEXT() REPRESENTATION_CONTEXT('2D SPACE',''
  ) );
#723 = PCURVE('',#357,#724);
#724 = DEFINITIONAL_REPRESENTATION('',(#725),#729);
#725 = LINE('',#726,#727);
#726 = CARTESIAN_POINT('',(0.,-0.));
#727 = VECTOR('',#728,1.);
#728 = DIRECTION('',(0.,-1.));
#729 = ( GEOMETRIC_REPRESENTATION_CONTEXT(2) 
PARAMETRIC_REPRESENTATION_CONTEXT() REPRESENTATION_CONTEXT('2D SPACE',''
  ) );
#730 = ORIENTED_EDGE('',*,*,#311,.F.);
#731 = ADVANCED_FACE('',(#732),#467,.F.);
#732 = FACE_BOUND('',#733,.F.);
#733 = EDGE_LOOP('',(#734,#757,#778,#779));
#734 = ORIENTED_EDGE('',*,*,#735,.T.);
#735 = EDGE_CURVE('',#426,#736,#738,.T.);
#736 = VERTEX_POINT('',#737);
#737 = CARTESIAN_POINT('',(-174.7791713006,-70.57232440758,
    40.744950494057));
#738 = SURFACE_CURVE('',#739,(#743,#750),.PCURVE_S1.);
#739 = LINE('',#740,#741);
#740 = CARTESIAN_POINT('',(-65.,-70.57232440758,40.744950494057));
#741 = VECTOR('',#742,1.);
#742 = DIRECTION('',(-1.,0.,1.110223024625E-16));
#743 = PCURVE('',#467,#744);
#744 = DEFINITIONAL_REPRESENTATION('',(#745),#749);
#745 = LINE('',#746,#747);
#746 = CARTESIAN_POINT('',(0.,0.));
#747 = VECTOR('',#748,1.);
#748 = DIRECTION('',(0.,-1.));
#749 = ( GEOMETRIC_REPRESENTATION_CONTEXT(2) 
PARAMETRIC_REPRESENTATION_CONTEXT() REPRESENTATION_CONTEXT('2D SPACE',''
  ) );
#750 = PCURVE('',#441,#751);
#751 = DEFINITIONAL_REPRESENTATION('',(#752),#756);
#752 = LINE('',#753,#754);
#753 = CARTESIAN_POINT('',(81.489900988115,0.));
#754 = VECTOR('',#755,1.);
#755 = DIRECTION('',(0.,-1.));
#756 = ( GEOMETRIC_REPRESENTATION_CONTEXT(2) 
PARAMETRIC_REPRESENTATION_CONTEXT() REPRESENTATION_CONTEXT('2D SPACE',''
  ) );
#757 = ORIENTED_EDGE('',*,*,#758,.T.);
#758 = EDGE_CURVE('',#736,#660,#759,.T.);
#759 = SURFACE_CURVE('',#760,(#764,#771),.PCURVE_S1.);
#760 = LINE('',#761,#762);
#761 = CARTESIAN_POINT('',(-174.7791713006,-70.57232440758,
    40.744950494057));
#762 = VECTOR('',#763,1.);
#763 = DIRECTION('',(5.551115123126E-17,0.866025403784,0.5));
#764 = PCURVE('',#467,#765);
#765 = DEFINITIONAL_REPRESENTATION('',(#766),#770);
#766 = LINE('',#767,#768);
#767 = CARTESIAN_POINT('',(0.,-109.7791713006));
#768 = VECTOR('',#769,1.);
#769 = DIRECTION('',(1.,0.));
#770 = ( GEOMETRIC_REPRESENTATION_CONTEXT(2) 
PARAMETRIC_REPRESENTATION_CONTEXT() REPRESENTATION_CONTEXT('2D SPACE',''
  ) );
#771 = PCURVE('',#698,#772);
#772 = DEFINITIONAL_REPRESENTATION('',(#773),#777);
#773 = LINE('',#774,#775);
#774 = CARTESIAN_POINT('',(40.744950494057,-70.57232440758));
#775 = VECTOR('',#776,1.);
#776 = DIRECTION('',(0.5,0.866025403784));
#777 = ( GEOMETRIC_REPRESENTATION_CONTEXT(2) 
PARAMETRIC_REPRESENTATION_CONTEXT() REPRESENTATION_CONTEXT('2D SPACE',''
  ) );
#778 = ORIENTED_EDGE('',*,*,#659,.F.);
#779 = ORIENTED_EDGE('',*,*,#453,.F.);
#780 = ADVANCED_FACE('',(#781),#357,.F.);
#781 = FACE_BOUND('',#782,.F.);
#782 = EDGE_LOOP('',(#783,#784,#807,#828));
#783 = ORIENTED_EDGE('',*,*,#710,.T.);
#784 = ORIENTED_EDGE('',*,*,#785,.T.);
#785 = EDGE_CURVE('',#683,#786,#788,.T.);
#786 = VERTEX_POINT('',#787);
#787 = CARTESIAN_POINT('',(-174.7791713006,70.572324407586,
    -40.74495049405));
#788 = SURFACE_CURVE('',#789,(#793,#800),.PCURVE_S1.);
#789 = LINE('',#790,#791);
#790 = CARTESIAN_POINT('',(-174.7791713006,70.572324407586,
    40.744950494057));
#791 = VECTOR('',#792,1.);
#792 = DIRECTION('',(-1.110223024625E-16,0.,-1.));
#793 = PCURVE('',#357,#794);
#794 = DEFINITIONAL_REPRESENTATION('',(#795),#799);
#795 = LINE('',#796,#797);
#796 = CARTESIAN_POINT('',(0.,-109.7791713006));
#797 = VECTOR('',#798,1.);
#798 = DIRECTION('',(1.,0.));
#799 = ( GEOMETRIC_REPRESENTATION_CONTEXT(2) 
PARAMETRIC_REPRESENTATION_CONTEXT() REPRESENTATION_CONTEXT('2D SPACE',''
  ) );
#800 = PCURVE('',#698,#801);
#801 = DEFINITIONAL_REPRESENTATION('',(#802),#806);
#802 = LINE('',#803,#804);
#803 = CARTESIAN_POINT('',(40.744950494057,70.572324407586));
#804 = VECTOR('',#805,1.);
#805 = DIRECTION('',(-1.,0.));
#806 = ( GEOMETRIC_REPRESENTATION_CONTEXT(2) 
PARAMETRIC_REPRESENTATION_CONTEXT() REPRESENTATION_CONTEXT('2D SPACE',''
  ) );
#807 = ORIENTED_EDGE('',*,*,#808,.F.);
#808 = EDGE_CURVE('',#342,#786,#809,.T.);
#809 = SURFACE_CURVE('',#810,(#814,#821),.PCURVE_S1.);
#810 = LINE('',#811,#812);
#811 = CARTESIAN_POINT('',(-65.,70.572324407586,-40.74495049405));
#812 = VECTOR('',#813,1.);
#813 = DIRECTION('',(-1.,0.,1.110223024625E-16));
#814 = PCURVE('',#357,#815);
#815 = DEFINITIONAL_REPRESENTATION('',(#816),#820);
#816 = LINE('',#817,#818);
#817 = CARTESIAN_POINT('',(81.489900988115,0.));
#818 = VECTOR('',#819,1.);
#819 = DIRECTION('',(0.,-1.));
#820 = ( GEOMETRIC_REPRESENTATION_CONTEXT(2) 
PARAMETRIC_REPRESENTATION_CONTEXT() REPRESENTATION_CONTEXT('2D SPACE',''
  ) );
#821 = PCURVE('',#385,#822);
#822 = DEFINITIONAL_REPRESENTATION('',(#823),#827);
#823 = LINE('',#824,#825);
#824 = CARTESIAN_POINT('',(0.,0.));
#825 = VECTOR('',#826,1.);
#826 = DIRECTION('',(0.,-1.));
#827 = ( GEOMETRIC_REPRESENTATION_CONTEXT(2) 
PARAMETRIC_REPRESENTATION_CONTEXT() REPRESENTATION_CONTEXT('2D SPACE',''
  ) );
#828 = ORIENTED_EDGE('',*,*,#341,.F.);
#829 = ADVANCED_FACE('',(#830),#441,.F.);
#830 = FACE_BOUND('',#831,.F.);
#831 = EDGE_LOOP('',(#832,#855,#876,#877));
#832 = ORIENTED_EDGE('',*,*,#833,.T.);
#833 = EDGE_CURVE('',#398,#834,#836,.T.);
#834 = VERTEX_POINT('',#835);
#835 = CARTESIAN_POINT('',(-174.7791713006,-70.57232440758,
    -40.74495049405));
#836 = SURFACE_CURVE('',#837,(#841,#848),.PCURVE_S1.);
#837 = LINE('',#838,#839);
#838 = CARTESIAN_POINT('',(-65.,-70.57232440758,-40.74495049405));
#839 = VECTOR('',#840,1.);
#840 = DIRECTION('',(-1.,0.,1.110223024625E-16));
#841 = PCURVE('',#441,#842);
#842 = DEFINITIONAL_REPRESENTATION('',(#843),#847);
#843 = LINE('',#844,#845);
#844 = CARTESIAN_POINT('',(0.,0.));
#845 = VECTOR('',#846,1.);
#846 = DIRECTION('',(0.,-1.));
#847 = ( GEOMETRIC_REPRESENTATION_CONTEXT(2) 
PARAMETRIC_REPRESENTATION_CONTEXT() REPRESENTATION_CONTEXT('2D SPACE',''
  ) );
#848 = PCURVE('',#413,#849);
#849 = DEFINITIONAL_REPRESENTATION('',(#850),#854);
#850 = LINE('',#851,#852);
#851 = CARTESIAN_POINT('',(81.489900988115,0.));
#852 = VECTOR('',#853,1.);
#853 = DIRECTION('',(0.,-1.));
#854 = ( GEOMETRIC_REPRESENTATION_CONTEXT(2) 
PARAMETRIC_REPRESENTATION_CONTEXT() REPRESENTATION_CONTEXT('2D SPACE',''
  ) );
#855 = ORIENTED_EDGE('',*,*,#856,.T.);
#856 = EDGE_CURVE('',#834,#736,#857,.T.);
#857 = SURFACE_CURVE('',#858,(#862,#869),.PCURVE_S1.);
#858 = LINE('',#859,#860);
#859 = CARTESIAN_POINT('',(-174.7791713006,-70.57232440758,
    -40.74495049405));
#860 = VECTOR('',#861,1.);
#861 = DIRECTION('',(1.110223024625E-16,-1.743879246739E-16,1.));
#862 = PCURVE('',#441,#863);
#863 = DEFINITIONAL_REPRESENTATION('',(#864),#868);
#864 = LINE('',#865,#866);
#865 = CARTESIAN_POINT('',(0.,-109.7791713006));
#866 = VECTOR('',#867,1.);
#867 = DIRECTION('',(1.,0.));
#868 = ( GEOMETRIC_REPRESENTATION_CONTEXT(2) 
PARAMETRIC_REPRESENTATION_CONTEXT() REPRESENTATION_CONTEXT('2D SPACE',''
  ) );
#869 = PCURVE('',#698,#870);
#870 = DEFINITIONAL_REPRESENTATION('',(#871),#875);
#871 = LINE('',#872,#873);
#872 = CARTESIAN_POINT('',(-40.74495049405,-70.57232440758));
#873 = VECTOR('',#874,1.);
#874 = DIRECTION('',(1.,-1.743879246739E-16));
#875 = ( GEOMETRIC_REPRESENTATION_CONTEXT(2) 
PARAMETRIC_REPRESENTATION_CONTEXT() REPRESENTATION_CONTEXT('2D SPACE',''
  ) );
#876 = ORIENTED_EDGE('',*,*,#735,.F.);
#877 = ORIENTED_EDGE('',*,*,#425,.F.);
#878 = ADVANCED_FACE('',(#879),#385,.F.);
#879 = FACE_BOUND('',#880,.F.);
#880 = EDGE_LOOP('',(#881,#882,#905,#926));
#881 = ORIENTED_EDGE('',*,*,#808,.T.);
#882 = ORIENTED_EDGE('',*,*,#883,.T.);
#883 = EDGE_CURVE('',#786,#884,#886,.T.);
#884 = VERTEX_POINT('',#885);
#885 = CARTESIAN_POINT('',(-174.7791713006,9.979634640793E-15,
    -81.48990098811));
#886 = SURFACE_CURVE('',#887,(#891,#898),.PCURVE_S1.);
#887 = LINE('',#888,#889);
#888 = CARTESIAN_POINT('',(-174.7791713006,70.572324407586,
    -40.74495049405));
#889 = VECTOR('',#890,1.);
#890 = DIRECTION('',(-5.551115123126E-17,-0.866025403784,-0.5));
#891 = PCURVE('',#385,#892);
#892 = DEFINITIONAL_REPRESENTATION('',(#893),#897);
#893 = LINE('',#894,#895);
#894 = CARTESIAN_POINT('',(0.,-109.7791713006));
#895 = VECTOR('',#896,1.);
#896 = DIRECTION('',(1.,0.));
#897 = ( GEOMETRIC_REPRESENTATION_CONTEXT(2) 
PARAMETRIC_REPRESENTATION_CONTEXT() REPRESENTATION_CONTEXT('2D SPACE',''
  ) );
#898 = PCURVE('',#698,#899);
#899 = DEFINITIONAL_REPRESENTATION('',(#900),#904);
#900 = LINE('',#901,#902);
#901 = CARTESIAN_POINT('',(-40.74495049405,70.572324407586));
#902 = VECTOR('',#903,1.);
#903 = DIRECTION('',(-0.5,-0.866025403784));
#904 = ( GEOMETRIC_REPRESENTATION_CONTEXT(2) 
PARAMETRIC_REPRESENTATION_CONTEXT() REPRESENTATION_CONTEXT('2D SPACE',''
  ) );
#905 = ORIENTED_EDGE('',*,*,#906,.F.);
#906 = EDGE_CURVE('',#370,#884,#907,.T.);
#907 = SURFACE_CURVE('',#908,(#912,#919),.PCURVE_S1.);
#908 = LINE('',#909,#910);
#909 = CARTESIAN_POINT('',(-65.,9.979634640793E-15,-81.48990098811));
#910 = VECTOR('',#911,1.);
#911 = DIRECTION('',(-1.,0.,1.110223024625E-16));
#912 = PCURVE('',#385,#913);
#913 = DEFINITIONAL_REPRESENTATION('',(#914),#918);
#914 = LINE('',#915,#916);
#915 = CARTESIAN_POINT('',(81.489900988115,0.));
#916 = VECTOR('',#917,1.);
#917 = DIRECTION('',(0.,-1.));
#918 = ( GEOMETRIC_REPRESENTATION_CONTEXT(2) 
PARAMETRIC_REPRESENTATION_CONTEXT() REPRESENTATION_CONTEXT('2D SPACE',''
  ) );
#919 = PCURVE('',#413,#920);
#920 = DEFINITIONAL_REPRESENTATION('',(#921),#925);
#921 = LINE('',#922,#923);
#922 = CARTESIAN_POINT('',(0.,0.));
#923 = VECTOR('',#924,1.);
#924 = DIRECTION('',(0.,-1.));
#925 = ( GEOMETRIC_REPRESENTATION_CONTEXT(2) 
PARAMETRIC_REPRESENTATION_CONTEXT() REPRESENTATION_CONTEXT('2D SPACE',''
  ) );
#926 = ORIENTED_EDGE('',*,*,#369,.F.);
#927 = ADVANCED_FACE('',(#928),#413,.F.);
#928 = FACE_BOUND('',#929,.F.);
#929 = EDGE_LOOP('',(#930,#931,#952,#953));
#930 = ORIENTED_EDGE('',*,*,#906,.T.);
#931 = ORIENTED_EDGE('',*,*,#932,.T.);
#932 = EDGE_CURVE('',#884,#834,#933,.T.);
#933 = SURFACE_CURVE('',#934,(#938,#945),.PCURVE_S1.);
#934 = LINE('',#935,#936);
#935 = CARTESIAN_POINT('',(-174.7791713006,9.979634640793E-15,
    -81.48990098811));
#936 = VECTOR('',#937,1.);
#937 = DIRECTION('',(5.551115123126E-17,-0.866025403784,0.5));
#938 = PCURVE('',#413,#939);
#939 = DEFINITIONAL_REPRESENTATION('',(#940),#944);
#940 = LINE('',#941,#942);
#941 = CARTESIAN_POINT('',(0.,-109.7791713006));
#942 = VECTOR('',#943,1.);
#943 = DIRECTION('',(1.,0.));
#944 = ( GEOMETRIC_REPRESENTATION_CONTEXT(2) 
PARAMETRIC_REPRESENTATION_CONTEXT() REPRESENTATION_CONTEXT('2D SPACE',''
  ) );
#945 = PCURVE('',#698,#946);
#946 = DEFINITIONAL_REPRESENTATION('',(#947),#951);
#947 = LINE('',#948,#949);
#948 = CARTESIAN_POINT('',(-81.48990098811,1.276984143558E-14));
#949 = VECTOR('',#950,1.);
#950 = DIRECTION('',(0.5,-0.866025403784));
#951 = ( GEOMETRIC_REPRESENTATION_CONTEXT(2) 
PARAMETRIC_REPRESENTATION_CONTEXT() REPRESENTATION_CONTEXT('2D SPACE',''
  ) );
#952 = ORIENTED_EDGE('',*,*,#833,.F.);
#953 = ORIENTED_EDGE('',*,*,#397,.F.);
#954 = ADVANCED_FACE('',(#955),#503,.F.);
#955 = FACE_BOUND('',#956,.F.);
#956 = EDGE_LOOP('',(#957,#980,#1008,#1029));
#957 = ORIENTED_EDGE('',*,*,#958,.T.);
#958 = EDGE_CURVE('',#486,#959,#961,.T.);
#959 = VERTEX_POINT('',#960);
#960 = CARTESIAN_POINT('',(174.77917130068,0.,-81.48990098811));
#961 = SURFACE_CURVE('',#962,(#966,#973),.PCURVE_S1.);
#962 = LINE('',#963,#964);
#963 = CARTESIAN_POINT('',(65.,0.,-81.48990098811));
#964 = VECTOR('',#965,1.);
#965 = DIRECTION('',(1.,0.,1.110223024625E-16));
#966 = PCURVE('',#503,#967);
#967 = DEFINITIONAL_REPRESENTATION('',(#968),#972);
#968 = LINE('',#969,#970);
#969 = CARTESIAN_POINT('',(0.,0.));
#970 = VECTOR('',#971,1.);
#971 = DIRECTION('',(0.,-1.));
#972 = ( GEOMETRIC_REPRESENTATION_CONTEXT(2) 
PARAMETRIC_REPRESENTATION_CONTEXT() REPRESENTATION_CONTEXT('2D SPACE',''
  ) );
#973 = PCURVE('',#641,#974);
#974 = DEFINITIONAL_REPRESENTATION('',(#975),#979);
#975 = LINE('',#976,#977);
#976 = CARTESIAN_POINT('',(81.489900988115,0.));
#977 = VECTOR('',#978,1.);
#978 = DIRECTION('',(0.,-1.));
#979 = ( GEOMETRIC_REPRESENTATION_CONTEXT(2) 
PARAMETRIC_REPRESENTATION_CONTEXT() REPRESENTATION_CONTEXT('2D SPACE',''
  ) );
#980 = ORIENTED_EDGE('',*,*,#981,.T.);
#981 = EDGE_CURVE('',#959,#982,#984,.T.);
#982 = VERTEX_POINT('',#983);
#983 = CARTESIAN_POINT('',(174.77917130068,70.572324407586,
    -40.74495049405));
#984 = SURFACE_CURVE('',#985,(#989,#996),.PCURVE_S1.);
#985 = LINE('',#986,#987);
#986 = CARTESIAN_POINT('',(174.77917130068,0.,-81.48990098811));
#987 = VECTOR('',#988,1.);
#988 = DIRECTION('',(-5.551115123126E-17,0.866025403784,0.5));
#989 = PCURVE('',#503,#990);
#990 = DEFINITIONAL_REPRESENTATION('',(#991),#995);
#991 = LINE('',#992,#993);
#992 = CARTESIAN_POINT('',(0.,-109.7791713006));
#993 = VECTOR('',#994,1.);
#994 = DIRECTION('',(1.,0.));
#995 = ( GEOMETRIC_REPRESENTATION_CONTEXT(2) 
PARAMETRIC_REPRESENTATION_CONTEXT() REPRESENTATION_CONTEXT('2D SPACE',''
  ) );
#996 = PCURVE('',#997,#1002);
#997 = PLANE('',#998);
#998 = AXIS2_PLACEMENT_3D('',#999,#1000,#1001);
#999 = CARTESIAN_POINT('',(174.77917130068,-2.790206794783E-15,
    1.404807422342E-14));
#1000 = DIRECTION('',(1.,0.,1.110223024625E-16));
#1001 = DIRECTION('',(1.110223024625E-16,0.,-1.));
#1002 = DEFINITIONAL_REPRESENTATION('',(#1003),#1007);
#1003 = LINE('',#1004,#1005);
#1004 = CARTESIAN_POINT('',(81.489900988115,2.790206794783E-15));
#1005 = VECTOR('',#1006,1.);
#1006 = DIRECTION('',(-0.5,0.866025403784));
#1007 = ( GEOMETRIC_REPRESENTATION_CONTEXT(2) 
PARAMETRIC_REPRESENTATION_CONTEXT() REPRESENTATION_CONTEXT('2D SPACE',''
  ) );
#1008 = ORIENTED_EDGE('',*,*,#1009,.F.);
#1009 = EDGE_CURVE('',#488,#982,#1010,.T.);
#1010 = SURFACE_CURVE('',#1011,(#1015,#1022),.PCURVE_S1.);
#1011 = LINE('',#1012,#1013);
#1012 = CARTESIAN_POINT('',(65.,70.572324407586,-40.74495049405));
#1013 = VECTOR('',#1014,1.);
#1014 = DIRECTION('',(1.,0.,1.110223024625E-16));
#1015 = PCURVE('',#503,#1016);
#1016 = DEFINITIONAL_REPRESENTATION('',(#1017),#1021);
#1017 = LINE('',#1018,#1019);
#1018 = CARTESIAN_POINT('',(81.489900988115,0.));
#1019 = VECTOR('',#1020,1.);
#1020 = DIRECTION('',(0.,-1.));
#1021 = ( GEOMETRIC_REPRESENTATION_CONTEXT(2) 
PARAMETRIC_REPRESENTATION_CONTEXT() REPRESENTATION_CONTEXT('2D SPACE',''
  ) );
#1022 = PCURVE('',#531,#1023);
#1023 = DEFINITIONAL_REPRESENTATION('',(#1024),#1028);
#1024 = LINE('',#1025,#1026);
#1025 = CARTESIAN_POINT('',(0.,-0.));
#1026 = VECTOR('',#1027,1.);
#1027 = DIRECTION('',(0.,-1.));
#1028 = ( GEOMETRIC_REPRESENTATION_CONTEXT(2) 
PARAMETRIC_REPRESENTATION_CONTEXT() REPRESENTATION_CONTEXT('2D SPACE',''
  ) );
#1029 = ORIENTED_EDGE('',*,*,#485,.F.);
#1030 = ADVANCED_FACE('',(#1031),#641,.F.);
#1031 = FACE_BOUND('',#1032,.F.);
#1032 = EDGE_LOOP('',(#1033,#1056,#1077,#1078));
#1033 = ORIENTED_EDGE('',*,*,#1034,.T.);
#1034 = EDGE_CURVE('',#600,#1035,#1037,.T.);
#1035 = VERTEX_POINT('',#1036);
#1036 = CARTESIAN_POINT('',(174.77917130068,-70.57232440758,
    -40.74495049405));
#1037 = SURFACE_CURVE('',#1038,(#1042,#1049),.PCURVE_S1.);
#1038 = LINE('',#1039,#1040);
#1039 = CARTESIAN_POINT('',(65.,-70.57232440758,-40.74495049405));
#1040 = VECTOR('',#1041,1.);
#1041 = DIRECTION('',(1.,0.,1.110223024625E-16));
#1042 = PCURVE('',#641,#1043);
#1043 = DEFINITIONAL_REPRESENTATION('',(#1044),#1048);
#1044 = LINE('',#1045,#1046);
#1045 = CARTESIAN_POINT('',(0.,0.));
#1046 = VECTOR('',#1047,1.);
#1047 = DIRECTION('',(0.,-1.));
#1048 = ( GEOMETRIC_REPRESENTATION_CONTEXT(2) 
PARAMETRIC_REPRESENTATION_CONTEXT() REPRESENTATION_CONTEXT('2D SPACE',''
  ) );
#1049 = PCURVE('',#615,#1050);
#1050 = DEFINITIONAL_REPRESENTATION('',(#1051),#1055);
#1051 = LINE('',#1052,#1053);
#1052 = CARTESIAN_POINT('',(81.489900988115,0.));
#1053 = VECTOR('',#1054,1.);
#1054 = DIRECTION('',(0.,-1.));
#1055 = ( GEOMETRIC_REPRESENTATION_CONTEXT(2) 
PARAMETRIC_REPRESENTATION_CONTEXT() REPRESENTATION_CONTEXT('2D SPACE',''
  ) );
#1056 = ORIENTED_EDGE('',*,*,#1057,.T.);
#1057 = EDGE_CURVE('',#1035,#959,#1058,.T.);
#1058 = SURFACE_CURVE('',#1059,(#1063,#1070),.PCURVE_S1.);
#1059 = LINE('',#1060,#1061);
#1060 = CARTESIAN_POINT('',(174.77917130068,-70.57232440758,
    -40.74495049405));
#1061 = VECTOR('',#1062,1.);
#1062 = DIRECTION('',(5.551115123126E-17,0.866025403784,-0.5));
#1063 = PCURVE('',#641,#1064);
#1064 = DEFINITIONAL_REPRESENTATION('',(#1065),#1069);
#1065 = LINE('',#1066,#1067);
#1066 = CARTESIAN_POINT('',(0.,-109.7791713006));
#1067 = VECTOR('',#1068,1.);
#1068 = DIRECTION('',(1.,0.));
#1069 = ( GEOMETRIC_REPRESENTATION_CONTEXT(2) 
PARAMETRIC_REPRESENTATION_CONTEXT() REPRESENTATION_CONTEXT('2D SPACE',''
  ) );
#1070 = PCURVE('',#997,#1071);
#1071 = DEFINITIONAL_REPRESENTATION('',(#1072),#1076);
#1072 = LINE('',#1073,#1074);
#1073 = CARTESIAN_POINT('',(40.744950494057,-70.57232440758));
#1074 = VECTOR('',#1075,1.);
#1075 = DIRECTION('',(0.5,0.866025403784));
#1076 = ( GEOMETRIC_REPRESENTATION_CONTEXT(2) 
PARAMETRIC_REPRESENTATION_CONTEXT() REPRESENTATION_CONTEXT('2D SPACE',''
  ) );
#1077 = ORIENTED_EDGE('',*,*,#958,.F.);
#1078 = ORIENTED_EDGE('',*,*,#627,.F.);
#1079 = ADVANCED_FACE('',(#1080),#531,.F.);
#1080 = FACE_BOUND('',#1081,.F.);
#1081 = EDGE_LOOP('',(#1082,#1083,#1106,#1127));
#1082 = ORIENTED_EDGE('',*,*,#1009,.T.);
#1083 = ORIENTED_EDGE('',*,*,#1084,.T.);
#1084 = EDGE_CURVE('',#982,#1085,#1087,.T.);
#1085 = VERTEX_POINT('',#1086);
#1086 = CARTESIAN_POINT('',(174.77917130068,70.572324407586,
    40.744950494057));
#1087 = SURFACE_CURVE('',#1088,(#1092,#1099),.PCURVE_S1.);
#1088 = LINE('',#1089,#1090);
#1089 = CARTESIAN_POINT('',(174.77917130068,70.572324407586,
    -40.74495049405));
#1090 = VECTOR('',#1091,1.);
#1091 = DIRECTION('',(-1.110223024625E-16,0.,1.));
#1092 = PCURVE('',#531,#1093);
#1093 = DEFINITIONAL_REPRESENTATION('',(#1094),#1098);
#1094 = LINE('',#1095,#1096);
#1095 = CARTESIAN_POINT('',(0.,-109.7791713006));
#1096 = VECTOR('',#1097,1.);
#1097 = DIRECTION('',(1.,0.));
#1098 = ( GEOMETRIC_REPRESENTATION_CONTEXT(2) 
PARAMETRIC_REPRESENTATION_CONTEXT() REPRESENTATION_CONTEXT('2D SPACE',''
  ) );
#1099 = PCURVE('',#997,#1100);
#1100 = DEFINITIONAL_REPRESENTATION('',(#1101),#1105);
#1101 = LINE('',#1102,#1103);
#1102 = CARTESIAN_POINT('',(40.744950494057,70.572324407586));
#1103 = VECTOR('',#1104,1.);
#1104 = DIRECTION('',(-1.,0.));
#1105 = ( GEOMETRIC_REPRESENTATION_CONTEXT(2) 
PARAMETRIC_REPRESENTATION_CONTEXT() REPRESENTATION_CONTEXT('2D SPACE',''
  ) );
#1106 = ORIENTED_EDGE('',*,*,#1107,.F.);
#1107 = EDGE_CURVE('',#516,#1085,#1108,.T.);
#1108 = SURFACE_CURVE('',#1109,(#1113,#1120),.PCURVE_S1.);
#1109 = LINE('',#1110,#1111);
#1110 = CARTESIAN_POINT('',(65.,70.572324407586,40.744950494057));
#1111 = VECTOR('',#1112,1.);
#1112 = DIRECTION('',(1.,0.,1.110223024625E-16));
#1113 = PCURVE('',#531,#1114);
#1114 = DEFINITIONAL_REPRESENTATION('',(#1115),#1119);
#1115 = LINE('',#1116,#1117);
#1116 = CARTESIAN_POINT('',(81.489900988115,0.));
#1117 = VECTOR('',#1118,1.);
#1118 = DIRECTION('',(0.,-1.));
#1119 = ( GEOMETRIC_REPRESENTATION_CONTEXT(2) 
PARAMETRIC_REPRESENTATION_CONTEXT() REPRESENTATION_CONTEXT('2D SPACE',''
  ) );
#1120 = PCURVE('',#559,#1121);
#1121 = DEFINITIONAL_REPRESENTATION('',(#1122),#1126);
#1122 = LINE('',#1123,#1124);
#1123 = CARTESIAN_POINT('',(0.,0.));
#1124 = VECTOR('',#1125,1.);
#1125 = DIRECTION('',(0.,-1.));
#1126 = ( GEOMETRIC_REPRESENTATION_CONTEXT(2) 
PARAMETRIC_REPRESENTATION_CONTEXT() REPRESENTATION_CONTEXT('2D SPACE',''
  ) );
#1127 = ORIENTED_EDGE('',*,*,#515,.F.);
#1128 = ADVANCED_FACE('',(#1129),#615,.F.);
#1129 = FACE_BOUND('',#1130,.F.);
#1130 = EDGE_LOOP('',(#1131,#1154,#1175,#1176));
#1131 = ORIENTED_EDGE('',*,*,#1132,.T.);
#1132 = EDGE_CURVE('',#572,#1133,#1135,.T.);
#1133 = VERTEX_POINT('',#1134);
#1134 = CARTESIAN_POINT('',(174.77917130068,-70.57232440758,
    40.744950494057));
#1135 = SURFACE_CURVE('',#1136,(#1140,#1147),.PCURVE_S1.);
#1136 = LINE('',#1137,#1138);
#1137 = CARTESIAN_POINT('',(65.,-70.57232440758,40.744950494057));
#1138 = VECTOR('',#1139,1.);
#1139 = DIRECTION('',(1.,0.,1.110223024625E-16));
#1140 = PCURVE('',#615,#1141);
#1141 = DEFINITIONAL_REPRESENTATION('',(#1142),#1146);
#1142 = LINE('',#1143,#1144);
#1143 = CARTESIAN_POINT('',(0.,0.));
#1144 = VECTOR('',#1145,1.);
#1145 = DIRECTION('',(0.,-1.));
#1146 = ( GEOMETRIC_REPRESENTATION_CONTEXT(2) 
PARAMETRIC_REPRESENTATION_CONTEXT() REPRESENTATION_CONTEXT('2D SPACE',''
  ) );
#1147 = PCURVE('',#587,#1148);
#1148 = DEFINITIONAL_REPRESENTATION('',(#1149),#1153);
#1149 = LINE('',#1150,#1151);
#1150 = CARTESIAN_POINT('',(81.489900988115,0.));
#1151 = VECTOR('',#1152,1.);
#1152 = DIRECTION('',(0.,-1.));
#1153 = ( GEOMETRIC_REPRESENTATION_CONTEXT(2) 
PARAMETRIC_REPRESENTATION_CONTEXT() REPRESENTATION_CONTEXT('2D SPACE',''
  ) );
#1154 = ORIENTED_EDGE('',*,*,#1155,.T.);
#1155 = EDGE_CURVE('',#1133,#1035,#1156,.T.);
#1156 = SURFACE_CURVE('',#1157,(#1161,#1168),.PCURVE_S1.);
#1157 = LINE('',#1158,#1159);
#1158 = CARTESIAN_POINT('',(174.77917130068,-70.57232440758,
    40.744950494057));
#1159 = VECTOR('',#1160,1.);
#1160 = DIRECTION('',(1.110223024625E-16,-1.743879246739E-16,-1.));
#1161 = PCURVE('',#615,#1162);
#1162 = DEFINITIONAL_REPRESENTATION('',(#1163),#1167);
#1163 = LINE('',#1164,#1165);
#1164 = CARTESIAN_POINT('',(0.,-109.7791713006));
#1165 = VECTOR('',#1166,1.);
#1166 = DIRECTION('',(1.,0.));
#1167 = ( GEOMETRIC_REPRESENTATION_CONTEXT(2) 
PARAMETRIC_REPRESENTATION_CONTEXT() REPRESENTATION_CONTEXT('2D SPACE',''
  ) );
#1168 = PCURVE('',#997,#1169);
#1169 = DEFINITIONAL_REPRESENTATION('',(#1170),#1174);
#1170 = LINE('',#1171,#1172);
#1171 = CARTESIAN_POINT('',(-40.74495049405,-70.57232440758));
#1172 = VECTOR('',#1173,1.);
#1173 = DIRECTION('',(1.,-1.743879246739E-16));
#1174 = ( GEOMETRIC_REPRESENTATION_CONTEXT(2) 
PARAMETRIC_REPRESENTATION_CONTEXT() REPRESENTATION_CONTEXT('2D SPACE',''
  ) );
#1175 = ORIENTED_EDGE('',*,*,#1034,.F.);
#1176 = ORIENTED_EDGE('',*,*,#599,.F.);
#1177 = ADVANCED_FACE('',(#1178),#559,.F.);
#1178 = FACE_BOUND('',#1179,.F.);
#1179 = EDGE_LOOP('',(#1180,#1181,#1204,#1225));
#1180 = ORIENTED_EDGE('',*,*,#1107,.T.);
#1181 = ORIENTED_EDGE('',*,*,#1182,.T.);
#1182 = EDGE_CURVE('',#1085,#1183,#1185,.T.);
#1183 = VERTEX_POINT('',#1184);
#1184 = CARTESIAN_POINT('',(174.77917130068,9.979634640793E-15,
    81.489900988115));
#1185 = SURFACE_CURVE('',#1186,(#1190,#1197),.PCURVE_S1.);
#1186 = LINE('',#1187,#1188);
#1187 = CARTESIAN_POINT('',(174.77917130068,70.572324407586,
    40.744950494057));
#1188 = VECTOR('',#1189,1.);
#1189 = DIRECTION('',(-5.551115123126E-17,-0.866025403784,0.5));
#1190 = PCURVE('',#559,#1191);
#1191 = DEFINITIONAL_REPRESENTATION('',(#1192),#1196);
#1192 = LINE('',#1193,#1194);
#1193 = CARTESIAN_POINT('',(0.,-109.7791713006));
#1194 = VECTOR('',#1195,1.);
#1195 = DIRECTION('',(1.,0.));
#1196 = ( GEOMETRIC_REPRESENTATION_CONTEXT(2) 
PARAMETRIC_REPRESENTATION_CONTEXT() REPRESENTATION_CONTEXT('2D SPACE',''
  ) );
#1197 = PCURVE('',#997,#1198);
#1198 = DEFINITIONAL_REPRESENTATION('',(#1199),#1203);
#1199 = LINE('',#1200,#1201);
#1200 = CARTESIAN_POINT('',(-40.74495049405,70.572324407586));
#1201 = VECTOR('',#1202,1.);
#1202 = DIRECTION('',(-0.5,-0.866025403784));
#1203 = ( GEOMETRIC_REPRESENTATION_CONTEXT(2) 
PARAMETRIC_REPRESENTATION_CONTEXT() REPRESENTATION_CONTEXT('2D SPACE',''
  ) );
#1204 = ORIENTED_EDGE('',*,*,#1205,.F.);
#1205 = EDGE_CURVE('',#544,#1183,#1206,.T.);
#1206 = SURFACE_CURVE('',#1207,(#1211,#1218),.PCURVE_S1.);
#1207 = LINE('',#1208,#1209);
#1208 = CARTESIAN_POINT('',(65.,9.979634640793E-15,81.489900988115));
#1209 = VECTOR('',#1210,1.);
#1210 = DIRECTION('',(1.,0.,1.110223024625E-16));
#1211 = PCURVE('',#559,#1212);
#1212 = DEFINITIONAL_REPRESENTATION('',(#1213),#1217);
#1213 = LINE('',#1214,#1215);
#1214 = CARTESIAN_POINT('',(81.489900988115,0.));
#1215 = VECTOR('',#1216,1.);
#1216 = DIRECTION('',(0.,-1.));
#1217 = ( GEOMETRIC_REPRESENTATION_CONTEXT(2) 
PARAMETRIC_REPRESENTATION_CONTEXT() REPRESENTATION_CONTEXT('2D SPACE',''
  ) );
#1218 = PCURVE('',#587,#1219);
#1219 = DEFINITIONAL_REPRESENTATION('',(#1220),#1224);
#1220 = LINE('',#1221,#1222);
#1221 = CARTESIAN_POINT('',(0.,0.));
#1222 = VECTOR('',#1223,1.);
#1223 = DIRECTION('',(0.,-1.));
#1224 = ( GEOMETRIC_REPRESENTATION_CONTEXT(2) 
PARAMETRIC_REPRESENTATION_CONTEXT() REPRESENTATION_CONTEXT('2D SPACE',''
  ) );
#1225 = ORIENTED_EDGE('',*,*,#543,.F.);
#1226 = ADVANCED_FACE('',(#1227),#587,.F.);
#1227 = FACE_BOUND('',#1228,.F.);
#1228 = EDGE_LOOP('',(#1229,#1230,#1251,#1252));
#1229 = ORIENTED_EDGE('',*,*,#1205,.T.);
#1230 = ORIENTED_EDGE('',*,*,#1231,.T.);
#1231 = EDGE_CURVE('',#1183,#1133,#1232,.T.);
#1232 = SURFACE_CURVE('',#1233,(#1237,#1244),.PCURVE_S1.);
#1233 = LINE('',#1234,#1235);
#1234 = CARTESIAN_POINT('',(174.77917130068,9.979634640793E-15,
    81.489900988115));
#1235 = VECTOR('',#1236,1.);
#1236 = DIRECTION('',(5.551115123126E-17,-0.866025403784,-0.5));
#1237 = PCURVE('',#587,#1238);
#1238 = DEFINITIONAL_REPRESENTATION('',(#1239),#1243);
#1239 = LINE('',#1240,#1241);
#1240 = CARTESIAN_POINT('',(0.,-109.7791713006));
#1241 = VECTOR('',#1242,1.);
#1242 = DIRECTION('',(1.,0.));
#1243 = ( GEOMETRIC_REPRESENTATION_CONTEXT(2) 
PARAMETRIC_REPRESENTATION_CONTEXT() REPRESENTATION_CONTEXT('2D SPACE',''
  ) );
#1244 = PCURVE('',#997,#1245);
#1245 = DEFINITIONAL_REPRESENTATION('',(#1246),#1250);
#1246 = LINE('',#1247,#1248);
#1247 = CARTESIAN_POINT('',(-81.48990098811,1.276984143558E-14));
#1248 = VECTOR('',#1249,1.);
#1249 = DIRECTION('',(0.5,-0.866025403784));
#1250 = ( GEOMETRIC_REPRESENTATION_CONTEXT(2) 
PARAMETRIC_REPRESENTATION_CONTEXT() REPRESENTATION_CONTEXT('2D SPACE',''
  ) );
#1251 = ORIENTED_EDGE('',*,*,#1132,.F.);
#1252 = ORIENTED_EDGE('',*,*,#571,.F.);
#1253 = ADVANCED_FACE('',(#1254),#698,.T.);
#1254 = FACE_BOUND('',#1255,.T.);
#1255 = EDGE_LOOP('',(#1256,#1257,#1258,#1259,#1260,#1261));
#1256 = ORIENTED_EDGE('',*,*,#682,.T.);
#1257 = ORIENTED_EDGE('',*,*,#785,.T.);
#1258 = ORIENTED_EDGE('',*,*,#883,.T.);
#1259 = ORIENTED_EDGE('',*,*,#932,.T.);
#1260 = ORIENTED_EDGE('',*,*,#856,.T.);
#1261 = ORIENTED_EDGE('',*,*,#758,.T.);
#1262 = ADVANCED_FACE('',(#1263,#1271),#997,.T.);
#1263 = FACE_BOUND('',#1264,.T.);
#1264 = EDGE_LOOP('',(#1265,#1266,#1267,#1268,#1269,#1270));
#1265 = ORIENTED_EDGE('',*,*,#981,.T.);
#1266 = ORIENTED_EDGE('',*,*,#1084,.T.);
#1267 = ORIENTED_EDGE('',*,*,#1182,.T.);
#1268 = ORIENTED_EDGE('',*,*,#1231,.T.);
#1269 = ORIENTED_EDGE('',*,*,#1155,.T.);
#1270 = ORIENTED_EDGE('',*,*,#1057,.T.);
#1271 = FACE_BOUND('',#1272,.T.);
#1272 = EDGE_LOOP('',(#1273,#1301,#1327,#1353));
#1273 = ORIENTED_EDGE('',*,*,#1274,.F.);
#1274 = EDGE_CURVE('',#1275,#1277,#1279,.T.);
#1275 = VERTEX_POINT('',#1276);
#1276 = CARTESIAN_POINT('',(174.77917130068,28.228929763034,
    43.754841132703));
#1277 = VERTEX_POINT('',#1278);
#1278 = CARTESIAN_POINT('',(174.77917130068,-28.22892976303,
    43.754841132703));
#1279 = SURFACE_CURVE('',#1280,(#1284,#1290),.PCURVE_S1.);
#1280 = LINE('',#1281,#1282);
#1281 = CARTESIAN_POINT('',(174.77917130068,-14.11446488151,
    43.754841132703));
#1282 = VECTOR('',#1283,1.);
#1283 = DIRECTION('',(0.,-1.,0.));
#1284 = PCURVE('',#997,#1285);
#1285 = DEFINITIONAL_REPRESENTATION('',(#1286),#1289);
#1286 = B_SPLINE_CURVE_WITH_KNOTS('',1,(#1287,#1288),.UNSPECIFIED.,.F.,
  .F.,(2,2),(-42.34339464455,14.114464881517),.PIECEWISE_BEZIER_KNOTS.);
#1287 = CARTESIAN_POINT('',(-43.7548411327,28.228929763034));
#1288 = CARTESIAN_POINT('',(-43.7548411327,-28.22892976303));
#1289 = ( GEOMETRIC_REPRESENTATION_CONTEXT(2) 
PARAMETRIC_REPRESENTATION_CONTEXT() REPRESENTATION_CONTEXT('2D SPACE',''
  ) );
#1290 = PCURVE('',#1291,#1296);
#1291 = PLANE('',#1292);
#1292 = AXIS2_PLACEMENT_3D('',#1293,#1294,#1295);
#1293 = CARTESIAN_POINT('',(173.02917130068,-28.22892976303,
    43.754841132703));
#1294 = DIRECTION('',(-2.22044604925E-16,0.,1.));
#1295 = DIRECTION('',(0.,1.,0.));
#1296 = DEFINITIONAL_REPRESENTATION('',(#1297),#1300);
#1297 = B_SPLINE_CURVE_WITH_KNOTS('',1,(#1298,#1299),.UNSPECIFIED.,.F.,
  .F.,(2,2),(-42.34339464455,14.114464881517),.PIECEWISE_BEZIER_KNOTS.);
#1298 = CARTESIAN_POINT('',(56.457859526069,-1.75));
#1299 = CARTESIAN_POINT('',(0.,-1.75));
#1300 = ( GEOMETRIC_REPRESENTATION_CONTEXT(2) 
PARAMETRIC_REPRESENTATION_CONTEXT() REPRESENTATION_CONTEXT('2D SPACE',''
  ) );
#1301 = ORIENTED_EDGE('',*,*,#1302,.F.);
#1302 = EDGE_CURVE('',#1303,#1275,#1305,.T.);
#1303 = VERTEX_POINT('',#1304);
#1304 = CARTESIAN_POINT('',(174.77917130068,28.228929763034,
    -43.7548411327));
#1305 = SURFACE_CURVE('',#1306,(#1310,#1316),.PCURVE_S1.);
#1306 = LINE('',#1307,#1308);
#1307 = CARTESIAN_POINT('',(174.77917130068,28.228929763034,
    21.877420566352));
#1308 = VECTOR('',#1309,1.);
#1309 = DIRECTION('',(-1.110223024625E-16,0.,1.));
#1310 = PCURVE('',#997,#1311);
#1311 = DEFINITIONAL_REPRESENTATION('',(#1312),#1315);
#1312 = B_SPLINE_CURVE_WITH_KNOTS('',1,(#1313,#1314),.UNSPECIFIED.,.F.,
  .F.,(2,2),(-65.63226169905,21.877420566352),.PIECEWISE_BEZIER_KNOTS.);
#1313 = CARTESIAN_POINT('',(43.754841132703,28.228929763034));
#1314 = CARTESIAN_POINT('',(-43.7548411327,28.228929763034));
#1315 = ( GEOMETRIC_REPRESENTATION_CONTEXT(2) 
PARAMETRIC_REPRESENTATION_CONTEXT() REPRESENTATION_CONTEXT('2D SPACE',''
  ) );
#1316 = PCURVE('',#1317,#1322);
#1317 = PLANE('',#1318);
#1318 = AXIS2_PLACEMENT_3D('',#1319,#1320,#1321);
#1319 = CARTESIAN_POINT('',(173.02917130068,28.228929763034,
    43.754841132703));
#1320 = DIRECTION('',(0.,1.,0.));
#1321 = DIRECTION('',(2.22044604925E-16,0.,-1.));
#1322 = DEFINITIONAL_REPRESENTATION('',(#1323),#1326);
#1323 = B_SPLINE_CURVE_WITH_KNOTS('',1,(#1324,#1325),.UNSPECIFIED.,.F.,
  .F.,(2,2),(-65.63226169905,21.877420566352),.PIECEWISE_BEZIER_KNOTS.);
#1324 = CARTESIAN_POINT('',(87.509682265406,-1.75));
#1325 = CARTESIAN_POINT('',(0.,-1.75));
#1326 = ( GEOMETRIC_REPRESENTATION_CONTEXT(2) 
PARAMETRIC_REPRESENTATION_CONTEXT() REPRESENTATION_CONTEXT('2D SPACE',''
  ) );
#1327 = ORIENTED_EDGE('',*,*,#1328,.T.);
#1328 = EDGE_CURVE('',#1303,#1329,#1331,.T.);
#1329 = VERTEX_POINT('',#1330);
#1330 = CARTESIAN_POINT('',(174.77917130068,-28.22892976303,
    -43.7548411327));
#1331 = SURFACE_CURVE('',#1332,(#1336,#1342),.PCURVE_S1.);
#1332 = LINE('',#1333,#1334);
#1333 = CARTESIAN_POINT('',(174.77917130068,-14.11446488151,
    -43.7548411327));
#1334 = VECTOR('',#1335,1.);
#1335 = DIRECTION('',(0.,-1.,0.));
#1336 = PCURVE('',#997,#1337);
#1337 = DEFINITIONAL_REPRESENTATION('',(#1338),#1341);
#1338 = B_SPLINE_CURVE_WITH_KNOTS('',1,(#1339,#1340),.UNSPECIFIED.,.F.,
  .F.,(2,2),(-42.34339464455,14.114464881517),.PIECEWISE_BEZIER_KNOTS.);
#1339 = CARTESIAN_POINT('',(43.754841132703,28.228929763034));
#1340 = CARTESIAN_POINT('',(43.754841132703,-28.22892976303));
#1341 = ( GEOMETRIC_REPRESENTATION_CONTEXT(2) 
PARAMETRIC_REPRESENTATION_CONTEXT() REPRESENTATION_CONTEXT('2D SPACE',''
  ) );
#1342 = PCURVE('',#1343,#1348);
#1343 = PLANE('',#1344);
#1344 = AXIS2_PLACEMENT_3D('',#1345,#1346,#1347);
#1345 = CARTESIAN_POINT('',(173.02917130068,-28.22892976303,
    -43.7548411327));
#1346 = DIRECTION('',(-2.22044604925E-16,0.,1.));
#1347 = DIRECTION('',(0.,1.,0.));
#1348 = DEFINITIONAL_REPRESENTATION('',(#1349),#1352);
#1349 = B_SPLINE_CURVE_WITH_KNOTS('',1,(#1350,#1351),.UNSPECIFIED.,.F.,
  .F.,(2,2),(-42.34339464455,14.114464881517),.PIECEWISE_BEZIER_KNOTS.);
#1350 = CARTESIAN_POINT('',(56.457859526069,-1.75));
#1351 = CARTESIAN_POINT('',(0.,-1.75));
#1352 = ( GEOMETRIC_REPRESENTATION_CONTEXT(2) 
PARAMETRIC_REPRESENTATION_CONTEXT() REPRESENTATION_CONTEXT('2D SPACE',''
  ) );
#1353 = ORIENTED_EDGE('',*,*,#1354,.T.);
#1354 = EDGE_CURVE('',#1329,#1277,#1355,.T.);
#1355 = SURFACE_CURVE('',#1356,(#1360,#1366),.PCURVE_S1.);
#1356 = LINE('',#1357,#1358);
#1357 = CARTESIAN_POINT('',(174.77917130068,-28.22892976303,
    21.877420566352));
#1358 = VECTOR('',#1359,1.);
#1359 = DIRECTION('',(-1.110223024625E-16,0.,1.));
#1360 = PCURVE('',#997,#1361);
#1361 = DEFINITIONAL_REPRESENTATION('',(#1362),#1365);
#1362 = B_SPLINE_CURVE_WITH_KNOTS('',1,(#1363,#1364),.UNSPECIFIED.,.F.,
  .F.,(2,2),(-65.63226169905,21.877420566352),.PIECEWISE_BEZIER_KNOTS.);
#1363 = CARTESIAN_POINT('',(43.754841132703,-28.22892976303));
#1364 = CARTESIAN_POINT('',(-43.7548411327,-28.22892976303));
#1365 = ( GEOMETRIC_REPRESENTATION_CONTEXT(2) 
PARAMETRIC_REPRESENTATION_CONTEXT() REPRESENTATION_CONTEXT('2D SPACE',''
  ) );
#1366 = PCURVE('',#1367,#1372);
#1367 = PLANE('',#1368);
#1368 = AXIS2_PLACEMENT_3D('',#1369,#1370,#1371);
#1369 = CARTESIAN_POINT('',(173.02917130068,-28.22892976303,
    43.754841132703));
#1370 = DIRECTION('',(0.,1.,0.));
#1371 = DIRECTION('',(2.22044604925E-16,0.,-1.));
#1372 = DEFINITIONAL_REPRESENTATION('',(#1373),#1376);
#1373 = B_SPLINE_CURVE_WITH_KNOTS('',1,(#1374,#1375),.UNSPECIFIED.,.F.,
  .F.,(2,2),(-65.63226169905,21.877420566352),.PIECEWISE_BEZIER_KNOTS.);
#1374 = CARTESIAN_POINT('',(87.509682265406,-1.75));
#1375 = CARTESIAN_POINT('',(0.,-1.75));
#1376 = ( GEOMETRIC_REPRESENTATION_CONTEXT(2) 
PARAMETRIC_REPRESENTATION_CONTEXT() REPRESENTATION_CONTEXT('2D SPACE',''
  ) );
#1377 = ADVANCED_FACE('',(#1378),#1291,.F.);
#1378 = FACE_BOUND('',#1379,.F.);
#1379 = EDGE_LOOP('',(#1380,#1410,#1431,#1432));
#1380 = ORIENTED_EDGE('',*,*,#1381,.F.);
#1381 = EDGE_CURVE('',#1382,#1384,#1386,.T.);
#1382 = VERTEX_POINT('',#1383);
#1383 = CARTESIAN_POINT('',(173.02917130068,-28.22892976303,
    43.754841132703));
#1384 = VERTEX_POINT('',#1385);
#1385 = CARTESIAN_POINT('',(173.02917130068,28.228929763034,
    43.754841132703));
#1386 = SURFACE_CURVE('',#1387,(#1391,#1398),.PCURVE_S1.);
#1387 = LINE('',#1388,#1389);
#1388 = CARTESIAN_POINT('',(173.02917130068,0.,43.754841132703));
#1389 = VECTOR('',#1390,1.);
#1390 = DIRECTION('',(0.,1.,0.));
#1391 = PCURVE('',#1291,#1392);
#1392 = DEFINITIONAL_REPRESENTATION('',(#1393),#1397);
#1393 = LINE('',#1394,#1395);
#1394 = CARTESIAN_POINT('',(28.228929763034,0.));
#1395 = VECTOR('',#1396,1.);
#1396 = DIRECTION('',(1.,0.));
#1397 = ( GEOMETRIC_REPRESENTATION_CONTEXT(2) 
PARAMETRIC_REPRESENTATION_CONTEXT() REPRESENTATION_CONTEXT('2D SPACE',''
  ) );
#1398 = PCURVE('',#1399,#1404);
#1399 = PLANE('',#1400);
#1400 = AXIS2_PLACEMENT_3D('',#1401,#1402,#1403);
#1401 = CARTESIAN_POINT('',(173.02917130068,0.,0.));
#1402 = DIRECTION('',(1.,0.,2.22044604925E-16));
#1403 = DIRECTION('',(2.22044604925E-16,0.,-1.));
#1404 = DEFINITIONAL_REPRESENTATION('',(#1405),#1409);
#1405 = LINE('',#1406,#1407);
#1406 = CARTESIAN_POINT('',(-43.7548411327,0.));
#1407 = VECTOR('',#1408,1.);
#1408 = DIRECTION('',(0.,1.));
#1409 = ( GEOMETRIC_REPRESENTATION_CONTEXT(2) 
PARAMETRIC_REPRESENTATION_CONTEXT() REPRESENTATION_CONTEXT('2D SPACE',''
  ) );
#1410 = ORIENTED_EDGE('',*,*,#1411,.T.);
#1411 = EDGE_CURVE('',#1382,#1277,#1412,.T.);
#1412 = SURFACE_CURVE('',#1413,(#1417,#1424),.PCURVE_S1.);
#1413 = LINE('',#1414,#1415);
#1414 = CARTESIAN_POINT('',(173.02917130068,-28.22892976303,
    43.754841132703));
#1415 = VECTOR('',#1416,1.);
#1416 = DIRECTION('',(1.,0.,2.22044604925E-16));
#1417 = PCURVE('',#1291,#1418);
#1418 = DEFINITIONAL_REPRESENTATION('',(#1419),#1423);
#1419 = LINE('',#1420,#1421);
#1420 = CARTESIAN_POINT('',(0.,0.));
#1421 = VECTOR('',#1422,1.);
#1422 = DIRECTION('',(0.,-1.));
#1423 = ( GEOMETRIC_REPRESENTATION_CONTEXT(2) 
PARAMETRIC_REPRESENTATION_CONTEXT() REPRESENTATION_CONTEXT('2D SPACE',''
  ) );
#1424 = PCURVE('',#1367,#1425);
#1425 = DEFINITIONAL_REPRESENTATION('',(#1426),#1430);
#1426 = LINE('',#1427,#1428);
#1427 = CARTESIAN_POINT('',(0.,0.));
#1428 = VECTOR('',#1429,1.);
#1429 = DIRECTION('',(0.,-1.));
#1430 = ( GEOMETRIC_REPRESENTATION_CONTEXT(2) 
PARAMETRIC_REPRESENTATION_CONTEXT() REPRESENTATION_CONTEXT('2D SPACE',''
  ) );
#1431 = ORIENTED_EDGE('',*,*,#1274,.F.);
#1432 = ORIENTED_EDGE('',*,*,#1433,.F.);
#1433 = EDGE_CURVE('',#1384,#1275,#1434,.T.);
#1434 = SURFACE_CURVE('',#1435,(#1439,#1446),.PCURVE_S1.);
#1435 = LINE('',#1436,#1437);
#1436 = CARTESIAN_POINT('',(173.02917130068,28.228929763034,
    43.754841132703));
#1437 = VECTOR('',#1438,1.);
#1438 = DIRECTION('',(1.,0.,2.22044604925E-16));
#1439 = PCURVE('',#1291,#1440);
#1440 = DEFINITIONAL_REPRESENTATION('',(#1441),#1445);
#1441 = LINE('',#1442,#1443);
#1442 = CARTESIAN_POINT('',(56.457859526069,0.));
#1443 = VECTOR('',#1444,1.);
#1444 = DIRECTION('',(0.,-1.));
#1445 = ( GEOMETRIC_REPRESENTATION_CONTEXT(2) 
PARAMETRIC_REPRESENTATION_CONTEXT() REPRESENTATION_CONTEXT('2D SPACE',''
  ) );
#1446 = PCURVE('',#1317,#1447);
#1447 = DEFINITIONAL_REPRESENTATION('',(#1448),#1452);
#1448 = LINE('',#1449,#1450);
#1449 = CARTESIAN_POINT('',(0.,0.));
#1450 = VECTOR('',#1451,1.);
#1451 = DIRECTION('',(0.,-1.));
#1452 = ( GEOMETRIC_REPRESENTATION_CONTEXT(2) 
PARAMETRIC_REPRESENTATION_CONTEXT() REPRESENTATION_CONTEXT('2D SPACE',''
  ) );
#1453 = ADVANCED_FACE('',(#1454),#1367,.T.);
#1454 = FACE_BOUND('',#1455,.T.);
#1455 = EDGE_LOOP('',(#1456,#1479,#1480,#1481));
#1456 = ORIENTED_EDGE('',*,*,#1457,.F.);
#1457 = EDGE_CURVE('',#1382,#1458,#1460,.T.);
#1458 = VERTEX_POINT('',#1459);
#1459 = CARTESIAN_POINT('',(173.02917130068,-28.22892976303,
    -43.7548411327));
#1460 = SURFACE_CURVE('',#1461,(#1465,#1472),.PCURVE_S1.);
#1461 = LINE('',#1462,#1463);
#1462 = CARTESIAN_POINT('',(173.02917130068,-28.22892976303,0.));
#1463 = VECTOR('',#1464,1.);
#1464 = DIRECTION('',(2.22044604925E-16,0.,-1.));
#1465 = PCURVE('',#1367,#1466);
#1466 = DEFINITIONAL_REPRESENTATION('',(#1467),#1471);
#1467 = LINE('',#1468,#1469);
#1468 = CARTESIAN_POINT('',(43.754841132703,0.));
#1469 = VECTOR('',#1470,1.);
#1470 = DIRECTION('',(1.,0.));
#1471 = ( GEOMETRIC_REPRESENTATION_CONTEXT(2) 
PARAMETRIC_REPRESENTATION_CONTEXT() REPRESENTATION_CONTEXT('2D SPACE',''
  ) );
#1472 = PCURVE('',#1399,#1473);
#1473 = DEFINITIONAL_REPRESENTATION('',(#1474),#1478);
#1474 = LINE('',#1475,#1476);
#1475 = CARTESIAN_POINT('',(0.,-28.22892976303));
#1476 = VECTOR('',#1477,1.);
#1477 = DIRECTION('',(1.,0.));
#1478 = ( GEOMETRIC_REPRESENTATION_CONTEXT(2) 
PARAMETRIC_REPRESENTATION_CONTEXT() REPRESENTATION_CONTEXT('2D SPACE',''
  ) );
#1479 = ORIENTED_EDGE('',*,*,#1411,.T.);
#1480 = ORIENTED_EDGE('',*,*,#1354,.F.);
#1481 = ORIENTED_EDGE('',*,*,#1482,.F.);
#1482 = EDGE_CURVE('',#1458,#1329,#1483,.T.);
#1483 = SURFACE_CURVE('',#1484,(#1488,#1495),.PCURVE_S1.);
#1484 = LINE('',#1485,#1486);
#1485 = CARTESIAN_POINT('',(173.02917130068,-28.22892976303,
    -43.7548411327));
#1486 = VECTOR('',#1487,1.);
#1487 = DIRECTION('',(1.,0.,2.22044604925E-16));
#1488 = PCURVE('',#1367,#1489);
#1489 = DEFINITIONAL_REPRESENTATION('',(#1490),#1494);
#1490 = LINE('',#1491,#1492);
#1491 = CARTESIAN_POINT('',(87.509682265406,0.));
#1492 = VECTOR('',#1493,1.);
#1493 = DIRECTION('',(0.,-1.));
#1494 = ( GEOMETRIC_REPRESENTATION_CONTEXT(2) 
PARAMETRIC_REPRESENTATION_CONTEXT() REPRESENTATION_CONTEXT('2D SPACE',''
  ) );
#1495 = PCURVE('',#1343,#1496);
#1496 = DEFINITIONAL_REPRESENTATION('',(#1497),#1501);
#1497 = LINE('',#1498,#1499);
#1498 = CARTESIAN_POINT('',(0.,0.));
#1499 = VECTOR('',#1500,1.);
#1500 = DIRECTION('',(0.,-1.));
#1501 = ( GEOMETRIC_REPRESENTATION_CONTEXT(2) 
PARAMETRIC_REPRESENTATION_CONTEXT() REPRESENTATION_CONTEXT('2D SPACE',''
  ) );
#1502 = ADVANCED_FACE('',(#1503),#1343,.T.);
#1503 = FACE_BOUND('',#1504,.T.);
#1504 = EDGE_LOOP('',(#1505,#1528,#1529,#1530));
#1505 = ORIENTED_EDGE('',*,*,#1506,.F.);
#1506 = EDGE_CURVE('',#1458,#1507,#1509,.T.);
#1507 = VERTEX_POINT('',#1508);
#1508 = CARTESIAN_POINT('',(173.02917130068,28.228929763034,
    -43.7548411327));
#1509 = SURFACE_CURVE('',#1510,(#1514,#1521),.PCURVE_S1.);
#1510 = LINE('',#1511,#1512);
#1511 = CARTESIAN_POINT('',(173.02917130068,0.,-43.7548411327));
#1512 = VECTOR('',#1513,1.);
#1513 = DIRECTION('',(0.,1.,0.));
#1514 = PCURVE('',#1343,#1515);
#1515 = DEFINITIONAL_REPRESENTATION('',(#1516),#1520);
#1516 = LINE('',#1517,#1518);
#1517 = CARTESIAN_POINT('',(28.228929763034,0.));
#1518 = VECTOR('',#1519,1.);
#1519 = DIRECTION('',(1.,0.));
#1520 = ( GEOMETRIC_REPRESENTATION_CONTEXT(2) 
PARAMETRIC_REPRESENTATION_CONTEXT() REPRESENTATION_CONTEXT('2D SPACE',''
  ) );
#1521 = PCURVE('',#1399,#1522);
#1522 = DEFINITIONAL_REPRESENTATION('',(#1523),#1527);
#1523 = LINE('',#1524,#1525);
#1524 = CARTESIAN_POINT('',(43.754841132703,0.));
#1525 = VECTOR('',#1526,1.);
#1526 = DIRECTION('',(0.,1.));
#1527 = ( GEOMETRIC_REPRESENTATION_CONTEXT(2) 
PARAMETRIC_REPRESENTATION_CONTEXT() REPRESENTATION_CONTEXT('2D SPACE',''
  ) );
#1528 = ORIENTED_EDGE('',*,*,#1482,.T.);
#1529 = ORIENTED_EDGE('',*,*,#1328,.F.);
#1530 = ORIENTED_EDGE('',*,*,#1531,.F.);
#1531 = EDGE_CURVE('',#1507,#1303,#1532,.T.);
#1532 = SURFACE_CURVE('',#1533,(#1537,#1544),.PCURVE_S1.);
#1533 = LINE('',#1534,#1535);
#1534 = CARTESIAN_POINT('',(173.02917130068,28.228929763034,
    -43.7548411327));
#1535 = VECTOR('',#1536,1.);
#1536 = DIRECTION('',(1.,0.,2.22044604925E-16));
#1537 = PCURVE('',#1343,#1538);
#1538 = DEFINITIONAL_REPRESENTATION('',(#1539),#1543);
#1539 = LINE('',#1540,#1541);
#1540 = CARTESIAN_POINT('',(56.457859526069,0.));
#1541 = VECTOR('',#1542,1.);
#1542 = DIRECTION('',(0.,-1.));
#1543 = ( GEOMETRIC_REPRESENTATION_CONTEXT(2) 
PARAMETRIC_REPRESENTATION_CONTEXT() REPRESENTATION_CONTEXT('2D SPACE',''
  ) );
#1544 = PCURVE('',#1317,#1545);
#1545 = DEFINITIONAL_REPRESENTATION('',(#1546),#1550);
#1546 = LINE('',#1547,#1548);
#1547 = CARTESIAN_POINT('',(87.509682265406,0.));
#1548 = VECTOR('',#1549,1.);
#1549 = DIRECTION('',(0.,-1.));
#1550 = ( GEOMETRIC_REPRESENTATION_CONTEXT(2) 
PARAMETRIC_REPRESENTATION_CONTEXT() REPRESENTATION_CONTEXT('2D SPACE',''
  ) );
#1551 = ADVANCED_FACE('',(#1552),#1317,.F.);
#1552 = FACE_BOUND('',#1553,.F.);
#1553 = EDGE_LOOP('',(#1554,#1575,#1576,#1577));
#1554 = ORIENTED_EDGE('',*,*,#1555,.F.);
#1555 = EDGE_CURVE('',#1384,#1507,#1556,.T.);
#1556 = SURFACE_CURVE('',#1557,(#1561,#1568),.PCURVE_S1.);
#1557 = LINE('',#1558,#1559);
#1558 = CARTESIAN_POINT('',(173.02917130068,28.228929763034,0.));
#1559 = VECTOR('',#1560,1.);
#1560 = DIRECTION('',(2.22044604925E-16,0.,-1.));
#1561 = PCURVE('',#1317,#1562);
#1562 = DEFINITIONAL_REPRESENTATION('',(#1563),#1567);
#1563 = LINE('',#1564,#1565);
#1564 = CARTESIAN_POINT('',(43.754841132703,0.));
#1565 = VECTOR('',#1566,1.);
#1566 = DIRECTION('',(1.,0.));
#1567 = ( GEOMETRIC_REPRESENTATION_CONTEXT(2) 
PARAMETRIC_REPRESENTATION_CONTEXT() REPRESENTATION_CONTEXT('2D SPACE',''
  ) );
#1568 = PCURVE('',#1399,#1569);
#1569 = DEFINITIONAL_REPRESENTATION('',(#1570),#1574);
#1570 = LINE('',#1571,#1572);
#1571 = CARTESIAN_POINT('',(0.,28.228929763034));
#1572 = VECTOR('',#1573,1.);
#1573 = DIRECTION('',(1.,0.));
#1574 = ( GEOMETRIC_REPRESENTATION_CONTEXT(2) 
PARAMETRIC_REPRESENTATION_CONTEXT() REPRESENTATION_CONTEXT('2D SPACE',''
  ) );
#1575 = ORIENTED_EDGE('',*,*,#1433,.T.);
#1576 = ORIENTED_EDGE('',*,*,#1302,.F.);
#1577 = ORIENTED_EDGE('',*,*,#1531,.F.);
#1578 = ADVANCED_FACE('',(#1579,#1585,#1873),#1399,.T.);
#1579 = FACE_BOUND('',#1580,.T.);
#1580 = EDGE_LOOP('',(#1581,#1582,#1583,#1584));
#1581 = ORIENTED_EDGE('',*,*,#1381,.F.);
#1582 = ORIENTED_EDGE('',*,*,#1457,.T.);
#1583 = ORIENTED_EDGE('',*,*,#1506,.T.);
#1584 = ORIENTED_EDGE('',*,*,#1555,.F.);
#1585 = FACE_BOUND('',#1586,.T.);
#1586 = EDGE_LOOP('',(#1587,#1615,#1641,#1667,#1693,#1719,#1745,#1771,
    #1797,#1823,#1849));
#1587 = ORIENTED_EDGE('',*,*,#1588,.F.);
#1588 = EDGE_CURVE('',#1589,#1591,#1593,.T.);
#1589 = VERTEX_POINT('',#1590);
#1590 = CARTESIAN_POINT('',(173.02917130068,-2.935810561892,
    8.403776282128));
#1591 = VERTEX_POINT('',#1592);
#1592 = CARTESIAN_POINT('',(173.02917130068,-9.174404039523,
    8.403776282128));
#1593 = SURFACE_CURVE('',#1594,(#1598,#1604),.PCURVE_S1.);
#1594 = LINE('',#1595,#1596);
#1595 = CARTESIAN_POINT('',(173.02917130068,-4.587202019762,
    8.403776282128));
#1596 = VECTOR('',#1597,1.);
#1597 = DIRECTION('',(0.,-1.,0.));
#1598 = PCURVE('',#1399,#1599);
#1599 = DEFINITIONAL_REPRESENTATION('',(#1600),#1603);
#1600 = B_SPLINE_CURVE_WITH_KNOTS('',1,(#1601,#1602),.UNSPECIFIED.,.F.,
  .F.,(2,2),(-1.651391457869,4.587202019762),.PIECEWISE_BEZIER_KNOTS.);
#1601 = CARTESIAN_POINT('',(-8.403776282128,-2.935810561892));
#1602 = CARTESIAN_POINT('',(-8.403776282128,-9.174404039523));
#1603 = ( GEOMETRIC_REPRESENTATION_CONTEXT(2) 
PARAMETRIC_REPRESENTATION_CONTEXT() REPRESENTATION_CONTEXT('2D SPACE',''
  ) );
#1604 = PCURVE('',#1605,#1610);
#1605 = PLANE('',#1606);
#1606 = AXIS2_PLACEMENT_3D('',#1607,#1608,#1609);
#1607 = CARTESIAN_POINT('',(171.27917130068,-9.174404039523,
    8.403776282128));
#1608 = DIRECTION('',(-1.110223024625E-16,0.,1.));
#1609 = DIRECTION('',(0.,1.,0.));
#1610 = DEFINITIONAL_REPRESENTATION('',(#1611),#1614);
#1611 = B_SPLINE_CURVE_WITH_KNOTS('',1,(#1612,#1613),.UNSPECIFIED.,.F.,
  .F.,(2,2),(-1.651391457869,4.587202019762),.PIECEWISE_BEZIER_KNOTS.);
#1612 = CARTESIAN_POINT('',(6.238593477631,-1.75));
#1613 = CARTESIAN_POINT('',(0.,-1.75));
#1614 = ( GEOMETRIC_REPRESENTATION_CONTEXT(2) 
PARAMETRIC_REPRESENTATION_CONTEXT() REPRESENTATION_CONTEXT('2D SPACE',''
  ) );
#1615 = ORIENTED_EDGE('',*,*,#1616,.F.);
#1616 = EDGE_CURVE('',#1617,#1589,#1619,.T.);
#1617 = VERTEX_POINT('',#1618);
#1618 = CARTESIAN_POINT('',(173.02917130068,-2.935810561892,
    19.37626571433));
#1619 = SURFACE_CURVE('',#1620,(#1624,#1630),.PCURVE_S1.);
#1620 = LINE('',#1621,#1622);
#1621 = CARTESIAN_POINT('',(173.02917130068,-2.935810561892,
    4.201888141064));
#1622 = VECTOR('',#1623,1.);
#1623 = DIRECTION('',(2.22044604925E-16,0.,-1.));
#1624 = PCURVE('',#1399,#1625);
#1625 = DEFINITIONAL_REPRESENTATION('',(#1626),#1629);
#1626 = B_SPLINE_CURVE_WITH_KNOTS('',1,(#1627,#1628),.UNSPECIFIED.,.F.,
  .F.,(2,2),(-15.17437757326,-4.201888141064),.PIECEWISE_BEZIER_KNOTS.);
#1627 = CARTESIAN_POINT('',(-19.37626571433,-2.935810561892));
#1628 = CARTESIAN_POINT('',(-8.403776282128,-2.935810561892));
#1629 = ( GEOMETRIC_REPRESENTATION_CONTEXT(2) 
PARAMETRIC_REPRESENTATION_CONTEXT() REPRESENTATION_CONTEXT('2D SPACE',''
  ) );
#1630 = PCURVE('',#1631,#1636);
#1631 = PLANE('',#1632);
#1632 = AXIS2_PLACEMENT_3D('',#1633,#1634,#1635);
#1633 = CARTESIAN_POINT('',(171.27917130068,-2.935810561892,
    8.403776282128));
#1634 = DIRECTION('',(0.,-1.,0.));
#1635 = DIRECTION('',(-1.110223024625E-16,0.,1.));
#1636 = DEFINITIONAL_REPRESENTATION('',(#1637),#1640);
#1637 = B_SPLINE_CURVE_WITH_KNOTS('',1,(#1638,#1639),.UNSPECIFIED.,.F.,
  .F.,(2,2),(-15.17437757326,-4.201888141064),.PIECEWISE_BEZIER_KNOTS.);
#1638 = CARTESIAN_POINT('',(10.972489432202,-1.75));
#1639 = CARTESIAN_POINT('',(0.,-1.75));
#1640 = ( GEOMETRIC_REPRESENTATION_CONTEXT(2) 
PARAMETRIC_REPRESENTATION_CONTEXT() REPRESENTATION_CONTEXT('2D SPACE',''
  ) );
#1641 = ORIENTED_EDGE('',*,*,#1642,.F.);
#1642 = EDGE_CURVE('',#1643,#1617,#1645,.T.);
#1643 = VERTEX_POINT('',#1644);
#1644 = CARTESIAN_POINT('',(173.02917130068,0.477114829803,
    19.37626571433));
#1645 = SURFACE_CURVE('',#1646,(#1650,#1656),.PCURVE_S1.);
#1646 = LINE('',#1647,#1648);
#1647 = CARTESIAN_POINT('',(173.02917130068,-1.467905280946,
    19.37626571433));
#1648 = VECTOR('',#1649,1.);
#1649 = DIRECTION('',(0.,-1.,0.));
#1650 = PCURVE('',#1399,#1651);
#1651 = DEFINITIONAL_REPRESENTATION('',(#1652),#1655);
#1652 = B_SPLINE_CURVE_WITH_KNOTS('',1,(#1653,#1654),.UNSPECIFIED.,.F.,
  .F.,(2,2),(-1.945020110749,1.467905280946),.PIECEWISE_BEZIER_KNOTS.);
#1653 = CARTESIAN_POINT('',(-19.37626571433,0.477114829803));
#1654 = CARTESIAN_POINT('',(-19.37626571433,-2.935810561892));
#1655 = ( GEOMETRIC_REPRESENTATION_CONTEXT(2) 
PARAMETRIC_REPRESENTATION_CONTEXT() REPRESENTATION_CONTEXT('2D SPACE',''
  ) );
#1656 = PCURVE('',#1657,#1662);
#1657 = PLANE('',#1658);
#1658 = AXIS2_PLACEMENT_3D('',#1659,#1660,#1661);
#1659 = CARTESIAN_POINT('',(171.27917130068,-2.935810561892,
    19.37626571433));
#1660 = DIRECTION('',(-1.110223024625E-16,0.,1.));
#1661 = DIRECTION('',(0.,1.,0.));
#1662 = DEFINITIONAL_REPRESENTATION('',(#1663),#1666);
#1663 = B_SPLINE_CURVE_WITH_KNOTS('',1,(#1664,#1665),.UNSPECIFIED.,.F.,
  .F.,(2,2),(-1.945020110749,1.467905280946),.PIECEWISE_BEZIER_KNOTS.);
#1664 = CARTESIAN_POINT('',(3.412925391696,-1.75));
#1665 = CARTESIAN_POINT('',(0.,-1.75));
#1666 = ( GEOMETRIC_REPRESENTATION_CONTEXT(2) 
PARAMETRIC_REPRESENTATION_CONTEXT() REPRESENTATION_CONTEXT('2D SPACE',''
  ) );
#1667 = ORIENTED_EDGE('',*,*,#1668,.F.);
#1668 = EDGE_CURVE('',#1669,#1643,#1671,.T.);
#1669 = VERTEX_POINT('',#1670);
#1670 = CARTESIAN_POINT('',(173.02917130068,16.844224414738,
    7.559683498868));
#1671 = SURFACE_CURVE('',#1672,(#1676,#1682),.PCURVE_S1.);
#1672 = LINE('',#1673,#1674);
#1673 = CARTESIAN_POINT('',(173.02917130068,4.918218708351,
    16.16991649085));
#1674 = VECTOR('',#1675,1.);
#1675 = DIRECTION('',(-1.299753206833E-16,-0.810775807426,0.585356805797
    ));
#1676 = PCURVE('',#1399,#1677);
#1677 = DEFINITIONAL_REPRESENTATION('',(#1678),#1681);
#1678 = B_SPLINE_CURVE_WITH_KNOTS('',1,(#1679,#1680),.UNSPECIFIED.,.F.,
  .F.,(2,2),(-14.70937538731,5.477597922718),.PIECEWISE_BEZIER_KNOTS.);
#1679 = CARTESIAN_POINT('',(-7.559683498868,16.844224414738));
#1680 = CARTESIAN_POINT('',(-19.37626571433,0.477114829803));
#1681 = ( GEOMETRIC_REPRESENTATION_CONTEXT(2) 
PARAMETRIC_REPRESENTATION_CONTEXT() REPRESENTATION_CONTEXT('2D SPACE',''
  ) );
#1682 = PCURVE('',#1683,#1688);
#1683 = PLANE('',#1684);
#1684 = AXIS2_PLACEMENT_3D('',#1685,#1686,#1687);
#1685 = CARTESIAN_POINT('',(171.27917130068,0.477114829803,
    19.37626571433));
#1686 = DIRECTION('',(-9.001419692137E-17,0.585356805797,0.810775807426)
  );
#1687 = DIRECTION('',(6.498766034164E-17,0.810775807426,-0.585356805797)
  );
#1688 = DEFINITIONAL_REPRESENTATION('',(#1689),#1692);
#1689 = B_SPLINE_CURVE_WITH_KNOTS('',1,(#1690,#1691),.UNSPECIFIED.,.F.,
  .F.,(2,2),(-14.70937538731,5.477597922718),.PIECEWISE_BEZIER_KNOTS.);
#1690 = CARTESIAN_POINT('',(20.186973310034,-1.75));
#1691 = CARTESIAN_POINT('',(0.,-1.75));
#1692 = ( GEOMETRIC_REPRESENTATION_CONTEXT(2) 
PARAMETRIC_REPRESENTATION_CONTEXT() REPRESENTATION_CONTEXT('2D SPACE',''
  ) );
#1693 = ORIENTED_EDGE('',*,*,#1694,.F.);
#1694 = EDGE_CURVE('',#1695,#1669,#1697,.T.);
#1695 = VERTEX_POINT('',#1696);
#1696 = CARTESIAN_POINT('',(173.02917130068,16.844224414738,
    5.174338933892));
#1697 = SURFACE_CURVE('',#1698,(#1702,#1708),.PCURVE_S1.);
#1698 = LINE('',#1699,#1700);
#1699 = CARTESIAN_POINT('',(173.02917130068,16.844224414738,
    3.779841749434));
#1700 = VECTOR('',#1701,1.);
#1701 = DIRECTION('',(-2.22044604925E-16,0.,1.));
#1702 = PCURVE('',#1399,#1703);
#1703 = DEFINITIONAL_REPRESENTATION('',(#1704),#1707);
#1704 = B_SPLINE_CURVE_WITH_KNOTS('',1,(#1705,#1706),.UNSPECIFIED.,.F.,
  .F.,(2,2),(1.394497184458,3.779841749434),.PIECEWISE_BEZIER_KNOTS.);
#1705 = CARTESIAN_POINT('',(-5.174338933892,16.844224414738));
#1706 = CARTESIAN_POINT('',(-7.559683498868,16.844224414738));
#1707 = ( GEOMETRIC_REPRESENTATION_CONTEXT(2) 
PARAMETRIC_REPRESENTATION_CONTEXT() REPRESENTATION_CONTEXT('2D SPACE',''
  ) );
#1708 = PCURVE('',#1709,#1714);
#1709 = PLANE('',#1710);
#1710 = AXIS2_PLACEMENT_3D('',#1711,#1712,#1713);
#1711 = CARTESIAN_POINT('',(171.27917130068,16.844224414738,
    7.559683498868));
#1712 = DIRECTION('',(0.,1.,0.));
#1713 = DIRECTION('',(1.110223024625E-16,0.,-1.));
#1714 = DEFINITIONAL_REPRESENTATION('',(#1715),#1718);
#1715 = B_SPLINE_CURVE_WITH_KNOTS('',1,(#1716,#1717),.UNSPECIFIED.,.F.,
  .F.,(2,2),(1.394497184458,3.779841749434),.PIECEWISE_BEZIER_KNOTS.);
#1716 = CARTESIAN_POINT('',(2.385344564976,-1.75));
#1717 = CARTESIAN_POINT('',(0.,-1.75));
#1718 = ( GEOMETRIC_REPRESENTATION_CONTEXT(2) 
PARAMETRIC_REPRESENTATION_CONTEXT() REPRESENTATION_CONTEXT('2D SPACE',''
  ) );
#1719 = ORIENTED_EDGE('',*,*,#1720,.F.);
#1720 = EDGE_CURVE('',#1721,#1695,#1723,.T.);
#1721 = VERTEX_POINT('',#1722);
#1722 = CARTESIAN_POINT('',(173.02917130068,-3.667558355652E-02,
    5.174338933892));
#1723 = SURFACE_CURVE('',#1724,(#1728,#1734),.PCURVE_S1.);
#1724 = LINE('',#1725,#1726);
#1725 = CARTESIAN_POINT('',(173.02917130068,8.422112207369,
    5.174338933892));
#1726 = VECTOR('',#1727,1.);
#1727 = DIRECTION('',(-0.,1.,0.));
#1728 = PCURVE('',#1399,#1729);
#1729 = DEFINITIONAL_REPRESENTATION('',(#1730),#1733);
#1730 = B_SPLINE_CURVE_WITH_KNOTS('',1,(#1731,#1732),.UNSPECIFIED.,.F.,
  .F.,(2,2),(-8.458787790926,8.422112207369),.PIECEWISE_BEZIER_KNOTS.);
#1731 = CARTESIAN_POINT('',(-5.174338933892,-3.667558355652E-02));
#1732 = CARTESIAN_POINT('',(-5.174338933892,16.844224414738));
#1733 = ( GEOMETRIC_REPRESENTATION_CONTEXT(2) 
PARAMETRIC_REPRESENTATION_CONTEXT() REPRESENTATION_CONTEXT('2D SPACE',''
  ) );
#1734 = PCURVE('',#1735,#1740);
#1735 = PLANE('',#1736);
#1736 = AXIS2_PLACEMENT_3D('',#1737,#1738,#1739);
#1737 = CARTESIAN_POINT('',(171.27917130068,16.844224414738,
    5.174338933892));
#1738 = DIRECTION('',(1.110223024625E-16,0.,-1.));
#1739 = DIRECTION('',(0.,-1.,0.));
#1740 = DEFINITIONAL_REPRESENTATION('',(#1741),#1744);
#1741 = B_SPLINE_CURVE_WITH_KNOTS('',1,(#1742,#1743),.UNSPECIFIED.,.F.,
  .F.,(2,2),(-8.458787790926,8.422112207369),.PIECEWISE_BEZIER_KNOTS.);
#1742 = CARTESIAN_POINT('',(16.880899998295,-1.75));
#1743 = CARTESIAN_POINT('',(0.,-1.75));
#1744 = ( GEOMETRIC_REPRESENTATION_CONTEXT(2) 
PARAMETRIC_REPRESENTATION_CONTEXT() REPRESENTATION_CONTEXT('2D SPACE',''
  ) );
#1745 = ORIENTED_EDGE('',*,*,#1746,.F.);
#1746 = EDGE_CURVE('',#1747,#1721,#1749,.T.);
#1747 = VERTEX_POINT('',#1748);
#1748 = CARTESIAN_POINT('',(173.02917130068,-3.667558355652E-02,
    1.321090021238));
#1749 = SURFACE_CURVE('',#1750,(#1754,#1760),.PCURVE_S1.);
#1750 = LINE('',#1751,#1752);
#1751 = CARTESIAN_POINT('',(173.02917130068,-3.667558355652E-02,
    2.587169466946));
#1752 = VECTOR('',#1753,1.);
#1753 = DIRECTION('',(-2.22044604925E-16,0.,1.));
#1754 = PCURVE('',#1399,#1755);
#1755 = DEFINITIONAL_REPRESENTATION('',(#1756),#1759);
#1756 = B_SPLINE_CURVE_WITH_KNOTS('',1,(#1757,#1758),.UNSPECIFIED.,.F.,
  .F.,(2,2),(-1.266079445708,2.587169466946),.PIECEWISE_BEZIER_KNOTS.);
#1757 = CARTESIAN_POINT('',(-1.321090021238,-3.667558355652E-02));
#1758 = CARTESIAN_POINT('',(-5.174338933892,-3.667558355652E-02));
#1759 = ( GEOMETRIC_REPRESENTATION_CONTEXT(2) 
PARAMETRIC_REPRESENTATION_CONTEXT() REPRESENTATION_CONTEXT('2D SPACE',''
  ) );
#1760 = PCURVE('',#1761,#1766);
#1761 = PLANE('',#1762);
#1762 = AXIS2_PLACEMENT_3D('',#1763,#1764,#1765);
#1763 = CARTESIAN_POINT('',(171.27917130068,-3.667558355652E-02,
    5.174338933892));
#1764 = DIRECTION('',(0.,1.,0.));
#1765 = DIRECTION('',(1.110223024625E-16,0.,-1.));
#1766 = DEFINITIONAL_REPRESENTATION('',(#1767),#1770);
#1767 = B_SPLINE_CURVE_WITH_KNOTS('',1,(#1768,#1769),.UNSPECIFIED.,.F.,
  .F.,(2,2),(-1.266079445708,2.587169466946),.PIECEWISE_BEZIER_KNOTS.);
#1768 = CARTESIAN_POINT('',(3.853248912654,-1.75));
#1769 = CARTESIAN_POINT('',(0.,-1.75));
#1770 = ( GEOMETRIC_REPRESENTATION_CONTEXT(2) 
PARAMETRIC_REPRESENTATION_CONTEXT() REPRESENTATION_CONTEXT('2D SPACE',''
  ) );
#1771 = ORIENTED_EDGE('',*,*,#1772,.F.);
#1772 = EDGE_CURVE('',#1773,#1747,#1775,.T.);
#1773 = VERTEX_POINT('',#1774);
#1774 = CARTESIAN_POINT('',(173.02917130068,-2.935810561892,
    1.321090021238));
#1775 = SURFACE_CURVE('',#1776,(#1780,#1786),.PCURVE_S1.);
#1776 = LINE('',#1777,#1778);
#1777 = CARTESIAN_POINT('',(173.02917130068,-1.833779177826E-02,
    1.321090021238));
#1778 = VECTOR('',#1779,1.);
#1779 = DIRECTION('',(-0.,1.,0.));
#1780 = PCURVE('',#1399,#1781);
#1781 = DEFINITIONAL_REPRESENTATION('',(#1782),#1785);
#1782 = B_SPLINE_CURVE_WITH_KNOTS('',1,(#1783,#1784),.UNSPECIFIED.,.F.,
  .F.,(2,2),(-2.917472770114,-1.833779177826E-02),
  .PIECEWISE_BEZIER_KNOTS.);
#1783 = CARTESIAN_POINT('',(-1.321090021238,-2.935810561892));
#1784 = CARTESIAN_POINT('',(-1.321090021238,-3.667558355652E-02));
#1785 = ( GEOMETRIC_REPRESENTATION_CONTEXT(2) 
PARAMETRIC_REPRESENTATION_CONTEXT() REPRESENTATION_CONTEXT('2D SPACE',''
  ) );
#1786 = PCURVE('',#1787,#1792);
#1787 = PLANE('',#1788);
#1788 = AXIS2_PLACEMENT_3D('',#1789,#1790,#1791);
#1789 = CARTESIAN_POINT('',(171.27917130068,-3.667558355652E-02,
    1.321090021238));
#1790 = DIRECTION('',(1.110223024625E-16,0.,-1.));
#1791 = DIRECTION('',(0.,-1.,0.));
#1792 = DEFINITIONAL_REPRESENTATION('',(#1793),#1796);
#1793 = B_SPLINE_CURVE_WITH_KNOTS('',1,(#1794,#1795),.UNSPECIFIED.,.F.,
  .F.,(2,2),(-2.917472770114,-1.833779177826E-02),
  .PIECEWISE_BEZIER_KNOTS.);
#1794 = CARTESIAN_POINT('',(2.899134978336,-1.75));
#1795 = CARTESIAN_POINT('',(0.,-1.75));
#1796 = ( GEOMETRIC_REPRESENTATION_CONTEXT(2) 
PARAMETRIC_REPRESENTATION_CONTEXT() REPRESENTATION_CONTEXT('2D SPACE',''
  ) );
#1797 = ORIENTED_EDGE('',*,*,#1798,.F.);
#1798 = EDGE_CURVE('',#1799,#1773,#1801,.T.);
#1799 = VERTEX_POINT('',#1800);
#1800 = CARTESIAN_POINT('',(173.02917130068,-2.935810561892,
    5.174338933892));
#1801 = SURFACE_CURVE('',#1802,(#1806,#1812),.PCURVE_S1.);
#1802 = LINE('',#1803,#1804);
#1803 = CARTESIAN_POINT('',(173.02917130068,-2.935810561892,
    0.660545010619));
#1804 = VECTOR('',#1805,1.);
#1805 = DIRECTION('',(2.22044604925E-16,0.,-1.));
#1806 = PCURVE('',#1399,#1807);
#1807 = DEFINITIONAL_REPRESENTATION('',(#1808),#1811);
#1808 = B_SPLINE_CURVE_WITH_KNOTS('',1,(#1809,#1810),.UNSPECIFIED.,.F.,
  .F.,(2,2),(-4.513793923273,-0.660545010619),.PIECEWISE_BEZIER_KNOTS.);
#1809 = CARTESIAN_POINT('',(-5.174338933892,-2.935810561892));
#1810 = CARTESIAN_POINT('',(-1.321090021238,-2.935810561892));
#1811 = ( GEOMETRIC_REPRESENTATION_CONTEXT(2) 
PARAMETRIC_REPRESENTATION_CONTEXT() REPRESENTATION_CONTEXT('2D SPACE',''
  ) );
#1812 = PCURVE('',#1813,#1818);
#1813 = PLANE('',#1814);
#1814 = AXIS2_PLACEMENT_3D('',#1815,#1816,#1817);
#1815 = CARTESIAN_POINT('',(171.27917130068,-2.935810561892,
    1.321090021238));
#1816 = DIRECTION('',(0.,-1.,0.));
#1817 = DIRECTION('',(-1.110223024625E-16,0.,1.));
#1818 = DEFINITIONAL_REPRESENTATION('',(#1819),#1822);
#1819 = B_SPLINE_CURVE_WITH_KNOTS('',1,(#1820,#1821),.UNSPECIFIED.,.F.,
  .F.,(2,2),(-4.513793923273,-0.660545010619),.PIECEWISE_BEZIER_KNOTS.);
#1820 = CARTESIAN_POINT('',(3.853248912654,-1.75));
#1821 = CARTESIAN_POINT('',(0.,-1.75));
#1822 = ( GEOMETRIC_REPRESENTATION_CONTEXT(2) 
PARAMETRIC_REPRESENTATION_CONTEXT() REPRESENTATION_CONTEXT('2D SPACE',''
  ) );
#1823 = ORIENTED_EDGE('',*,*,#1824,.F.);
#1824 = EDGE_CURVE('',#1825,#1799,#1827,.T.);
#1825 = VERTEX_POINT('',#1826);
#1826 = CARTESIAN_POINT('',(173.02917130068,-9.174404039523,
    5.174338933892));
#1827 = SURFACE_CURVE('',#1828,(#1832,#1838),.PCURVE_S1.);
#1828 = LINE('',#1829,#1830);
#1829 = CARTESIAN_POINT('',(173.02917130068,-1.467905280946,
    5.174338933892));
#1830 = VECTOR('',#1831,1.);
#1831 = DIRECTION('',(-0.,1.,0.));
#1832 = PCURVE('',#1399,#1833);
#1833 = DEFINITIONAL_REPRESENTATION('',(#1834),#1837);
#1834 = B_SPLINE_CURVE_WITH_KNOTS('',1,(#1835,#1836),.UNSPECIFIED.,.F.,
  .F.,(2,2),(-7.706498758577,-1.467905280946),.PIECEWISE_BEZIER_KNOTS.);
#1835 = CARTESIAN_POINT('',(-5.174338933892,-9.174404039523));
#1836 = CARTESIAN_POINT('',(-5.174338933892,-2.935810561892));
#1837 = ( GEOMETRIC_REPRESENTATION_CONTEXT(2) 
PARAMETRIC_REPRESENTATION_CONTEXT() REPRESENTATION_CONTEXT('2D SPACE',''
  ) );
#1838 = PCURVE('',#1839,#1844);
#1839 = PLANE('',#1840);
#1840 = AXIS2_PLACEMENT_3D('',#1841,#1842,#1843);
#1841 = CARTESIAN_POINT('',(171.27917130068,-2.935810561892,
    5.174338933892));
#1842 = DIRECTION('',(1.110223024625E-16,0.,-1.));
#1843 = DIRECTION('',(0.,-1.,0.));
#1844 = DEFINITIONAL_REPRESENTATION('',(#1845),#1848);
#1845 = B_SPLINE_CURVE_WITH_KNOTS('',1,(#1846,#1847),.UNSPECIFIED.,.F.,
  .F.,(2,2),(-7.706498758577,-1.467905280946),.PIECEWISE_BEZIER_KNOTS.);
#1846 = CARTESIAN_POINT('',(6.238593477631,-1.75));
#1847 = CARTESIAN_POINT('',(0.,-1.75));
#1848 = ( GEOMETRIC_REPRESENTATION_CONTEXT(2) 
PARAMETRIC_REPRESENTATION_CONTEXT() REPRESENTATION_CONTEXT('2D SPACE',''
  ) );
#1849 = ORIENTED_EDGE('',*,*,#1850,.F.);
#1850 = EDGE_CURVE('',#1591,#1825,#1851,.T.);
#1851 = SURFACE_CURVE('',#1852,(#1856,#1862),.PCURVE_S1.);
#1852 = LINE('',#1853,#1854);
#1853 = CARTESIAN_POINT('',(173.02917130068,-9.174404039523,
    2.587169466946));
#1854 = VECTOR('',#1855,1.);
#1855 = DIRECTION('',(2.22044604925E-16,0.,-1.));
#1856 = PCURVE('',#1399,#1857);
#1857 = DEFINITIONAL_REPRESENTATION('',(#1858),#1861);
#1858 = B_SPLINE_CURVE_WITH_KNOTS('',1,(#1859,#1860),.UNSPECIFIED.,.F.,
  .F.,(2,2),(-5.816606815182,-2.587169466946),.PIECEWISE_BEZIER_KNOTS.);
#1859 = CARTESIAN_POINT('',(-8.403776282128,-9.174404039523));
#1860 = CARTESIAN_POINT('',(-5.174338933892,-9.174404039523));
#1861 = ( GEOMETRIC_REPRESENTATION_CONTEXT(2) 
PARAMETRIC_REPRESENTATION_CONTEXT() REPRESENTATION_CONTEXT('2D SPACE',''
  ) );
#1862 = PCURVE('',#1863,#1868);
#1863 = PLANE('',#1864);
#1864 = AXIS2_PLACEMENT_3D('',#1865,#1866,#1867);
#1865 = CARTESIAN_POINT('',(171.27917130068,-9.174404039523,
    5.174338933892));
#1866 = DIRECTION('',(0.,-1.,0.));
#1867 = DIRECTION('',(-1.110223024625E-16,0.,1.));
#1868 = DEFINITIONAL_REPRESENTATION('',(#1869),#1872);
#1869 = B_SPLINE_CURVE_WITH_KNOTS('',1,(#1870,#1871),.UNSPECIFIED.,.F.,
  .F.,(2,2),(-5.816606815182,-2.587169466946),.PIECEWISE_BEZIER_KNOTS.);
#1870 = CARTESIAN_POINT('',(3.229437348236,-1.75));
#1871 = CARTESIAN_POINT('',(0.,-1.75));
#1872 = ( GEOMETRIC_REPRESENTATION_CONTEXT(2) 
PARAMETRIC_REPRESENTATION_CONTEXT() REPRESENTATION_CONTEXT('2D SPACE',''
  ) );
#1873 = FACE_BOUND('',#1874,.T.);
#1874 = EDGE_LOOP('',(#1875,#1940,#2012,#2087,#2144,#2195,#2342,#2423,
    #2525,#2627));
#1875 = ORIENTED_EDGE('',*,*,#1876,.F.);
#1876 = EDGE_CURVE('',#1877,#1879,#1881,.T.);
#1877 = VERTEX_POINT('',#1878);
#1878 = CARTESIAN_POINT('',(173.02917130068,9.174400306449,
    -2.128509087477));
#1879 = VERTEX_POINT('',#1880);
#1880 = CARTESIAN_POINT('',(173.02917130068,3.412923525159,
    -1.578044957098));
#1881 = SURFACE_CURVE('',#1882,(#1897,#1915),.PCURVE_S1.);
#1882 = B_SPLINE_CURVE_WITH_KNOTS('',4,(#1883,#1884,#1885,#1886,#1887,
    #1888,#1889,#1890,#1891,#1892,#1893,#1894,#1895,#1896),
  .UNSPECIFIED.,.F.,.F.,(5,3,3,3,5),(0.,0.228949771164,0.471168971527,
    0.728338410277,1.),.UNSPECIFIED.);
#1883 = CARTESIAN_POINT('',(173.02917130068,9.174400306449,
    -2.128509087477));
#1884 = CARTESIAN_POINT('',(173.02917130068,8.851590801849,
    -2.057302472006));
#1885 = CARTESIAN_POINT('',(173.02917130068,8.526837719018,
    -1.993703628186));
#1886 = CARTESIAN_POINT('',(173.02917130068,8.20058516605,
    -1.937066871728));
#1887 = CARTESIAN_POINT('',(173.02917130068,7.526684049777,
    -1.833734778428));
#1888 = CARTESIAN_POINT('',(173.02917130068,7.178894407298,
    -1.787805606908));
#1889 = CARTESIAN_POINT('',(173.02917130068,6.830101340149,
    -1.748434533134));
#1890 = CARTESIAN_POINT('',(173.02917130068,6.10937476285,
    -1.679730830577));
#1891 = CARTESIAN_POINT('',(173.02917130068,5.737344430632,
    -1.651166968652));
#1892 = CARTESIAN_POINT('',(173.02917130068,5.364702193647,-1.6288090039
    ));
#1893 = CARTESIAN_POINT('',(173.02917130068,4.597503757575,
    -1.594602154661));
#1894 = CARTESIAN_POINT('',(173.02917130068,4.202898233514,
    -1.583415388322));
#1895 = CARTESIAN_POINT('',(173.02917130068,3.807997430594,
    -1.578044957098));
#1896 = CARTESIAN_POINT('',(173.02917130068,3.412923525159,
    -1.578044957098));
#1897 = PCURVE('',#1399,#1898);
#1898 = DEFINITIONAL_REPRESENTATION('',(#1899),#1914);
#1899 = B_SPLINE_CURVE_WITH_KNOTS('',4,(#1900,#1901,#1902,#1903,#1904,
    #1905,#1906,#1907,#1908,#1909,#1910,#1911,#1912,#1913),
  .UNSPECIFIED.,.F.,.F.,(5,3,3,3,5),(0.,0.228949771164,0.471168971527,
    0.728338410277,1.),.UNSPECIFIED.);
#1900 = CARTESIAN_POINT('',(2.128509087477,9.174400306449));
#1901 = CARTESIAN_POINT('',(2.057302472006,8.851590801849));
#1902 = CARTESIAN_POINT('',(1.993703628186,8.526837719018));
#1903 = CARTESIAN_POINT('',(1.937066871728,8.20058516605));
#1904 = CARTESIAN_POINT('',(1.833734778428,7.526684049777));
#1905 = CARTESIAN_POINT('',(1.787805606908,7.178894407298));
#1906 = CARTESIAN_POINT('',(1.748434533134,6.830101340149));
#1907 = CARTESIAN_POINT('',(1.679730830577,6.10937476285));
#1908 = CARTESIAN_POINT('',(1.651166968652,5.737344430632));
#1909 = CARTESIAN_POINT('',(1.6288090039,5.364702193647));
#1910 = CARTESIAN_POINT('',(1.594602154661,4.597503757575));
#1911 = CARTESIAN_POINT('',(1.583415388322,4.202898233514));
#1912 = CARTESIAN_POINT('',(1.578044957098,3.807997430594));
#1913 = CARTESIAN_POINT('',(1.578044957098,3.412923525159));
#1914 = ( GEOMETRIC_REPRESENTATION_CONTEXT(2) 
PARAMETRIC_REPRESENTATION_CONTEXT() REPRESENTATION_CONTEXT('2D SPACE',''
  ) );
#1915 = PCURVE('',#1916,#1923);
#1916 = SURFACE_OF_LINEAR_EXTRUSION('',#1917,#1921);
#1917 = B_SPLINE_CURVE_WITH_KNOTS('',2,(#1918,#1919,#1920),
  .UNSPECIFIED.,.F.,.F.,(3,3),(0.,1.),.PIECEWISE_BEZIER_KNOTS.);
#1918 = CARTESIAN_POINT('',(171.27917130068,3.412923525159,
    -1.578044957098));
#1919 = CARTESIAN_POINT('',(171.27917130068,6.678915132052,
    -1.578044957098));
#1920 = CARTESIAN_POINT('',(171.27917130068,9.174400306449,
    -2.128509087477));
#1921 = VECTOR('',#1922,1.);
#1922 = DIRECTION('',(-1.,-0.,-1.110223024625E-16));
#1923 = DEFINITIONAL_REPRESENTATION('',(#1924),#1939);
#1924 = B_SPLINE_CURVE_WITH_KNOTS('',4,(#1925,#1926,#1927,#1928,#1929,
    #1930,#1931,#1932,#1933,#1934,#1935,#1936,#1937,#1938),
  .UNSPECIFIED.,.F.,.F.,(5,3,3,3,5),(0.,0.228949771164,0.471168971527,
    0.728338410277,1.),.UNSPECIFIED.);
#1925 = CARTESIAN_POINT('',(1.,-1.75));
#1926 = CARTESIAN_POINT('',(0.935321293849,-1.75));
#1927 = CARTESIAN_POINT('',(0.87197531018,-1.75));
#1928 = CARTESIAN_POINT('',(0.809891674999,-1.75));
#1929 = CARTESIAN_POINT('',(0.684579176375,-1.75));
#1930 = CARTESIAN_POINT('',(0.621492896389,-1.75));
#1931 = CARTESIAN_POINT('',(0.55965833492,-1.75));
#1932 = CARTESIAN_POINT('',(0.434597715113,-1.75));
#1933 = CARTESIAN_POINT('',(0.371521573163,-1.75));
#1934 = CARTESIAN_POINT('',(0.309681615522,-1.75));
#1935 = CARTESIAN_POINT('',(0.184898821339,-1.75));
#1936 = CARTESIAN_POINT('',(0.122090318884,-1.75));
#1937 = CARTESIAN_POINT('',(6.048299459831E-02,-1.75));
#1938 = CARTESIAN_POINT('',(0.,-1.75));
#1939 = ( GEOMETRIC_REPRESENTATION_CONTEXT(2) 
PARAMETRIC_REPRESENTATION_CONTEXT() REPRESENTATION_CONTEXT('2D SPACE',''
  ) );
#1940 = ORIENTED_EDGE('',*,*,#1941,.F.);
#1941 = EDGE_CURVE('',#1942,#1877,#1944,.T.);
#1942 = VERTEX_POINT('',#1943);
#1943 = CARTESIAN_POINT('',(173.02917130068,13.082719523814,
    -3.523006271935));
#1944 = SURFACE_CURVE('',#1945,(#1963,#1984),.PCURVE_S1.);
#1945 = B_SPLINE_CURVE_WITH_KNOTS('',6,(#1946,#1947,#1948,#1949,#1950,
    #1951,#1952,#1953,#1954,#1955,#1956,#1957,#1958,#1959,#1960,#1961,
    #1962),.UNSPECIFIED.,.F.,.F.,(7,5,5,7),(0.,0.387187180544,
    0.850523332913,1.),.UNSPECIFIED.);
#1946 = CARTESIAN_POINT('',(173.02917130068,13.082719523814,
    -3.523006271935));
#1947 = CARTESIAN_POINT('',(173.02917130068,12.85549466488,
    -3.387261176747));
#1948 = CARTESIAN_POINT('',(173.02917130068,12.621017404155,
    -3.261776927576));
#1949 = CARTESIAN_POINT('',(173.02917130068,12.380943296646,
    -3.145245320093));
#1950 = CARTESIAN_POINT('',(173.02917130068,12.136473251332,
    -3.036658532973));
#1951 = CARTESIAN_POINT('',(173.02917130068,11.888451917165,
    -2.935145291439));
#1952 = CARTESIAN_POINT('',(173.02917130068,11.336922128821,
    -2.726038484723));
#1953 = CARTESIAN_POINT('',(173.02917130068,11.032198329905,
    -2.621214239981));
#1954 = CARTESIAN_POINT('',(173.02917130068,10.724169135367,
    -2.524217741065));
#1955 = CARTESIAN_POINT('',(173.02917130068,10.41351624669,
    -2.434143186329));
#1956 = CARTESIAN_POINT('',(173.02917130068,10.100721216501,
    -2.35023982133));
#1957 = CARTESIAN_POINT('',(173.02917130068,9.684566333847,
    -2.246609299109));
#1958 = CARTESIAN_POINT('',(173.02917130068,9.582868765189,
    -2.221910235064));
#1959 = CARTESIAN_POINT('',(173.02917130068,9.480993302933,
    -2.197769163734));
#1960 = CARTESIAN_POINT('',(173.02917130068,9.378950533161,
    -2.174166966317));
#1961 = CARTESIAN_POINT('',(173.02917130068,9.276750020165,
    -2.151085797904));
#1962 = CARTESIAN_POINT('',(173.02917130068,9.174400306449,
    -2.128509087477));
#1963 = PCURVE('',#1399,#1964);
#1964 = DEFINITIONAL_REPRESENTATION('',(#1965),#1983);
#1965 = B_SPLINE_CURVE_WITH_KNOTS('',6,(#1966,#1967,#1968,#1969,#1970,
    #1971,#1972,#1973,#1974,#1975,#1976,#1977,#1978,#1979,#1980,#1981,
    #1982),.UNSPECIFIED.,.F.,.F.,(7,5,5,7),(0.,0.387187180544,
    0.850523332913,1.),.UNSPECIFIED.);
#1966 = CARTESIAN_POINT('',(3.523006271935,13.082719523814));
#1967 = CARTESIAN_POINT('',(3.387261176747,12.85549466488));
#1968 = CARTESIAN_POINT('',(3.261776927576,12.621017404155));
#1969 = CARTESIAN_POINT('',(3.145245320093,12.380943296646));
#1970 = CARTESIAN_POINT('',(3.036658532973,12.136473251332));
#1971 = CARTESIAN_POINT('',(2.935145291439,11.888451917165));
#1972 = CARTESIAN_POINT('',(2.726038484723,11.336922128821));
#1973 = CARTESIAN_POINT('',(2.621214239981,11.032198329905));
#1974 = CARTESIAN_POINT('',(2.524217741065,10.724169135367));
#1975 = CARTESIAN_POINT('',(2.434143186329,10.41351624669));
#1976 = CARTESIAN_POINT('',(2.35023982133,10.100721216501));
#1977 = CARTESIAN_POINT('',(2.246609299109,9.684566333847));
#1978 = CARTESIAN_POINT('',(2.221910235064,9.582868765189));
#1979 = CARTESIAN_POINT('',(2.197769163734,9.480993302933));
#1980 = CARTESIAN_POINT('',(2.174166966317,9.378950533161));
#1981 = CARTESIAN_POINT('',(2.151085797904,9.276750020165));
#1982 = CARTESIAN_POINT('',(2.128509087477,9.174400306449));
#1983 = ( GEOMETRIC_REPRESENTATION_CONTEXT(2) 
PARAMETRIC_REPRESENTATION_CONTEXT() REPRESENTATION_CONTEXT('2D SPACE',''
  ) );
#1984 = PCURVE('',#1985,#1992);
#1985 = SURFACE_OF_LINEAR_EXTRUSION('',#1986,#1990);
#1986 = B_SPLINE_CURVE_WITH_KNOTS('',2,(#1987,#1988,#1989),
  .UNSPECIFIED.,.F.,.F.,(3,3),(0.,1.),.PIECEWISE_BEZIER_KNOTS.);
#1987 = CARTESIAN_POINT('',(171.27917130068,9.174400306449,
    -2.128509087477));
#1988 = CARTESIAN_POINT('',(171.27917130068,11.669885480846,
    -2.678973217857));
#1989 = CARTESIAN_POINT('',(171.27917130068,13.082719523814,
    -3.523006271935));
#1990 = VECTOR('',#1991,1.);
#1991 = DIRECTION('',(-1.,-0.,-1.110223024625E-16));
#1992 = DEFINITIONAL_REPRESENTATION('',(#1993),#2011);
#1993 = B_SPLINE_CURVE_WITH_KNOTS('',6,(#1994,#1995,#1996,#1997,#1998,
    #1999,#2000,#2001,#2002,#2003,#2004,#2005,#2006,#2007,#2008,#2009,
    #2010),.UNSPECIFIED.,.F.,.F.,(7,5,5,7),(0.,0.387187180544,
    0.850523332913,1.),.UNSPECIFIED.);
#1994 = CARTESIAN_POINT('',(1.,-1.75));
#1995 = CARTESIAN_POINT('',(0.919585438904,-1.75));
#1996 = CARTESIAN_POINT('',(0.842550421672,-1.75));
#1997 = CARTESIAN_POINT('',(0.768544828195,-1.75));
#1998 = CARTESIAN_POINT('',(0.697290699359,-1.75));
#1999 = CARTESIAN_POINT('',(0.628526351369,-1.75));
#2000 = CARTESIAN_POINT('',(0.482389761791,-1.75));
#2001 = CARTESIAN_POINT('',(0.406011613586,-1.75));
#2002 = CARTESIAN_POINT('',(0.332457715134,-1.75));
#2003 = CARTESIAN_POINT('',(0.261434311441,-1.75));
#2004 = CARTESIAN_POINT('',(0.192688708793,-1.75));
#2005 = CARTESIAN_POINT('',(0.104485585742,-1.75));
#2006 = CARTESIAN_POINT('',(8.318589981675E-02,-1.75));
#2007 = CARTESIAN_POINT('',(6.209391563107E-02,-1.75));
#2008 = CARTESIAN_POINT('',(4.120301275339E-02,-1.75));
#2009 = CARTESIAN_POINT('',(2.050697691296E-02,-1.75));
#2010 = CARTESIAN_POINT('',(0.,-1.75));
#2011 = ( GEOMETRIC_REPRESENTATION_CONTEXT(2) 
PARAMETRIC_REPRESENTATION_CONTEXT() REPRESENTATION_CONTEXT('2D SPACE',''
  ) );
#2012 = ORIENTED_EDGE('',*,*,#2013,.F.);
#2013 = EDGE_CURVE('',#2014,#1942,#2016,.T.);
#2014 = VERTEX_POINT('',#2015);
#2015 = CARTESIAN_POINT('',(173.02917130068,15.37632006706,
    -5.541374749992));
#2016 = SURFACE_CURVE('',#2017,(#2036,#2058),.PCURVE_S1.);
#2017 = B_SPLINE_CURVE_WITH_KNOTS('',5,(#2018,#2019,#2020,#2021,#2022,
    #2023,#2024,#2025,#2026,#2027,#2028,#2029,#2030,#2031,#2032,#2033,
    #2034,#2035),.UNSPECIFIED.,.F.,.F.,(6,4,4,4,6),(0.,0.242177313254,
    0.487792497126,0.7400602213,1.),.UNSPECIFIED.);
#2018 = CARTESIAN_POINT('',(173.02917130068,15.37632006706,
    -5.541374749992));
#2019 = CARTESIAN_POINT('',(173.02917130068,15.287369336963,
    -5.42277578726));
#2020 = CARTESIAN_POINT('',(173.02917130068,15.195214851662,
    -5.306533574872));
#2021 = CARTESIAN_POINT('',(173.02917130068,15.099962101219,
    -5.192730564663));
#2022 = CARTESIAN_POINT('',(173.02917130068,15.001730721998,
    -5.081428366195));
#2023 = CARTESIAN_POINT('',(173.02917130068,14.798143426006,
    -4.862363196837));
#2024 = CARTESIAN_POINT('',(173.02917130068,14.692705291015,
    -4.754672434628));
#2025 = CARTESIAN_POINT('',(173.02917130068,14.584478107266,
    -4.649638329491));
#2026 = CARTESIAN_POINT('',(173.02917130068,14.473607965555,
    -4.547279547117));
#2027 = CARTESIAN_POINT('',(173.02917130068,14.243806604636,
    -4.345214286949));
#2028 = CARTESIAN_POINT('',(173.02917130068,14.124738048287,
    -4.245654447687));
#2029 = CARTESIAN_POINT('',(173.02917130068,14.003196398783,
    -4.148917721169));
#2030 = CARTESIAN_POINT('',(173.02917130068,13.879340500949,
    -4.054982735146));
#2031 = CARTESIAN_POINT('',(173.02917130068,13.623471299975,
    -3.869872223727));
#2032 = CARTESIAN_POINT('',(173.02917130068,13.491324450082,
    -3.778867490531));
#2033 = CARTESIAN_POINT('',(173.02917130068,13.357047275858,
    -3.69076012099));
#2034 = CARTESIAN_POINT('',(173.02917130068,13.220797422575,
    -3.60549459473));
#2035 = CARTESIAN_POINT('',(173.02917130068,13.082719523814,
    -3.523006271935));
#2036 = PCURVE('',#1399,#2037);
#2037 = DEFINITIONAL_REPRESENTATION('',(#2038),#2057);
#2038 = B_SPLINE_CURVE_WITH_KNOTS('',5,(#2039,#2040,#2041,#2042,#2043,
    #2044,#2045,#2046,#2047,#2048,#2049,#2050,#2051,#2052,#2053,#2054,
    #2055,#2056),.UNSPECIFIED.,.F.,.F.,(6,4,4,4,6),(0.,0.242177313254,
    0.487792497126,0.7400602213,1.),.UNSPECIFIED.);
#2039 = CARTESIAN_POINT('',(5.541374749992,15.37632006706));
#2040 = CARTESIAN_POINT('',(5.42277578726,15.287369336963));
#2041 = CARTESIAN_POINT('',(5.306533574872,15.195214851662));
#2042 = CARTESIAN_POINT('',(5.192730564663,15.099962101219));
#2043 = CARTESIAN_POINT('',(5.081428366195,15.001730721998));
#2044 = CARTESIAN_POINT('',(4.862363196837,14.798143426006));
#2045 = CARTESIAN_POINT('',(4.754672434628,14.692705291015));
#2046 = CARTESIAN_POINT('',(4.649638329491,14.584478107266));
#2047 = CARTESIAN_POINT('',(4.547279547117,14.473607965555));
#2048 = CARTESIAN_POINT('',(4.345214286949,14.243806604636));
#2049 = CARTESIAN_POINT('',(4.245654447687,14.124738048287));
#2050 = CARTESIAN_POINT('',(4.148917721169,14.003196398783));
#2051 = CARTESIAN_POINT('',(4.054982735146,13.879340500949));
#2052 = CARTESIAN_POINT('',(3.869872223727,13.623471299975));
#2053 = CARTESIAN_POINT('',(3.778867490531,13.491324450082));
#2054 = CARTESIAN_POINT('',(3.69076012099,13.357047275858));
#2055 = CARTESIAN_POINT('',(3.60549459473,13.220797422575));
#2056 = CARTESIAN_POINT('',(3.523006271935,13.082719523814));
#2057 = ( GEOMETRIC_REPRESENTATION_CONTEXT(2) 
PARAMETRIC_REPRESENTATION_CONTEXT() REPRESENTATION_CONTEXT('2D SPACE',''
  ) );
#2058 = PCURVE('',#2059,#2066);
#2059 = SURFACE_OF_LINEAR_EXTRUSION('',#2060,#2064);
#2060 = B_SPLINE_CURVE_WITH_KNOTS('',2,(#2061,#2062,#2063),
  .UNSPECIFIED.,.F.,.F.,(3,3),(0.,1.),.PIECEWISE_BEZIER_KNOTS.);
#2061 = CARTESIAN_POINT('',(171.27917130068,13.082719523814,
    -3.523006271935));
#2062 = CARTESIAN_POINT('',(171.27917130068,14.495553566781,
    -4.367039326014));
#2063 = CARTESIAN_POINT('',(171.27917130068,15.37632006706,
    -5.541374749992));
#2064 = VECTOR('',#2065,1.);
#2065 = DIRECTION('',(-1.,-0.,-1.110223024625E-16));
#2066 = DEFINITIONAL_REPRESENTATION('',(#2067),#2086);
#2067 = B_SPLINE_CURVE_WITH_KNOTS('',5,(#2068,#2069,#2070,#2071,#2072,
    #2073,#2074,#2075,#2076,#2077,#2078,#2079,#2080,#2081,#2082,#2083,
    #2084,#2085),.UNSPECIFIED.,.F.,.F.,(6,4,4,4,6),(0.,0.242177313254,
    0.487792497126,0.7400602213,1.),.UNSPECIFIED.);
#2068 = CARTESIAN_POINT('',(1.,-1.75));
#2069 = CARTESIAN_POINT('',(0.949503795802,-1.75));
#2070 = CARTESIAN_POINT('',(0.899114467657,-1.75));
#2071 = CARTESIAN_POINT('',(0.848874993447,-1.75));
#2072 = CARTESIAN_POINT('',(0.798824847382,-1.75));
#2073 = CARTESIAN_POINT('',(0.69846785524,-1.75));
#2074 = CARTESIAN_POINT('',(0.648167158813,-1.75));
#2075 = CARTESIAN_POINT('',(0.59813525532,-1.75));
#2076 = CARTESIAN_POINT('',(0.548403914274,-1.75));
#2077 = CARTESIAN_POINT('',(0.448257970037,-1.75));
#2078 = CARTESIAN_POINT('',(0.397861198677,-1.75));
#2079 = CARTESIAN_POINT('',(0.347838558822,-1.75));
#2080 = CARTESIAN_POINT('',(0.298212488674,-1.75));
#2081 = CARTESIAN_POINT('',(0.198290843856,-1.75));
#2082 = CARTESIAN_POINT('',(0.1480208015,-1.75));
#2083 = CARTESIAN_POINT('',(9.820827840979E-02,-1.75));
#2084 = CARTESIAN_POINT('',(4.886557605575E-02,-1.75));
#2085 = CARTESIAN_POINT('',(0.,-1.75));
#2086 = ( GEOMETRIC_REPRESENTATION_CONTEXT(2) 
PARAMETRIC_REPRESENTATION_CONTEXT() REPRESENTATION_CONTEXT('2D SPACE',''
  ) );
#2087 = ORIENTED_EDGE('',*,*,#2088,.F.);
#2088 = EDGE_CURVE('',#2089,#2014,#2091,.T.);
#2089 = VERTEX_POINT('',#2090);
#2090 = CARTESIAN_POINT('',(173.02917130068,16.550655491039,
    -7.798241847038));
#2091 = SURFACE_CURVE('',#2092,(#2105,#2121),.PCURVE_S1.);
#2092 = B_SPLINE_CURVE_WITH_KNOTS('',6,(#2093,#2094,#2095,#2096,#2097,
    #2098,#2099,#2100,#2101,#2102,#2103,#2104),.UNSPECIFIED.,.F.,.F.,(7,
    5,7),(0.,0.309441958941,1.),.UNSPECIFIED.);
#2093 = CARTESIAN_POINT('',(173.02917130068,16.550655491039,
    -7.798241847038));
#2094 = CARTESIAN_POINT('',(173.02917130068,16.516765994525,
    -7.673274759591));
#2095 = CARTESIAN_POINT('',(173.02917130068,16.478604637355,
    -7.549134738682));
#2096 = CARTESIAN_POINT('',(173.02917130068,16.436412446175,
    -7.425932010695));
#2097 = CARTESIAN_POINT('',(173.02917130068,16.390435055964,
    -7.303748585971));
#2098 = CARTESIAN_POINT('',(173.02917130068,16.340912010715,
    -7.182640982588));
#2099 = CARTESIAN_POINT('',(173.02917130068,16.170133791862,
    -6.79485248467));
#2100 = CARTESIAN_POINT('',(173.02917130068,16.035683039169,
    -6.532655388703));
#2101 = CARTESIAN_POINT('',(173.02917130068,15.887159143927,
    -6.27630124925));
#2102 = CARTESIAN_POINT('',(173.02917130068,15.726697088915,
    -6.025793185004));
#2103 = CARTESIAN_POINT('',(173.02917130068,15.555998799197,
    -5.780942331203));
#2104 = CARTESIAN_POINT('',(173.02917130068,15.37632006706,
    -5.541374749992));
#2105 = PCURVE('',#1399,#2106);
#2106 = DEFINITIONAL_REPRESENTATION('',(#2107),#2120);
#2107 = B_SPLINE_CURVE_WITH_KNOTS('',6,(#2108,#2109,#2110,#2111,#2112,
    #2113,#2114,#2115,#2116,#2117,#2118,#2119),.UNSPECIFIED.,.F.,.F.,(7,
    5,7),(0.,0.309441958941,1.),.UNSPECIFIED.);
#2108 = CARTESIAN_POINT('',(7.798241847038,16.550655491039));
#2109 = CARTESIAN_POINT('',(7.673274759591,16.516765994525));
#2110 = CARTESIAN_POINT('',(7.549134738682,16.478604637355));
#2111 = CARTESIAN_POINT('',(7.425932010695,16.436412446175));
#2112 = CARTESIAN_POINT('',(7.303748585971,16.390435055964));
#2113 = CARTESIAN_POINT('',(7.182640982588,16.340912010715));
#2114 = CARTESIAN_POINT('',(6.79485248467,16.170133791862));
#2115 = CARTESIAN_POINT('',(6.532655388703,16.035683039169));
#2116 = CARTESIAN_POINT('',(6.27630124925,15.887159143927));
#2117 = CARTESIAN_POINT('',(6.025793185004,15.726697088915));
#2118 = CARTESIAN_POINT('',(5.780942331203,15.555998799197));
#2119 = CARTESIAN_POINT('',(5.541374749992,15.37632006706));
#2120 = ( GEOMETRIC_REPRESENTATION_CONTEXT(2) 
PARAMETRIC_REPRESENTATION_CONTEXT() REPRESENTATION_CONTEXT('2D SPACE',''
  ) );
#2121 = PCURVE('',#2122,#2129);
#2122 = SURFACE_OF_LINEAR_EXTRUSION('',#2123,#2127);
#2123 = B_SPLINE_CURVE_WITH_KNOTS('',2,(#2124,#2125,#2126),
  .UNSPECIFIED.,.F.,.F.,(3,3),(0.,1.),.PIECEWISE_BEZIER_KNOTS.);
#2124 = CARTESIAN_POINT('',(171.27917130068,15.37632006706,
    -5.541374749992));
#2125 = CARTESIAN_POINT('',(171.27917130068,16.257086567339,
    -6.715710173971));
#2126 = CARTESIAN_POINT('',(171.27917130068,16.550655491039,
    -7.798241847038));
#2127 = VECTOR('',#2128,1.);
#2128 = DIRECTION('',(-1.,-0.,-1.110223024625E-16));
#2129 = DEFINITIONAL_REPRESENTATION('',(#2130),#2143);
#2130 = B_SPLINE_CURVE_WITH_KNOTS('',6,(#2131,#2132,#2133,#2134,#2135,
    #2136,#2137,#2138,#2139,#2140,#2141,#2142),.UNSPECIFIED.,.F.,.F.,(7,
    5,7),(0.,0.309441958941,1.),.UNSPECIFIED.);
#2131 = CARTESIAN_POINT('',(1.,-1.75));
#2132 = CARTESIAN_POINT('',(0.942280170384,-1.75));
#2133 = CARTESIAN_POINT('',(0.885281394623,-1.75));
#2134 = CARTESIAN_POINT('',(0.829038662753,-1.75));
#2135 = CARTESIAN_POINT('',(0.773573007854,-1.75));
#2136 = CARTESIAN_POINT('',(0.718893626632,-1.75));
#2137 = CARTESIAN_POINT('',(0.544729700007,-1.75));
#2138 = CARTESIAN_POINT('',(0.428402884941,-1.75));
#2139 = CARTESIAN_POINT('',(0.315955538771,-1.75));
#2140 = CARTESIAN_POINT('',(0.207228169802,-1.75));
#2141 = CARTESIAN_POINT('',(0.102001343193,-1.75));
#2142 = CARTESIAN_POINT('',(0.,-1.75));
#2143 = ( GEOMETRIC_REPRESENTATION_CONTEXT(2) 
PARAMETRIC_REPRESENTATION_CONTEXT() REPRESENTATION_CONTEXT('2D SPACE',''
  ) );
#2144 = ORIENTED_EDGE('',*,*,#2145,.F.);
#2145 = EDGE_CURVE('',#2146,#2089,#2148,.T.);
#2146 = VERTEX_POINT('',#2147);
#2147 = CARTESIAN_POINT('',(173.02917130068,16.844224414738,
    -10.09184239028));
#2148 = SURFACE_CURVE('',#2149,(#2160,#2174),.PCURVE_S1.);
#2149 = B_SPLINE_CURVE_WITH_KNOTS('',5,(#2150,#2151,#2152,#2153,#2154,
    #2155,#2156,#2157,#2158,#2159),.UNSPECIFIED.,.F.,.F.,(6,4,6),(0.,
    0.508167139818,1.),.UNSPECIFIED.);
#2150 = CARTESIAN_POINT('',(173.02917130068,16.844224414738,
    -10.09184239028));
#2151 = CARTESIAN_POINT('',(173.02917130068,16.844224414738,
    -9.854581696055));
#2152 = CARTESIAN_POINT('',(173.02917130068,16.837182234017,
    -9.617769327404));
#2153 = CARTESIAN_POINT('',(173.02917130068,16.822785356934,
    -9.381671321238));
#2154 = CARTESIAN_POINT('',(173.02917130068,16.800743544064,
    -9.146599830298));
#2155 = CARTESIAN_POINT('',(173.02917130068,16.74188227991,
    -8.686727491842));
#2156 = CARTESIAN_POINT('',(173.02917130068,16.70556036245,
    -8.461837252382));
#2157 = CARTESIAN_POINT('',(173.02917130068,16.661663405282,
    -8.238560644629));
#2158 = CARTESIAN_POINT('',(173.02917130068,16.61004578453,
    -8.017242799072));
#2159 = CARTESIAN_POINT('',(173.02917130068,16.550655491039,
    -7.798241847038));
#2160 = PCURVE('',#1399,#2161);
#2161 = DEFINITIONAL_REPRESENTATION('',(#2162),#2173);
#2162 = B_SPLINE_CURVE_WITH_KNOTS('',5,(#2163,#2164,#2165,#2166,#2167,
    #2168,#2169,#2170,#2171,#2172),.UNSPECIFIED.,.F.,.F.,(6,4,6),(0.,
    0.508167139818,1.),.UNSPECIFIED.);
#2163 = CARTESIAN_POINT('',(10.091842390285,16.844224414738));
#2164 = CARTESIAN_POINT('',(9.854581696055,16.844224414738));
#2165 = CARTESIAN_POINT('',(9.617769327404,16.837182234017));
#2166 = CARTESIAN_POINT('',(9.381671321238,16.822785356934));
#2167 = CARTESIAN_POINT('',(9.146599830298,16.800743544064));
#2168 = CARTESIAN_POINT('',(8.686727491842,16.74188227991));
#2169 = CARTESIAN_POINT('',(8.461837252382,16.70556036245));
#2170 = CARTESIAN_POINT('',(8.238560644629,16.661663405282));
#2171 = CARTESIAN_POINT('',(8.017242799072,16.61004578453));
#2172 = CARTESIAN_POINT('',(7.798241847038,16.550655491039));
#2173 = ( GEOMETRIC_REPRESENTATION_CONTEXT(2) 
PARAMETRIC_REPRESENTATION_CONTEXT() REPRESENTATION_CONTEXT('2D SPACE',''
  ) );
#2174 = PCURVE('',#2175,#2182);
#2175 = SURFACE_OF_LINEAR_EXTRUSION('',#2176,#2180);
#2176 = B_SPLINE_CURVE_WITH_KNOTS('',2,(#2177,#2178,#2179),
  .UNSPECIFIED.,.F.,.F.,(3,3),(0.,1.),.PIECEWISE_BEZIER_KNOTS.);
#2177 = CARTESIAN_POINT('',(171.27917130068,16.550655491039,
    -7.798241847038));
#2178 = CARTESIAN_POINT('',(171.27917130068,16.844224414738,
    -8.880773520106));
#2179 = CARTESIAN_POINT('',(171.27917130068,16.844224414738,
    -10.09184239028));
#2180 = VECTOR('',#2181,1.);
#2181 = DIRECTION('',(-1.,-0.,-1.110223024625E-16));
#2182 = DEFINITIONAL_REPRESENTATION('',(#2183),#2194);
#2183 = B_SPLINE_CURVE_WITH_KNOTS('',5,(#2184,#2185,#2186,#2187,#2188,
    #2189,#2190,#2191,#2192,#2193),.UNSPECIFIED.,.F.,.F.,(6,4,6),(0.,
    0.508167139818,1.),.UNSPECIFIED.);
#2184 = CARTESIAN_POINT('',(1.,-1.75));
#2185 = CARTESIAN_POINT('',(0.902044920784,-1.75));
#2186 = CARTESIAN_POINT('',(0.803001940461,-1.75));
#2187 = CARTESIAN_POINT('',(0.702924402001,-1.75));
#2188 = CARTESIAN_POINT('',(0.601888714494,-1.75));
#2189 = CARTESIAN_POINT('',(0.40138634724,-1.75));
#2190 = CARTESIAN_POINT('',(0.301972699129,-1.75));
#2191 = CARTESIAN_POINT('',(0.201855932889,-1.75));
#2192 = CARTESIAN_POINT('',(0.101152214518,-1.75));
#2193 = CARTESIAN_POINT('',(0.,-1.75));
#2194 = ( GEOMETRIC_REPRESENTATION_CONTEXT(2) 
PARAMETRIC_REPRESENTATION_CONTEXT() REPRESENTATION_CONTEXT('2D SPACE',''
  ) );
#2195 = ORIENTED_EDGE('',*,*,#2196,.F.);
#2196 = EDGE_CURVE('',#2197,#2146,#2199,.T.);
#2197 = VERTEX_POINT('',#2198);
#2198 = CARTESIAN_POINT('',(173.02917130068,3.192642306318,
    -18.60563982347));
#2199 = SURFACE_CURVE('',#2200,(#2243,#2289),.PCURVE_S1.);
#2200 = B_SPLINE_CURVE_WITH_KNOTS('',6,(#2201,#2202,#2203,#2204,#2205,
    #2206,#2207,#2208,#2209,#2210,#2211,#2212,#2213,#2214,#2215,#2216,
    #2217,#2218,#2219,#2220,#2221,#2222,#2223,#2224,#2225,#2226,#2227,
    #2228,#2229,#2230,#2231,#2232,#2233,#2234,#2235,#2236,#2237,#2238,
    #2239,#2240,#2241,#2242),.UNSPECIFIED.,.F.,.F.,(7,5,5,5,5,5,5,5,7),(
    0.,0.235230294253,0.430744537487,0.581990787402,0.646411726447,
    0.763687292169,0.859416091965,0.907147398216,1.),.UNSPECIFIED.);
#2201 = CARTESIAN_POINT('',(173.02917130068,3.192642306318,
    -18.60563982347));
#2202 = CARTESIAN_POINT('',(173.02917130068,3.906058280411,
    -18.60563982347));
#2203 = CARTESIAN_POINT('',(173.02917130068,4.619367439396,
    -18.59168846297));
#2204 = CARTESIAN_POINT('',(173.02917130068,5.332370395383,
    -18.56215796845));
#2205 = CARTESIAN_POINT('',(173.02917130068,6.044520742489,
    -18.51500029477));
#2206 = CARTESIAN_POINT('',(173.02917130068,6.75492349974,
    -18.44768569205));
#2207 = CARTESIAN_POINT('',(173.02917130068,8.050239125463,
    -18.28105403552));
#2208 = CARTESIAN_POINT('',(173.02917130068,8.635906587546,
    -18.18908142953));
#2209 = CARTESIAN_POINT('',(173.02917130068,9.218716198467,
    -18.07874477375));
#2210 = CARTESIAN_POINT('',(173.02917130068,9.797386811025,
    -17.94755874226));
#2211 = CARTESIAN_POINT('',(173.02917130068,10.369932991244,
    -17.79253615579));
#2212 = CARTESIAN_POINT('',(173.02917130068,11.36960849004,
    -17.46849543626));
#2213 = CARTESIAN_POINT('',(173.02917130068,11.800154657486,
    -17.31064426032));
#2214 = CARTESIAN_POINT('',(173.02917130068,12.223969721757,
    -17.1345063707));
#2215 = CARTESIAN_POINT('',(173.02917130068,12.639036240731,
    -16.9381660599));
#2216 = CARTESIAN_POINT('',(173.02917130068,13.042594229875,
    -16.71962449993));
#2217 = CARTESIAN_POINT('',(173.02917130068,13.596904243758,
    -16.37392953682));
#2218 = CARTESIAN_POINT('',(173.02917130068,13.759772235577,
    -16.26634532256));
#2219 = CARTESIAN_POINT('',(173.02917130068,13.919663084614,
    -16.15431909028));
#2220 = CARTESIAN_POINT('',(173.02917130068,14.076278760414,
    -16.03775135103));
#2221 = CARTESIAN_POINT('',(173.02917130068,14.229302344842,
    -15.91657451494));
#2222 = CARTESIAN_POINT('',(173.02917130068,14.649846768962,
    -15.56173569917));
#2223 = CARTESIAN_POINT('',(173.02917130068,14.908380082657,
    -15.31728736071));
#2224 = CARTESIAN_POINT('',(173.02917130068,15.151878631093,
    -15.05739223125));
#2225 = CARTESIAN_POINT('',(173.02917130068,15.378329996325,
    -14.78243578884));
#2226 = CARTESIAN_POINT('',(173.02917130068,15.586050712105,
    -14.49340010632));
#2227 = CARTESIAN_POINT('',(173.02917130068,15.927309513163,
    -13.94613387252));
#2228 = CARTESIAN_POINT('',(173.02917130068,16.067509184439,
    -13.69192947902));
#2229 = CARTESIAN_POINT('',(173.02917130068,16.193941651145,
    -13.43042054153));
#2230 = CARTESIAN_POINT('',(173.02917130068,16.306426135758,
    -13.16264142741));
#2231 = CARTESIAN_POINT('',(173.02917130068,16.40510697224,
    -12.88967263089));
#2232 = CARTESIAN_POINT('',(173.02917130068,16.532870614825,
    -12.47444743624));
#2233 = CARTESIAN_POINT('',(173.02917130068,16.572044698274,
    -12.33526529921));
#2234 = CARTESIAN_POINT('',(173.02917130068,16.607932773304,
    -12.19517801103));
#2235 = CARTESIAN_POINT('',(173.02917130068,16.640598614571,
    -12.05430390597));
#2236 = CARTESIAN_POINT('',(173.02917130068,16.670116865866,
    -11.91275321392));
#2237 = CARTESIAN_POINT('',(173.02917130068,16.748026544002,
    -11.49414628957));
#2238 = CARTESIAN_POINT('',(173.02917130068,16.78787926422,
    -11.21549624696));
#2239 = CARTESIAN_POINT('',(173.02917130068,16.816732042018,
    -10.93540180911));
#2240 = CARTESIAN_POINT('',(173.02917130068,16.835281062098,
    -10.65446708144));
#2241 = CARTESIAN_POINT('',(173.02917130068,16.844224414738,-10.3731667)
  );
#2242 = CARTESIAN_POINT('',(173.02917130068,16.844224414738,
    -10.09184239028));
#2243 = PCURVE('',#1399,#2244);
#2244 = DEFINITIONAL_REPRESENTATION('',(#2245),#2288);
#2245 = B_SPLINE_CURVE_WITH_KNOTS('',6,(#2246,#2247,#2248,#2249,#2250,
    #2251,#2252,#2253,#2254,#2255,#2256,#2257,#2258,#2259,#2260,#2261,
    #2262,#2263,#2264,#2265,#2266,#2267,#2268,#2269,#2270,#2271,#2272,
    #2273,#2274,#2275,#2276,#2277,#2278,#2279,#2280,#2281,#2282,#2283,
    #2284,#2285,#2286,#2287),.UNSPECIFIED.,.F.,.F.,(7,5,5,5,5,5,5,5,7),(
    0.,0.235230294253,0.430744537487,0.581990787402,0.646411726447,
    0.763687292169,0.859416091965,0.907147398216,1.),.UNSPECIFIED.);
#2246 = CARTESIAN_POINT('',(18.605639823471,3.192642306318));
#2247 = CARTESIAN_POINT('',(18.605639823471,3.906058280411));
#2248 = CARTESIAN_POINT('',(18.591688462977,4.619367439396));
#2249 = CARTESIAN_POINT('',(18.562157968455,5.332370395383));
#2250 = CARTESIAN_POINT('',(18.515000294771,6.044520742489));
#2251 = CARTESIAN_POINT('',(18.447685692051,6.75492349974));
#2252 = CARTESIAN_POINT('',(18.281054035523,8.050239125463));
#2253 = CARTESIAN_POINT('',(18.189081429537,8.635906587546));
#2254 = CARTESIAN_POINT('',(18.078744773751,9.218716198467));
#2255 = CARTESIAN_POINT('',(17.947558742268,9.797386811025));
#2256 = CARTESIAN_POINT('',(17.792536155798,10.369932991244));
#2257 = CARTESIAN_POINT('',(17.46849543626,11.36960849004));
#2258 = CARTESIAN_POINT('',(17.310644260321,11.800154657486));
#2259 = CARTESIAN_POINT('',(17.134506370708,12.223969721757));
#2260 = CARTESIAN_POINT('',(16.938166059904,12.639036240731));
#2261 = CARTESIAN_POINT('',(16.719624499935,13.042594229875));
#2262 = CARTESIAN_POINT('',(16.373929536823,13.596904243758));
#2263 = CARTESIAN_POINT('',(16.266345322569,13.759772235577));
#2264 = CARTESIAN_POINT('',(16.154319090284,13.919663084614));
#2265 = CARTESIAN_POINT('',(16.037751351031,14.076278760414));
#2266 = CARTESIAN_POINT('',(15.916574514945,14.229302344842));
#2267 = CARTESIAN_POINT('',(15.561735699177,14.649846768962));
#2268 = CARTESIAN_POINT('',(15.317287360716,14.908380082657));
#2269 = CARTESIAN_POINT('',(15.057392231255,15.151878631093));
#2270 = CARTESIAN_POINT('',(14.782435788846,15.378329996325));
#2271 = CARTESIAN_POINT('',(14.493400106325,15.586050712105));
#2272 = CARTESIAN_POINT('',(13.946133872527,15.927309513163));
#2273 = CARTESIAN_POINT('',(13.691929479025,16.067509184439));
#2274 = CARTESIAN_POINT('',(13.430420541532,16.193941651145));
#2275 = CARTESIAN_POINT('',(13.162641427411,16.306426135758));
#2276 = CARTESIAN_POINT('',(12.889672630892,16.40510697224));
#2277 = CARTESIAN_POINT('',(12.474447436243,16.532870614825));
#2278 = CARTESIAN_POINT('',(12.335265299211,16.572044698274));
#2279 = CARTESIAN_POINT('',(12.195178011033,16.607932773304));
#2280 = CARTESIAN_POINT('',(12.054303905976,16.640598614571));
#2281 = CARTESIAN_POINT('',(11.912753213923,16.670116865866));
#2282 = CARTESIAN_POINT('',(11.494146289573,16.748026544002));
#2283 = CARTESIAN_POINT('',(11.215496246966,16.78787926422));
#2284 = CARTESIAN_POINT('',(10.935401809115,16.816732042018));
#2285 = CARTESIAN_POINT('',(10.65446708144,16.835281062098));
#2286 = CARTESIAN_POINT('',(10.373166700005,16.844224414738));
#2287 = CARTESIAN_POINT('',(10.091842390285,16.844224414738));
#2288 = ( GEOMETRIC_REPRESENTATION_CONTEXT(2) 
PARAMETRIC_REPRESENTATION_CONTEXT() REPRESENTATION_CONTEXT('2D SPACE',''
  ) );
#2289 = PCURVE('',#2290,#2297);
#2290 = SURFACE_OF_LINEAR_EXTRUSION('',#2291,#2295);
#2291 = B_SPLINE_CURVE_WITH_KNOTS('',2,(#2292,#2293,#2294),
  .UNSPECIFIED.,.F.,.F.,(3,3),(0.,1.),.PIECEWISE_BEZIER_KNOTS.);
#2292 = CARTESIAN_POINT('',(171.27917130068,16.844224414738,
    -10.09184239028));
#2293 = CARTESIAN_POINT('',(171.27917130068,16.844224414738,
    -18.60563982347));
#2294 = CARTESIAN_POINT('',(171.27917130068,3.192642306318,
    -18.60563982347));
#2295 = VECTOR('',#2296,1.);
#2296 = DIRECTION('',(-1.,-0.,-1.110223024625E-16));
#2297 = DEFINITIONAL_REPRESENTATION('',(#2298),#2341);
#2298 = B_SPLINE_CURVE_WITH_KNOTS('',6,(#2299,#2300,#2301,#2302,#2303,
    #2304,#2305,#2306,#2307,#2308,#2309,#2310,#2311,#2312,#2313,#2314,
    #2315,#2316,#2317,#2318,#2319,#2320,#2321,#2322,#2323,#2324,#2325,
    #2326,#2327,#2328,#2329,#2330,#2331,#2332,#2333,#2334,#2335,#2336,
    #2337,#2338,#2339,#2340),.UNSPECIFIED.,.F.,.F.,(7,5,5,5,5,5,5,5,7),(
    0.,0.235230294253,0.430744537487,0.581990787402,0.646411726447,
    0.763687292169,0.859416091965,0.907147398216,1.),.UNSPECIFIED.);
#2299 = CARTESIAN_POINT('',(1.,-1.75));
#2300 = CARTESIAN_POINT('',(0.973870575277,-1.75));
#2301 = CARTESIAN_POINT('',(0.946925724451,-1.75));
#2302 = CARTESIAN_POINT('',(0.919077154049,-1.75));
#2303 = CARTESIAN_POINT('',(0.890224598616,-1.75));
#2304 = CARTESIAN_POINT('',(0.860252269882,-1.75));
#2305 = CARTESIAN_POINT('',(0.80302433256,-1.75));
#2306 = CARTESIAN_POINT('',(0.776172412588,-1.75));
#2307 = CARTESIAN_POINT('',(0.748346676083,-1.75));
#2308 = CARTESIAN_POINT('',(0.719448087359,-1.75));
#2309 = CARTESIAN_POINT('',(0.689373932845,-1.75));
#2310 = CARTESIAN_POINT('',(0.633729698209,-1.75));
#2311 = CARTESIAN_POINT('',(0.608690288587,-1.75));
#2312 = CARTESIAN_POINT('',(0.582823465165,-1.75));
#2313 = CARTESIAN_POINT('',(0.556090612304,-1.75));
#2314 = CARTESIAN_POINT('',(0.528475429051,-1.75));
#2315 = CARTESIAN_POINT('',(0.487871343057,-1.75));
#2316 = CARTESIAN_POINT('',(0.475587946674,-1.75));
#2317 = CARTESIAN_POINT('',(0.463152718778,-1.75));
#2318 = CARTESIAN_POINT('',(0.450570732164,-1.75));
#2319 = CARTESIAN_POINT('',(0.437849624778,-1.75));
#2320 = CARTESIAN_POINT('',(0.401607807376,-1.75));
#2321 = CARTESIAN_POINT('',(0.377782809175,-1.75));
#2322 = CARTESIAN_POINT('',(0.353601308919,-1.75));
#2323 = CARTESIAN_POINT('',(0.329159651438,-1.75));
#2324 = CARTESIAN_POINT('',(0.304577170386,-1.75));
#2325 = CARTESIAN_POINT('',(0.259938335756,-1.75));
#2326 = CARTESIAN_POINT('',(0.239874445318,-1.75));
#2327 = CARTESIAN_POINT('',(0.219885806921,-1.75));
#2328 = CARTESIAN_POINT('',(0.200039788221,-1.75));
#2329 = CARTESIAN_POINT('',(0.180394558352,-1.75));
#2330 = CARTESIAN_POINT('',(0.151329685463,-1.75));
#2331 = CARTESIAN_POINT('',(0.141720987244,-1.75));
#2332 = CARTESIAN_POINT('',(0.132179483787,-1.75));
#2333 = CARTESIAN_POINT('',(0.122709788853,-1.75));
#2334 = CARTESIAN_POINT('',(0.113315642156,-1.75));
#2335 = CARTESIAN_POINT('',(8.58781072758E-02,-1.75));
#2336 = CARTESIAN_POINT('',(6.805385437015E-02,-1.75));
#2337 = CARTESIAN_POINT('',(5.054765632911E-02,-1.75));
#2338 = CARTESIAN_POINT('',(3.336949286092E-02,-1.75));
#2339 = CARTESIAN_POINT('',(1.652167037845E-02,-1.75));
#2340 = CARTESIAN_POINT('',(0.,-1.75));
#2341 = ( GEOMETRIC_REPRESENTATION_CONTEXT(2) 
PARAMETRIC_REPRESENTATION_CONTEXT() REPRESENTATION_CONTEXT('2D SPACE',''
  ) );
#2342 = ORIENTED_EDGE('',*,*,#2343,.F.);
#2343 = EDGE_CURVE('',#2344,#2197,#2346,.T.);
#2344 = VERTEX_POINT('',#2345);
#2345 = CARTESIAN_POINT('',(173.02917130068,-6.623968018778,
    -16.42217988964));
#2346 = SURFACE_CURVE('',#2347,(#2368,#2392),.PCURVE_S1.);
#2347 = B_SPLINE_CURVE_WITH_KNOTS('',7,(#2348,#2349,#2350,#2351,#2352,
    #2353,#2354,#2355,#2356,#2357,#2358,#2359,#2360,#2361,#2362,#2363,
    #2364,#2365,#2366,#2367),.UNSPECIFIED.,.F.,.F.,(8,6,6,8),(0.,
    0.347338271688,0.765657274572,1.),.UNSPECIFIED.);
#2348 = CARTESIAN_POINT('',(173.02917130068,-6.623968018778,
    -16.42217988964));
#2349 = CARTESIAN_POINT('',(173.02917130068,-6.199883151161,
    -16.69496364563));
#2350 = CARTESIAN_POINT('',(173.02917130068,-5.758671871514,
    -16.94115335281));
#2351 = CARTESIAN_POINT('',(173.02917130068,-5.303638136249,
    -17.16195739215));
#2352 = CARTESIAN_POINT('',(173.02917130068,-4.837750044036,
    -17.35913084285));
#2353 = CARTESIAN_POINT('',(173.02917130068,-4.363442646982,
    -17.53454980962));
#2354 = CARTESIAN_POINT('',(173.02917130068,-3.882554310903,
    -17.69007282009));
#2355 = CARTESIAN_POINT('',(173.02917130068,-2.810623684425,
    -17.99286810819));
#2356 = CARTESIAN_POINT('',(173.02917130068,-2.217424578619,
    -18.13188351454));
#2357 = CARTESIAN_POINT('',(173.02917130068,-1.618807391367,
    -18.24754433521));
#2358 = CARTESIAN_POINT('',(173.02917130068,-1.01643497168,
    -18.34241474406));
#2359 = CARTESIAN_POINT('',(173.02917130068,-0.411528018958,
    -18.41868149751));
#2360 = CARTESIAN_POINT('',(173.02917130068,0.19512235308,
    -18.47822125683));
#2361 = CARTESIAN_POINT('',(173.02917130068,1.143772698988,
    -18.54748248404));
#2362 = CARTESIAN_POINT('',(173.02917130068,1.484778337214,
    -18.56759442647));
#2363 = CARTESIAN_POINT('',(173.02917130068,1.826071733871,
    -18.58322715512));
#2364 = CARTESIAN_POINT('',(173.02917130068,2.167568520126,
    -18.59463119612));
#2365 = CARTESIAN_POINT('',(173.02917130068,2.509198178618,
    -18.60203331918));
#2366 = CARTESIAN_POINT('',(173.02917130068,2.850903877809,
    -18.60563982347));
#2367 = CARTESIAN_POINT('',(173.02917130068,3.192642306318,
    -18.60563982347));
#2368 = PCURVE('',#1399,#2369);
#2369 = DEFINITIONAL_REPRESENTATION('',(#2370),#2391);
#2370 = B_SPLINE_CURVE_WITH_KNOTS('',7,(#2371,#2372,#2373,#2374,#2375,
    #2376,#2377,#2378,#2379,#2380,#2381,#2382,#2383,#2384,#2385,#2386,
    #2387,#2388,#2389,#2390),.UNSPECIFIED.,.F.,.F.,(8,6,6,8),(0.,
    0.347338271688,0.765657274572,1.),.UNSPECIFIED.);
#2371 = CARTESIAN_POINT('',(16.422179889645,-6.623968018778));
#2372 = CARTESIAN_POINT('',(16.694963645638,-6.199883151161));
#2373 = CARTESIAN_POINT('',(16.941153352812,-5.758671871514));
#2374 = CARTESIAN_POINT('',(17.161957392155,-5.303638136249));
#2375 = CARTESIAN_POINT('',(17.359130842854,-4.837750044036));
#2376 = CARTESIAN_POINT('',(17.534549809627,-4.363442646982));
#2377 = CARTESIAN_POINT('',(17.690072820098,-3.882554310903));
#2378 = CARTESIAN_POINT('',(17.992868108195,-2.810623684425));
#2379 = CARTESIAN_POINT('',(18.131883514548,-2.217424578619));
#2380 = CARTESIAN_POINT('',(18.247544335218,-1.618807391367));
#2381 = CARTESIAN_POINT('',(18.342414744061,-1.01643497168));
#2382 = CARTESIAN_POINT('',(18.418681497519,-0.411528018958));
#2383 = CARTESIAN_POINT('',(18.478221256831,0.19512235308));
#2384 = CARTESIAN_POINT('',(18.547482484048,1.143772698988));
#2385 = CARTESIAN_POINT('',(18.567594426472,1.484778337214));
#2386 = CARTESIAN_POINT('',(18.583227155126,1.826071733871));
#2387 = CARTESIAN_POINT('',(18.594631196125,2.167568520126));
#2388 = CARTESIAN_POINT('',(18.602033319183,2.509198178618));
#2389 = CARTESIAN_POINT('',(18.605639823471,2.850903877809));
#2390 = CARTESIAN_POINT('',(18.605639823471,3.192642306318));
#2391 = ( GEOMETRIC_REPRESENTATION_CONTEXT(2) 
PARAMETRIC_REPRESENTATION_CONTEXT() REPRESENTATION_CONTEXT('2D SPACE',''
  ) );
#2392 = PCURVE('',#2393,#2400);
#2393 = SURFACE_OF_LINEAR_EXTRUSION('',#2394,#2398);
#2394 = B_SPLINE_CURVE_WITH_KNOTS('',2,(#2395,#2396,#2397),
  .UNSPECIFIED.,.F.,.F.,(3,3),(0.,1.),.PIECEWISE_BEZIER_KNOTS.);
#2395 = CARTESIAN_POINT('',(171.27917130068,3.192642306318,
    -18.60563982347));
#2396 = CARTESIAN_POINT('',(171.27917130068,-3.229439214773,
    -18.60563982347));
#2397 = CARTESIAN_POINT('',(171.27917130068,-6.623968018778,
    -16.42217988964));
#2398 = VECTOR('',#2399,1.);
#2399 = DIRECTION('',(-1.,-0.,-1.110223024625E-16));
#2400 = DEFINITIONAL_REPRESENTATION('',(#2401),#2422);
#2401 = B_SPLINE_CURVE_WITH_KNOTS('',7,(#2402,#2403,#2404,#2405,#2406,
    #2407,#2408,#2409,#2410,#2411,#2412,#2413,#2414,#2415,#2416,#2417,
    #2418,#2419,#2420,#2421),.UNSPECIFIED.,.F.,.F.,(8,6,6,8),(0.,
    0.347338271688,0.765657274572,1.),.UNSPECIFIED.);
#2402 = CARTESIAN_POINT('',(1.,-1.75));
#2403 = CARTESIAN_POINT('',(0.937534059644,-1.75));
#2404 = CARTESIAN_POINT('',(0.876605665656,-1.75));
#2405 = CARTESIAN_POINT('',(0.817341601968,-1.75));
#2406 = CARTESIAN_POINT('',(0.759783485325,-1.75));
#2407 = CARTESIAN_POINT('',(0.703918366151,-1.75));
#2408 = CARTESIAN_POINT('',(0.649688736559,-1.75));
#2409 = CARTESIAN_POINT('',(0.53354399317,-1.75));
#2410 = CARTESIAN_POINT('',(0.472352323798,-1.75));
#2411 = CARTESIAN_POINT('',(0.41326005443,-1.75));
#2412 = CARTESIAN_POINT('',(0.356119834406,-1.75));
#2413 = CARTESIAN_POINT('',(0.300790632798,-1.75));
#2414 = CARTESIAN_POINT('',(0.247131448865,-1.75));
#2415 = CARTESIAN_POINT('',(0.165795910003,-1.75));
#2416 = CARTESIAN_POINT('',(0.137075272153,-1.75));
#2417 = CARTESIAN_POINT('',(0.108815781676,-1.75));
#2418 = CARTESIAN_POINT('',(8.099696180636E-02,-1.75));
#2419 = CARTESIAN_POINT('',(5.359982196294E-02,-1.75));
#2420 = CARTESIAN_POINT('',(2.66065159237E-02,-1.75));
#2421 = CARTESIAN_POINT('',(0.,-1.75));
#2422 = ( GEOMETRIC_REPRESENTATION_CONTEXT(2) 
PARAMETRIC_REPRESENTATION_CONTEXT() REPRESENTATION_CONTEXT('2D SPACE',''
  ) );
#2423 = ORIENTED_EDGE('',*,*,#2424,.F.);
#2424 = EDGE_CURVE('',#2425,#2344,#2427,.T.);
#2425 = VERTEX_POINT('',#2426);
#2426 = CARTESIAN_POINT('',(173.02917130068,-10.01849682278,
    -10.09184239028));
#2427 = SURFACE_CURVE('',#2428,(#2456,#2487),.PCURVE_S1.);
#2428 = B_SPLINE_CURVE_WITH_KNOTS('',6,(#2429,#2430,#2431,#2432,#2433,
    #2434,#2435,#2436,#2437,#2438,#2439,#2440,#2441,#2442,#2443,#2444,
    #2445,#2446,#2447,#2448,#2449,#2450,#2451,#2452,#2453,#2454,#2455),
  .UNSPECIFIED.,.F.,.F.,(7,5,5,5,5,7),(0.,0.200709045266,0.30967720544,
    0.531548556694,0.830962297714,1.),.UNSPECIFIED.);
#2429 = CARTESIAN_POINT('',(173.02917130068,-10.01849682278,
    -10.09184239028));
#2430 = CARTESIAN_POINT('',(173.02917130068,-10.01849682278,
    -10.34395317198));
#2431 = CARTESIAN_POINT('',(173.02917130068,-10.01096857084,
    -10.59599974507));
#2432 = CARTESIAN_POINT('',(173.02917130068,-9.995433582581,
    -10.84770635158));
#2433 = CARTESIAN_POINT('',(173.02917130068,-9.971393988145,
    -11.09871209573));
#2434 = CARTESIAN_POINT('',(173.02917130068,-9.938372825368,
    -11.34857507126));
#2435 = CARTESIAN_POINT('',(173.02917130068,-9.872924653009,
    -11.7315290195));
#2436 = CARTESIAN_POINT('',(173.02917130068,-9.847125331474,
    -11.86579074257));
#2437 = CARTESIAN_POINT('',(173.02917130068,-9.818490573216,
    -11.99947712546));
#2438 = CARTESIAN_POINT('',(173.02917130068,-9.78696051083,
    -12.1324970057));
#2439 = CARTESIAN_POINT('',(173.02917130068,-9.752484189721,
    -12.26475329353));
#2440 = CARTESIAN_POINT('',(173.02917130068,-9.638746474849,
    -12.66366917382));
#2441 = CARTESIAN_POINT('',(173.02917130068,-9.550085136903,
    -12.9276360639));
#2442 = CARTESIAN_POINT('',(173.02917130068,-9.448719672454,
    -13.18712468059));
#2443 = CARTESIAN_POINT('',(173.02917130068,-9.33452807101,
    -13.4412218945));
#2444 = CARTESIAN_POINT('',(173.02917130068,-9.207652810238,
    -13.68904974953));
#2445 = CARTESIAN_POINT('',(173.02917130068,-8.880875227295,
    -14.254676816));
#2446 = CARTESIAN_POINT('',(173.02917130068,-8.670880196029,
    -14.56677662811));
#2447 = CARTESIAN_POINT('',(173.02917130068,-8.439762510321,
    -14.86399850912));
#2448 = CARTESIAN_POINT('',(173.02917130068,-8.189423452083,
    -15.14520271133));
#2449 = CARTESIAN_POINT('',(173.02917130068,-7.922159289484,
    -15.40993387322));
#2450 = CARTESIAN_POINT('',(173.02917130068,-7.481321783005,
    -15.7983709326));
#2451 = CARTESIAN_POINT('',(173.02917130068,-7.317597004179,
    -15.93331602437));
#2452 = CARTESIAN_POINT('',(173.02917130068,-7.14962327232,
    -16.06306838891));
#2453 = CARTESIAN_POINT('',(173.02917130068,-6.977790513363,
    -16.1877110877));
#2454 = CARTESIAN_POINT('',(173.02917130068,-6.802463301762,
    -16.30736651751));
#2455 = CARTESIAN_POINT('',(173.02917130068,-6.623968018778,
    -16.42217988964));
#2456 = PCURVE('',#1399,#2457);
#2457 = DEFINITIONAL_REPRESENTATION('',(#2458),#2486);
#2458 = B_SPLINE_CURVE_WITH_KNOTS('',6,(#2459,#2460,#2461,#2462,#2463,
    #2464,#2465,#2466,#2467,#2468,#2469,#2470,#2471,#2472,#2473,#2474,
    #2475,#2476,#2477,#2478,#2479,#2480,#2481,#2482,#2483,#2484,#2485),
  .UNSPECIFIED.,.F.,.F.,(7,5,5,5,5,7),(0.,0.200709045266,0.30967720544,
    0.531548556694,0.830962297714,1.),.UNSPECIFIED.);
#2459 = CARTESIAN_POINT('',(10.091842390285,-10.01849682278));
#2460 = CARTESIAN_POINT('',(10.343953171988,-10.01849682278));
#2461 = CARTESIAN_POINT('',(10.595999745078,-10.01096857084));
#2462 = CARTESIAN_POINT('',(10.847706351584,-9.995433582581));
#2463 = CARTESIAN_POINT('',(11.098712095739,-9.971393988145));
#2464 = CARTESIAN_POINT('',(11.348575071268,-9.938372825368));
#2465 = CARTESIAN_POINT('',(11.731529019504,-9.872924653009));
#2466 = CARTESIAN_POINT('',(11.865790742572,-9.847125331474));
#2467 = CARTESIAN_POINT('',(11.999477125466,-9.818490573216));
#2468 = CARTESIAN_POINT('',(12.1324970057,-9.78696051083));
#2469 = CARTESIAN_POINT('',(12.264753293531,-9.752484189721));
#2470 = CARTESIAN_POINT('',(12.663669173821,-9.638746474849));
#2471 = CARTESIAN_POINT('',(12.927636063906,-9.550085136903));
#2472 = CARTESIAN_POINT('',(13.187124680597,-9.448719672454));
#2473 = CARTESIAN_POINT('',(13.441221894503,-9.33452807101));
#2474 = CARTESIAN_POINT('',(13.689049749533,-9.207652810238));
#2475 = CARTESIAN_POINT('',(14.254676816009,-8.880875227295));
#2476 = CARTESIAN_POINT('',(14.566776628117,-8.670880196029));
#2477 = CARTESIAN_POINT('',(14.863998509129,-8.439762510321));
#2478 = CARTESIAN_POINT('',(15.145202711337,-8.189423452083));
#2479 = CARTESIAN_POINT('',(15.409933873221,-7.922159289484));
#2480 = CARTESIAN_POINT('',(15.798370932602,-7.481321783005));
#2481 = CARTESIAN_POINT('',(15.933316024376,-7.317597004179));
#2482 = CARTESIAN_POINT('',(16.063068388917,-7.14962327232));
#2483 = CARTESIAN_POINT('',(16.187711087708,-6.977790513363));
#2484 = CARTESIAN_POINT('',(16.307366517517,-6.802463301762));
#2485 = CARTESIAN_POINT('',(16.422179889645,-6.623968018778));
#2486 = ( GEOMETRIC_REPRESENTATION_CONTEXT(2) 
PARAMETRIC_REPRESENTATION_CONTEXT() REPRESENTATION_CONTEXT('2D SPACE',''
  ) );
#2487 = PCURVE('',#2488,#2495);
#2488 = SURFACE_OF_LINEAR_EXTRUSION('',#2489,#2493);
#2489 = B_SPLINE_CURVE_WITH_KNOTS('',2,(#2490,#2491,#2492),
  .UNSPECIFIED.,.F.,.F.,(3,3),(0.,1.),.PIECEWISE_BEZIER_KNOTS.);
#2490 = CARTESIAN_POINT('',(171.27917130068,-6.623968018778,
    -16.42217988964));
#2491 = CARTESIAN_POINT('',(171.27917130068,-10.01849682278,
    -14.23871995581));
#2492 = CARTESIAN_POINT('',(171.27917130068,-10.01849682278,
    -10.09184239028));
#2493 = VECTOR('',#2494,1.);
#2494 = DIRECTION('',(-1.,-0.,-1.110223024625E-16));
#2495 = DEFINITIONAL_REPRESENTATION('',(#2496),#2524);
#2496 = B_SPLINE_CURVE_WITH_KNOTS('',6,(#2497,#2498,#2499,#2500,#2501,
    #2502,#2503,#2504,#2505,#2506,#2507,#2508,#2509,#2510,#2511,#2512,
    #2513,#2514,#2515,#2516,#2517,#2518,#2519,#2520,#2521,#2522,#2523),
  .UNSPECIFIED.,.F.,.F.,(7,5,5,5,5,7),(0.,0.200709045266,0.30967720544,
    0.531548556694,0.830962297714,1.),.UNSPECIFIED.);
#2497 = CARTESIAN_POINT('',(1.,-1.75));
#2498 = CARTESIAN_POINT('',(0.969602336008,-1.75));
#2499 = CARTESIAN_POINT('',(0.938687393484,-1.75));
#2500 = CARTESIAN_POINT('',(0.907255051793,-1.75));
#2501 = CARTESIAN_POINT('',(0.875314103645,-1.75));
#2502 = CARTESIAN_POINT('',(0.842884567506,-1.75));
#2503 = CARTESIAN_POINT('',(0.792146440812,-1.75));
#2504 = CARTESIAN_POINT('',(0.774158904793,-1.75));
#2505 = CARTESIAN_POINT('',(0.756042995687,-1.75));
#2506 = CARTESIAN_POINT('',(0.737805530044,-1.75));
#2507 = CARTESIAN_POINT('',(0.719454660656,-1.75));
#2508 = CARTESIAN_POINT('',(0.663424248604,-1.75));
#2509 = CARTESIAN_POINT('',(0.625413820027,-1.75));
#2510 = CARTESIAN_POINT('',(0.587057362865,-1.75));
#2511 = CARTESIAN_POINT('',(0.548456466531,-1.75));
#2512 = CARTESIAN_POINT('',(0.50972692491,-1.75));
#2513 = CARTESIAN_POINT('',(0.4187383024,-1.75));
#2514 = CARTESIAN_POINT('',(0.366462547578,-1.75));
#2515 = CARTESIAN_POINT('',(0.314507570229,-1.75));
#2516 = CARTESIAN_POINT('',(0.263143388159,-1.75));
#2517 = CARTESIAN_POINT('',(0.212585047269,-1.75));
#2518 = CARTESIAN_POINT('',(0.135006152992,-1.75));
#2519 = CARTESIAN_POINT('',(0.107317299199,-1.75));
#2520 = CARTESIAN_POINT('',(7.995822425794E-02,-1.75));
#2521 = CARTESIAN_POINT('',(5.294610666316E-02,-1.75));
#2522 = CARTESIAN_POINT('',(2.629161413711E-02,-1.75));
#2523 = CARTESIAN_POINT('',(0.,-1.75));
#2524 = ( GEOMETRIC_REPRESENTATION_CONTEXT(2) 
PARAMETRIC_REPRESENTATION_CONTEXT() REPRESENTATION_CONTEXT('2D SPACE',''
  ) );
#2525 = ORIENTED_EDGE('',*,*,#2526,.F.);
#2526 = EDGE_CURVE('',#2527,#2425,#2529,.T.);
#2527 = VERTEX_POINT('',#2528);
#2528 = CARTESIAN_POINT('',(173.02917130068,-6.587234572577,
    -3.743168032415));
#2529 = SURFACE_CURVE('',#2530,(#2558,#2589),.PCURVE_S1.);
#2530 = B_SPLINE_CURVE_WITH_KNOTS('',6,(#2531,#2532,#2533,#2534,#2535,
    #2536,#2537,#2538,#2539,#2540,#2541,#2542,#2543,#2544,#2545,#2546,
    #2547,#2548,#2549,#2550,#2551,#2552,#2553,#2554,#2555,#2556,#2557),
  .UNSPECIFIED.,.F.,.F.,(7,5,5,5,5,7),(0.,0.16790917384,0.464140592772,
    0.686794985178,0.7967830442,1.),.UNSPECIFIED.);
#2531 = CARTESIAN_POINT('',(173.02917130068,-6.587234572577,
    -3.743168032415));
#2532 = CARTESIAN_POINT('',(173.02917130068,-6.766515785718,
    -3.856294300021));
#2533 = CARTESIAN_POINT('',(173.02917130068,-6.942666381419,
    -3.974297990696));
#2534 = CARTESIAN_POINT('',(173.02917130068,-7.115359318407,
    -4.097328698887));
#2535 = CARTESIAN_POINT('',(173.02917130068,-7.284228519702,
    -4.225513473197));
#2536 = CARTESIAN_POINT('',(173.02917130068,-7.448881750348,
    -4.358939958605));
#2537 = CARTESIAN_POINT('',(173.02917130068,-7.891247269727,
    -4.742338339077));
#2538 = CARTESIAN_POINT('',(173.02917130068,-8.1592902701,
    -5.003530489407));
#2539 = CARTESIAN_POINT('',(173.02917130068,-8.410626645441,
    -5.281253007174));
#2540 = CARTESIAN_POINT('',(173.02917130068,-8.642962449801,
    -5.575074708907));
#2541 = CARTESIAN_POINT('',(173.02917130068,-8.854389813973,
    -5.883879099222));
#2542 = CARTESIAN_POINT('',(173.02917130068,-9.186012621923,
    -6.447395315369));
#2543 = CARTESIAN_POINT('',(173.02917130068,-9.315863726581,
    -6.696558348213));
#2544 = CARTESIAN_POINT('',(173.02917130068,-9.432763137822,
    -6.952235724019));
#2545 = CARTESIAN_POINT('',(173.02917130068,-9.536558948441,
    -7.213514608521));
#2546 = CARTESIAN_POINT('',(173.02917130068,-9.627377763209,
    -7.479444015718));
#2547 = CARTESIAN_POINT('',(173.02917130068,-9.744168916539,
    -7.882255584004));
#2548 = CARTESIAN_POINT('',(173.02917130068,-9.779702648581,
    -8.016354257216));
#2549 = CARTESIAN_POINT('',(173.02917130068,-9.812194671424,
    -8.151253922641));
#2550 = CARTESIAN_POINT('',(173.02917130068,-9.841699211978,
    -8.28685199815));
#2551 = CARTESIAN_POINT('',(173.02917130068,-9.868279955396,
    -8.423052341782));
#2552 = CARTESIAN_POINT('',(173.02917130068,-9.935845087091,
    -8.812362006476));
#2553 = CARTESIAN_POINT('',(173.02917130068,-9.96993969741,
    -9.06670616505));
#2554 = CARTESIAN_POINT('',(173.02917130068,-9.994736600416,
    -9.322248528378));
#2555 = CARTESIAN_POINT('',(173.02917130068,-10.01074562749,
    -9.578522452658));
#2556 = CARTESIAN_POINT('',(173.02917130068,-10.01849682278,
    -9.835149180786));
#2557 = CARTESIAN_POINT('',(173.02917130068,-10.01849682278,
    -10.09184239028));
#2558 = PCURVE('',#1399,#2559);
#2559 = DEFINITIONAL_REPRESENTATION('',(#2560),#2588);
#2560 = B_SPLINE_CURVE_WITH_KNOTS('',6,(#2561,#2562,#2563,#2564,#2565,
    #2566,#2567,#2568,#2569,#2570,#2571,#2572,#2573,#2574,#2575,#2576,
    #2577,#2578,#2579,#2580,#2581,#2582,#2583,#2584,#2585,#2586,#2587),
  .UNSPECIFIED.,.F.,.F.,(7,5,5,5,5,7),(0.,0.16790917384,0.464140592772,
    0.686794985178,0.7967830442,1.),.UNSPECIFIED.);
#2561 = CARTESIAN_POINT('',(3.743168032415,-6.587234572577));
#2562 = CARTESIAN_POINT('',(3.856294300021,-6.766515785718));
#2563 = CARTESIAN_POINT('',(3.974297990696,-6.942666381419));
#2564 = CARTESIAN_POINT('',(4.097328698887,-7.115359318407));
#2565 = CARTESIAN_POINT('',(4.225513473197,-7.284228519702));
#2566 = CARTESIAN_POINT('',(4.358939958605,-7.448881750348));
#2567 = CARTESIAN_POINT('',(4.742338339077,-7.891247269727));
#2568 = CARTESIAN_POINT('',(5.003530489407,-8.1592902701));
#2569 = CARTESIAN_POINT('',(5.281253007174,-8.410626645441));
#2570 = CARTESIAN_POINT('',(5.575074708907,-8.642962449801));
#2571 = CARTESIAN_POINT('',(5.883879099222,-8.854389813973));
#2572 = CARTESIAN_POINT('',(6.447395315369,-9.186012621923));
#2573 = CARTESIAN_POINT('',(6.696558348213,-9.315863726581));
#2574 = CARTESIAN_POINT('',(6.952235724019,-9.432763137822));
#2575 = CARTESIAN_POINT('',(7.213514608521,-9.536558948441));
#2576 = CARTESIAN_POINT('',(7.479444015718,-9.627377763209));
#2577 = CARTESIAN_POINT('',(7.882255584004,-9.744168916539));
#2578 = CARTESIAN_POINT('',(8.016354257216,-9.779702648581));
#2579 = CARTESIAN_POINT('',(8.151253922641,-9.812194671424));
#2580 = CARTESIAN_POINT('',(8.28685199815,-9.841699211978));
#2581 = CARTESIAN_POINT('',(8.423052341782,-9.868279955396));
#2582 = CARTESIAN_POINT('',(8.812362006476,-9.935845087091));
#2583 = CARTESIAN_POINT('',(9.06670616505,-9.96993969741));
#2584 = CARTESIAN_POINT('',(9.322248528378,-9.994736600416));
#2585 = CARTESIAN_POINT('',(9.578522452658,-10.01074562749));
#2586 = CARTESIAN_POINT('',(9.835149180786,-10.01849682278));
#2587 = CARTESIAN_POINT('',(10.091842390285,-10.01849682278));
#2588 = ( GEOMETRIC_REPRESENTATION_CONTEXT(2) 
PARAMETRIC_REPRESENTATION_CONTEXT() REPRESENTATION_CONTEXT('2D SPACE',''
  ) );
#2589 = PCURVE('',#2590,#2597);
#2590 = SURFACE_OF_LINEAR_EXTRUSION('',#2591,#2595);
#2591 = B_SPLINE_CURVE_WITH_KNOTS('',2,(#2592,#2593,#2594),
  .UNSPECIFIED.,.F.,.F.,(3,3),(0.,1.),.PIECEWISE_BEZIER_KNOTS.);
#2592 = CARTESIAN_POINT('',(171.27917130068,-10.01849682278,
    -10.09184239028));
#2593 = CARTESIAN_POINT('',(171.27917130068,-10.01849682278,
    -5.908291107731));
#2594 = CARTESIAN_POINT('',(171.27917130068,-6.587234572577,
    -3.743168032415));
#2595 = VECTOR('',#2596,1.);
#2596 = DIRECTION('',(-1.,-0.,-1.110223024625E-16));
#2597 = DEFINITIONAL_REPRESENTATION('',(#2598),#2626);
#2598 = B_SPLINE_CURVE_WITH_KNOTS('',6,(#2599,#2600,#2601,#2602,#2603,
    #2604,#2605,#2606,#2607,#2608,#2609,#2610,#2611,#2612,#2613,#2614,
    #2615,#2616,#2617,#2618,#2619,#2620,#2621,#2622,#2623,#2624,#2625),
  .UNSPECIFIED.,.F.,.F.,(7,5,5,5,5,7),(0.,0.16790917384,0.464140592772,
    0.686794985178,0.7967830442,1.),.UNSPECIFIED.);
#2599 = CARTESIAN_POINT('',(1.,-1.75));
#2600 = CARTESIAN_POINT('',(0.973875326328,-1.75));
#2601 = CARTESIAN_POINT('',(0.947387821184,-1.75));
#2602 = CARTESIAN_POINT('',(0.920542598221,-1.75));
#2603 = CARTESIAN_POINT('',(0.893350210067,-1.75));
#2604 = CARTESIAN_POINT('',(0.86582775773,-1.75));
#2605 = CARTESIAN_POINT('',(0.788905266404,-1.75));
#2606 = CARTESIAN_POINT('',(0.738844027241,-1.75));
#2607 = CARTESIAN_POINT('',(0.687981703984,-1.75));
#2608 = CARTESIAN_POINT('',(0.636531104983,-1.75));
#2609 = CARTESIAN_POINT('',(0.584759801103,-1.75));
#2610 = CARTESIAN_POINT('',(0.49409613522,-1.75));
#2611 = CARTESIAN_POINT('',(0.455188102763,-1.75));
#2612 = CARTESIAN_POINT('',(0.41641206894,-1.75));
#2613 = CARTESIAN_POINT('',(0.377887811553,-1.75));
#2614 = CARTESIAN_POINT('',(0.339720087437,-1.75));
#2615 = CARTESIAN_POINT('',(0.283366820755,-1.75));
#2616 = CARTESIAN_POINT('',(0.264841737841,-1.75));
#2617 = CARTESIAN_POINT('',(0.246434770218,-1.75));
#2618 = CARTESIAN_POINT('',(0.228154365653,-1.75));
#2619 = CARTESIAN_POINT('',(0.210007537254,-1.75));
#2620 = CARTESIAN_POINT('',(0.158728780062,-1.75));
#2621 = CARTESIAN_POINT('',(0.125933652526,-1.75));
#2622 = CARTESIAN_POINT('',(9.364899316421E-02,-1.75));
#2623 = CARTESIAN_POINT('',(6.189472969192E-02,-1.75));
#2624 = CARTESIAN_POINT('',(3.067886493582E-02,-1.75));
#2625 = CARTESIAN_POINT('',(0.,-1.75));
#2626 = ( GEOMETRIC_REPRESENTATION_CONTEXT(2) 
PARAMETRIC_REPRESENTATION_CONTEXT() REPRESENTATION_CONTEXT('2D SPACE',''
  ) );
#2627 = ORIENTED_EDGE('',*,*,#2628,.F.);
#2628 = EDGE_CURVE('',#1879,#2527,#2629,.T.);
#2629 = SURFACE_CURVE('',#2630,(#2648,#2669),.PCURVE_S1.);
#2630 = B_SPLINE_CURVE_WITH_KNOTS('',6,(#2631,#2632,#2633,#2634,#2635,
    #2636,#2637,#2638,#2639,#2640,#2641,#2642,#2643,#2644,#2645,#2646,
    #2647),.UNSPECIFIED.,.F.,.F.,(7,5,5,7),(0.,0.429544573284,
    0.785459204528,1.),.UNSPECIFIED.);
#2631 = CARTESIAN_POINT('',(173.02917130068,3.412923525159,
    -1.578044957098));
#2632 = CARTESIAN_POINT('',(173.02917130068,2.669756342833,
    -1.578044957098));
#2633 = CARTESIAN_POINT('',(173.02917130068,1.926835352452,
    -1.594673058003));
#2634 = CARTESIAN_POINT('',(173.02917130068,1.184439740823,
    -1.629925070785));
#2635 = CARTESIAN_POINT('',(173.02917130068,0.443342846275,
    -1.686316709033));
#2636 = CARTESIAN_POINT('',(173.02917130068,-0.295185814093,
    -1.766946907579));
#2637 = CARTESIAN_POINT('',(173.02917130068,-1.63763192071,
    -1.966459823275));
#2638 = CARTESIAN_POINT('',(173.02917130068,-2.242699156128,
    -2.076383194687));
#2639 = CARTESIAN_POINT('',(173.02917130068,-2.843662269584,
    -2.208239107269));
#2640 = CARTESIAN_POINT('',(173.02917130068,-3.438731399147,
    -2.364915758326));
#2641 = CARTESIAN_POINT('',(173.02917130068,-4.025186118095,
    -2.549811795481));
#2642 = CARTESIAN_POINT('',(173.02917130068,-4.945472903582,
    -2.897714563082));
#2643 = CARTESIAN_POINT('',(173.02917130068,-5.287046232669,
    -3.040215600232));
#2644 = CARTESIAN_POINT('',(173.02917130068,-5.623238846391,
    -3.195214080846));
#2645 = CARTESIAN_POINT('',(173.02917130068,-5.952934809735,
    -3.363548684999));
#2646 = CARTESIAN_POINT('',(173.02917130068,-6.274774752433,
    -3.546006195932));
#2647 = CARTESIAN_POINT('',(173.02917130068,-6.587234572577,
    -3.743168032415));
#2648 = PCURVE('',#1399,#2649);
#2649 = DEFINITIONAL_REPRESENTATION('',(#2650),#2668);
#2650 = B_SPLINE_CURVE_WITH_KNOTS('',6,(#2651,#2652,#2653,#2654,#2655,
    #2656,#2657,#2658,#2659,#2660,#2661,#2662,#2663,#2664,#2665,#2666,
    #2667),.UNSPECIFIED.,.F.,.F.,(7,5,5,7),(0.,0.429544573284,
    0.785459204528,1.),.UNSPECIFIED.);
#2651 = CARTESIAN_POINT('',(1.578044957098,3.412923525159));
#2652 = CARTESIAN_POINT('',(1.578044957098,2.669756342833));
#2653 = CARTESIAN_POINT('',(1.594673058003,1.926835352452));
#2654 = CARTESIAN_POINT('',(1.629925070785,1.184439740823));
#2655 = CARTESIAN_POINT('',(1.686316709033,0.443342846275));
#2656 = CARTESIAN_POINT('',(1.766946907579,-0.295185814093));
#2657 = CARTESIAN_POINT('',(1.966459823275,-1.63763192071));
#2658 = CARTESIAN_POINT('',(2.076383194687,-2.242699156128));
#2659 = CARTESIAN_POINT('',(2.208239107269,-2.843662269584));
#2660 = CARTESIAN_POINT('',(2.364915758326,-3.438731399147));
#2661 = CARTESIAN_POINT('',(2.549811795481,-4.025186118095));
#2662 = CARTESIAN_POINT('',(2.897714563082,-4.945472903582));
#2663 = CARTESIAN_POINT('',(3.040215600232,-5.287046232669));
#2664 = CARTESIAN_POINT('',(3.195214080846,-5.623238846391));
#2665 = CARTESIAN_POINT('',(3.363548684999,-5.952934809735));
#2666 = CARTESIAN_POINT('',(3.546006195932,-6.274774752433));
#2667 = CARTESIAN_POINT('',(3.743168032415,-6.587234572577));
#2668 = ( GEOMETRIC_REPRESENTATION_CONTEXT(2) 
PARAMETRIC_REPRESENTATION_CONTEXT() REPRESENTATION_CONTEXT('2D SPACE',''
  ) );
#2669 = PCURVE('',#2670,#2677);
#2670 = SURFACE_OF_LINEAR_EXTRUSION('',#2671,#2675);
#2671 = B_SPLINE_CURVE_WITH_KNOTS('',2,(#2672,#2673,#2674),
  .UNSPECIFIED.,.F.,.F.,(3,3),(0.,1.),.PIECEWISE_BEZIER_KNOTS.);
#2672 = CARTESIAN_POINT('',(171.27917130068,-6.587234572577,
    -3.743168032415));
#2673 = CARTESIAN_POINT('',(171.27917130068,-3.155972322372,
    -1.578044957098));
#2674 = CARTESIAN_POINT('',(171.27917130068,3.412923525159,
    -1.578044957098));
#2675 = VECTOR('',#2676,1.);
#2676 = DIRECTION('',(-1.,-0.,-1.110223024625E-16));
#2677 = DEFINITIONAL_REPRESENTATION('',(#2678),#2696);
#2678 = B_SPLINE_CURVE_WITH_KNOTS('',6,(#2679,#2680,#2681,#2682,#2683,
    #2684,#2685,#2686,#2687,#2688,#2689,#2690,#2691,#2692,#2693,#2694,
    #2695),.UNSPECIFIED.,.F.,.F.,(7,5,5,7),(0.,0.429544573284,
    0.785459204528,1.),.UNSPECIFIED.);
#2679 = CARTESIAN_POINT('',(1.,-1.75));
#2680 = CARTESIAN_POINT('',(0.943432869117,-1.75));
#2681 = CARTESIAN_POINT('',(0.885050306051,-1.75));
#2682 = CARTESIAN_POINT('',(0.824653412488,-1.75));
#2683 = CARTESIAN_POINT('',(0.762023554968,-1.75));
#2684 = CARTESIAN_POINT('',(0.696915534791,-1.75));
#2685 = CARTESIAN_POINT('',(0.57272613688,-1.75));
#2686 = CARTESIAN_POINT('',(0.514545506793,-1.75));
#2687 = CARTESIAN_POINT('',(0.454257986785,-1.75));
#2688 = CARTESIAN_POINT('',(0.39168123039,-1.75));
#2689 = CARTESIAN_POINT('',(0.326647416795,-1.75));
#2690 = CARTESIAN_POINT('',(0.218223000864,-1.75));
#2691 = CARTESIAN_POINT('',(0.176505053588,-1.75));
#2692 = CARTESIAN_POINT('',(0.133818129356,-1.75));
#2693 = CARTESIAN_POINT('',(9.015465795596E-02,-1.75));
#2694 = CARTESIAN_POINT('',(4.553132307591E-02,-1.75));
#2695 = CARTESIAN_POINT('',(0.,-1.75));
#2696 = ( GEOMETRIC_REPRESENTATION_CONTEXT(2) 
PARAMETRIC_REPRESENTATION_CONTEXT() REPRESENTATION_CONTEXT('2D SPACE',''
  ) );
#2697 = ADVANCED_FACE('',(#2698),#1605,.T.);
#2698 = FACE_BOUND('',#2699,.T.);
#2699 = EDGE_LOOP('',(#2700,#2701,#2724,#2752));
#2700 = ORIENTED_EDGE('',*,*,#1588,.T.);
#2701 = ORIENTED_EDGE('',*,*,#2702,.T.);
#2702 = EDGE_CURVE('',#1591,#2703,#2705,.T.);
#2703 = VERTEX_POINT('',#2704);
#2704 = CARTESIAN_POINT('',(173.27917130068,-9.174404039523,
    8.403776282128));
#2705 = SURFACE_CURVE('',#2706,(#2710,#2717),.PCURVE_S1.);
#2706 = LINE('',#2707,#2708);
#2707 = CARTESIAN_POINT('',(171.27917130068,-9.174404039523,
    8.403776282128));
#2708 = VECTOR('',#2709,1.);
#2709 = DIRECTION('',(1.,0.,1.110223024625E-16));
#2710 = PCURVE('',#1605,#2711);
#2711 = DEFINITIONAL_REPRESENTATION('',(#2712),#2716);
#2712 = LINE('',#2713,#2714);
#2713 = CARTESIAN_POINT('',(0.,0.));
#2714 = VECTOR('',#2715,1.);
#2715 = DIRECTION('',(0.,-1.));
#2716 = ( GEOMETRIC_REPRESENTATION_CONTEXT(2) 
PARAMETRIC_REPRESENTATION_CONTEXT() REPRESENTATION_CONTEXT('2D SPACE',''
  ) );
#2717 = PCURVE('',#1863,#2718);
#2718 = DEFINITIONAL_REPRESENTATION('',(#2719),#2723);
#2719 = LINE('',#2720,#2721);
#2720 = CARTESIAN_POINT('',(3.229437348236,0.));
#2721 = VECTOR('',#2722,1.);
#2722 = DIRECTION('',(0.,-1.));
#2723 = ( GEOMETRIC_REPRESENTATION_CONTEXT(2) 
PARAMETRIC_REPRESENTATION_CONTEXT() REPRESENTATION_CONTEXT('2D SPACE',''
  ) );
#2724 = ORIENTED_EDGE('',*,*,#2725,.T.);
#2725 = EDGE_CURVE('',#2703,#2726,#2728,.T.);
#2726 = VERTEX_POINT('',#2727);
#2727 = CARTESIAN_POINT('',(173.27917130068,-2.935810561892,
    8.403776282128));
#2728 = SURFACE_CURVE('',#2729,(#2733,#2740),.PCURVE_S1.);
#2729 = LINE('',#2730,#2731);
#2730 = CARTESIAN_POINT('',(173.27917130068,-9.174404039523,
    8.403776282128));
#2731 = VECTOR('',#2732,1.);
#2732 = DIRECTION('',(0.,1.,0.));
#2733 = PCURVE('',#1605,#2734);
#2734 = DEFINITIONAL_REPRESENTATION('',(#2735),#2739);
#2735 = LINE('',#2736,#2737);
#2736 = CARTESIAN_POINT('',(0.,-2.));
#2737 = VECTOR('',#2738,1.);
#2738 = DIRECTION('',(1.,0.));
#2739 = ( GEOMETRIC_REPRESENTATION_CONTEXT(2) 
PARAMETRIC_REPRESENTATION_CONTEXT() REPRESENTATION_CONTEXT('2D SPACE',''
  ) );
#2740 = PCURVE('',#2741,#2746);
#2741 = PLANE('',#2742);
#2742 = AXIS2_PLACEMENT_3D('',#2743,#2744,#2745);
#2743 = CARTESIAN_POINT('',(173.27917130068,-9.174404039523,
    20.403846541049));
#2744 = DIRECTION('',(1.,0.,1.110223024625E-16));
#2745 = DIRECTION('',(1.110223024625E-16,0.,-1.));
#2746 = DEFINITIONAL_REPRESENTATION('',(#2747),#2751);
#2747 = LINE('',#2748,#2749);
#2748 = CARTESIAN_POINT('',(12.000070258921,0.));
#2749 = VECTOR('',#2750,1.);
#2750 = DIRECTION('',(0.,1.));
#2751 = ( GEOMETRIC_REPRESENTATION_CONTEXT(2) 
PARAMETRIC_REPRESENTATION_CONTEXT() REPRESENTATION_CONTEXT('2D SPACE',''
  ) );
#2752 = ORIENTED_EDGE('',*,*,#2753,.F.);
#2753 = EDGE_CURVE('',#1589,#2726,#2754,.T.);
#2754 = SURFACE_CURVE('',#2755,(#2759,#2766),.PCURVE_S1.);
#2755 = LINE('',#2756,#2757);
#2756 = CARTESIAN_POINT('',(171.27917130068,-2.935810561892,
    8.403776282128));
#2757 = VECTOR('',#2758,1.);
#2758 = DIRECTION('',(1.,0.,1.110223024625E-16));
#2759 = PCURVE('',#1605,#2760);
#2760 = DEFINITIONAL_REPRESENTATION('',(#2761),#2765);
#2761 = LINE('',#2762,#2763);
#2762 = CARTESIAN_POINT('',(6.238593477631,0.));
#2763 = VECTOR('',#2764,1.);
#2764 = DIRECTION('',(0.,-1.));
#2765 = ( GEOMETRIC_REPRESENTATION_CONTEXT(2) 
PARAMETRIC_REPRESENTATION_CONTEXT() REPRESENTATION_CONTEXT('2D SPACE',''
  ) );
#2766 = PCURVE('',#1631,#2767);
#2767 = DEFINITIONAL_REPRESENTATION('',(#2768),#2772);
#2768 = LINE('',#2769,#2770);
#2769 = CARTESIAN_POINT('',(0.,-0.));
#2770 = VECTOR('',#2771,1.);
#2771 = DIRECTION('',(0.,-1.));
#2772 = ( GEOMETRIC_REPRESENTATION_CONTEXT(2) 
PARAMETRIC_REPRESENTATION_CONTEXT() REPRESENTATION_CONTEXT('2D SPACE',''
  ) );
#2773 = ADVANCED_FACE('',(#2774),#1863,.T.);
#2774 = FACE_BOUND('',#2775,.T.);
#2775 = EDGE_LOOP('',(#2776,#2777,#2800,#2821));
#2776 = ORIENTED_EDGE('',*,*,#1850,.T.);
#2777 = ORIENTED_EDGE('',*,*,#2778,.T.);
#2778 = EDGE_CURVE('',#1825,#2779,#2781,.T.);
#2779 = VERTEX_POINT('',#2780);
#2780 = CARTESIAN_POINT('',(173.27917130068,-9.174404039523,
    5.174338933892));
#2781 = SURFACE_CURVE('',#2782,(#2786,#2793),.PCURVE_S1.);
#2782 = LINE('',#2783,#2784);
#2783 = CARTESIAN_POINT('',(171.27917130068,-9.174404039523,
    5.174338933892));
#2784 = VECTOR('',#2785,1.);
#2785 = DIRECTION('',(1.,0.,1.110223024625E-16));
#2786 = PCURVE('',#1863,#2787);
#2787 = DEFINITIONAL_REPRESENTATION('',(#2788),#2792);
#2788 = LINE('',#2789,#2790);
#2789 = CARTESIAN_POINT('',(0.,-0.));
#2790 = VECTOR('',#2791,1.);
#2791 = DIRECTION('',(0.,-1.));
#2792 = ( GEOMETRIC_REPRESENTATION_CONTEXT(2) 
PARAMETRIC_REPRESENTATION_CONTEXT() REPRESENTATION_CONTEXT('2D SPACE',''
  ) );
#2793 = PCURVE('',#1839,#2794);
#2794 = DEFINITIONAL_REPRESENTATION('',(#2795),#2799);
#2795 = LINE('',#2796,#2797);
#2796 = CARTESIAN_POINT('',(6.238593477631,0.));
#2797 = VECTOR('',#2798,1.);
#2798 = DIRECTION('',(0.,-1.));
#2799 = ( GEOMETRIC_REPRESENTATION_CONTEXT(2) 
PARAMETRIC_REPRESENTATION_CONTEXT() REPRESENTATION_CONTEXT('2D SPACE',''
  ) );
#2800 = ORIENTED_EDGE('',*,*,#2801,.T.);
#2801 = EDGE_CURVE('',#2779,#2703,#2802,.T.);
#2802 = SURFACE_CURVE('',#2803,(#2807,#2814),.PCURVE_S1.);
#2803 = LINE('',#2804,#2805);
#2804 = CARTESIAN_POINT('',(173.27917130068,-9.174404039523,
    5.174338933892));
#2805 = VECTOR('',#2806,1.);
#2806 = DIRECTION('',(-1.110223024625E-16,0.,1.));
#2807 = PCURVE('',#1863,#2808);
#2808 = DEFINITIONAL_REPRESENTATION('',(#2809),#2813);
#2809 = LINE('',#2810,#2811);
#2810 = CARTESIAN_POINT('',(0.,-2.));
#2811 = VECTOR('',#2812,1.);
#2812 = DIRECTION('',(1.,0.));
#2813 = ( GEOMETRIC_REPRESENTATION_CONTEXT(2) 
PARAMETRIC_REPRESENTATION_CONTEXT() REPRESENTATION_CONTEXT('2D SPACE',''
  ) );
#2814 = PCURVE('',#2741,#2815);
#2815 = DEFINITIONAL_REPRESENTATION('',(#2816),#2820);
#2816 = LINE('',#2817,#2818);
#2817 = CARTESIAN_POINT('',(15.229507607157,0.));
#2818 = VECTOR('',#2819,1.);
#2819 = DIRECTION('',(-1.,0.));
#2820 = ( GEOMETRIC_REPRESENTATION_CONTEXT(2) 
PARAMETRIC_REPRESENTATION_CONTEXT() REPRESENTATION_CONTEXT('2D SPACE',''
  ) );
#2821 = ORIENTED_EDGE('',*,*,#2702,.F.);
#2822 = ADVANCED_FACE('',(#2823),#1839,.T.);
#2823 = FACE_BOUND('',#2824,.T.);
#2824 = EDGE_LOOP('',(#2825,#2826,#2849,#2870));
#2825 = ORIENTED_EDGE('',*,*,#1824,.T.);
#2826 = ORIENTED_EDGE('',*,*,#2827,.T.);
#2827 = EDGE_CURVE('',#1799,#2828,#2830,.T.);
#2828 = VERTEX_POINT('',#2829);
#2829 = CARTESIAN_POINT('',(173.27917130068,-2.935810561892,
    5.174338933892));
#2830 = SURFACE_CURVE('',#2831,(#2835,#2842),.PCURVE_S1.);
#2831 = LINE('',#2832,#2833);
#2832 = CARTESIAN_POINT('',(171.27917130068,-2.935810561892,
    5.174338933892));
#2833 = VECTOR('',#2834,1.);
#2834 = DIRECTION('',(1.,0.,1.110223024625E-16));
#2835 = PCURVE('',#1839,#2836);
#2836 = DEFINITIONAL_REPRESENTATION('',(#2837),#2841);
#2837 = LINE('',#2838,#2839);
#2838 = CARTESIAN_POINT('',(0.,0.));
#2839 = VECTOR('',#2840,1.);
#2840 = DIRECTION('',(0.,-1.));
#2841 = ( GEOMETRIC_REPRESENTATION_CONTEXT(2) 
PARAMETRIC_REPRESENTATION_CONTEXT() REPRESENTATION_CONTEXT('2D SPACE',''
  ) );
#2842 = PCURVE('',#1813,#2843);
#2843 = DEFINITIONAL_REPRESENTATION('',(#2844),#2848);
#2844 = LINE('',#2845,#2846);
#2845 = CARTESIAN_POINT('',(3.853248912654,0.));
#2846 = VECTOR('',#2847,1.);
#2847 = DIRECTION('',(0.,-1.));
#2848 = ( GEOMETRIC_REPRESENTATION_CONTEXT(2) 
PARAMETRIC_REPRESENTATION_CONTEXT() REPRESENTATION_CONTEXT('2D SPACE',''
  ) );
#2849 = ORIENTED_EDGE('',*,*,#2850,.T.);
#2850 = EDGE_CURVE('',#2828,#2779,#2851,.T.);
#2851 = SURFACE_CURVE('',#2852,(#2856,#2863),.PCURVE_S1.);
#2852 = LINE('',#2853,#2854);
#2853 = CARTESIAN_POINT('',(173.27917130068,-2.935810561892,
    5.174338933892));
#2854 = VECTOR('',#2855,1.);
#2855 = DIRECTION('',(0.,-1.,-0.));
#2856 = PCURVE('',#1839,#2857);
#2857 = DEFINITIONAL_REPRESENTATION('',(#2858),#2862);
#2858 = LINE('',#2859,#2860);
#2859 = CARTESIAN_POINT('',(0.,-2.));
#2860 = VECTOR('',#2861,1.);
#2861 = DIRECTION('',(1.,0.));
#2862 = ( GEOMETRIC_REPRESENTATION_CONTEXT(2) 
PARAMETRIC_REPRESENTATION_CONTEXT() REPRESENTATION_CONTEXT('2D SPACE',''
  ) );
#2863 = PCURVE('',#2741,#2864);
#2864 = DEFINITIONAL_REPRESENTATION('',(#2865),#2869);
#2865 = LINE('',#2866,#2867);
#2866 = CARTESIAN_POINT('',(15.229507607157,6.238593477631));
#2867 = VECTOR('',#2868,1.);
#2868 = DIRECTION('',(0.,-1.));
#2869 = ( GEOMETRIC_REPRESENTATION_CONTEXT(2) 
PARAMETRIC_REPRESENTATION_CONTEXT() REPRESENTATION_CONTEXT('2D SPACE',''
  ) );
#2870 = ORIENTED_EDGE('',*,*,#2778,.F.);
#2871 = ADVANCED_FACE('',(#2872),#1813,.T.);
#2872 = FACE_BOUND('',#2873,.T.);
#2873 = EDGE_LOOP('',(#2874,#2875,#2898,#2919));
#2874 = ORIENTED_EDGE('',*,*,#1798,.T.);
#2875 = ORIENTED_EDGE('',*,*,#2876,.T.);
#2876 = EDGE_CURVE('',#1773,#2877,#2879,.T.);
#2877 = VERTEX_POINT('',#2878);
#2878 = CARTESIAN_POINT('',(173.27917130068,-2.935810561892,
    1.321090021238));
#2879 = SURFACE_CURVE('',#2880,(#2884,#2891),.PCURVE_S1.);
#2880 = LINE('',#2881,#2882);
#2881 = CARTESIAN_POINT('',(171.27917130068,-2.935810561892,
    1.321090021238));
#2882 = VECTOR('',#2883,1.);
#2883 = DIRECTION('',(1.,0.,1.110223024625E-16));
#2884 = PCURVE('',#1813,#2885);
#2885 = DEFINITIONAL_REPRESENTATION('',(#2886),#2890);
#2886 = LINE('',#2887,#2888);
#2887 = CARTESIAN_POINT('',(0.,-0.));
#2888 = VECTOR('',#2889,1.);
#2889 = DIRECTION('',(0.,-1.));
#2890 = ( GEOMETRIC_REPRESENTATION_CONTEXT(2) 
PARAMETRIC_REPRESENTATION_CONTEXT() REPRESENTATION_CONTEXT('2D SPACE',''
  ) );
#2891 = PCURVE('',#1787,#2892);
#2892 = DEFINITIONAL_REPRESENTATION('',(#2893),#2897);
#2893 = LINE('',#2894,#2895);
#2894 = CARTESIAN_POINT('',(2.899134978336,0.));
#2895 = VECTOR('',#2896,1.);
#2896 = DIRECTION('',(0.,-1.));
#2897 = ( GEOMETRIC_REPRESENTATION_CONTEXT(2) 
PARAMETRIC_REPRESENTATION_CONTEXT() REPRESENTATION_CONTEXT('2D SPACE',''
  ) );
#2898 = ORIENTED_EDGE('',*,*,#2899,.T.);
#2899 = EDGE_CURVE('',#2877,#2828,#2900,.T.);
#2900 = SURFACE_CURVE('',#2901,(#2905,#2912),.PCURVE_S1.);
#2901 = LINE('',#2902,#2903);
#2902 = CARTESIAN_POINT('',(173.27917130068,-2.935810561892,
    1.321090021238));
#2903 = VECTOR('',#2904,1.);
#2904 = DIRECTION('',(-1.110223024625E-16,0.,1.));
#2905 = PCURVE('',#1813,#2906);
#2906 = DEFINITIONAL_REPRESENTATION('',(#2907),#2911);
#2907 = LINE('',#2908,#2909);
#2908 = CARTESIAN_POINT('',(0.,-2.));
#2909 = VECTOR('',#2910,1.);
#2910 = DIRECTION('',(1.,0.));
#2911 = ( GEOMETRIC_REPRESENTATION_CONTEXT(2) 
PARAMETRIC_REPRESENTATION_CONTEXT() REPRESENTATION_CONTEXT('2D SPACE',''
  ) );
#2912 = PCURVE('',#2741,#2913);
#2913 = DEFINITIONAL_REPRESENTATION('',(#2914),#2918);
#2914 = LINE('',#2915,#2916);
#2915 = CARTESIAN_POINT('',(19.082756519811,6.238593477631));
#2916 = VECTOR('',#2917,1.);
#2917 = DIRECTION('',(-1.,0.));
#2918 = ( GEOMETRIC_REPRESENTATION_CONTEXT(2) 
PARAMETRIC_REPRESENTATION_CONTEXT() REPRESENTATION_CONTEXT('2D SPACE',''
  ) );
#2919 = ORIENTED_EDGE('',*,*,#2827,.F.);
#2920 = ADVANCED_FACE('',(#2921),#1787,.T.);
#2921 = FACE_BOUND('',#2922,.T.);
#2922 = EDGE_LOOP('',(#2923,#2924,#2947,#2968));
#2923 = ORIENTED_EDGE('',*,*,#1772,.T.);
#2924 = ORIENTED_EDGE('',*,*,#2925,.T.);
#2925 = EDGE_CURVE('',#1747,#2926,#2928,.T.);
#2926 = VERTEX_POINT('',#2927);
#2927 = CARTESIAN_POINT('',(173.27917130068,-3.667558355652E-02,
    1.321090021238));
#2928 = SURFACE_CURVE('',#2929,(#2933,#2940),.PCURVE_S1.);
#2929 = LINE('',#2930,#2931);
#2930 = CARTESIAN_POINT('',(171.27917130068,-3.667558355652E-02,
    1.321090021238));
#2931 = VECTOR('',#2932,1.);
#2932 = DIRECTION('',(1.,0.,1.110223024625E-16));
#2933 = PCURVE('',#1787,#2934);
#2934 = DEFINITIONAL_REPRESENTATION('',(#2935),#2939);
#2935 = LINE('',#2936,#2937);
#2936 = CARTESIAN_POINT('',(0.,0.));
#2937 = VECTOR('',#2938,1.);
#2938 = DIRECTION('',(0.,-1.));
#2939 = ( GEOMETRIC_REPRESENTATION_CONTEXT(2) 
PARAMETRIC_REPRESENTATION_CONTEXT() REPRESENTATION_CONTEXT('2D SPACE',''
  ) );
#2940 = PCURVE('',#1761,#2941);
#2941 = DEFINITIONAL_REPRESENTATION('',(#2942),#2946);
#2942 = LINE('',#2943,#2944);
#2943 = CARTESIAN_POINT('',(3.853248912654,0.));
#2944 = VECTOR('',#2945,1.);
#2945 = DIRECTION('',(0.,-1.));
#2946 = ( GEOMETRIC_REPRESENTATION_CONTEXT(2) 
PARAMETRIC_REPRESENTATION_CONTEXT() REPRESENTATION_CONTEXT('2D SPACE',''
  ) );
#2947 = ORIENTED_EDGE('',*,*,#2948,.T.);
#2948 = EDGE_CURVE('',#2926,#2877,#2949,.T.);
#2949 = SURFACE_CURVE('',#2950,(#2954,#2961),.PCURVE_S1.);
#2950 = LINE('',#2951,#2952);
#2951 = CARTESIAN_POINT('',(173.27917130068,-3.667558355652E-02,
    1.321090021238));
#2952 = VECTOR('',#2953,1.);
#2953 = DIRECTION('',(0.,-1.,-0.));
#2954 = PCURVE('',#1787,#2955);
#2955 = DEFINITIONAL_REPRESENTATION('',(#2956),#2960);
#2956 = LINE('',#2957,#2958);
#2957 = CARTESIAN_POINT('',(0.,-2.));
#2958 = VECTOR('',#2959,1.);
#2959 = DIRECTION('',(1.,0.));
#2960 = ( GEOMETRIC_REPRESENTATION_CONTEXT(2) 
PARAMETRIC_REPRESENTATION_CONTEXT() REPRESENTATION_CONTEXT('2D SPACE',''
  ) );
#2961 = PCURVE('',#2741,#2962);
#2962 = DEFINITIONAL_REPRESENTATION('',(#2963),#2967);
#2963 = LINE('',#2964,#2965);
#2964 = CARTESIAN_POINT('',(19.082756519811,9.137728455967));
#2965 = VECTOR('',#2966,1.);
#2966 = DIRECTION('',(0.,-1.));
#2967 = ( GEOMETRIC_REPRESENTATION_CONTEXT(2) 
PARAMETRIC_REPRESENTATION_CONTEXT() REPRESENTATION_CONTEXT('2D SPACE',''
  ) );
#2968 = ORIENTED_EDGE('',*,*,#2876,.F.);
#2969 = ADVANCED_FACE('',(#2970),#1761,.T.);
#2970 = FACE_BOUND('',#2971,.T.);
#2971 = EDGE_LOOP('',(#2972,#2973,#2996,#3017));
#2972 = ORIENTED_EDGE('',*,*,#1746,.T.);
#2973 = ORIENTED_EDGE('',*,*,#2974,.T.);
#2974 = EDGE_CURVE('',#1721,#2975,#2977,.T.);
#2975 = VERTEX_POINT('',#2976);
#2976 = CARTESIAN_POINT('',(173.27917130068,-3.667558355652E-02,
    5.174338933892));
#2977 = SURFACE_CURVE('',#2978,(#2982,#2989),.PCURVE_S1.);
#2978 = LINE('',#2979,#2980);
#2979 = CARTESIAN_POINT('',(171.27917130068,-3.667558355652E-02,
    5.174338933892));
#2980 = VECTOR('',#2981,1.);
#2981 = DIRECTION('',(1.,0.,1.110223024625E-16));
#2982 = PCURVE('',#1761,#2983);
#2983 = DEFINITIONAL_REPRESENTATION('',(#2984),#2988);
#2984 = LINE('',#2985,#2986);
#2985 = CARTESIAN_POINT('',(0.,0.));
#2986 = VECTOR('',#2987,1.);
#2987 = DIRECTION('',(0.,-1.));
#2988 = ( GEOMETRIC_REPRESENTATION_CONTEXT(2) 
PARAMETRIC_REPRESENTATION_CONTEXT() REPRESENTATION_CONTEXT('2D SPACE',''
  ) );
#2989 = PCURVE('',#1735,#2990);
#2990 = DEFINITIONAL_REPRESENTATION('',(#2991),#2995);
#2991 = LINE('',#2992,#2993);
#2992 = CARTESIAN_POINT('',(16.880899998295,0.));
#2993 = VECTOR('',#2994,1.);
#2994 = DIRECTION('',(0.,-1.));
#2995 = ( GEOMETRIC_REPRESENTATION_CONTEXT(2) 
PARAMETRIC_REPRESENTATION_CONTEXT() REPRESENTATION_CONTEXT('2D SPACE',''
  ) );
#2996 = ORIENTED_EDGE('',*,*,#2997,.T.);
#2997 = EDGE_CURVE('',#2975,#2926,#2998,.T.);
#2998 = SURFACE_CURVE('',#2999,(#3003,#3010),.PCURVE_S1.);
#2999 = LINE('',#3000,#3001);
#3000 = CARTESIAN_POINT('',(173.27917130068,-3.667558355652E-02,
    5.174338933892));
#3001 = VECTOR('',#3002,1.);
#3002 = DIRECTION('',(1.110223024625E-16,0.,-1.));
#3003 = PCURVE('',#1761,#3004);
#3004 = DEFINITIONAL_REPRESENTATION('',(#3005),#3009);
#3005 = LINE('',#3006,#3007);
#3006 = CARTESIAN_POINT('',(0.,-2.));
#3007 = VECTOR('',#3008,1.);
#3008 = DIRECTION('',(1.,0.));
#3009 = ( GEOMETRIC_REPRESENTATION_CONTEXT(2) 
PARAMETRIC_REPRESENTATION_CONTEXT() REPRESENTATION_CONTEXT('2D SPACE',''
  ) );
#3010 = PCURVE('',#2741,#3011);
#3011 = DEFINITIONAL_REPRESENTATION('',(#3012),#3016);
#3012 = LINE('',#3013,#3014);
#3013 = CARTESIAN_POINT('',(15.229507607157,9.137728455967));
#3014 = VECTOR('',#3015,1.);
#3015 = DIRECTION('',(1.,0.));
#3016 = ( GEOMETRIC_REPRESENTATION_CONTEXT(2) 
PARAMETRIC_REPRESENTATION_CONTEXT() REPRESENTATION_CONTEXT('2D SPACE',''
  ) );
#3017 = ORIENTED_EDGE('',*,*,#2925,.F.);
#3018 = ADVANCED_FACE('',(#3019),#1735,.T.);
#3019 = FACE_BOUND('',#3020,.T.);
#3020 = EDGE_LOOP('',(#3021,#3022,#3045,#3066));
#3021 = ORIENTED_EDGE('',*,*,#1720,.T.);
#3022 = ORIENTED_EDGE('',*,*,#3023,.T.);
#3023 = EDGE_CURVE('',#1695,#3024,#3026,.T.);
#3024 = VERTEX_POINT('',#3025);
#3025 = CARTESIAN_POINT('',(173.27917130068,16.844224414738,
    5.174338933892));
#3026 = SURFACE_CURVE('',#3027,(#3031,#3038),.PCURVE_S1.);
#3027 = LINE('',#3028,#3029);
#3028 = CARTESIAN_POINT('',(171.27917130068,16.844224414738,
    5.174338933892));
#3029 = VECTOR('',#3030,1.);
#3030 = DIRECTION('',(1.,0.,1.110223024625E-16));
#3031 = PCURVE('',#1735,#3032);
#3032 = DEFINITIONAL_REPRESENTATION('',(#3033),#3037);
#3033 = LINE('',#3034,#3035);
#3034 = CARTESIAN_POINT('',(0.,0.));
#3035 = VECTOR('',#3036,1.);
#3036 = DIRECTION('',(0.,-1.));
#3037 = ( GEOMETRIC_REPRESENTATION_CONTEXT(2) 
PARAMETRIC_REPRESENTATION_CONTEXT() REPRESENTATION_CONTEXT('2D SPACE',''
  ) );
#3038 = PCURVE('',#1709,#3039);
#3039 = DEFINITIONAL_REPRESENTATION('',(#3040),#3044);
#3040 = LINE('',#3041,#3042);
#3041 = CARTESIAN_POINT('',(2.385344564976,0.));
#3042 = VECTOR('',#3043,1.);
#3043 = DIRECTION('',(0.,-1.));
#3044 = ( GEOMETRIC_REPRESENTATION_CONTEXT(2) 
PARAMETRIC_REPRESENTATION_CONTEXT() REPRESENTATION_CONTEXT('2D SPACE',''
  ) );
#3045 = ORIENTED_EDGE('',*,*,#3046,.T.);
#3046 = EDGE_CURVE('',#3024,#2975,#3047,.T.);
#3047 = SURFACE_CURVE('',#3048,(#3052,#3059),.PCURVE_S1.);
#3048 = LINE('',#3049,#3050);
#3049 = CARTESIAN_POINT('',(173.27917130068,16.844224414738,
    5.174338933892));
#3050 = VECTOR('',#3051,1.);
#3051 = DIRECTION('',(0.,-1.,-0.));
#3052 = PCURVE('',#1735,#3053);
#3053 = DEFINITIONAL_REPRESENTATION('',(#3054),#3058);
#3054 = LINE('',#3055,#3056);
#3055 = CARTESIAN_POINT('',(0.,-2.));
#3056 = VECTOR('',#3057,1.);
#3057 = DIRECTION('',(1.,0.));
#3058 = ( GEOMETRIC_REPRESENTATION_CONTEXT(2) 
PARAMETRIC_REPRESENTATION_CONTEXT() REPRESENTATION_CONTEXT('2D SPACE',''
  ) );
#3059 = PCURVE('',#2741,#3060);
#3060 = DEFINITIONAL_REPRESENTATION('',(#3061),#3065);
#3061 = LINE('',#3062,#3063);
#3062 = CARTESIAN_POINT('',(15.229507607157,26.018628454261));
#3063 = VECTOR('',#3064,1.);
#3064 = DIRECTION('',(0.,-1.));
#3065 = ( GEOMETRIC_REPRESENTATION_CONTEXT(2) 
PARAMETRIC_REPRESENTATION_CONTEXT() REPRESENTATION_CONTEXT('2D SPACE',''
  ) );
#3066 = ORIENTED_EDGE('',*,*,#2974,.F.);
#3067 = ADVANCED_FACE('',(#3068),#1709,.T.);
#3068 = FACE_BOUND('',#3069,.T.);
#3069 = EDGE_LOOP('',(#3070,#3071,#3094,#3115));
#3070 = ORIENTED_EDGE('',*,*,#1694,.T.);
#3071 = ORIENTED_EDGE('',*,*,#3072,.T.);
#3072 = EDGE_CURVE('',#1669,#3073,#3075,.T.);
#3073 = VERTEX_POINT('',#3074);
#3074 = CARTESIAN_POINT('',(173.27917130068,16.844224414738,
    7.559683498868));
#3075 = SURFACE_CURVE('',#3076,(#3080,#3087),.PCURVE_S1.);
#3076 = LINE('',#3077,#3078);
#3077 = CARTESIAN_POINT('',(171.27917130068,16.844224414738,
    7.559683498868));
#3078 = VECTOR('',#3079,1.);
#3079 = DIRECTION('',(1.,0.,1.110223024625E-16));
#3080 = PCURVE('',#1709,#3081);
#3081 = DEFINITIONAL_REPRESENTATION('',(#3082),#3086);
#3082 = LINE('',#3083,#3084);
#3083 = CARTESIAN_POINT('',(1.7763568394E-15,0.));
#3084 = VECTOR('',#3085,1.);
#3085 = DIRECTION('',(0.,-1.));
#3086 = ( GEOMETRIC_REPRESENTATION_CONTEXT(2) 
PARAMETRIC_REPRESENTATION_CONTEXT() REPRESENTATION_CONTEXT('2D SPACE',''
  ) );
#3087 = PCURVE('',#1683,#3088);
#3088 = DEFINITIONAL_REPRESENTATION('',(#3089),#3093);
#3089 = LINE('',#3090,#3091);
#3090 = CARTESIAN_POINT('',(20.186973310034,0.));
#3091 = VECTOR('',#3092,1.);
#3092 = DIRECTION('',(0.,-1.));
#3093 = ( GEOMETRIC_REPRESENTATION_CONTEXT(2) 
PARAMETRIC_REPRESENTATION_CONTEXT() REPRESENTATION_CONTEXT('2D SPACE',''
  ) );
#3094 = ORIENTED_EDGE('',*,*,#3095,.T.);
#3095 = EDGE_CURVE('',#3073,#3024,#3096,.T.);
#3096 = SURFACE_CURVE('',#3097,(#3101,#3108),.PCURVE_S1.);
#3097 = LINE('',#3098,#3099);
#3098 = CARTESIAN_POINT('',(173.27917130068,16.844224414738,
    7.559683498868));
#3099 = VECTOR('',#3100,1.);
#3100 = DIRECTION('',(1.110223024625E-16,0.,-1.));
#3101 = PCURVE('',#1709,#3102);
#3102 = DEFINITIONAL_REPRESENTATION('',(#3103),#3107);
#3103 = LINE('',#3104,#3105);
#3104 = CARTESIAN_POINT('',(0.,-2.));
#3105 = VECTOR('',#3106,1.);
#3106 = DIRECTION('',(1.,0.));
#3107 = ( GEOMETRIC_REPRESENTATION_CONTEXT(2) 
PARAMETRIC_REPRESENTATION_CONTEXT() REPRESENTATION_CONTEXT('2D SPACE',''
  ) );
#3108 = PCURVE('',#2741,#3109);
#3109 = DEFINITIONAL_REPRESENTATION('',(#3110),#3114);
#3110 = LINE('',#3111,#3112);
#3111 = CARTESIAN_POINT('',(12.844163042181,26.018628454261));
#3112 = VECTOR('',#3113,1.);
#3113 = DIRECTION('',(1.,0.));
#3114 = ( GEOMETRIC_REPRESENTATION_CONTEXT(2) 
PARAMETRIC_REPRESENTATION_CONTEXT() REPRESENTATION_CONTEXT('2D SPACE',''
  ) );
#3115 = ORIENTED_EDGE('',*,*,#3023,.F.);
#3116 = ADVANCED_FACE('',(#3117),#1683,.T.);
#3117 = FACE_BOUND('',#3118,.T.);
#3118 = EDGE_LOOP('',(#3119,#3120,#3143,#3164));
#3119 = ORIENTED_EDGE('',*,*,#1668,.T.);
#3120 = ORIENTED_EDGE('',*,*,#3121,.T.);
#3121 = EDGE_CURVE('',#1643,#3122,#3124,.T.);
#3122 = VERTEX_POINT('',#3123);
#3123 = CARTESIAN_POINT('',(173.27917130068,0.477114829803,
    19.37626571433));
#3124 = SURFACE_CURVE('',#3125,(#3129,#3136),.PCURVE_S1.);
#3125 = LINE('',#3126,#3127);
#3126 = CARTESIAN_POINT('',(171.27917130068,0.477114829803,
    19.37626571433));
#3127 = VECTOR('',#3128,1.);
#3128 = DIRECTION('',(1.,0.,1.110223024625E-16));
#3129 = PCURVE('',#1683,#3130);
#3130 = DEFINITIONAL_REPRESENTATION('',(#3131),#3135);
#3131 = LINE('',#3132,#3133);
#3132 = CARTESIAN_POINT('',(0.,0.));
#3133 = VECTOR('',#3134,1.);
#3134 = DIRECTION('',(0.,-1.));
#3135 = ( GEOMETRIC_REPRESENTATION_CONTEXT(2) 
PARAMETRIC_REPRESENTATION_CONTEXT() REPRESENTATION_CONTEXT('2D SPACE',''
  ) );
#3136 = PCURVE('',#1657,#3137);
#3137 = DEFINITIONAL_REPRESENTATION('',(#3138),#3142);
#3138 = LINE('',#3139,#3140);
#3139 = CARTESIAN_POINT('',(3.412925391696,0.));
#3140 = VECTOR('',#3141,1.);
#3141 = DIRECTION('',(0.,-1.));
#3142 = ( GEOMETRIC_REPRESENTATION_CONTEXT(2) 
PARAMETRIC_REPRESENTATION_CONTEXT() REPRESENTATION_CONTEXT('2D SPACE',''
  ) );
#3143 = ORIENTED_EDGE('',*,*,#3144,.T.);
#3144 = EDGE_CURVE('',#3122,#3073,#3145,.T.);
#3145 = SURFACE_CURVE('',#3146,(#3150,#3157),.PCURVE_S1.);
#3146 = LINE('',#3147,#3148);
#3147 = CARTESIAN_POINT('',(173.27917130068,0.477114829803,
    19.37626571433));
#3148 = VECTOR('',#3149,1.);
#3149 = DIRECTION('',(6.498766034164E-17,0.810775807426,-0.585356805797)
  );
#3150 = PCURVE('',#1683,#3151);
#3151 = DEFINITIONAL_REPRESENTATION('',(#3152),#3156);
#3152 = LINE('',#3153,#3154);
#3153 = CARTESIAN_POINT('',(0.,-2.));
#3154 = VECTOR('',#3155,1.);
#3155 = DIRECTION('',(1.,0.));
#3156 = ( GEOMETRIC_REPRESENTATION_CONTEXT(2) 
PARAMETRIC_REPRESENTATION_CONTEXT() REPRESENTATION_CONTEXT('2D SPACE',''
  ) );
#3157 = PCURVE('',#2741,#3158);
#3158 = DEFINITIONAL_REPRESENTATION('',(#3159),#3163);
#3159 = LINE('',#3160,#3161);
#3160 = CARTESIAN_POINT('',(1.027580826719,9.651518869326));
#3161 = VECTOR('',#3162,1.);
#3162 = DIRECTION('',(0.585356805797,0.810775807426));
#3163 = ( GEOMETRIC_REPRESENTATION_CONTEXT(2) 
PARAMETRIC_REPRESENTATION_CONTEXT() REPRESENTATION_CONTEXT('2D SPACE',''
  ) );
#3164 = ORIENTED_EDGE('',*,*,#3072,.F.);
#3165 = ADVANCED_FACE('',(#3166),#1657,.T.);
#3166 = FACE_BOUND('',#3167,.T.);
#3167 = EDGE_LOOP('',(#3168,#3169,#3192,#3213));
#3168 = ORIENTED_EDGE('',*,*,#1642,.T.);
#3169 = ORIENTED_EDGE('',*,*,#3170,.T.);
#3170 = EDGE_CURVE('',#1617,#3171,#3173,.T.);
#3171 = VERTEX_POINT('',#3172);
#3172 = CARTESIAN_POINT('',(173.27917130068,-2.935810561892,
    19.37626571433));
#3173 = SURFACE_CURVE('',#3174,(#3178,#3185),.PCURVE_S1.);
#3174 = LINE('',#3175,#3176);
#3175 = CARTESIAN_POINT('',(171.27917130068,-2.935810561892,
    19.37626571433));
#3176 = VECTOR('',#3177,1.);
#3177 = DIRECTION('',(1.,0.,1.110223024625E-16));
#3178 = PCURVE('',#1657,#3179);
#3179 = DEFINITIONAL_REPRESENTATION('',(#3180),#3184);
#3180 = LINE('',#3181,#3182);
#3181 = CARTESIAN_POINT('',(0.,0.));
#3182 = VECTOR('',#3183,1.);
#3183 = DIRECTION('',(0.,-1.));
#3184 = ( GEOMETRIC_REPRESENTATION_CONTEXT(2) 
PARAMETRIC_REPRESENTATION_CONTEXT() REPRESENTATION_CONTEXT('2D SPACE',''
  ) );
#3185 = PCURVE('',#1631,#3186);
#3186 = DEFINITIONAL_REPRESENTATION('',(#3187),#3191);
#3187 = LINE('',#3188,#3189);
#3188 = CARTESIAN_POINT('',(10.972489432202,0.));
#3189 = VECTOR('',#3190,1.);
#3190 = DIRECTION('',(0.,-1.));
#3191 = ( GEOMETRIC_REPRESENTATION_CONTEXT(2) 
PARAMETRIC_REPRESENTATION_CONTEXT() REPRESENTATION_CONTEXT('2D SPACE',''
  ) );
#3192 = ORIENTED_EDGE('',*,*,#3193,.T.);
#3193 = EDGE_CURVE('',#3171,#3122,#3194,.T.);
#3194 = SURFACE_CURVE('',#3195,(#3199,#3206),.PCURVE_S1.);
#3195 = LINE('',#3196,#3197);
#3196 = CARTESIAN_POINT('',(173.27917130068,-2.935810561892,
    19.37626571433));
#3197 = VECTOR('',#3198,1.);
#3198 = DIRECTION('',(0.,1.,0.));
#3199 = PCURVE('',#1657,#3200);
#3200 = DEFINITIONAL_REPRESENTATION('',(#3201),#3205);
#3201 = LINE('',#3202,#3203);
#3202 = CARTESIAN_POINT('',(0.,-2.));
#3203 = VECTOR('',#3204,1.);
#3204 = DIRECTION('',(1.,0.));
#3205 = ( GEOMETRIC_REPRESENTATION_CONTEXT(2) 
PARAMETRIC_REPRESENTATION_CONTEXT() REPRESENTATION_CONTEXT('2D SPACE',''
  ) );
#3206 = PCURVE('',#2741,#3207);
#3207 = DEFINITIONAL_REPRESENTATION('',(#3208),#3212);
#3208 = LINE('',#3209,#3210);
#3209 = CARTESIAN_POINT('',(1.027580826719,6.238593477631));
#3210 = VECTOR('',#3211,1.);
#3211 = DIRECTION('',(0.,1.));
#3212 = ( GEOMETRIC_REPRESENTATION_CONTEXT(2) 
PARAMETRIC_REPRESENTATION_CONTEXT() REPRESENTATION_CONTEXT('2D SPACE',''
  ) );
#3213 = ORIENTED_EDGE('',*,*,#3121,.F.);
#3214 = ADVANCED_FACE('',(#3215),#1631,.T.);
#3215 = FACE_BOUND('',#3216,.T.);
#3216 = EDGE_LOOP('',(#3217,#3218,#3219,#3240));
#3217 = ORIENTED_EDGE('',*,*,#1616,.T.);
#3218 = ORIENTED_EDGE('',*,*,#2753,.T.);
#3219 = ORIENTED_EDGE('',*,*,#3220,.T.);
#3220 = EDGE_CURVE('',#2726,#3171,#3221,.T.);
#3221 = SURFACE_CURVE('',#3222,(#3226,#3233),.PCURVE_S1.);
#3222 = LINE('',#3223,#3224);
#3223 = CARTESIAN_POINT('',(173.27917130068,-2.935810561892,
    8.403776282128));
#3224 = VECTOR('',#3225,1.);
#3225 = DIRECTION('',(-1.110223024625E-16,0.,1.));
#3226 = PCURVE('',#1631,#3227);
#3227 = DEFINITIONAL_REPRESENTATION('',(#3228),#3232);
#3228 = LINE('',#3229,#3230);
#3229 = CARTESIAN_POINT('',(0.,-2.));
#3230 = VECTOR('',#3231,1.);
#3231 = DIRECTION('',(1.,0.));
#3232 = ( GEOMETRIC_REPRESENTATION_CONTEXT(2) 
PARAMETRIC_REPRESENTATION_CONTEXT() REPRESENTATION_CONTEXT('2D SPACE',''
  ) );
#3233 = PCURVE('',#2741,#3234);
#3234 = DEFINITIONAL_REPRESENTATION('',(#3235),#3239);
#3235 = LINE('',#3236,#3237);
#3236 = CARTESIAN_POINT('',(12.000070258921,6.238593477631));
#3237 = VECTOR('',#3238,1.);
#3238 = DIRECTION('',(-1.,0.));
#3239 = ( GEOMETRIC_REPRESENTATION_CONTEXT(2) 
PARAMETRIC_REPRESENTATION_CONTEXT() REPRESENTATION_CONTEXT('2D SPACE',''
  ) );
#3240 = ORIENTED_EDGE('',*,*,#3170,.F.);
#3241 = ADVANCED_FACE('',(#3242),#1916,.T.);
#3242 = FACE_BOUND('',#3243,.T.);
#3243 = EDGE_LOOP('',(#3244,#3245,#3268,#3296));
#3244 = ORIENTED_EDGE('',*,*,#1876,.T.);
#3245 = ORIENTED_EDGE('',*,*,#3246,.T.);
#3246 = EDGE_CURVE('',#1879,#3247,#3249,.T.);
#3247 = VERTEX_POINT('',#3248);
#3248 = CARTESIAN_POINT('',(173.27917130068,3.412923525159,
    -1.578044957098));
#3249 = SURFACE_CURVE('',#3250,(#3254,#3261),.PCURVE_S1.);
#3250 = LINE('',#3251,#3252);
#3251 = CARTESIAN_POINT('',(171.27917130068,3.412923525159,
    -1.578044957098));
#3252 = VECTOR('',#3253,1.);
#3253 = DIRECTION('',(1.,0.,1.110223024625E-16));
#3254 = PCURVE('',#1916,#3255);
#3255 = DEFINITIONAL_REPRESENTATION('',(#3256),#3260);
#3256 = LINE('',#3257,#3258);
#3257 = CARTESIAN_POINT('',(0.,0.));
#3258 = VECTOR('',#3259,1.);
#3259 = DIRECTION('',(0.,-1.));
#3260 = ( GEOMETRIC_REPRESENTATION_CONTEXT(2) 
PARAMETRIC_REPRESENTATION_CONTEXT() REPRESENTATION_CONTEXT('2D SPACE',''
  ) );
#3261 = PCURVE('',#2670,#3262);
#3262 = DEFINITIONAL_REPRESENTATION('',(#3263),#3267);
#3263 = LINE('',#3264,#3265);
#3264 = CARTESIAN_POINT('',(1.,0.));
#3265 = VECTOR('',#3266,1.);
#3266 = DIRECTION('',(0.,-1.));
#3267 = ( GEOMETRIC_REPRESENTATION_CONTEXT(2) 
PARAMETRIC_REPRESENTATION_CONTEXT() REPRESENTATION_CONTEXT('2D SPACE',''
  ) );
#3268 = ORIENTED_EDGE('',*,*,#3269,.T.);
#3269 = EDGE_CURVE('',#3247,#3270,#3272,.T.);
#3270 = VERTEX_POINT('',#3271);
#3271 = CARTESIAN_POINT('',(173.27917130068,9.174400306449,
    -2.128509087477));
#3272 = SURFACE_CURVE('',#3273,(#3277,#3284),.PCURVE_S1.);
#3273 = B_SPLINE_CURVE_WITH_KNOTS('',2,(#3274,#3275,#3276),
  .UNSPECIFIED.,.F.,.F.,(3,3),(0.,1.),.PIECEWISE_BEZIER_KNOTS.);
#3274 = CARTESIAN_POINT('',(173.27917130068,3.412923525159,
    -1.578044957098));
#3275 = CARTESIAN_POINT('',(173.27917130068,6.678915132052,
    -1.578044957098));
#3276 = CARTESIAN_POINT('',(173.27917130068,9.174400306449,
    -2.128509087477));
#3277 = PCURVE('',#1916,#3278);
#3278 = DEFINITIONAL_REPRESENTATION('',(#3279),#3283);
#3279 = LINE('',#3280,#3281);
#3280 = CARTESIAN_POINT('',(0.,-2.));
#3281 = VECTOR('',#3282,1.);
#3282 = DIRECTION('',(1.,0.));
#3283 = ( GEOMETRIC_REPRESENTATION_CONTEXT(2) 
PARAMETRIC_REPRESENTATION_CONTEXT() REPRESENTATION_CONTEXT('2D SPACE',''
  ) );
#3284 = PCURVE('',#3285,#3290);
#3285 = PLANE('',#3286);
#3286 = AXIS2_PLACEMENT_3D('',#3287,#3288,#3289);
#3287 = CARTESIAN_POINT('',(173.27917130068,-9.174404039523,
    2.22044604925E-16));
#3288 = DIRECTION('',(1.,0.,1.110223024625E-16));
#3289 = DIRECTION('',(1.110223024625E-16,0.,-1.));
#3290 = DEFINITIONAL_REPRESENTATION('',(#3291),#3295);
#3291 = B_SPLINE_CURVE_WITH_KNOTS('',2,(#3292,#3293,#3294),
  .UNSPECIFIED.,.F.,.F.,(3,3),(0.,1.),.PIECEWISE_BEZIER_KNOTS.);
#3292 = CARTESIAN_POINT('',(1.578044957098,12.587327564682));
#3293 = CARTESIAN_POINT('',(1.578044957098,15.853319171575));
#3294 = CARTESIAN_POINT('',(2.128509087477,18.348804345972));
#3295 = ( GEOMETRIC_REPRESENTATION_CONTEXT(2) 
PARAMETRIC_REPRESENTATION_CONTEXT() REPRESENTATION_CONTEXT('2D SPACE',''
  ) );
#3296 = ORIENTED_EDGE('',*,*,#3297,.F.);
#3297 = EDGE_CURVE('',#1877,#3270,#3298,.T.);
#3298 = SURFACE_CURVE('',#3299,(#3303,#3310),.PCURVE_S1.);
#3299 = LINE('',#3300,#3301);
#3300 = CARTESIAN_POINT('',(171.27917130068,9.174400306449,
    -2.128509087477));
#3301 = VECTOR('',#3302,1.);
#3302 = DIRECTION('',(1.,0.,1.110223024625E-16));
#3303 = PCURVE('',#1916,#3304);
#3304 = DEFINITIONAL_REPRESENTATION('',(#3305),#3309);
#3305 = LINE('',#3306,#3307);
#3306 = CARTESIAN_POINT('',(1.,0.));
#3307 = VECTOR('',#3308,1.);
#3308 = DIRECTION('',(0.,-1.));
#3309 = ( GEOMETRIC_REPRESENTATION_CONTEXT(2) 
PARAMETRIC_REPRESENTATION_CONTEXT() REPRESENTATION_CONTEXT('2D SPACE',''
  ) );
#3310 = PCURVE('',#1985,#3311);
#3311 = DEFINITIONAL_REPRESENTATION('',(#3312),#3316);
#3312 = LINE('',#3313,#3314);
#3313 = CARTESIAN_POINT('',(0.,0.));
#3314 = VECTOR('',#3315,1.);
#3315 = DIRECTION('',(0.,-1.));
#3316 = ( GEOMETRIC_REPRESENTATION_CONTEXT(2) 
PARAMETRIC_REPRESENTATION_CONTEXT() REPRESENTATION_CONTEXT('2D SPACE',''
  ) );
#3317 = ADVANCED_FACE('',(#3318),#2670,.T.);
#3318 = FACE_BOUND('',#3319,.T.);
#3319 = EDGE_LOOP('',(#3320,#3321,#3344,#3365));
#3320 = ORIENTED_EDGE('',*,*,#2628,.T.);
#3321 = ORIENTED_EDGE('',*,*,#3322,.T.);
#3322 = EDGE_CURVE('',#2527,#3323,#3325,.T.);
#3323 = VERTEX_POINT('',#3324);
#3324 = CARTESIAN_POINT('',(173.27917130068,-6.587234572577,
    -3.743168032415));
#3325 = SURFACE_CURVE('',#3326,(#3330,#3337),.PCURVE_S1.);
#3326 = LINE('',#3327,#3328);
#3327 = CARTESIAN_POINT('',(171.27917130068,-6.587234572577,
    -3.743168032415));
#3328 = VECTOR('',#3329,1.);
#3329 = DIRECTION('',(1.,0.,1.110223024625E-16));
#3330 = PCURVE('',#2670,#3331);
#3331 = DEFINITIONAL_REPRESENTATION('',(#3332),#3336);
#3332 = LINE('',#3333,#3334);
#3333 = CARTESIAN_POINT('',(0.,0.));
#3334 = VECTOR('',#3335,1.);
#3335 = DIRECTION('',(0.,-1.));
#3336 = ( GEOMETRIC_REPRESENTATION_CONTEXT(2) 
PARAMETRIC_REPRESENTATION_CONTEXT() REPRESENTATION_CONTEXT('2D SPACE',''
  ) );
#3337 = PCURVE('',#2590,#3338);
#3338 = DEFINITIONAL_REPRESENTATION('',(#3339),#3343);
#3339 = LINE('',#3340,#3341);
#3340 = CARTESIAN_POINT('',(1.,0.));
#3341 = VECTOR('',#3342,1.);
#3342 = DIRECTION('',(0.,-1.));
#3343 = ( GEOMETRIC_REPRESENTATION_CONTEXT(2) 
PARAMETRIC_REPRESENTATION_CONTEXT() REPRESENTATION_CONTEXT('2D SPACE',''
  ) );
#3344 = ORIENTED_EDGE('',*,*,#3345,.T.);
#3345 = EDGE_CURVE('',#3323,#3247,#3346,.T.);
#3346 = SURFACE_CURVE('',#3347,(#3351,#3358),.PCURVE_S1.);
#3347 = B_SPLINE_CURVE_WITH_KNOTS('',2,(#3348,#3349,#3350),
  .UNSPECIFIED.,.F.,.F.,(3,3),(0.,1.),.PIECEWISE_BEZIER_KNOTS.);
#3348 = CARTESIAN_POINT('',(173.27917130068,-6.587234572577,
    -3.743168032415));
#3349 = CARTESIAN_POINT('',(173.27917130068,-3.155972322372,
    -1.578044957098));
#3350 = CARTESIAN_POINT('',(173.27917130068,3.412923525159,
    -1.578044957098));
#3351 = PCURVE('',#2670,#3352);
#3352 = DEFINITIONAL_REPRESENTATION('',(#3353),#3357);
#3353 = LINE('',#3354,#3355);
#3354 = CARTESIAN_POINT('',(0.,-2.));
#3355 = VECTOR('',#3356,1.);
#3356 = DIRECTION('',(1.,0.));
#3357 = ( GEOMETRIC_REPRESENTATION_CONTEXT(2) 
PARAMETRIC_REPRESENTATION_CONTEXT() REPRESENTATION_CONTEXT('2D SPACE',''
  ) );
#3358 = PCURVE('',#3285,#3359);
#3359 = DEFINITIONAL_REPRESENTATION('',(#3360),#3364);
#3360 = B_SPLINE_CURVE_WITH_KNOTS('',2,(#3361,#3362,#3363),
  .UNSPECIFIED.,.F.,.F.,(3,3),(0.,1.),.PIECEWISE_BEZIER_KNOTS.);
#3361 = CARTESIAN_POINT('',(3.743168032415,2.587169466946));
#3362 = CARTESIAN_POINT('',(1.578044957098,6.018431717151));
#3363 = CARTESIAN_POINT('',(1.578044957098,12.587327564682));
#3364 = ( GEOMETRIC_REPRESENTATION_CONTEXT(2) 
PARAMETRIC_REPRESENTATION_CONTEXT() REPRESENTATION_CONTEXT('2D SPACE',''
  ) );
#3365 = ORIENTED_EDGE('',*,*,#3246,.F.);
#3366 = ADVANCED_FACE('',(#3367),#2590,.T.);
#3367 = FACE_BOUND('',#3368,.T.);
#3368 = EDGE_LOOP('',(#3369,#3370,#3393,#3414));
#3369 = ORIENTED_EDGE('',*,*,#2526,.T.);
#3370 = ORIENTED_EDGE('',*,*,#3371,.T.);
#3371 = EDGE_CURVE('',#2425,#3372,#3374,.T.);
#3372 = VERTEX_POINT('',#3373);
#3373 = CARTESIAN_POINT('',(173.27917130068,-10.01849682278,
    -10.09184239028));
#3374 = SURFACE_CURVE('',#3375,(#3379,#3386),.PCURVE_S1.);
#3375 = LINE('',#3376,#3377);
#3376 = CARTESIAN_POINT('',(171.27917130068,-10.01849682278,
    -10.09184239028));
#3377 = VECTOR('',#3378,1.);
#3378 = DIRECTION('',(1.,0.,1.110223024625E-16));
#3379 = PCURVE('',#2590,#3380);
#3380 = DEFINITIONAL_REPRESENTATION('',(#3381),#3385);
#3381 = LINE('',#3382,#3383);
#3382 = CARTESIAN_POINT('',(0.,0.));
#3383 = VECTOR('',#3384,1.);
#3384 = DIRECTION('',(0.,-1.));
#3385 = ( GEOMETRIC_REPRESENTATION_CONTEXT(2) 
PARAMETRIC_REPRESENTATION_CONTEXT() REPRESENTATION_CONTEXT('2D SPACE',''
  ) );
#3386 = PCURVE('',#2488,#3387);
#3387 = DEFINITIONAL_REPRESENTATION('',(#3388),#3392);
#3388 = LINE('',#3389,#3390);
#3389 = CARTESIAN_POINT('',(1.,0.));
#3390 = VECTOR('',#3391,1.);
#3391 = DIRECTION('',(0.,-1.));
#3392 = ( GEOMETRIC_REPRESENTATION_CONTEXT(2) 
PARAMETRIC_REPRESENTATION_CONTEXT() REPRESENTATION_CONTEXT('2D SPACE',''
  ) );
#3393 = ORIENTED_EDGE('',*,*,#3394,.T.);
#3394 = EDGE_CURVE('',#3372,#3323,#3395,.T.);
#3395 = SURFACE_CURVE('',#3396,(#3400,#3407),.PCURVE_S1.);
#3396 = B_SPLINE_CURVE_WITH_KNOTS('',2,(#3397,#3398,#3399),
  .UNSPECIFIED.,.F.,.F.,(3,3),(0.,1.),.PIECEWISE_BEZIER_KNOTS.);
#3397 = CARTESIAN_POINT('',(173.27917130068,-10.01849682278,
    -10.09184239028));
#3398 = CARTESIAN_POINT('',(173.27917130068,-10.01849682278,
    -5.908291107731));
#3399 = CARTESIAN_POINT('',(173.27917130068,-6.587234572577,
    -3.743168032415));
#3400 = PCURVE('',#2590,#3401);
#3401 = DEFINITIONAL_REPRESENTATION('',(#3402),#3406);
#3402 = LINE('',#3403,#3404);
#3403 = CARTESIAN_POINT('',(0.,-2.));
#3404 = VECTOR('',#3405,1.);
#3405 = DIRECTION('',(1.,0.));
#3406 = ( GEOMETRIC_REPRESENTATION_CONTEXT(2) 
PARAMETRIC_REPRESENTATION_CONTEXT() REPRESENTATION_CONTEXT('2D SPACE',''
  ) );
#3407 = PCURVE('',#3285,#3408);
#3408 = DEFINITIONAL_REPRESENTATION('',(#3409),#3413);
#3409 = B_SPLINE_CURVE_WITH_KNOTS('',2,(#3410,#3411,#3412),
  .UNSPECIFIED.,.F.,.F.,(3,3),(0.,1.),.PIECEWISE_BEZIER_KNOTS.);
#3410 = CARTESIAN_POINT('',(10.091842390285,-0.844092783259));
#3411 = CARTESIAN_POINT('',(5.908291107731,-0.844092783259));
#3412 = CARTESIAN_POINT('',(3.743168032415,2.587169466946));
#3413 = ( GEOMETRIC_REPRESENTATION_CONTEXT(2) 
PARAMETRIC_REPRESENTATION_CONTEXT() REPRESENTATION_CONTEXT('2D SPACE',''
  ) );
#3414 = ORIENTED_EDGE('',*,*,#3322,.F.);
#3415 = ADVANCED_FACE('',(#3416),#2488,.T.);
#3416 = FACE_BOUND('',#3417,.T.);
#3417 = EDGE_LOOP('',(#3418,#3419,#3442,#3463));
#3418 = ORIENTED_EDGE('',*,*,#2424,.T.);
#3419 = ORIENTED_EDGE('',*,*,#3420,.T.);
#3420 = EDGE_CURVE('',#2344,#3421,#3423,.T.);
#3421 = VERTEX_POINT('',#3422);
#3422 = CARTESIAN_POINT('',(173.27917130068,-6.623968018778,
    -16.42217988964));
#3423 = SURFACE_CURVE('',#3424,(#3428,#3435),.PCURVE_S1.);
#3424 = LINE('',#3425,#3426);
#3425 = CARTESIAN_POINT('',(171.27917130068,-6.623968018778,
    -16.42217988964));
#3426 = VECTOR('',#3427,1.);
#3427 = DIRECTION('',(1.,0.,1.110223024625E-16));
#3428 = PCURVE('',#2488,#3429);
#3429 = DEFINITIONAL_REPRESENTATION('',(#3430),#3434);
#3430 = LINE('',#3431,#3432);
#3431 = CARTESIAN_POINT('',(0.,0.));
#3432 = VECTOR('',#3433,1.);
#3433 = DIRECTION('',(0.,-1.));
#3434 = ( GEOMETRIC_REPRESENTATION_CONTEXT(2) 
PARAMETRIC_REPRESENTATION_CONTEXT() REPRESENTATION_CONTEXT('2D SPACE',''
  ) );
#3435 = PCURVE('',#2393,#3436);
#3436 = DEFINITIONAL_REPRESENTATION('',(#3437),#3441);
#3437 = LINE('',#3438,#3439);
#3438 = CARTESIAN_POINT('',(1.,0.));
#3439 = VECTOR('',#3440,1.);
#3440 = DIRECTION('',(0.,-1.));
#3441 = ( GEOMETRIC_REPRESENTATION_CONTEXT(2) 
PARAMETRIC_REPRESENTATION_CONTEXT() REPRESENTATION_CONTEXT('2D SPACE',''
  ) );
#3442 = ORIENTED_EDGE('',*,*,#3443,.T.);
#3443 = EDGE_CURVE('',#3421,#3372,#3444,.T.);
#3444 = SURFACE_CURVE('',#3445,(#3449,#3456),.PCURVE_S1.);
#3445 = B_SPLINE_CURVE_WITH_KNOTS('',2,(#3446,#3447,#3448),
  .UNSPECIFIED.,.F.,.F.,(3,3),(0.,1.),.PIECEWISE_BEZIER_KNOTS.);
#3446 = CARTESIAN_POINT('',(173.27917130068,-6.623968018778,
    -16.42217988964));
#3447 = CARTESIAN_POINT('',(173.27917130068,-10.01849682278,
    -14.23871995581));
#3448 = CARTESIAN_POINT('',(173.27917130068,-10.01849682278,
    -10.09184239028));
#3449 = PCURVE('',#2488,#3450);
#3450 = DEFINITIONAL_REPRESENTATION('',(#3451),#3455);
#3451 = LINE('',#3452,#3453);
#3452 = CARTESIAN_POINT('',(0.,-2.));
#3453 = VECTOR('',#3454,1.);
#3454 = DIRECTION('',(1.,0.));
#3455 = ( GEOMETRIC_REPRESENTATION_CONTEXT(2) 
PARAMETRIC_REPRESENTATION_CONTEXT() REPRESENTATION_CONTEXT('2D SPACE',''
  ) );
#3456 = PCURVE('',#3285,#3457);
#3457 = DEFINITIONAL_REPRESENTATION('',(#3458),#3462);
#3458 = B_SPLINE_CURVE_WITH_KNOTS('',2,(#3459,#3460,#3461),
  .UNSPECIFIED.,.F.,.F.,(3,3),(0.,1.),.PIECEWISE_BEZIER_KNOTS.);
#3459 = CARTESIAN_POINT('',(16.422179889645,2.550436020746));
#3460 = CARTESIAN_POINT('',(14.238719955819,-0.844092783259));
#3461 = CARTESIAN_POINT('',(10.091842390285,-0.844092783259));
#3462 = ( GEOMETRIC_REPRESENTATION_CONTEXT(2) 
PARAMETRIC_REPRESENTATION_CONTEXT() REPRESENTATION_CONTEXT('2D SPACE',''
  ) );
#3463 = ORIENTED_EDGE('',*,*,#3371,.F.);
#3464 = ADVANCED_FACE('',(#3465),#2393,.T.);
#3465 = FACE_BOUND('',#3466,.T.);
#3466 = EDGE_LOOP('',(#3467,#3468,#3491,#3512));
#3467 = ORIENTED_EDGE('',*,*,#2343,.T.);
#3468 = ORIENTED_EDGE('',*,*,#3469,.T.);
#3469 = EDGE_CURVE('',#2197,#3470,#3472,.T.);
#3470 = VERTEX_POINT('',#3471);
#3471 = CARTESIAN_POINT('',(173.27917130068,3.192642306318,
    -18.60563982347));
#3472 = SURFACE_CURVE('',#3473,(#3477,#3484),.PCURVE_S1.);
#3473 = LINE('',#3474,#3475);
#3474 = CARTESIAN_POINT('',(171.27917130068,3.192642306318,
    -18.60563982347));
#3475 = VECTOR('',#3476,1.);
#3476 = DIRECTION('',(1.,0.,1.110223024625E-16));
#3477 = PCURVE('',#2393,#3478);
#3478 = DEFINITIONAL_REPRESENTATION('',(#3479),#3483);
#3479 = LINE('',#3480,#3481);
#3480 = CARTESIAN_POINT('',(0.,0.));
#3481 = VECTOR('',#3482,1.);
#3482 = DIRECTION('',(0.,-1.));
#3483 = ( GEOMETRIC_REPRESENTATION_CONTEXT(2) 
PARAMETRIC_REPRESENTATION_CONTEXT() REPRESENTATION_CONTEXT('2D SPACE',''
  ) );
#3484 = PCURVE('',#2290,#3485);
#3485 = DEFINITIONAL_REPRESENTATION('',(#3486),#3490);
#3486 = LINE('',#3487,#3488);
#3487 = CARTESIAN_POINT('',(1.,0.));
#3488 = VECTOR('',#3489,1.);
#3489 = DIRECTION('',(0.,-1.));
#3490 = ( GEOMETRIC_REPRESENTATION_CONTEXT(2) 
PARAMETRIC_REPRESENTATION_CONTEXT() REPRESENTATION_CONTEXT('2D SPACE',''
  ) );
#3491 = ORIENTED_EDGE('',*,*,#3492,.T.);
#3492 = EDGE_CURVE('',#3470,#3421,#3493,.T.);
#3493 = SURFACE_CURVE('',#3494,(#3498,#3505),.PCURVE_S1.);
#3494 = B_SPLINE_CURVE_WITH_KNOTS('',2,(#3495,#3496,#3497),
  .UNSPECIFIED.,.F.,.F.,(3,3),(0.,1.),.PIECEWISE_BEZIER_KNOTS.);
#3495 = CARTESIAN_POINT('',(173.27917130068,3.192642306318,
    -18.60563982347));
#3496 = CARTESIAN_POINT('',(173.27917130068,-3.229439214773,
    -18.60563982347));
#3497 = CARTESIAN_POINT('',(173.27917130068,-6.623968018778,
    -16.42217988964));
#3498 = PCURVE('',#2393,#3499);
#3499 = DEFINITIONAL_REPRESENTATION('',(#3500),#3504);
#3500 = LINE('',#3501,#3502);
#3501 = CARTESIAN_POINT('',(0.,-2.));
#3502 = VECTOR('',#3503,1.);
#3503 = DIRECTION('',(1.,0.));
#3504 = ( GEOMETRIC_REPRESENTATION_CONTEXT(2) 
PARAMETRIC_REPRESENTATION_CONTEXT() REPRESENTATION_CONTEXT('2D SPACE',''
  ) );
#3505 = PCURVE('',#3285,#3506);
#3506 = DEFINITIONAL_REPRESENTATION('',(#3507),#3511);
#3507 = B_SPLINE_CURVE_WITH_KNOTS('',2,(#3508,#3509,#3510),
  .UNSPECIFIED.,.F.,.F.,(3,3),(0.,1.),.PIECEWISE_BEZIER_KNOTS.);
#3508 = CARTESIAN_POINT('',(18.605639823471,12.367046345841));
#3509 = CARTESIAN_POINT('',(18.605639823471,5.94496482475));
#3510 = CARTESIAN_POINT('',(16.422179889645,2.550436020746));
#3511 = ( GEOMETRIC_REPRESENTATION_CONTEXT(2) 
PARAMETRIC_REPRESENTATION_CONTEXT() REPRESENTATION_CONTEXT('2D SPACE',''
  ) );
#3512 = ORIENTED_EDGE('',*,*,#3420,.F.);
#3513 = ADVANCED_FACE('',(#3514),#2290,.T.);
#3514 = FACE_BOUND('',#3515,.T.);
#3515 = EDGE_LOOP('',(#3516,#3517,#3540,#3561));
#3516 = ORIENTED_EDGE('',*,*,#2196,.T.);
#3517 = ORIENTED_EDGE('',*,*,#3518,.T.);
#3518 = EDGE_CURVE('',#2146,#3519,#3521,.T.);
#3519 = VERTEX_POINT('',#3520);
#3520 = CARTESIAN_POINT('',(173.27917130068,16.844224414738,
    -10.09184239028));
#3521 = SURFACE_CURVE('',#3522,(#3526,#3533),.PCURVE_S1.);
#3522 = LINE('',#3523,#3524);
#3523 = CARTESIAN_POINT('',(171.27917130068,16.844224414738,
    -10.09184239028));
#3524 = VECTOR('',#3525,1.);
#3525 = DIRECTION('',(1.,0.,1.110223024625E-16));
#3526 = PCURVE('',#2290,#3527);
#3527 = DEFINITIONAL_REPRESENTATION('',(#3528),#3532);
#3528 = LINE('',#3529,#3530);
#3529 = CARTESIAN_POINT('',(0.,0.));
#3530 = VECTOR('',#3531,1.);
#3531 = DIRECTION('',(0.,-1.));
#3532 = ( GEOMETRIC_REPRESENTATION_CONTEXT(2) 
PARAMETRIC_REPRESENTATION_CONTEXT() REPRESENTATION_CONTEXT('2D SPACE',''
  ) );
#3533 = PCURVE('',#2175,#3534);
#3534 = DEFINITIONAL_REPRESENTATION('',(#3535),#3539);
#3535 = LINE('',#3536,#3537);
#3536 = CARTESIAN_POINT('',(1.,0.));
#3537 = VECTOR('',#3538,1.);
#3538 = DIRECTION('',(0.,-1.));
#3539 = ( GEOMETRIC_REPRESENTATION_CONTEXT(2) 
PARAMETRIC_REPRESENTATION_CONTEXT() REPRESENTATION_CONTEXT('2D SPACE',''
  ) );
#3540 = ORIENTED_EDGE('',*,*,#3541,.T.);
#3541 = EDGE_CURVE('',#3519,#3470,#3542,.T.);
#3542 = SURFACE_CURVE('',#3543,(#3547,#3554),.PCURVE_S1.);
#3543 = B_SPLINE_CURVE_WITH_KNOTS('',2,(#3544,#3545,#3546),
  .UNSPECIFIED.,.F.,.F.,(3,3),(0.,1.),.PIECEWISE_BEZIER_KNOTS.);
#3544 = CARTESIAN_POINT('',(173.27917130068,16.844224414738,
    -10.09184239028));
#3545 = CARTESIAN_POINT('',(173.27917130068,16.844224414738,
    -18.60563982347));
#3546 = CARTESIAN_POINT('',(173.27917130068,3.192642306318,
    -18.60563982347));
#3547 = PCURVE('',#2290,#3548);
#3548 = DEFINITIONAL_REPRESENTATION('',(#3549),#3553);
#3549 = LINE('',#3550,#3551);
#3550 = CARTESIAN_POINT('',(0.,-2.));
#3551 = VECTOR('',#3552,1.);
#3552 = DIRECTION('',(1.,0.));
#3553 = ( GEOMETRIC_REPRESENTATION_CONTEXT(2) 
PARAMETRIC_REPRESENTATION_CONTEXT() REPRESENTATION_CONTEXT('2D SPACE',''
  ) );
#3554 = PCURVE('',#3285,#3555);
#3555 = DEFINITIONAL_REPRESENTATION('',(#3556),#3560);
#3556 = B_SPLINE_CURVE_WITH_KNOTS('',2,(#3557,#3558,#3559),
  .UNSPECIFIED.,.F.,.F.,(3,3),(0.,1.),.PIECEWISE_BEZIER_KNOTS.);
#3557 = CARTESIAN_POINT('',(10.091842390285,26.018628454261));
#3558 = CARTESIAN_POINT('',(18.605639823471,26.018628454261));
#3559 = CARTESIAN_POINT('',(18.605639823471,12.367046345841));
#3560 = ( GEOMETRIC_REPRESENTATION_CONTEXT(2) 
PARAMETRIC_REPRESENTATION_CONTEXT() REPRESENTATION_CONTEXT('2D SPACE',''
  ) );
#3561 = ORIENTED_EDGE('',*,*,#3469,.F.);
#3562 = ADVANCED_FACE('',(#3563),#2175,.T.);
#3563 = FACE_BOUND('',#3564,.T.);
#3564 = EDGE_LOOP('',(#3565,#3566,#3589,#3610));
#3565 = ORIENTED_EDGE('',*,*,#2145,.T.);
#3566 = ORIENTED_EDGE('',*,*,#3567,.T.);
#3567 = EDGE_CURVE('',#2089,#3568,#3570,.T.);
#3568 = VERTEX_POINT('',#3569);
#3569 = CARTESIAN_POINT('',(173.27917130068,16.550655491039,
    -7.798241847038));
#3570 = SURFACE_CURVE('',#3571,(#3575,#3582),.PCURVE_S1.);
#3571 = LINE('',#3572,#3573);
#3572 = CARTESIAN_POINT('',(171.27917130068,16.550655491039,
    -7.798241847038));
#3573 = VECTOR('',#3574,1.);
#3574 = DIRECTION('',(1.,0.,1.110223024625E-16));
#3575 = PCURVE('',#2175,#3576);
#3576 = DEFINITIONAL_REPRESENTATION('',(#3577),#3581);
#3577 = LINE('',#3578,#3579);
#3578 = CARTESIAN_POINT('',(0.,0.));
#3579 = VECTOR('',#3580,1.);
#3580 = DIRECTION('',(0.,-1.));
#3581 = ( GEOMETRIC_REPRESENTATION_CONTEXT(2) 
PARAMETRIC_REPRESENTATION_CONTEXT() REPRESENTATION_CONTEXT('2D SPACE',''
  ) );
#3582 = PCURVE('',#2122,#3583);
#3583 = DEFINITIONAL_REPRESENTATION('',(#3584),#3588);
#3584 = LINE('',#3585,#3586);
#3585 = CARTESIAN_POINT('',(1.,0.));
#3586 = VECTOR('',#3587,1.);
#3587 = DIRECTION('',(0.,-1.));
#3588 = ( GEOMETRIC_REPRESENTATION_CONTEXT(2) 
PARAMETRIC_REPRESENTATION_CONTEXT() REPRESENTATION_CONTEXT('2D SPACE',''
  ) );
#3589 = ORIENTED_EDGE('',*,*,#3590,.T.);
#3590 = EDGE_CURVE('',#3568,#3519,#3591,.T.);
#3591 = SURFACE_CURVE('',#3592,(#3596,#3603),.PCURVE_S1.);
#3592 = B_SPLINE_CURVE_WITH_KNOTS('',2,(#3593,#3594,#3595),
  .UNSPECIFIED.,.F.,.F.,(3,3),(0.,1.),.PIECEWISE_BEZIER_KNOTS.);
#3593 = CARTESIAN_POINT('',(173.27917130068,16.550655491039,
    -7.798241847038));
#3594 = CARTESIAN_POINT('',(173.27917130068,16.844224414738,
    -8.880773520106));
#3595 = CARTESIAN_POINT('',(173.27917130068,16.844224414738,
    -10.09184239028));
#3596 = PCURVE('',#2175,#3597);
#3597 = DEFINITIONAL_REPRESENTATION('',(#3598),#3602);
#3598 = LINE('',#3599,#3600);
#3599 = CARTESIAN_POINT('',(0.,-2.));
#3600 = VECTOR('',#3601,1.);
#3601 = DIRECTION('',(1.,0.));
#3602 = ( GEOMETRIC_REPRESENTATION_CONTEXT(2) 
PARAMETRIC_REPRESENTATION_CONTEXT() REPRESENTATION_CONTEXT('2D SPACE',''
  ) );
#3603 = PCURVE('',#3285,#3604);
#3604 = DEFINITIONAL_REPRESENTATION('',(#3605),#3609);
#3605 = B_SPLINE_CURVE_WITH_KNOTS('',2,(#3606,#3607,#3608),
  .UNSPECIFIED.,.F.,.F.,(3,3),(0.,1.),.PIECEWISE_BEZIER_KNOTS.);
#3606 = CARTESIAN_POINT('',(7.798241847038,25.725059530562));
#3607 = CARTESIAN_POINT('',(8.880773520106,26.018628454261));
#3608 = CARTESIAN_POINT('',(10.091842390285,26.018628454261));
#3609 = ( GEOMETRIC_REPRESENTATION_CONTEXT(2) 
PARAMETRIC_REPRESENTATION_CONTEXT() REPRESENTATION_CONTEXT('2D SPACE',''
  ) );
#3610 = ORIENTED_EDGE('',*,*,#3518,.F.);
#3611 = ADVANCED_FACE('',(#3612),#2122,.T.);
#3612 = FACE_BOUND('',#3613,.T.);
#3613 = EDGE_LOOP('',(#3614,#3615,#3638,#3659));
#3614 = ORIENTED_EDGE('',*,*,#2088,.T.);
#3615 = ORIENTED_EDGE('',*,*,#3616,.T.);
#3616 = EDGE_CURVE('',#2014,#3617,#3619,.T.);
#3617 = VERTEX_POINT('',#3618);
#3618 = CARTESIAN_POINT('',(173.27917130068,15.37632006706,
    -5.541374749992));
#3619 = SURFACE_CURVE('',#3620,(#3624,#3631),.PCURVE_S1.);
#3620 = LINE('',#3621,#3622);
#3621 = CARTESIAN_POINT('',(171.27917130068,15.37632006706,
    -5.541374749992));
#3622 = VECTOR('',#3623,1.);
#3623 = DIRECTION('',(1.,0.,1.110223024625E-16));
#3624 = PCURVE('',#2122,#3625);
#3625 = DEFINITIONAL_REPRESENTATION('',(#3626),#3630);
#3626 = LINE('',#3627,#3628);
#3627 = CARTESIAN_POINT('',(0.,0.));
#3628 = VECTOR('',#3629,1.);
#3629 = DIRECTION('',(0.,-1.));
#3630 = ( GEOMETRIC_REPRESENTATION_CONTEXT(2) 
PARAMETRIC_REPRESENTATION_CONTEXT() REPRESENTATION_CONTEXT('2D SPACE',''
  ) );
#3631 = PCURVE('',#2059,#3632);
#3632 = DEFINITIONAL_REPRESENTATION('',(#3633),#3637);
#3633 = LINE('',#3634,#3635);
#3634 = CARTESIAN_POINT('',(1.,0.));
#3635 = VECTOR('',#3636,1.);
#3636 = DIRECTION('',(0.,-1.));
#3637 = ( GEOMETRIC_REPRESENTATION_CONTEXT(2) 
PARAMETRIC_REPRESENTATION_CONTEXT() REPRESENTATION_CONTEXT('2D SPACE',''
  ) );
#3638 = ORIENTED_EDGE('',*,*,#3639,.T.);
#3639 = EDGE_CURVE('',#3617,#3568,#3640,.T.);
#3640 = SURFACE_CURVE('',#3641,(#3645,#3652),.PCURVE_S1.);
#3641 = B_SPLINE_CURVE_WITH_KNOTS('',2,(#3642,#3643,#3644),
  .UNSPECIFIED.,.F.,.F.,(3,3),(0.,1.),.PIECEWISE_BEZIER_KNOTS.);
#3642 = CARTESIAN_POINT('',(173.27917130068,15.37632006706,
    -5.541374749992));
#3643 = CARTESIAN_POINT('',(173.27917130068,16.257086567339,
    -6.715710173971));
#3644 = CARTESIAN_POINT('',(173.27917130068,16.550655491039,
    -7.798241847038));
#3645 = PCURVE('',#2122,#3646);
#3646 = DEFINITIONAL_REPRESENTATION('',(#3647),#3651);
#3647 = LINE('',#3648,#3649);
#3648 = CARTESIAN_POINT('',(0.,-2.));
#3649 = VECTOR('',#3650,1.);
#3650 = DIRECTION('',(1.,0.));
#3651 = ( GEOMETRIC_REPRESENTATION_CONTEXT(2) 
PARAMETRIC_REPRESENTATION_CONTEXT() REPRESENTATION_CONTEXT('2D SPACE',''
  ) );
#3652 = PCURVE('',#3285,#3653);
#3653 = DEFINITIONAL_REPRESENTATION('',(#3654),#3658);
#3654 = B_SPLINE_CURVE_WITH_KNOTS('',2,(#3655,#3656,#3657),
  .UNSPECIFIED.,.F.,.F.,(3,3),(0.,1.),.PIECEWISE_BEZIER_KNOTS.);
#3655 = CARTESIAN_POINT('',(5.541374749992,24.550724106583));
#3656 = CARTESIAN_POINT('',(6.715710173971,25.431490606862));
#3657 = CARTESIAN_POINT('',(7.798241847038,25.725059530562));
#3658 = ( GEOMETRIC_REPRESENTATION_CONTEXT(2) 
PARAMETRIC_REPRESENTATION_CONTEXT() REPRESENTATION_CONTEXT('2D SPACE',''
  ) );
#3659 = ORIENTED_EDGE('',*,*,#3567,.F.);
#3660 = ADVANCED_FACE('',(#3661),#2059,.T.);
#3661 = FACE_BOUND('',#3662,.T.);
#3662 = EDGE_LOOP('',(#3663,#3664,#3687,#3708));
#3663 = ORIENTED_EDGE('',*,*,#2013,.T.);
#3664 = ORIENTED_EDGE('',*,*,#3665,.T.);
#3665 = EDGE_CURVE('',#1942,#3666,#3668,.T.);
#3666 = VERTEX_POINT('',#3667);
#3667 = CARTESIAN_POINT('',(173.27917130068,13.082719523814,
    -3.523006271935));
#3668 = SURFACE_CURVE('',#3669,(#3673,#3680),.PCURVE_S1.);
#3669 = LINE('',#3670,#3671);
#3670 = CARTESIAN_POINT('',(171.27917130068,13.082719523814,
    -3.523006271935));
#3671 = VECTOR('',#3672,1.);
#3672 = DIRECTION('',(1.,0.,1.110223024625E-16));
#3673 = PCURVE('',#2059,#3674);
#3674 = DEFINITIONAL_REPRESENTATION('',(#3675),#3679);
#3675 = LINE('',#3676,#3677);
#3676 = CARTESIAN_POINT('',(0.,0.));
#3677 = VECTOR('',#3678,1.);
#3678 = DIRECTION('',(0.,-1.));
#3679 = ( GEOMETRIC_REPRESENTATION_CONTEXT(2) 
PARAMETRIC_REPRESENTATION_CONTEXT() REPRESENTATION_CONTEXT('2D SPACE',''
  ) );
#3680 = PCURVE('',#1985,#3681);
#3681 = DEFINITIONAL_REPRESENTATION('',(#3682),#3686);
#3682 = LINE('',#3683,#3684);
#3683 = CARTESIAN_POINT('',(1.,0.));
#3684 = VECTOR('',#3685,1.);
#3685 = DIRECTION('',(0.,-1.));
#3686 = ( GEOMETRIC_REPRESENTATION_CONTEXT(2) 
PARAMETRIC_REPRESENTATION_CONTEXT() REPRESENTATION_CONTEXT('2D SPACE',''
  ) );
#3687 = ORIENTED_EDGE('',*,*,#3688,.T.);
#3688 = EDGE_CURVE('',#3666,#3617,#3689,.T.);
#3689 = SURFACE_CURVE('',#3690,(#3694,#3701),.PCURVE_S1.);
#3690 = B_SPLINE_CURVE_WITH_KNOTS('',2,(#3691,#3692,#3693),
  .UNSPECIFIED.,.F.,.F.,(3,3),(0.,1.),.PIECEWISE_BEZIER_KNOTS.);
#3691 = CARTESIAN_POINT('',(173.27917130068,13.082719523814,
    -3.523006271935));
#3692 = CARTESIAN_POINT('',(173.27917130068,14.495553566781,
    -4.367039326014));
#3693 = CARTESIAN_POINT('',(173.27917130068,15.37632006706,
    -5.541374749992));
#3694 = PCURVE('',#2059,#3695);
#3695 = DEFINITIONAL_REPRESENTATION('',(#3696),#3700);
#3696 = LINE('',#3697,#3698);
#3697 = CARTESIAN_POINT('',(0.,-2.));
#3698 = VECTOR('',#3699,1.);
#3699 = DIRECTION('',(1.,0.));
#3700 = ( GEOMETRIC_REPRESENTATION_CONTEXT(2) 
PARAMETRIC_REPRESENTATION_CONTEXT() REPRESENTATION_CONTEXT('2D SPACE',''
  ) );
#3701 = PCURVE('',#3285,#3702);
#3702 = DEFINITIONAL_REPRESENTATION('',(#3703),#3707);
#3703 = B_SPLINE_CURVE_WITH_KNOTS('',2,(#3704,#3705,#3706),
  .UNSPECIFIED.,.F.,.F.,(3,3),(0.,1.),.PIECEWISE_BEZIER_KNOTS.);
#3704 = CARTESIAN_POINT('',(3.523006271935,22.257123563337));
#3705 = CARTESIAN_POINT('',(4.367039326014,23.669957606304));
#3706 = CARTESIAN_POINT('',(5.541374749992,24.550724106583));
#3707 = ( GEOMETRIC_REPRESENTATION_CONTEXT(2) 
PARAMETRIC_REPRESENTATION_CONTEXT() REPRESENTATION_CONTEXT('2D SPACE',''
  ) );
#3708 = ORIENTED_EDGE('',*,*,#3616,.F.);
#3709 = ADVANCED_FACE('',(#3710),#1985,.T.);
#3710 = FACE_BOUND('',#3711,.T.);
#3711 = EDGE_LOOP('',(#3712,#3713,#3714,#3735));
#3712 = ORIENTED_EDGE('',*,*,#1941,.T.);
#3713 = ORIENTED_EDGE('',*,*,#3297,.T.);
#3714 = ORIENTED_EDGE('',*,*,#3715,.T.);
#3715 = EDGE_CURVE('',#3270,#3666,#3716,.T.);
#3716 = SURFACE_CURVE('',#3717,(#3721,#3728),.PCURVE_S1.);
#3717 = B_SPLINE_CURVE_WITH_KNOTS('',2,(#3718,#3719,#3720),
  .UNSPECIFIED.,.F.,.F.,(3,3),(0.,1.),.PIECEWISE_BEZIER_KNOTS.);
#3718 = CARTESIAN_POINT('',(173.27917130068,9.174400306449,
    -2.128509087477));
#3719 = CARTESIAN_POINT('',(173.27917130068,11.669885480846,
    -2.678973217857));
#3720 = CARTESIAN_POINT('',(173.27917130068,13.082719523814,
    -3.523006271935));
#3721 = PCURVE('',#1985,#3722);
#3722 = DEFINITIONAL_REPRESENTATION('',(#3723),#3727);
#3723 = LINE('',#3724,#3725);
#3724 = CARTESIAN_POINT('',(0.,-2.));
#3725 = VECTOR('',#3726,1.);
#3726 = DIRECTION('',(1.,0.));
#3727 = ( GEOMETRIC_REPRESENTATION_CONTEXT(2) 
PARAMETRIC_REPRESENTATION_CONTEXT() REPRESENTATION_CONTEXT('2D SPACE',''
  ) );
#3728 = PCURVE('',#3285,#3729);
#3729 = DEFINITIONAL_REPRESENTATION('',(#3730),#3734);
#3730 = B_SPLINE_CURVE_WITH_KNOTS('',2,(#3731,#3732,#3733),
  .UNSPECIFIED.,.F.,.F.,(3,3),(0.,1.),.PIECEWISE_BEZIER_KNOTS.);
#3731 = CARTESIAN_POINT('',(2.128509087477,18.348804345972));
#3732 = CARTESIAN_POINT('',(2.678973217857,20.844289520369));
#3733 = CARTESIAN_POINT('',(3.523006271935,22.257123563337));
#3734 = ( GEOMETRIC_REPRESENTATION_CONTEXT(2) 
PARAMETRIC_REPRESENTATION_CONTEXT() REPRESENTATION_CONTEXT('2D SPACE',''
  ) );
#3735 = ORIENTED_EDGE('',*,*,#3665,.F.);
#3736 = ADVANCED_FACE('',(#3737,#3750),#2741,.T.);
#3737 = FACE_BOUND('',#3738,.F.);
#3738 = EDGE_LOOP('',(#3739,#3740,#3741,#3742,#3743,#3744,#3745,#3746,
    #3747,#3748,#3749));
#3739 = ORIENTED_EDGE('',*,*,#2725,.T.);
#3740 = ORIENTED_EDGE('',*,*,#3220,.T.);
#3741 = ORIENTED_EDGE('',*,*,#3193,.T.);
#3742 = ORIENTED_EDGE('',*,*,#3144,.T.);
#3743 = ORIENTED_EDGE('',*,*,#3095,.T.);
#3744 = ORIENTED_EDGE('',*,*,#3046,.T.);
#3745 = ORIENTED_EDGE('',*,*,#2997,.T.);
#3746 = ORIENTED_EDGE('',*,*,#2948,.T.);
#3747 = ORIENTED_EDGE('',*,*,#2899,.T.);
#3748 = ORIENTED_EDGE('',*,*,#2850,.T.);
#3749 = ORIENTED_EDGE('',*,*,#2801,.T.);
#3750 = FACE_BOUND('',#3751,.F.);
#3751 = EDGE_LOOP('',(#3752,#3782,#3810));
#3752 = ORIENTED_EDGE('',*,*,#3753,.T.);
#3753 = EDGE_CURVE('',#3754,#3756,#3758,.T.);
#3754 = VERTEX_POINT('',#3755);
#3755 = CARTESIAN_POINT('',(173.27917130068,-3.667558355652E-02,
    16.550597628395));
#3756 = VERTEX_POINT('',#3757);
#3757 = CARTESIAN_POINT('',(173.27917130068,-3.667558355652E-02,
    8.403776282128));
#3758 = SURFACE_CURVE('',#3759,(#3763,#3770),.PCURVE_S1.);
#3759 = LINE('',#3760,#3761);
#3760 = CARTESIAN_POINT('',(173.27917130068,-3.667558355652E-02,
    16.550597628395));
#3761 = VECTOR('',#3762,1.);
#3762 = DIRECTION('',(1.110223024625E-16,0.,-1.));
#3763 = PCURVE('',#2741,#3764);
#3764 = DEFINITIONAL_REPRESENTATION('',(#3765),#3769);
#3765 = LINE('',#3766,#3767);
#3766 = CARTESIAN_POINT('',(3.853248912654,9.137728455967));
#3767 = VECTOR('',#3768,1.);
#3768 = DIRECTION('',(1.,0.));
#3769 = ( GEOMETRIC_REPRESENTATION_CONTEXT(2) 
PARAMETRIC_REPRESENTATION_CONTEXT() REPRESENTATION_CONTEXT('2D SPACE',''
  ) );
#3770 = PCURVE('',#3771,#3776);
#3771 = PLANE('',#3772);
#3772 = AXIS2_PLACEMENT_3D('',#3773,#3774,#3775);
#3773 = CARTESIAN_POINT('',(171.27917130068,-3.667558355652E-02,
    16.550597628395));
#3774 = DIRECTION('',(0.,1.,0.));
#3775 = DIRECTION('',(1.110223024625E-16,0.,-1.));
#3776 = DEFINITIONAL_REPRESENTATION('',(#3777),#3781);
#3777 = LINE('',#3778,#3779);
#3778 = CARTESIAN_POINT('',(0.,-2.));
#3779 = VECTOR('',#3780,1.);
#3780 = DIRECTION('',(1.,0.));
#3781 = ( GEOMETRIC_REPRESENTATION_CONTEXT(2) 
PARAMETRIC_REPRESENTATION_CONTEXT() REPRESENTATION_CONTEXT('2D SPACE',''
  ) );
#3782 = ORIENTED_EDGE('',*,*,#3783,.T.);
#3783 = EDGE_CURVE('',#3756,#3784,#3786,.T.);
#3784 = VERTEX_POINT('',#3785);
#3785 = CARTESIAN_POINT('',(173.27917130068,11.339583110946,
    8.403776282128));
#3786 = SURFACE_CURVE('',#3787,(#3791,#3798),.PCURVE_S1.);
#3787 = LINE('',#3788,#3789);
#3788 = CARTESIAN_POINT('',(173.27917130068,-3.667558355652E-02,
    8.403776282128));
#3789 = VECTOR('',#3790,1.);
#3790 = DIRECTION('',(0.,1.,0.));
#3791 = PCURVE('',#2741,#3792);
#3792 = DEFINITIONAL_REPRESENTATION('',(#3793),#3797);
#3793 = LINE('',#3794,#3795);
#3794 = CARTESIAN_POINT('',(12.000070258921,9.137728455967));
#3795 = VECTOR('',#3796,1.);
#3796 = DIRECTION('',(0.,1.));
#3797 = ( GEOMETRIC_REPRESENTATION_CONTEXT(2) 
PARAMETRIC_REPRESENTATION_CONTEXT() REPRESENTATION_CONTEXT('2D SPACE',''
  ) );
#3798 = PCURVE('',#3799,#3804);
#3799 = PLANE('',#3800);
#3800 = AXIS2_PLACEMENT_3D('',#3801,#3802,#3803);
#3801 = CARTESIAN_POINT('',(171.27917130068,-3.667558355652E-02,
    8.403776282128));
#3802 = DIRECTION('',(-1.110223024625E-16,0.,1.));
#3803 = DIRECTION('',(0.,1.,0.));
#3804 = DEFINITIONAL_REPRESENTATION('',(#3805),#3809);
#3805 = LINE('',#3806,#3807);
#3806 = CARTESIAN_POINT('',(0.,-2.));
#3807 = VECTOR('',#3808,1.);
#3808 = DIRECTION('',(1.,0.));
#3809 = ( GEOMETRIC_REPRESENTATION_CONTEXT(2) 
PARAMETRIC_REPRESENTATION_CONTEXT() REPRESENTATION_CONTEXT('2D SPACE',''
  ) );
#3810 = ORIENTED_EDGE('',*,*,#3811,.T.);
#3811 = EDGE_CURVE('',#3784,#3754,#3812,.T.);
#3812 = SURFACE_CURVE('',#3813,(#3817,#3824),.PCURVE_S1.);
#3813 = LINE('',#3814,#3815);
#3814 = CARTESIAN_POINT('',(173.27917130068,11.339583110946,
    8.403776282128));
#3815 = VECTOR('',#3816,1.);
#3816 = DIRECTION('',(-6.464027772663E-17,-0.813025656083,0.582227861366
    ));
#3817 = PCURVE('',#2741,#3818);
#3818 = DEFINITIONAL_REPRESENTATION('',(#3819),#3823);
#3819 = LINE('',#3820,#3821);
#3820 = CARTESIAN_POINT('',(12.000070258921,20.513987150469));
#3821 = VECTOR('',#3822,1.);
#3822 = DIRECTION('',(-0.582227861366,-0.813025656083));
#3823 = ( GEOMETRIC_REPRESENTATION_CONTEXT(2) 
PARAMETRIC_REPRESENTATION_CONTEXT() REPRESENTATION_CONTEXT('2D SPACE',''
  ) );
#3824 = PCURVE('',#3825,#3830);
#3825 = PLANE('',#3826);
#3826 = AXIS2_PLACEMENT_3D('',#3827,#3828,#3829);
#3827 = CARTESIAN_POINT('',(171.27917130068,11.339583110946,
    8.403776282128));
#3828 = DIRECTION('',(9.026398029946E-17,-0.582227861366,-0.813025656083
    ));
#3829 = DIRECTION('',(-6.464027772663E-17,-0.813025656083,0.582227861366
    ));
#3830 = DEFINITIONAL_REPRESENTATION('',(#3831),#3835);
#3831 = LINE('',#3832,#3833);
#3832 = CARTESIAN_POINT('',(0.,-2.));
#3833 = VECTOR('',#3834,1.);
#3834 = DIRECTION('',(1.,0.));
#3835 = ( GEOMETRIC_REPRESENTATION_CONTEXT(2) 
PARAMETRIC_REPRESENTATION_CONTEXT() REPRESENTATION_CONTEXT('2D SPACE',''
  ) );
#3836 = ADVANCED_FACE('',(#3837,#3849),#3285,.T.);
#3837 = FACE_BOUND('',#3838,.F.);
#3838 = EDGE_LOOP('',(#3839,#3840,#3841,#3842,#3843,#3844,#3845,#3846,
    #3847,#3848));
#3839 = ORIENTED_EDGE('',*,*,#3269,.T.);
#3840 = ORIENTED_EDGE('',*,*,#3715,.T.);
#3841 = ORIENTED_EDGE('',*,*,#3688,.T.);
#3842 = ORIENTED_EDGE('',*,*,#3639,.T.);
#3843 = ORIENTED_EDGE('',*,*,#3590,.T.);
#3844 = ORIENTED_EDGE('',*,*,#3541,.T.);
#3845 = ORIENTED_EDGE('',*,*,#3492,.T.);
#3846 = ORIENTED_EDGE('',*,*,#3443,.T.);
#3847 = ORIENTED_EDGE('',*,*,#3394,.T.);
#3848 = ORIENTED_EDGE('',*,*,#3345,.T.);
#3849 = FACE_BOUND('',#3850,.F.);
#3850 = EDGE_LOOP('',(#3851,#3883,#3913,#3943,#3973));
#3851 = ORIENTED_EDGE('',*,*,#3852,.T.);
#3852 = EDGE_CURVE('',#3853,#3855,#3857,.T.);
#3853 = VERTEX_POINT('',#3854);
#3854 = CARTESIAN_POINT('',(173.27917130068,3.486270959198,
    -15.30285504119));
#3855 = VERTEX_POINT('',#3856);
#3856 = CARTESIAN_POINT('',(173.27917130068,13.981763153422,
    -10.09184239028));
#3857 = SURFACE_CURVE('',#3858,(#3862,#3869),.PCURVE_S1.);
#3858 = B_SPLINE_CURVE_WITH_KNOTS('',2,(#3859,#3860,#3861),
  .UNSPECIFIED.,.F.,.F.,(3,3),(0.,1.),.PIECEWISE_BEZIER_KNOTS.);
#3859 = CARTESIAN_POINT('',(173.27917130068,3.486270959198,
    -15.30285504119));
#3860 = CARTESIAN_POINT('',(173.27917130068,13.981763153422,
    -15.30285504119));
#3861 = CARTESIAN_POINT('',(173.27917130068,13.981763153422,
    -10.09184239028));
#3862 = PCURVE('',#3285,#3863);
#3863 = DEFINITIONAL_REPRESENTATION('',(#3864),#3868);
#3864 = B_SPLINE_CURVE_WITH_KNOTS('',2,(#3865,#3866,#3867),
  .UNSPECIFIED.,.F.,.F.,(3,3),(0.,1.),.PIECEWISE_BEZIER_KNOTS.);
#3865 = CARTESIAN_POINT('',(15.302855041196,12.660674998721));
#3866 = CARTESIAN_POINT('',(15.302855041196,23.156167192945));
#3867 = CARTESIAN_POINT('',(10.091842390285,23.156167192945));
#3868 = ( GEOMETRIC_REPRESENTATION_CONTEXT(2) 
PARAMETRIC_REPRESENTATION_CONTEXT() REPRESENTATION_CONTEXT('2D SPACE',''
  ) );
#3869 = PCURVE('',#3870,#3877);
#3870 = SURFACE_OF_LINEAR_EXTRUSION('',#3871,#3875);
#3871 = B_SPLINE_CURVE_WITH_KNOTS('',2,(#3872,#3873,#3874),
  .UNSPECIFIED.,.F.,.F.,(3,3),(0.,1.),.PIECEWISE_BEZIER_KNOTS.);
#3872 = CARTESIAN_POINT('',(171.27917130068,3.486270959198,
    -15.30285504119));
#3873 = CARTESIAN_POINT('',(171.27917130068,13.981763153422,
    -15.30285504119));
#3874 = CARTESIAN_POINT('',(171.27917130068,13.981763153422,
    -10.09184239028));
#3875 = VECTOR('',#3876,1.);
#3876 = DIRECTION('',(-1.,-0.,-1.110223024625E-16));
#3877 = DEFINITIONAL_REPRESENTATION('',(#3878),#3882);
#3878 = LINE('',#3879,#3880);
#3879 = CARTESIAN_POINT('',(0.,-2.));
#3880 = VECTOR('',#3881,1.);
#3881 = DIRECTION('',(1.,0.));
#3882 = ( GEOMETRIC_REPRESENTATION_CONTEXT(2) 
PARAMETRIC_REPRESENTATION_CONTEXT() REPRESENTATION_CONTEXT('2D SPACE',''
  ) );
#3883 = ORIENTED_EDGE('',*,*,#3884,.T.);
#3884 = EDGE_CURVE('',#3855,#3885,#3887,.T.);
#3885 = VERTEX_POINT('',#3886);
#3886 = CARTESIAN_POINT('',(173.27917130068,3.376130349777,
    -4.880829739373));
#3887 = SURFACE_CURVE('',#3888,(#3892,#3899),.PCURVE_S1.);
#3888 = B_SPLINE_CURVE_WITH_KNOTS('',2,(#3889,#3890,#3891),
  .UNSPECIFIED.,.F.,.F.,(3,3),(0.,1.),.PIECEWISE_BEZIER_KNOTS.);
#3889 = CARTESIAN_POINT('',(173.27917130068,13.981763153422,
    -10.09184239028));
#3890 = CARTESIAN_POINT('',(173.27917130068,13.981763153422,
    -4.880829739373));
#3891 = CARTESIAN_POINT('',(173.27917130068,3.376130349777,
    -4.880829739373));
#3892 = PCURVE('',#3285,#3893);
#3893 = DEFINITIONAL_REPRESENTATION('',(#3894),#3898);
#3894 = B_SPLINE_CURVE_WITH_KNOTS('',2,(#3895,#3896,#3897),
  .UNSPECIFIED.,.F.,.F.,(3,3),(0.,1.),.PIECEWISE_BEZIER_KNOTS.);
#3895 = CARTESIAN_POINT('',(10.091842390285,23.156167192945));
#3896 = CARTESIAN_POINT('',(4.880829739373,23.156167192945));
#3897 = CARTESIAN_POINT('',(4.880829739373,12.5505343893));
#3898 = ( GEOMETRIC_REPRESENTATION_CONTEXT(2) 
PARAMETRIC_REPRESENTATION_CONTEXT() REPRESENTATION_CONTEXT('2D SPACE',''
  ) );
#3899 = PCURVE('',#3900,#3907);
#3900 = SURFACE_OF_LINEAR_EXTRUSION('',#3901,#3905);
#3901 = B_SPLINE_CURVE_WITH_KNOTS('',2,(#3902,#3903,#3904),
  .UNSPECIFIED.,.F.,.F.,(3,3),(0.,1.),.PIECEWISE_BEZIER_KNOTS.);
#3902 = CARTESIAN_POINT('',(171.27917130068,13.981763153422,
    -10.09184239028));
#3903 = CARTESIAN_POINT('',(171.27917130068,13.981763153422,
    -4.880829739373));
#3904 = CARTESIAN_POINT('',(171.27917130068,3.376130349777,
    -4.880829739373));
#3905 = VECTOR('',#3906,1.);
#3906 = DIRECTION('',(-1.,-0.,-1.110223024625E-16));
#3907 = DEFINITIONAL_REPRESENTATION('',(#3908),#3912);
#3908 = LINE('',#3909,#3910);
#3909 = CARTESIAN_POINT('',(0.,-2.));
#3910 = VECTOR('',#3911,1.);
#3911 = DIRECTION('',(1.,0.));
#3912 = ( GEOMETRIC_REPRESENTATION_CONTEXT(2) 
PARAMETRIC_REPRESENTATION_CONTEXT() REPRESENTATION_CONTEXT('2D SPACE',''
  ) );
#3913 = ORIENTED_EDGE('',*,*,#3914,.T.);
#3914 = EDGE_CURVE('',#3885,#3915,#3917,.T.);
#3915 = VERTEX_POINT('',#3916);
#3916 = CARTESIAN_POINT('',(173.27917130068,-7.339523604926,
    -10.01849495624));
#3917 = SURFACE_CURVE('',#3918,(#3922,#3929),.PCURVE_S1.);
#3918 = B_SPLINE_CURVE_WITH_KNOTS('',2,(#3919,#3920,#3921),
  .UNSPECIFIED.,.F.,.F.,(3,3),(0.,1.),.PIECEWISE_BEZIER_KNOTS.);
#3919 = CARTESIAN_POINT('',(173.27917130068,3.376130349777,
    -4.880829739373));
#3920 = CARTESIAN_POINT('',(173.27917130068,-7.339523604926,
    -4.880829739373));
#3921 = CARTESIAN_POINT('',(173.27917130068,-7.339523604926,
    -10.01849495624));
#3922 = PCURVE('',#3285,#3923);
#3923 = DEFINITIONAL_REPRESENTATION('',(#3924),#3928);
#3924 = B_SPLINE_CURVE_WITH_KNOTS('',2,(#3925,#3926,#3927),
  .UNSPECIFIED.,.F.,.F.,(3,3),(0.,1.),.PIECEWISE_BEZIER_KNOTS.);
#3925 = CARTESIAN_POINT('',(4.880829739373,12.5505343893));
#3926 = CARTESIAN_POINT('',(4.880829739373,1.834880434597));
#3927 = CARTESIAN_POINT('',(10.018494956246,1.834880434597));
#3928 = ( GEOMETRIC_REPRESENTATION_CONTEXT(2) 
PARAMETRIC_REPRESENTATION_CONTEXT() REPRESENTATION_CONTEXT('2D SPACE',''
  ) );
#3929 = PCURVE('',#3930,#3937);
#3930 = SURFACE_OF_LINEAR_EXTRUSION('',#3931,#3935);
#3931 = B_SPLINE_CURVE_WITH_KNOTS('',2,(#3932,#3933,#3934),
  .UNSPECIFIED.,.F.,.F.,(3,3),(0.,1.),.PIECEWISE_BEZIER_KNOTS.);
#3932 = CARTESIAN_POINT('',(171.27917130068,3.376130349777,
    -4.880829739373));
#3933 = CARTESIAN_POINT('',(171.27917130068,-7.339523604926,
    -4.880829739373));
#3934 = CARTESIAN_POINT('',(171.27917130068,-7.339523604926,
    -10.01849495624));
#3935 = VECTOR('',#3936,1.);
#3936 = DIRECTION('',(-1.,-0.,-1.110223024625E-16));
#3937 = DEFINITIONAL_REPRESENTATION('',(#3938),#3942);
#3938 = LINE('',#3939,#3940);
#3939 = CARTESIAN_POINT('',(0.,-2.));
#3940 = VECTOR('',#3941,1.);
#3941 = DIRECTION('',(1.,0.));
#3942 = ( GEOMETRIC_REPRESENTATION_CONTEXT(2) 
PARAMETRIC_REPRESENTATION_CONTEXT() REPRESENTATION_CONTEXT('2D SPACE',''
  ) );
#3943 = ORIENTED_EDGE('',*,*,#3944,.T.);
#3944 = EDGE_CURVE('',#3915,#3945,#3947,.T.);
#3945 = VERTEX_POINT('',#3946);
#3946 = CARTESIAN_POINT('',(173.27917130068,-4.69728383327,
    -14.01843873697));
#3947 = SURFACE_CURVE('',#3948,(#3952,#3959),.PCURVE_S1.);
#3948 = B_SPLINE_CURVE_WITH_KNOTS('',2,(#3949,#3950,#3951),
  .UNSPECIFIED.,.F.,.F.,(3,3),(0.,1.),.PIECEWISE_BEZIER_KNOTS.);
#3949 = CARTESIAN_POINT('',(173.27917130068,-7.339523604926,
    -10.01849495624));
#3950 = CARTESIAN_POINT('',(173.27917130068,-7.339523604926,
    -12.73402243276));
#3951 = CARTESIAN_POINT('',(173.27917130068,-4.69728383327,
    -14.01843873697));
#3952 = PCURVE('',#3285,#3953);
#3953 = DEFINITIONAL_REPRESENTATION('',(#3954),#3958);
#3954 = B_SPLINE_CURVE_WITH_KNOTS('',2,(#3955,#3956,#3957),
  .UNSPECIFIED.,.F.,.F.,(3,3),(0.,1.),.PIECEWISE_BEZIER_KNOTS.);
#3955 = CARTESIAN_POINT('',(10.018494956246,1.834880434597));
#3956 = CARTESIAN_POINT('',(12.73402243276,1.834880434597));
#3957 = CARTESIAN_POINT('',(14.018438736978,4.477120206253));
#3958 = ( GEOMETRIC_REPRESENTATION_CONTEXT(2) 
PARAMETRIC_REPRESENTATION_CONTEXT() REPRESENTATION_CONTEXT('2D SPACE',''
  ) );
#3959 = PCURVE('',#3960,#3967);
#3960 = SURFACE_OF_LINEAR_EXTRUSION('',#3961,#3965);
#3961 = B_SPLINE_CURVE_WITH_KNOTS('',2,(#3962,#3963,#3964),
  .UNSPECIFIED.,.F.,.F.,(3,3),(0.,1.),.PIECEWISE_BEZIER_KNOTS.);
#3962 = CARTESIAN_POINT('',(171.27917130068,-7.339523604926,
    -10.01849495624));
#3963 = CARTESIAN_POINT('',(171.27917130068,-7.339523604926,
    -12.73402243276));
#3964 = CARTESIAN_POINT('',(171.27917130068,-4.69728383327,
    -14.01843873697));
#3965 = VECTOR('',#3966,1.);
#3966 = DIRECTION('',(-1.,-0.,-1.110223024625E-16));
#3967 = DEFINITIONAL_REPRESENTATION('',(#3968),#3972);
#3968 = LINE('',#3969,#3970);
#3969 = CARTESIAN_POINT('',(0.,-2.));
#3970 = VECTOR('',#3971,1.);
#3971 = DIRECTION('',(1.,0.));
#3972 = ( GEOMETRIC_REPRESENTATION_CONTEXT(2) 
PARAMETRIC_REPRESENTATION_CONTEXT() REPRESENTATION_CONTEXT('2D SPACE',''
  ) );
#3973 = ORIENTED_EDGE('',*,*,#3974,.T.);
#3974 = EDGE_CURVE('',#3945,#3853,#3975,.T.);
#3975 = SURFACE_CURVE('',#3976,(#3980,#3987),.PCURVE_S1.);
#3976 = B_SPLINE_CURVE_WITH_KNOTS('',2,(#3977,#3978,#3979),
  .UNSPECIFIED.,.F.,.F.,(3,3),(0.,1.),.PIECEWISE_BEZIER_KNOTS.);
#3977 = CARTESIAN_POINT('',(173.27917130068,-4.69728383327,
    -14.01843873697));
#3978 = CARTESIAN_POINT('',(173.27917130068,-2.055044061613,
    -15.30285504119));
#3979 = CARTESIAN_POINT('',(173.27917130068,3.486270959198,
    -15.30285504119));
#3980 = PCURVE('',#3285,#3981);
#3981 = DEFINITIONAL_REPRESENTATION('',(#3982),#3986);
#3982 = B_SPLINE_CURVE_WITH_KNOTS('',2,(#3983,#3984,#3985),
  .UNSPECIFIED.,.F.,.F.,(3,3),(0.,1.),.PIECEWISE_BEZIER_KNOTS.);
#3983 = CARTESIAN_POINT('',(14.018438736978,4.477120206253));
#3984 = CARTESIAN_POINT('',(15.302855041196,7.11935997791));
#3985 = CARTESIAN_POINT('',(15.302855041196,12.660674998721));
#3986 = ( GEOMETRIC_REPRESENTATION_CONTEXT(2) 
PARAMETRIC_REPRESENTATION_CONTEXT() REPRESENTATION_CONTEXT('2D SPACE',''
  ) );
#3987 = PCURVE('',#3988,#3995);
#3988 = SURFACE_OF_LINEAR_EXTRUSION('',#3989,#3993);
#3989 = B_SPLINE_CURVE_WITH_KNOTS('',2,(#3990,#3991,#3992),
  .UNSPECIFIED.,.F.,.F.,(3,3),(0.,1.),.PIECEWISE_BEZIER_KNOTS.);
#3990 = CARTESIAN_POINT('',(171.27917130068,-4.69728383327,
    -14.01843873697));
#3991 = CARTESIAN_POINT('',(171.27917130068,-2.055044061613,
    -15.30285504119));
#3992 = CARTESIAN_POINT('',(171.27917130068,3.486270959198,
    -15.30285504119));
#3993 = VECTOR('',#3994,1.);
#3994 = DIRECTION('',(-1.,-0.,-1.110223024625E-16));
#3995 = DEFINITIONAL_REPRESENTATION('',(#3996),#4000);
#3996 = LINE('',#3997,#3998);
#3997 = CARTESIAN_POINT('',(0.,-2.));
#3998 = VECTOR('',#3999,1.);
#3999 = DIRECTION('',(1.,0.));
#4000 = ( GEOMETRIC_REPRESENTATION_CONTEXT(2) 
PARAMETRIC_REPRESENTATION_CONTEXT() REPRESENTATION_CONTEXT('2D SPACE',''
  ) );
#4001 = ADVANCED_FACE('',(#4002),#3771,.T.);
#4002 = FACE_BOUND('',#4003,.T.);
#4003 = EDGE_LOOP('',(#4004,#4032,#4053,#4054));
#4004 = ORIENTED_EDGE('',*,*,#4005,.T.);
#4005 = EDGE_CURVE('',#4006,#4008,#4010,.T.);
#4006 = VERTEX_POINT('',#4007);
#4007 = CARTESIAN_POINT('',(173.02917130068,-3.667558355652E-02,
    8.403776282128));
#4008 = VERTEX_POINT('',#4009);
#4009 = CARTESIAN_POINT('',(173.02917130068,-3.667558355652E-02,
    16.550597628395));
#4010 = SURFACE_CURVE('',#4011,(#4015,#4021),.PCURVE_S1.);
#4011 = LINE('',#4012,#4013);
#4012 = CARTESIAN_POINT('',(173.02917130068,-3.667558355652E-02,
    8.275298814197));
#4013 = VECTOR('',#4014,1.);
#4014 = DIRECTION('',(-2.22044604925E-16,0.,1.));
#4015 = PCURVE('',#3771,#4016);
#4016 = DEFINITIONAL_REPRESENTATION('',(#4017),#4020);
#4017 = B_SPLINE_CURVE_WITH_KNOTS('',1,(#4018,#4019),.UNSPECIFIED.,.F.,
  .F.,(2,2),(0.12847746793,8.275298814197),.PIECEWISE_BEZIER_KNOTS.);
#4018 = CARTESIAN_POINT('',(8.146821346267,-1.75));
#4019 = CARTESIAN_POINT('',(0.,-1.75));
#4020 = ( GEOMETRIC_REPRESENTATION_CONTEXT(2) 
PARAMETRIC_REPRESENTATION_CONTEXT() REPRESENTATION_CONTEXT('2D SPACE',''
  ) );
#4021 = PCURVE('',#4022,#4027);
#4022 = PLANE('',#4023);
#4023 = AXIS2_PLACEMENT_3D('',#4024,#4025,#4026);
#4024 = CARTESIAN_POINT('',(173.02917130068,0.,0.));
#4025 = DIRECTION('',(1.,0.,2.22044604925E-16));
#4026 = DIRECTION('',(2.22044604925E-16,0.,-1.));
#4027 = DEFINITIONAL_REPRESENTATION('',(#4028),#4031);
#4028 = B_SPLINE_CURVE_WITH_KNOTS('',1,(#4029,#4030),.UNSPECIFIED.,.F.,
  .F.,(2,2),(0.12847746793,8.275298814197),.PIECEWISE_BEZIER_KNOTS.);
#4029 = CARTESIAN_POINT('',(-8.403776282128,-3.667558355652E-02));
#4030 = CARTESIAN_POINT('',(-16.55059762839,-3.667558355652E-02));
#4031 = ( GEOMETRIC_REPRESENTATION_CONTEXT(2) 
PARAMETRIC_REPRESENTATION_CONTEXT() REPRESENTATION_CONTEXT('2D SPACE',''
  ) );
#4032 = ORIENTED_EDGE('',*,*,#4033,.T.);
#4033 = EDGE_CURVE('',#4008,#3754,#4034,.T.);
#4034 = SURFACE_CURVE('',#4035,(#4039,#4046),.PCURVE_S1.);
#4035 = LINE('',#4036,#4037);
#4036 = CARTESIAN_POINT('',(171.27917130068,-3.667558355652E-02,
    16.550597628395));
#4037 = VECTOR('',#4038,1.);
#4038 = DIRECTION('',(1.,0.,1.110223024625E-16));
#4039 = PCURVE('',#3771,#4040);
#4040 = DEFINITIONAL_REPRESENTATION('',(#4041),#4045);
#4041 = LINE('',#4042,#4043);
#4042 = CARTESIAN_POINT('',(3.552713678801E-15,0.));
#4043 = VECTOR('',#4044,1.);
#4044 = DIRECTION('',(0.,-1.));
#4045 = ( GEOMETRIC_REPRESENTATION_CONTEXT(2) 
PARAMETRIC_REPRESENTATION_CONTEXT() REPRESENTATION_CONTEXT('2D SPACE',''
  ) );
#4046 = PCURVE('',#3825,#4047);
#4047 = DEFINITIONAL_REPRESENTATION('',(#4048),#4052);
#4048 = LINE('',#4049,#4050);
#4049 = CARTESIAN_POINT('',(13.992496558236,0.));
#4050 = VECTOR('',#4051,1.);
#4051 = DIRECTION('',(0.,-1.));
#4052 = ( GEOMETRIC_REPRESENTATION_CONTEXT(2) 
PARAMETRIC_REPRESENTATION_CONTEXT() REPRESENTATION_CONTEXT('2D SPACE',''
  ) );
#4053 = ORIENTED_EDGE('',*,*,#3753,.T.);
#4054 = ORIENTED_EDGE('',*,*,#4055,.F.);
#4055 = EDGE_CURVE('',#4006,#3756,#4056,.T.);
#4056 = SURFACE_CURVE('',#4057,(#4061,#4068),.PCURVE_S1.);
#4057 = LINE('',#4058,#4059);
#4058 = CARTESIAN_POINT('',(171.27917130068,-3.667558355652E-02,
    8.403776282128));
#4059 = VECTOR('',#4060,1.);
#4060 = DIRECTION('',(1.,0.,1.110223024625E-16));
#4061 = PCURVE('',#3771,#4062);
#4062 = DEFINITIONAL_REPRESENTATION('',(#4063),#4067);
#4063 = LINE('',#4064,#4065);
#4064 = CARTESIAN_POINT('',(8.146821346267,0.));
#4065 = VECTOR('',#4066,1.);
#4066 = DIRECTION('',(0.,-1.));
#4067 = ( GEOMETRIC_REPRESENTATION_CONTEXT(2) 
PARAMETRIC_REPRESENTATION_CONTEXT() REPRESENTATION_CONTEXT('2D SPACE',''
  ) );
#4068 = PCURVE('',#3799,#4069);
#4069 = DEFINITIONAL_REPRESENTATION('',(#4070),#4074);
#4070 = LINE('',#4071,#4072);
#4071 = CARTESIAN_POINT('',(0.,0.));
#4072 = VECTOR('',#4073,1.);
#4073 = DIRECTION('',(0.,-1.));
#4074 = ( GEOMETRIC_REPRESENTATION_CONTEXT(2) 
PARAMETRIC_REPRESENTATION_CONTEXT() REPRESENTATION_CONTEXT('2D SPACE',''
  ) );
#4075 = ADVANCED_FACE('',(#4076),#3799,.T.);
#4076 = FACE_BOUND('',#4077,.T.);
#4077 = EDGE_LOOP('',(#4078,#4099,#4100,#4101));
#4078 = ORIENTED_EDGE('',*,*,#4079,.T.);
#4079 = EDGE_CURVE('',#4080,#4006,#4082,.T.);
#4080 = VERTEX_POINT('',#4081);
#4081 = CARTESIAN_POINT('',(173.02917130068,11.339583110946,
    8.403776282128));
#4082 = SURFACE_CURVE('',#4083,(#4087,#4093),.PCURVE_S1.);
#4083 = LINE('',#4084,#4085);
#4084 = CARTESIAN_POINT('',(173.02917130068,-1.833779177826E-02,
    8.403776282128));
#4085 = VECTOR('',#4086,1.);
#4086 = DIRECTION('',(0.,-1.,0.));
#4087 = PCURVE('',#3799,#4088);
#4088 = DEFINITIONAL_REPRESENTATION('',(#4089),#4092);
#4089 = B_SPLINE_CURVE_WITH_KNOTS('',1,(#4090,#4091),.UNSPECIFIED.,.F.,
  .F.,(2,2),(-11.35792090272,1.833779177826E-02),
  .PIECEWISE_BEZIER_KNOTS.);
#4090 = CARTESIAN_POINT('',(11.376258694503,-1.75));
#4091 = CARTESIAN_POINT('',(0.,-1.75));
#4092 = ( GEOMETRIC_REPRESENTATION_CONTEXT(2) 
PARAMETRIC_REPRESENTATION_CONTEXT() REPRESENTATION_CONTEXT('2D SPACE',''
  ) );
#4093 = PCURVE('',#4022,#4094);
#4094 = DEFINITIONAL_REPRESENTATION('',(#4095),#4098);
#4095 = B_SPLINE_CURVE_WITH_KNOTS('',1,(#4096,#4097),.UNSPECIFIED.,.F.,
  .F.,(2,2),(-11.35792090272,1.833779177826E-02),
  .PIECEWISE_BEZIER_KNOTS.);
#4096 = CARTESIAN_POINT('',(-8.403776282128,11.339583110946));
#4097 = CARTESIAN_POINT('',(-8.403776282128,-3.667558355652E-02));
#4098 = ( GEOMETRIC_REPRESENTATION_CONTEXT(2) 
PARAMETRIC_REPRESENTATION_CONTEXT() REPRESENTATION_CONTEXT('2D SPACE',''
  ) );
#4099 = ORIENTED_EDGE('',*,*,#4055,.T.);
#4100 = ORIENTED_EDGE('',*,*,#3783,.T.);
#4101 = ORIENTED_EDGE('',*,*,#4102,.F.);
#4102 = EDGE_CURVE('',#4080,#3784,#4103,.T.);
#4103 = SURFACE_CURVE('',#4104,(#4108,#4115),.PCURVE_S1.);
#4104 = LINE('',#4105,#4106);
#4105 = CARTESIAN_POINT('',(171.27917130068,11.339583110946,
    8.403776282128));
#4106 = VECTOR('',#4107,1.);
#4107 = DIRECTION('',(1.,0.,1.110223024625E-16));
#4108 = PCURVE('',#3799,#4109);
#4109 = DEFINITIONAL_REPRESENTATION('',(#4110),#4114);
#4110 = LINE('',#4111,#4112);
#4111 = CARTESIAN_POINT('',(11.376258694503,0.));
#4112 = VECTOR('',#4113,1.);
#4113 = DIRECTION('',(0.,-1.));
#4114 = ( GEOMETRIC_REPRESENTATION_CONTEXT(2) 
PARAMETRIC_REPRESENTATION_CONTEXT() REPRESENTATION_CONTEXT('2D SPACE',''
  ) );
#4115 = PCURVE('',#3825,#4116);
#4116 = DEFINITIONAL_REPRESENTATION('',(#4117),#4121);
#4117 = LINE('',#4118,#4119);
#4118 = CARTESIAN_POINT('',(0.,0.));
#4119 = VECTOR('',#4120,1.);
#4120 = DIRECTION('',(0.,-1.));
#4121 = ( GEOMETRIC_REPRESENTATION_CONTEXT(2) 
PARAMETRIC_REPRESENTATION_CONTEXT() REPRESENTATION_CONTEXT('2D SPACE',''
  ) );
#4122 = ADVANCED_FACE('',(#4123),#3825,.T.);
#4123 = FACE_BOUND('',#4124,.T.);
#4124 = EDGE_LOOP('',(#4125,#4144,#4145,#4146));
#4125 = ORIENTED_EDGE('',*,*,#4126,.T.);
#4126 = EDGE_CURVE('',#4008,#4080,#4127,.T.);
#4127 = SURFACE_CURVE('',#4128,(#4132,#4138),.PCURVE_S1.);
#4128 = LINE('',#4129,#4130);
#4129 = CARTESIAN_POINT('',(173.02917130068,9.580821902915,
    9.663268856738));
#4130 = VECTOR('',#4131,1.);
#4131 = DIRECTION('',(1.292805554533E-16,0.813025656083,-0.582227861366)
  );
#4132 = PCURVE('',#3825,#4133);
#4133 = DEFINITIONAL_REPRESENTATION('',(#4134),#4137);
#4134 = B_SPLINE_CURVE_WITH_KNOTS('',1,(#4135,#4136),.UNSPECIFIED.,.F.,
  .F.,(2,2),(-11.82926690506,2.163229653175),.PIECEWISE_BEZIER_KNOTS.);
#4135 = CARTESIAN_POINT('',(13.992496558236,-1.75));
#4136 = CARTESIAN_POINT('',(0.,-1.75));
#4137 = ( GEOMETRIC_REPRESENTATION_CONTEXT(2) 
PARAMETRIC_REPRESENTATION_CONTEXT() REPRESENTATION_CONTEXT('2D SPACE',''
  ) );
#4138 = PCURVE('',#4022,#4139);
#4139 = DEFINITIONAL_REPRESENTATION('',(#4140),#4143);
#4140 = B_SPLINE_CURVE_WITH_KNOTS('',1,(#4141,#4142),.UNSPECIFIED.,.F.,
  .F.,(2,2),(-11.82926690506,2.163229653175),.PIECEWISE_BEZIER_KNOTS.);
#4141 = CARTESIAN_POINT('',(-16.55059762839,-3.667558355652E-02));
#4142 = CARTESIAN_POINT('',(-8.403776282128,11.339583110946));
#4143 = ( GEOMETRIC_REPRESENTATION_CONTEXT(2) 
PARAMETRIC_REPRESENTATION_CONTEXT() REPRESENTATION_CONTEXT('2D SPACE',''
  ) );
#4144 = ORIENTED_EDGE('',*,*,#4102,.T.);
#4145 = ORIENTED_EDGE('',*,*,#3811,.T.);
#4146 = ORIENTED_EDGE('',*,*,#4033,.F.);
#4147 = ADVANCED_FACE('',(#4148),#3870,.T.);
#4148 = FACE_BOUND('',#4149,.T.);
#4149 = EDGE_LOOP('',(#4150,#4324,#4345,#4346));
#4150 = ORIENTED_EDGE('',*,*,#4151,.T.);
#4151 = EDGE_CURVE('',#4152,#4154,#4156,.T.);
#4152 = VERTEX_POINT('',#4153);
#4153 = CARTESIAN_POINT('',(173.02917130068,13.981763153422,
    -10.09184239028));
#4154 = VERTEX_POINT('',#4155);
#4155 = CARTESIAN_POINT('',(173.02917130068,3.486270959198,
    -15.30285504119));
#4156 = SURFACE_CURVE('',#4157,(#4209,#4264),.PCURVE_S1.);
#4157 = B_SPLINE_CURVE_WITH_KNOTS('',8,(#4158,#4159,#4160,#4161,#4162,
    #4163,#4164,#4165,#4166,#4167,#4168,#4169,#4170,#4171,#4172,#4173,
    #4174,#4175,#4176,#4177,#4178,#4179,#4180,#4181,#4182,#4183,#4184,
    #4185,#4186,#4187,#4188,#4189,#4190,#4191,#4192,#4193,#4194,#4195,
    #4196,#4197,#4198,#4199,#4200,#4201,#4202,#4203,#4204,#4205,#4206,
    #4207,#4208),.UNSPECIFIED.,.F.,.F.,(9,7,7,7,7,7,7,9),(0.,
    5.278487851787E-02,0.147705560316,0.232129889721,0.275666378008,
    0.366715576374,0.687040718034,1.),.UNSPECIFIED.);
#4158 = CARTESIAN_POINT('',(173.02917130068,13.981763153422,
    -10.09184239028));
#4159 = CARTESIAN_POINT('',(173.02917130068,13.981763153422,
    -10.17773386079));
#4160 = CARTESIAN_POINT('',(173.02917130068,13.980133741263,
    -10.26361798998));
#4161 = CARTESIAN_POINT('',(173.02917130068,13.976821814173,
    -10.34945887399));
#4162 = CARTESIAN_POINT('',(173.02917130068,13.971774368082,
    -10.43521605843));
#4163 = CARTESIAN_POINT('',(173.02917130068,13.964939555314,
    -10.52084462666));
#4164 = CARTESIAN_POINT('',(173.02917130068,13.956267742272,
    -10.6062952881));
#4165 = CARTESIAN_POINT('',(173.02917130068,13.945712567129,
    -10.69151446651));
#4166 = CARTESIAN_POINT('',(173.02917130068,13.910788748423,
    -10.92917006104));
#4167 = CARTESIAN_POINT('',(173.02917130068,13.882114308447,
    -11.08099317356));
#4168 = CARTESIAN_POINT('',(173.02917130068,13.846967282956,
    -11.23153687634));
#4169 = CARTESIAN_POINT('',(173.02917130068,13.805156884751,
    -11.38040860703));
#4170 = CARTESIAN_POINT('',(173.02917130068,13.756561876858,
    -11.52720609486));
#4171 = CARTESIAN_POINT('',(173.02917130068,13.701149515328,
    -11.67152336504));
#4172 = CARTESIAN_POINT('',(173.02917130068,13.638994492027,
    -11.81295674326));
#4173 = CARTESIAN_POINT('',(173.02917130068,13.509197751427,
    -12.07398786059));
#4174 = CARTESIAN_POINT('',(173.02917130068,13.442907876139,
    -12.19430099525));
#4175 = CARTESIAN_POINT('',(173.02917130068,13.37156375959,
    -12.3117742964));
#4176 = CARTESIAN_POINT('',(173.02917130068,13.295353228473,
    -12.4261892576));
#4177 = CARTESIAN_POINT('',(173.02917130068,13.214507766714,
    -12.53737888029));
#4178 = CARTESIAN_POINT('',(173.02917130068,13.129293854027,
    -12.64522172057));
#4179 = CARTESIAN_POINT('',(173.02917130068,13.040004304479,
    -12.74963593587));
#4180 = CARTESIAN_POINT('',(173.02917130068,12.898962551299,
    -12.90262538571));
#4181 = CARTESIAN_POINT('',(173.02917130068,12.849970657056,
    -12.95375672559));
#4182 = CARTESIAN_POINT('',(173.02917130068,12.800014103344,
    -13.0039629497));
#4183 = CARTESIAN_POINT('',(173.02917130068,12.749133120567,
    -13.0532428018));
#4184 = CARTESIAN_POINT('',(173.02917130068,12.697367664882,
    -13.10159783768));
#4185 = CARTESIAN_POINT('',(173.02917130068,12.644757094584,
    -13.14903209175));
#4186 = CARTESIAN_POINT('',(173.02917130068,12.591339846489,
    -13.19555174367));
#4187 = CARTESIAN_POINT('',(173.02917130068,12.423830726829,
    -13.33655674259));
#4188 = CARTESIAN_POINT('',(173.02917130068,12.307149494486,
    -13.42797793294));
#4189 = CARTESIAN_POINT('',(173.02917130068,12.187441580622,
    -13.51551031911));
#4190 = CARTESIAN_POINT('',(173.02917130068,12.065020672569,
    -13.59926391369));
#4191 = CARTESIAN_POINT('',(173.02917130068,11.940175547684,
    -13.67936748743));
#4192 = CARTESIAN_POINT('',(173.02917130068,11.813165129212,
    -13.75596139996));
#4193 = CARTESIAN_POINT('',(173.02917130068,11.684215029972,
    -13.82919255247));
#4194 = CARTESIAN_POINT('',(173.02917130068,11.093694747036,
    -14.14554880196));
#4195 = CARTESIAN_POINT('',(173.02917130068,10.61337869345,
    -14.35150775906));
#4196 = CARTESIAN_POINT('',(173.02917130068,10.119339541591,
    -14.52488801474));
#4197 = CARTESIAN_POINT('',(173.02917130068,9.616384110993,
    -14.67089038326));
#4198 = CARTESIAN_POINT('',(173.02917130068,9.107947487822,
    -14.79384860582));
#4199 = CARTESIAN_POINT('',(173.02917130068,8.596043806227,
    -14.89713191255));
#4200 = CARTESIAN_POINT('',(173.02917130068,8.081416254772,
    -14.9835242864));
#4201 = CARTESIAN_POINT('',(173.02917130068,7.057528362839,
    -15.12524112818));
#4202 = CARTESIAN_POINT('',(173.02917130068,6.54957301168,
    -15.18107541772));
#4203 = CARTESIAN_POINT('',(173.02917130068,6.040273285337,
    -15.22470651521));
#4204 = CARTESIAN_POINT('',(173.02917130068,5.530110402274,
    -15.25761330046));
#4205 = CARTESIAN_POINT('',(173.02917130068,5.019442887317,
    -15.28098106232));
#4206 = CARTESIAN_POINT('',(173.02917130068,4.508513132909,
    -15.29579175185));
#4207 = CARTESIAN_POINT('',(173.02917130068,3.997449547551,
    -15.30285504119));
#4208 = CARTESIAN_POINT('',(173.02917130068,3.486270959198,
    -15.30285504119));
#4209 = PCURVE('',#3870,#4210);
#4210 = DEFINITIONAL_REPRESENTATION('',(#4211),#4263);
#4211 = B_SPLINE_CURVE_WITH_KNOTS('',8,(#4212,#4213,#4214,#4215,#4216,
    #4217,#4218,#4219,#4220,#4221,#4222,#4223,#4224,#4225,#4226,#4227,
    #4228,#4229,#4230,#4231,#4232,#4233,#4234,#4235,#4236,#4237,#4238,
    #4239,#4240,#4241,#4242,#4243,#4244,#4245,#4246,#4247,#4248,#4249,
    #4250,#4251,#4252,#4253,#4254,#4255,#4256,#4257,#4258,#4259,#4260,
    #4261,#4262),.UNSPECIFIED.,.F.,.F.,(9,7,7,7,7,7,7,9),(0.,
    5.278487851787E-02,0.147705560316,0.232129889721,0.275666378008,
    0.366715576374,0.687040718034,1.),.UNSPECIFIED.);
#4212 = CARTESIAN_POINT('',(1.,-1.75));
#4213 = CARTESIAN_POINT('',(0.991758658416,-1.75));
#4214 = CARTESIAN_POINT('',(0.983440396856,-1.75));
#4215 = CARTESIAN_POINT('',(0.975046130528,-1.75));
#4216 = CARTESIAN_POINT('',(0.96657721597,-1.75));
#4217 = CARTESIAN_POINT('',(0.958035492966,-1.75));
#4218 = CARTESIAN_POINT('',(0.949423326457,-1.75));
#4219 = CARTESIAN_POINT('',(0.940743648465,-1.75));
#4220 = CARTESIAN_POINT('',(0.91627668876,-1.75));
#4221 = CARTESIAN_POINT('',(0.900343127933,-1.75));
#4222 = CARTESIAN_POINT('',(0.884223976552,-1.75));
#4223 = CARTESIAN_POINT('',(0.867947812219,-1.75));
#4224 = CARTESIAN_POINT('',(0.851547457404,-1.75));
#4225 = CARTESIAN_POINT('',(0.835060305741,-1.75));
#4226 = CARTESIAN_POINT('',(0.818528648324,-1.75));
#4227 = CARTESIAN_POINT('',(0.787299093682,-1.75));
#4228 = CARTESIAN_POINT('',(0.772596954875,-1.75));
#4229 = CARTESIAN_POINT('',(0.757926518384,-1.75));
#4230 = CARTESIAN_POINT('',(0.743317698013,-1.75));
#4231 = CARTESIAN_POINT('',(0.728797545158,-1.75));
#4232 = CARTESIAN_POINT('',(0.714390407401,-1.75));
#4233 = CARTESIAN_POINT('',(0.700118087103,-1.75));
#4234 = CARTESIAN_POINT('',(0.678719492851,-1.75));
#4235 = CARTESIAN_POINT('',(0.671479458711,-1.75));
#4236 = CARTESIAN_POINT('',(0.664282234126,-1.75));
#4237 = CARTESIAN_POINT('',(0.65712985619,-1.75));
#4238 = CARTESIAN_POINT('',(0.650024079116,-1.75));
#4239 = CARTESIAN_POINT('',(0.642966390809,-1.75));
#4240 = CARTESIAN_POINT('',(0.635958029436,-1.75));
#4241 = CARTESIAN_POINT('',(0.614448458816,-1.75));
#4242 = CARTESIAN_POINT('',(0.60011790151,-1.75));
#4243 = CARTESIAN_POINT('',(0.58601628786,-1.75));
#4244 = CARTESIAN_POINT('',(0.572148005995,-1.75));
#4245 = CARTESIAN_POINT('',(0.558514457489,-1.75));
#4246 = CARTESIAN_POINT('',(0.545114509719,-1.75));
#4247 = CARTESIAN_POINT('',(0.531944815504,-1.75));
#4248 = CARTESIAN_POINT('',(0.473458139835,-1.75));
#4249 = CARTESIAN_POINT('',(0.430814229426,-1.75));
#4250 = CARTESIAN_POINT('',(0.390642504738,-1.75));
#4251 = CARTESIAN_POINT('',(0.352672938788,-1.75));
#4252 = CARTESIAN_POINT('',(0.316653352123,-1.75));
#4253 = CARTESIAN_POINT('',(0.282356417299,-1.75));
#4254 = CARTESIAN_POINT('',(0.2495504145,-1.75));
#4255 = CARTESIAN_POINT('',(0.187175085613,-1.75));
#4256 = CARTESIAN_POINT('',(0.157619010853,-1.75));
#4257 = CARTESIAN_POINT('',(0.129169794822,-1.75));
#4258 = CARTESIAN_POINT('',(0.101708463061,-1.75));
#4259 = CARTESIAN_POINT('',(7.513836628932E-02,-1.75));
#4260 = CARTESIAN_POINT('',(4.937683313151E-02,-1.75));
#4261 = CARTESIAN_POINT('',(2.435229234102E-02,-1.75));
#4262 = CARTESIAN_POINT('',(0.,-1.75));
#4263 = ( GEOMETRIC_REPRESENTATION_CONTEXT(2) 
PARAMETRIC_REPRESENTATION_CONTEXT() REPRESENTATION_CONTEXT('2D SPACE',''
  ) );
#4264 = PCURVE('',#4265,#4270);
#4265 = PLANE('',#4266);
#4266 = AXIS2_PLACEMENT_3D('',#4267,#4268,#4269);
#4267 = CARTESIAN_POINT('',(173.02917130068,0.,0.));
#4268 = DIRECTION('',(1.,0.,2.22044604925E-16));
#4269 = DIRECTION('',(2.22044604925E-16,0.,-1.));
#4270 = DEFINITIONAL_REPRESENTATION('',(#4271),#4323);
#4271 = B_SPLINE_CURVE_WITH_KNOTS('',8,(#4272,#4273,#4274,#4275,#4276,
    #4277,#4278,#4279,#4280,#4281,#4282,#4283,#4284,#4285,#4286,#4287,
    #4288,#4289,#4290,#4291,#4292,#4293,#4294,#4295,#4296,#4297,#4298,
    #4299,#4300,#4301,#4302,#4303,#4304,#4305,#4306,#4307,#4308,#4309,
    #4310,#4311,#4312,#4313,#4314,#4315,#4316,#4317,#4318,#4319,#4320,
    #4321,#4322),.UNSPECIFIED.,.F.,.F.,(9,7,7,7,7,7,7,9),(0.,
    5.278487851787E-02,0.147705560316,0.232129889721,0.275666378008,
    0.366715576374,0.687040718034,1.),.UNSPECIFIED.);
#4272 = CARTESIAN_POINT('',(10.091842390285,13.981763153422));
#4273 = CARTESIAN_POINT('',(10.177733860793,13.981763153422));
#4274 = CARTESIAN_POINT('',(10.263617989983,13.980133741263));
#4275 = CARTESIAN_POINT('',(10.349458873997,13.976821814173));
#4276 = CARTESIAN_POINT('',(10.435216058438,13.971774368082));
#4277 = CARTESIAN_POINT('',(10.520844626669,13.964939555314));
#4278 = CARTESIAN_POINT('',(10.606295288105,13.956267742272));
#4279 = CARTESIAN_POINT('',(10.691514466514,13.945712567129));
#4280 = CARTESIAN_POINT('',(10.929170061049,13.910788748423));
#4281 = CARTESIAN_POINT('',(11.08099317356,13.882114308447));
#4282 = CARTESIAN_POINT('',(11.231536876343,13.846967282956));
#4283 = CARTESIAN_POINT('',(11.380408607039,13.805156884751));
#4284 = CARTESIAN_POINT('',(11.527206094864,13.756561876858));
#4285 = CARTESIAN_POINT('',(11.671523365048,13.701149515328));
#4286 = CARTESIAN_POINT('',(11.812956743268,13.638994492027));
#4287 = CARTESIAN_POINT('',(12.073987860597,13.509197751427));
#4288 = CARTESIAN_POINT('',(12.194300995254,13.442907876139));
#4289 = CARTESIAN_POINT('',(12.311774296407,13.37156375959));
#4290 = CARTESIAN_POINT('',(12.426189257603,13.295353228473));
#4291 = CARTESIAN_POINT('',(12.537378880296,13.214507766714));
#4292 = CARTESIAN_POINT('',(12.645221720574,13.129293854027));
#4293 = CARTESIAN_POINT('',(12.749635935878,13.040004304479));
#4294 = CARTESIAN_POINT('',(12.902625385717,12.898962551299));
#4295 = CARTESIAN_POINT('',(12.95375672559,12.849970657056));
#4296 = CARTESIAN_POINT('',(13.0039629497,12.800014103344));
#4297 = CARTESIAN_POINT('',(13.053242801803,12.749133120567));
#4298 = CARTESIAN_POINT('',(13.101597837682,12.697367664882));
#4299 = CARTESIAN_POINT('',(13.149032091751,12.644757094584));
#4300 = CARTESIAN_POINT('',(13.195551743674,12.591339846489));
#4301 = CARTESIAN_POINT('',(13.336556742598,12.423830726829));
#4302 = CARTESIAN_POINT('',(13.427977932945,12.307149494486));
#4303 = CARTESIAN_POINT('',(13.515510319112,12.187441580622));
#4304 = CARTESIAN_POINT('',(13.599263913692,12.065020672569));
#4305 = CARTESIAN_POINT('',(13.679367487439,11.940175547684));
#4306 = CARTESIAN_POINT('',(13.755961399966,11.813165129212));
#4307 = CARTESIAN_POINT('',(13.829192552478,11.684215029972));
#4308 = CARTESIAN_POINT('',(14.145548801962,11.093694747036));
#4309 = CARTESIAN_POINT('',(14.351507759065,10.61337869345));
#4310 = CARTESIAN_POINT('',(14.524888014742,10.119339541591));
#4311 = CARTESIAN_POINT('',(14.670890383262,9.616384110993));
#4312 = CARTESIAN_POINT('',(14.793848605828,9.107947487822));
#4313 = CARTESIAN_POINT('',(14.897131912555,8.596043806227));
#4314 = CARTESIAN_POINT('',(14.983524286406,8.081416254772));
#4315 = CARTESIAN_POINT('',(15.125241128187,7.057528362839));
#4316 = CARTESIAN_POINT('',(15.181075417725,6.54957301168));
#4317 = CARTESIAN_POINT('',(15.224706515214,6.040273285337));
#4318 = CARTESIAN_POINT('',(15.25761330046,5.530110402274));
#4319 = CARTESIAN_POINT('',(15.280981062329,5.019442887317));
#4320 = CARTESIAN_POINT('',(15.295791751852,4.508513132909));
#4321 = CARTESIAN_POINT('',(15.302855041196,3.997449547551));
#4322 = CARTESIAN_POINT('',(15.302855041196,3.486270959198));
#4323 = ( GEOMETRIC_REPRESENTATION_CONTEXT(2) 
PARAMETRIC_REPRESENTATION_CONTEXT() REPRESENTATION_CONTEXT('2D SPACE',''
  ) );
#4324 = ORIENTED_EDGE('',*,*,#4325,.T.);
#4325 = EDGE_CURVE('',#4154,#3853,#4326,.T.);
#4326 = SURFACE_CURVE('',#4327,(#4331,#4338),.PCURVE_S1.);
#4327 = LINE('',#4328,#4329);
#4328 = CARTESIAN_POINT('',(171.27917130068,3.486270959198,
    -15.30285504119));
#4329 = VECTOR('',#4330,1.);
#4330 = DIRECTION('',(1.,0.,1.110223024625E-16));
#4331 = PCURVE('',#3870,#4332);
#4332 = DEFINITIONAL_REPRESENTATION('',(#4333),#4337);
#4333 = LINE('',#4334,#4335);
#4334 = CARTESIAN_POINT('',(0.,0.));
#4335 = VECTOR('',#4336,1.);
#4336 = DIRECTION('',(0.,-1.));
#4337 = ( GEOMETRIC_REPRESENTATION_CONTEXT(2) 
PARAMETRIC_REPRESENTATION_CONTEXT() REPRESENTATION_CONTEXT('2D SPACE',''
  ) );
#4338 = PCURVE('',#3988,#4339);
#4339 = DEFINITIONAL_REPRESENTATION('',(#4340),#4344);
#4340 = LINE('',#4341,#4342);
#4341 = CARTESIAN_POINT('',(1.,0.));
#4342 = VECTOR('',#4343,1.);
#4343 = DIRECTION('',(0.,-1.));
#4344 = ( GEOMETRIC_REPRESENTATION_CONTEXT(2) 
PARAMETRIC_REPRESENTATION_CONTEXT() REPRESENTATION_CONTEXT('2D SPACE',''
  ) );
#4345 = ORIENTED_EDGE('',*,*,#3852,.T.);
#4346 = ORIENTED_EDGE('',*,*,#4347,.F.);
#4347 = EDGE_CURVE('',#4152,#3855,#4348,.T.);
#4348 = SURFACE_CURVE('',#4349,(#4353,#4360),.PCURVE_S1.);
#4349 = LINE('',#4350,#4351);
#4350 = CARTESIAN_POINT('',(171.27917130068,13.981763153422,
    -10.09184239028));
#4351 = VECTOR('',#4352,1.);
#4352 = DIRECTION('',(1.,0.,1.110223024625E-16));
#4353 = PCURVE('',#3870,#4354);
#4354 = DEFINITIONAL_REPRESENTATION('',(#4355),#4359);
#4355 = LINE('',#4356,#4357);
#4356 = CARTESIAN_POINT('',(1.,0.));
#4357 = VECTOR('',#4358,1.);
#4358 = DIRECTION('',(0.,-1.));
#4359 = ( GEOMETRIC_REPRESENTATION_CONTEXT(2) 
PARAMETRIC_REPRESENTATION_CONTEXT() REPRESENTATION_CONTEXT('2D SPACE',''
  ) );
#4360 = PCURVE('',#3900,#4361);
#4361 = DEFINITIONAL_REPRESENTATION('',(#4362),#4366);
#4362 = LINE('',#4363,#4364);
#4363 = CARTESIAN_POINT('',(0.,0.));
#4364 = VECTOR('',#4365,1.);
#4365 = DIRECTION('',(0.,-1.));
#4366 = ( GEOMETRIC_REPRESENTATION_CONTEXT(2) 
PARAMETRIC_REPRESENTATION_CONTEXT() REPRESENTATION_CONTEXT('2D SPACE',''
  ) );
#4367 = ADVANCED_FACE('',(#4368),#3900,.T.);
#4368 = FACE_BOUND('',#4369,.T.);
#4369 = EDGE_LOOP('',(#4370,#4534,#4535,#4536));
#4370 = ORIENTED_EDGE('',*,*,#4371,.T.);
#4371 = EDGE_CURVE('',#4372,#4152,#4374,.T.);
#4372 = VERTEX_POINT('',#4373);
#4373 = CARTESIAN_POINT('',(173.02917130068,3.376130349777,
    -4.880829739373));
#4374 = SURFACE_CURVE('',#4375,(#4426,#4480),.PCURVE_S1.);
#4375 = B_SPLINE_CURVE_WITH_KNOTS('',7,(#4376,#4377,#4378,#4379,#4380,
    #4381,#4382,#4383,#4384,#4385,#4386,#4387,#4388,#4389,#4390,#4391,
    #4392,#4393,#4394,#4395,#4396,#4397,#4398,#4399,#4400,#4401,#4402,
    #4403,#4404,#4405,#4406,#4407,#4408,#4409,#4410,#4411,#4412,#4413,
    #4414,#4415,#4416,#4417,#4418,#4419,#4420,#4421,#4422,#4423,#4424,
    #4425),.UNSPECIFIED.,.F.,.F.,(8,6,6,6,6,6,6,6,8),(0.,0.243002711424,
    0.445157486622,0.675829547109,0.745086651172,0.781826597027,
    0.856159964389,0.948356275472,1.),.UNSPECIFIED.);
#4376 = CARTESIAN_POINT('',(173.02917130068,3.376130349777,
    -4.880829739373));
#4377 = CARTESIAN_POINT('',(173.02917130068,3.833046526009,
    -4.880829739373));
#4378 = CARTESIAN_POINT('',(173.02917130068,4.289914181413,
    -4.886472129275));
#4379 = CARTESIAN_POINT('',(173.02917130068,4.746681484435,
    -4.898263536024));
#4380 = CARTESIAN_POINT('',(173.02917130068,5.203234951609,
    -4.916807793158));
#4381 = CARTESIAN_POINT('',(173.02917130068,5.659399153926,
    -4.94281778686));
#4382 = CARTESIAN_POINT('',(173.02917130068,6.114933887641,
    -4.977167625921));
#4383 = CARTESIAN_POINT('',(173.02917130068,6.947707858161,
    -5.057437069743));
#4384 = CARTESIAN_POINT('',(173.02917130068,7.325174208968,
    -5.100436005841));
#4385 = CARTESIAN_POINT('',(173.02917130068,7.701795867095,
    -5.150630403923));
#4386 = CARTESIAN_POINT('',(173.02917130068,8.077307478838,
    -5.208796903101));
#4387 = CARTESIAN_POINT('',(173.02917130068,8.4513093596,-5.275850650914
    ));
#4388 = CARTESIAN_POINT('',(173.02917130068,8.823255288472,
    -5.352915107472));
#4389 = CARTESIAN_POINT('',(173.02917130068,9.613680937678,
    -5.54247704378));
#4390 = CARTESIAN_POINT('',(173.02917130068,10.030725346122,
    -5.65829661391));
#4391 = CARTESIAN_POINT('',(173.02917130068,10.443217815718,
    -5.79117942015));
#4392 = CARTESIAN_POINT('',(173.02917130068,10.84947271086,-5.9438594952
    ));
#4393 = CARTESIAN_POINT('',(173.02917130068,11.246438558566,
    -6.119585523586));
#4394 = CARTESIAN_POINT('',(173.02917130068,11.629688754872,
    -6.322150474728));
#4395 = CARTESIAN_POINT('',(173.02917130068,12.102501606482,
    -6.626358016137));
#4396 = CARTESIAN_POINT('',(173.02917130068,12.209858685611,
    -6.699399772576));
#4397 = CARTESIAN_POINT('',(173.02917130068,12.315211522687,
    -6.775338569569));
#4398 = CARTESIAN_POINT('',(173.02917130068,12.418350362073,
    -6.854266986334));
#4399 = CARTESIAN_POINT('',(173.02917130068,12.519044287256,
    -6.936263367121));
#4400 = CARTESIAN_POINT('',(173.02917130068,12.6170464362,-7.02138532179
    ));
#4401 = CARTESIAN_POINT('',(173.02917130068,12.762523415868,
    -7.156493446583));
#4402 = CARTESIAN_POINT('',(173.02917130068,12.812117156632,
    -7.204211289853));
#4403 = CARTESIAN_POINT('',(173.02917130068,12.860841597451,
    -7.25282064705));
#4404 = CARTESIAN_POINT('',(173.02917130068,12.908657099978,
    -7.302323033403));
#4405 = CARTESIAN_POINT('',(173.02917130068,12.955523669404,
    -7.352717169715));
#4406 = CARTESIAN_POINT('',(173.02917130068,13.001401394797,
    -7.403998563575));
#4407 = CARTESIAN_POINT('',(173.02917130068,13.136991740691,
    -7.561691843119));
#4408 = CARTESIAN_POINT('',(173.02917130068,13.223533799025,
    -7.670835185513));
#4409 = CARTESIAN_POINT('',(173.02917130068,13.305534999252,
    -7.783506341101));
#4410 = CARTESIAN_POINT('',(173.02917130068,13.382683712445,
    -7.899578123153));
#4411 = CARTESIAN_POINT('',(173.02917130068,13.45471085893,-8.0188709322
    ));
#4412 = CARTESIAN_POINT('',(173.02917130068,13.521402021265,
    -8.141144753394));
#4413 = CARTESIAN_POINT('',(173.02917130068,13.658525787393,
    -8.421063242641));
#4414 = CARTESIAN_POINT('',(173.02917130068,13.726027192184,
    -8.580190193728));
#4415 = CARTESIAN_POINT('',(173.02917130068,13.784817084577,
    -8.742872365625));
#4416 = CARTESIAN_POINT('',(173.02917130068,13.834832950647,
    -8.908495687925));
#4417 = CARTESIAN_POINT('',(173.02917130068,13.876200288592,
    -9.076446114234));
#4418 = CARTESIAN_POINT('',(173.02917130068,13.909186447777,
    -9.246124075083));
#4419 = CARTESIAN_POINT('',(173.02917130068,13.948140293568,
    -9.512652002816));
#4420 = CARTESIAN_POINT('',(173.02917130068,13.959612190953,
    -9.608720660528));
#4421 = CARTESIAN_POINT('',(173.02917130068,13.968634745178,
    -9.705075140858));
#4422 = CARTESIAN_POINT('',(173.02917130068,13.975281022302,
    -9.801633727748));
#4423 = CARTESIAN_POINT('',(173.02917130068,13.979629859176,
    -9.898322976835));
#4424 = CARTESIAN_POINT('',(173.02917130068,13.981763153422,
    -9.995077940061));
#4425 = CARTESIAN_POINT('',(173.02917130068,13.981763153422,
    -10.09184239028));
#4426 = PCURVE('',#3900,#4427);
#4427 = DEFINITIONAL_REPRESENTATION('',(#4428),#4479);
#4428 = B_SPLINE_CURVE_WITH_KNOTS('',7,(#4429,#4430,#4431,#4432,#4433,
    #4434,#4435,#4436,#4437,#4438,#4439,#4440,#4441,#4442,#4443,#4444,
    #4445,#4446,#4447,#4448,#4449,#4450,#4451,#4452,#4453,#4454,#4455,
    #4456,#4457,#4458,#4459,#4460,#4461,#4462,#4463,#4464,#4465,#4466,
    #4467,#4468,#4469,#4470,#4471,#4472,#4473,#4474,#4475,#4476,#4477,
    #4478),.UNSPECIFIED.,.F.,.F.,(8,6,6,6,6,6,6,6,8),(0.,0.243002711424,
    0.445157486622,0.675829547109,0.745086651172,0.781826597027,
    0.856159964389,0.948356275472,1.),.UNSPECIFIED.);
#4429 = CARTESIAN_POINT('',(1.,-1.75));
#4430 = CARTESIAN_POINT('',(0.978458797099,-1.75));
#4431 = CARTESIAN_POINT('',(0.956378490778,-1.75));
#4432 = CARTESIAN_POINT('',(0.933712913442,-1.75));
#4433 = CARTESIAN_POINT('',(0.910409477027,-1.75));
#4434 = CARTESIAN_POINT('',(0.886408050208,-1.75));
#4435 = CARTESIAN_POINT('',(0.861636086032,-1.75));
#4436 = CARTESIAN_POINT('',(0.814673253568,-1.75));
#4437 = CARTESIAN_POINT('',(0.792751918073,-1.75));
#4438 = CARTESIAN_POINT('',(0.770179996227,-1.75));
#4439 = CARTESIAN_POINT('',(0.746895479046,-1.75));
#4440 = CARTESIAN_POINT('',(0.722829400571,-1.75));
#4441 = CARTESIAN_POINT('',(0.697899715539,-1.75));
#4442 = CARTESIAN_POINT('',(0.642446699843,-1.75));
#4443 = CARTESIAN_POINT('',(0.611672279913,-1.75));
#4444 = CARTESIAN_POINT('',(0.579475231613,-1.75));
#4445 = CARTESIAN_POINT('',(0.545672691639,-1.75));
#4446 = CARTESIAN_POINT('',(0.510096807589,-1.75));
#4447 = CARTESIAN_POINT('',(0.472592332794,-1.75));
#4448 = CARTESIAN_POINT('',(0.421112776612,-1.75));
#4449 = CARTESIAN_POINT('',(0.409043049723,-1.75));
#4450 = CARTESIAN_POINT('',(0.396789839446,-1.75));
#4451 = CARTESIAN_POINT('',(0.384354151626,-1.75));
#4452 = CARTESIAN_POINT('',(0.371739355583,-1.75));
#4453 = CARTESIAN_POINT('',(0.358951561867,-1.75));
#4454 = CARTESIAN_POINT('',(0.339129373684,-1.75));
#4455 = CARTESIAN_POINT('',(0.332212731129,-1.75));
#4456 = CARTESIAN_POINT('',(0.325251530177,-1.75));
#4457 = CARTESIAN_POINT('',(0.318247494183,-1.75));
#4458 = CARTESIAN_POINT('',(0.311202631432,-1.75));
#4459 = CARTESIAN_POINT('',(0.304119254564,-1.75));
#4460 = CARTESIAN_POINT('',(0.282596109288,-1.75));
#4461 = CARTESIAN_POINT('',(0.268043731248,-1.75));
#4462 = CARTESIAN_POINT('',(0.253366934934,-1.75));
#4463 = CARTESIAN_POINT('',(0.238592615663,-1.75));
#4464 = CARTESIAN_POINT('',(0.223750691818,-1.75));
#4465 = CARTESIAN_POINT('',(0.208874301634,-1.75));
#4466 = CARTESIAN_POINT('',(0.17555127651,-1.75));
#4467 = CARTESIAN_POINT('',(0.157100606233,-1.75));
#4468 = CARTESIAN_POINT('',(0.138719512395,-1.75));
#4469 = CARTESIAN_POINT('',(0.120469862646,-1.75));
#4470 = CARTESIAN_POINT('',(0.102404658551,-1.75));
#4471 = CARTESIAN_POINT('',(8.456882506042E-02,-1.75));
#4472 = CARTESIAN_POINT('',(5.715883009799E-02,-1.75));
#4473 = CARTESIAN_POINT('',(4.740014105158E-02,-1.75));
#4474 = CARTESIAN_POINT('',(3.772950083452E-02,-1.75));
#4475 = CARTESIAN_POINT('',(2.815130547289E-02,-1.75));
#4476 = CARTESIAN_POINT('',(1.866888525621E-02,-1.75));
#4477 = CARTESIAN_POINT('',(9.284610948619E-03,-1.75));
#4478 = CARTESIAN_POINT('',(0.,-1.75));
#4479 = ( GEOMETRIC_REPRESENTATION_CONTEXT(2) 
PARAMETRIC_REPRESENTATION_CONTEXT() REPRESENTATION_CONTEXT('2D SPACE',''
  ) );
#4480 = PCURVE('',#4265,#4481);
#4481 = DEFINITIONAL_REPRESENTATION('',(#4482),#4533);
#4482 = B_SPLINE_CURVE_WITH_KNOTS('',7,(#4483,#4484,#4485,#4486,#4487,
    #4488,#4489,#4490,#4491,#4492,#4493,#4494,#4495,#4496,#4497,#4498,
    #4499,#4500,#4501,#4502,#4503,#4504,#4505,#4506,#4507,#4508,#4509,
    #4510,#4511,#4512,#4513,#4514,#4515,#4516,#4517,#4518,#4519,#4520,
    #4521,#4522,#4523,#4524,#4525,#4526,#4527,#4528,#4529,#4530,#4531,
    #4532),.UNSPECIFIED.,.F.,.F.,(8,6,6,6,6,6,6,6,8),(0.,0.243002711424,
    0.445157486622,0.675829547109,0.745086651172,0.781826597027,
    0.856159964389,0.948356275472,1.),.UNSPECIFIED.);
#4483 = CARTESIAN_POINT('',(4.880829739373,3.376130349777));
#4484 = CARTESIAN_POINT('',(4.880829739373,3.833046526009));
#4485 = CARTESIAN_POINT('',(4.886472129275,4.289914181413));
#4486 = CARTESIAN_POINT('',(4.898263536024,4.746681484435));
#4487 = CARTESIAN_POINT('',(4.916807793158,5.203234951609));
#4488 = CARTESIAN_POINT('',(4.94281778686,5.659399153926));
#4489 = CARTESIAN_POINT('',(4.977167625921,6.114933887641));
#4490 = CARTESIAN_POINT('',(5.057437069743,6.947707858161));
#4491 = CARTESIAN_POINT('',(5.100436005841,7.325174208968));
#4492 = CARTESIAN_POINT('',(5.150630403923,7.701795867095));
#4493 = CARTESIAN_POINT('',(5.208796903101,8.077307478838));
#4494 = CARTESIAN_POINT('',(5.275850650914,8.4513093596));
#4495 = CARTESIAN_POINT('',(5.352915107472,8.823255288472));
#4496 = CARTESIAN_POINT('',(5.54247704378,9.613680937678));
#4497 = CARTESIAN_POINT('',(5.65829661391,10.030725346122));
#4498 = CARTESIAN_POINT('',(5.79117942015,10.443217815718));
#4499 = CARTESIAN_POINT('',(5.9438594952,10.84947271086));
#4500 = CARTESIAN_POINT('',(6.119585523586,11.246438558566));
#4501 = CARTESIAN_POINT('',(6.322150474728,11.629688754872));
#4502 = CARTESIAN_POINT('',(6.626358016137,12.102501606482));
#4503 = CARTESIAN_POINT('',(6.699399772576,12.209858685611));
#4504 = CARTESIAN_POINT('',(6.775338569569,12.315211522687));
#4505 = CARTESIAN_POINT('',(6.854266986334,12.418350362073));
#4506 = CARTESIAN_POINT('',(6.936263367121,12.519044287256));
#4507 = CARTESIAN_POINT('',(7.02138532179,12.6170464362));
#4508 = CARTESIAN_POINT('',(7.156493446583,12.762523415868));
#4509 = CARTESIAN_POINT('',(7.204211289853,12.812117156632));
#4510 = CARTESIAN_POINT('',(7.25282064705,12.860841597451));
#4511 = CARTESIAN_POINT('',(7.302323033403,12.908657099978));
#4512 = CARTESIAN_POINT('',(7.352717169715,12.955523669404));
#4513 = CARTESIAN_POINT('',(7.403998563575,13.001401394797));
#4514 = CARTESIAN_POINT('',(7.561691843119,13.136991740691));
#4515 = CARTESIAN_POINT('',(7.670835185513,13.223533799025));
#4516 = CARTESIAN_POINT('',(7.783506341101,13.305534999252));
#4517 = CARTESIAN_POINT('',(7.899578123153,13.382683712445));
#4518 = CARTESIAN_POINT('',(8.0188709322,13.45471085893));
#4519 = CARTESIAN_POINT('',(8.141144753394,13.521402021265));
#4520 = CARTESIAN_POINT('',(8.421063242641,13.658525787393));
#4521 = CARTESIAN_POINT('',(8.580190193728,13.726027192184));
#4522 = CARTESIAN_POINT('',(8.742872365625,13.784817084577));
#4523 = CARTESIAN_POINT('',(8.908495687925,13.834832950647));
#4524 = CARTESIAN_POINT('',(9.076446114234,13.876200288592));
#4525 = CARTESIAN_POINT('',(9.246124075083,13.909186447777));
#4526 = CARTESIAN_POINT('',(9.512652002816,13.948140293568));
#4527 = CARTESIAN_POINT('',(9.608720660528,13.959612190953));
#4528 = CARTESIAN_POINT('',(9.705075140858,13.968634745178));
#4529 = CARTESIAN_POINT('',(9.801633727748,13.975281022302));
#4530 = CARTESIAN_POINT('',(9.898322976835,13.979629859176));
#4531 = CARTESIAN_POINT('',(9.995077940061,13.981763153422));
#4532 = CARTESIAN_POINT('',(10.091842390285,13.981763153422));
#4533 = ( GEOMETRIC_REPRESENTATION_CONTEXT(2) 
PARAMETRIC_REPRESENTATION_CONTEXT() REPRESENTATION_CONTEXT('2D SPACE',''
  ) );
#4534 = ORIENTED_EDGE('',*,*,#4347,.T.);
#4535 = ORIENTED_EDGE('',*,*,#3884,.T.);
#4536 = ORIENTED_EDGE('',*,*,#4537,.F.);
#4537 = EDGE_CURVE('',#4372,#3885,#4538,.T.);
#4538 = SURFACE_CURVE('',#4539,(#4543,#4550),.PCURVE_S1.);
#4539 = LINE('',#4540,#4541);
#4540 = CARTESIAN_POINT('',(171.27917130068,3.376130349777,
    -4.880829739373));
#4541 = VECTOR('',#4542,1.);
#4542 = DIRECTION('',(1.,0.,1.110223024625E-16));
#4543 = PCURVE('',#3900,#4544);
#4544 = DEFINITIONAL_REPRESENTATION('',(#4545),#4549);
#4545 = LINE('',#4546,#4547);
#4546 = CARTESIAN_POINT('',(1.,0.));
#4547 = VECTOR('',#4548,1.);
#4548 = DIRECTION('',(0.,-1.));
#4549 = ( GEOMETRIC_REPRESENTATION_CONTEXT(2) 
PARAMETRIC_REPRESENTATION_CONTEXT() REPRESENTATION_CONTEXT('2D SPACE',''
  ) );
#4550 = PCURVE('',#3930,#4551);
#4551 = DEFINITIONAL_REPRESENTATION('',(#4552),#4556);
#4552 = LINE('',#4553,#4554);
#4553 = CARTESIAN_POINT('',(0.,0.));
#4554 = VECTOR('',#4555,1.);
#4555 = DIRECTION('',(0.,-1.));
#4556 = ( GEOMETRIC_REPRESENTATION_CONTEXT(2) 
PARAMETRIC_REPRESENTATION_CONTEXT() REPRESENTATION_CONTEXT('2D SPACE',''
  ) );
#4557 = ADVANCED_FACE('',(#4558),#3930,.T.);
#4558 = FACE_BOUND('',#4559,.T.);
#4559 = EDGE_LOOP('',(#4560,#4727,#4728,#4729));
#4560 = ORIENTED_EDGE('',*,*,#4561,.T.);
#4561 = EDGE_CURVE('',#4562,#4372,#4564,.T.);
#4562 = VERTEX_POINT('',#4563);
#4563 = CARTESIAN_POINT('',(173.02917130068,-7.339523604926,
    -10.01849495624));
#4564 = SURFACE_CURVE('',#4565,(#4617,#4672),.PCURVE_S1.);
#4565 = B_SPLINE_CURVE_WITH_KNOTS('',8,(#4566,#4567,#4568,#4569,#4570,
    #4571,#4572,#4573,#4574,#4575,#4576,#4577,#4578,#4579,#4580,#4581,
    #4582,#4583,#4584,#4585,#4586,#4587,#4588,#4589,#4590,#4591,#4592,
    #4593,#4594,#4595,#4596,#4597,#4598,#4599,#4600,#4601,#4602,#4603,
    #4604,#4605,#4606,#4607,#4608,#4609,#4610,#4611,#4612,#4613,#4614,
    #4615,#4616),.UNSPECIFIED.,.F.,.F.,(9,7,7,7,7,7,7,9),(0.,
    4.852546676077E-02,0.136579605223,0.218015861889,0.26077901129,
    0.348679363554,0.656338043925,1.),.UNSPECIFIED.);
#4566 = CARTESIAN_POINT('',(173.02917130068,-7.339523604926,
    -10.01849495624));
#4567 = CARTESIAN_POINT('',(173.02917130068,-7.339523604926,
    -9.938644462103));
#4568 = CARTESIAN_POINT('',(173.02917130068,-7.338044452463,
    -9.858800541462));
#4569 = CARTESIAN_POINT('',(173.02917130068,-7.335040689649,
    -9.77899508448));
#4570 = CARTESIAN_POINT('',(173.02917130068,-7.330467177606,
    -9.69926370515));
#4571 = CARTESIAN_POINT('',(173.02917130068,-7.324279958276,
    -9.619645671781));
#4572 = CARTESIAN_POINT('',(173.02917130068,-7.316437116232,
    -9.540183837469));
#4573 = CARTESIAN_POINT('',(173.02917130068,-7.306899640492,
    -9.460924570577));
#4574 = CARTESIAN_POINT('',(173.02917130068,-7.275186585751,
    -9.238552073554));
#4575 = CARTESIAN_POINT('',(173.02917130068,-7.249040788622,
    -9.0959901094));
#4576 = CARTESIAN_POINT('',(173.02917130068,-7.216986574362,
    -8.954563278431));
#4577 = CARTESIAN_POINT('',(173.02917130068,-7.178860679478,
    -8.814615509214));
#4578 = CARTESIAN_POINT('',(173.02917130068,-7.134560181135,
    -8.676498495664));
#4579 = CARTESIAN_POINT('',(173.02917130068,-7.084057780721,
    -8.540567019507));
#4580 = CARTESIAN_POINT('',(173.02917130068,-7.027417087421,
    -8.407174272742));
#4581 = CARTESIAN_POINT('',(173.02917130068,-6.906904232515,
    -8.15596860445));
#4582 = CARTESIAN_POINT('',(173.02917130068,-6.843881718948,
    -8.037709328409));
#4583 = CARTESIAN_POINT('',(173.02917130068,-6.775869571047,
    -7.922162930329));
#4584 = CARTESIAN_POINT('',(173.02917130068,-6.70304947909,
    -7.809546911356));
#4585 = CARTESIAN_POINT('',(173.02917130068,-6.625646941416,
    -7.70002848391));
#4586 = CARTESIAN_POINT('',(173.02917130068,-6.543922592166,
    -7.593730360159));
#4587 = CARTESIAN_POINT('',(173.02917130068,-6.458163529028,
    -7.490736540492));
#4588 = CARTESIAN_POINT('',(173.02917130068,-6.321682958817,
    -7.338776769888));
#4589 = CARTESIAN_POINT('',(173.02917130068,-6.273659198479,
    -7.287376624483));
#4590 = CARTESIAN_POINT('',(173.02917130068,-6.224645027223,
    -7.236902715637));
#4591 = CARTESIAN_POINT('',(173.02917130068,-6.17468219754,
    -7.18735676479));
#4592 = CARTESIAN_POINT('',(173.02917130068,-6.123812193653,
    -7.138737520511));
#4593 = CARTESIAN_POINT('',(173.02917130068,-6.072075878015,
    -7.091041114027));
#4594 = CARTESIAN_POINT('',(173.02917130068,-6.019513137815,
    -7.044261414752));
#4595 = CARTESIAN_POINT('',(173.02917130068,-5.856499488495,
    -6.904101736404));
#4596 = CARTESIAN_POINT('',(173.02917130068,-5.74351414094,-6.8136579535
    ));
#4597 = CARTESIAN_POINT('',(173.02917130068,-5.627533459746,
    -6.726980289311));
#4598 = CARTESIAN_POINT('',(173.02917130068,-5.508866203405,
    -6.643962766749));
#4599 = CARTESIAN_POINT('',(173.02917130068,-5.387796570997,
    -6.564481141721));
#4600 = CARTESIAN_POINT('',(173.02917130068,-5.264579331082,
    -6.488399807851));
#4601 = CARTESIAN_POINT('',(173.02917130068,-5.139436426448,
    -6.415576643624));
#4602 = CARTESIAN_POINT('',(173.02917130068,-4.5684595036,
    -6.101871949793));
#4603 = CARTESIAN_POINT('',(173.02917130068,-4.104168393806,
    -5.896610426044));
#4604 = CARTESIAN_POINT('',(173.02917130068,-3.626280446895,
    -5.722629177858));
#4605 = CARTESIAN_POINT('',(173.02917130068,-3.139472425801,
    -5.574971411184));
#4606 = CARTESIAN_POINT('',(173.02917130068,-2.647094772396,
    -5.44950177935));
#4607 = CARTESIAN_POINT('',(173.02917130068,-2.151123536861,
    -5.342998575792));
#4608 = CARTESIAN_POINT('',(173.02917130068,-1.65230995615,
    -5.252787782235));
#4609 = CARTESIAN_POINT('',(173.02917130068,-0.589250712366,
    -5.091833610152));
#4610 = CARTESIAN_POINT('',(173.02917130068,-2.565296672322E-02,
    -5.024825113398));
#4611 = CARTESIAN_POINT('',(173.02917130068,0.539734196327,
    -4.97286088438));
#4612 = CARTESIAN_POINT('',(173.02917130068,1.106234626278,
    -4.933920500086));
#4613 = CARTESIAN_POINT('',(173.02917130068,1.673357261337,
    -4.906421344911));
#4614 = CARTESIAN_POINT('',(173.02917130068,2.240784635181,
    -4.889070873575));
#4615 = CARTESIAN_POINT('',(173.02917130068,2.808370386894,
    -4.880829739373));
#4616 = CARTESIAN_POINT('',(173.02917130068,3.376130349777,
    -4.880829739373));
#4617 = PCURVE('',#3930,#4618);
#4618 = DEFINITIONAL_REPRESENTATION('',(#4619),#4671);
#4619 = B_SPLINE_CURVE_WITH_KNOTS('',8,(#4620,#4621,#4622,#4623,#4624,
    #4625,#4626,#4627,#4628,#4629,#4630,#4631,#4632,#4633,#4634,#4635,
    #4636,#4637,#4638,#4639,#4640,#4641,#4642,#4643,#4644,#4645,#4646,
    #4647,#4648,#4649,#4650,#4651,#4652,#4653,#4654,#4655,#4656,#4657,
    #4658,#4659,#4660,#4661,#4662,#4663,#4664,#4665,#4666,#4667,#4668,
    #4669,#4670),.UNSPECIFIED.,.F.,.F.,(9,7,7,7,7,7,7,9),(0.,
    4.852546676077E-02,0.136579605223,0.218015861889,0.26077901129,
    0.348679363554,0.656338043925,1.),.UNSPECIFIED.);
#4620 = CARTESIAN_POINT('',(1.,-1.75));
#4621 = CARTESIAN_POINT('',(0.992228912281,-1.75));
#4622 = CARTESIAN_POINT('',(0.984389445997,-1.75));
#4623 = CARTESIAN_POINT('',(0.976482583616,-1.75));
#4624 = CARTESIAN_POINT('',(0.968509684897,-1.75));
#4625 = CARTESIAN_POINT('',(0.960472520336,-1.75));
#4626 = CARTESIAN_POINT('',(0.952373304612,-1.75));
#4627 = CARTESIAN_POINT('',(0.944214730037,-1.75));
#4628 = CARTESIAN_POINT('',(0.921093580249,-1.75));
#4629 = CARTESIAN_POINT('',(0.905999401311,-1.75));
#4630 = CARTESIAN_POINT('',(0.890740003144,-1.75));
#4631 = CARTESIAN_POINT('',(0.875341239046,-1.75));
#4632 = CARTESIAN_POINT('',(0.859832533584,-1.75));
#4633 = CARTESIAN_POINT('',(0.84424714051,-1.75));
#4634 = CARTESIAN_POINT('',(0.828622400684,-1.75));
#4635 = CARTESIAN_POINT('',(0.798551731536,-1.75));
#4636 = CARTESIAN_POINT('',(0.784102007961,-1.75));
#4637 = CARTESIAN_POINT('',(0.769683483077,-1.75));
#4638 = CARTESIAN_POINT('',(0.755325801995,-1.75));
#4639 = CARTESIAN_POINT('',(0.741055759819,-1.75));
#4640 = CARTESIAN_POINT('',(0.726897460328,-1.75));
#4641 = CARTESIAN_POINT('',(0.712872474661,-1.75));
#4642 = CARTESIAN_POINT('',(0.691715398144,-1.75));
#4643 = CARTESIAN_POINT('',(0.684472289114,-1.75));
#4644 = CARTESIAN_POINT('',(0.677273108587,-1.75));
#4645 = CARTESIAN_POINT('',(0.670119972297,-1.75));
#4646 = CARTESIAN_POINT('',(0.663014694136,-1.75));
#4647 = CARTESIAN_POINT('',(0.655958804264,-1.75));
#4648 = CARTESIAN_POINT('',(0.648953567215,-1.75));
#4649 = CARTESIAN_POINT('',(0.627706828981,-1.75));
#4650 = CARTESIAN_POINT('',(0.613632821099,-1.75));
#4651 = CARTESIAN_POINT('',(0.599785569278,-1.75));
#4652 = CARTESIAN_POINT('',(0.586169166665,-1.75));
#4653 = CARTESIAN_POINT('',(0.572784782699,-1.75));
#4654 = CARTESIAN_POINT('',(0.559631107784,-1.75));
#4655 = CARTESIAN_POINT('',(0.546704666596,-1.75));
#4656 = CARTESIAN_POINT('',(0.4895325905,-1.75));
#4657 = CARTESIAN_POINT('',(0.447892290388,-1.75));
#4658 = CARTESIAN_POINT('',(0.408661763389,-1.75));
#4659 = CARTESIAN_POINT('',(0.371576833038,-1.75));
#4660 = CARTESIAN_POINT('',(0.33639137944,-1.75));
#4661 = CARTESIAN_POINT('',(0.302884068493,-1.75));
#4662 = CARTESIAN_POINT('',(0.270829716726,-1.75));
#4663 = CARTESIAN_POINT('',(0.20556248391,-1.75));
#4664 = CARTESIAN_POINT('',(0.172743315601,-1.75));
#4665 = CARTESIAN_POINT('',(0.141304767034,-1.75));
#4666 = CARTESIAN_POINT('',(0.111081759352,-1.75));
#4667 = CARTESIAN_POINT('',(8.194318494752E-02,-1.75));
#4668 = CARTESIAN_POINT('',(5.377806590969E-02,-1.75));
#4669 = CARTESIAN_POINT('',(2.649208183109E-02,-1.75));
#4670 = CARTESIAN_POINT('',(0.,-1.75));
#4671 = ( GEOMETRIC_REPRESENTATION_CONTEXT(2) 
PARAMETRIC_REPRESENTATION_CONTEXT() REPRESENTATION_CONTEXT('2D SPACE',''
  ) );
#4672 = PCURVE('',#4265,#4673);
#4673 = DEFINITIONAL_REPRESENTATION('',(#4674),#4726);
#4674 = B_SPLINE_CURVE_WITH_KNOTS('',8,(#4675,#4676,#4677,#4678,#4679,
    #4680,#4681,#4682,#4683,#4684,#4685,#4686,#4687,#4688,#4689,#4690,
    #4691,#4692,#4693,#4694,#4695,#4696,#4697,#4698,#4699,#4700,#4701,
    #4702,#4703,#4704,#4705,#4706,#4707,#4708,#4709,#4710,#4711,#4712,
    #4713,#4714,#4715,#4716,#4717,#4718,#4719,#4720,#4721,#4722,#4723,
    #4724,#4725),.UNSPECIFIED.,.F.,.F.,(9,7,7,7,7,7,7,9),(0.,
    4.852546676077E-02,0.136579605223,0.218015861889,0.26077901129,
    0.348679363554,0.656338043925,1.),.UNSPECIFIED.);
#4675 = CARTESIAN_POINT('',(10.018494956246,-7.339523604926));
#4676 = CARTESIAN_POINT('',(9.938644462103,-7.339523604926));
#4677 = CARTESIAN_POINT('',(9.858800541462,-7.338044452463));
#4678 = CARTESIAN_POINT('',(9.77899508448,-7.335040689649));
#4679 = CARTESIAN_POINT('',(9.69926370515,-7.330467177606));
#4680 = CARTESIAN_POINT('',(9.619645671781,-7.324279958276));
#4681 = CARTESIAN_POINT('',(9.540183837469,-7.316437116232));
#4682 = CARTESIAN_POINT('',(9.460924570577,-7.306899640492));
#4683 = CARTESIAN_POINT('',(9.238552073554,-7.275186585751));
#4684 = CARTESIAN_POINT('',(9.0959901094,-7.249040788622));
#4685 = CARTESIAN_POINT('',(8.954563278431,-7.216986574362));
#4686 = CARTESIAN_POINT('',(8.814615509214,-7.178860679478));
#4687 = CARTESIAN_POINT('',(8.676498495664,-7.134560181135));
#4688 = CARTESIAN_POINT('',(8.540567019507,-7.084057780721));
#4689 = CARTESIAN_POINT('',(8.407174272742,-7.027417087421));
#4690 = CARTESIAN_POINT('',(8.15596860445,-6.906904232515));
#4691 = CARTESIAN_POINT('',(8.037709328409,-6.843881718948));
#4692 = CARTESIAN_POINT('',(7.922162930329,-6.775869571047));
#4693 = CARTESIAN_POINT('',(7.809546911356,-6.70304947909));
#4694 = CARTESIAN_POINT('',(7.70002848391,-6.625646941416));
#4695 = CARTESIAN_POINT('',(7.593730360159,-6.543922592166));
#4696 = CARTESIAN_POINT('',(7.490736540492,-6.458163529028));
#4697 = CARTESIAN_POINT('',(7.338776769888,-6.321682958817));
#4698 = CARTESIAN_POINT('',(7.287376624483,-6.273659198479));
#4699 = CARTESIAN_POINT('',(7.236902715637,-6.224645027223));
#4700 = CARTESIAN_POINT('',(7.18735676479,-6.17468219754));
#4701 = CARTESIAN_POINT('',(7.138737520511,-6.123812193653));
#4702 = CARTESIAN_POINT('',(7.091041114027,-6.072075878015));
#4703 = CARTESIAN_POINT('',(7.044261414752,-6.019513137815));
#4704 = CARTESIAN_POINT('',(6.904101736404,-5.856499488495));
#4705 = CARTESIAN_POINT('',(6.8136579535,-5.74351414094));
#4706 = CARTESIAN_POINT('',(6.726980289311,-5.627533459746));
#4707 = CARTESIAN_POINT('',(6.643962766749,-5.508866203405));
#4708 = CARTESIAN_POINT('',(6.564481141721,-5.387796570997));
#4709 = CARTESIAN_POINT('',(6.488399807851,-5.264579331082));
#4710 = CARTESIAN_POINT('',(6.415576643624,-5.139436426448));
#4711 = CARTESIAN_POINT('',(6.101871949793,-4.5684595036));
#4712 = CARTESIAN_POINT('',(5.896610426044,-4.104168393806));
#4713 = CARTESIAN_POINT('',(5.722629177858,-3.626280446895));
#4714 = CARTESIAN_POINT('',(5.574971411184,-3.139472425801));
#4715 = CARTESIAN_POINT('',(5.44950177935,-2.647094772396));
#4716 = CARTESIAN_POINT('',(5.342998575792,-2.151123536861));
#4717 = CARTESIAN_POINT('',(5.252787782235,-1.65230995615));
#4718 = CARTESIAN_POINT('',(5.091833610152,-0.589250712366));
#4719 = CARTESIAN_POINT('',(5.024825113398,-2.565296672322E-02));
#4720 = CARTESIAN_POINT('',(4.97286088438,0.539734196327));
#4721 = CARTESIAN_POINT('',(4.933920500086,1.106234626278));
#4722 = CARTESIAN_POINT('',(4.906421344911,1.673357261337));
#4723 = CARTESIAN_POINT('',(4.889070873575,2.240784635181));
#4724 = CARTESIAN_POINT('',(4.880829739373,2.808370386894));
#4725 = CARTESIAN_POINT('',(4.880829739373,3.376130349777));
#4726 = ( GEOMETRIC_REPRESENTATION_CONTEXT(2) 
PARAMETRIC_REPRESENTATION_CONTEXT() REPRESENTATION_CONTEXT('2D SPACE',''
  ) );
#4727 = ORIENTED_EDGE('',*,*,#4537,.T.);
#4728 = ORIENTED_EDGE('',*,*,#3914,.T.);
#4729 = ORIENTED_EDGE('',*,*,#4730,.F.);
#4730 = EDGE_CURVE('',#4562,#3915,#4731,.T.);
#4731 = SURFACE_CURVE('',#4732,(#4736,#4743),.PCURVE_S1.);
#4732 = LINE('',#4733,#4734);
#4733 = CARTESIAN_POINT('',(171.27917130068,-7.339523604926,
    -10.01849495624));
#4734 = VECTOR('',#4735,1.);
#4735 = DIRECTION('',(1.,0.,1.110223024625E-16));
#4736 = PCURVE('',#3930,#4737);
#4737 = DEFINITIONAL_REPRESENTATION('',(#4738),#4742);
#4738 = LINE('',#4739,#4740);
#4739 = CARTESIAN_POINT('',(1.,0.));
#4740 = VECTOR('',#4741,1.);
#4741 = DIRECTION('',(0.,-1.));
#4742 = ( GEOMETRIC_REPRESENTATION_CONTEXT(2) 
PARAMETRIC_REPRESENTATION_CONTEXT() REPRESENTATION_CONTEXT('2D SPACE',''
  ) );
#4743 = PCURVE('',#3960,#4744);
#4744 = DEFINITIONAL_REPRESENTATION('',(#4745),#4749);
#4745 = LINE('',#4746,#4747);
#4746 = CARTESIAN_POINT('',(0.,0.));
#4747 = VECTOR('',#4748,1.);
#4748 = DIRECTION('',(0.,-1.));
#4749 = ( GEOMETRIC_REPRESENTATION_CONTEXT(2) 
PARAMETRIC_REPRESENTATION_CONTEXT() REPRESENTATION_CONTEXT('2D SPACE',''
  ) );
#4750 = ADVANCED_FACE('',(#4751),#3960,.T.);
#4751 = FACE_BOUND('',#4752,.T.);
#4752 = EDGE_LOOP('',(#4753,#4848,#4849,#4850));
#4753 = ORIENTED_EDGE('',*,*,#4754,.T.);
#4754 = EDGE_CURVE('',#4755,#4562,#4757,.T.);
#4755 = VERTEX_POINT('',#4756);
#4756 = CARTESIAN_POINT('',(173.02917130068,-4.69728383327,
    -14.01843873697));
#4757 = SURFACE_CURVE('',#4758,(#4786,#4817),.PCURVE_S1.);
#4758 = B_SPLINE_CURVE_WITH_KNOTS('',6,(#4759,#4760,#4761,#4762,#4763,
    #4764,#4765,#4766,#4767,#4768,#4769,#4770,#4771,#4772,#4773,#4774,
    #4775,#4776,#4777,#4778,#4779,#4780,#4781,#4782,#4783,#4784,#4785),
  .UNSPECIFIED.,.F.,.F.,(7,5,5,5,5,7),(0.,0.23821793795,0.354231301634,
    0.577315727099,0.844824269394,1.),.UNSPECIFIED.);
#4759 = CARTESIAN_POINT('',(173.02917130068,-4.69728383327,
    -14.01843873697));
#4760 = CARTESIAN_POINT('',(173.02917130068,-4.879877392436,
    -13.92967838034));
#4761 = CARTESIAN_POINT('',(173.02917130068,-5.059275818314,
    -13.83469034171));
#4762 = CARTESIAN_POINT('',(173.02917130068,-5.234947966325,
    -13.73303307561));
#4763 = CARTESIAN_POINT('',(173.02917130068,-5.406198867947,
    -13.62427641718));
#4764 = CARTESIAN_POINT('',(173.02917130068,-5.572187683929,
    -13.50802979761));
#4765 = CARTESIAN_POINT('',(173.02917130068,-5.80980700932,
    -13.3236411358));
#4766 = CARTESIAN_POINT('',(173.02917130068,-5.886157710404,
    -13.26141582456));
#4767 = CARTESIAN_POINT('',(173.02917130068,-5.960927061516,
    -13.19732608787));
#4768 = CARTESIAN_POINT('',(173.02917130068,-6.033998722654,
    -13.13135289263));
#4769 = CARTESIAN_POINT('',(173.02917130068,-6.105253132676,
    -13.06348937029));
#4770 = CARTESIAN_POINT('',(173.02917130068,-6.307862720321,
    -12.85962996899));
#4771 = CARTESIAN_POINT('',(173.02917130068,-6.434019437852,
    -12.71853146675));
#4772 = CARTESIAN_POINT('',(173.02917130068,-6.552138528058,
    -12.57055479106));
#4773 = CARTESIAN_POINT('',(173.02917130068,-6.661400571523,
    -12.41597028637));
#4774 = CARTESIAN_POINT('',(173.02917130068,-6.761149564542,
    -12.25527184094));
#4775 = CARTESIAN_POINT('',(173.02917130068,-6.958684541827,
    -11.89013674971));
#4776 = CARTESIAN_POINT('',(173.02917130068,-7.052171165225,
    -11.6832762549));
#4777 = CARTESIAN_POINT('',(173.02917130068,-7.130682286337,
    -11.4700131038));
#4778 = CARTESIAN_POINT('',(173.02917130068,-7.194272731523,
    -11.2517807789));
#4779 = CARTESIAN_POINT('',(173.02917130068,-7.243515363064,
    -11.0299906289));
#4780 = CARTESIAN_POINT('',(173.02917130068,-7.300022942433,
    -10.6759945469));
#4781 = CARTESIAN_POINT('',(173.02917130068,-7.316236356636,
    -10.54525196499));
#4782 = CARTESIAN_POINT('',(173.02917130068,-7.328089524688,
    -10.41395084223));
#4783 = CARTESIAN_POINT('',(173.02917130068,-7.335781528504,
    -10.28228676723));
#4784 = CARTESIAN_POINT('',(173.02917130068,-7.339523604926,
    -10.15042421697));
#4785 = CARTESIAN_POINT('',(173.02917130068,-7.339523604926,
    -10.01849495624));
#4786 = PCURVE('',#3960,#4787);
#4787 = DEFINITIONAL_REPRESENTATION('',(#4788),#4816);
#4788 = B_SPLINE_CURVE_WITH_KNOTS('',6,(#4789,#4790,#4791,#4792,#4793,
    #4794,#4795,#4796,#4797,#4798,#4799,#4800,#4801,#4802,#4803,#4804,
    #4805,#4806,#4807,#4808,#4809,#4810,#4811,#4812,#4813,#4814,#4815),
  .UNSPECIFIED.,.F.,.F.,(7,5,5,5,5,7),(0.,0.23821793795,0.354231301634,
    0.577315727099,0.844824269394,1.),.UNSPECIFIED.);
#4789 = CARTESIAN_POINT('',(1.,-1.75));
#4790 = CARTESIAN_POINT('',(0.965447201059,-1.75));
#4791 = CARTESIAN_POINT('',(0.93006636627,-1.75));
#4792 = CARTESIAN_POINT('',(0.893829165474,-1.75));
#4793 = CARTESIAN_POINT('',(0.856725701801,-1.75));
#4794 = CARTESIAN_POINT('',(0.818767916454,-1.75));
#4795 = CARTESIAN_POINT('',(0.761119824857,-1.75));
#4796 = CARTESIAN_POINT('',(0.742048209231,-1.75));
#4797 = CARTESIAN_POINT('',(0.722791008677,-1.75));
#4798 = CARTESIAN_POINT('',(0.703356321052,-1.75));
#4799 = CARTESIAN_POINT('',(0.683754805261,-1.75));
#4800 = CARTESIAN_POINT('',(0.626013088475,-1.75));
#4801 = CARTESIAN_POINT('',(0.587451792222,-1.75));
#4802 = CARTESIAN_POINT('',(0.54842561961,-1.75));
#4803 = CARTESIAN_POINT('',(0.509066067192,-1.75));
#4804 = CARTESIAN_POINT('',(0.469529494692,-1.75));
#4805 = CARTESIAN_POINT('',(0.382598763985,-1.75));
#4806 = CARTESIAN_POINT('',(0.335187077957,-1.75));
#4807 = CARTESIAN_POINT('',(0.288089970919,-1.75));
#4808 = CARTESIAN_POINT('',(0.241565916966,-1.75));
#4809 = CARTESIAN_POINT('',(0.195817652109,-1.75));
#4810 = CARTESIAN_POINT('',(0.12500228101,-1.75));
#4811 = CARTESIAN_POINT('',(9.931220366436E-02,-1.75));
#4812 = CARTESIAN_POINT('',(7.3954122732E-02,-1.75));
#4813 = CARTESIAN_POINT('',(4.894419718388E-02,-1.75));
#4814 = CARTESIAN_POINT('',(2.429164533734E-02,-1.75));
#4815 = CARTESIAN_POINT('',(0.,-1.75));
#4816 = ( GEOMETRIC_REPRESENTATION_CONTEXT(2) 
PARAMETRIC_REPRESENTATION_CONTEXT() REPRESENTATION_CONTEXT('2D SPACE',''
  ) );
#4817 = PCURVE('',#4265,#4818);
#4818 = DEFINITIONAL_REPRESENTATION('',(#4819),#4847);
#4819 = B_SPLINE_CURVE_WITH_KNOTS('',6,(#4820,#4821,#4822,#4823,#4824,
    #4825,#4826,#4827,#4828,#4829,#4830,#4831,#4832,#4833,#4834,#4835,
    #4836,#4837,#4838,#4839,#4840,#4841,#4842,#4843,#4844,#4845,#4846),
  .UNSPECIFIED.,.F.,.F.,(7,5,5,5,5,7),(0.,0.23821793795,0.354231301634,
    0.577315727099,0.844824269394,1.),.UNSPECIFIED.);
#4820 = CARTESIAN_POINT('',(14.018438736978,-4.69728383327));
#4821 = CARTESIAN_POINT('',(13.929678380347,-4.879877392436));
#4822 = CARTESIAN_POINT('',(13.834690341711,-5.059275818314));
#4823 = CARTESIAN_POINT('',(13.733033075616,-5.234947966325));
#4824 = CARTESIAN_POINT('',(13.624276417182,-5.406198867947));
#4825 = CARTESIAN_POINT('',(13.508029797611,-5.572187683929));
#4826 = CARTESIAN_POINT('',(13.323641135805,-5.80980700932));
#4827 = CARTESIAN_POINT('',(13.261415824562,-5.886157710404));
#4828 = CARTESIAN_POINT('',(13.197326087872,-5.960927061516));
#4829 = CARTESIAN_POINT('',(13.131352892639,-6.033998722654));
#4830 = CARTESIAN_POINT('',(13.063489370296,-6.105253132676));
#4831 = CARTESIAN_POINT('',(12.859629968997,-6.307862720321));
#4832 = CARTESIAN_POINT('',(12.718531466759,-6.434019437852));
#4833 = CARTESIAN_POINT('',(12.570554791066,-6.552138528058));
#4834 = CARTESIAN_POINT('',(12.415970286378,-6.661400571523));
#4835 = CARTESIAN_POINT('',(12.255271840947,-6.761149564542));
#4836 = CARTESIAN_POINT('',(11.890136749712,-6.958684541827));
#4837 = CARTESIAN_POINT('',(11.683276254906,-7.052171165225));
#4838 = CARTESIAN_POINT('',(11.4700131038,-7.130682286337));
#4839 = CARTESIAN_POINT('',(11.251780778902,-7.194272731523));
#4840 = CARTESIAN_POINT('',(11.029990628902,-7.243515363064));
#4841 = CARTESIAN_POINT('',(10.675994546907,-7.300022942433));
#4842 = CARTESIAN_POINT('',(10.545251964997,-7.316236356636));
#4843 = CARTESIAN_POINT('',(10.413950842236,-7.328089524688));
#4844 = CARTESIAN_POINT('',(10.282286767232,-7.335781528504));
#4845 = CARTESIAN_POINT('',(10.150424216972,-7.339523604926));
#4846 = CARTESIAN_POINT('',(10.018494956246,-7.339523604926));
#4847 = ( GEOMETRIC_REPRESENTATION_CONTEXT(2) 
PARAMETRIC_REPRESENTATION_CONTEXT() REPRESENTATION_CONTEXT('2D SPACE',''
  ) );
#4848 = ORIENTED_EDGE('',*,*,#4730,.T.);
#4849 = ORIENTED_EDGE('',*,*,#3944,.T.);
#4850 = ORIENTED_EDGE('',*,*,#4851,.F.);
#4851 = EDGE_CURVE('',#4755,#3945,#4852,.T.);
#4852 = SURFACE_CURVE('',#4853,(#4857,#4864),.PCURVE_S1.);
#4853 = LINE('',#4854,#4855);
#4854 = CARTESIAN_POINT('',(171.27917130068,-4.69728383327,
    -14.01843873697));
#4855 = VECTOR('',#4856,1.);
#4856 = DIRECTION('',(1.,0.,1.110223024625E-16));
#4857 = PCURVE('',#3960,#4858);
#4858 = DEFINITIONAL_REPRESENTATION('',(#4859),#4863);
#4859 = LINE('',#4860,#4861);
#4860 = CARTESIAN_POINT('',(1.,0.));
#4861 = VECTOR('',#4862,1.);
#4862 = DIRECTION('',(0.,-1.));
#4863 = ( GEOMETRIC_REPRESENTATION_CONTEXT(2) 
PARAMETRIC_REPRESENTATION_CONTEXT() REPRESENTATION_CONTEXT('2D SPACE',''
  ) );
#4864 = PCURVE('',#3988,#4865);
#4865 = DEFINITIONAL_REPRESENTATION('',(#4866),#4870);
#4866 = LINE('',#4867,#4868);
#4867 = CARTESIAN_POINT('',(0.,0.));
#4868 = VECTOR('',#4869,1.);
#4869 = DIRECTION('',(0.,-1.));
#4870 = ( GEOMETRIC_REPRESENTATION_CONTEXT(2) 
PARAMETRIC_REPRESENTATION_CONTEXT() REPRESENTATION_CONTEXT('2D SPACE',''
  ) );
#4871 = ADVANCED_FACE('',(#4872),#3988,.T.);
#4872 = FACE_BOUND('',#4873,.T.);
#4873 = EDGE_LOOP('',(#4874,#4946,#4947,#4948));
#4874 = ORIENTED_EDGE('',*,*,#4875,.T.);
#4875 = EDGE_CURVE('',#4154,#4755,#4876,.T.);
#4876 = SURFACE_CURVE('',#4877,(#4898,#4922),.PCURVE_S1.);
#4877 = B_SPLINE_CURVE_WITH_KNOTS('',7,(#4878,#4879,#4880,#4881,#4882,
    #4883,#4884,#4885,#4886,#4887,#4888,#4889,#4890,#4891,#4892,#4893,
    #4894,#4895,#4896,#4897),.UNSPECIFIED.,.F.,.F.,(8,6,6,8),(0.,
    0.378758278806,0.69415297896,1.),.UNSPECIFIED.);
#4878 = CARTESIAN_POINT('',(173.02917130068,3.486270959198,
    -15.30285504119));
#4879 = CARTESIAN_POINT('',(173.02917130068,3.033111210611,
    -15.30285504119));
#4880 = CARTESIAN_POINT('',(173.02917130068,2.580061311241,
    -15.29784404853));
#4881 = CARTESIAN_POINT('',(173.02917130068,2.12717026806,
    -15.28737771714));
#4882 = CARTESIAN_POINT('',(173.02917130068,1.674537744617,
    -15.27092695313));
#4883 = CARTESIAN_POINT('',(173.02917130068,1.222314475336,
    -15.24786698059));
#4884 = CARTESIAN_POINT('',(173.02917130068,0.770705250715,
    -15.2174305104));
#4885 = CARTESIAN_POINT('',(173.02917130068,-5.53522357378E-02,
    -15.14631139846));
#4886 = CARTESIAN_POINT('',(173.02917130068,-0.430018494122,
    -15.10819836019));
#4887 = CARTESIAN_POINT('',(173.02917130068,-0.803910850792,
    -15.06371391246));
#4888 = CARTESIAN_POINT('',(173.02917130068,-1.176805682193,
    -15.01216986176));
#4889 = CARTESIAN_POINT('',(173.02917130068,-1.548368259545,
    -14.95275204059));
#4890 = CARTESIAN_POINT('',(173.02917130068,-1.918140742347,
    -14.88445125199));
#4891 = CARTESIAN_POINT('',(173.02917130068,-2.641776116949,
    -14.72979545443));
#4892 = CARTESIAN_POINT('',(173.02917130068,-2.995534551351,
    -14.64410209944));
#4893 = CARTESIAN_POINT('',(173.02917130068,-3.346496768389,
    -14.54760519766));
#4894 = CARTESIAN_POINT('',(173.02917130068,-3.693838706342,
    -14.4388172347));
#4895 = CARTESIAN_POINT('',(173.02917130068,-4.036175262288,
    -14.3159295548));
#4896 = CARTESIAN_POINT('',(173.02917130068,-4.371551313192,
    -14.17678021835));
#4897 = CARTESIAN_POINT('',(173.02917130068,-4.69728383327,
    -14.01843873697));
#4898 = PCURVE('',#3988,#4899);
#4899 = DEFINITIONAL_REPRESENTATION('',(#4900),#4921);
#4900 = B_SPLINE_CURVE_WITH_KNOTS('',7,(#4901,#4902,#4903,#4904,#4905,
    #4906,#4907,#4908,#4909,#4910,#4911,#4912,#4913,#4914,#4915,#4916,
    #4917,#4918,#4919,#4920),.UNSPECIFIED.,.F.,.F.,(8,6,6,8),(0.,
    0.378758278806,0.69415297896,1.),.UNSPECIFIED.);
#4901 = CARTESIAN_POINT('',(1.,-1.75));
#4902 = CARTESIAN_POINT('',(0.959110811524,-1.75));
#4903 = CARTESIAN_POINT('',(0.917210984126,-1.75));
#4904 = CARTESIAN_POINT('',(0.874214443188,-1.75));
#4905 = CARTESIAN_POINT('',(0.83002242495,-1.75));
#4906 = CARTESIAN_POINT('',(0.78452128702,-1.75));
#4907 = CARTESIAN_POINT('',(0.737573239965,-1.75));
#4908 = CARTESIAN_POINT('',(0.648552719211,-1.75));
#4909 = CARTESIAN_POINT('',(0.606983906995,-1.75));
#4910 = CARTESIAN_POINT('',(0.564187308431,-1.75));
#4911 = CARTESIAN_POINT('',(0.520042942225,-1.75));
#4912 = CARTESIAN_POINT('',(0.474415196083,-1.75));
#4913 = CARTESIAN_POINT('',(0.427139846076,-1.75));
#4914 = CARTESIAN_POINT('',(0.330347723252,-1.75));
#4915 = CARTESIAN_POINT('',(0.28097512979,-1.75));
#4916 = CARTESIAN_POINT('',(0.229654566435,-1.75));
#4917 = CARTESIAN_POINT('',(0.176157438598,-1.75));
#4918 = CARTESIAN_POINT('',(0.120240370741,-1.75));
#4919 = CARTESIAN_POINT('',(6.163947034104E-02,-1.75));
#4920 = CARTESIAN_POINT('',(0.,-1.75));
#4921 = ( GEOMETRIC_REPRESENTATION_CONTEXT(2) 
PARAMETRIC_REPRESENTATION_CONTEXT() REPRESENTATION_CONTEXT('2D SPACE',''
  ) );
#4922 = PCURVE('',#4265,#4923);
#4923 = DEFINITIONAL_REPRESENTATION('',(#4924),#4945);
#4924 = B_SPLINE_CURVE_WITH_KNOTS('',7,(#4925,#4926,#4927,#4928,#4929,
    #4930,#4931,#4932,#4933,#4934,#4935,#4936,#4937,#4938,#4939,#4940,
    #4941,#4942,#4943,#4944),.UNSPECIFIED.,.F.,.F.,(8,6,6,8),(0.,
    0.378758278806,0.69415297896,1.),.UNSPECIFIED.);
#4925 = CARTESIAN_POINT('',(15.302855041196,3.486270959198));
#4926 = CARTESIAN_POINT('',(15.302855041196,3.033111210611));
#4927 = CARTESIAN_POINT('',(15.297844048531,2.580061311241));
#4928 = CARTESIAN_POINT('',(15.287377717142,2.12717026806));
#4929 = CARTESIAN_POINT('',(15.270926953131,1.674537744617));
#4930 = CARTESIAN_POINT('',(15.247866980599,1.222314475336));
#4931 = CARTESIAN_POINT('',(15.217430510401,0.770705250715));
#4932 = CARTESIAN_POINT('',(15.14631139846,-5.53522357378E-02));
#4933 = CARTESIAN_POINT('',(15.108198360191,-0.430018494122));
#4934 = CARTESIAN_POINT('',(15.06371391246,-0.803910850792));
#4935 = CARTESIAN_POINT('',(15.012169861765,-1.176805682193));
#4936 = CARTESIAN_POINT('',(14.952752040596,-1.548368259545));
#4937 = CARTESIAN_POINT('',(14.884451251997,-1.918140742347));
#4938 = CARTESIAN_POINT('',(14.729795454436,-2.641776116949));
#4939 = CARTESIAN_POINT('',(14.644102099445,-2.995534551351));
#4940 = CARTESIAN_POINT('',(14.547605197666,-3.346496768389));
#4941 = CARTESIAN_POINT('',(14.438817234705,-3.693838706342));
#4942 = CARTESIAN_POINT('',(14.315929554809,-4.036175262288));
#4943 = CARTESIAN_POINT('',(14.176780218357,-4.371551313192));
#4944 = CARTESIAN_POINT('',(14.018438736978,-4.69728383327));
#4945 = ( GEOMETRIC_REPRESENTATION_CONTEXT(2) 
PARAMETRIC_REPRESENTATION_CONTEXT() REPRESENTATION_CONTEXT('2D SPACE',''
  ) );
#4946 = ORIENTED_EDGE('',*,*,#4851,.T.);
#4947 = ORIENTED_EDGE('',*,*,#3974,.T.);
#4948 = ORIENTED_EDGE('',*,*,#4325,.F.);
#4949 = ADVANCED_FACE('',(#4950),#4022,.T.);
#4950 = FACE_BOUND('',#4951,.T.);
#4951 = EDGE_LOOP('',(#4952,#4953,#4954));
#4952 = ORIENTED_EDGE('',*,*,#4005,.F.);
#4953 = ORIENTED_EDGE('',*,*,#4079,.F.);
#4954 = ORIENTED_EDGE('',*,*,#4126,.F.);
#4955 = ADVANCED_FACE('',(#4956),#4265,.T.);
#4956 = FACE_BOUND('',#4957,.T.);
#4957 = EDGE_LOOP('',(#4958,#4959,#4960,#4961,#4962));
#4958 = ORIENTED_EDGE('',*,*,#4151,.F.);
#4959 = ORIENTED_EDGE('',*,*,#4371,.F.);
#4960 = ORIENTED_EDGE('',*,*,#4561,.F.);
#4961 = ORIENTED_EDGE('',*,*,#4754,.F.);
#4962 = ORIENTED_EDGE('',*,*,#4875,.F.);
#4963 = ORIENTED_CLOSED_SHELL('',*,#4964,.F.);
#4964 = CLOSED_SHELL('',(#4965,#5085,#5161,#5232,#5259,#6398,#6405,#6481
    ,#6530,#6579,#6628,#6677,#6726,#6775,#6824,#6873,#6922,#6949,#7025,
    #7074,#7123,#7172,#7221,#7270,#7319,#7368,#7417,#7444,#7544,#7709,
    #7783,#7830,#7855,#8075,#8265,#8458,#8579,#8657,#8663));
#4965 = ADVANCED_FACE('',(#4966),#4980,.T.);
#4966 = FACE_BOUND('',#4967,.T.);
#4967 = EDGE_LOOP('',(#4968,#5003,#5031,#5059));
#4968 = ORIENTED_EDGE('',*,*,#4969,.T.);
#4969 = EDGE_CURVE('',#4970,#4972,#4974,.T.);
#4970 = VERTEX_POINT('',#4971);
#4971 = CARTESIAN_POINT('',(-173.0291713006,-28.22892976303,
    43.754841132703));
#4972 = VERTEX_POINT('',#4973);
#4973 = CARTESIAN_POINT('',(-169.5291713006,-28.22892976303,
    43.754841132703));
#4974 = SURFACE_CURVE('',#4975,(#4979,#4991),.PCURVE_S1.);
#4975 = LINE('',#4976,#4977);
#4976 = CARTESIAN_POINT('',(-173.0291713006,-28.22892976303,
    43.754841132703));
#4977 = VECTOR('',#4978,1.);
#4978 = DIRECTION('',(1.,0.,2.22044604925E-16));
#4979 = PCURVE('',#4980,#4985);
#4980 = PLANE('',#4981);
#4981 = AXIS2_PLACEMENT_3D('',#4982,#4983,#4984);
#4982 = CARTESIAN_POINT('',(-173.0291713006,-28.22892976303,
    43.754841132703));
#4983 = DIRECTION('',(-2.22044604925E-16,0.,1.));
#4984 = DIRECTION('',(0.,1.,0.));
#4985 = DEFINITIONAL_REPRESENTATION('',(#4986),#4990);
#4986 = LINE('',#4987,#4988);
#4987 = CARTESIAN_POINT('',(0.,0.));
#4988 = VECTOR('',#4989,1.);
#4989 = DIRECTION('',(0.,-1.));
#4990 = ( GEOMETRIC_REPRESENTATION_CONTEXT(2) 
PARAMETRIC_REPRESENTATION_CONTEXT() REPRESENTATION_CONTEXT('2D SPACE',''
  ) );
#4991 = PCURVE('',#4992,#4997);
#4992 = PLANE('',#4993);
#4993 = AXIS2_PLACEMENT_3D('',#4994,#4995,#4996);
#4994 = CARTESIAN_POINT('',(-173.0291713006,-28.22892976303,
    43.754841132703));
#4995 = DIRECTION('',(0.,1.,0.));
#4996 = DIRECTION('',(2.22044604925E-16,0.,-1.));
#4997 = DEFINITIONAL_REPRESENTATION('',(#4998),#5002);
#4998 = LINE('',#4999,#5000);
#4999 = CARTESIAN_POINT('',(0.,0.));
#5000 = VECTOR('',#5001,1.);
#5001 = DIRECTION('',(0.,-1.));
#5002 = ( GEOMETRIC_REPRESENTATION_CONTEXT(2) 
PARAMETRIC_REPRESENTATION_CONTEXT() REPRESENTATION_CONTEXT('2D SPACE',''
  ) );
#5003 = ORIENTED_EDGE('',*,*,#5004,.T.);
#5004 = EDGE_CURVE('',#4972,#5005,#5007,.T.);
#5005 = VERTEX_POINT('',#5006);
#5006 = CARTESIAN_POINT('',(-169.5291713006,28.228929763034,
    43.754841132703));
#5007 = SURFACE_CURVE('',#5008,(#5012,#5019),.PCURVE_S1.);
#5008 = LINE('',#5009,#5010);
#5009 = CARTESIAN_POINT('',(-169.5291713006,0.,43.754841132703));
#5010 = VECTOR('',#5011,1.);
#5011 = DIRECTION('',(0.,1.,0.));
#5012 = PCURVE('',#4980,#5013);
#5013 = DEFINITIONAL_REPRESENTATION('',(#5014),#5018);
#5014 = LINE('',#5015,#5016);
#5015 = CARTESIAN_POINT('',(28.228929763034,-3.5));
#5016 = VECTOR('',#5017,1.);
#5017 = DIRECTION('',(1.,0.));
#5018 = ( GEOMETRIC_REPRESENTATION_CONTEXT(2) 
PARAMETRIC_REPRESENTATION_CONTEXT() REPRESENTATION_CONTEXT('2D SPACE',''
  ) );
#5019 = PCURVE('',#5020,#5025);
#5020 = PLANE('',#5021);
#5021 = AXIS2_PLACEMENT_3D('',#5022,#5023,#5024);
#5022 = CARTESIAN_POINT('',(-169.5291713006,0.,7.771561172376E-16));
#5023 = DIRECTION('',(1.,0.,2.22044604925E-16));
#5024 = DIRECTION('',(2.22044604925E-16,0.,-1.));
#5025 = DEFINITIONAL_REPRESENTATION('',(#5026),#5030);
#5026 = LINE('',#5027,#5028);
#5027 = CARTESIAN_POINT('',(-43.7548411327,0.));
#5028 = VECTOR('',#5029,1.);
#5029 = DIRECTION('',(0.,1.));
#5030 = ( GEOMETRIC_REPRESENTATION_CONTEXT(2) 
PARAMETRIC_REPRESENTATION_CONTEXT() REPRESENTATION_CONTEXT('2D SPACE',''
  ) );
#5031 = ORIENTED_EDGE('',*,*,#5032,.F.);
#5032 = EDGE_CURVE('',#5033,#5005,#5035,.T.);
#5033 = VERTEX_POINT('',#5034);
#5034 = CARTESIAN_POINT('',(-173.0291713006,28.228929763034,
    43.754841132703));
#5035 = SURFACE_CURVE('',#5036,(#5040,#5047),.PCURVE_S1.);
#5036 = LINE('',#5037,#5038);
#5037 = CARTESIAN_POINT('',(-173.0291713006,28.228929763034,
    43.754841132703));
#5038 = VECTOR('',#5039,1.);
#5039 = DIRECTION('',(1.,0.,2.22044604925E-16));
#5040 = PCURVE('',#4980,#5041);
#5041 = DEFINITIONAL_REPRESENTATION('',(#5042),#5046);
#5042 = LINE('',#5043,#5044);
#5043 = CARTESIAN_POINT('',(56.457859526069,0.));
#5044 = VECTOR('',#5045,1.);
#5045 = DIRECTION('',(0.,-1.));
#5046 = ( GEOMETRIC_REPRESENTATION_CONTEXT(2) 
PARAMETRIC_REPRESENTATION_CONTEXT() REPRESENTATION_CONTEXT('2D SPACE',''
  ) );
#5047 = PCURVE('',#5048,#5053);
#5048 = PLANE('',#5049);
#5049 = AXIS2_PLACEMENT_3D('',#5050,#5051,#5052);
#5050 = CARTESIAN_POINT('',(-173.0291713006,28.228929763034,
    43.754841132703));
#5051 = DIRECTION('',(0.,1.,0.));
#5052 = DIRECTION('',(2.22044604925E-16,0.,-1.));
#5053 = DEFINITIONAL_REPRESENTATION('',(#5054),#5058);
#5054 = LINE('',#5055,#5056);
#5055 = CARTESIAN_POINT('',(0.,0.));
#5056 = VECTOR('',#5057,1.);
#5057 = DIRECTION('',(0.,-1.));
#5058 = ( GEOMETRIC_REPRESENTATION_CONTEXT(2) 
PARAMETRIC_REPRESENTATION_CONTEXT() REPRESENTATION_CONTEXT('2D SPACE',''
  ) );
#5059 = ORIENTED_EDGE('',*,*,#5060,.F.);
#5060 = EDGE_CURVE('',#4970,#5033,#5061,.T.);
#5061 = SURFACE_CURVE('',#5062,(#5066,#5073),.PCURVE_S1.);
#5062 = LINE('',#5063,#5064);
#5063 = CARTESIAN_POINT('',(-173.0291713006,0.,43.754841132703));
#5064 = VECTOR('',#5065,1.);
#5065 = DIRECTION('',(0.,1.,0.));
#5066 = PCURVE('',#4980,#5067);
#5067 = DEFINITIONAL_REPRESENTATION('',(#5068),#5072);
#5068 = LINE('',#5069,#5070);
#5069 = CARTESIAN_POINT('',(28.228929763034,0.));
#5070 = VECTOR('',#5071,1.);
#5071 = DIRECTION('',(1.,0.));
#5072 = ( GEOMETRIC_REPRESENTATION_CONTEXT(2) 
PARAMETRIC_REPRESENTATION_CONTEXT() REPRESENTATION_CONTEXT('2D SPACE',''
  ) );
#5073 = PCURVE('',#5074,#5079);
#5074 = PLANE('',#5075);
#5075 = AXIS2_PLACEMENT_3D('',#5076,#5077,#5078);
#5076 = CARTESIAN_POINT('',(-173.0291713006,0.,0.));
#5077 = DIRECTION('',(1.,0.,2.22044604925E-16));
#5078 = DIRECTION('',(2.22044604925E-16,0.,-1.));
#5079 = DEFINITIONAL_REPRESENTATION('',(#5080),#5084);
#5080 = LINE('',#5081,#5082);
#5081 = CARTESIAN_POINT('',(-43.7548411327,0.));
#5082 = VECTOR('',#5083,1.);
#5083 = DIRECTION('',(0.,1.));
#5084 = ( GEOMETRIC_REPRESENTATION_CONTEXT(2) 
PARAMETRIC_REPRESENTATION_CONTEXT() REPRESENTATION_CONTEXT('2D SPACE',''
  ) );
#5085 = ADVANCED_FACE('',(#5086),#4992,.F.);
#5086 = FACE_BOUND('',#5087,.F.);
#5087 = EDGE_LOOP('',(#5088,#5089,#5112,#5140));
#5088 = ORIENTED_EDGE('',*,*,#4969,.T.);
#5089 = ORIENTED_EDGE('',*,*,#5090,.T.);
#5090 = EDGE_CURVE('',#4972,#5091,#5093,.T.);
#5091 = VERTEX_POINT('',#5092);
#5092 = CARTESIAN_POINT('',(-169.5291713006,-28.22892976303,
    -43.7548411327));
#5093 = SURFACE_CURVE('',#5094,(#5098,#5105),.PCURVE_S1.);
#5094 = LINE('',#5095,#5096);
#5095 = CARTESIAN_POINT('',(-169.5291713006,-28.22892976303,
    7.771561172376E-16));
#5096 = VECTOR('',#5097,1.);
#5097 = DIRECTION('',(2.22044604925E-16,0.,-1.));
#5098 = PCURVE('',#4992,#5099);
#5099 = DEFINITIONAL_REPRESENTATION('',(#5100),#5104);
#5100 = LINE('',#5101,#5102);
#5101 = CARTESIAN_POINT('',(43.754841132703,-3.5));
#5102 = VECTOR('',#5103,1.);
#5103 = DIRECTION('',(1.,0.));
#5104 = ( GEOMETRIC_REPRESENTATION_CONTEXT(2) 
PARAMETRIC_REPRESENTATION_CONTEXT() REPRESENTATION_CONTEXT('2D SPACE',''
  ) );
#5105 = PCURVE('',#5020,#5106);
#5106 = DEFINITIONAL_REPRESENTATION('',(#5107),#5111);
#5107 = LINE('',#5108,#5109);
#5108 = CARTESIAN_POINT('',(0.,-28.22892976303));
#5109 = VECTOR('',#5110,1.);
#5110 = DIRECTION('',(1.,0.));
#5111 = ( GEOMETRIC_REPRESENTATION_CONTEXT(2) 
PARAMETRIC_REPRESENTATION_CONTEXT() REPRESENTATION_CONTEXT('2D SPACE',''
  ) );
#5112 = ORIENTED_EDGE('',*,*,#5113,.F.);
#5113 = EDGE_CURVE('',#5114,#5091,#5116,.T.);
#5114 = VERTEX_POINT('',#5115);
#5115 = CARTESIAN_POINT('',(-173.0291713006,-28.22892976303,
    -43.7548411327));
#5116 = SURFACE_CURVE('',#5117,(#5121,#5128),.PCURVE_S1.);
#5117 = LINE('',#5118,#5119);
#5118 = CARTESIAN_POINT('',(-173.0291713006,-28.22892976303,
    -43.7548411327));
#5119 = VECTOR('',#5120,1.);
#5120 = DIRECTION('',(1.,0.,2.22044604925E-16));
#5121 = PCURVE('',#4992,#5122);
#5122 = DEFINITIONAL_REPRESENTATION('',(#5123),#5127);
#5123 = LINE('',#5124,#5125);
#5124 = CARTESIAN_POINT('',(87.509682265406,0.));
#5125 = VECTOR('',#5126,1.);
#5126 = DIRECTION('',(0.,-1.));
#5127 = ( GEOMETRIC_REPRESENTATION_CONTEXT(2) 
PARAMETRIC_REPRESENTATION_CONTEXT() REPRESENTATION_CONTEXT('2D SPACE',''
  ) );
#5128 = PCURVE('',#5129,#5134);
#5129 = PLANE('',#5130);
#5130 = AXIS2_PLACEMENT_3D('',#5131,#5132,#5133);
#5131 = CARTESIAN_POINT('',(-173.0291713006,-28.22892976303,
    -43.7548411327));
#5132 = DIRECTION('',(-2.22044604925E-16,0.,1.));
#5133 = DIRECTION('',(0.,1.,0.));
#5134 = DEFINITIONAL_REPRESENTATION('',(#5135),#5139);
#5135 = LINE('',#5136,#5137);
#5136 = CARTESIAN_POINT('',(0.,0.));
#5137 = VECTOR('',#5138,1.);
#5138 = DIRECTION('',(0.,-1.));
#5139 = ( GEOMETRIC_REPRESENTATION_CONTEXT(2) 
PARAMETRIC_REPRESENTATION_CONTEXT() REPRESENTATION_CONTEXT('2D SPACE',''
  ) );
#5140 = ORIENTED_EDGE('',*,*,#5141,.F.);
#5141 = EDGE_CURVE('',#4970,#5114,#5142,.T.);
#5142 = SURFACE_CURVE('',#5143,(#5147,#5154),.PCURVE_S1.);
#5143 = LINE('',#5144,#5145);
#5144 = CARTESIAN_POINT('',(-173.0291713006,-28.22892976303,0.));
#5145 = VECTOR('',#5146,1.);
#5146 = DIRECTION('',(2.22044604925E-16,0.,-1.));
#5147 = PCURVE('',#4992,#5148);
#5148 = DEFINITIONAL_REPRESENTATION('',(#5149),#5153);
#5149 = LINE('',#5150,#5151);
#5150 = CARTESIAN_POINT('',(43.754841132703,0.));
#5151 = VECTOR('',#5152,1.);
#5152 = DIRECTION('',(1.,0.));
#5153 = ( GEOMETRIC_REPRESENTATION_CONTEXT(2) 
PARAMETRIC_REPRESENTATION_CONTEXT() REPRESENTATION_CONTEXT('2D SPACE',''
  ) );
#5154 = PCURVE('',#5074,#5155);
#5155 = DEFINITIONAL_REPRESENTATION('',(#5156),#5160);
#5156 = LINE('',#5157,#5158);
#5157 = CARTESIAN_POINT('',(0.,-28.22892976303));
#5158 = VECTOR('',#5159,1.);
#5159 = DIRECTION('',(1.,0.));
#5160 = ( GEOMETRIC_REPRESENTATION_CONTEXT(2) 
PARAMETRIC_REPRESENTATION_CONTEXT() REPRESENTATION_CONTEXT('2D SPACE',''
  ) );
#5161 = ADVANCED_FACE('',(#5162),#5048,.T.);
#5162 = FACE_BOUND('',#5163,.T.);
#5163 = EDGE_LOOP('',(#5164,#5165,#5188,#5211));
#5164 = ORIENTED_EDGE('',*,*,#5032,.T.);
#5165 = ORIENTED_EDGE('',*,*,#5166,.T.);
#5166 = EDGE_CURVE('',#5005,#5167,#5169,.T.);
#5167 = VERTEX_POINT('',#5168);
#5168 = CARTESIAN_POINT('',(-169.5291713006,28.228929763034,
    -43.7548411327));
#5169 = SURFACE_CURVE('',#5170,(#5174,#5181),.PCURVE_S1.);
#5170 = LINE('',#5171,#5172);
#5171 = CARTESIAN_POINT('',(-169.5291713006,28.228929763034,
    7.771561172376E-16));
#5172 = VECTOR('',#5173,1.);
#5173 = DIRECTION('',(2.22044604925E-16,0.,-1.));
#5174 = PCURVE('',#5048,#5175);
#5175 = DEFINITIONAL_REPRESENTATION('',(#5176),#5180);
#5176 = LINE('',#5177,#5178);
#5177 = CARTESIAN_POINT('',(43.754841132703,-3.5));
#5178 = VECTOR('',#5179,1.);
#5179 = DIRECTION('',(1.,0.));
#5180 = ( GEOMETRIC_REPRESENTATION_CONTEXT(2) 
PARAMETRIC_REPRESENTATION_CONTEXT() REPRESENTATION_CONTEXT('2D SPACE',''
  ) );
#5181 = PCURVE('',#5020,#5182);
#5182 = DEFINITIONAL_REPRESENTATION('',(#5183),#5187);
#5183 = LINE('',#5184,#5185);
#5184 = CARTESIAN_POINT('',(0.,28.228929763034));
#5185 = VECTOR('',#5186,1.);
#5186 = DIRECTION('',(1.,0.));
#5187 = ( GEOMETRIC_REPRESENTATION_CONTEXT(2) 
PARAMETRIC_REPRESENTATION_CONTEXT() REPRESENTATION_CONTEXT('2D SPACE',''
  ) );
#5188 = ORIENTED_EDGE('',*,*,#5189,.F.);
#5189 = EDGE_CURVE('',#5190,#5167,#5192,.T.);
#5190 = VERTEX_POINT('',#5191);
#5191 = CARTESIAN_POINT('',(-173.0291713006,28.228929763034,
    -43.7548411327));
#5192 = SURFACE_CURVE('',#5193,(#5197,#5204),.PCURVE_S1.);
#5193 = LINE('',#5194,#5195);
#5194 = CARTESIAN_POINT('',(-173.0291713006,28.228929763034,
    -43.7548411327));
#5195 = VECTOR('',#5196,1.);
#5196 = DIRECTION('',(1.,0.,2.22044604925E-16));
#5197 = PCURVE('',#5048,#5198);
#5198 = DEFINITIONAL_REPRESENTATION('',(#5199),#5203);
#5199 = LINE('',#5200,#5201);
#5200 = CARTESIAN_POINT('',(87.509682265406,0.));
#5201 = VECTOR('',#5202,1.);
#5202 = DIRECTION('',(0.,-1.));
#5203 = ( GEOMETRIC_REPRESENTATION_CONTEXT(2) 
PARAMETRIC_REPRESENTATION_CONTEXT() REPRESENTATION_CONTEXT('2D SPACE',''
  ) );
#5204 = PCURVE('',#5129,#5205);
#5205 = DEFINITIONAL_REPRESENTATION('',(#5206),#5210);
#5206 = LINE('',#5207,#5208);
#5207 = CARTESIAN_POINT('',(56.457859526069,0.));
#5208 = VECTOR('',#5209,1.);
#5209 = DIRECTION('',(0.,-1.));
#5210 = ( GEOMETRIC_REPRESENTATION_CONTEXT(2) 
PARAMETRIC_REPRESENTATION_CONTEXT() REPRESENTATION_CONTEXT('2D SPACE',''
  ) );
#5211 = ORIENTED_EDGE('',*,*,#5212,.F.);
#5212 = EDGE_CURVE('',#5033,#5190,#5213,.T.);
#5213 = SURFACE_CURVE('',#5214,(#5218,#5225),.PCURVE_S1.);
#5214 = LINE('',#5215,#5216);
#5215 = CARTESIAN_POINT('',(-173.0291713006,28.228929763034,0.));
#5216 = VECTOR('',#5217,1.);
#5217 = DIRECTION('',(2.22044604925E-16,0.,-1.));
#5218 = PCURVE('',#5048,#5219);
#5219 = DEFINITIONAL_REPRESENTATION('',(#5220),#5224);
#5220 = LINE('',#5221,#5222);
#5221 = CARTESIAN_POINT('',(43.754841132703,0.));
#5222 = VECTOR('',#5223,1.);
#5223 = DIRECTION('',(1.,0.));
#5224 = ( GEOMETRIC_REPRESENTATION_CONTEXT(2) 
PARAMETRIC_REPRESENTATION_CONTEXT() REPRESENTATION_CONTEXT('2D SPACE',''
  ) );
#5225 = PCURVE('',#5074,#5226);
#5226 = DEFINITIONAL_REPRESENTATION('',(#5227),#5231);
#5227 = LINE('',#5228,#5229);
#5228 = CARTESIAN_POINT('',(0.,28.228929763034));
#5229 = VECTOR('',#5230,1.);
#5230 = DIRECTION('',(1.,0.));
#5231 = ( GEOMETRIC_REPRESENTATION_CONTEXT(2) 
PARAMETRIC_REPRESENTATION_CONTEXT() REPRESENTATION_CONTEXT('2D SPACE',''
  ) );
#5232 = ADVANCED_FACE('',(#5233),#5074,.F.);
#5233 = FACE_BOUND('',#5234,.F.);
#5234 = EDGE_LOOP('',(#5235,#5236,#5237,#5258));
#5235 = ORIENTED_EDGE('',*,*,#5060,.F.);
#5236 = ORIENTED_EDGE('',*,*,#5141,.T.);
#5237 = ORIENTED_EDGE('',*,*,#5238,.T.);
#5238 = EDGE_CURVE('',#5114,#5190,#5239,.T.);
#5239 = SURFACE_CURVE('',#5240,(#5244,#5251),.PCURVE_S1.);
#5240 = LINE('',#5241,#5242);
#5241 = CARTESIAN_POINT('',(-173.0291713006,0.,-43.7548411327));
#5242 = VECTOR('',#5243,1.);
#5243 = DIRECTION('',(0.,1.,0.));
#5244 = PCURVE('',#5074,#5245);
#5245 = DEFINITIONAL_REPRESENTATION('',(#5246),#5250);
#5246 = LINE('',#5247,#5248);
#5247 = CARTESIAN_POINT('',(43.754841132703,0.));
#5248 = VECTOR('',#5249,1.);
#5249 = DIRECTION('',(0.,1.));
#5250 = ( GEOMETRIC_REPRESENTATION_CONTEXT(2) 
PARAMETRIC_REPRESENTATION_CONTEXT() REPRESENTATION_CONTEXT('2D SPACE',''
  ) );
#5251 = PCURVE('',#5129,#5252);
#5252 = DEFINITIONAL_REPRESENTATION('',(#5253),#5257);
#5253 = LINE('',#5254,#5255);
#5254 = CARTESIAN_POINT('',(28.228929763034,0.));
#5255 = VECTOR('',#5256,1.);
#5256 = DIRECTION('',(1.,0.));
#5257 = ( GEOMETRIC_REPRESENTATION_CONTEXT(2) 
PARAMETRIC_REPRESENTATION_CONTEXT() REPRESENTATION_CONTEXT('2D SPACE',''
  ) );
#5258 = ORIENTED_EDGE('',*,*,#5212,.F.);
#5259 = ADVANCED_FACE('',(#5260,#5286,#5574),#5020,.T.);
#5260 = FACE_BOUND('',#5261,.T.);
#5261 = EDGE_LOOP('',(#5262,#5263,#5264,#5285));
#5262 = ORIENTED_EDGE('',*,*,#5004,.F.);
#5263 = ORIENTED_EDGE('',*,*,#5090,.T.);
#5264 = ORIENTED_EDGE('',*,*,#5265,.T.);
#5265 = EDGE_CURVE('',#5091,#5167,#5266,.T.);
#5266 = SURFACE_CURVE('',#5267,(#5271,#5278),.PCURVE_S1.);
#5267 = LINE('',#5268,#5269);
#5268 = CARTESIAN_POINT('',(-169.5291713006,0.,-43.7548411327));
#5269 = VECTOR('',#5270,1.);
#5270 = DIRECTION('',(0.,1.,0.));
#5271 = PCURVE('',#5020,#5272);
#5272 = DEFINITIONAL_REPRESENTATION('',(#5273),#5277);
#5273 = LINE('',#5274,#5275);
#5274 = CARTESIAN_POINT('',(43.754841132703,0.));
#5275 = VECTOR('',#5276,1.);
#5276 = DIRECTION('',(0.,1.));
#5277 = ( GEOMETRIC_REPRESENTATION_CONTEXT(2) 
PARAMETRIC_REPRESENTATION_CONTEXT() REPRESENTATION_CONTEXT('2D SPACE',''
  ) );
#5278 = PCURVE('',#5129,#5279);
#5279 = DEFINITIONAL_REPRESENTATION('',(#5280),#5284);
#5280 = LINE('',#5281,#5282);
#5281 = CARTESIAN_POINT('',(28.228929763034,-3.5));
#5282 = VECTOR('',#5283,1.);
#5283 = DIRECTION('',(1.,0.));
#5284 = ( GEOMETRIC_REPRESENTATION_CONTEXT(2) 
PARAMETRIC_REPRESENTATION_CONTEXT() REPRESENTATION_CONTEXT('2D SPACE',''
  ) );
#5285 = ORIENTED_EDGE('',*,*,#5166,.F.);
#5286 = FACE_BOUND('',#5287,.T.);
#5287 = EDGE_LOOP('',(#5288,#5316,#5342,#5368,#5394,#5420,#5446,#5472,
    #5498,#5524,#5550));
#5288 = ORIENTED_EDGE('',*,*,#5289,.F.);
#5289 = EDGE_CURVE('',#5290,#5292,#5294,.T.);
#5290 = VERTEX_POINT('',#5291);
#5291 = CARTESIAN_POINT('',(-169.5291713006,2.935810561892,
    -8.403776282128));
#5292 = VERTEX_POINT('',#5293);
#5293 = CARTESIAN_POINT('',(-169.5291713006,9.174404039523,
    -8.403776282128));
#5294 = SURFACE_CURVE('',#5295,(#5299,#5305),.PCURVE_S1.);
#5295 = LINE('',#5296,#5297);
#5296 = CARTESIAN_POINT('',(-169.5291713006,4.587202019762,
    -8.403776282128));
#5297 = VECTOR('',#5298,1.);
#5298 = DIRECTION('',(2.719262146894E-32,1.,-1.224646799147E-16));
#5299 = PCURVE('',#5020,#5300);
#5300 = DEFINITIONAL_REPRESENTATION('',(#5301),#5304);
#5301 = B_SPLINE_CURVE_WITH_KNOTS('',1,(#5302,#5303),.UNSPECIFIED.,.F.,
  .F.,(2,2),(-1.651391457869,4.587202019762),.PIECEWISE_BEZIER_KNOTS.);
#5302 = CARTESIAN_POINT('',(8.403776282128,2.935810561892));
#5303 = CARTESIAN_POINT('',(8.403776282128,9.174404039523));
#5304 = ( GEOMETRIC_REPRESENTATION_CONTEXT(2) 
PARAMETRIC_REPRESENTATION_CONTEXT() REPRESENTATION_CONTEXT('2D SPACE',''
  ) );
#5305 = PCURVE('',#5306,#5311);
#5306 = PLANE('',#5307);
#5307 = AXIS2_PLACEMENT_3D('',#5308,#5309,#5310);
#5308 = CARTESIAN_POINT('',(-171.2791713006,9.174404039523,
    -8.403776282128));
#5309 = DIRECTION('',(-1.110223024625E-16,-1.224646799147E-16,-1.));
#5310 = DIRECTION('',(0.,-1.,1.224646799147E-16));
#5311 = DEFINITIONAL_REPRESENTATION('',(#5312),#5315);
#5312 = B_SPLINE_CURVE_WITH_KNOTS('',1,(#5313,#5314),.UNSPECIFIED.,.F.,
  .F.,(2,2),(-1.651391457869,4.587202019762),.PIECEWISE_BEZIER_KNOTS.);
#5313 = CARTESIAN_POINT('',(6.238593477631,-1.75));
#5314 = CARTESIAN_POINT('',(0.,-1.75));
#5315 = ( GEOMETRIC_REPRESENTATION_CONTEXT(2) 
PARAMETRIC_REPRESENTATION_CONTEXT() REPRESENTATION_CONTEXT('2D SPACE',''
  ) );
#5316 = ORIENTED_EDGE('',*,*,#5317,.F.);
#5317 = EDGE_CURVE('',#5318,#5290,#5320,.T.);
#5318 = VERTEX_POINT('',#5319);
#5319 = CARTESIAN_POINT('',(-169.5291713006,2.935810561892,
    -19.37626571433));
#5320 = SURFACE_CURVE('',#5321,(#5325,#5331),.PCURVE_S1.);
#5321 = LINE('',#5322,#5323);
#5322 = CARTESIAN_POINT('',(-169.5291713006,2.935810561892,
    -4.201888141064));
#5323 = VECTOR('',#5324,1.);
#5324 = DIRECTION('',(-2.22044604925E-16,1.224646799147E-16,1.));
#5325 = PCURVE('',#5020,#5326);
#5326 = DEFINITIONAL_REPRESENTATION('',(#5327),#5330);
#5327 = B_SPLINE_CURVE_WITH_KNOTS('',1,(#5328,#5329),.UNSPECIFIED.,.F.,
  .F.,(2,2),(-15.17437757326,-4.201888141064),.PIECEWISE_BEZIER_KNOTS.);
#5328 = CARTESIAN_POINT('',(19.37626571433,2.935810561892));
#5329 = CARTESIAN_POINT('',(8.403776282128,2.935810561892));
#5330 = ( GEOMETRIC_REPRESENTATION_CONTEXT(2) 
PARAMETRIC_REPRESENTATION_CONTEXT() REPRESENTATION_CONTEXT('2D SPACE',''
  ) );
#5331 = PCURVE('',#5332,#5337);
#5332 = PLANE('',#5333);
#5333 = AXIS2_PLACEMENT_3D('',#5334,#5335,#5336);
#5334 = CARTESIAN_POINT('',(-171.2791713006,2.935810561892,
    -8.403776282128));
#5335 = DIRECTION('',(0.,1.,-1.224646799147E-16));
#5336 = DIRECTION('',(-1.110223024625E-16,-1.224646799147E-16,-1.));
#5337 = DEFINITIONAL_REPRESENTATION('',(#5338),#5341);
#5338 = B_SPLINE_CURVE_WITH_KNOTS('',1,(#5339,#5340),.UNSPECIFIED.,.F.,
  .F.,(2,2),(-15.17437757326,-4.201888141064),.PIECEWISE_BEZIER_KNOTS.);
#5339 = CARTESIAN_POINT('',(10.972489432202,-1.75));
#5340 = CARTESIAN_POINT('',(0.,-1.75));
#5341 = ( GEOMETRIC_REPRESENTATION_CONTEXT(2) 
PARAMETRIC_REPRESENTATION_CONTEXT() REPRESENTATION_CONTEXT('2D SPACE',''
  ) );
#5342 = ORIENTED_EDGE('',*,*,#5343,.F.);
#5343 = EDGE_CURVE('',#5344,#5318,#5346,.T.);
#5344 = VERTEX_POINT('',#5345);
#5345 = CARTESIAN_POINT('',(-169.5291713006,-0.477114829803,
    -19.37626571433));
#5346 = SURFACE_CURVE('',#5347,(#5351,#5357),.PCURVE_S1.);
#5347 = LINE('',#5348,#5349);
#5348 = CARTESIAN_POINT('',(-169.5291713006,1.467905280946,
    -19.37626571433));
#5349 = VECTOR('',#5350,1.);
#5350 = DIRECTION('',(2.719262146894E-32,1.,-1.224646799147E-16));
#5351 = PCURVE('',#5020,#5352);
#5352 = DEFINITIONAL_REPRESENTATION('',(#5353),#5356);
#5353 = B_SPLINE_CURVE_WITH_KNOTS('',1,(#5354,#5355),.UNSPECIFIED.,.F.,
  .F.,(2,2),(-1.945020110749,1.467905280946),.PIECEWISE_BEZIER_KNOTS.);
#5354 = CARTESIAN_POINT('',(19.37626571433,-0.477114829803));
#5355 = CARTESIAN_POINT('',(19.37626571433,2.935810561892));
#5356 = ( GEOMETRIC_REPRESENTATION_CONTEXT(2) 
PARAMETRIC_REPRESENTATION_CONTEXT() REPRESENTATION_CONTEXT('2D SPACE',''
  ) );
#5357 = PCURVE('',#5358,#5363);
#5358 = PLANE('',#5359);
#5359 = AXIS2_PLACEMENT_3D('',#5360,#5361,#5362);
#5360 = CARTESIAN_POINT('',(-171.2791713006,2.935810561892,
    -19.37626571433));
#5361 = DIRECTION('',(-1.110223024625E-16,-1.224646799147E-16,-1.));
#5362 = DIRECTION('',(0.,-1.,1.224646799147E-16));
#5363 = DEFINITIONAL_REPRESENTATION('',(#5364),#5367);
#5364 = B_SPLINE_CURVE_WITH_KNOTS('',1,(#5365,#5366),.UNSPECIFIED.,.F.,
  .F.,(2,2),(-1.945020110749,1.467905280946),.PIECEWISE_BEZIER_KNOTS.);
#5365 = CARTESIAN_POINT('',(3.412925391696,-1.75));
#5366 = CARTESIAN_POINT('',(0.,-1.75));
#5367 = ( GEOMETRIC_REPRESENTATION_CONTEXT(2) 
PARAMETRIC_REPRESENTATION_CONTEXT() REPRESENTATION_CONTEXT('2D SPACE',''
  ) );
#5368 = ORIENTED_EDGE('',*,*,#5369,.F.);
#5369 = EDGE_CURVE('',#5370,#5344,#5372,.T.);
#5370 = VERTEX_POINT('',#5371);
#5371 = CARTESIAN_POINT('',(-169.5291713006,-16.84422441473,
    -7.559683498868));
#5372 = SURFACE_CURVE('',#5373,(#5377,#5383),.PCURVE_S1.);
#5373 = LINE('',#5374,#5375);
#5374 = CARTESIAN_POINT('',(-169.5291713006,-4.918218708351,
    -16.16991649085));
#5375 = VECTOR('',#5376,1.);
#5376 = DIRECTION('',(1.299753206833E-16,0.810775807426,-0.585356805797)
  );
#5377 = PCURVE('',#5020,#5378);
#5378 = DEFINITIONAL_REPRESENTATION('',(#5379),#5382);
#5379 = B_SPLINE_CURVE_WITH_KNOTS('',1,(#5380,#5381),.UNSPECIFIED.,.F.,
  .F.,(2,2),(-14.70937538731,5.477597922718),.PIECEWISE_BEZIER_KNOTS.);
#5380 = CARTESIAN_POINT('',(7.559683498868,-16.84422441473));
#5381 = CARTESIAN_POINT('',(19.37626571433,-0.477114829803));
#5382 = ( GEOMETRIC_REPRESENTATION_CONTEXT(2) 
PARAMETRIC_REPRESENTATION_CONTEXT() REPRESENTATION_CONTEXT('2D SPACE',''
  ) );
#5383 = PCURVE('',#5384,#5389);
#5384 = PLANE('',#5385);
#5385 = AXIS2_PLACEMENT_3D('',#5386,#5387,#5388);
#5386 = CARTESIAN_POINT('',(-171.2791713006,-0.477114829803,
    -19.37626571433));
#5387 = DIRECTION('',(-9.001419692137E-17,-0.585356805797,
    -0.810775807426));
#5388 = DIRECTION('',(6.498766034164E-17,-0.810775807426,0.585356805797)
  );
#5389 = DEFINITIONAL_REPRESENTATION('',(#5390),#5393);
#5390 = B_SPLINE_CURVE_WITH_KNOTS('',1,(#5391,#5392),.UNSPECIFIED.,.F.,
  .F.,(2,2),(-14.70937538731,5.477597922718),.PIECEWISE_BEZIER_KNOTS.);
#5391 = CARTESIAN_POINT('',(20.186973310034,-1.75));
#5392 = CARTESIAN_POINT('',(0.,-1.75));
#5393 = ( GEOMETRIC_REPRESENTATION_CONTEXT(2) 
PARAMETRIC_REPRESENTATION_CONTEXT() REPRESENTATION_CONTEXT('2D SPACE',''
  ) );
#5394 = ORIENTED_EDGE('',*,*,#5395,.F.);
#5395 = EDGE_CURVE('',#5396,#5370,#5398,.T.);
#5396 = VERTEX_POINT('',#5397);
#5397 = CARTESIAN_POINT('',(-169.5291713006,-16.84422441473,
    -5.174338933892));
#5398 = SURFACE_CURVE('',#5399,(#5403,#5409),.PCURVE_S1.);
#5399 = LINE('',#5400,#5401);
#5400 = CARTESIAN_POINT('',(-169.5291713006,-16.84422441473,
    -3.779841749434));
#5401 = VECTOR('',#5402,1.);
#5402 = DIRECTION('',(2.22044604925E-16,-1.224646799147E-16,-1.));
#5403 = PCURVE('',#5020,#5404);
#5404 = DEFINITIONAL_REPRESENTATION('',(#5405),#5408);
#5405 = B_SPLINE_CURVE_WITH_KNOTS('',1,(#5406,#5407),.UNSPECIFIED.,.F.,
  .F.,(2,2),(1.394497184458,3.779841749434),.PIECEWISE_BEZIER_KNOTS.);
#5406 = CARTESIAN_POINT('',(5.174338933892,-16.84422441473));
#5407 = CARTESIAN_POINT('',(7.559683498868,-16.84422441473));
#5408 = ( GEOMETRIC_REPRESENTATION_CONTEXT(2) 
PARAMETRIC_REPRESENTATION_CONTEXT() REPRESENTATION_CONTEXT('2D SPACE',''
  ) );
#5409 = PCURVE('',#5410,#5415);
#5410 = PLANE('',#5411);
#5411 = AXIS2_PLACEMENT_3D('',#5412,#5413,#5414);
#5412 = CARTESIAN_POINT('',(-171.2791713006,-16.84422441473,
    -7.559683498868));
#5413 = DIRECTION('',(0.,-1.,1.224646799147E-16));
#5414 = DIRECTION('',(1.110223024625E-16,1.224646799147E-16,1.));
#5415 = DEFINITIONAL_REPRESENTATION('',(#5416),#5419);
#5416 = B_SPLINE_CURVE_WITH_KNOTS('',1,(#5417,#5418),.UNSPECIFIED.,.F.,
  .F.,(2,2),(1.394497184458,3.779841749434),.PIECEWISE_BEZIER_KNOTS.);
#5417 = CARTESIAN_POINT('',(2.385344564976,-1.75));
#5418 = CARTESIAN_POINT('',(0.,-1.75));
#5419 = ( GEOMETRIC_REPRESENTATION_CONTEXT(2) 
PARAMETRIC_REPRESENTATION_CONTEXT() REPRESENTATION_CONTEXT('2D SPACE',''
  ) );
#5420 = ORIENTED_EDGE('',*,*,#5421,.F.);
#5421 = EDGE_CURVE('',#5422,#5396,#5424,.T.);
#5422 = VERTEX_POINT('',#5423);
#5423 = CARTESIAN_POINT('',(-169.5291713006,3.667558355652E-02,
    -5.174338933892));
#5424 = SURFACE_CURVE('',#5425,(#5429,#5435),.PCURVE_S1.);
#5425 = LINE('',#5426,#5427);
#5426 = CARTESIAN_POINT('',(-169.5291713006,-8.422112207369,
    -5.174338933892));
#5427 = VECTOR('',#5428,1.);
#5428 = DIRECTION('',(-2.719262146894E-32,-1.,1.224646799147E-16));
#5429 = PCURVE('',#5020,#5430);
#5430 = DEFINITIONAL_REPRESENTATION('',(#5431),#5434);
#5431 = B_SPLINE_CURVE_WITH_KNOTS('',1,(#5432,#5433),.UNSPECIFIED.,.F.,
  .F.,(2,2),(-8.458787790926,8.422112207369),.PIECEWISE_BEZIER_KNOTS.);
#5432 = CARTESIAN_POINT('',(5.174338933892,3.667558355652E-02));
#5433 = CARTESIAN_POINT('',(5.174338933892,-16.84422441473));
#5434 = ( GEOMETRIC_REPRESENTATION_CONTEXT(2) 
PARAMETRIC_REPRESENTATION_CONTEXT() REPRESENTATION_CONTEXT('2D SPACE',''
  ) );
#5435 = PCURVE('',#5436,#5441);
#5436 = PLANE('',#5437);
#5437 = AXIS2_PLACEMENT_3D('',#5438,#5439,#5440);
#5438 = CARTESIAN_POINT('',(-171.2791713006,-16.84422441473,
    -5.174338933892));
#5439 = DIRECTION('',(1.110223024625E-16,1.224646799147E-16,1.));
#5440 = DIRECTION('',(0.,1.,-1.224646799147E-16));
#5441 = DEFINITIONAL_REPRESENTATION('',(#5442),#5445);
#5442 = B_SPLINE_CURVE_WITH_KNOTS('',1,(#5443,#5444),.UNSPECIFIED.,.F.,
  .F.,(2,2),(-8.458787790926,8.422112207369),.PIECEWISE_BEZIER_KNOTS.);
#5443 = CARTESIAN_POINT('',(16.880899998295,-1.75));
#5444 = CARTESIAN_POINT('',(0.,-1.75));
#5445 = ( GEOMETRIC_REPRESENTATION_CONTEXT(2) 
PARAMETRIC_REPRESENTATION_CONTEXT() REPRESENTATION_CONTEXT('2D SPACE',''
  ) );
#5446 = ORIENTED_EDGE('',*,*,#5447,.F.);
#5447 = EDGE_CURVE('',#5448,#5422,#5450,.T.);
#5448 = VERTEX_POINT('',#5449);
#5449 = CARTESIAN_POINT('',(-169.5291713006,3.667558355652E-02,
    -1.321090021238));
#5450 = SURFACE_CURVE('',#5451,(#5455,#5461),.PCURVE_S1.);
#5451 = LINE('',#5452,#5453);
#5452 = CARTESIAN_POINT('',(-169.5291713006,3.667558355652E-02,
    -2.587169466946));
#5453 = VECTOR('',#5454,1.);
#5454 = DIRECTION('',(2.22044604925E-16,-1.224646799147E-16,-1.));
#5455 = PCURVE('',#5020,#5456);
#5456 = DEFINITIONAL_REPRESENTATION('',(#5457),#5460);
#5457 = B_SPLINE_CURVE_WITH_KNOTS('',1,(#5458,#5459),.UNSPECIFIED.,.F.,
  .F.,(2,2),(-1.266079445708,2.587169466946),.PIECEWISE_BEZIER_KNOTS.);
#5458 = CARTESIAN_POINT('',(1.321090021238,3.667558355652E-02));
#5459 = CARTESIAN_POINT('',(5.174338933892,3.667558355652E-02));
#5460 = ( GEOMETRIC_REPRESENTATION_CONTEXT(2) 
PARAMETRIC_REPRESENTATION_CONTEXT() REPRESENTATION_CONTEXT('2D SPACE',''
  ) );
#5461 = PCURVE('',#5462,#5467);
#5462 = PLANE('',#5463);
#5463 = AXIS2_PLACEMENT_3D('',#5464,#5465,#5466);
#5464 = CARTESIAN_POINT('',(-171.2791713006,3.667558355652E-02,
    -5.174338933892));
#5465 = DIRECTION('',(0.,-1.,1.224646799147E-16));
#5466 = DIRECTION('',(1.110223024625E-16,1.224646799147E-16,1.));
#5467 = DEFINITIONAL_REPRESENTATION('',(#5468),#5471);
#5468 = B_SPLINE_CURVE_WITH_KNOTS('',1,(#5469,#5470),.UNSPECIFIED.,.F.,
  .F.,(2,2),(-1.266079445708,2.587169466946),.PIECEWISE_BEZIER_KNOTS.);
#5469 = CARTESIAN_POINT('',(3.853248912654,-1.75));
#5470 = CARTESIAN_POINT('',(0.,-1.75));
#5471 = ( GEOMETRIC_REPRESENTATION_CONTEXT(2) 
PARAMETRIC_REPRESENTATION_CONTEXT() REPRESENTATION_CONTEXT('2D SPACE',''
  ) );
#5472 = ORIENTED_EDGE('',*,*,#5473,.F.);
#5473 = EDGE_CURVE('',#5474,#5448,#5476,.T.);
#5474 = VERTEX_POINT('',#5475);
#5475 = CARTESIAN_POINT('',(-169.5291713006,2.935810561892,
    -1.321090021238));
#5476 = SURFACE_CURVE('',#5477,(#5481,#5487),.PCURVE_S1.);
#5477 = LINE('',#5478,#5479);
#5478 = CARTESIAN_POINT('',(-169.5291713006,1.833779177826E-02,
    -1.321090021238));
#5479 = VECTOR('',#5480,1.);
#5480 = DIRECTION('',(-2.719262146894E-32,-1.,1.224646799147E-16));
#5481 = PCURVE('',#5020,#5482);
#5482 = DEFINITIONAL_REPRESENTATION('',(#5483),#5486);
#5483 = B_SPLINE_CURVE_WITH_KNOTS('',1,(#5484,#5485),.UNSPECIFIED.,.F.,
  .F.,(2,2),(-2.917472770114,-1.833779177826E-02),
  .PIECEWISE_BEZIER_KNOTS.);
#5484 = CARTESIAN_POINT('',(1.321090021238,2.935810561892));
#5485 = CARTESIAN_POINT('',(1.321090021238,3.667558355652E-02));
#5486 = ( GEOMETRIC_REPRESENTATION_CONTEXT(2) 
PARAMETRIC_REPRESENTATION_CONTEXT() REPRESENTATION_CONTEXT('2D SPACE',''
  ) );
#5487 = PCURVE('',#5488,#5493);
#5488 = PLANE('',#5489);
#5489 = AXIS2_PLACEMENT_3D('',#5490,#5491,#5492);
#5490 = CARTESIAN_POINT('',(-171.2791713006,3.667558355652E-02,
    -1.321090021238));
#5491 = DIRECTION('',(1.110223024625E-16,1.224646799147E-16,1.));
#5492 = DIRECTION('',(0.,1.,-1.224646799147E-16));
#5493 = DEFINITIONAL_REPRESENTATION('',(#5494),#5497);
#5494 = B_SPLINE_CURVE_WITH_KNOTS('',1,(#5495,#5496),.UNSPECIFIED.,.F.,
  .F.,(2,2),(-2.917472770114,-1.833779177826E-02),
  .PIECEWISE_BEZIER_KNOTS.);
#5495 = CARTESIAN_POINT('',(2.899134978336,-1.75));
#5496 = CARTESIAN_POINT('',(0.,-1.75));
#5497 = ( GEOMETRIC_REPRESENTATION_CONTEXT(2) 
PARAMETRIC_REPRESENTATION_CONTEXT() REPRESENTATION_CONTEXT('2D SPACE',''
  ) );
#5498 = ORIENTED_EDGE('',*,*,#5499,.F.);
#5499 = EDGE_CURVE('',#5500,#5474,#5502,.T.);
#5500 = VERTEX_POINT('',#5501);
#5501 = CARTESIAN_POINT('',(-169.5291713006,2.935810561892,
    -5.174338933892));
#5502 = SURFACE_CURVE('',#5503,(#5507,#5513),.PCURVE_S1.);
#5503 = LINE('',#5504,#5505);
#5504 = CARTESIAN_POINT('',(-169.5291713006,2.935810561892,
    -0.660545010619));
#5505 = VECTOR('',#5506,1.);
#5506 = DIRECTION('',(-2.22044604925E-16,1.224646799147E-16,1.));
#5507 = PCURVE('',#5020,#5508);
#5508 = DEFINITIONAL_REPRESENTATION('',(#5509),#5512);
#5509 = B_SPLINE_CURVE_WITH_KNOTS('',1,(#5510,#5511),.UNSPECIFIED.,.F.,
  .F.,(2,2),(-4.513793923273,-0.660545010619),.PIECEWISE_BEZIER_KNOTS.);
#5510 = CARTESIAN_POINT('',(5.174338933892,2.935810561892));
#5511 = CARTESIAN_POINT('',(1.321090021238,2.935810561892));
#5512 = ( GEOMETRIC_REPRESENTATION_CONTEXT(2) 
PARAMETRIC_REPRESENTATION_CONTEXT() REPRESENTATION_CONTEXT('2D SPACE',''
  ) );
#5513 = PCURVE('',#5514,#5519);
#5514 = PLANE('',#5515);
#5515 = AXIS2_PLACEMENT_3D('',#5516,#5517,#5518);
#5516 = CARTESIAN_POINT('',(-171.2791713006,2.935810561892,
    -1.321090021238));
#5517 = DIRECTION('',(0.,1.,-1.224646799147E-16));
#5518 = DIRECTION('',(-1.110223024625E-16,-1.224646799147E-16,-1.));
#5519 = DEFINITIONAL_REPRESENTATION('',(#5520),#5523);
#5520 = B_SPLINE_CURVE_WITH_KNOTS('',1,(#5521,#5522),.UNSPECIFIED.,.F.,
  .F.,(2,2),(-4.513793923273,-0.660545010619),.PIECEWISE_BEZIER_KNOTS.);
#5521 = CARTESIAN_POINT('',(3.853248912654,-1.75));
#5522 = CARTESIAN_POINT('',(0.,-1.75));
#5523 = ( GEOMETRIC_REPRESENTATION_CONTEXT(2) 
PARAMETRIC_REPRESENTATION_CONTEXT() REPRESENTATION_CONTEXT('2D SPACE',''
  ) );
#5524 = ORIENTED_EDGE('',*,*,#5525,.F.);
#5525 = EDGE_CURVE('',#5526,#5500,#5528,.T.);
#5526 = VERTEX_POINT('',#5527);
#5527 = CARTESIAN_POINT('',(-169.5291713006,9.174404039523,
    -5.174338933892));
#5528 = SURFACE_CURVE('',#5529,(#5533,#5539),.PCURVE_S1.);
#5529 = LINE('',#5530,#5531);
#5530 = CARTESIAN_POINT('',(-169.5291713006,1.467905280946,
    -5.174338933892));
#5531 = VECTOR('',#5532,1.);
#5532 = DIRECTION('',(-2.719262146894E-32,-1.,1.224646799147E-16));
#5533 = PCURVE('',#5020,#5534);
#5534 = DEFINITIONAL_REPRESENTATION('',(#5535),#5538);
#5535 = B_SPLINE_CURVE_WITH_KNOTS('',1,(#5536,#5537),.UNSPECIFIED.,.F.,
  .F.,(2,2),(-7.706498758577,-1.467905280946),.PIECEWISE_BEZIER_KNOTS.);
#5536 = CARTESIAN_POINT('',(5.174338933892,9.174404039523));
#5537 = CARTESIAN_POINT('',(5.174338933892,2.935810561892));
#5538 = ( GEOMETRIC_REPRESENTATION_CONTEXT(2) 
PARAMETRIC_REPRESENTATION_CONTEXT() REPRESENTATION_CONTEXT('2D SPACE',''
  ) );
#5539 = PCURVE('',#5540,#5545);
#5540 = PLANE('',#5541);
#5541 = AXIS2_PLACEMENT_3D('',#5542,#5543,#5544);
#5542 = CARTESIAN_POINT('',(-171.2791713006,2.935810561892,
    -5.174338933892));
#5543 = DIRECTION('',(1.110223024625E-16,1.224646799147E-16,1.));
#5544 = DIRECTION('',(0.,1.,-1.224646799147E-16));
#5545 = DEFINITIONAL_REPRESENTATION('',(#5546),#5549);
#5546 = B_SPLINE_CURVE_WITH_KNOTS('',1,(#5547,#5548),.UNSPECIFIED.,.F.,
  .F.,(2,2),(-7.706498758577,-1.467905280946),.PIECEWISE_BEZIER_KNOTS.);
#5547 = CARTESIAN_POINT('',(6.238593477631,-1.75));
#5548 = CARTESIAN_POINT('',(0.,-1.75));
#5549 = ( GEOMETRIC_REPRESENTATION_CONTEXT(2) 
PARAMETRIC_REPRESENTATION_CONTEXT() REPRESENTATION_CONTEXT('2D SPACE',''
  ) );
#5550 = ORIENTED_EDGE('',*,*,#5551,.F.);
#5551 = EDGE_CURVE('',#5292,#5526,#5552,.T.);
#5552 = SURFACE_CURVE('',#5553,(#5557,#5563),.PCURVE_S1.);
#5553 = LINE('',#5554,#5555);
#5554 = CARTESIAN_POINT('',(-169.5291713006,9.174404039523,
    -2.587169466946));
#5555 = VECTOR('',#5556,1.);
#5556 = DIRECTION('',(-2.22044604925E-16,1.224646799147E-16,1.));
#5557 = PCURVE('',#5020,#5558);
#5558 = DEFINITIONAL_REPRESENTATION('',(#5559),#5562);
#5559 = B_SPLINE_CURVE_WITH_KNOTS('',1,(#5560,#5561),.UNSPECIFIED.,.F.,
  .F.,(2,2),(-5.816606815182,-2.587169466946),.PIECEWISE_BEZIER_KNOTS.);
#5560 = CARTESIAN_POINT('',(8.403776282128,9.174404039523));
#5561 = CARTESIAN_POINT('',(5.174338933892,9.174404039523));
#5562 = ( GEOMETRIC_REPRESENTATION_CONTEXT(2) 
PARAMETRIC_REPRESENTATION_CONTEXT() REPRESENTATION_CONTEXT('2D SPACE',''
  ) );
#5563 = PCURVE('',#5564,#5569);
#5564 = PLANE('',#5565);
#5565 = AXIS2_PLACEMENT_3D('',#5566,#5567,#5568);
#5566 = CARTESIAN_POINT('',(-171.2791713006,9.174404039523,
    -5.174338933892));
#5567 = DIRECTION('',(0.,1.,-1.224646799147E-16));
#5568 = DIRECTION('',(-1.110223024625E-16,-1.224646799147E-16,-1.));
#5569 = DEFINITIONAL_REPRESENTATION('',(#5570),#5573);
#5570 = B_SPLINE_CURVE_WITH_KNOTS('',1,(#5571,#5572),.UNSPECIFIED.,.F.,
  .F.,(2,2),(-5.816606815182,-2.587169466946),.PIECEWISE_BEZIER_KNOTS.);
#5571 = CARTESIAN_POINT('',(3.229437348236,-1.75));
#5572 = CARTESIAN_POINT('',(0.,-1.75));
#5573 = ( GEOMETRIC_REPRESENTATION_CONTEXT(2) 
PARAMETRIC_REPRESENTATION_CONTEXT() REPRESENTATION_CONTEXT('2D SPACE',''
  ) );
#5574 = FACE_BOUND('',#5575,.T.);
#5575 = EDGE_LOOP('',(#5576,#5641,#5713,#5788,#5845,#5896,#6043,#6124,
    #6226,#6328));
#5576 = ORIENTED_EDGE('',*,*,#5577,.F.);
#5577 = EDGE_CURVE('',#5578,#5580,#5582,.T.);
#5578 = VERTEX_POINT('',#5579);
#5579 = CARTESIAN_POINT('',(-169.5291713006,-9.174400306449,
    2.128509087477));
#5580 = VERTEX_POINT('',#5581);
#5581 = CARTESIAN_POINT('',(-169.5291713006,-3.412923525159,
    1.578044957098));
#5582 = SURFACE_CURVE('',#5583,(#5598,#5616),.PCURVE_S1.);
#5583 = B_SPLINE_CURVE_WITH_KNOTS('',4,(#5584,#5585,#5586,#5587,#5588,
    #5589,#5590,#5591,#5592,#5593,#5594,#5595,#5596,#5597),
  .UNSPECIFIED.,.F.,.F.,(5,3,3,3,5),(0.,0.228949771164,0.471168971527,
    0.728338410277,1.),.UNSPECIFIED.);
#5584 = CARTESIAN_POINT('',(-169.5291713006,-9.174400306449,
    2.128509087477));
#5585 = CARTESIAN_POINT('',(-169.5291713006,-8.851590801849,
    2.057302472006));
#5586 = CARTESIAN_POINT('',(-169.5291713006,-8.526837719018,
    1.993703628186));
#5587 = CARTESIAN_POINT('',(-169.5291713006,-8.20058516605,
    1.937066871728));
#5588 = CARTESIAN_POINT('',(-169.5291713006,-7.526684049777,
    1.833734778428));
#5589 = CARTESIAN_POINT('',(-169.5291713006,-7.178894407298,
    1.787805606908));
#5590 = CARTESIAN_POINT('',(-169.5291713006,-6.830101340149,
    1.748434533134));
#5591 = CARTESIAN_POINT('',(-169.5291713006,-6.10937476285,
    1.679730830577));
#5592 = CARTESIAN_POINT('',(-169.5291713006,-5.737344430632,
    1.651166968652));
#5593 = CARTESIAN_POINT('',(-169.5291713006,-5.364702193647,1.6288090039
    ));
#5594 = CARTESIAN_POINT('',(-169.5291713006,-4.597503757575,
    1.594602154661));
#5595 = CARTESIAN_POINT('',(-169.5291713006,-4.202898233514,
    1.583415388322));
#5596 = CARTESIAN_POINT('',(-169.5291713006,-3.807997430594,
    1.578044957098));
#5597 = CARTESIAN_POINT('',(-169.5291713006,-3.412923525159,
    1.578044957098));
#5598 = PCURVE('',#5020,#5599);
#5599 = DEFINITIONAL_REPRESENTATION('',(#5600),#5615);
#5600 = B_SPLINE_CURVE_WITH_KNOTS('',4,(#5601,#5602,#5603,#5604,#5605,
    #5606,#5607,#5608,#5609,#5610,#5611,#5612,#5613,#5614),
  .UNSPECIFIED.,.F.,.F.,(5,3,3,3,5),(0.,0.228949771164,0.471168971527,
    0.728338410277,1.),.UNSPECIFIED.);
#5601 = CARTESIAN_POINT('',(-2.128509087477,-9.174400306449));
#5602 = CARTESIAN_POINT('',(-2.057302472006,-8.851590801849));
#5603 = CARTESIAN_POINT('',(-1.993703628186,-8.526837719018));
#5604 = CARTESIAN_POINT('',(-1.937066871728,-8.20058516605));
#5605 = CARTESIAN_POINT('',(-1.833734778428,-7.526684049777));
#5606 = CARTESIAN_POINT('',(-1.787805606908,-7.178894407298));
#5607 = CARTESIAN_POINT('',(-1.748434533134,-6.830101340149));
#5608 = CARTESIAN_POINT('',(-1.679730830577,-6.10937476285));
#5609 = CARTESIAN_POINT('',(-1.651166968652,-5.737344430632));
#5610 = CARTESIAN_POINT('',(-1.6288090039,-5.364702193647));
#5611 = CARTESIAN_POINT('',(-1.594602154661,-4.597503757575));
#5612 = CARTESIAN_POINT('',(-1.583415388322,-4.202898233514));
#5613 = CARTESIAN_POINT('',(-1.578044957098,-3.807997430594));
#5614 = CARTESIAN_POINT('',(-1.578044957098,-3.412923525159));
#5615 = ( GEOMETRIC_REPRESENTATION_CONTEXT(2) 
PARAMETRIC_REPRESENTATION_CONTEXT() REPRESENTATION_CONTEXT('2D SPACE',''
  ) );
#5616 = PCURVE('',#5617,#5624);
#5617 = SURFACE_OF_LINEAR_EXTRUSION('',#5618,#5622);
#5618 = B_SPLINE_CURVE_WITH_KNOTS('',2,(#5619,#5620,#5621),
  .UNSPECIFIED.,.F.,.F.,(3,3),(0.,1.),.PIECEWISE_BEZIER_KNOTS.);
#5619 = CARTESIAN_POINT('',(-171.2791713006,-3.412923525159,
    1.578044957098));
#5620 = CARTESIAN_POINT('',(-171.2791713006,-6.678915132052,
    1.578044957098));
#5621 = CARTESIAN_POINT('',(-171.2791713006,-9.174400306449,
    2.128509087477));
#5622 = VECTOR('',#5623,1.);
#5623 = DIRECTION('',(-1.,1.359631073447E-32,1.110223024625E-16));
#5624 = DEFINITIONAL_REPRESENTATION('',(#5625),#5640);
#5625 = B_SPLINE_CURVE_WITH_KNOTS('',4,(#5626,#5627,#5628,#5629,#5630,
    #5631,#5632,#5633,#5634,#5635,#5636,#5637,#5638,#5639),
  .UNSPECIFIED.,.F.,.F.,(5,3,3,3,5),(0.,0.228949771164,0.471168971527,
    0.728338410277,1.),.UNSPECIFIED.);
#5626 = CARTESIAN_POINT('',(1.,-1.75));
#5627 = CARTESIAN_POINT('',(0.935321293849,-1.75));
#5628 = CARTESIAN_POINT('',(0.87197531018,-1.75));
#5629 = CARTESIAN_POINT('',(0.809891674999,-1.75));
#5630 = CARTESIAN_POINT('',(0.684579176375,-1.75));
#5631 = CARTESIAN_POINT('',(0.621492896389,-1.75));
#5632 = CARTESIAN_POINT('',(0.55965833492,-1.75));
#5633 = CARTESIAN_POINT('',(0.434597715113,-1.75));
#5634 = CARTESIAN_POINT('',(0.371521573163,-1.75));
#5635 = CARTESIAN_POINT('',(0.309681615522,-1.75));
#5636 = CARTESIAN_POINT('',(0.184898821339,-1.75));
#5637 = CARTESIAN_POINT('',(0.122090318884,-1.75));
#5638 = CARTESIAN_POINT('',(6.048299459831E-02,-1.75));
#5639 = CARTESIAN_POINT('',(0.,-1.75));
#5640 = ( GEOMETRIC_REPRESENTATION_CONTEXT(2) 
PARAMETRIC_REPRESENTATION_CONTEXT() REPRESENTATION_CONTEXT('2D SPACE',''
  ) );
#5641 = ORIENTED_EDGE('',*,*,#5642,.F.);
#5642 = EDGE_CURVE('',#5643,#5578,#5645,.T.);
#5643 = VERTEX_POINT('',#5644);
#5644 = CARTESIAN_POINT('',(-169.5291713006,-13.08271952381,
    3.523006271935));
#5645 = SURFACE_CURVE('',#5646,(#5664,#5685),.PCURVE_S1.);
#5646 = B_SPLINE_CURVE_WITH_KNOTS('',6,(#5647,#5648,#5649,#5650,#5651,
    #5652,#5653,#5654,#5655,#5656,#5657,#5658,#5659,#5660,#5661,#5662,
    #5663),.UNSPECIFIED.,.F.,.F.,(7,5,5,7),(0.,0.387187180544,
    0.850523332913,1.),.UNSPECIFIED.);
#5647 = CARTESIAN_POINT('',(-169.5291713006,-13.08271952381,
    3.523006271935));
#5648 = CARTESIAN_POINT('',(-169.5291713006,-12.85549466488,
    3.387261176747));
#5649 = CARTESIAN_POINT('',(-169.5291713006,-12.62101740415,
    3.261776927577));
#5650 = CARTESIAN_POINT('',(-169.5291713006,-12.38094329664,
    3.145245320093));
#5651 = CARTESIAN_POINT('',(-169.5291713006,-12.13647325133,
    3.036658532973));
#5652 = CARTESIAN_POINT('',(-169.5291713006,-11.88845191716,
    2.935145291439));
#5653 = CARTESIAN_POINT('',(-169.5291713006,-11.33692212882,
    2.726038484723));
#5654 = CARTESIAN_POINT('',(-169.5291713006,-11.0321983299,
    2.621214239981));
#5655 = CARTESIAN_POINT('',(-169.5291713006,-10.72416913536,
    2.524217741065));
#5656 = CARTESIAN_POINT('',(-169.5291713006,-10.41351624669,
    2.43414318633));
#5657 = CARTESIAN_POINT('',(-169.5291713006,-10.1007212165,2.35023982133
    ));
#5658 = CARTESIAN_POINT('',(-169.5291713006,-9.684566333847,
    2.246609299109));
#5659 = CARTESIAN_POINT('',(-169.5291713006,-9.582868765189,
    2.221910235064));
#5660 = CARTESIAN_POINT('',(-169.5291713006,-9.480993302933,
    2.197769163734));
#5661 = CARTESIAN_POINT('',(-169.5291713006,-9.378950533161,
    2.174166966317));
#5662 = CARTESIAN_POINT('',(-169.5291713006,-9.276750020165,
    2.151085797904));
#5663 = CARTESIAN_POINT('',(-169.5291713006,-9.174400306449,
    2.128509087477));
#5664 = PCURVE('',#5020,#5665);
#5665 = DEFINITIONAL_REPRESENTATION('',(#5666),#5684);
#5666 = B_SPLINE_CURVE_WITH_KNOTS('',6,(#5667,#5668,#5669,#5670,#5671,
    #5672,#5673,#5674,#5675,#5676,#5677,#5678,#5679,#5680,#5681,#5682,
    #5683),.UNSPECIFIED.,.F.,.F.,(7,5,5,7),(0.,0.387187180544,
    0.850523332913,1.),.UNSPECIFIED.);
#5667 = CARTESIAN_POINT('',(-3.523006271935,-13.08271952381));
#5668 = CARTESIAN_POINT('',(-3.387261176747,-12.85549466488));
#5669 = CARTESIAN_POINT('',(-3.261776927576,-12.62101740415));
#5670 = CARTESIAN_POINT('',(-3.145245320093,-12.38094329664));
#5671 = CARTESIAN_POINT('',(-3.036658532973,-12.13647325133));
#5672 = CARTESIAN_POINT('',(-2.935145291439,-11.88845191716));
#5673 = CARTESIAN_POINT('',(-2.726038484723,-11.33692212882));
#5674 = CARTESIAN_POINT('',(-2.621214239981,-11.0321983299));
#5675 = CARTESIAN_POINT('',(-2.524217741065,-10.72416913536));
#5676 = CARTESIAN_POINT('',(-2.43414318633,-10.41351624669));
#5677 = CARTESIAN_POINT('',(-2.35023982133,-10.1007212165));
#5678 = CARTESIAN_POINT('',(-2.246609299109,-9.684566333847));
#5679 = CARTESIAN_POINT('',(-2.221910235064,-9.582868765189));
#5680 = CARTESIAN_POINT('',(-2.197769163734,-9.480993302933));
#5681 = CARTESIAN_POINT('',(-2.174166966317,-9.378950533161));
#5682 = CARTESIAN_POINT('',(-2.151085797904,-9.276750020165));
#5683 = CARTESIAN_POINT('',(-2.128509087477,-9.174400306449));
#5684 = ( GEOMETRIC_REPRESENTATION_CONTEXT(2) 
PARAMETRIC_REPRESENTATION_CONTEXT() REPRESENTATION_CONTEXT('2D SPACE',''
  ) );
#5685 = PCURVE('',#5686,#5693);
#5686 = SURFACE_OF_LINEAR_EXTRUSION('',#5687,#5691);
#5687 = B_SPLINE_CURVE_WITH_KNOTS('',2,(#5688,#5689,#5690),
  .UNSPECIFIED.,.F.,.F.,(3,3),(0.,1.),.PIECEWISE_BEZIER_KNOTS.);
#5688 = CARTESIAN_POINT('',(-171.2791713006,-9.174400306449,
    2.128509087477));
#5689 = CARTESIAN_POINT('',(-171.2791713006,-11.66988548084,
    2.678973217857));
#5690 = CARTESIAN_POINT('',(-171.2791713006,-13.08271952381,
    3.523006271935));
#5691 = VECTOR('',#5692,1.);
#5692 = DIRECTION('',(-1.,1.359631073447E-32,1.110223024625E-16));
#5693 = DEFINITIONAL_REPRESENTATION('',(#5694),#5712);
#5694 = B_SPLINE_CURVE_WITH_KNOTS('',6,(#5695,#5696,#5697,#5698,#5699,
    #5700,#5701,#5702,#5703,#5704,#5705,#5706,#5707,#5708,#5709,#5710,
    #5711),.UNSPECIFIED.,.F.,.F.,(7,5,5,7),(0.,0.387187180544,
    0.850523332913,1.),.UNSPECIFIED.);
#5695 = CARTESIAN_POINT('',(1.,-1.75));
#5696 = CARTESIAN_POINT('',(0.919585438904,-1.75));
#5697 = CARTESIAN_POINT('',(0.842550421672,-1.75));
#5698 = CARTESIAN_POINT('',(0.768544828195,-1.75));
#5699 = CARTESIAN_POINT('',(0.697290699359,-1.75));
#5700 = CARTESIAN_POINT('',(0.628526351369,-1.75));
#5701 = CARTESIAN_POINT('',(0.482389761791,-1.75));
#5702 = CARTESIAN_POINT('',(0.406011613586,-1.75));
#5703 = CARTESIAN_POINT('',(0.332457715134,-1.75));
#5704 = CARTESIAN_POINT('',(0.261434311441,-1.75));
#5705 = CARTESIAN_POINT('',(0.192688708793,-1.75));
#5706 = CARTESIAN_POINT('',(0.104485585742,-1.75));
#5707 = CARTESIAN_POINT('',(8.318589981675E-02,-1.75));
#5708 = CARTESIAN_POINT('',(6.209391563107E-02,-1.75));
#5709 = CARTESIAN_POINT('',(4.120301275339E-02,-1.75));
#5710 = CARTESIAN_POINT('',(2.050697691295E-02,-1.75));
#5711 = CARTESIAN_POINT('',(0.,-1.75));
#5712 = ( GEOMETRIC_REPRESENTATION_CONTEXT(2) 
PARAMETRIC_REPRESENTATION_CONTEXT() REPRESENTATION_CONTEXT('2D SPACE',''
  ) );
#5713 = ORIENTED_EDGE('',*,*,#5714,.F.);
#5714 = EDGE_CURVE('',#5715,#5643,#5717,.T.);
#5715 = VERTEX_POINT('',#5716);
#5716 = CARTESIAN_POINT('',(-169.5291713006,-15.37632006706,
    5.541374749992));
#5717 = SURFACE_CURVE('',#5718,(#5737,#5759),.PCURVE_S1.);
#5718 = B_SPLINE_CURVE_WITH_KNOTS('',5,(#5719,#5720,#5721,#5722,#5723,
    #5724,#5725,#5726,#5727,#5728,#5729,#5730,#5731,#5732,#5733,#5734,
    #5735,#5736),.UNSPECIFIED.,.F.,.F.,(6,4,4,4,6),(0.,0.242177313254,
    0.487792497126,0.7400602213,1.),.UNSPECIFIED.);
#5719 = CARTESIAN_POINT('',(-169.5291713006,-15.37632006706,
    5.541374749992));
#5720 = CARTESIAN_POINT('',(-169.5291713006,-15.28736933696,
    5.42277578726));
#5721 = CARTESIAN_POINT('',(-169.5291713006,-15.19521485166,
    5.306533574872));
#5722 = CARTESIAN_POINT('',(-169.5291713006,-15.09996210121,
    5.192730564663));
#5723 = CARTESIAN_POINT('',(-169.5291713006,-15.00173072199,
    5.081428366195));
#5724 = CARTESIAN_POINT('',(-169.5291713006,-14.798143426,4.862363196837
    ));
#5725 = CARTESIAN_POINT('',(-169.5291713006,-14.69270529101,
    4.754672434628));
#5726 = CARTESIAN_POINT('',(-169.5291713006,-14.58447810726,
    4.649638329491));
#5727 = CARTESIAN_POINT('',(-169.5291713006,-14.47360796555,
    4.547279547117));
#5728 = CARTESIAN_POINT('',(-169.5291713006,-14.24380660463,
    4.345214286949));
#5729 = CARTESIAN_POINT('',(-169.5291713006,-14.12473804828,
    4.245654447687));
#5730 = CARTESIAN_POINT('',(-169.5291713006,-14.00319639878,
    4.148917721169));
#5731 = CARTESIAN_POINT('',(-169.5291713006,-13.87934050094,
    4.054982735146));
#5732 = CARTESIAN_POINT('',(-169.5291713006,-13.62347129997,
    3.869872223727));
#5733 = CARTESIAN_POINT('',(-169.5291713006,-13.49132445008,
    3.778867490531));
#5734 = CARTESIAN_POINT('',(-169.5291713006,-13.35704727585,
    3.69076012099));
#5735 = CARTESIAN_POINT('',(-169.5291713006,-13.22079742257,
    3.60549459473));
#5736 = CARTESIAN_POINT('',(-169.5291713006,-13.08271952381,
    3.523006271935));
#5737 = PCURVE('',#5020,#5738);
#5738 = DEFINITIONAL_REPRESENTATION('',(#5739),#5758);
#5739 = B_SPLINE_CURVE_WITH_KNOTS('',5,(#5740,#5741,#5742,#5743,#5744,
    #5745,#5746,#5747,#5748,#5749,#5750,#5751,#5752,#5753,#5754,#5755,
    #5756,#5757),.UNSPECIFIED.,.F.,.F.,(6,4,4,4,6),(0.,0.242177313254,
    0.487792497126,0.7400602213,1.),.UNSPECIFIED.);
#5740 = CARTESIAN_POINT('',(-5.541374749992,-15.37632006706));
#5741 = CARTESIAN_POINT('',(-5.42277578726,-15.28736933696));
#5742 = CARTESIAN_POINT('',(-5.306533574872,-15.19521485166));
#5743 = CARTESIAN_POINT('',(-5.192730564663,-15.09996210121));
#5744 = CARTESIAN_POINT('',(-5.081428366195,-15.00173072199));
#5745 = CARTESIAN_POINT('',(-4.862363196837,-14.798143426));
#5746 = CARTESIAN_POINT('',(-4.754672434628,-14.69270529101));
#5747 = CARTESIAN_POINT('',(-4.649638329491,-14.58447810726));
#5748 = CARTESIAN_POINT('',(-4.547279547117,-14.47360796555));
#5749 = CARTESIAN_POINT('',(-4.345214286949,-14.24380660463));
#5750 = CARTESIAN_POINT('',(-4.245654447687,-14.12473804828));
#5751 = CARTESIAN_POINT('',(-4.148917721169,-14.00319639878));
#5752 = CARTESIAN_POINT('',(-4.054982735146,-13.87934050094));
#5753 = CARTESIAN_POINT('',(-3.869872223727,-13.62347129997));
#5754 = CARTESIAN_POINT('',(-3.778867490531,-13.49132445008));
#5755 = CARTESIAN_POINT('',(-3.69076012099,-13.35704727585));
#5756 = CARTESIAN_POINT('',(-3.60549459473,-13.22079742257));
#5757 = CARTESIAN_POINT('',(-3.523006271935,-13.08271952381));
#5758 = ( GEOMETRIC_REPRESENTATION_CONTEXT(2) 
PARAMETRIC_REPRESENTATION_CONTEXT() REPRESENTATION_CONTEXT('2D SPACE',''
  ) );
#5759 = PCURVE('',#5760,#5767);
#5760 = SURFACE_OF_LINEAR_EXTRUSION('',#5761,#5765);
#5761 = B_SPLINE_CURVE_WITH_KNOTS('',2,(#5762,#5763,#5764),
  .UNSPECIFIED.,.F.,.F.,(3,3),(0.,1.),.PIECEWISE_BEZIER_KNOTS.);
#5762 = CARTESIAN_POINT('',(-171.2791713006,-13.08271952381,
    3.523006271935));
#5763 = CARTESIAN_POINT('',(-171.2791713006,-14.49555356678,
    4.367039326014));
#5764 = CARTESIAN_POINT('',(-171.2791713006,-15.37632006706,
    5.541374749992));
#5765 = VECTOR('',#5766,1.);
#5766 = DIRECTION('',(-1.,1.359631073447E-32,1.110223024625E-16));
#5767 = DEFINITIONAL_REPRESENTATION('',(#5768),#5787);
#5768 = B_SPLINE_CURVE_WITH_KNOTS('',5,(#5769,#5770,#5771,#5772,#5773,
    #5774,#5775,#5776,#5777,#5778,#5779,#5780,#5781,#5782,#5783,#5784,
    #5785,#5786),.UNSPECIFIED.,.F.,.F.,(6,4,4,4,6),(0.,0.242177313254,
    0.487792497126,0.7400602213,1.),.UNSPECIFIED.);
#5769 = CARTESIAN_POINT('',(1.,-1.75));
#5770 = CARTESIAN_POINT('',(0.949503795802,-1.75));
#5771 = CARTESIAN_POINT('',(0.899114467657,-1.75));
#5772 = CARTESIAN_POINT('',(0.848874993447,-1.75));
#5773 = CARTESIAN_POINT('',(0.798824847382,-1.75));
#5774 = CARTESIAN_POINT('',(0.69846785524,-1.75));
#5775 = CARTESIAN_POINT('',(0.648167158813,-1.75));
#5776 = CARTESIAN_POINT('',(0.59813525532,-1.75));
#5777 = CARTESIAN_POINT('',(0.548403914274,-1.75));
#5778 = CARTESIAN_POINT('',(0.448257970037,-1.75));
#5779 = CARTESIAN_POINT('',(0.397861198677,-1.75));
#5780 = CARTESIAN_POINT('',(0.347838558822,-1.75));
#5781 = CARTESIAN_POINT('',(0.298212488674,-1.75));
#5782 = CARTESIAN_POINT('',(0.198290843856,-1.75));
#5783 = CARTESIAN_POINT('',(0.1480208015,-1.75));
#5784 = CARTESIAN_POINT('',(9.820827840976E-02,-1.75));
#5785 = CARTESIAN_POINT('',(4.886557605577E-02,-1.75));
#5786 = CARTESIAN_POINT('',(0.,-1.75));
#5787 = ( GEOMETRIC_REPRESENTATION_CONTEXT(2) 
PARAMETRIC_REPRESENTATION_CONTEXT() REPRESENTATION_CONTEXT('2D SPACE',''
  ) );
#5788 = ORIENTED_EDGE('',*,*,#5789,.F.);
#5789 = EDGE_CURVE('',#5790,#5715,#5792,.T.);
#5790 = VERTEX_POINT('',#5791);
#5791 = CARTESIAN_POINT('',(-169.5291713006,-16.55065549103,
    7.798241847038));
#5792 = SURFACE_CURVE('',#5793,(#5806,#5822),.PCURVE_S1.);
#5793 = B_SPLINE_CURVE_WITH_KNOTS('',6,(#5794,#5795,#5796,#5797,#5798,
    #5799,#5800,#5801,#5802,#5803,#5804,#5805),.UNSPECIFIED.,.F.,.F.,(7,
    5,7),(0.,0.309441958941,1.),.UNSPECIFIED.);
#5794 = CARTESIAN_POINT('',(-169.5291713006,-16.55065549103,
    7.798241847038));
#5795 = CARTESIAN_POINT('',(-169.5291713006,-16.51676599452,
    7.673274759591));
#5796 = CARTESIAN_POINT('',(-169.5291713006,-16.47860463735,
    7.549134738682));
#5797 = CARTESIAN_POINT('',(-169.5291713006,-16.43641244617,
    7.425932010695));
#5798 = CARTESIAN_POINT('',(-169.5291713006,-16.39043505596,
    7.303748585971));
#5799 = CARTESIAN_POINT('',(-169.5291713006,-16.34091201071,
    7.182640982588));
#5800 = CARTESIAN_POINT('',(-169.5291713006,-16.17013379186,
    6.794852484669));
#5801 = CARTESIAN_POINT('',(-169.5291713006,-16.03568303917,
    6.532655388704));
#5802 = CARTESIAN_POINT('',(-169.5291713006,-15.88715914392,
    6.276301249249));
#5803 = CARTESIAN_POINT('',(-169.5291713006,-15.72669708891,
    6.025793185004));
#5804 = CARTESIAN_POINT('',(-169.5291713006,-15.55599879919,
    5.780942331203));
#5805 = CARTESIAN_POINT('',(-169.5291713006,-15.37632006706,
    5.541374749992));
#5806 = PCURVE('',#5020,#5807);
#5807 = DEFINITIONAL_REPRESENTATION('',(#5808),#5821);
#5808 = B_SPLINE_CURVE_WITH_KNOTS('',6,(#5809,#5810,#5811,#5812,#5813,
    #5814,#5815,#5816,#5817,#5818,#5819,#5820),.UNSPECIFIED.,.F.,.F.,(7,
    5,7),(0.,0.309441958941,1.),.UNSPECIFIED.);
#5809 = CARTESIAN_POINT('',(-7.798241847038,-16.55065549103));
#5810 = CARTESIAN_POINT('',(-7.673274759591,-16.51676599452));
#5811 = CARTESIAN_POINT('',(-7.549134738682,-16.47860463735));
#5812 = CARTESIAN_POINT('',(-7.425932010695,-16.43641244617));
#5813 = CARTESIAN_POINT('',(-7.303748585971,-16.39043505596));
#5814 = CARTESIAN_POINT('',(-7.182640982588,-16.34091201071));
#5815 = CARTESIAN_POINT('',(-6.794852484669,-16.17013379186));
#5816 = CARTESIAN_POINT('',(-6.532655388704,-16.03568303917));
#5817 = CARTESIAN_POINT('',(-6.276301249249,-15.88715914392));
#5818 = CARTESIAN_POINT('',(-6.025793185004,-15.72669708891));
#5819 = CARTESIAN_POINT('',(-5.780942331203,-15.55599879919));
#5820 = CARTESIAN_POINT('',(-5.541374749992,-15.37632006706));
#5821 = ( GEOMETRIC_REPRESENTATION_CONTEXT(2) 
PARAMETRIC_REPRESENTATION_CONTEXT() REPRESENTATION_CONTEXT('2D SPACE',''
  ) );
#5822 = PCURVE('',#5823,#5830);
#5823 = SURFACE_OF_LINEAR_EXTRUSION('',#5824,#5828);
#5824 = B_SPLINE_CURVE_WITH_KNOTS('',2,(#5825,#5826,#5827),
  .UNSPECIFIED.,.F.,.F.,(3,3),(0.,1.),.PIECEWISE_BEZIER_KNOTS.);
#5825 = CARTESIAN_POINT('',(-171.2791713006,-15.37632006706,
    5.541374749992));
#5826 = CARTESIAN_POINT('',(-171.2791713006,-16.25708656733,
    6.715710173971));
#5827 = CARTESIAN_POINT('',(-171.2791713006,-16.55065549103,
    7.798241847038));
#5828 = VECTOR('',#5829,1.);
#5829 = DIRECTION('',(-1.,1.359631073447E-32,1.110223024625E-16));
#5830 = DEFINITIONAL_REPRESENTATION('',(#5831),#5844);
#5831 = B_SPLINE_CURVE_WITH_KNOTS('',6,(#5832,#5833,#5834,#5835,#5836,
    #5837,#5838,#5839,#5840,#5841,#5842,#5843),.UNSPECIFIED.,.F.,.F.,(7,
    5,7),(0.,0.309441958941,1.),.UNSPECIFIED.);
#5832 = CARTESIAN_POINT('',(1.,-1.75));
#5833 = CARTESIAN_POINT('',(0.942280170384,-1.75));
#5834 = CARTESIAN_POINT('',(0.885281394623,-1.75));
#5835 = CARTESIAN_POINT('',(0.829038662753,-1.75));
#5836 = CARTESIAN_POINT('',(0.773573007853,-1.75));
#5837 = CARTESIAN_POINT('',(0.718893626632,-1.75));
#5838 = CARTESIAN_POINT('',(0.544729700007,-1.75));
#5839 = CARTESIAN_POINT('',(0.428402884942,-1.75));
#5840 = CARTESIAN_POINT('',(0.315955538771,-1.75));
#5841 = CARTESIAN_POINT('',(0.207228169803,-1.75));
#5842 = CARTESIAN_POINT('',(0.102001343193,-1.75));
#5843 = CARTESIAN_POINT('',(0.,-1.75));
#5844 = ( GEOMETRIC_REPRESENTATION_CONTEXT(2) 
PARAMETRIC_REPRESENTATION_CONTEXT() REPRESENTATION_CONTEXT('2D SPACE',''
  ) );
#5845 = ORIENTED_EDGE('',*,*,#5846,.F.);
#5846 = EDGE_CURVE('',#5847,#5790,#5849,.T.);
#5847 = VERTEX_POINT('',#5848);
#5848 = CARTESIAN_POINT('',(-169.5291713006,-16.84422441473,
    10.091842390285));
#5849 = SURFACE_CURVE('',#5850,(#5861,#5875),.PCURVE_S1.);
#5850 = B_SPLINE_CURVE_WITH_KNOTS('',5,(#5851,#5852,#5853,#5854,#5855,
    #5856,#5857,#5858,#5859,#5860),.UNSPECIFIED.,.F.,.F.,(6,4,6),(0.,
    0.508167139818,1.),.UNSPECIFIED.);
#5851 = CARTESIAN_POINT('',(-169.5291713006,-16.84422441473,
    10.091842390285));
#5852 = CARTESIAN_POINT('',(-169.5291713006,-16.84422441473,
    9.854581696055));
#5853 = CARTESIAN_POINT('',(-169.5291713006,-16.83718223401,
    9.617769327404));
#5854 = CARTESIAN_POINT('',(-169.5291713006,-16.82278535693,
    9.381671321238));
#5855 = CARTESIAN_POINT('',(-169.5291713006,-16.80074354406,
    9.146599830298));
#5856 = CARTESIAN_POINT('',(-169.5291713006,-16.74188227991,
    8.686727491842));
#5857 = CARTESIAN_POINT('',(-169.5291713006,-16.70556036245,
    8.461837252382));
#5858 = CARTESIAN_POINT('',(-169.5291713006,-16.66166340528,
    8.238560644629));
#5859 = CARTESIAN_POINT('',(-169.5291713006,-16.61004578453,
    8.017242799072));
#5860 = CARTESIAN_POINT('',(-169.5291713006,-16.55065549103,
    7.798241847038));
#5861 = PCURVE('',#5020,#5862);
#5862 = DEFINITIONAL_REPRESENTATION('',(#5863),#5874);
#5863 = B_SPLINE_CURVE_WITH_KNOTS('',5,(#5864,#5865,#5866,#5867,#5868,
    #5869,#5870,#5871,#5872,#5873),.UNSPECIFIED.,.F.,.F.,(6,4,6),(0.,
    0.508167139818,1.),.UNSPECIFIED.);
#5864 = CARTESIAN_POINT('',(-10.09184239028,-16.84422441473));
#5865 = CARTESIAN_POINT('',(-9.854581696055,-16.84422441473));
#5866 = CARTESIAN_POINT('',(-9.617769327404,-16.83718223401));
#5867 = CARTESIAN_POINT('',(-9.381671321238,-16.82278535693));
#5868 = CARTESIAN_POINT('',(-9.146599830298,-16.80074354406));
#5869 = CARTESIAN_POINT('',(-8.686727491842,-16.74188227991));
#5870 = CARTESIAN_POINT('',(-8.461837252382,-16.70556036245));
#5871 = CARTESIAN_POINT('',(-8.238560644629,-16.66166340528));
#5872 = CARTESIAN_POINT('',(-8.017242799072,-16.61004578453));
#5873 = CARTESIAN_POINT('',(-7.798241847038,-16.55065549103));
#5874 = ( GEOMETRIC_REPRESENTATION_CONTEXT(2) 
PARAMETRIC_REPRESENTATION_CONTEXT() REPRESENTATION_CONTEXT('2D SPACE',''
  ) );
#5875 = PCURVE('',#5876,#5883);
#5876 = SURFACE_OF_LINEAR_EXTRUSION('',#5877,#5881);
#5877 = B_SPLINE_CURVE_WITH_KNOTS('',2,(#5878,#5879,#5880),
  .UNSPECIFIED.,.F.,.F.,(3,3),(0.,1.),.PIECEWISE_BEZIER_KNOTS.);
#5878 = CARTESIAN_POINT('',(-171.2791713006,-16.55065549103,
    7.798241847038));
#5879 = CARTESIAN_POINT('',(-171.2791713006,-16.84422441473,
    8.880773520106));
#5880 = CARTESIAN_POINT('',(-171.2791713006,-16.84422441473,
    10.091842390285));
#5881 = VECTOR('',#5882,1.);
#5882 = DIRECTION('',(-1.,1.359631073447E-32,1.110223024625E-16));
#5883 = DEFINITIONAL_REPRESENTATION('',(#5884),#5895);
#5884 = B_SPLINE_CURVE_WITH_KNOTS('',5,(#5885,#5886,#5887,#5888,#5889,
    #5890,#5891,#5892,#5893,#5894),.UNSPECIFIED.,.F.,.F.,(6,4,6),(0.,
    0.508167139818,1.),.UNSPECIFIED.);
#5885 = CARTESIAN_POINT('',(1.,-1.75));
#5886 = CARTESIAN_POINT('',(0.902044920784,-1.75));
#5887 = CARTESIAN_POINT('',(0.803001940461,-1.75));
#5888 = CARTESIAN_POINT('',(0.702924402001,-1.75));
#5889 = CARTESIAN_POINT('',(0.601888714494,-1.75));
#5890 = CARTESIAN_POINT('',(0.40138634724,-1.75));
#5891 = CARTESIAN_POINT('',(0.301972699129,-1.75));
#5892 = CARTESIAN_POINT('',(0.201855932889,-1.75));
#5893 = CARTESIAN_POINT('',(0.101152214518,-1.75));
#5894 = CARTESIAN_POINT('',(0.,-1.75));
#5895 = ( GEOMETRIC_REPRESENTATION_CONTEXT(2) 
PARAMETRIC_REPRESENTATION_CONTEXT() REPRESENTATION_CONTEXT('2D SPACE',''
  ) );
#5896 = ORIENTED_EDGE('',*,*,#5897,.F.);
#5897 = EDGE_CURVE('',#5898,#5847,#5900,.T.);
#5898 = VERTEX_POINT('',#5899);
#5899 = CARTESIAN_POINT('',(-169.5291713006,-3.192642306318,
    18.605639823471));
#5900 = SURFACE_CURVE('',#5901,(#5944,#5990),.PCURVE_S1.);
#5901 = B_SPLINE_CURVE_WITH_KNOTS('',6,(#5902,#5903,#5904,#5905,#5906,
    #5907,#5908,#5909,#5910,#5911,#5912,#5913,#5914,#5915,#5916,#5917,
    #5918,#5919,#5920,#5921,#5922,#5923,#5924,#5925,#5926,#5927,#5928,
    #5929,#5930,#5931,#5932,#5933,#5934,#5935,#5936,#5937,#5938,#5939,
    #5940,#5941,#5942,#5943),.UNSPECIFIED.,.F.,.F.,(7,5,5,5,5,5,5,5,7),(
    0.,0.235230294253,0.430744537488,0.581990787402,0.646411726448,
    0.763687292169,0.859416091966,0.907147398216,1.),.UNSPECIFIED.);
#5902 = CARTESIAN_POINT('',(-169.5291713006,-3.192642306318,
    18.605639823471));
#5903 = CARTESIAN_POINT('',(-169.5291713006,-3.906058280411,
    18.605639823471));
#5904 = CARTESIAN_POINT('',(-169.5291713006,-4.619367439395,
    18.591688462977));
#5905 = CARTESIAN_POINT('',(-169.5291713006,-5.332370395385,
    18.562157968455));
#5906 = CARTESIAN_POINT('',(-169.5291713006,-6.044520742488,
    18.515000294771));
#5907 = CARTESIAN_POINT('',(-169.5291713006,-6.754923499741,
    18.447685692051));
#5908 = CARTESIAN_POINT('',(-169.5291713006,-8.050239125464,
    18.281054035523));
#5909 = CARTESIAN_POINT('',(-169.5291713006,-8.635906587544,
    18.189081429537));
#5910 = CARTESIAN_POINT('',(-169.5291713006,-9.218716198469,
    18.07874477375));
#5911 = CARTESIAN_POINT('',(-169.5291713006,-9.797386811023,
    17.947558742269));
#5912 = CARTESIAN_POINT('',(-169.5291713006,-10.36993299124,
    17.792536155798));
#5913 = CARTESIAN_POINT('',(-169.5291713006,-11.36960849004,
    17.468495436261));
#5914 = CARTESIAN_POINT('',(-169.5291713006,-11.80015465748,
    17.31064426032));
#5915 = CARTESIAN_POINT('',(-169.5291713006,-12.22396972175,
    17.134506370709));
#5916 = CARTESIAN_POINT('',(-169.5291713006,-12.63903624073,
    16.938166059903));
#5917 = CARTESIAN_POINT('',(-169.5291713006,-13.04259422987,
    16.719624499936));
#5918 = CARTESIAN_POINT('',(-169.5291713006,-13.59690424375,
    16.373929536823));
#5919 = CARTESIAN_POINT('',(-169.5291713006,-13.75977223557,
    16.266345322569));
#5920 = CARTESIAN_POINT('',(-169.5291713006,-13.91966308461,
    16.154319090284));
#5921 = CARTESIAN_POINT('',(-169.5291713006,-14.07627876041,
    16.037751351031));
#5922 = CARTESIAN_POINT('',(-169.5291713006,-14.22930234484,
    15.916574514945));
#5923 = CARTESIAN_POINT('',(-169.5291713006,-14.64984676896,
    15.561735699177));
#5924 = CARTESIAN_POINT('',(-169.5291713006,-14.90838008265,
    15.317287360715));
#5925 = CARTESIAN_POINT('',(-169.5291713006,-15.15187863109,
    15.057392231256));
#5926 = CARTESIAN_POINT('',(-169.5291713006,-15.37832999632,
    14.782435788845));
#5927 = CARTESIAN_POINT('',(-169.5291713006,-15.5860507121,
    14.493400106325));
#5928 = CARTESIAN_POINT('',(-169.5291713006,-15.92730951316,
    13.946133872527));
#5929 = CARTESIAN_POINT('',(-169.5291713006,-16.06750918443,
    13.691929479025));
#5930 = CARTESIAN_POINT('',(-169.5291713006,-16.19394165114,
    13.430420541532));
#5931 = CARTESIAN_POINT('',(-169.5291713006,-16.30642613575,
    13.162641427411));
#5932 = CARTESIAN_POINT('',(-169.5291713006,-16.40510697224,
    12.889672630892));
#5933 = CARTESIAN_POINT('',(-169.5291713006,-16.53287061482,
    12.474447436243));
#5934 = CARTESIAN_POINT('',(-169.5291713006,-16.57204469827,
    12.335265299211));
#5935 = CARTESIAN_POINT('',(-169.5291713006,-16.6079327733,
    12.195178011033));
#5936 = CARTESIAN_POINT('',(-169.5291713006,-16.64059861457,
    12.054303905976));
#5937 = CARTESIAN_POINT('',(-169.5291713006,-16.67011686586,
    11.912753213923));
#5938 = CARTESIAN_POINT('',(-169.5291713006,-16.748026544,
    11.494146289572));
#5939 = CARTESIAN_POINT('',(-169.5291713006,-16.78787926422,
    11.215496246966));
#5940 = CARTESIAN_POINT('',(-169.5291713006,-16.81673204201,
    10.935401809114));
#5941 = CARTESIAN_POINT('',(-169.5291713006,-16.83528106209,
    10.65446708144));
#5942 = CARTESIAN_POINT('',(-169.5291713006,-16.84422441473,
    10.373166700005));
#5943 = CARTESIAN_POINT('',(-169.5291713006,-16.84422441473,
    10.091842390285));
#5944 = PCURVE('',#5020,#5945);
#5945 = DEFINITIONAL_REPRESENTATION('',(#5946),#5989);
#5946 = B_SPLINE_CURVE_WITH_KNOTS('',6,(#5947,#5948,#5949,#5950,#5951,
    #5952,#5953,#5954,#5955,#5956,#5957,#5958,#5959,#5960,#5961,#5962,
    #5963,#5964,#5965,#5966,#5967,#5968,#5969,#5970,#5971,#5972,#5973,
    #5974,#5975,#5976,#5977,#5978,#5979,#5980,#5981,#5982,#5983,#5984,
    #5985,#5986,#5987,#5988),.UNSPECIFIED.,.F.,.F.,(7,5,5,5,5,5,5,5,7),(
    0.,0.235230294253,0.430744537488,0.581990787402,0.646411726448,
    0.763687292169,0.859416091966,0.907147398216,1.),.UNSPECIFIED.);
#5947 = CARTESIAN_POINT('',(-18.60563982347,-3.192642306318));
#5948 = CARTESIAN_POINT('',(-18.60563982347,-3.906058280411));
#5949 = CARTESIAN_POINT('',(-18.59168846297,-4.619367439395));
#5950 = CARTESIAN_POINT('',(-18.56215796845,-5.332370395385));
#5951 = CARTESIAN_POINT('',(-18.51500029477,-6.044520742488));
#5952 = CARTESIAN_POINT('',(-18.44768569205,-6.754923499741));
#5953 = CARTESIAN_POINT('',(-18.28105403552,-8.050239125464));
#5954 = CARTESIAN_POINT('',(-18.18908142953,-8.635906587544));
#5955 = CARTESIAN_POINT('',(-18.07874477375,-9.218716198469));
#5956 = CARTESIAN_POINT('',(-17.94755874226,-9.797386811023));
#5957 = CARTESIAN_POINT('',(-17.79253615579,-10.36993299124));
#5958 = CARTESIAN_POINT('',(-17.46849543626,-11.36960849004));
#5959 = CARTESIAN_POINT('',(-17.31064426032,-11.80015465748));
#5960 = CARTESIAN_POINT('',(-17.1345063707,-12.22396972175));
#5961 = CARTESIAN_POINT('',(-16.9381660599,-12.63903624073));
#5962 = CARTESIAN_POINT('',(-16.71962449993,-13.04259422987));
#5963 = CARTESIAN_POINT('',(-16.37392953682,-13.59690424375));
#5964 = CARTESIAN_POINT('',(-16.26634532256,-13.75977223557));
#5965 = CARTESIAN_POINT('',(-16.15431909028,-13.91966308461));
#5966 = CARTESIAN_POINT('',(-16.03775135103,-14.07627876041));
#5967 = CARTESIAN_POINT('',(-15.91657451494,-14.22930234484));
#5968 = CARTESIAN_POINT('',(-15.56173569917,-14.64984676896));
#5969 = CARTESIAN_POINT('',(-15.31728736071,-14.90838008265));
#5970 = CARTESIAN_POINT('',(-15.05739223125,-15.15187863109));
#5971 = CARTESIAN_POINT('',(-14.78243578884,-15.37832999632));
#5972 = CARTESIAN_POINT('',(-14.49340010632,-15.5860507121));
#5973 = CARTESIAN_POINT('',(-13.94613387252,-15.92730951316));
#5974 = CARTESIAN_POINT('',(-13.69192947902,-16.06750918443));
#5975 = CARTESIAN_POINT('',(-13.43042054153,-16.19394165114));
#5976 = CARTESIAN_POINT('',(-13.16264142741,-16.30642613575));
#5977 = CARTESIAN_POINT('',(-12.88967263089,-16.40510697224));
#5978 = CARTESIAN_POINT('',(-12.47444743624,-16.53287061482));
#5979 = CARTESIAN_POINT('',(-12.33526529921,-16.57204469827));
#5980 = CARTESIAN_POINT('',(-12.19517801103,-16.6079327733));
#5981 = CARTESIAN_POINT('',(-12.05430390597,-16.64059861457));
#5982 = CARTESIAN_POINT('',(-11.91275321392,-16.67011686586));
#5983 = CARTESIAN_POINT('',(-11.49414628957,-16.748026544));
#5984 = CARTESIAN_POINT('',(-11.21549624696,-16.78787926422));
#5985 = CARTESIAN_POINT('',(-10.93540180911,-16.81673204201));
#5986 = CARTESIAN_POINT('',(-10.65446708144,-16.83528106209));
#5987 = CARTESIAN_POINT('',(-10.3731667,-16.84422441473));
#5988 = CARTESIAN_POINT('',(-10.09184239028,-16.84422441473));
#5989 = ( GEOMETRIC_REPRESENTATION_CONTEXT(2) 
PARAMETRIC_REPRESENTATION_CONTEXT() REPRESENTATION_CONTEXT('2D SPACE',''
  ) );
#5990 = PCURVE('',#5991,#5998);
#5991 = SURFACE_OF_LINEAR_EXTRUSION('',#5992,#5996);
#5992 = B_SPLINE_CURVE_WITH_KNOTS('',2,(#5993,#5994,#5995),
  .UNSPECIFIED.,.F.,.F.,(3,3),(0.,1.),.PIECEWISE_BEZIER_KNOTS.);
#5993 = CARTESIAN_POINT('',(-171.2791713006,-16.84422441473,
    10.091842390285));
#5994 = CARTESIAN_POINT('',(-171.2791713006,-16.84422441473,
    18.605639823471));
#5995 = CARTESIAN_POINT('',(-171.2791713006,-3.192642306318,
    18.605639823471));
#5996 = VECTOR('',#5997,1.);
#5997 = DIRECTION('',(-1.,1.359631073447E-32,1.110223024625E-16));
#5998 = DEFINITIONAL_REPRESENTATION('',(#5999),#6042);
#5999 = B_SPLINE_CURVE_WITH_KNOTS('',6,(#6000,#6001,#6002,#6003,#6004,
    #6005,#6006,#6007,#6008,#6009,#6010,#6011,#6012,#6013,#6014,#6015,
    #6016,#6017,#6018,#6019,#6020,#6021,#6022,#6023,#6024,#6025,#6026,
    #6027,#6028,#6029,#6030,#6031,#6032,#6033,#6034,#6035,#6036,#6037,
    #6038,#6039,#6040,#6041),.UNSPECIFIED.,.F.,.F.,(7,5,5,5,5,5,5,5,7),(
    0.,0.235230294253,0.430744537488,0.581990787402,0.646411726448,
    0.763687292169,0.859416091966,0.907147398216,1.),.UNSPECIFIED.);
#6000 = CARTESIAN_POINT('',(1.,-1.75));
#6001 = CARTESIAN_POINT('',(0.973870575277,-1.75));
#6002 = CARTESIAN_POINT('',(0.946925724451,-1.75));
#6003 = CARTESIAN_POINT('',(0.919077154049,-1.75));
#6004 = CARTESIAN_POINT('',(0.890224598616,-1.75));
#6005 = CARTESIAN_POINT('',(0.860252269882,-1.75));
#6006 = CARTESIAN_POINT('',(0.80302433256,-1.75));
#6007 = CARTESIAN_POINT('',(0.776172412588,-1.75));
#6008 = CARTESIAN_POINT('',(0.748346676083,-1.75));
#6009 = CARTESIAN_POINT('',(0.719448087359,-1.75));
#6010 = CARTESIAN_POINT('',(0.689373932845,-1.75));
#6011 = CARTESIAN_POINT('',(0.633729698209,-1.75));
#6012 = CARTESIAN_POINT('',(0.608690288587,-1.75));
#6013 = CARTESIAN_POINT('',(0.582823465165,-1.75));
#6014 = CARTESIAN_POINT('',(0.556090612303,-1.75));
#6015 = CARTESIAN_POINT('',(0.528475429051,-1.75));
#6016 = CARTESIAN_POINT('',(0.487871343057,-1.75));
#6017 = CARTESIAN_POINT('',(0.475587946674,-1.75));
#6018 = CARTESIAN_POINT('',(0.463152718778,-1.75));
#6019 = CARTESIAN_POINT('',(0.450570732164,-1.75));
#6020 = CARTESIAN_POINT('',(0.437849624778,-1.75));
#6021 = CARTESIAN_POINT('',(0.401607807376,-1.75));
#6022 = CARTESIAN_POINT('',(0.377782809175,-1.75));
#6023 = CARTESIAN_POINT('',(0.353601308919,-1.75));
#6024 = CARTESIAN_POINT('',(0.329159651438,-1.75));
#6025 = CARTESIAN_POINT('',(0.304577170386,-1.75));
#6026 = CARTESIAN_POINT('',(0.259938335756,-1.75));
#6027 = CARTESIAN_POINT('',(0.239874445318,-1.75));
#6028 = CARTESIAN_POINT('',(0.219885806921,-1.75));
#6029 = CARTESIAN_POINT('',(0.200039788221,-1.75));
#6030 = CARTESIAN_POINT('',(0.180394558352,-1.75));
#6031 = CARTESIAN_POINT('',(0.151329685463,-1.75));
#6032 = CARTESIAN_POINT('',(0.141720987244,-1.75));
#6033 = CARTESIAN_POINT('',(0.132179483787,-1.75));
#6034 = CARTESIAN_POINT('',(0.122709788853,-1.75));
#6035 = CARTESIAN_POINT('',(0.113315642156,-1.75));
#6036 = CARTESIAN_POINT('',(8.587810727578E-02,-1.75));
#6037 = CARTESIAN_POINT('',(6.805385437021E-02,-1.75));
#6038 = CARTESIAN_POINT('',(5.054765632905E-02,-1.75));
#6039 = CARTESIAN_POINT('',(3.336949286095E-02,-1.75));
#6040 = CARTESIAN_POINT('',(1.652167037845E-02,-1.75));
#6041 = CARTESIAN_POINT('',(0.,-1.75));
#6042 = ( GEOMETRIC_REPRESENTATION_CONTEXT(2) 
PARAMETRIC_REPRESENTATION_CONTEXT() REPRESENTATION_CONTEXT('2D SPACE',''
  ) );
#6043 = ORIENTED_EDGE('',*,*,#6044,.F.);
#6044 = EDGE_CURVE('',#6045,#5898,#6047,.T.);
#6045 = VERTEX_POINT('',#6046);
#6046 = CARTESIAN_POINT('',(-169.5291713006,6.623968018778,
    16.422179889645));
#6047 = SURFACE_CURVE('',#6048,(#6069,#6093),.PCURVE_S1.);
#6048 = B_SPLINE_CURVE_WITH_KNOTS('',7,(#6049,#6050,#6051,#6052,#6053,
    #6054,#6055,#6056,#6057,#6058,#6059,#6060,#6061,#6062,#6063,#6064,
    #6065,#6066,#6067,#6068),.UNSPECIFIED.,.F.,.F.,(8,6,6,8),(0.,
    0.34733827169,0.765657274572,1.),.UNSPECIFIED.);
#6049 = CARTESIAN_POINT('',(-169.5291713006,6.623968018778,
    16.422179889645));
#6050 = CARTESIAN_POINT('',(-169.5291713006,6.199883151159,
    16.69496364564));
#6051 = CARTESIAN_POINT('',(-169.5291713006,5.758671871525,
    16.941153352806));
#6052 = CARTESIAN_POINT('',(-169.5291713006,5.303638136228,
    17.161957392164));
#6053 = CARTESIAN_POINT('',(-169.5291713006,4.837750044058,
    17.359130842846));
#6054 = CARTESIAN_POINT('',(-169.5291713006,4.36344264697,
    17.534549809631));
#6055 = CARTESIAN_POINT('',(-169.5291713006,3.882554310906,
    17.690072820098));
#6056 = CARTESIAN_POINT('',(-169.5291713006,2.810623684425,
    17.992868108195));
#6057 = CARTESIAN_POINT('',(-169.5291713006,2.217424578619,
    18.131883514548));
#6058 = CARTESIAN_POINT('',(-169.5291713006,1.618807391367,
    18.247544335218));
#6059 = CARTESIAN_POINT('',(-169.5291713006,1.01643497168,
    18.342414744061));
#6060 = CARTESIAN_POINT('',(-169.5291713006,0.411528018957,
    18.418681497519));
#6061 = CARTESIAN_POINT('',(-169.5291713006,-0.19512235308,
    18.478221256831));
#6062 = CARTESIAN_POINT('',(-169.5291713006,-1.143772698988,
    18.547482484048));
#6063 = CARTESIAN_POINT('',(-169.5291713006,-1.484778337214,
    18.567594426472));
#6064 = CARTESIAN_POINT('',(-169.5291713006,-1.826071733871,
    18.583227155126));
#6065 = CARTESIAN_POINT('',(-169.5291713006,-2.167568520125,
    18.594631196125));
#6066 = CARTESIAN_POINT('',(-169.5291713006,-2.509198178618,
    18.602033319183));
#6067 = CARTESIAN_POINT('',(-169.5291713006,-2.850903877809,
    18.605639823471));
#6068 = CARTESIAN_POINT('',(-169.5291713006,-3.192642306318,
    18.605639823471));
#6069 = PCURVE('',#5020,#6070);
#6070 = DEFINITIONAL_REPRESENTATION('',(#6071),#6092);
#6071 = B_SPLINE_CURVE_WITH_KNOTS('',7,(#6072,#6073,#6074,#6075,#6076,
    #6077,#6078,#6079,#6080,#6081,#6082,#6083,#6084,#6085,#6086,#6087,
    #6088,#6089,#6090,#6091),.UNSPECIFIED.,.F.,.F.,(8,6,6,8),(0.,
    0.34733827169,0.765657274572,1.),.UNSPECIFIED.);
#6072 = CARTESIAN_POINT('',(-16.42217988964,6.623968018778));
#6073 = CARTESIAN_POINT('',(-16.69496364564,6.199883151159));
#6074 = CARTESIAN_POINT('',(-16.9411533528,5.758671871525));
#6075 = CARTESIAN_POINT('',(-17.16195739216,5.303638136228));
#6076 = CARTESIAN_POINT('',(-17.35913084284,4.837750044058));
#6077 = CARTESIAN_POINT('',(-17.53454980963,4.36344264697));
#6078 = CARTESIAN_POINT('',(-17.69007282009,3.882554310906));
#6079 = CARTESIAN_POINT('',(-17.99286810819,2.810623684425));
#6080 = CARTESIAN_POINT('',(-18.13188351454,2.217424578619));
#6081 = CARTESIAN_POINT('',(-18.24754433521,1.618807391367));
#6082 = CARTESIAN_POINT('',(-18.34241474406,1.01643497168));
#6083 = CARTESIAN_POINT('',(-18.41868149751,0.411528018957));
#6084 = CARTESIAN_POINT('',(-18.47822125683,-0.19512235308));
#6085 = CARTESIAN_POINT('',(-18.54748248404,-1.143772698988));
#6086 = CARTESIAN_POINT('',(-18.56759442647,-1.484778337214));
#6087 = CARTESIAN_POINT('',(-18.58322715512,-1.826071733871));
#6088 = CARTESIAN_POINT('',(-18.59463119612,-2.167568520125));
#6089 = CARTESIAN_POINT('',(-18.60203331918,-2.509198178618));
#6090 = CARTESIAN_POINT('',(-18.60563982347,-2.850903877809));
#6091 = CARTESIAN_POINT('',(-18.60563982347,-3.192642306318));
#6092 = ( GEOMETRIC_REPRESENTATION_CONTEXT(2) 
PARAMETRIC_REPRESENTATION_CONTEXT() REPRESENTATION_CONTEXT('2D SPACE',''
  ) );
#6093 = PCURVE('',#6094,#6101);
#6094 = SURFACE_OF_LINEAR_EXTRUSION('',#6095,#6099);
#6095 = B_SPLINE_CURVE_WITH_KNOTS('',2,(#6096,#6097,#6098),
  .UNSPECIFIED.,.F.,.F.,(3,3),(0.,1.),.PIECEWISE_BEZIER_KNOTS.);
#6096 = CARTESIAN_POINT('',(-171.2791713006,-3.192642306318,
    18.605639823471));
#6097 = CARTESIAN_POINT('',(-171.2791713006,3.229439214773,
    18.605639823471));
#6098 = CARTESIAN_POINT('',(-171.2791713006,6.623968018778,
    16.422179889645));
#6099 = VECTOR('',#6100,1.);
#6100 = DIRECTION('',(-1.,1.359631073447E-32,1.110223024625E-16));
#6101 = DEFINITIONAL_REPRESENTATION('',(#6102),#6123);
#6102 = B_SPLINE_CURVE_WITH_KNOTS('',7,(#6103,#6104,#6105,#6106,#6107,
    #6108,#6109,#6110,#6111,#6112,#6113,#6114,#6115,#6116,#6117,#6118,
    #6119,#6120,#6121,#6122),.UNSPECIFIED.,.F.,.F.,(8,6,6,8),(0.,
    0.34733827169,0.765657274572,1.),.UNSPECIFIED.);
#6103 = CARTESIAN_POINT('',(1.,-1.75));
#6104 = CARTESIAN_POINT('',(0.937534059643,-1.75));
#6105 = CARTESIAN_POINT('',(0.876605665657,-1.75));
#6106 = CARTESIAN_POINT('',(0.817341601966,-1.75));
#6107 = CARTESIAN_POINT('',(0.759783485328,-1.75));
#6108 = CARTESIAN_POINT('',(0.70391836615,-1.75));
#6109 = CARTESIAN_POINT('',(0.64968873656,-1.75));
#6110 = CARTESIAN_POINT('',(0.53354399317,-1.75));
#6111 = CARTESIAN_POINT('',(0.472352323798,-1.75));
#6112 = CARTESIAN_POINT('',(0.41326005443,-1.75));
#6113 = CARTESIAN_POINT('',(0.356119834406,-1.75));
#6114 = CARTESIAN_POINT('',(0.300790632798,-1.75));
#6115 = CARTESIAN_POINT('',(0.247131448865,-1.75));
#6116 = CARTESIAN_POINT('',(0.165795910003,-1.75));
#6117 = CARTESIAN_POINT('',(0.137075272153,-1.75));
#6118 = CARTESIAN_POINT('',(0.108815781676,-1.75));
#6119 = CARTESIAN_POINT('',(8.099696180636E-02,-1.75));
#6120 = CARTESIAN_POINT('',(5.359982196295E-02,-1.75));
#6121 = CARTESIAN_POINT('',(2.660651592369E-02,-1.75));
#6122 = CARTESIAN_POINT('',(0.,-1.75));
#6123 = ( GEOMETRIC_REPRESENTATION_CONTEXT(2) 
PARAMETRIC_REPRESENTATION_CONTEXT() REPRESENTATION_CONTEXT('2D SPACE',''
  ) );
#6124 = ORIENTED_EDGE('',*,*,#6125,.F.);
#6125 = EDGE_CURVE('',#6126,#6045,#6128,.T.);
#6126 = VERTEX_POINT('',#6127);
#6127 = CARTESIAN_POINT('',(-169.5291713006,10.018496822782,
    10.091842390285));
#6128 = SURFACE_CURVE('',#6129,(#6157,#6188),.PCURVE_S1.);
#6129 = B_SPLINE_CURVE_WITH_KNOTS('',6,(#6130,#6131,#6132,#6133,#6134,
    #6135,#6136,#6137,#6138,#6139,#6140,#6141,#6142,#6143,#6144,#6145,
    #6146,#6147,#6148,#6149,#6150,#6151,#6152,#6153,#6154,#6155,#6156),
  .UNSPECIFIED.,.F.,.F.,(7,5,5,5,5,7),(0.,0.200709045266,0.30967720544,
    0.531548556694,0.830962297714,1.),.UNSPECIFIED.);
#6130 = CARTESIAN_POINT('',(-169.5291713006,10.018496822782,
    10.091842390285));
#6131 = CARTESIAN_POINT('',(-169.5291713006,10.018496822782,
    10.343953171988));
#6132 = CARTESIAN_POINT('',(-169.5291713006,10.01096857084,
    10.595999745078));
#6133 = CARTESIAN_POINT('',(-169.5291713006,9.995433582581,
    10.847706351584));
#6134 = CARTESIAN_POINT('',(-169.5291713006,9.971393988145,
    11.098712095739));
#6135 = CARTESIAN_POINT('',(-169.5291713006,9.938372825368,
    11.348575071267));
#6136 = CARTESIAN_POINT('',(-169.5291713006,9.872924653009,
    11.731529019504));
#6137 = CARTESIAN_POINT('',(-169.5291713006,9.847125331474,
    11.865790742572));
#6138 = CARTESIAN_POINT('',(-169.5291713006,9.818490573216,
    11.999477125467));
#6139 = CARTESIAN_POINT('',(-169.5291713006,9.78696051083,12.1324970057)
  );
#6140 = CARTESIAN_POINT('',(-169.5291713006,9.752484189721,
    12.264753293531));
#6141 = CARTESIAN_POINT('',(-169.5291713006,9.638746474849,
    12.663669173821));
#6142 = CARTESIAN_POINT('',(-169.5291713006,9.550085136903,
    12.927636063906));
#6143 = CARTESIAN_POINT('',(-169.5291713006,9.448719672454,
    13.187124680597));
#6144 = CARTESIAN_POINT('',(-169.5291713006,9.33452807101,
    13.441221894503));
#6145 = CARTESIAN_POINT('',(-169.5291713006,9.207652810238,
    13.689049749532));
#6146 = CARTESIAN_POINT('',(-169.5291713006,8.880875227296,
    14.254676816009));
#6147 = CARTESIAN_POINT('',(-169.5291713006,8.670880196028,
    14.566776628118));
#6148 = CARTESIAN_POINT('',(-169.5291713006,8.439762510323,
    14.863998509127));
#6149 = CARTESIAN_POINT('',(-169.5291713006,8.189423452082,
    15.145202711338));
#6150 = CARTESIAN_POINT('',(-169.5291713006,7.922159289484,
    15.409933873221));
#6151 = CARTESIAN_POINT('',(-169.5291713006,7.481321783005,
    15.798370932602));
#6152 = CARTESIAN_POINT('',(-169.5291713006,7.317597004179,
    15.933316024375));
#6153 = CARTESIAN_POINT('',(-169.5291713006,7.14962327232,
    16.063068388917));
#6154 = CARTESIAN_POINT('',(-169.5291713006,6.977790513363,
    16.187711087709));
#6155 = CARTESIAN_POINT('',(-169.5291713006,6.802463301762,
    16.307366517517));
#6156 = CARTESIAN_POINT('',(-169.5291713006,6.623968018778,
    16.422179889645));
#6157 = PCURVE('',#5020,#6158);
#6158 = DEFINITIONAL_REPRESENTATION('',(#6159),#6187);
#6159 = B_SPLINE_CURVE_WITH_KNOTS('',6,(#6160,#6161,#6162,#6163,#6164,
    #6165,#6166,#6167,#6168,#6169,#6170,#6171,#6172,#6173,#6174,#6175,
    #6176,#6177,#6178,#6179,#6180,#6181,#6182,#6183,#6184,#6185,#6186),
  .UNSPECIFIED.,.F.,.F.,(7,5,5,5,5,7),(0.,0.200709045266,0.30967720544,
    0.531548556694,0.830962297714,1.),.UNSPECIFIED.);
#6160 = CARTESIAN_POINT('',(-10.09184239028,10.018496822782));
#6161 = CARTESIAN_POINT('',(-10.34395317198,10.018496822782));
#6162 = CARTESIAN_POINT('',(-10.59599974507,10.01096857084));
#6163 = CARTESIAN_POINT('',(-10.84770635158,9.995433582581));
#6164 = CARTESIAN_POINT('',(-11.09871209573,9.971393988145));
#6165 = CARTESIAN_POINT('',(-11.34857507126,9.938372825368));
#6166 = CARTESIAN_POINT('',(-11.7315290195,9.872924653009));
#6167 = CARTESIAN_POINT('',(-11.86579074257,9.847125331474));
#6168 = CARTESIAN_POINT('',(-11.99947712546,9.818490573216));
#6169 = CARTESIAN_POINT('',(-12.1324970057,9.78696051083));
#6170 = CARTESIAN_POINT('',(-12.26475329353,9.752484189721));
#6171 = CARTESIAN_POINT('',(-12.66366917382,9.638746474849));
#6172 = CARTESIAN_POINT('',(-12.9276360639,9.550085136903));
#6173 = CARTESIAN_POINT('',(-13.18712468059,9.448719672454));
#6174 = CARTESIAN_POINT('',(-13.4412218945,9.33452807101));
#6175 = CARTESIAN_POINT('',(-13.68904974953,9.207652810238));
#6176 = CARTESIAN_POINT('',(-14.254676816,8.880875227296));
#6177 = CARTESIAN_POINT('',(-14.56677662811,8.670880196028));
#6178 = CARTESIAN_POINT('',(-14.86399850912,8.439762510323));
#6179 = CARTESIAN_POINT('',(-15.14520271133,8.189423452082));
#6180 = CARTESIAN_POINT('',(-15.40993387322,7.922159289484));
#6181 = CARTESIAN_POINT('',(-15.7983709326,7.481321783005));
#6182 = CARTESIAN_POINT('',(-15.93331602437,7.317597004179));
#6183 = CARTESIAN_POINT('',(-16.06306838891,7.14962327232));
#6184 = CARTESIAN_POINT('',(-16.1877110877,6.977790513363));
#6185 = CARTESIAN_POINT('',(-16.30736651751,6.802463301762));
#6186 = CARTESIAN_POINT('',(-16.42217988964,6.623968018778));
#6187 = ( GEOMETRIC_REPRESENTATION_CONTEXT(2) 
PARAMETRIC_REPRESENTATION_CONTEXT() REPRESENTATION_CONTEXT('2D SPACE',''
  ) );
#6188 = PCURVE('',#6189,#6196);
#6189 = SURFACE_OF_LINEAR_EXTRUSION('',#6190,#6194);
#6190 = B_SPLINE_CURVE_WITH_KNOTS('',2,(#6191,#6192,#6193),
  .UNSPECIFIED.,.F.,.F.,(3,3),(0.,1.),.PIECEWISE_BEZIER_KNOTS.);
#6191 = CARTESIAN_POINT('',(-171.2791713006,6.623968018778,
    16.422179889645));
#6192 = CARTESIAN_POINT('',(-171.2791713006,10.018496822782,
    14.238719955819));
#6193 = CARTESIAN_POINT('',(-171.2791713006,10.018496822782,
    10.091842390285));
#6194 = VECTOR('',#6195,1.);
#6195 = DIRECTION('',(-1.,1.359631073447E-32,1.110223024625E-16));
#6196 = DEFINITIONAL_REPRESENTATION('',(#6197),#6225);
#6197 = B_SPLINE_CURVE_WITH_KNOTS('',6,(#6198,#6199,#6200,#6201,#6202,
    #6203,#6204,#6205,#6206,#6207,#6208,#6209,#6210,#6211,#6212,#6213,
    #6214,#6215,#6216,#6217,#6218,#6219,#6220,#6221,#6222,#6223,#6224),
  .UNSPECIFIED.,.F.,.F.,(7,5,5,5,5,7),(0.,0.200709045266,0.30967720544,
    0.531548556694,0.830962297714,1.),.UNSPECIFIED.);
#6198 = CARTESIAN_POINT('',(1.,-1.75));
#6199 = CARTESIAN_POINT('',(0.969602336008,-1.75));
#6200 = CARTESIAN_POINT('',(0.938687393484,-1.75));
#6201 = CARTESIAN_POINT('',(0.907255051793,-1.75));
#6202 = CARTESIAN_POINT('',(0.875314103645,-1.75));
#6203 = CARTESIAN_POINT('',(0.842884567506,-1.75));
#6204 = CARTESIAN_POINT('',(0.792146440812,-1.75));
#6205 = CARTESIAN_POINT('',(0.774158904793,-1.75));
#6206 = CARTESIAN_POINT('',(0.756042995687,-1.75));
#6207 = CARTESIAN_POINT('',(0.737805530044,-1.75));
#6208 = CARTESIAN_POINT('',(0.719454660656,-1.75));
#6209 = CARTESIAN_POINT('',(0.663424248604,-1.75));
#6210 = CARTESIAN_POINT('',(0.625413820027,-1.75));
#6211 = CARTESIAN_POINT('',(0.587057362865,-1.75));
#6212 = CARTESIAN_POINT('',(0.548456466531,-1.75));
#6213 = CARTESIAN_POINT('',(0.50972692491,-1.75));
#6214 = CARTESIAN_POINT('',(0.4187383024,-1.75));
#6215 = CARTESIAN_POINT('',(0.366462547578,-1.75));
#6216 = CARTESIAN_POINT('',(0.314507570229,-1.75));
#6217 = CARTESIAN_POINT('',(0.263143388159,-1.75));
#6218 = CARTESIAN_POINT('',(0.212585047269,-1.75));
#6219 = CARTESIAN_POINT('',(0.135006152992,-1.75));
#6220 = CARTESIAN_POINT('',(0.107317299199,-1.75));
#6221 = CARTESIAN_POINT('',(7.995822425795E-02,-1.75));
#6222 = CARTESIAN_POINT('',(5.294610666316E-02,-1.75));
#6223 = CARTESIAN_POINT('',(2.629161413711E-02,-1.75));
#6224 = CARTESIAN_POINT('',(0.,-1.75));
#6225 = ( GEOMETRIC_REPRESENTATION_CONTEXT(2) 
PARAMETRIC_REPRESENTATION_CONTEXT() REPRESENTATION_CONTEXT('2D SPACE',''
  ) );
#6226 = ORIENTED_EDGE('',*,*,#6227,.F.);
#6227 = EDGE_CURVE('',#6228,#6126,#6230,.T.);
#6228 = VERTEX_POINT('',#6229);
#6229 = CARTESIAN_POINT('',(-169.5291713006,6.587234572577,
    3.743168032415));
#6230 = SURFACE_CURVE('',#6231,(#6259,#6290),.PCURVE_S1.);
#6231 = B_SPLINE_CURVE_WITH_KNOTS('',6,(#6232,#6233,#6234,#6235,#6236,
    #6237,#6238,#6239,#6240,#6241,#6242,#6243,#6244,#6245,#6246,#6247,
    #6248,#6249,#6250,#6251,#6252,#6253,#6254,#6255,#6256,#6257,#6258),
  .UNSPECIFIED.,.F.,.F.,(7,5,5,5,5,7),(0.,0.16790917384,0.464140592772,
    0.686794985178,0.7967830442,1.),.UNSPECIFIED.);
#6232 = CARTESIAN_POINT('',(-169.5291713006,6.587234572577,
    3.743168032415));
#6233 = CARTESIAN_POINT('',(-169.5291713006,6.766515785718,3.85629430002
    ));
#6234 = CARTESIAN_POINT('',(-169.5291713006,6.942666381419,
    3.974297990696));
#6235 = CARTESIAN_POINT('',(-169.5291713006,7.115359318407,
    4.097328698887));
#6236 = CARTESIAN_POINT('',(-169.5291713006,7.284228519702,
    4.225513473197));
#6237 = CARTESIAN_POINT('',(-169.5291713006,7.448881750349,
    4.358939958605));
#6238 = CARTESIAN_POINT('',(-169.5291713006,7.891247269727,
    4.742338339077));
#6239 = CARTESIAN_POINT('',(-169.5291713006,8.1592902701,5.003530489407)
  );
#6240 = CARTESIAN_POINT('',(-169.5291713006,8.410626645441,
    5.281253007173));
#6241 = CARTESIAN_POINT('',(-169.5291713006,8.642962449801,
    5.575074708908));
#6242 = CARTESIAN_POINT('',(-169.5291713006,8.854389813973,
    5.883879099222));
#6243 = CARTESIAN_POINT('',(-169.5291713006,9.186012621923,
    6.447395315369));
#6244 = CARTESIAN_POINT('',(-169.5291713006,9.315863726582,
    6.696558348213));
#6245 = CARTESIAN_POINT('',(-169.5291713006,9.432763137822,
    6.952235724019));
#6246 = CARTESIAN_POINT('',(-169.5291713006,9.536558948441,
    7.213514608521));
#6247 = CARTESIAN_POINT('',(-169.5291713006,9.627377763209,
    7.479444015718));
#6248 = CARTESIAN_POINT('',(-169.5291713006,9.744168916539,
    7.882255584004));
#6249 = CARTESIAN_POINT('',(-169.5291713006,9.779702648581,
    8.016354257216));
#6250 = CARTESIAN_POINT('',(-169.5291713006,9.812194671424,
    8.151253922641));
#6251 = CARTESIAN_POINT('',(-169.5291713006,9.841699211978,8.28685199815
    ));
#6252 = CARTESIAN_POINT('',(-169.5291713006,9.868279955396,
    8.423052341782));
#6253 = CARTESIAN_POINT('',(-169.5291713006,9.935845087091,
    8.812362006476));
#6254 = CARTESIAN_POINT('',(-169.5291713006,9.96993969741,9.06670616505)
  );
#6255 = CARTESIAN_POINT('',(-169.5291713006,9.994736600416,
    9.322248528378));
#6256 = CARTESIAN_POINT('',(-169.5291713006,10.010745627497,
    9.578522452658));
#6257 = CARTESIAN_POINT('',(-169.5291713006,10.018496822782,
    9.835149180786));
#6258 = CARTESIAN_POINT('',(-169.5291713006,10.018496822782,
    10.091842390285));
#6259 = PCURVE('',#5020,#6260);
#6260 = DEFINITIONAL_REPRESENTATION('',(#6261),#6289);
#6261 = B_SPLINE_CURVE_WITH_KNOTS('',6,(#6262,#6263,#6264,#6265,#6266,
    #6267,#6268,#6269,#6270,#6271,#6272,#6273,#6274,#6275,#6276,#6277,
    #6278,#6279,#6280,#6281,#6282,#6283,#6284,#6285,#6286,#6287,#6288),
  .UNSPECIFIED.,.F.,.F.,(7,5,5,5,5,7),(0.,0.16790917384,0.464140592772,
    0.686794985178,0.7967830442,1.),.UNSPECIFIED.);
#6262 = CARTESIAN_POINT('',(-3.743168032415,6.587234572577));
#6263 = CARTESIAN_POINT('',(-3.85629430002,6.766515785718));
#6264 = CARTESIAN_POINT('',(-3.974297990696,6.942666381419));
#6265 = CARTESIAN_POINT('',(-4.097328698887,7.115359318407));
#6266 = CARTESIAN_POINT('',(-4.225513473197,7.284228519702));
#6267 = CARTESIAN_POINT('',(-4.358939958605,7.448881750349));
#6268 = CARTESIAN_POINT('',(-4.742338339077,7.891247269727));
#6269 = CARTESIAN_POINT('',(-5.003530489407,8.1592902701));
#6270 = CARTESIAN_POINT('',(-5.281253007173,8.410626645441));
#6271 = CARTESIAN_POINT('',(-5.575074708908,8.642962449801));
#6272 = CARTESIAN_POINT('',(-5.883879099222,8.854389813973));
#6273 = CARTESIAN_POINT('',(-6.447395315369,9.186012621923));
#6274 = CARTESIAN_POINT('',(-6.696558348213,9.315863726582));
#6275 = CARTESIAN_POINT('',(-6.952235724019,9.432763137822));
#6276 = CARTESIAN_POINT('',(-7.213514608521,9.536558948441));
#6277 = CARTESIAN_POINT('',(-7.479444015718,9.627377763209));
#6278 = CARTESIAN_POINT('',(-7.882255584004,9.744168916539));
#6279 = CARTESIAN_POINT('',(-8.016354257216,9.779702648581));
#6280 = CARTESIAN_POINT('',(-8.151253922641,9.812194671424));
#6281 = CARTESIAN_POINT('',(-8.28685199815,9.841699211978));
#6282 = CARTESIAN_POINT('',(-8.423052341782,9.868279955396));
#6283 = CARTESIAN_POINT('',(-8.812362006476,9.935845087091));
#6284 = CARTESIAN_POINT('',(-9.06670616505,9.96993969741));
#6285 = CARTESIAN_POINT('',(-9.322248528378,9.994736600416));
#6286 = CARTESIAN_POINT('',(-9.578522452658,10.010745627497));
#6287 = CARTESIAN_POINT('',(-9.835149180786,10.018496822782));
#6288 = CARTESIAN_POINT('',(-10.09184239028,10.018496822782));
#6289 = ( GEOMETRIC_REPRESENTATION_CONTEXT(2) 
PARAMETRIC_REPRESENTATION_CONTEXT() REPRESENTATION_CONTEXT('2D SPACE',''
  ) );
#6290 = PCURVE('',#6291,#6298);
#6291 = SURFACE_OF_LINEAR_EXTRUSION('',#6292,#6296);
#6292 = B_SPLINE_CURVE_WITH_KNOTS('',2,(#6293,#6294,#6295),
  .UNSPECIFIED.,.F.,.F.,(3,3),(0.,1.),.PIECEWISE_BEZIER_KNOTS.);
#6293 = CARTESIAN_POINT('',(-171.2791713006,10.018496822782,
    10.091842390285));
#6294 = CARTESIAN_POINT('',(-171.2791713006,10.018496822782,
    5.908291107731));
#6295 = CARTESIAN_POINT('',(-171.2791713006,6.587234572577,
    3.743168032415));
#6296 = VECTOR('',#6297,1.);
#6297 = DIRECTION('',(-1.,1.359631073447E-32,1.110223024625E-16));
#6298 = DEFINITIONAL_REPRESENTATION('',(#6299),#6327);
#6299 = B_SPLINE_CURVE_WITH_KNOTS('',6,(#6300,#6301,#6302,#6303,#6304,
    #6305,#6306,#6307,#6308,#6309,#6310,#6311,#6312,#6313,#6314,#6315,
    #6316,#6317,#6318,#6319,#6320,#6321,#6322,#6323,#6324,#6325,#6326),
  .UNSPECIFIED.,.F.,.F.,(7,5,5,5,5,7),(0.,0.16790917384,0.464140592772,
    0.686794985178,0.7967830442,1.),.UNSPECIFIED.);
#6300 = CARTESIAN_POINT('',(1.,-1.75));
#6301 = CARTESIAN_POINT('',(0.973875326328,-1.75));
#6302 = CARTESIAN_POINT('',(0.947387821184,-1.75));
#6303 = CARTESIAN_POINT('',(0.920542598221,-1.75));
#6304 = CARTESIAN_POINT('',(0.893350210067,-1.75));
#6305 = CARTESIAN_POINT('',(0.86582775773,-1.75));
#6306 = CARTESIAN_POINT('',(0.788905266404,-1.75));
#6307 = CARTESIAN_POINT('',(0.738844027241,-1.75));
#6308 = CARTESIAN_POINT('',(0.687981703985,-1.75));
#6309 = CARTESIAN_POINT('',(0.636531104983,-1.75));
#6310 = CARTESIAN_POINT('',(0.584759801103,-1.75));
#6311 = CARTESIAN_POINT('',(0.49409613522,-1.75));
#6312 = CARTESIAN_POINT('',(0.455188102763,-1.75));
#6313 = CARTESIAN_POINT('',(0.41641206894,-1.75));
#6314 = CARTESIAN_POINT('',(0.377887811553,-1.75));
#6315 = CARTESIAN_POINT('',(0.339720087437,-1.75));
#6316 = CARTESIAN_POINT('',(0.283366820755,-1.75));
#6317 = CARTESIAN_POINT('',(0.264841737841,-1.75));
#6318 = CARTESIAN_POINT('',(0.246434770218,-1.75));
#6319 = CARTESIAN_POINT('',(0.228154365653,-1.75));
#6320 = CARTESIAN_POINT('',(0.210007537254,-1.75));
#6321 = CARTESIAN_POINT('',(0.158728780062,-1.75));
#6322 = CARTESIAN_POINT('',(0.125933652526,-1.75));
#6323 = CARTESIAN_POINT('',(9.364899316421E-02,-1.75));
#6324 = CARTESIAN_POINT('',(6.189472969192E-02,-1.75));
#6325 = CARTESIAN_POINT('',(3.067886493582E-02,-1.75));
#6326 = CARTESIAN_POINT('',(0.,-1.75));
#6327 = ( GEOMETRIC_REPRESENTATION_CONTEXT(2) 
PARAMETRIC_REPRESENTATION_CONTEXT() REPRESENTATION_CONTEXT('2D SPACE',''
  ) );
#6328 = ORIENTED_EDGE('',*,*,#6329,.F.);
#6329 = EDGE_CURVE('',#5580,#6228,#6330,.T.);
#6330 = SURFACE_CURVE('',#6331,(#6349,#6370),.PCURVE_S1.);
#6331 = B_SPLINE_CURVE_WITH_KNOTS('',6,(#6332,#6333,#6334,#6335,#6336,
    #6337,#6338,#6339,#6340,#6341,#6342,#6343,#6344,#6345,#6346,#6347,
    #6348),.UNSPECIFIED.,.F.,.F.,(7,5,5,7),(0.,0.429544573284,
    0.785459204528,1.),.UNSPECIFIED.);
#6332 = CARTESIAN_POINT('',(-169.5291713006,-3.412923525159,
    1.578044957098));
#6333 = CARTESIAN_POINT('',(-169.5291713006,-2.669756342832,
    1.578044957098));
#6334 = CARTESIAN_POINT('',(-169.5291713006,-1.926835352454,
    1.594673058003));
#6335 = CARTESIAN_POINT('',(-169.5291713006,-1.184439740821,
    1.629925070786));
#6336 = CARTESIAN_POINT('',(-169.5291713006,-0.443342846277,
    1.686316709033));
#6337 = CARTESIAN_POINT('',(-169.5291713006,0.295185814093,
    1.766946907579));
#6338 = CARTESIAN_POINT('',(-169.5291713006,1.63763192071,1.966459823275
    ));
#6339 = CARTESIAN_POINT('',(-169.5291713006,2.242699156128,
    2.076383194687));
#6340 = CARTESIAN_POINT('',(-169.5291713006,2.843662269584,
    2.208239107269));
#6341 = CARTESIAN_POINT('',(-169.5291713006,3.438731399147,
    2.364915758326));
#6342 = CARTESIAN_POINT('',(-169.5291713006,4.025186118095,
    2.549811795481));
#6343 = CARTESIAN_POINT('',(-169.5291713006,4.945472903582,
    2.897714563082));
#6344 = CARTESIAN_POINT('',(-169.5291713006,5.28704623267,3.040215600232
    ));
#6345 = CARTESIAN_POINT('',(-169.5291713006,5.623238846389,
    3.195214080845));
#6346 = CARTESIAN_POINT('',(-169.5291713006,5.952934809736,
    3.363548684999));
#6347 = CARTESIAN_POINT('',(-169.5291713006,6.274774752432,
    3.546006195932));
#6348 = CARTESIAN_POINT('',(-169.5291713006,6.587234572577,
    3.743168032415));
#6349 = PCURVE('',#5020,#6350);
#6350 = DEFINITIONAL_REPRESENTATION('',(#6351),#6369);
#6351 = B_SPLINE_CURVE_WITH_KNOTS('',6,(#6352,#6353,#6354,#6355,#6356,
    #6357,#6358,#6359,#6360,#6361,#6362,#6363,#6364,#6365,#6366,#6367,
    #6368),.UNSPECIFIED.,.F.,.F.,(7,5,5,7),(0.,0.429544573284,
    0.785459204528,1.),.UNSPECIFIED.);
#6352 = CARTESIAN_POINT('',(-1.578044957098,-3.412923525159));
#6353 = CARTESIAN_POINT('',(-1.578044957098,-2.669756342832));
#6354 = CARTESIAN_POINT('',(-1.594673058003,-1.926835352454));
#6355 = CARTESIAN_POINT('',(-1.629925070786,-1.184439740821));
#6356 = CARTESIAN_POINT('',(-1.686316709033,-0.443342846277));
#6357 = CARTESIAN_POINT('',(-1.766946907579,0.295185814093));
#6358 = CARTESIAN_POINT('',(-1.966459823275,1.63763192071));
#6359 = CARTESIAN_POINT('',(-2.076383194687,2.242699156128));
#6360 = CARTESIAN_POINT('',(-2.208239107269,2.843662269584));
#6361 = CARTESIAN_POINT('',(-2.364915758326,3.438731399147));
#6362 = CARTESIAN_POINT('',(-2.549811795481,4.025186118095));
#6363 = CARTESIAN_POINT('',(-2.897714563082,4.945472903582));
#6364 = CARTESIAN_POINT('',(-3.040215600232,5.28704623267));
#6365 = CARTESIAN_POINT('',(-3.195214080845,5.623238846389));
#6366 = CARTESIAN_POINT('',(-3.363548684999,5.952934809736));
#6367 = CARTESIAN_POINT('',(-3.546006195932,6.274774752432));
#6368 = CARTESIAN_POINT('',(-3.743168032415,6.587234572577));
#6369 = ( GEOMETRIC_REPRESENTATION_CONTEXT(2) 
PARAMETRIC_REPRESENTATION_CONTEXT() REPRESENTATION_CONTEXT('2D SPACE',''
  ) );
#6370 = PCURVE('',#6371,#6378);
#6371 = SURFACE_OF_LINEAR_EXTRUSION('',#6372,#6376);
#6372 = B_SPLINE_CURVE_WITH_KNOTS('',2,(#6373,#6374,#6375),
  .UNSPECIFIED.,.F.,.F.,(3,3),(0.,1.),.PIECEWISE_BEZIER_KNOTS.);
#6373 = CARTESIAN_POINT('',(-171.2791713006,6.587234572577,
    3.743168032415));
#6374 = CARTESIAN_POINT('',(-171.2791713006,3.155972322372,
    1.578044957098));
#6375 = CARTESIAN_POINT('',(-171.2791713006,-3.412923525159,
    1.578044957098));
#6376 = VECTOR('',#6377,1.);
#6377 = DIRECTION('',(-1.,1.359631073447E-32,1.110223024625E-16));
#6378 = DEFINITIONAL_REPRESENTATION('',(#6379),#6397);
#6379 = B_SPLINE_CURVE_WITH_KNOTS('',6,(#6380,#6381,#6382,#6383,#6384,
    #6385,#6386,#6387,#6388,#6389,#6390,#6391,#6392,#6393,#6394,#6395,
    #6396),.UNSPECIFIED.,.F.,.F.,(7,5,5,7),(0.,0.429544573284,
    0.785459204528,1.),.UNSPECIFIED.);
#6380 = CARTESIAN_POINT('',(1.,-1.75));
#6381 = CARTESIAN_POINT('',(0.943432869117,-1.75));
#6382 = CARTESIAN_POINT('',(0.885050306051,-1.75));
#6383 = CARTESIAN_POINT('',(0.824653412488,-1.75));
#6384 = CARTESIAN_POINT('',(0.762023554968,-1.75));
#6385 = CARTESIAN_POINT('',(0.696915534791,-1.75));
#6386 = CARTESIAN_POINT('',(0.57272613688,-1.75));
#6387 = CARTESIAN_POINT('',(0.514545506793,-1.75));
#6388 = CARTESIAN_POINT('',(0.454257986785,-1.75));
#6389 = CARTESIAN_POINT('',(0.39168123039,-1.75));
#6390 = CARTESIAN_POINT('',(0.326647416795,-1.75));
#6391 = CARTESIAN_POINT('',(0.218223000864,-1.75));
#6392 = CARTESIAN_POINT('',(0.176505053588,-1.75));
#6393 = CARTESIAN_POINT('',(0.133818129356,-1.75));
#6394 = CARTESIAN_POINT('',(9.015465795585E-02,-1.75));
#6395 = CARTESIAN_POINT('',(4.553132307594E-02,-1.75));
#6396 = CARTESIAN_POINT('',(0.,-1.75));
#6397 = ( GEOMETRIC_REPRESENTATION_CONTEXT(2) 
PARAMETRIC_REPRESENTATION_CONTEXT() REPRESENTATION_CONTEXT('2D SPACE',''
  ) );
#6398 = ADVANCED_FACE('',(#6399),#5129,.F.);
#6399 = FACE_BOUND('',#6400,.F.);
#6400 = EDGE_LOOP('',(#6401,#6402,#6403,#6404));
#6401 = ORIENTED_EDGE('',*,*,#5113,.T.);
#6402 = ORIENTED_EDGE('',*,*,#5265,.T.);
#6403 = ORIENTED_EDGE('',*,*,#5189,.F.);
#6404 = ORIENTED_EDGE('',*,*,#5238,.F.);
#6405 = ADVANCED_FACE('',(#6406),#5306,.F.);
#6406 = FACE_BOUND('',#6407,.F.);
#6407 = EDGE_LOOP('',(#6408,#6438,#6459,#6460));
#6408 = ORIENTED_EDGE('',*,*,#6409,.F.);
#6409 = EDGE_CURVE('',#6410,#6412,#6414,.T.);
#6410 = VERTEX_POINT('',#6411);
#6411 = CARTESIAN_POINT('',(-171.2791713006,9.174404039523,
    -8.403776282128));
#6412 = VERTEX_POINT('',#6413);
#6413 = CARTESIAN_POINT('',(-171.2791713006,2.935810561892,
    -8.403776282128));
#6414 = SURFACE_CURVE('',#6415,(#6419,#6426),.PCURVE_S1.);
#6415 = LINE('',#6416,#6417);
#6416 = CARTESIAN_POINT('',(-171.2791713006,9.174404039523,
    -8.403776282128));
#6417 = VECTOR('',#6418,1.);
#6418 = DIRECTION('',(0.,-1.,1.224646799147E-16));
#6419 = PCURVE('',#5306,#6420);
#6420 = DEFINITIONAL_REPRESENTATION('',(#6421),#6425);
#6421 = LINE('',#6422,#6423);
#6422 = CARTESIAN_POINT('',(0.,0.));
#6423 = VECTOR('',#6424,1.);
#6424 = DIRECTION('',(1.,0.));
#6425 = ( GEOMETRIC_REPRESENTATION_CONTEXT(2) 
PARAMETRIC_REPRESENTATION_CONTEXT() REPRESENTATION_CONTEXT('2D SPACE',''
  ) );
#6426 = PCURVE('',#6427,#6432);
#6427 = PLANE('',#6428);
#6428 = AXIS2_PLACEMENT_3D('',#6429,#6430,#6431);
#6429 = CARTESIAN_POINT('',(-171.2791713006,9.174404039523,
    -20.40384654104));
#6430 = DIRECTION('',(1.,-1.359631073447E-32,-1.110223024625E-16));
#6431 = DIRECTION('',(1.110223024625E-16,1.224646799147E-16,1.));
#6432 = DEFINITIONAL_REPRESENTATION('',(#6433),#6437);
#6433 = LINE('',#6434,#6435);
#6434 = CARTESIAN_POINT('',(12.000070258921,0.));
#6435 = VECTOR('',#6436,1.);
#6436 = DIRECTION('',(0.,1.));
#6437 = ( GEOMETRIC_REPRESENTATION_CONTEXT(2) 
PARAMETRIC_REPRESENTATION_CONTEXT() REPRESENTATION_CONTEXT('2D SPACE',''
  ) );
#6438 = ORIENTED_EDGE('',*,*,#6439,.T.);
#6439 = EDGE_CURVE('',#6410,#5292,#6440,.T.);
#6440 = SURFACE_CURVE('',#6441,(#6445,#6452),.PCURVE_S1.);
#6441 = LINE('',#6442,#6443);
#6442 = CARTESIAN_POINT('',(-171.2791713006,9.174404039523,
    -8.403776282128));
#6443 = VECTOR('',#6444,1.);
#6444 = DIRECTION('',(1.,-1.359631073447E-32,-1.110223024625E-16));
#6445 = PCURVE('',#5306,#6446);
#6446 = DEFINITIONAL_REPRESENTATION('',(#6447),#6451);
#6447 = LINE('',#6448,#6449);
#6448 = CARTESIAN_POINT('',(0.,0.));
#6449 = VECTOR('',#6450,1.);
#6450 = DIRECTION('',(0.,-1.));
#6451 = ( GEOMETRIC_REPRESENTATION_CONTEXT(2) 
PARAMETRIC_REPRESENTATION_CONTEXT() REPRESENTATION_CONTEXT('2D SPACE',''
  ) );
#6452 = PCURVE('',#5564,#6453);
#6453 = DEFINITIONAL_REPRESENTATION('',(#6454),#6458);
#6454 = LINE('',#6455,#6456);
#6455 = CARTESIAN_POINT('',(3.229437348236,0.));
#6456 = VECTOR('',#6457,1.);
#6457 = DIRECTION('',(0.,-1.));
#6458 = ( GEOMETRIC_REPRESENTATION_CONTEXT(2) 
PARAMETRIC_REPRESENTATION_CONTEXT() REPRESENTATION_CONTEXT('2D SPACE',''
  ) );
#6459 = ORIENTED_EDGE('',*,*,#5289,.F.);
#6460 = ORIENTED_EDGE('',*,*,#6461,.F.);
#6461 = EDGE_CURVE('',#6412,#5290,#6462,.T.);
#6462 = SURFACE_CURVE('',#6463,(#6467,#6474),.PCURVE_S1.);
#6463 = LINE('',#6464,#6465);
#6464 = CARTESIAN_POINT('',(-171.2791713006,2.935810561892,
    -8.403776282128));
#6465 = VECTOR('',#6466,1.);
#6466 = DIRECTION('',(1.,-1.359631073447E-32,-1.110223024625E-16));
#6467 = PCURVE('',#5306,#6468);
#6468 = DEFINITIONAL_REPRESENTATION('',(#6469),#6473);
#6469 = LINE('',#6470,#6471);
#6470 = CARTESIAN_POINT('',(6.238593477631,0.));
#6471 = VECTOR('',#6472,1.);
#6472 = DIRECTION('',(0.,-1.));
#6473 = ( GEOMETRIC_REPRESENTATION_CONTEXT(2) 
PARAMETRIC_REPRESENTATION_CONTEXT() REPRESENTATION_CONTEXT('2D SPACE',''
  ) );
#6474 = PCURVE('',#5332,#6475);
#6475 = DEFINITIONAL_REPRESENTATION('',(#6476),#6480);
#6476 = LINE('',#6477,#6478);
#6477 = CARTESIAN_POINT('',(0.,-0.));
#6478 = VECTOR('',#6479,1.);
#6479 = DIRECTION('',(0.,-1.));
#6480 = ( GEOMETRIC_REPRESENTATION_CONTEXT(2) 
PARAMETRIC_REPRESENTATION_CONTEXT() REPRESENTATION_CONTEXT('2D SPACE',''
  ) );
#6481 = ADVANCED_FACE('',(#6482),#5564,.F.);
#6482 = FACE_BOUND('',#6483,.F.);
#6483 = EDGE_LOOP('',(#6484,#6507,#6528,#6529));
#6484 = ORIENTED_EDGE('',*,*,#6485,.F.);
#6485 = EDGE_CURVE('',#6486,#6410,#6488,.T.);
#6486 = VERTEX_POINT('',#6487);
#6487 = CARTESIAN_POINT('',(-171.2791713006,9.174404039523,
    -5.174338933892));
#6488 = SURFACE_CURVE('',#6489,(#6493,#6500),.PCURVE_S1.);
#6489 = LINE('',#6490,#6491);
#6490 = CARTESIAN_POINT('',(-171.2791713006,9.174404039523,
    -5.174338933892));
#6491 = VECTOR('',#6492,1.);
#6492 = DIRECTION('',(-1.110223024625E-16,-1.224646799147E-16,-1.));
#6493 = PCURVE('',#5564,#6494);
#6494 = DEFINITIONAL_REPRESENTATION('',(#6495),#6499);
#6495 = LINE('',#6496,#6497);
#6496 = CARTESIAN_POINT('',(0.,-0.));
#6497 = VECTOR('',#6498,1.);
#6498 = DIRECTION('',(1.,0.));
#6499 = ( GEOMETRIC_REPRESENTATION_CONTEXT(2) 
PARAMETRIC_REPRESENTATION_CONTEXT() REPRESENTATION_CONTEXT('2D SPACE',''
  ) );
#6500 = PCURVE('',#6427,#6501);
#6501 = DEFINITIONAL_REPRESENTATION('',(#6502),#6506);
#6502 = LINE('',#6503,#6504);
#6503 = CARTESIAN_POINT('',(15.229507607157,0.));
#6504 = VECTOR('',#6505,1.);
#6505 = DIRECTION('',(-1.,0.));
#6506 = ( GEOMETRIC_REPRESENTATION_CONTEXT(2) 
PARAMETRIC_REPRESENTATION_CONTEXT() REPRESENTATION_CONTEXT('2D SPACE',''
  ) );
#6507 = ORIENTED_EDGE('',*,*,#6508,.T.);
#6508 = EDGE_CURVE('',#6486,#5526,#6509,.T.);
#6509 = SURFACE_CURVE('',#6510,(#6514,#6521),.PCURVE_S1.);
#6510 = LINE('',#6511,#6512);
#6511 = CARTESIAN_POINT('',(-171.2791713006,9.174404039523,
    -5.174338933892));
#6512 = VECTOR('',#6513,1.);
#6513 = DIRECTION('',(1.,-1.359631073447E-32,-1.110223024625E-16));
#6514 = PCURVE('',#5564,#6515);
#6515 = DEFINITIONAL_REPRESENTATION('',(#6516),#6520);
#6516 = LINE('',#6517,#6518);
#6517 = CARTESIAN_POINT('',(0.,-0.));
#6518 = VECTOR('',#6519,1.);
#6519 = DIRECTION('',(0.,-1.));
#6520 = ( GEOMETRIC_REPRESENTATION_CONTEXT(2) 
PARAMETRIC_REPRESENTATION_CONTEXT() REPRESENTATION_CONTEXT('2D SPACE',''
  ) );
#6521 = PCURVE('',#5540,#6522);
#6522 = DEFINITIONAL_REPRESENTATION('',(#6523),#6527);
#6523 = LINE('',#6524,#6525);
#6524 = CARTESIAN_POINT('',(6.238593477631,0.));
#6525 = VECTOR('',#6526,1.);
#6526 = DIRECTION('',(0.,-1.));
#6527 = ( GEOMETRIC_REPRESENTATION_CONTEXT(2) 
PARAMETRIC_REPRESENTATION_CONTEXT() REPRESENTATION_CONTEXT('2D SPACE',''
  ) );
#6528 = ORIENTED_EDGE('',*,*,#5551,.F.);
#6529 = ORIENTED_EDGE('',*,*,#6439,.F.);
#6530 = ADVANCED_FACE('',(#6531),#5540,.F.);
#6531 = FACE_BOUND('',#6532,.F.);
#6532 = EDGE_LOOP('',(#6533,#6556,#6577,#6578));
#6533 = ORIENTED_EDGE('',*,*,#6534,.F.);
#6534 = EDGE_CURVE('',#6535,#6486,#6537,.T.);
#6535 = VERTEX_POINT('',#6536);
#6536 = CARTESIAN_POINT('',(-171.2791713006,2.935810561892,
    -5.174338933892));
#6537 = SURFACE_CURVE('',#6538,(#6542,#6549),.PCURVE_S1.);
#6538 = LINE('',#6539,#6540);
#6539 = CARTESIAN_POINT('',(-171.2791713006,2.935810561892,
    -5.174338933892));
#6540 = VECTOR('',#6541,1.);
#6541 = DIRECTION('',(0.,1.,-1.224646799147E-16));
#6542 = PCURVE('',#5540,#6543);
#6543 = DEFINITIONAL_REPRESENTATION('',(#6544),#6548);
#6544 = LINE('',#6545,#6546);
#6545 = CARTESIAN_POINT('',(0.,0.));
#6546 = VECTOR('',#6547,1.);
#6547 = DIRECTION('',(1.,0.));
#6548 = ( GEOMETRIC_REPRESENTATION_CONTEXT(2) 
PARAMETRIC_REPRESENTATION_CONTEXT() REPRESENTATION_CONTEXT('2D SPACE',''
  ) );
#6549 = PCURVE('',#6427,#6550);
#6550 = DEFINITIONAL_REPRESENTATION('',(#6551),#6555);
#6551 = LINE('',#6552,#6553);
#6552 = CARTESIAN_POINT('',(15.229507607157,6.238593477631));
#6553 = VECTOR('',#6554,1.);
#6554 = DIRECTION('',(0.,-1.));
#6555 = ( GEOMETRIC_REPRESENTATION_CONTEXT(2) 
PARAMETRIC_REPRESENTATION_CONTEXT() REPRESENTATION_CONTEXT('2D SPACE',''
  ) );
#6556 = ORIENTED_EDGE('',*,*,#6557,.T.);
#6557 = EDGE_CURVE('',#6535,#5500,#6558,.T.);
#6558 = SURFACE_CURVE('',#6559,(#6563,#6570),.PCURVE_S1.);
#6559 = LINE('',#6560,#6561);
#6560 = CARTESIAN_POINT('',(-171.2791713006,2.935810561892,
    -5.174338933892));
#6561 = VECTOR('',#6562,1.);
#6562 = DIRECTION('',(1.,-1.359631073447E-32,-1.110223024625E-16));
#6563 = PCURVE('',#5540,#6564);
#6564 = DEFINITIONAL_REPRESENTATION('',(#6565),#6569);
#6565 = LINE('',#6566,#6567);
#6566 = CARTESIAN_POINT('',(0.,0.));
#6567 = VECTOR('',#6568,1.);
#6568 = DIRECTION('',(0.,-1.));
#6569 = ( GEOMETRIC_REPRESENTATION_CONTEXT(2) 
PARAMETRIC_REPRESENTATION_CONTEXT() REPRESENTATION_CONTEXT('2D SPACE',''
  ) );
#6570 = PCURVE('',#5514,#6571);
#6571 = DEFINITIONAL_REPRESENTATION('',(#6572),#6576);
#6572 = LINE('',#6573,#6574);
#6573 = CARTESIAN_POINT('',(3.853248912654,0.));
#6574 = VECTOR('',#6575,1.);
#6575 = DIRECTION('',(0.,-1.));
#6576 = ( GEOMETRIC_REPRESENTATION_CONTEXT(2) 
PARAMETRIC_REPRESENTATION_CONTEXT() REPRESENTATION_CONTEXT('2D SPACE',''
  ) );
#6577 = ORIENTED_EDGE('',*,*,#5525,.F.);
#6578 = ORIENTED_EDGE('',*,*,#6508,.F.);
#6579 = ADVANCED_FACE('',(#6580),#5514,.F.);
#6580 = FACE_BOUND('',#6581,.F.);
#6581 = EDGE_LOOP('',(#6582,#6605,#6626,#6627));
#6582 = ORIENTED_EDGE('',*,*,#6583,.F.);
#6583 = EDGE_CURVE('',#6584,#6535,#6586,.T.);
#6584 = VERTEX_POINT('',#6585);
#6585 = CARTESIAN_POINT('',(-171.2791713006,2.935810561892,
    -1.321090021238));
#6586 = SURFACE_CURVE('',#6587,(#6591,#6598),.PCURVE_S1.);
#6587 = LINE('',#6588,#6589);
#6588 = CARTESIAN_POINT('',(-171.2791713006,2.935810561892,
    -1.321090021238));
#6589 = VECTOR('',#6590,1.);
#6590 = DIRECTION('',(-1.110223024625E-16,-1.224646799147E-16,-1.));
#6591 = PCURVE('',#5514,#6592);
#6592 = DEFINITIONAL_REPRESENTATION('',(#6593),#6597);
#6593 = LINE('',#6594,#6595);
#6594 = CARTESIAN_POINT('',(0.,-0.));
#6595 = VECTOR('',#6596,1.);
#6596 = DIRECTION('',(1.,0.));
#6597 = ( GEOMETRIC_REPRESENTATION_CONTEXT(2) 
PARAMETRIC_REPRESENTATION_CONTEXT() REPRESENTATION_CONTEXT('2D SPACE',''
  ) );
#6598 = PCURVE('',#6427,#6599);
#6599 = DEFINITIONAL_REPRESENTATION('',(#6600),#6604);
#6600 = LINE('',#6601,#6602);
#6601 = CARTESIAN_POINT('',(19.082756519811,6.238593477631));
#6602 = VECTOR('',#6603,1.);
#6603 = DIRECTION('',(-1.,0.));
#6604 = ( GEOMETRIC_REPRESENTATION_CONTEXT(2) 
PARAMETRIC_REPRESENTATION_CONTEXT() REPRESENTATION_CONTEXT('2D SPACE',''
  ) );
#6605 = ORIENTED_EDGE('',*,*,#6606,.T.);
#6606 = EDGE_CURVE('',#6584,#5474,#6607,.T.);
#6607 = SURFACE_CURVE('',#6608,(#6612,#6619),.PCURVE_S1.);
#6608 = LINE('',#6609,#6610);
#6609 = CARTESIAN_POINT('',(-171.2791713006,2.935810561892,
    -1.321090021238));
#6610 = VECTOR('',#6611,1.);
#6611 = DIRECTION('',(1.,-1.359631073447E-32,-1.110223024625E-16));
#6612 = PCURVE('',#5514,#6613);
#6613 = DEFINITIONAL_REPRESENTATION('',(#6614),#6618);
#6614 = LINE('',#6615,#6616);
#6615 = CARTESIAN_POINT('',(0.,-0.));
#6616 = VECTOR('',#6617,1.);
#6617 = DIRECTION('',(0.,-1.));
#6618 = ( GEOMETRIC_REPRESENTATION_CONTEXT(2) 
PARAMETRIC_REPRESENTATION_CONTEXT() REPRESENTATION_CONTEXT('2D SPACE',''
  ) );
#6619 = PCURVE('',#5488,#6620);
#6620 = DEFINITIONAL_REPRESENTATION('',(#6621),#6625);
#6621 = LINE('',#6622,#6623);
#6622 = CARTESIAN_POINT('',(2.899134978336,0.));
#6623 = VECTOR('',#6624,1.);
#6624 = DIRECTION('',(0.,-1.));
#6625 = ( GEOMETRIC_REPRESENTATION_CONTEXT(2) 
PARAMETRIC_REPRESENTATION_CONTEXT() REPRESENTATION_CONTEXT('2D SPACE',''
  ) );
#6626 = ORIENTED_EDGE('',*,*,#5499,.F.);
#6627 = ORIENTED_EDGE('',*,*,#6557,.F.);
#6628 = ADVANCED_FACE('',(#6629),#5488,.F.);
#6629 = FACE_BOUND('',#6630,.F.);
#6630 = EDGE_LOOP('',(#6631,#6654,#6675,#6676));
#6631 = ORIENTED_EDGE('',*,*,#6632,.F.);
#6632 = EDGE_CURVE('',#6633,#6584,#6635,.T.);
#6633 = VERTEX_POINT('',#6634);
#6634 = CARTESIAN_POINT('',(-171.2791713006,3.667558355652E-02,
    -1.321090021238));
#6635 = SURFACE_CURVE('',#6636,(#6640,#6647),.PCURVE_S1.);
#6636 = LINE('',#6637,#6638);
#6637 = CARTESIAN_POINT('',(-171.2791713006,3.667558355652E-02,
    -1.321090021238));
#6638 = VECTOR('',#6639,1.);
#6639 = DIRECTION('',(0.,1.,-1.224646799147E-16));
#6640 = PCURVE('',#5488,#6641);
#6641 = DEFINITIONAL_REPRESENTATION('',(#6642),#6646);
#6642 = LINE('',#6643,#6644);
#6643 = CARTESIAN_POINT('',(0.,0.));
#6644 = VECTOR('',#6645,1.);
#6645 = DIRECTION('',(1.,0.));
#6646 = ( GEOMETRIC_REPRESENTATION_CONTEXT(2) 
PARAMETRIC_REPRESENTATION_CONTEXT() REPRESENTATION_CONTEXT('2D SPACE',''
  ) );
#6647 = PCURVE('',#6427,#6648);
#6648 = DEFINITIONAL_REPRESENTATION('',(#6649),#6653);
#6649 = LINE('',#6650,#6651);
#6650 = CARTESIAN_POINT('',(19.082756519811,9.137728455967));
#6651 = VECTOR('',#6652,1.);
#6652 = DIRECTION('',(0.,-1.));
#6653 = ( GEOMETRIC_REPRESENTATION_CONTEXT(2) 
PARAMETRIC_REPRESENTATION_CONTEXT() REPRESENTATION_CONTEXT('2D SPACE',''
  ) );
#6654 = ORIENTED_EDGE('',*,*,#6655,.T.);
#6655 = EDGE_CURVE('',#6633,#5448,#6656,.T.);
#6656 = SURFACE_CURVE('',#6657,(#6661,#6668),.PCURVE_S1.);
#6657 = LINE('',#6658,#6659);
#6658 = CARTESIAN_POINT('',(-171.2791713006,3.667558355652E-02,
    -1.321090021238));
#6659 = VECTOR('',#6660,1.);
#6660 = DIRECTION('',(1.,-1.359631073447E-32,-1.110223024625E-16));
#6661 = PCURVE('',#5488,#6662);
#6662 = DEFINITIONAL_REPRESENTATION('',(#6663),#6667);
#6663 = LINE('',#6664,#6665);
#6664 = CARTESIAN_POINT('',(0.,0.));
#6665 = VECTOR('',#6666,1.);
#6666 = DIRECTION('',(0.,-1.));
#6667 = ( GEOMETRIC_REPRESENTATION_CONTEXT(2) 
PARAMETRIC_REPRESENTATION_CONTEXT() REPRESENTATION_CONTEXT('2D SPACE',''
  ) );
#6668 = PCURVE('',#5462,#6669);
#6669 = DEFINITIONAL_REPRESENTATION('',(#6670),#6674);
#6670 = LINE('',#6671,#6672);
#6671 = CARTESIAN_POINT('',(3.853248912654,0.));
#6672 = VECTOR('',#6673,1.);
#6673 = DIRECTION('',(0.,-1.));
#6674 = ( GEOMETRIC_REPRESENTATION_CONTEXT(2) 
PARAMETRIC_REPRESENTATION_CONTEXT() REPRESENTATION_CONTEXT('2D SPACE',''
  ) );
#6675 = ORIENTED_EDGE('',*,*,#5473,.F.);
#6676 = ORIENTED_EDGE('',*,*,#6606,.F.);
#6677 = ADVANCED_FACE('',(#6678),#5462,.F.);
#6678 = FACE_BOUND('',#6679,.F.);
#6679 = EDGE_LOOP('',(#6680,#6703,#6724,#6725));
#6680 = ORIENTED_EDGE('',*,*,#6681,.F.);
#6681 = EDGE_CURVE('',#6682,#6633,#6684,.T.);
#6682 = VERTEX_POINT('',#6683);
#6683 = CARTESIAN_POINT('',(-171.2791713006,3.667558355652E-02,
    -5.174338933892));
#6684 = SURFACE_CURVE('',#6685,(#6689,#6696),.PCURVE_S1.);
#6685 = LINE('',#6686,#6687);
#6686 = CARTESIAN_POINT('',(-171.2791713006,3.667558355652E-02,
    -5.174338933892));
#6687 = VECTOR('',#6688,1.);
#6688 = DIRECTION('',(1.110223024625E-16,1.224646799147E-16,1.));
#6689 = PCURVE('',#5462,#6690);
#6690 = DEFINITIONAL_REPRESENTATION('',(#6691),#6695);
#6691 = LINE('',#6692,#6693);
#6692 = CARTESIAN_POINT('',(0.,0.));
#6693 = VECTOR('',#6694,1.);
#6694 = DIRECTION('',(1.,0.));
#6695 = ( GEOMETRIC_REPRESENTATION_CONTEXT(2) 
PARAMETRIC_REPRESENTATION_CONTEXT() REPRESENTATION_CONTEXT('2D SPACE',''
  ) );
#6696 = PCURVE('',#6427,#6697);
#6697 = DEFINITIONAL_REPRESENTATION('',(#6698),#6702);
#6698 = LINE('',#6699,#6700);
#6699 = CARTESIAN_POINT('',(15.229507607157,9.137728455967));
#6700 = VECTOR('',#6701,1.);
#6701 = DIRECTION('',(1.,0.));
#6702 = ( GEOMETRIC_REPRESENTATION_CONTEXT(2) 
PARAMETRIC_REPRESENTATION_CONTEXT() REPRESENTATION_CONTEXT('2D SPACE',''
  ) );
#6703 = ORIENTED_EDGE('',*,*,#6704,.T.);
#6704 = EDGE_CURVE('',#6682,#5422,#6705,.T.);
#6705 = SURFACE_CURVE('',#6706,(#6710,#6717),.PCURVE_S1.);
#6706 = LINE('',#6707,#6708);
#6707 = CARTESIAN_POINT('',(-171.2791713006,3.667558355652E-02,
    -5.174338933892));
#6708 = VECTOR('',#6709,1.);
#6709 = DIRECTION('',(1.,-1.359631073447E-32,-1.110223024625E-16));
#6710 = PCURVE('',#5462,#6711);
#6711 = DEFINITIONAL_REPRESENTATION('',(#6712),#6716);
#6712 = LINE('',#6713,#6714);
#6713 = CARTESIAN_POINT('',(0.,0.));
#6714 = VECTOR('',#6715,1.);
#6715 = DIRECTION('',(0.,-1.));
#6716 = ( GEOMETRIC_REPRESENTATION_CONTEXT(2) 
PARAMETRIC_REPRESENTATION_CONTEXT() REPRESENTATION_CONTEXT('2D SPACE',''
  ) );
#6717 = PCURVE('',#5436,#6718);
#6718 = DEFINITIONAL_REPRESENTATION('',(#6719),#6723);
#6719 = LINE('',#6720,#6721);
#6720 = CARTESIAN_POINT('',(16.880899998295,0.));
#6721 = VECTOR('',#6722,1.);
#6722 = DIRECTION('',(0.,-1.));
#6723 = ( GEOMETRIC_REPRESENTATION_CONTEXT(2) 
PARAMETRIC_REPRESENTATION_CONTEXT() REPRESENTATION_CONTEXT('2D SPACE',''
  ) );
#6724 = ORIENTED_EDGE('',*,*,#5447,.F.);
#6725 = ORIENTED_EDGE('',*,*,#6655,.F.);
#6726 = ADVANCED_FACE('',(#6727),#5436,.F.);
#6727 = FACE_BOUND('',#6728,.F.);
#6728 = EDGE_LOOP('',(#6729,#6752,#6773,#6774));
#6729 = ORIENTED_EDGE('',*,*,#6730,.F.);
#6730 = EDGE_CURVE('',#6731,#6682,#6733,.T.);
#6731 = VERTEX_POINT('',#6732);
#6732 = CARTESIAN_POINT('',(-171.2791713006,-16.84422441473,
    -5.174338933892));
#6733 = SURFACE_CURVE('',#6734,(#6738,#6745),.PCURVE_S1.);
#6734 = LINE('',#6735,#6736);
#6735 = CARTESIAN_POINT('',(-171.2791713006,-16.84422441473,
    -5.174338933892));
#6736 = VECTOR('',#6737,1.);
#6737 = DIRECTION('',(0.,1.,-1.224646799147E-16));
#6738 = PCURVE('',#5436,#6739);
#6739 = DEFINITIONAL_REPRESENTATION('',(#6740),#6744);
#6740 = LINE('',#6741,#6742);
#6741 = CARTESIAN_POINT('',(0.,0.));
#6742 = VECTOR('',#6743,1.);
#6743 = DIRECTION('',(1.,0.));
#6744 = ( GEOMETRIC_REPRESENTATION_CONTEXT(2) 
PARAMETRIC_REPRESENTATION_CONTEXT() REPRESENTATION_CONTEXT('2D SPACE',''
  ) );
#6745 = PCURVE('',#6427,#6746);
#6746 = DEFINITIONAL_REPRESENTATION('',(#6747),#6751);
#6747 = LINE('',#6748,#6749);
#6748 = CARTESIAN_POINT('',(15.229507607157,26.018628454261));
#6749 = VECTOR('',#6750,1.);
#6750 = DIRECTION('',(0.,-1.));
#6751 = ( GEOMETRIC_REPRESENTATION_CONTEXT(2) 
PARAMETRIC_REPRESENTATION_CONTEXT() REPRESENTATION_CONTEXT('2D SPACE',''
  ) );
#6752 = ORIENTED_EDGE('',*,*,#6753,.T.);
#6753 = EDGE_CURVE('',#6731,#5396,#6754,.T.);
#6754 = SURFACE_CURVE('',#6755,(#6759,#6766),.PCURVE_S1.);
#6755 = LINE('',#6756,#6757);
#6756 = CARTESIAN_POINT('',(-171.2791713006,-16.84422441473,
    -5.174338933892));
#6757 = VECTOR('',#6758,1.);
#6758 = DIRECTION('',(1.,-1.359631073447E-32,-1.110223024625E-16));
#6759 = PCURVE('',#5436,#6760);
#6760 = DEFINITIONAL_REPRESENTATION('',(#6761),#6765);
#6761 = LINE('',#6762,#6763);
#6762 = CARTESIAN_POINT('',(0.,0.));
#6763 = VECTOR('',#6764,1.);
#6764 = DIRECTION('',(0.,-1.));
#6765 = ( GEOMETRIC_REPRESENTATION_CONTEXT(2) 
PARAMETRIC_REPRESENTATION_CONTEXT() REPRESENTATION_CONTEXT('2D SPACE',''
  ) );
#6766 = PCURVE('',#5410,#6767);
#6767 = DEFINITIONAL_REPRESENTATION('',(#6768),#6772);
#6768 = LINE('',#6769,#6770);
#6769 = CARTESIAN_POINT('',(2.385344564976,0.));
#6770 = VECTOR('',#6771,1.);
#6771 = DIRECTION('',(0.,-1.));
#6772 = ( GEOMETRIC_REPRESENTATION_CONTEXT(2) 
PARAMETRIC_REPRESENTATION_CONTEXT() REPRESENTATION_CONTEXT('2D SPACE',''
  ) );
#6773 = ORIENTED_EDGE('',*,*,#5421,.F.);
#6774 = ORIENTED_EDGE('',*,*,#6704,.F.);
#6775 = ADVANCED_FACE('',(#6776),#5410,.F.);
#6776 = FACE_BOUND('',#6777,.F.);
#6777 = EDGE_LOOP('',(#6778,#6801,#6822,#6823));
#6778 = ORIENTED_EDGE('',*,*,#6779,.F.);
#6779 = EDGE_CURVE('',#6780,#6731,#6782,.T.);
#6780 = VERTEX_POINT('',#6781);
#6781 = CARTESIAN_POINT('',(-171.2791713006,-16.84422441473,
    -7.559683498868));
#6782 = SURFACE_CURVE('',#6783,(#6787,#6794),.PCURVE_S1.);
#6783 = LINE('',#6784,#6785);
#6784 = CARTESIAN_POINT('',(-171.2791713006,-16.84422441473,
    -7.559683498868));
#6785 = VECTOR('',#6786,1.);
#6786 = DIRECTION('',(1.110223024625E-16,1.224646799147E-16,1.));
#6787 = PCURVE('',#5410,#6788);
#6788 = DEFINITIONAL_REPRESENTATION('',(#6789),#6793);
#6789 = LINE('',#6790,#6791);
#6790 = CARTESIAN_POINT('',(0.,0.));
#6791 = VECTOR('',#6792,1.);
#6792 = DIRECTION('',(1.,0.));
#6793 = ( GEOMETRIC_REPRESENTATION_CONTEXT(2) 
PARAMETRIC_REPRESENTATION_CONTEXT() REPRESENTATION_CONTEXT('2D SPACE',''
  ) );
#6794 = PCURVE('',#6427,#6795);
#6795 = DEFINITIONAL_REPRESENTATION('',(#6796),#6800);
#6796 = LINE('',#6797,#6798);
#6797 = CARTESIAN_POINT('',(12.844163042181,26.018628454261));
#6798 = VECTOR('',#6799,1.);
#6799 = DIRECTION('',(1.,0.));
#6800 = ( GEOMETRIC_REPRESENTATION_CONTEXT(2) 
PARAMETRIC_REPRESENTATION_CONTEXT() REPRESENTATION_CONTEXT('2D SPACE',''
  ) );
#6801 = ORIENTED_EDGE('',*,*,#6802,.T.);
#6802 = EDGE_CURVE('',#6780,#5370,#6803,.T.);
#6803 = SURFACE_CURVE('',#6804,(#6808,#6815),.PCURVE_S1.);
#6804 = LINE('',#6805,#6806);
#6805 = CARTESIAN_POINT('',(-171.2791713006,-16.84422441473,
    -7.559683498868));
#6806 = VECTOR('',#6807,1.);
#6807 = DIRECTION('',(1.,-1.359631073447E-32,-1.110223024625E-16));
#6808 = PCURVE('',#5410,#6809);
#6809 = DEFINITIONAL_REPRESENTATION('',(#6810),#6814);
#6810 = LINE('',#6811,#6812);
#6811 = CARTESIAN_POINT('',(1.7763568394E-15,0.));
#6812 = VECTOR('',#6813,1.);
#6813 = DIRECTION('',(0.,-1.));
#6814 = ( GEOMETRIC_REPRESENTATION_CONTEXT(2) 
PARAMETRIC_REPRESENTATION_CONTEXT() REPRESENTATION_CONTEXT('2D SPACE',''
  ) );
#6815 = PCURVE('',#5384,#6816);
#6816 = DEFINITIONAL_REPRESENTATION('',(#6817),#6821);
#6817 = LINE('',#6818,#6819);
#6818 = CARTESIAN_POINT('',(20.186973310034,0.));
#6819 = VECTOR('',#6820,1.);
#6820 = DIRECTION('',(0.,-1.));
#6821 = ( GEOMETRIC_REPRESENTATION_CONTEXT(2) 
PARAMETRIC_REPRESENTATION_CONTEXT() REPRESENTATION_CONTEXT('2D SPACE',''
  ) );
#6822 = ORIENTED_EDGE('',*,*,#5395,.F.);
#6823 = ORIENTED_EDGE('',*,*,#6753,.F.);
#6824 = ADVANCED_FACE('',(#6825),#5384,.F.);
#6825 = FACE_BOUND('',#6826,.F.);
#6826 = EDGE_LOOP('',(#6827,#6850,#6871,#6872));
#6827 = ORIENTED_EDGE('',*,*,#6828,.F.);
#6828 = EDGE_CURVE('',#6829,#6780,#6831,.T.);
#6829 = VERTEX_POINT('',#6830);
#6830 = CARTESIAN_POINT('',(-171.2791713006,-0.477114829803,
    -19.37626571433));
#6831 = SURFACE_CURVE('',#6832,(#6836,#6843),.PCURVE_S1.);
#6832 = LINE('',#6833,#6834);
#6833 = CARTESIAN_POINT('',(-171.2791713006,-0.477114829803,
    -19.37626571433));
#6834 = VECTOR('',#6835,1.);
#6835 = DIRECTION('',(6.498766034164E-17,-0.810775807426,0.585356805797)
  );
#6836 = PCURVE('',#5384,#6837);
#6837 = DEFINITIONAL_REPRESENTATION('',(#6838),#6842);
#6838 = LINE('',#6839,#6840);
#6839 = CARTESIAN_POINT('',(0.,0.));
#6840 = VECTOR('',#6841,1.);
#6841 = DIRECTION('',(1.,0.));
#6842 = ( GEOMETRIC_REPRESENTATION_CONTEXT(2) 
PARAMETRIC_REPRESENTATION_CONTEXT() REPRESENTATION_CONTEXT('2D SPACE',''
  ) );
#6843 = PCURVE('',#6427,#6844);
#6844 = DEFINITIONAL_REPRESENTATION('',(#6845),#6849);
#6845 = LINE('',#6846,#6847);
#6846 = CARTESIAN_POINT('',(1.027580826719,9.651518869326));
#6847 = VECTOR('',#6848,1.);
#6848 = DIRECTION('',(0.585356805797,0.810775807426));
#6849 = ( GEOMETRIC_REPRESENTATION_CONTEXT(2) 
PARAMETRIC_REPRESENTATION_CONTEXT() REPRESENTATION_CONTEXT('2D SPACE',''
  ) );
#6850 = ORIENTED_EDGE('',*,*,#6851,.T.);
#6851 = EDGE_CURVE('',#6829,#5344,#6852,.T.);
#6852 = SURFACE_CURVE('',#6853,(#6857,#6864),.PCURVE_S1.);
#6853 = LINE('',#6854,#6855);
#6854 = CARTESIAN_POINT('',(-171.2791713006,-0.477114829803,
    -19.37626571433));
#6855 = VECTOR('',#6856,1.);
#6856 = DIRECTION('',(1.,-1.359631073447E-32,-1.110223024625E-16));
#6857 = PCURVE('',#5384,#6858);
#6858 = DEFINITIONAL_REPRESENTATION('',(#6859),#6863);
#6859 = LINE('',#6860,#6861);
#6860 = CARTESIAN_POINT('',(0.,0.));
#6861 = VECTOR('',#6862,1.);
#6862 = DIRECTION('',(0.,-1.));
#6863 = ( GEOMETRIC_REPRESENTATION_CONTEXT(2) 
PARAMETRIC_REPRESENTATION_CONTEXT() REPRESENTATION_CONTEXT('2D SPACE',''
  ) );
#6864 = PCURVE('',#5358,#6865);
#6865 = DEFINITIONAL_REPRESENTATION('',(#6866),#6870);
#6866 = LINE('',#6867,#6868);
#6867 = CARTESIAN_POINT('',(3.412925391696,0.));
#6868 = VECTOR('',#6869,1.);
#6869 = DIRECTION('',(0.,-1.));
#6870 = ( GEOMETRIC_REPRESENTATION_CONTEXT(2) 
PARAMETRIC_REPRESENTATION_CONTEXT() REPRESENTATION_CONTEXT('2D SPACE',''
  ) );
#6871 = ORIENTED_EDGE('',*,*,#5369,.F.);
#6872 = ORIENTED_EDGE('',*,*,#6802,.F.);
#6873 = ADVANCED_FACE('',(#6874),#5358,.F.);
#6874 = FACE_BOUND('',#6875,.F.);
#6875 = EDGE_LOOP('',(#6876,#6899,#6920,#6921));
#6876 = ORIENTED_EDGE('',*,*,#6877,.F.);
#6877 = EDGE_CURVE('',#6878,#6829,#6880,.T.);
#6878 = VERTEX_POINT('',#6879);
#6879 = CARTESIAN_POINT('',(-171.2791713006,2.935810561892,
    -19.37626571433));
#6880 = SURFACE_CURVE('',#6881,(#6885,#6892),.PCURVE_S1.);
#6881 = LINE('',#6882,#6883);
#6882 = CARTESIAN_POINT('',(-171.2791713006,2.935810561892,
    -19.37626571433));
#6883 = VECTOR('',#6884,1.);
#6884 = DIRECTION('',(0.,-1.,1.224646799147E-16));
#6885 = PCURVE('',#5358,#6886);
#6886 = DEFINITIONAL_REPRESENTATION('',(#6887),#6891);
#6887 = LINE('',#6888,#6889);
#6888 = CARTESIAN_POINT('',(0.,0.));
#6889 = VECTOR('',#6890,1.);
#6890 = DIRECTION('',(1.,0.));
#6891 = ( GEOMETRIC_REPRESENTATION_CONTEXT(2) 
PARAMETRIC_REPRESENTATION_CONTEXT() REPRESENTATION_CONTEXT('2D SPACE',''
  ) );
#6892 = PCURVE('',#6427,#6893);
#6893 = DEFINITIONAL_REPRESENTATION('',(#6894),#6898);
#6894 = LINE('',#6895,#6896);
#6895 = CARTESIAN_POINT('',(1.027580826719,6.238593477631));
#6896 = VECTOR('',#6897,1.);
#6897 = DIRECTION('',(0.,1.));
#6898 = ( GEOMETRIC_REPRESENTATION_CONTEXT(2) 
PARAMETRIC_REPRESENTATION_CONTEXT() REPRESENTATION_CONTEXT('2D SPACE',''
  ) );
#6899 = ORIENTED_EDGE('',*,*,#6900,.T.);
#6900 = EDGE_CURVE('',#6878,#5318,#6901,.T.);
#6901 = SURFACE_CURVE('',#6902,(#6906,#6913),.PCURVE_S1.);
#6902 = LINE('',#6903,#6904);
#6903 = CARTESIAN_POINT('',(-171.2791713006,2.935810561892,
    -19.37626571433));
#6904 = VECTOR('',#6905,1.);
#6905 = DIRECTION('',(1.,-1.359631073447E-32,-1.110223024625E-16));
#6906 = PCURVE('',#5358,#6907);
#6907 = DEFINITIONAL_REPRESENTATION('',(#6908),#6912);
#6908 = LINE('',#6909,#6910);
#6909 = CARTESIAN_POINT('',(0.,0.));
#6910 = VECTOR('',#6911,1.);
#6911 = DIRECTION('',(0.,-1.));
#6912 = ( GEOMETRIC_REPRESENTATION_CONTEXT(2) 
PARAMETRIC_REPRESENTATION_CONTEXT() REPRESENTATION_CONTEXT('2D SPACE',''
  ) );
#6913 = PCURVE('',#5332,#6914);
#6914 = DEFINITIONAL_REPRESENTATION('',(#6915),#6919);
#6915 = LINE('',#6916,#6917);
#6916 = CARTESIAN_POINT('',(10.972489432202,0.));
#6917 = VECTOR('',#6918,1.);
#6918 = DIRECTION('',(0.,-1.));
#6919 = ( GEOMETRIC_REPRESENTATION_CONTEXT(2) 
PARAMETRIC_REPRESENTATION_CONTEXT() REPRESENTATION_CONTEXT('2D SPACE',''
  ) );
#6920 = ORIENTED_EDGE('',*,*,#5343,.F.);
#6921 = ORIENTED_EDGE('',*,*,#6851,.F.);
#6922 = ADVANCED_FACE('',(#6923),#5332,.F.);
#6923 = FACE_BOUND('',#6924,.F.);
#6924 = EDGE_LOOP('',(#6925,#6946,#6947,#6948));
#6925 = ORIENTED_EDGE('',*,*,#6926,.F.);
#6926 = EDGE_CURVE('',#6412,#6878,#6927,.T.);
#6927 = SURFACE_CURVE('',#6928,(#6932,#6939),.PCURVE_S1.);
#6928 = LINE('',#6929,#6930);
#6929 = CARTESIAN_POINT('',(-171.2791713006,2.935810561892,
    -8.403776282128));
#6930 = VECTOR('',#6931,1.);
#6931 = DIRECTION('',(-1.110223024625E-16,-1.224646799147E-16,-1.));
#6932 = PCURVE('',#5332,#6933);
#6933 = DEFINITIONAL_REPRESENTATION('',(#6934),#6938);
#6934 = LINE('',#6935,#6936);
#6935 = CARTESIAN_POINT('',(0.,-0.));
#6936 = VECTOR('',#6937,1.);
#6937 = DIRECTION('',(1.,0.));
#6938 = ( GEOMETRIC_REPRESENTATION_CONTEXT(2) 
PARAMETRIC_REPRESENTATION_CONTEXT() REPRESENTATION_CONTEXT('2D SPACE',''
  ) );
#6939 = PCURVE('',#6427,#6940);
#6940 = DEFINITIONAL_REPRESENTATION('',(#6941),#6945);
#6941 = LINE('',#6942,#6943);
#6942 = CARTESIAN_POINT('',(12.000070258921,6.238593477631));
#6943 = VECTOR('',#6944,1.);
#6944 = DIRECTION('',(-1.,0.));
#6945 = ( GEOMETRIC_REPRESENTATION_CONTEXT(2) 
PARAMETRIC_REPRESENTATION_CONTEXT() REPRESENTATION_CONTEXT('2D SPACE',''
  ) );
#6946 = ORIENTED_EDGE('',*,*,#6461,.T.);
#6947 = ORIENTED_EDGE('',*,*,#5317,.F.);
#6948 = ORIENTED_EDGE('',*,*,#6900,.F.);
#6949 = ADVANCED_FACE('',(#6950),#5617,.F.);
#6950 = FACE_BOUND('',#6951,.F.);
#6951 = EDGE_LOOP('',(#6952,#6982,#7003,#7004));
#6952 = ORIENTED_EDGE('',*,*,#6953,.F.);
#6953 = EDGE_CURVE('',#6954,#6956,#6958,.T.);
#6954 = VERTEX_POINT('',#6955);
#6955 = CARTESIAN_POINT('',(-171.2791713006,-3.412923525159,
    1.578044957098));
#6956 = VERTEX_POINT('',#6957);
#6957 = CARTESIAN_POINT('',(-171.2791713006,-9.174400306449,
    2.128509087477));
#6958 = SURFACE_CURVE('',#6959,(#6963,#6970),.PCURVE_S1.);
#6959 = B_SPLINE_CURVE_WITH_KNOTS('',2,(#6960,#6961,#6962),
  .UNSPECIFIED.,.F.,.F.,(3,3),(0.,1.),.PIECEWISE_BEZIER_KNOTS.);
#6960 = CARTESIAN_POINT('',(-171.2791713006,-3.412923525159,
    1.578044957098));
#6961 = CARTESIAN_POINT('',(-171.2791713006,-6.678915132052,
    1.578044957098));
#6962 = CARTESIAN_POINT('',(-171.2791713006,-9.174400306449,
    2.128509087477));
#6963 = PCURVE('',#5617,#6964);
#6964 = DEFINITIONAL_REPRESENTATION('',(#6965),#6969);
#6965 = LINE('',#6966,#6967);
#6966 = CARTESIAN_POINT('',(0.,0.));
#6967 = VECTOR('',#6968,1.);
#6968 = DIRECTION('',(1.,0.));
#6969 = ( GEOMETRIC_REPRESENTATION_CONTEXT(2) 
PARAMETRIC_REPRESENTATION_CONTEXT() REPRESENTATION_CONTEXT('2D SPACE',''
  ) );
#6970 = PCURVE('',#6971,#6976);
#6971 = PLANE('',#6972);
#6972 = AXIS2_PLACEMENT_3D('',#6973,#6974,#6975);
#6973 = CARTESIAN_POINT('',(-171.2791713006,9.174404039523,
    -1.123540454109E-15));
#6974 = DIRECTION('',(1.,-1.359631073447E-32,-1.110223024625E-16));
#6975 = DIRECTION('',(1.110223024625E-16,1.224646799147E-16,1.));
#6976 = DEFINITIONAL_REPRESENTATION('',(#6977),#6981);
#6977 = B_SPLINE_CURVE_WITH_KNOTS('',2,(#6978,#6979,#6980),
  .UNSPECIFIED.,.F.,.F.,(3,3),(0.,1.),.PIECEWISE_BEZIER_KNOTS.);
#6978 = CARTESIAN_POINT('',(1.578044957098,12.587327564682));
#6979 = CARTESIAN_POINT('',(1.578044957098,15.853319171575));
#6980 = CARTESIAN_POINT('',(2.128509087477,18.348804345972));
#6981 = ( GEOMETRIC_REPRESENTATION_CONTEXT(2) 
PARAMETRIC_REPRESENTATION_CONTEXT() REPRESENTATION_CONTEXT('2D SPACE',''
  ) );
#6982 = ORIENTED_EDGE('',*,*,#6983,.T.);
#6983 = EDGE_CURVE('',#6954,#5580,#6984,.T.);
#6984 = SURFACE_CURVE('',#6985,(#6989,#6996),.PCURVE_S1.);
#6985 = LINE('',#6986,#6987);
#6986 = CARTESIAN_POINT('',(-171.2791713006,-3.412923525159,
    1.578044957098));
#6987 = VECTOR('',#6988,1.);
#6988 = DIRECTION('',(1.,-1.359631073447E-32,-1.110223024625E-16));
#6989 = PCURVE('',#5617,#6990);
#6990 = DEFINITIONAL_REPRESENTATION('',(#6991),#6995);
#6991 = LINE('',#6992,#6993);
#6992 = CARTESIAN_POINT('',(0.,0.));
#6993 = VECTOR('',#6994,1.);
#6994 = DIRECTION('',(0.,-1.));
#6995 = ( GEOMETRIC_REPRESENTATION_CONTEXT(2) 
PARAMETRIC_REPRESENTATION_CONTEXT() REPRESENTATION_CONTEXT('2D SPACE',''
  ) );
#6996 = PCURVE('',#6371,#6997);
#6997 = DEFINITIONAL_REPRESENTATION('',(#6998),#7002);
#6998 = LINE('',#6999,#7000);
#6999 = CARTESIAN_POINT('',(1.,0.));
#7000 = VECTOR('',#7001,1.);
#7001 = DIRECTION('',(0.,-1.));
#7002 = ( GEOMETRIC_REPRESENTATION_CONTEXT(2) 
PARAMETRIC_REPRESENTATION_CONTEXT() REPRESENTATION_CONTEXT('2D SPACE',''
  ) );
#7003 = ORIENTED_EDGE('',*,*,#5577,.F.);
#7004 = ORIENTED_EDGE('',*,*,#7005,.F.);
#7005 = EDGE_CURVE('',#6956,#5578,#7006,.T.);
#7006 = SURFACE_CURVE('',#7007,(#7011,#7018),.PCURVE_S1.);
#7007 = LINE('',#7008,#7009);
#7008 = CARTESIAN_POINT('',(-171.2791713006,-9.174400306449,
    2.128509087477));
#7009 = VECTOR('',#7010,1.);
#7010 = DIRECTION('',(1.,-1.359631073447E-32,-1.110223024625E-16));
#7011 = PCURVE('',#5617,#7012);
#7012 = DEFINITIONAL_REPRESENTATION('',(#7013),#7017);
#7013 = LINE('',#7014,#7015);
#7014 = CARTESIAN_POINT('',(1.,0.));
#7015 = VECTOR('',#7016,1.);
#7016 = DIRECTION('',(0.,-1.));
#7017 = ( GEOMETRIC_REPRESENTATION_CONTEXT(2) 
PARAMETRIC_REPRESENTATION_CONTEXT() REPRESENTATION_CONTEXT('2D SPACE',''
  ) );
#7018 = PCURVE('',#5686,#7019);
#7019 = DEFINITIONAL_REPRESENTATION('',(#7020),#7024);
#7020 = LINE('',#7021,#7022);
#7021 = CARTESIAN_POINT('',(0.,0.));
#7022 = VECTOR('',#7023,1.);
#7023 = DIRECTION('',(0.,-1.));
#7024 = ( GEOMETRIC_REPRESENTATION_CONTEXT(2) 
PARAMETRIC_REPRESENTATION_CONTEXT() REPRESENTATION_CONTEXT('2D SPACE',''
  ) );
#7025 = ADVANCED_FACE('',(#7026),#6371,.F.);
#7026 = FACE_BOUND('',#7027,.F.);
#7027 = EDGE_LOOP('',(#7028,#7051,#7072,#7073));
#7028 = ORIENTED_EDGE('',*,*,#7029,.F.);
#7029 = EDGE_CURVE('',#7030,#6954,#7032,.T.);
#7030 = VERTEX_POINT('',#7031);
#7031 = CARTESIAN_POINT('',(-171.2791713006,6.587234572577,
    3.743168032415));
#7032 = SURFACE_CURVE('',#7033,(#7037,#7044),.PCURVE_S1.);
#7033 = B_SPLINE_CURVE_WITH_KNOTS('',2,(#7034,#7035,#7036),
  .UNSPECIFIED.,.F.,.F.,(3,3),(0.,1.),.PIECEWISE_BEZIER_KNOTS.);
#7034 = CARTESIAN_POINT('',(-171.2791713006,6.587234572577,
    3.743168032415));
#7035 = CARTESIAN_POINT('',(-171.2791713006,3.155972322372,
    1.578044957098));
#7036 = CARTESIAN_POINT('',(-171.2791713006,-3.412923525159,
    1.578044957098));
#7037 = PCURVE('',#6371,#7038);
#7038 = DEFINITIONAL_REPRESENTATION('',(#7039),#7043);
#7039 = LINE('',#7040,#7041);
#7040 = CARTESIAN_POINT('',(0.,0.));
#7041 = VECTOR('',#7042,1.);
#7042 = DIRECTION('',(1.,0.));
#7043 = ( GEOMETRIC_REPRESENTATION_CONTEXT(2) 
PARAMETRIC_REPRESENTATION_CONTEXT() REPRESENTATION_CONTEXT('2D SPACE',''
  ) );
#7044 = PCURVE('',#6971,#7045);
#7045 = DEFINITIONAL_REPRESENTATION('',(#7046),#7050);
#7046 = B_SPLINE_CURVE_WITH_KNOTS('',2,(#7047,#7048,#7049),
  .UNSPECIFIED.,.F.,.F.,(3,3),(0.,1.),.PIECEWISE_BEZIER_KNOTS.);
#7047 = CARTESIAN_POINT('',(3.743168032415,2.587169466946));
#7048 = CARTESIAN_POINT('',(1.578044957098,6.018431717151));
#7049 = CARTESIAN_POINT('',(1.578044957098,12.587327564682));
#7050 = ( GEOMETRIC_REPRESENTATION_CONTEXT(2) 
PARAMETRIC_REPRESENTATION_CONTEXT() REPRESENTATION_CONTEXT('2D SPACE',''
  ) );
#7051 = ORIENTED_EDGE('',*,*,#7052,.T.);
#7052 = EDGE_CURVE('',#7030,#6228,#7053,.T.);
#7053 = SURFACE_CURVE('',#7054,(#7058,#7065),.PCURVE_S1.);
#7054 = LINE('',#7055,#7056);
#7055 = CARTESIAN_POINT('',(-171.2791713006,6.587234572577,
    3.743168032415));
#7056 = VECTOR('',#7057,1.);
#7057 = DIRECTION('',(1.,-1.359631073447E-32,-1.110223024625E-16));
#7058 = PCURVE('',#6371,#7059);
#7059 = DEFINITIONAL_REPRESENTATION('',(#7060),#7064);
#7060 = LINE('',#7061,#7062);
#7061 = CARTESIAN_POINT('',(0.,0.));
#7062 = VECTOR('',#7063,1.);
#7063 = DIRECTION('',(0.,-1.));
#7064 = ( GEOMETRIC_REPRESENTATION_CONTEXT(2) 
PARAMETRIC_REPRESENTATION_CONTEXT() REPRESENTATION_CONTEXT('2D SPACE',''
  ) );
#7065 = PCURVE('',#6291,#7066);
#7066 = DEFINITIONAL_REPRESENTATION('',(#7067),#7071);
#7067 = LINE('',#7068,#7069);
#7068 = CARTESIAN_POINT('',(1.,0.));
#7069 = VECTOR('',#7070,1.);
#7070 = DIRECTION('',(0.,-1.));
#7071 = ( GEOMETRIC_REPRESENTATION_CONTEXT(2) 
PARAMETRIC_REPRESENTATION_CONTEXT() REPRESENTATION_CONTEXT('2D SPACE',''
  ) );
#7072 = ORIENTED_EDGE('',*,*,#6329,.F.);
#7073 = ORIENTED_EDGE('',*,*,#6983,.F.);
#7074 = ADVANCED_FACE('',(#7075),#6291,.F.);
#7075 = FACE_BOUND('',#7076,.F.);
#7076 = EDGE_LOOP('',(#7077,#7100,#7121,#7122));
#7077 = ORIENTED_EDGE('',*,*,#7078,.F.);
#7078 = EDGE_CURVE('',#7079,#7030,#7081,.T.);
#7079 = VERTEX_POINT('',#7080);
#7080 = CARTESIAN_POINT('',(-171.2791713006,10.018496822782,
    10.091842390285));
#7081 = SURFACE_CURVE('',#7082,(#7086,#7093),.PCURVE_S1.);
#7082 = B_SPLINE_CURVE_WITH_KNOTS('',2,(#7083,#7084,#7085),
  .UNSPECIFIED.,.F.,.F.,(3,3),(0.,1.),.PIECEWISE_BEZIER_KNOTS.);
#7083 = CARTESIAN_POINT('',(-171.2791713006,10.018496822782,
    10.091842390285));
#7084 = CARTESIAN_POINT('',(-171.2791713006,10.018496822782,
    5.908291107731));
#7085 = CARTESIAN_POINT('',(-171.2791713006,6.587234572577,
    3.743168032415));
#7086 = PCURVE('',#6291,#7087);
#7087 = DEFINITIONAL_REPRESENTATION('',(#7088),#7092);
#7088 = LINE('',#7089,#7090);
#7089 = CARTESIAN_POINT('',(0.,0.));
#7090 = VECTOR('',#7091,1.);
#7091 = DIRECTION('',(1.,0.));
#7092 = ( GEOMETRIC_REPRESENTATION_CONTEXT(2) 
PARAMETRIC_REPRESENTATION_CONTEXT() REPRESENTATION_CONTEXT('2D SPACE',''
  ) );
#7093 = PCURVE('',#6971,#7094);
#7094 = DEFINITIONAL_REPRESENTATION('',(#7095),#7099);
#7095 = B_SPLINE_CURVE_WITH_KNOTS('',2,(#7096,#7097,#7098),
  .UNSPECIFIED.,.F.,.F.,(3,3),(0.,1.),.PIECEWISE_BEZIER_KNOTS.);
#7096 = CARTESIAN_POINT('',(10.091842390285,-0.844092783259));
#7097 = CARTESIAN_POINT('',(5.908291107731,-0.844092783259));
#7098 = CARTESIAN_POINT('',(3.743168032415,2.587169466946));
#7099 = ( GEOMETRIC_REPRESENTATION_CONTEXT(2) 
PARAMETRIC_REPRESENTATION_CONTEXT() REPRESENTATION_CONTEXT('2D SPACE',''
  ) );
#7100 = ORIENTED_EDGE('',*,*,#7101,.T.);
#7101 = EDGE_CURVE('',#7079,#6126,#7102,.T.);
#7102 = SURFACE_CURVE('',#7103,(#7107,#7114),.PCURVE_S1.);
#7103 = LINE('',#7104,#7105);
#7104 = CARTESIAN_POINT('',(-171.2791713006,10.018496822782,
    10.091842390285));
#7105 = VECTOR('',#7106,1.);
#7106 = DIRECTION('',(1.,-1.359631073447E-32,-1.110223024625E-16));
#7107 = PCURVE('',#6291,#7108);
#7108 = DEFINITIONAL_REPRESENTATION('',(#7109),#7113);
#7109 = LINE('',#7110,#7111);
#7110 = CARTESIAN_POINT('',(0.,0.));
#7111 = VECTOR('',#7112,1.);
#7112 = DIRECTION('',(0.,-1.));
#7113 = ( GEOMETRIC_REPRESENTATION_CONTEXT(2) 
PARAMETRIC_REPRESENTATION_CONTEXT() REPRESENTATION_CONTEXT('2D SPACE',''
  ) );
#7114 = PCURVE('',#6189,#7115);
#7115 = DEFINITIONAL_REPRESENTATION('',(#7116),#7120);
#7116 = LINE('',#7117,#7118);
#7117 = CARTESIAN_POINT('',(1.,0.));
#7118 = VECTOR('',#7119,1.);
#7119 = DIRECTION('',(0.,-1.));
#7120 = ( GEOMETRIC_REPRESENTATION_CONTEXT(2) 
PARAMETRIC_REPRESENTATION_CONTEXT() REPRESENTATION_CONTEXT('2D SPACE',''
  ) );
#7121 = ORIENTED_EDGE('',*,*,#6227,.F.);
#7122 = ORIENTED_EDGE('',*,*,#7052,.F.);
#7123 = ADVANCED_FACE('',(#7124),#6189,.F.);
#7124 = FACE_BOUND('',#7125,.F.);
#7125 = EDGE_LOOP('',(#7126,#7149,#7170,#7171));
#7126 = ORIENTED_EDGE('',*,*,#7127,.F.);
#7127 = EDGE_CURVE('',#7128,#7079,#7130,.T.);
#7128 = VERTEX_POINT('',#7129);
#7129 = CARTESIAN_POINT('',(-171.2791713006,6.623968018778,
    16.422179889645));
#7130 = SURFACE_CURVE('',#7131,(#7135,#7142),.PCURVE_S1.);
#7131 = B_SPLINE_CURVE_WITH_KNOTS('',2,(#7132,#7133,#7134),
  .UNSPECIFIED.,.F.,.F.,(3,3),(0.,1.),.PIECEWISE_BEZIER_KNOTS.);
#7132 = CARTESIAN_POINT('',(-171.2791713006,6.623968018778,
    16.422179889645));
#7133 = CARTESIAN_POINT('',(-171.2791713006,10.018496822782,
    14.238719955819));
#7134 = CARTESIAN_POINT('',(-171.2791713006,10.018496822782,
    10.091842390285));
#7135 = PCURVE('',#6189,#7136);
#7136 = DEFINITIONAL_REPRESENTATION('',(#7137),#7141);
#7137 = LINE('',#7138,#7139);
#7138 = CARTESIAN_POINT('',(0.,0.));
#7139 = VECTOR('',#7140,1.);
#7140 = DIRECTION('',(1.,0.));
#7141 = ( GEOMETRIC_REPRESENTATION_CONTEXT(2) 
PARAMETRIC_REPRESENTATION_CONTEXT() REPRESENTATION_CONTEXT('2D SPACE',''
  ) );
#7142 = PCURVE('',#6971,#7143);
#7143 = DEFINITIONAL_REPRESENTATION('',(#7144),#7148);
#7144 = B_SPLINE_CURVE_WITH_KNOTS('',2,(#7145,#7146,#7147),
  .UNSPECIFIED.,.F.,.F.,(3,3),(0.,1.),.PIECEWISE_BEZIER_KNOTS.);
#7145 = CARTESIAN_POINT('',(16.422179889645,2.550436020746));
#7146 = CARTESIAN_POINT('',(14.238719955819,-0.844092783259));
#7147 = CARTESIAN_POINT('',(10.091842390285,-0.844092783259));
#7148 = ( GEOMETRIC_REPRESENTATION_CONTEXT(2) 
PARAMETRIC_REPRESENTATION_CONTEXT() REPRESENTATION_CONTEXT('2D SPACE',''
  ) );
#7149 = ORIENTED_EDGE('',*,*,#7150,.T.);
#7150 = EDGE_CURVE('',#7128,#6045,#7151,.T.);
#7151 = SURFACE_CURVE('',#7152,(#7156,#7163),.PCURVE_S1.);
#7152 = LINE('',#7153,#7154);
#7153 = CARTESIAN_POINT('',(-171.2791713006,6.623968018778,
    16.422179889645));
#7154 = VECTOR('',#7155,1.);
#7155 = DIRECTION('',(1.,-1.359631073447E-32,-1.110223024625E-16));
#7156 = PCURVE('',#6189,#7157);
#7157 = DEFINITIONAL_REPRESENTATION('',(#7158),#7162);
#7158 = LINE('',#7159,#7160);
#7159 = CARTESIAN_POINT('',(0.,0.));
#7160 = VECTOR('',#7161,1.);
#7161 = DIRECTION('',(0.,-1.));
#7162 = ( GEOMETRIC_REPRESENTATION_CONTEXT(2) 
PARAMETRIC_REPRESENTATION_CONTEXT() REPRESENTATION_CONTEXT('2D SPACE',''
  ) );
#7163 = PCURVE('',#6094,#7164);
#7164 = DEFINITIONAL_REPRESENTATION('',(#7165),#7169);
#7165 = LINE('',#7166,#7167);
#7166 = CARTESIAN_POINT('',(1.,0.));
#7167 = VECTOR('',#7168,1.);
#7168 = DIRECTION('',(0.,-1.));
#7169 = ( GEOMETRIC_REPRESENTATION_CONTEXT(2) 
PARAMETRIC_REPRESENTATION_CONTEXT() REPRESENTATION_CONTEXT('2D SPACE',''
  ) );
#7170 = ORIENTED_EDGE('',*,*,#6125,.F.);
#7171 = ORIENTED_EDGE('',*,*,#7101,.F.);
#7172 = ADVANCED_FACE('',(#7173),#6094,.F.);
#7173 = FACE_BOUND('',#7174,.F.);
#7174 = EDGE_LOOP('',(#7175,#7198,#7219,#7220));
#7175 = ORIENTED_EDGE('',*,*,#7176,.F.);
#7176 = EDGE_CURVE('',#7177,#7128,#7179,.T.);
#7177 = VERTEX_POINT('',#7178);
#7178 = CARTESIAN_POINT('',(-171.2791713006,-3.192642306318,
    18.605639823471));
#7179 = SURFACE_CURVE('',#7180,(#7184,#7191),.PCURVE_S1.);
#7180 = B_SPLINE_CURVE_WITH_KNOTS('',2,(#7181,#7182,#7183),
  .UNSPECIFIED.,.F.,.F.,(3,3),(0.,1.),.PIECEWISE_BEZIER_KNOTS.);
#7181 = CARTESIAN_POINT('',(-171.2791713006,-3.192642306318,
    18.605639823471));
#7182 = CARTESIAN_POINT('',(-171.2791713006,3.229439214773,
    18.605639823471));
#7183 = CARTESIAN_POINT('',(-171.2791713006,6.623968018778,
    16.422179889645));
#7184 = PCURVE('',#6094,#7185);
#7185 = DEFINITIONAL_REPRESENTATION('',(#7186),#7190);
#7186 = LINE('',#7187,#7188);
#7187 = CARTESIAN_POINT('',(0.,0.));
#7188 = VECTOR('',#7189,1.);
#7189 = DIRECTION('',(1.,0.));
#7190 = ( GEOMETRIC_REPRESENTATION_CONTEXT(2) 
PARAMETRIC_REPRESENTATION_CONTEXT() REPRESENTATION_CONTEXT('2D SPACE',''
  ) );
#7191 = PCURVE('',#6971,#7192);
#7192 = DEFINITIONAL_REPRESENTATION('',(#7193),#7197);
#7193 = B_SPLINE_CURVE_WITH_KNOTS('',2,(#7194,#7195,#7196),
  .UNSPECIFIED.,.F.,.F.,(3,3),(0.,1.),.PIECEWISE_BEZIER_KNOTS.);
#7194 = CARTESIAN_POINT('',(18.605639823471,12.367046345841));
#7195 = CARTESIAN_POINT('',(18.605639823471,5.94496482475));
#7196 = CARTESIAN_POINT('',(16.422179889645,2.550436020746));
#7197 = ( GEOMETRIC_REPRESENTATION_CONTEXT(2) 
PARAMETRIC_REPRESENTATION_CONTEXT() REPRESENTATION_CONTEXT('2D SPACE',''
  ) );
#7198 = ORIENTED_EDGE('',*,*,#7199,.T.);
#7199 = EDGE_CURVE('',#7177,#5898,#7200,.T.);
#7200 = SURFACE_CURVE('',#7201,(#7205,#7212),.PCURVE_S1.);
#7201 = LINE('',#7202,#7203);
#7202 = CARTESIAN_POINT('',(-171.2791713006,-3.192642306318,
    18.605639823471));
#7203 = VECTOR('',#7204,1.);
#7204 = DIRECTION('',(1.,-1.359631073447E-32,-1.110223024625E-16));
#7205 = PCURVE('',#6094,#7206);
#7206 = DEFINITIONAL_REPRESENTATION('',(#7207),#7211);
#7207 = LINE('',#7208,#7209);
#7208 = CARTESIAN_POINT('',(0.,0.));
#7209 = VECTOR('',#7210,1.);
#7210 = DIRECTION('',(0.,-1.));
#7211 = ( GEOMETRIC_REPRESENTATION_CONTEXT(2) 
PARAMETRIC_REPRESENTATION_CONTEXT() REPRESENTATION_CONTEXT('2D SPACE',''
  ) );
#7212 = PCURVE('',#5991,#7213);
#7213 = DEFINITIONAL_REPRESENTATION('',(#7214),#7218);
#7214 = LINE('',#7215,#7216);
#7215 = CARTESIAN_POINT('',(1.,0.));
#7216 = VECTOR('',#7217,1.);
#7217 = DIRECTION('',(0.,-1.));
#7218 = ( GEOMETRIC_REPRESENTATION_CONTEXT(2) 
PARAMETRIC_REPRESENTATION_CONTEXT() REPRESENTATION_CONTEXT('2D SPACE',''
  ) );
#7219 = ORIENTED_EDGE('',*,*,#6044,.F.);
#7220 = ORIENTED_EDGE('',*,*,#7150,.F.);
#7221 = ADVANCED_FACE('',(#7222),#5991,.F.);
#7222 = FACE_BOUND('',#7223,.F.);
#7223 = EDGE_LOOP('',(#7224,#7247,#7268,#7269));
#7224 = ORIENTED_EDGE('',*,*,#7225,.F.);
#7225 = EDGE_CURVE('',#7226,#7177,#7228,.T.);
#7226 = VERTEX_POINT('',#7227);
#7227 = CARTESIAN_POINT('',(-171.2791713006,-16.84422441473,
    10.091842390285));
#7228 = SURFACE_CURVE('',#7229,(#7233,#7240),.PCURVE_S1.);
#7229 = B_SPLINE_CURVE_WITH_KNOTS('',2,(#7230,#7231,#7232),
  .UNSPECIFIED.,.F.,.F.,(3,3),(0.,1.),.PIECEWISE_BEZIER_KNOTS.);
#7230 = CARTESIAN_POINT('',(-171.2791713006,-16.84422441473,
    10.091842390285));
#7231 = CARTESIAN_POINT('',(-171.2791713006,-16.84422441473,
    18.605639823471));
#7232 = CARTESIAN_POINT('',(-171.2791713006,-3.192642306318,
    18.605639823471));
#7233 = PCURVE('',#5991,#7234);
#7234 = DEFINITIONAL_REPRESENTATION('',(#7235),#7239);
#7235 = LINE('',#7236,#7237);
#7236 = CARTESIAN_POINT('',(0.,0.));
#7237 = VECTOR('',#7238,1.);
#7238 = DIRECTION('',(1.,0.));
#7239 = ( GEOMETRIC_REPRESENTATION_CONTEXT(2) 
PARAMETRIC_REPRESENTATION_CONTEXT() REPRESENTATION_CONTEXT('2D SPACE',''
  ) );
#7240 = PCURVE('',#6971,#7241);
#7241 = DEFINITIONAL_REPRESENTATION('',(#7242),#7246);
#7242 = B_SPLINE_CURVE_WITH_KNOTS('',2,(#7243,#7244,#7245),
  .UNSPECIFIED.,.F.,.F.,(3,3),(0.,1.),.PIECEWISE_BEZIER_KNOTS.);
#7243 = CARTESIAN_POINT('',(10.091842390285,26.018628454261));
#7244 = CARTESIAN_POINT('',(18.605639823471,26.018628454261));
#7245 = CARTESIAN_POINT('',(18.605639823471,12.367046345841));
#7246 = ( GEOMETRIC_REPRESENTATION_CONTEXT(2) 
PARAMETRIC_REPRESENTATION_CONTEXT() REPRESENTATION_CONTEXT('2D SPACE',''
  ) );
#7247 = ORIENTED_EDGE('',*,*,#7248,.T.);
#7248 = EDGE_CURVE('',#7226,#5847,#7249,.T.);
#7249 = SURFACE_CURVE('',#7250,(#7254,#7261),.PCURVE_S1.);
#7250 = LINE('',#7251,#7252);
#7251 = CARTESIAN_POINT('',(-171.2791713006,-16.84422441473,
    10.091842390285));
#7252 = VECTOR('',#7253,1.);
#7253 = DIRECTION('',(1.,-1.359631073447E-32,-1.110223024625E-16));
#7254 = PCURVE('',#5991,#7255);
#7255 = DEFINITIONAL_REPRESENTATION('',(#7256),#7260);
#7256 = LINE('',#7257,#7258);
#7257 = CARTESIAN_POINT('',(0.,0.));
#7258 = VECTOR('',#7259,1.);
#7259 = DIRECTION('',(0.,-1.));
#7260 = ( GEOMETRIC_REPRESENTATION_CONTEXT(2) 
PARAMETRIC_REPRESENTATION_CONTEXT() REPRESENTATION_CONTEXT('2D SPACE',''
  ) );
#7261 = PCURVE('',#5876,#7262);
#7262 = DEFINITIONAL_REPRESENTATION('',(#7263),#7267);
#7263 = LINE('',#7264,#7265);
#7264 = CARTESIAN_POINT('',(1.,0.));
#7265 = VECTOR('',#7266,1.);
#7266 = DIRECTION('',(0.,-1.));
#7267 = ( GEOMETRIC_REPRESENTATION_CONTEXT(2) 
PARAMETRIC_REPRESENTATION_CONTEXT() REPRESENTATION_CONTEXT('2D SPACE',''
  ) );
#7268 = ORIENTED_EDGE('',*,*,#5897,.F.);
#7269 = ORIENTED_EDGE('',*,*,#7199,.F.);
#7270 = ADVANCED_FACE('',(#7271),#5876,.F.);
#7271 = FACE_BOUND('',#7272,.F.);
#7272 = EDGE_LOOP('',(#7273,#7296,#7317,#7318));
#7273 = ORIENTED_EDGE('',*,*,#7274,.F.);
#7274 = EDGE_CURVE('',#7275,#7226,#7277,.T.);
#7275 = VERTEX_POINT('',#7276);
#7276 = CARTESIAN_POINT('',(-171.2791713006,-16.55065549103,
    7.798241847038));
#7277 = SURFACE_CURVE('',#7278,(#7282,#7289),.PCURVE_S1.);
#7278 = B_SPLINE_CURVE_WITH_KNOTS('',2,(#7279,#7280,#7281),
  .UNSPECIFIED.,.F.,.F.,(3,3),(0.,1.),.PIECEWISE_BEZIER_KNOTS.);
#7279 = CARTESIAN_POINT('',(-171.2791713006,-16.55065549103,
    7.798241847038));
#7280 = CARTESIAN_POINT('',(-171.2791713006,-16.84422441473,
    8.880773520106));
#7281 = CARTESIAN_POINT('',(-171.2791713006,-16.84422441473,
    10.091842390285));
#7282 = PCURVE('',#5876,#7283);
#7283 = DEFINITIONAL_REPRESENTATION('',(#7284),#7288);
#7284 = LINE('',#7285,#7286);
#7285 = CARTESIAN_POINT('',(0.,0.));
#7286 = VECTOR('',#7287,1.);
#7287 = DIRECTION('',(1.,0.));
#7288 = ( GEOMETRIC_REPRESENTATION_CONTEXT(2) 
PARAMETRIC_REPRESENTATION_CONTEXT() REPRESENTATION_CONTEXT('2D SPACE',''
  ) );
#7289 = PCURVE('',#6971,#7290);
#7290 = DEFINITIONAL_REPRESENTATION('',(#7291),#7295);
#7291 = B_SPLINE_CURVE_WITH_KNOTS('',2,(#7292,#7293,#7294),
  .UNSPECIFIED.,.F.,.F.,(3,3),(0.,1.),.PIECEWISE_BEZIER_KNOTS.);
#7292 = CARTESIAN_POINT('',(7.798241847038,25.725059530562));
#7293 = CARTESIAN_POINT('',(8.880773520106,26.018628454261));
#7294 = CARTESIAN_POINT('',(10.091842390285,26.018628454261));
#7295 = ( GEOMETRIC_REPRESENTATION_CONTEXT(2) 
PARAMETRIC_REPRESENTATION_CONTEXT() REPRESENTATION_CONTEXT('2D SPACE',''
  ) );
#7296 = ORIENTED_EDGE('',*,*,#7297,.T.);
#7297 = EDGE_CURVE('',#7275,#5790,#7298,.T.);
#7298 = SURFACE_CURVE('',#7299,(#7303,#7310),.PCURVE_S1.);
#7299 = LINE('',#7300,#7301);
#7300 = CARTESIAN_POINT('',(-171.2791713006,-16.55065549103,
    7.798241847038));
#7301 = VECTOR('',#7302,1.);
#7302 = DIRECTION('',(1.,-1.359631073447E-32,-1.110223024625E-16));
#7303 = PCURVE('',#5876,#7304);
#7304 = DEFINITIONAL_REPRESENTATION('',(#7305),#7309);
#7305 = LINE('',#7306,#7307);
#7306 = CARTESIAN_POINT('',(0.,0.));
#7307 = VECTOR('',#7308,1.);
#7308 = DIRECTION('',(0.,-1.));
#7309 = ( GEOMETRIC_REPRESENTATION_CONTEXT(2) 
PARAMETRIC_REPRESENTATION_CONTEXT() REPRESENTATION_CONTEXT('2D SPACE',''
  ) );
#7310 = PCURVE('',#5823,#7311);
#7311 = DEFINITIONAL_REPRESENTATION('',(#7312),#7316);
#7312 = LINE('',#7313,#7314);
#7313 = CARTESIAN_POINT('',(1.,0.));
#7314 = VECTOR('',#7315,1.);
#7315 = DIRECTION('',(0.,-1.));
#7316 = ( GEOMETRIC_REPRESENTATION_CONTEXT(2) 
PARAMETRIC_REPRESENTATION_CONTEXT() REPRESENTATION_CONTEXT('2D SPACE',''
  ) );
#7317 = ORIENTED_EDGE('',*,*,#5846,.F.);
#7318 = ORIENTED_EDGE('',*,*,#7248,.F.);
#7319 = ADVANCED_FACE('',(#7320),#5823,.F.);
#7320 = FACE_BOUND('',#7321,.F.);
#7321 = EDGE_LOOP('',(#7322,#7345,#7366,#7367));
#7322 = ORIENTED_EDGE('',*,*,#7323,.F.);
#7323 = EDGE_CURVE('',#7324,#7275,#7326,.T.);
#7324 = VERTEX_POINT('',#7325);
#7325 = CARTESIAN_POINT('',(-171.2791713006,-15.37632006706,
    5.541374749992));
#7326 = SURFACE_CURVE('',#7327,(#7331,#7338),.PCURVE_S1.);
#7327 = B_SPLINE_CURVE_WITH_KNOTS('',2,(#7328,#7329,#7330),
  .UNSPECIFIED.,.F.,.F.,(3,3),(0.,1.),.PIECEWISE_BEZIER_KNOTS.);
#7328 = CARTESIAN_POINT('',(-171.2791713006,-15.37632006706,
    5.541374749992));
#7329 = CARTESIAN_POINT('',(-171.2791713006,-16.25708656733,
    6.715710173971));
#7330 = CARTESIAN_POINT('',(-171.2791713006,-16.55065549103,
    7.798241847038));
#7331 = PCURVE('',#5823,#7332);
#7332 = DEFINITIONAL_REPRESENTATION('',(#7333),#7337);
#7333 = LINE('',#7334,#7335);
#7334 = CARTESIAN_POINT('',(0.,0.));
#7335 = VECTOR('',#7336,1.);
#7336 = DIRECTION('',(1.,0.));
#7337 = ( GEOMETRIC_REPRESENTATION_CONTEXT(2) 
PARAMETRIC_REPRESENTATION_CONTEXT() REPRESENTATION_CONTEXT('2D SPACE',''
  ) );
#7338 = PCURVE('',#6971,#7339);
#7339 = DEFINITIONAL_REPRESENTATION('',(#7340),#7344);
#7340 = B_SPLINE_CURVE_WITH_KNOTS('',2,(#7341,#7342,#7343),
  .UNSPECIFIED.,.F.,.F.,(3,3),(0.,1.),.PIECEWISE_BEZIER_KNOTS.);
#7341 = CARTESIAN_POINT('',(5.541374749992,24.550724106583));
#7342 = CARTESIAN_POINT('',(6.715710173971,25.431490606862));
#7343 = CARTESIAN_POINT('',(7.798241847038,25.725059530562));
#7344 = ( GEOMETRIC_REPRESENTATION_CONTEXT(2) 
PARAMETRIC_REPRESENTATION_CONTEXT() REPRESENTATION_CONTEXT('2D SPACE',''
  ) );
#7345 = ORIENTED_EDGE('',*,*,#7346,.T.);
#7346 = EDGE_CURVE('',#7324,#5715,#7347,.T.);
#7347 = SURFACE_CURVE('',#7348,(#7352,#7359),.PCURVE_S1.);
#7348 = LINE('',#7349,#7350);
#7349 = CARTESIAN_POINT('',(-171.2791713006,-15.37632006706,
    5.541374749992));
#7350 = VECTOR('',#7351,1.);
#7351 = DIRECTION('',(1.,-1.359631073447E-32,-1.110223024625E-16));
#7352 = PCURVE('',#5823,#7353);
#7353 = DEFINITIONAL_REPRESENTATION('',(#7354),#7358);
#7354 = LINE('',#7355,#7356);
#7355 = CARTESIAN_POINT('',(0.,0.));
#7356 = VECTOR('',#7357,1.);
#7357 = DIRECTION('',(0.,-1.));
#7358 = ( GEOMETRIC_REPRESENTATION_CONTEXT(2) 
PARAMETRIC_REPRESENTATION_CONTEXT() REPRESENTATION_CONTEXT('2D SPACE',''
  ) );
#7359 = PCURVE('',#5760,#7360);
#7360 = DEFINITIONAL_REPRESENTATION('',(#7361),#7365);
#7361 = LINE('',#7362,#7363);
#7362 = CARTESIAN_POINT('',(1.,0.));
#7363 = VECTOR('',#7364,1.);
#7364 = DIRECTION('',(0.,-1.));
#7365 = ( GEOMETRIC_REPRESENTATION_CONTEXT(2) 
PARAMETRIC_REPRESENTATION_CONTEXT() REPRESENTATION_CONTEXT('2D SPACE',''
  ) );
#7366 = ORIENTED_EDGE('',*,*,#5789,.F.);
#7367 = ORIENTED_EDGE('',*,*,#7297,.F.);
#7368 = ADVANCED_FACE('',(#7369),#5760,.F.);
#7369 = FACE_BOUND('',#7370,.F.);
#7370 = EDGE_LOOP('',(#7371,#7394,#7415,#7416));
#7371 = ORIENTED_EDGE('',*,*,#7372,.F.);
#7372 = EDGE_CURVE('',#7373,#7324,#7375,.T.);
#7373 = VERTEX_POINT('',#7374);
#7374 = CARTESIAN_POINT('',(-171.2791713006,-13.08271952381,
    3.523006271935));
#7375 = SURFACE_CURVE('',#7376,(#7380,#7387),.PCURVE_S1.);
#7376 = B_SPLINE_CURVE_WITH_KNOTS('',2,(#7377,#7378,#7379),
  .UNSPECIFIED.,.F.,.F.,(3,3),(0.,1.),.PIECEWISE_BEZIER_KNOTS.);
#7377 = CARTESIAN_POINT('',(-171.2791713006,-13.08271952381,
    3.523006271935));
#7378 = CARTESIAN_POINT('',(-171.2791713006,-14.49555356678,
    4.367039326014));
#7379 = CARTESIAN_POINT('',(-171.2791713006,-15.37632006706,
    5.541374749992));
#7380 = PCURVE('',#5760,#7381);
#7381 = DEFINITIONAL_REPRESENTATION('',(#7382),#7386);
#7382 = LINE('',#7383,#7384);
#7383 = CARTESIAN_POINT('',(0.,0.));
#7384 = VECTOR('',#7385,1.);
#7385 = DIRECTION('',(1.,0.));
#7386 = ( GEOMETRIC_REPRESENTATION_CONTEXT(2) 
PARAMETRIC_REPRESENTATION_CONTEXT() REPRESENTATION_CONTEXT('2D SPACE',''
  ) );
#7387 = PCURVE('',#6971,#7388);
#7388 = DEFINITIONAL_REPRESENTATION('',(#7389),#7393);
#7389 = B_SPLINE_CURVE_WITH_KNOTS('',2,(#7390,#7391,#7392),
  .UNSPECIFIED.,.F.,.F.,(3,3),(0.,1.),.PIECEWISE_BEZIER_KNOTS.);
#7390 = CARTESIAN_POINT('',(3.523006271935,22.257123563337));
#7391 = CARTESIAN_POINT('',(4.367039326014,23.669957606304));
#7392 = CARTESIAN_POINT('',(5.541374749992,24.550724106583));
#7393 = ( GEOMETRIC_REPRESENTATION_CONTEXT(2) 
PARAMETRIC_REPRESENTATION_CONTEXT() REPRESENTATION_CONTEXT('2D SPACE',''
  ) );
#7394 = ORIENTED_EDGE('',*,*,#7395,.T.);
#7395 = EDGE_CURVE('',#7373,#5643,#7396,.T.);
#7396 = SURFACE_CURVE('',#7397,(#7401,#7408),.PCURVE_S1.);
#7397 = LINE('',#7398,#7399);
#7398 = CARTESIAN_POINT('',(-171.2791713006,-13.08271952381,
    3.523006271935));
#7399 = VECTOR('',#7400,1.);
#7400 = DIRECTION('',(1.,-1.359631073447E-32,-1.110223024625E-16));
#7401 = PCURVE('',#5760,#7402);
#7402 = DEFINITIONAL_REPRESENTATION('',(#7403),#7407);
#7403 = LINE('',#7404,#7405);
#7404 = CARTESIAN_POINT('',(0.,0.));
#7405 = VECTOR('',#7406,1.);
#7406 = DIRECTION('',(0.,-1.));
#7407 = ( GEOMETRIC_REPRESENTATION_CONTEXT(2) 
PARAMETRIC_REPRESENTATION_CONTEXT() REPRESENTATION_CONTEXT('2D SPACE',''
  ) );
#7408 = PCURVE('',#5686,#7409);
#7409 = DEFINITIONAL_REPRESENTATION('',(#7410),#7414);
#7410 = LINE('',#7411,#7412);
#7411 = CARTESIAN_POINT('',(1.,0.));
#7412 = VECTOR('',#7413,1.);
#7413 = DIRECTION('',(0.,-1.));
#7414 = ( GEOMETRIC_REPRESENTATION_CONTEXT(2) 
PARAMETRIC_REPRESENTATION_CONTEXT() REPRESENTATION_CONTEXT('2D SPACE',''
  ) );
#7415 = ORIENTED_EDGE('',*,*,#5714,.F.);
#7416 = ORIENTED_EDGE('',*,*,#7346,.F.);
#7417 = ADVANCED_FACE('',(#7418),#5686,.F.);
#7418 = FACE_BOUND('',#7419,.F.);
#7419 = EDGE_LOOP('',(#7420,#7441,#7442,#7443));
#7420 = ORIENTED_EDGE('',*,*,#7421,.F.);
#7421 = EDGE_CURVE('',#6956,#7373,#7422,.T.);
#7422 = SURFACE_CURVE('',#7423,(#7427,#7434),.PCURVE_S1.);
#7423 = B_SPLINE_CURVE_WITH_KNOTS('',2,(#7424,#7425,#7426),
  .UNSPECIFIED.,.F.,.F.,(3,3),(0.,1.),.PIECEWISE_BEZIER_KNOTS.);
#7424 = CARTESIAN_POINT('',(-171.2791713006,-9.174400306449,
    2.128509087477));
#7425 = CARTESIAN_POINT('',(-171.2791713006,-11.66988548084,
    2.678973217857));
#7426 = CARTESIAN_POINT('',(-171.2791713006,-13.08271952381,
    3.523006271935));
#7427 = PCURVE('',#5686,#7428);
#7428 = DEFINITIONAL_REPRESENTATION('',(#7429),#7433);
#7429 = LINE('',#7430,#7431);
#7430 = CARTESIAN_POINT('',(0.,0.));
#7431 = VECTOR('',#7432,1.);
#7432 = DIRECTION('',(1.,0.));
#7433 = ( GEOMETRIC_REPRESENTATION_CONTEXT(2) 
PARAMETRIC_REPRESENTATION_CONTEXT() REPRESENTATION_CONTEXT('2D SPACE',''
  ) );
#7434 = PCURVE('',#6971,#7435);
#7435 = DEFINITIONAL_REPRESENTATION('',(#7436),#7440);
#7436 = B_SPLINE_CURVE_WITH_KNOTS('',2,(#7437,#7438,#7439),
  .UNSPECIFIED.,.F.,.F.,(3,3),(0.,1.),.PIECEWISE_BEZIER_KNOTS.);
#7437 = CARTESIAN_POINT('',(2.128509087477,18.348804345972));
#7438 = CARTESIAN_POINT('',(2.678973217857,20.844289520369));
#7439 = CARTESIAN_POINT('',(3.523006271935,22.257123563337));
#7440 = ( GEOMETRIC_REPRESENTATION_CONTEXT(2) 
PARAMETRIC_REPRESENTATION_CONTEXT() REPRESENTATION_CONTEXT('2D SPACE',''
  ) );
#7441 = ORIENTED_EDGE('',*,*,#7005,.T.);
#7442 = ORIENTED_EDGE('',*,*,#5642,.F.);
#7443 = ORIENTED_EDGE('',*,*,#7395,.F.);
#7444 = ADVANCED_FACE('',(#7445,#7458),#6427,.T.);
#7445 = FACE_BOUND('',#7446,.F.);
#7446 = EDGE_LOOP('',(#7447,#7448,#7449,#7450,#7451,#7452,#7453,#7454,
    #7455,#7456,#7457));
#7447 = ORIENTED_EDGE('',*,*,#6409,.T.);
#7448 = ORIENTED_EDGE('',*,*,#6926,.T.);
#7449 = ORIENTED_EDGE('',*,*,#6877,.T.);
#7450 = ORIENTED_EDGE('',*,*,#6828,.T.);
#7451 = ORIENTED_EDGE('',*,*,#6779,.T.);
#7452 = ORIENTED_EDGE('',*,*,#6730,.T.);
#7453 = ORIENTED_EDGE('',*,*,#6681,.T.);
#7454 = ORIENTED_EDGE('',*,*,#6632,.T.);
#7455 = ORIENTED_EDGE('',*,*,#6583,.T.);
#7456 = ORIENTED_EDGE('',*,*,#6534,.T.);
#7457 = ORIENTED_EDGE('',*,*,#6485,.T.);
#7458 = FACE_BOUND('',#7459,.F.);
#7459 = EDGE_LOOP('',(#7460,#7490,#7518));
#7460 = ORIENTED_EDGE('',*,*,#7461,.T.);
#7461 = EDGE_CURVE('',#7462,#7464,#7466,.T.);
#7462 = VERTEX_POINT('',#7463);
#7463 = CARTESIAN_POINT('',(-171.2791713006,3.667558355652E-02,
    -16.55059762839));
#7464 = VERTEX_POINT('',#7465);
#7465 = CARTESIAN_POINT('',(-171.2791713006,3.667558355652E-02,
    -8.403776282128));
#7466 = SURFACE_CURVE('',#7467,(#7471,#7478),.PCURVE_S1.);
#7467 = LINE('',#7468,#7469);
#7468 = CARTESIAN_POINT('',(-171.2791713006,3.667558355652E-02,
    -16.55059762839));
#7469 = VECTOR('',#7470,1.);
#7470 = DIRECTION('',(1.110223024625E-16,1.224646799147E-16,1.));
#7471 = PCURVE('',#6427,#7472);
#7472 = DEFINITIONAL_REPRESENTATION('',(#7473),#7477);
#7473 = LINE('',#7474,#7475);
#7474 = CARTESIAN_POINT('',(3.853248912654,9.137728455967));
#7475 = VECTOR('',#7476,1.);
#7476 = DIRECTION('',(1.,0.));
#7477 = ( GEOMETRIC_REPRESENTATION_CONTEXT(2) 
PARAMETRIC_REPRESENTATION_CONTEXT() REPRESENTATION_CONTEXT('2D SPACE',''
  ) );
#7478 = PCURVE('',#7479,#7484);
#7479 = PLANE('',#7480);
#7480 = AXIS2_PLACEMENT_3D('',#7481,#7482,#7483);
#7481 = CARTESIAN_POINT('',(-171.2791713006,3.667558355652E-02,
    -16.55059762839));
#7482 = DIRECTION('',(0.,-1.,1.224646799147E-16));
#7483 = DIRECTION('',(1.110223024625E-16,1.224646799147E-16,1.));
#7484 = DEFINITIONAL_REPRESENTATION('',(#7485),#7489);
#7485 = LINE('',#7486,#7487);
#7486 = CARTESIAN_POINT('',(0.,0.));
#7487 = VECTOR('',#7488,1.);
#7488 = DIRECTION('',(1.,0.));
#7489 = ( GEOMETRIC_REPRESENTATION_CONTEXT(2) 
PARAMETRIC_REPRESENTATION_CONTEXT() REPRESENTATION_CONTEXT('2D SPACE',''
  ) );
#7490 = ORIENTED_EDGE('',*,*,#7491,.T.);
#7491 = EDGE_CURVE('',#7464,#7492,#7494,.T.);
#7492 = VERTEX_POINT('',#7493);
#7493 = CARTESIAN_POINT('',(-171.2791713006,-11.33958311094,
    -8.403776282128));
#7494 = SURFACE_CURVE('',#7495,(#7499,#7506),.PCURVE_S1.);
#7495 = LINE('',#7496,#7497);
#7496 = CARTESIAN_POINT('',(-171.2791713006,3.667558355652E-02,
    -8.403776282128));
#7497 = VECTOR('',#7498,1.);
#7498 = DIRECTION('',(0.,-1.,1.224646799147E-16));
#7499 = PCURVE('',#6427,#7500);
#7500 = DEFINITIONAL_REPRESENTATION('',(#7501),#7505);
#7501 = LINE('',#7502,#7503);
#7502 = CARTESIAN_POINT('',(12.000070258921,9.137728455967));
#7503 = VECTOR('',#7504,1.);
#7504 = DIRECTION('',(0.,1.));
#7505 = ( GEOMETRIC_REPRESENTATION_CONTEXT(2) 
PARAMETRIC_REPRESENTATION_CONTEXT() REPRESENTATION_CONTEXT('2D SPACE',''
  ) );
#7506 = PCURVE('',#7507,#7512);
#7507 = PLANE('',#7508);
#7508 = AXIS2_PLACEMENT_3D('',#7509,#7510,#7511);
#7509 = CARTESIAN_POINT('',(-171.2791713006,3.667558355652E-02,
    -8.403776282128));
#7510 = DIRECTION('',(-1.110223024625E-16,-1.224646799147E-16,-1.));
#7511 = DIRECTION('',(0.,-1.,1.224646799147E-16));
#7512 = DEFINITIONAL_REPRESENTATION('',(#7513),#7517);
#7513 = LINE('',#7514,#7515);
#7514 = CARTESIAN_POINT('',(0.,0.));
#7515 = VECTOR('',#7516,1.);
#7516 = DIRECTION('',(1.,0.));
#7517 = ( GEOMETRIC_REPRESENTATION_CONTEXT(2) 
PARAMETRIC_REPRESENTATION_CONTEXT() REPRESENTATION_CONTEXT('2D SPACE',''
  ) );
#7518 = ORIENTED_EDGE('',*,*,#7519,.T.);
#7519 = EDGE_CURVE('',#7492,#7462,#7520,.T.);
#7520 = SURFACE_CURVE('',#7521,(#7525,#7532),.PCURVE_S1.);
#7521 = LINE('',#7522,#7523);
#7522 = CARTESIAN_POINT('',(-171.2791713006,-11.33958311094,
    -8.403776282128));
#7523 = VECTOR('',#7524,1.);
#7524 = DIRECTION('',(-6.464027772663E-17,0.813025656083,-0.582227861366
    ));
#7525 = PCURVE('',#6427,#7526);
#7526 = DEFINITIONAL_REPRESENTATION('',(#7527),#7531);
#7527 = LINE('',#7528,#7529);
#7528 = CARTESIAN_POINT('',(12.000070258921,20.513987150469));
#7529 = VECTOR('',#7530,1.);
#7530 = DIRECTION('',(-0.582227861366,-0.813025656083));
#7531 = ( GEOMETRIC_REPRESENTATION_CONTEXT(2) 
PARAMETRIC_REPRESENTATION_CONTEXT() REPRESENTATION_CONTEXT('2D SPACE',''
  ) );
#7532 = PCURVE('',#7533,#7538);
#7533 = PLANE('',#7534);
#7534 = AXIS2_PLACEMENT_3D('',#7535,#7536,#7537);
#7535 = CARTESIAN_POINT('',(-171.2791713006,-11.33958311094,
    -8.403776282128));
#7536 = DIRECTION('',(9.026398029946E-17,0.582227861366,0.813025656083)
  );
#7537 = DIRECTION('',(-6.464027772663E-17,0.813025656083,-0.582227861366
    ));
#7538 = DEFINITIONAL_REPRESENTATION('',(#7539),#7543);
#7539 = LINE('',#7540,#7541);
#7540 = CARTESIAN_POINT('',(0.,0.));
#7541 = VECTOR('',#7542,1.);
#7542 = DIRECTION('',(1.,0.));
#7543 = ( GEOMETRIC_REPRESENTATION_CONTEXT(2) 
PARAMETRIC_REPRESENTATION_CONTEXT() REPRESENTATION_CONTEXT('2D SPACE',''
  ) );
#7544 = ADVANCED_FACE('',(#7545,#7557),#6971,.T.);
#7545 = FACE_BOUND('',#7546,.F.);
#7546 = EDGE_LOOP('',(#7547,#7548,#7549,#7550,#7551,#7552,#7553,#7554,
    #7555,#7556));
#7547 = ORIENTED_EDGE('',*,*,#6953,.T.);
#7548 = ORIENTED_EDGE('',*,*,#7421,.T.);
#7549 = ORIENTED_EDGE('',*,*,#7372,.T.);
#7550 = ORIENTED_EDGE('',*,*,#7323,.T.);
#7551 = ORIENTED_EDGE('',*,*,#7274,.T.);
#7552 = ORIENTED_EDGE('',*,*,#7225,.T.);
#7553 = ORIENTED_EDGE('',*,*,#7176,.T.);
#7554 = ORIENTED_EDGE('',*,*,#7127,.T.);
#7555 = ORIENTED_EDGE('',*,*,#7078,.T.);
#7556 = ORIENTED_EDGE('',*,*,#7029,.T.);
#7557 = FACE_BOUND('',#7558,.F.);
#7558 = EDGE_LOOP('',(#7559,#7591,#7621,#7651,#7681));
#7559 = ORIENTED_EDGE('',*,*,#7560,.T.);
#7560 = EDGE_CURVE('',#7561,#7563,#7565,.T.);
#7561 = VERTEX_POINT('',#7562);
#7562 = CARTESIAN_POINT('',(-171.2791713006,-3.486270959198,
    15.302855041196));
#7563 = VERTEX_POINT('',#7564);
#7564 = CARTESIAN_POINT('',(-171.2791713006,-13.98176315342,
    10.091842390285));
#7565 = SURFACE_CURVE('',#7566,(#7570,#7577),.PCURVE_S1.);
#7566 = B_SPLINE_CURVE_WITH_KNOTS('',2,(#7567,#7568,#7569),
  .UNSPECIFIED.,.F.,.F.,(3,3),(0.,1.),.PIECEWISE_BEZIER_KNOTS.);
#7567 = CARTESIAN_POINT('',(-171.2791713006,-3.486270959198,
    15.302855041196));
#7568 = CARTESIAN_POINT('',(-171.2791713006,-13.98176315342,
    15.302855041196));
#7569 = CARTESIAN_POINT('',(-171.2791713006,-13.98176315342,
    10.091842390285));
#7570 = PCURVE('',#6971,#7571);
#7571 = DEFINITIONAL_REPRESENTATION('',(#7572),#7576);
#7572 = B_SPLINE_CURVE_WITH_KNOTS('',2,(#7573,#7574,#7575),
  .UNSPECIFIED.,.F.,.F.,(3,3),(0.,1.),.PIECEWISE_BEZIER_KNOTS.);
#7573 = CARTESIAN_POINT('',(15.302855041196,12.660674998721));
#7574 = CARTESIAN_POINT('',(15.302855041196,23.156167192945));
#7575 = CARTESIAN_POINT('',(10.091842390285,23.156167192945));
#7576 = ( GEOMETRIC_REPRESENTATION_CONTEXT(2) 
PARAMETRIC_REPRESENTATION_CONTEXT() REPRESENTATION_CONTEXT('2D SPACE',''
  ) );
#7577 = PCURVE('',#7578,#7585);
#7578 = SURFACE_OF_LINEAR_EXTRUSION('',#7579,#7583);
#7579 = B_SPLINE_CURVE_WITH_KNOTS('',2,(#7580,#7581,#7582),
  .UNSPECIFIED.,.F.,.F.,(3,3),(0.,1.),.PIECEWISE_BEZIER_KNOTS.);
#7580 = CARTESIAN_POINT('',(-171.2791713006,-3.486270959198,
    15.302855041196));
#7581 = CARTESIAN_POINT('',(-171.2791713006,-13.98176315342,
    15.302855041196));
#7582 = CARTESIAN_POINT('',(-171.2791713006,-13.98176315342,
    10.091842390285));
#7583 = VECTOR('',#7584,1.);
#7584 = DIRECTION('',(-1.,1.359631073447E-32,1.110223024625E-16));
#7585 = DEFINITIONAL_REPRESENTATION('',(#7586),#7590);
#7586 = LINE('',#7587,#7588);
#7587 = CARTESIAN_POINT('',(0.,0.));
#7588 = VECTOR('',#7589,1.);
#7589 = DIRECTION('',(1.,0.));
#7590 = ( GEOMETRIC_REPRESENTATION_CONTEXT(2) 
PARAMETRIC_REPRESENTATION_CONTEXT() REPRESENTATION_CONTEXT('2D SPACE',''
  ) );
#7591 = ORIENTED_EDGE('',*,*,#7592,.T.);
#7592 = EDGE_CURVE('',#7563,#7593,#7595,.T.);
#7593 = VERTEX_POINT('',#7594);
#7594 = CARTESIAN_POINT('',(-171.2791713006,-3.376130349777,
    4.880829739373));
#7595 = SURFACE_CURVE('',#7596,(#7600,#7607),.PCURVE_S1.);
#7596 = B_SPLINE_CURVE_WITH_KNOTS('',2,(#7597,#7598,#7599),
  .UNSPECIFIED.,.F.,.F.,(3,3),(0.,1.),.PIECEWISE_BEZIER_KNOTS.);
#7597 = CARTESIAN_POINT('',(-171.2791713006,-13.98176315342,
    10.091842390285));
#7598 = CARTESIAN_POINT('',(-171.2791713006,-13.98176315342,
    4.880829739373));
#7599 = CARTESIAN_POINT('',(-171.2791713006,-3.376130349777,
    4.880829739373));
#7600 = PCURVE('',#6971,#7601);
#7601 = DEFINITIONAL_REPRESENTATION('',(#7602),#7606);
#7602 = B_SPLINE_CURVE_WITH_KNOTS('',2,(#7603,#7604,#7605),
  .UNSPECIFIED.,.F.,.F.,(3,3),(0.,1.),.PIECEWISE_BEZIER_KNOTS.);
#7603 = CARTESIAN_POINT('',(10.091842390285,23.156167192945));
#7604 = CARTESIAN_POINT('',(4.880829739373,23.156167192945));
#7605 = CARTESIAN_POINT('',(4.880829739373,12.5505343893));
#7606 = ( GEOMETRIC_REPRESENTATION_CONTEXT(2) 
PARAMETRIC_REPRESENTATION_CONTEXT() REPRESENTATION_CONTEXT('2D SPACE',''
  ) );
#7607 = PCURVE('',#7608,#7615);
#7608 = SURFACE_OF_LINEAR_EXTRUSION('',#7609,#7613);
#7609 = B_SPLINE_CURVE_WITH_KNOTS('',2,(#7610,#7611,#7612),
  .UNSPECIFIED.,.F.,.F.,(3,3),(0.,1.),.PIECEWISE_BEZIER_KNOTS.);
#7610 = CARTESIAN_POINT('',(-171.2791713006,-13.98176315342,
    10.091842390285));
#7611 = CARTESIAN_POINT('',(-171.2791713006,-13.98176315342,
    4.880829739373));
#7612 = CARTESIAN_POINT('',(-171.2791713006,-3.376130349777,
    4.880829739373));
#7613 = VECTOR('',#7614,1.);
#7614 = DIRECTION('',(-1.,1.359631073447E-32,1.110223024625E-16));
#7615 = DEFINITIONAL_REPRESENTATION('',(#7616),#7620);
#7616 = LINE('',#7617,#7618);
#7617 = CARTESIAN_POINT('',(0.,0.));
#7618 = VECTOR('',#7619,1.);
#7619 = DIRECTION('',(1.,0.));
#7620 = ( GEOMETRIC_REPRESENTATION_CONTEXT(2) 
PARAMETRIC_REPRESENTATION_CONTEXT() REPRESENTATION_CONTEXT('2D SPACE',''
  ) );
#7621 = ORIENTED_EDGE('',*,*,#7622,.T.);
#7622 = EDGE_CURVE('',#7593,#7623,#7625,.T.);
#7623 = VERTEX_POINT('',#7624);
#7624 = CARTESIAN_POINT('',(-171.2791713006,7.339523604926,
    10.018494956246));
#7625 = SURFACE_CURVE('',#7626,(#7630,#7637),.PCURVE_S1.);
#7626 = B_SPLINE_CURVE_WITH_KNOTS('',2,(#7627,#7628,#7629),
  .UNSPECIFIED.,.F.,.F.,(3,3),(0.,1.),.PIECEWISE_BEZIER_KNOTS.);
#7627 = CARTESIAN_POINT('',(-171.2791713006,-3.376130349777,
    4.880829739373));
#7628 = CARTESIAN_POINT('',(-171.2791713006,7.339523604926,
    4.880829739373));
#7629 = CARTESIAN_POINT('',(-171.2791713006,7.339523604926,
    10.018494956246));
#7630 = PCURVE('',#6971,#7631);
#7631 = DEFINITIONAL_REPRESENTATION('',(#7632),#7636);
#7632 = B_SPLINE_CURVE_WITH_KNOTS('',2,(#7633,#7634,#7635),
  .UNSPECIFIED.,.F.,.F.,(3,3),(0.,1.),.PIECEWISE_BEZIER_KNOTS.);
#7633 = CARTESIAN_POINT('',(4.880829739373,12.5505343893));
#7634 = CARTESIAN_POINT('',(4.880829739373,1.834880434597));
#7635 = CARTESIAN_POINT('',(10.018494956246,1.834880434597));
#7636 = ( GEOMETRIC_REPRESENTATION_CONTEXT(2) 
PARAMETRIC_REPRESENTATION_CONTEXT() REPRESENTATION_CONTEXT('2D SPACE',''
  ) );
#7637 = PCURVE('',#7638,#7645);
#7638 = SURFACE_OF_LINEAR_EXTRUSION('',#7639,#7643);
#7639 = B_SPLINE_CURVE_WITH_KNOTS('',2,(#7640,#7641,#7642),
  .UNSPECIFIED.,.F.,.F.,(3,3),(0.,1.),.PIECEWISE_BEZIER_KNOTS.);
#7640 = CARTESIAN_POINT('',(-171.2791713006,-3.376130349777,
    4.880829739373));
#7641 = CARTESIAN_POINT('',(-171.2791713006,7.339523604926,
    4.880829739373));
#7642 = CARTESIAN_POINT('',(-171.2791713006,7.339523604926,
    10.018494956246));
#7643 = VECTOR('',#7644,1.);
#7644 = DIRECTION('',(-1.,1.359631073447E-32,1.110223024625E-16));
#7645 = DEFINITIONAL_REPRESENTATION('',(#7646),#7650);
#7646 = LINE('',#7647,#7648);
#7647 = CARTESIAN_POINT('',(0.,0.));
#7648 = VECTOR('',#7649,1.);
#7649 = DIRECTION('',(1.,0.));
#7650 = ( GEOMETRIC_REPRESENTATION_CONTEXT(2) 
PARAMETRIC_REPRESENTATION_CONTEXT() REPRESENTATION_CONTEXT('2D SPACE',''
  ) );
#7651 = ORIENTED_EDGE('',*,*,#7652,.T.);
#7652 = EDGE_CURVE('',#7623,#7653,#7655,.T.);
#7653 = VERTEX_POINT('',#7654);
#7654 = CARTESIAN_POINT('',(-171.2791713006,4.69728383327,
    14.018438736978));
#7655 = SURFACE_CURVE('',#7656,(#7660,#7667),.PCURVE_S1.);
#7656 = B_SPLINE_CURVE_WITH_KNOTS('',2,(#7657,#7658,#7659),
  .UNSPECIFIED.,.F.,.F.,(3,3),(0.,1.),.PIECEWISE_BEZIER_KNOTS.);
#7657 = CARTESIAN_POINT('',(-171.2791713006,7.339523604926,
    10.018494956246));
#7658 = CARTESIAN_POINT('',(-171.2791713006,7.339523604926,
    12.73402243276));
#7659 = CARTESIAN_POINT('',(-171.2791713006,4.69728383327,
    14.018438736978));
#7660 = PCURVE('',#6971,#7661);
#7661 = DEFINITIONAL_REPRESENTATION('',(#7662),#7666);
#7662 = B_SPLINE_CURVE_WITH_KNOTS('',2,(#7663,#7664,#7665),
  .UNSPECIFIED.,.F.,.F.,(3,3),(0.,1.),.PIECEWISE_BEZIER_KNOTS.);
#7663 = CARTESIAN_POINT('',(10.018494956246,1.834880434597));
#7664 = CARTESIAN_POINT('',(12.73402243276,1.834880434597));
#7665 = CARTESIAN_POINT('',(14.018438736978,4.477120206253));
#7666 = ( GEOMETRIC_REPRESENTATION_CONTEXT(2) 
PARAMETRIC_REPRESENTATION_CONTEXT() REPRESENTATION_CONTEXT('2D SPACE',''
  ) );
#7667 = PCURVE('',#7668,#7675);
#7668 = SURFACE_OF_LINEAR_EXTRUSION('',#7669,#7673);
#7669 = B_SPLINE_CURVE_WITH_KNOTS('',2,(#7670,#7671,#7672),
  .UNSPECIFIED.,.F.,.F.,(3,3),(0.,1.),.PIECEWISE_BEZIER_KNOTS.);
#7670 = CARTESIAN_POINT('',(-171.2791713006,7.339523604926,
    10.018494956246));
#7671 = CARTESIAN_POINT('',(-171.2791713006,7.339523604926,
    12.73402243276));
#7672 = CARTESIAN_POINT('',(-171.2791713006,4.69728383327,
    14.018438736978));
#7673 = VECTOR('',#7674,1.);
#7674 = DIRECTION('',(-1.,1.359631073447E-32,1.110223024625E-16));
#7675 = DEFINITIONAL_REPRESENTATION('',(#7676),#7680);
#7676 = LINE('',#7677,#7678);
#7677 = CARTESIAN_POINT('',(0.,0.));
#7678 = VECTOR('',#7679,1.);
#7679 = DIRECTION('',(1.,0.));
#7680 = ( GEOMETRIC_REPRESENTATION_CONTEXT(2) 
PARAMETRIC_REPRESENTATION_CONTEXT() REPRESENTATION_CONTEXT('2D SPACE',''
  ) );
#7681 = ORIENTED_EDGE('',*,*,#7682,.T.);
#7682 = EDGE_CURVE('',#7653,#7561,#7683,.T.);
#7683 = SURFACE_CURVE('',#7684,(#7688,#7695),.PCURVE_S1.);
#7684 = B_SPLINE_CURVE_WITH_KNOTS('',2,(#7685,#7686,#7687),
  .UNSPECIFIED.,.F.,.F.,(3,3),(0.,1.),.PIECEWISE_BEZIER_KNOTS.);
#7685 = CARTESIAN_POINT('',(-171.2791713006,4.69728383327,
    14.018438736978));
#7686 = CARTESIAN_POINT('',(-171.2791713006,2.055044061613,
    15.302855041196));
#7687 = CARTESIAN_POINT('',(-171.2791713006,-3.486270959198,
    15.302855041196));
#7688 = PCURVE('',#6971,#7689);
#7689 = DEFINITIONAL_REPRESENTATION('',(#7690),#7694);
#7690 = B_SPLINE_CURVE_WITH_KNOTS('',2,(#7691,#7692,#7693),
  .UNSPECIFIED.,.F.,.F.,(3,3),(0.,1.),.PIECEWISE_BEZIER_KNOTS.);
#7691 = CARTESIAN_POINT('',(14.018438736978,4.477120206253));
#7692 = CARTESIAN_POINT('',(15.302855041196,7.11935997791));
#7693 = CARTESIAN_POINT('',(15.302855041196,12.660674998721));
#7694 = ( GEOMETRIC_REPRESENTATION_CONTEXT(2) 
PARAMETRIC_REPRESENTATION_CONTEXT() REPRESENTATION_CONTEXT('2D SPACE',''
  ) );
#7695 = PCURVE('',#7696,#7703);
#7696 = SURFACE_OF_LINEAR_EXTRUSION('',#7697,#7701);
#7697 = B_SPLINE_CURVE_WITH_KNOTS('',2,(#7698,#7699,#7700),
  .UNSPECIFIED.,.F.,.F.,(3,3),(0.,1.),.PIECEWISE_BEZIER_KNOTS.);
#7698 = CARTESIAN_POINT('',(-171.2791713006,4.69728383327,
    14.018438736978));
#7699 = CARTESIAN_POINT('',(-171.2791713006,2.055044061613,
    15.302855041196));
#7700 = CARTESIAN_POINT('',(-171.2791713006,-3.486270959198,
    15.302855041196));
#7701 = VECTOR('',#7702,1.);
#7702 = DIRECTION('',(-1.,1.359631073447E-32,1.110223024625E-16));
#7703 = DEFINITIONAL_REPRESENTATION('',(#7704),#7708);
#7704 = LINE('',#7705,#7706);
#7705 = CARTESIAN_POINT('',(0.,0.));
#7706 = VECTOR('',#7707,1.);
#7707 = DIRECTION('',(1.,0.));
#7708 = ( GEOMETRIC_REPRESENTATION_CONTEXT(2) 
PARAMETRIC_REPRESENTATION_CONTEXT() REPRESENTATION_CONTEXT('2D SPACE',''
  ) );
#7709 = ADVANCED_FACE('',(#7710),#7479,.F.);
#7710 = FACE_BOUND('',#7711,.F.);
#7711 = EDGE_LOOP('',(#7712,#7713,#7736,#7762));
#7712 = ORIENTED_EDGE('',*,*,#7461,.F.);
#7713 = ORIENTED_EDGE('',*,*,#7714,.T.);
#7714 = EDGE_CURVE('',#7462,#7715,#7717,.T.);
#7715 = VERTEX_POINT('',#7716);
#7716 = CARTESIAN_POINT('',(-169.5291713006,3.667558355652E-02,
    -16.55059762839));
#7717 = SURFACE_CURVE('',#7718,(#7722,#7729),.PCURVE_S1.);
#7718 = LINE('',#7719,#7720);
#7719 = CARTESIAN_POINT('',(-171.2791713006,3.667558355652E-02,
    -16.55059762839));
#7720 = VECTOR('',#7721,1.);
#7721 = DIRECTION('',(1.,-1.359631073447E-32,-1.110223024625E-16));
#7722 = PCURVE('',#7479,#7723);
#7723 = DEFINITIONAL_REPRESENTATION('',(#7724),#7728);
#7724 = LINE('',#7725,#7726);
#7725 = CARTESIAN_POINT('',(3.552713678801E-15,0.));
#7726 = VECTOR('',#7727,1.);
#7727 = DIRECTION('',(0.,-1.));
#7728 = ( GEOMETRIC_REPRESENTATION_CONTEXT(2) 
PARAMETRIC_REPRESENTATION_CONTEXT() REPRESENTATION_CONTEXT('2D SPACE',''
  ) );
#7729 = PCURVE('',#7533,#7730);
#7730 = DEFINITIONAL_REPRESENTATION('',(#7731),#7735);
#7731 = LINE('',#7732,#7733);
#7732 = CARTESIAN_POINT('',(13.992496558236,0.));
#7733 = VECTOR('',#7734,1.);
#7734 = DIRECTION('',(0.,-1.));
#7735 = ( GEOMETRIC_REPRESENTATION_CONTEXT(2) 
PARAMETRIC_REPRESENTATION_CONTEXT() REPRESENTATION_CONTEXT('2D SPACE',''
  ) );
#7736 = ORIENTED_EDGE('',*,*,#7737,.F.);
#7737 = EDGE_CURVE('',#7738,#7715,#7740,.T.);
#7738 = VERTEX_POINT('',#7739);
#7739 = CARTESIAN_POINT('',(-169.5291713006,3.667558355652E-02,
    -8.403776282128));
#7740 = SURFACE_CURVE('',#7741,(#7745,#7751),.PCURVE_S1.);
#7741 = LINE('',#7742,#7743);
#7742 = CARTESIAN_POINT('',(-169.5291713006,3.667558355652E-02,
    -8.275298814197));
#7743 = VECTOR('',#7744,1.);
#7744 = DIRECTION('',(2.22044604925E-16,-1.224646799147E-16,-1.));
#7745 = PCURVE('',#7479,#7746);
#7746 = DEFINITIONAL_REPRESENTATION('',(#7747),#7750);
#7747 = B_SPLINE_CURVE_WITH_KNOTS('',1,(#7748,#7749),.UNSPECIFIED.,.F.,
  .F.,(2,2),(0.12847746793,8.275298814197),.PIECEWISE_BEZIER_KNOTS.);
#7748 = CARTESIAN_POINT('',(8.146821346267,-1.75));
#7749 = CARTESIAN_POINT('',(0.,-1.75));
#7750 = ( GEOMETRIC_REPRESENTATION_CONTEXT(2) 
PARAMETRIC_REPRESENTATION_CONTEXT() REPRESENTATION_CONTEXT('2D SPACE',''
  ) );
#7751 = PCURVE('',#7752,#7757);
#7752 = PLANE('',#7753);
#7753 = AXIS2_PLACEMENT_3D('',#7754,#7755,#7756);
#7754 = CARTESIAN_POINT('',(-169.5291713006,0.,7.771561172376E-16));
#7755 = DIRECTION('',(1.,0.,2.22044604925E-16));
#7756 = DIRECTION('',(2.22044604925E-16,0.,-1.));
#7757 = DEFINITIONAL_REPRESENTATION('',(#7758),#7761);
#7758 = B_SPLINE_CURVE_WITH_KNOTS('',1,(#7759,#7760),.UNSPECIFIED.,.F.,
  .F.,(2,2),(0.12847746793,8.275298814197),.PIECEWISE_BEZIER_KNOTS.);
#7759 = CARTESIAN_POINT('',(8.403776282128,3.667558355652E-02));
#7760 = CARTESIAN_POINT('',(16.550597628395,3.667558355652E-02));
#7761 = ( GEOMETRIC_REPRESENTATION_CONTEXT(2) 
PARAMETRIC_REPRESENTATION_CONTEXT() REPRESENTATION_CONTEXT('2D SPACE',''
  ) );
#7762 = ORIENTED_EDGE('',*,*,#7763,.F.);
#7763 = EDGE_CURVE('',#7464,#7738,#7764,.T.);
#7764 = SURFACE_CURVE('',#7765,(#7769,#7776),.PCURVE_S1.);
#7765 = LINE('',#7766,#7767);
#7766 = CARTESIAN_POINT('',(-171.2791713006,3.667558355652E-02,
    -8.403776282128));
#7767 = VECTOR('',#7768,1.);
#7768 = DIRECTION('',(1.,-1.359631073447E-32,-1.110223024625E-16));
#7769 = PCURVE('',#7479,#7770);
#7770 = DEFINITIONAL_REPRESENTATION('',(#7771),#7775);
#7771 = LINE('',#7772,#7773);
#7772 = CARTESIAN_POINT('',(8.146821346267,0.));
#7773 = VECTOR('',#7774,1.);
#7774 = DIRECTION('',(0.,-1.));
#7775 = ( GEOMETRIC_REPRESENTATION_CONTEXT(2) 
PARAMETRIC_REPRESENTATION_CONTEXT() REPRESENTATION_CONTEXT('2D SPACE',''
  ) );
#7776 = PCURVE('',#7507,#7777);
#7777 = DEFINITIONAL_REPRESENTATION('',(#7778),#7782);
#7778 = LINE('',#7779,#7780);
#7779 = CARTESIAN_POINT('',(0.,0.));
#7780 = VECTOR('',#7781,1.);
#7781 = DIRECTION('',(0.,-1.));
#7782 = ( GEOMETRIC_REPRESENTATION_CONTEXT(2) 
PARAMETRIC_REPRESENTATION_CONTEXT() REPRESENTATION_CONTEXT('2D SPACE',''
  ) );
#7783 = ADVANCED_FACE('',(#7784),#7507,.F.);
#7784 = FACE_BOUND('',#7785,.F.);
#7785 = EDGE_LOOP('',(#7786,#7787,#7788,#7809));
#7786 = ORIENTED_EDGE('',*,*,#7491,.F.);
#7787 = ORIENTED_EDGE('',*,*,#7763,.T.);
#7788 = ORIENTED_EDGE('',*,*,#7789,.F.);
#7789 = EDGE_CURVE('',#7790,#7738,#7792,.T.);
#7790 = VERTEX_POINT('',#7791);
#7791 = CARTESIAN_POINT('',(-169.5291713006,-11.33958311094,
    -8.403776282128));
#7792 = SURFACE_CURVE('',#7793,(#7797,#7803),.PCURVE_S1.);
#7793 = LINE('',#7794,#7795);
#7794 = CARTESIAN_POINT('',(-169.5291713006,1.833779177826E-02,
    -8.403776282128));
#7795 = VECTOR('',#7796,1.);
#7796 = DIRECTION('',(2.719262146894E-32,1.,-1.224646799147E-16));
#7797 = PCURVE('',#7507,#7798);
#7798 = DEFINITIONAL_REPRESENTATION('',(#7799),#7802);
#7799 = B_SPLINE_CURVE_WITH_KNOTS('',1,(#7800,#7801),.UNSPECIFIED.,.F.,
  .F.,(2,2),(-11.35792090272,1.833779177826E-02),
  .PIECEWISE_BEZIER_KNOTS.);
#7800 = CARTESIAN_POINT('',(11.376258694503,-1.75));
#7801 = CARTESIAN_POINT('',(0.,-1.75));
#7802 = ( GEOMETRIC_REPRESENTATION_CONTEXT(2) 
PARAMETRIC_REPRESENTATION_CONTEXT() REPRESENTATION_CONTEXT('2D SPACE',''
  ) );
#7803 = PCURVE('',#7752,#7804);
#7804 = DEFINITIONAL_REPRESENTATION('',(#7805),#7808);
#7805 = B_SPLINE_CURVE_WITH_KNOTS('',1,(#7806,#7807),.UNSPECIFIED.,.F.,
  .F.,(2,2),(-11.35792090272,1.833779177826E-02),
  .PIECEWISE_BEZIER_KNOTS.);
#7806 = CARTESIAN_POINT('',(8.403776282128,-11.33958311094));
#7807 = CARTESIAN_POINT('',(8.403776282128,3.667558355652E-02));
#7808 = ( GEOMETRIC_REPRESENTATION_CONTEXT(2) 
PARAMETRIC_REPRESENTATION_CONTEXT() REPRESENTATION_CONTEXT('2D SPACE',''
  ) );
#7809 = ORIENTED_EDGE('',*,*,#7810,.F.);
#7810 = EDGE_CURVE('',#7492,#7790,#7811,.T.);
#7811 = SURFACE_CURVE('',#7812,(#7816,#7823),.PCURVE_S1.);
#7812 = LINE('',#7813,#7814);
#7813 = CARTESIAN_POINT('',(-171.2791713006,-11.33958311094,
    -8.403776282128));
#7814 = VECTOR('',#7815,1.);
#7815 = DIRECTION('',(1.,-1.359631073447E-32,-1.110223024625E-16));
#7816 = PCURVE('',#7507,#7817);
#7817 = DEFINITIONAL_REPRESENTATION('',(#7818),#7822);
#7818 = LINE('',#7819,#7820);
#7819 = CARTESIAN_POINT('',(11.376258694503,0.));
#7820 = VECTOR('',#7821,1.);
#7821 = DIRECTION('',(0.,-1.));
#7822 = ( GEOMETRIC_REPRESENTATION_CONTEXT(2) 
PARAMETRIC_REPRESENTATION_CONTEXT() REPRESENTATION_CONTEXT('2D SPACE',''
  ) );
#7823 = PCURVE('',#7533,#7824);
#7824 = DEFINITIONAL_REPRESENTATION('',(#7825),#7829);
#7825 = LINE('',#7826,#7827);
#7826 = CARTESIAN_POINT('',(0.,0.));
#7827 = VECTOR('',#7828,1.);
#7828 = DIRECTION('',(0.,-1.));
#7829 = ( GEOMETRIC_REPRESENTATION_CONTEXT(2) 
PARAMETRIC_REPRESENTATION_CONTEXT() REPRESENTATION_CONTEXT('2D SPACE',''
  ) );
#7830 = ADVANCED_FACE('',(#7831),#7533,.F.);
#7831 = FACE_BOUND('',#7832,.F.);
#7832 = EDGE_LOOP('',(#7833,#7834,#7835,#7854));
#7833 = ORIENTED_EDGE('',*,*,#7519,.F.);
#7834 = ORIENTED_EDGE('',*,*,#7810,.T.);
#7835 = ORIENTED_EDGE('',*,*,#7836,.F.);
#7836 = EDGE_CURVE('',#7715,#7790,#7837,.T.);
#7837 = SURFACE_CURVE('',#7838,(#7842,#7848),.PCURVE_S1.);
#7838 = LINE('',#7839,#7840);
#7839 = CARTESIAN_POINT('',(-169.5291713006,-9.580821902915,
    -9.663268856738));
#7840 = VECTOR('',#7841,1.);
#7841 = DIRECTION('',(-1.292805554533E-16,-0.813025656083,0.582227861366
    ));
#7842 = PCURVE('',#7533,#7843);
#7843 = DEFINITIONAL_REPRESENTATION('',(#7844),#7847);
#7844 = B_SPLINE_CURVE_WITH_KNOTS('',1,(#7845,#7846),.UNSPECIFIED.,.F.,
  .F.,(2,2),(-11.82926690506,2.163229653175),.PIECEWISE_BEZIER_KNOTS.);
#7845 = CARTESIAN_POINT('',(13.992496558236,-1.75));
#7846 = CARTESIAN_POINT('',(0.,-1.75));
#7847 = ( GEOMETRIC_REPRESENTATION_CONTEXT(2) 
PARAMETRIC_REPRESENTATION_CONTEXT() REPRESENTATION_CONTEXT('2D SPACE',''
  ) );
#7848 = PCURVE('',#7752,#7849);
#7849 = DEFINITIONAL_REPRESENTATION('',(#7850),#7853);
#7850 = B_SPLINE_CURVE_WITH_KNOTS('',1,(#7851,#7852),.UNSPECIFIED.,.F.,
  .F.,(2,2),(-11.82926690506,2.163229653175),.PIECEWISE_BEZIER_KNOTS.);
#7851 = CARTESIAN_POINT('',(16.550597628395,3.667558355652E-02));
#7852 = CARTESIAN_POINT('',(8.403776282128,-11.33958311094));
#7853 = ( GEOMETRIC_REPRESENTATION_CONTEXT(2) 
PARAMETRIC_REPRESENTATION_CONTEXT() REPRESENTATION_CONTEXT('2D SPACE',''
  ) );
#7854 = ORIENTED_EDGE('',*,*,#7714,.F.);
#7855 = ADVANCED_FACE('',(#7856),#7578,.F.);
#7856 = FACE_BOUND('',#7857,.F.);
#7857 = EDGE_LOOP('',(#7858,#7859,#7882,#8054));
#7858 = ORIENTED_EDGE('',*,*,#7560,.F.);
#7859 = ORIENTED_EDGE('',*,*,#7860,.T.);
#7860 = EDGE_CURVE('',#7561,#7861,#7863,.T.);
#7861 = VERTEX_POINT('',#7862);
#7862 = CARTESIAN_POINT('',(-169.5291713006,-3.486270959198,
    15.302855041196));
#7863 = SURFACE_CURVE('',#7864,(#7868,#7875),.PCURVE_S1.);
#7864 = LINE('',#7865,#7866);
#7865 = CARTESIAN_POINT('',(-171.2791713006,-3.486270959198,
    15.302855041196));
#7866 = VECTOR('',#7867,1.);
#7867 = DIRECTION('',(1.,-1.359631073447E-32,-1.110223024625E-16));
#7868 = PCURVE('',#7578,#7869);
#7869 = DEFINITIONAL_REPRESENTATION('',(#7870),#7874);
#7870 = LINE('',#7871,#7872);
#7871 = CARTESIAN_POINT('',(0.,0.));
#7872 = VECTOR('',#7873,1.);
#7873 = DIRECTION('',(0.,-1.));
#7874 = ( GEOMETRIC_REPRESENTATION_CONTEXT(2) 
PARAMETRIC_REPRESENTATION_CONTEXT() REPRESENTATION_CONTEXT('2D SPACE',''
  ) );
#7875 = PCURVE('',#7696,#7876);
#7876 = DEFINITIONAL_REPRESENTATION('',(#7877),#7881);
#7877 = LINE('',#7878,#7879);
#7878 = CARTESIAN_POINT('',(1.,0.));
#7879 = VECTOR('',#7880,1.);
#7880 = DIRECTION('',(0.,-1.));
#7881 = ( GEOMETRIC_REPRESENTATION_CONTEXT(2) 
PARAMETRIC_REPRESENTATION_CONTEXT() REPRESENTATION_CONTEXT('2D SPACE',''
  ) );
#7882 = ORIENTED_EDGE('',*,*,#7883,.F.);
#7883 = EDGE_CURVE('',#7884,#7861,#7886,.T.);
#7884 = VERTEX_POINT('',#7885);
#7885 = CARTESIAN_POINT('',(-169.5291713006,-13.98176315342,
    10.091842390285));
#7886 = SURFACE_CURVE('',#7887,(#7939,#7994),.PCURVE_S1.);
#7887 = B_SPLINE_CURVE_WITH_KNOTS('',8,(#7888,#7889,#7890,#7891,#7892,
    #7893,#7894,#7895,#7896,#7897,#7898,#7899,#7900,#7901,#7902,#7903,
    #7904,#7905,#7906,#7907,#7908,#7909,#7910,#7911,#7912,#7913,#7914,
    #7915,#7916,#7917,#7918,#7919,#7920,#7921,#7922,#7923,#7924,#7925,
    #7926,#7927,#7928,#7929,#7930,#7931,#7932,#7933,#7934,#7935,#7936,
    #7937,#7938),.UNSPECIFIED.,.F.,.F.,(9,7,7,7,7,7,7,9),(0.,
    5.278487851766E-02,0.147705560315,0.23212988972,0.275666378007,
    0.366715576373,0.687040718032,1.),.UNSPECIFIED.);
#7888 = CARTESIAN_POINT('',(-169.5291713006,-13.98176315342,
    10.091842390285));
#7889 = CARTESIAN_POINT('',(-169.5291713006,-13.98176315342,
    10.177733860793));
#7890 = CARTESIAN_POINT('',(-169.5291713006,-13.98013374126,
    10.263617989983));
#7891 = CARTESIAN_POINT('',(-169.5291713006,-13.97682181417,
    10.349458873997));
#7892 = CARTESIAN_POINT('',(-169.5291713006,-13.97177436808,
    10.435216058438));
#7893 = CARTESIAN_POINT('',(-169.5291713006,-13.96493955531,
    10.520844626669));
#7894 = CARTESIAN_POINT('',(-169.5291713006,-13.95626774227,
    10.606295288105));
#7895 = CARTESIAN_POINT('',(-169.5291713006,-13.94571256712,
    10.691514466514));
#7896 = CARTESIAN_POINT('',(-169.5291713006,-13.91078874842,
    10.929170061049));
#7897 = CARTESIAN_POINT('',(-169.5291713006,-13.88211430844,
    11.08099317356));
#7898 = CARTESIAN_POINT('',(-169.5291713006,-13.84696728295,
    11.231536876343));
#7899 = CARTESIAN_POINT('',(-169.5291713006,-13.80515688475,
    11.380408607039));
#7900 = CARTESIAN_POINT('',(-169.5291713006,-13.75656187685,
    11.527206094864));
#7901 = CARTESIAN_POINT('',(-169.5291713006,-13.70114951532,
    11.671523365048));
#7902 = CARTESIAN_POINT('',(-169.5291713006,-13.63899449202,
    11.812956743268));
#7903 = CARTESIAN_POINT('',(-169.5291713006,-13.50919775142,
    12.073987860597));
#7904 = CARTESIAN_POINT('',(-169.5291713006,-13.44290787613,
    12.194300995254));
#7905 = CARTESIAN_POINT('',(-169.5291713006,-13.37156375959,
    12.311774296407));
#7906 = CARTESIAN_POINT('',(-169.5291713006,-13.29535322847,
    12.426189257603));
#7907 = CARTESIAN_POINT('',(-169.5291713006,-13.21450776671,
    12.537378880296));
#7908 = CARTESIAN_POINT('',(-169.5291713006,-13.12929385402,
    12.645221720574));
#7909 = CARTESIAN_POINT('',(-169.5291713006,-13.04000430447,
    12.749635935878));
#7910 = CARTESIAN_POINT('',(-169.5291713006,-12.89896255129,
    12.902625385717));
#7911 = CARTESIAN_POINT('',(-169.5291713006,-12.84997065705,
    12.95375672559));
#7912 = CARTESIAN_POINT('',(-169.5291713006,-12.80001410334,
    13.0039629497));
#7913 = CARTESIAN_POINT('',(-169.5291713006,-12.74913312056,
    13.053242801803));
#7914 = CARTESIAN_POINT('',(-169.5291713006,-12.69736766488,
    13.101597837682));
#7915 = CARTESIAN_POINT('',(-169.5291713006,-12.64475709458,
    13.149032091751));
#7916 = CARTESIAN_POINT('',(-169.5291713006,-12.59133984648,
    13.195551743674));
#7917 = CARTESIAN_POINT('',(-169.5291713006,-12.42383072682,
    13.336556742598));
#7918 = CARTESIAN_POINT('',(-169.5291713006,-12.30714949448,
    13.427977932945));
#7919 = CARTESIAN_POINT('',(-169.5291713006,-12.18744158062,
    13.515510319112));
#7920 = CARTESIAN_POINT('',(-169.5291713006,-12.06502067256,
    13.599263913692));
#7921 = CARTESIAN_POINT('',(-169.5291713006,-11.94017554768,
    13.679367487439));
#7922 = CARTESIAN_POINT('',(-169.5291713006,-11.81316512921,
    13.755961399966));
#7923 = CARTESIAN_POINT('',(-169.5291713006,-11.68421502997,
    13.829192552478));
#7924 = CARTESIAN_POINT('',(-169.5291713006,-11.09369474703,
    14.145548801963));
#7925 = CARTESIAN_POINT('',(-169.5291713006,-10.61337869346,
    14.351507759061));
#7926 = CARTESIAN_POINT('',(-169.5291713006,-10.11933954156,
    14.524888014749));
#7927 = CARTESIAN_POINT('',(-169.5291713006,-9.616384111026,
    14.670890383254));
#7928 = CARTESIAN_POINT('',(-169.5291713006,-9.107947487796,
    14.793848605832));
#7929 = CARTESIAN_POINT('',(-169.5291713006,-8.596043806239,
    14.897131912554));
#7930 = CARTESIAN_POINT('',(-169.5291713006,-8.081416254769,
    14.983524286406));
#7931 = CARTESIAN_POINT('',(-169.5291713006,-7.057528362839,
    15.125241128186));
#7932 = CARTESIAN_POINT('',(-169.5291713006,-6.549573011679,
    15.181075417725));
#7933 = CARTESIAN_POINT('',(-169.5291713006,-6.040273285337,
    15.224706515214));
#7934 = CARTESIAN_POINT('',(-169.5291713006,-5.530110402275,
    15.25761330046));
#7935 = CARTESIAN_POINT('',(-169.5291713006,-5.019442887317,
    15.28098106233));
#7936 = CARTESIAN_POINT('',(-169.5291713006,-4.508513132908,
    15.295791751851));
#7937 = CARTESIAN_POINT('',(-169.5291713006,-3.997449547552,
    15.302855041196));
#7938 = CARTESIAN_POINT('',(-169.5291713006,-3.486270959198,
    15.302855041196));
#7939 = PCURVE('',#7578,#7940);
#7940 = DEFINITIONAL_REPRESENTATION('',(#7941),#7993);
#7941 = B_SPLINE_CURVE_WITH_KNOTS('',8,(#7942,#7943,#7944,#7945,#7946,
    #7947,#7948,#7949,#7950,#7951,#7952,#7953,#7954,#7955,#7956,#7957,
    #7958,#7959,#7960,#7961,#7962,#7963,#7964,#7965,#7966,#7967,#7968,
    #7969,#7970,#7971,#7972,#7973,#7974,#7975,#7976,#7977,#7978,#7979,
    #7980,#7981,#7982,#7983,#7984,#7985,#7986,#7987,#7988,#7989,#7990,
    #7991,#7992),.UNSPECIFIED.,.F.,.F.,(9,7,7,7,7,7,7,9),(0.,
    5.278487851766E-02,0.147705560315,0.23212988972,0.275666378007,
    0.366715576373,0.687040718032,1.),.UNSPECIFIED.);
#7942 = CARTESIAN_POINT('',(1.,-1.75));
#7943 = CARTESIAN_POINT('',(0.991758658416,-1.75));
#7944 = CARTESIAN_POINT('',(0.983440396856,-1.75));
#7945 = CARTESIAN_POINT('',(0.975046130528,-1.75));
#7946 = CARTESIAN_POINT('',(0.96657721597,-1.75));
#7947 = CARTESIAN_POINT('',(0.958035492966,-1.75));
#7948 = CARTESIAN_POINT('',(0.949423326457,-1.75));
#7949 = CARTESIAN_POINT('',(0.940743648465,-1.75));
#7950 = CARTESIAN_POINT('',(0.91627668876,-1.75));
#7951 = CARTESIAN_POINT('',(0.900343127933,-1.75));
#7952 = CARTESIAN_POINT('',(0.884223976552,-1.75));
#7953 = CARTESIAN_POINT('',(0.867947812219,-1.75));
#7954 = CARTESIAN_POINT('',(0.851547457404,-1.75));
#7955 = CARTESIAN_POINT('',(0.835060305741,-1.75));
#7956 = CARTESIAN_POINT('',(0.818528648324,-1.75));
#7957 = CARTESIAN_POINT('',(0.787299093682,-1.75));
#7958 = CARTESIAN_POINT('',(0.772596954875,-1.75));
#7959 = CARTESIAN_POINT('',(0.757926518384,-1.75));
#7960 = CARTESIAN_POINT('',(0.743317698013,-1.75));
#7961 = CARTESIAN_POINT('',(0.728797545158,-1.75));
#7962 = CARTESIAN_POINT('',(0.714390407401,-1.75));
#7963 = CARTESIAN_POINT('',(0.700118087103,-1.75));
#7964 = CARTESIAN_POINT('',(0.678719492851,-1.75));
#7965 = CARTESIAN_POINT('',(0.671479458711,-1.75));
#7966 = CARTESIAN_POINT('',(0.664282234126,-1.75));
#7967 = CARTESIAN_POINT('',(0.65712985619,-1.75));
#7968 = CARTESIAN_POINT('',(0.650024079116,-1.75));
#7969 = CARTESIAN_POINT('',(0.642966390809,-1.75));
#7970 = CARTESIAN_POINT('',(0.635958029436,-1.75));
#7971 = CARTESIAN_POINT('',(0.614448458816,-1.75));
#7972 = CARTESIAN_POINT('',(0.60011790151,-1.75));
#7973 = CARTESIAN_POINT('',(0.58601628786,-1.75));
#7974 = CARTESIAN_POINT('',(0.572148005995,-1.75));
#7975 = CARTESIAN_POINT('',(0.558514457489,-1.75));
#7976 = CARTESIAN_POINT('',(0.545114509719,-1.75));
#7977 = CARTESIAN_POINT('',(0.531944815504,-1.75));
#7978 = CARTESIAN_POINT('',(0.473458139834,-1.75));
#7979 = CARTESIAN_POINT('',(0.430814229427,-1.75));
#7980 = CARTESIAN_POINT('',(0.390642504735,-1.75));
#7981 = CARTESIAN_POINT('',(0.352672938791,-1.75));
#7982 = CARTESIAN_POINT('',(0.316653352121,-1.75));
#7983 = CARTESIAN_POINT('',(0.2823564173,-1.75));
#7984 = CARTESIAN_POINT('',(0.2495504145,-1.75));
#7985 = CARTESIAN_POINT('',(0.187175085613,-1.75));
#7986 = CARTESIAN_POINT('',(0.157619010853,-1.75));
#7987 = CARTESIAN_POINT('',(0.129169794822,-1.75));
#7988 = CARTESIAN_POINT('',(0.101708463061,-1.75));
#7989 = CARTESIAN_POINT('',(7.513836628933E-02,-1.75));
#7990 = CARTESIAN_POINT('',(4.937683313145E-02,-1.75));
#7991 = CARTESIAN_POINT('',(2.435229234105E-02,-1.75));
#7992 = CARTESIAN_POINT('',(0.,-1.75));
#7993 = ( GEOMETRIC_REPRESENTATION_CONTEXT(2) 
PARAMETRIC_REPRESENTATION_CONTEXT() REPRESENTATION_CONTEXT('2D SPACE',''
  ) );
#7994 = PCURVE('',#7995,#8000);
#7995 = PLANE('',#7996);
#7996 = AXIS2_PLACEMENT_3D('',#7997,#7998,#7999);
#7997 = CARTESIAN_POINT('',(-169.5291713006,0.,7.771561172376E-16));
#7998 = DIRECTION('',(1.,0.,2.22044604925E-16));
#7999 = DIRECTION('',(2.22044604925E-16,0.,-1.));
#8000 = DEFINITIONAL_REPRESENTATION('',(#8001),#8053);
#8001 = B_SPLINE_CURVE_WITH_KNOTS('',8,(#8002,#8003,#8004,#8005,#8006,
    #8007,#8008,#8009,#8010,#8011,#8012,#8013,#8014,#8015,#8016,#8017,
    #8018,#8019,#8020,#8021,#8022,#8023,#8024,#8025,#8026,#8027,#8028,
    #8029,#8030,#8031,#8032,#8033,#8034,#8035,#8036,#8037,#8038,#8039,
    #8040,#8041,#8042,#8043,#8044,#8045,#8046,#8047,#8048,#8049,#8050,
    #8051,#8052),.UNSPECIFIED.,.F.,.F.,(9,7,7,7,7,7,7,9),(0.,
    5.278487851766E-02,0.147705560315,0.23212988972,0.275666378007,
    0.366715576373,0.687040718032,1.),.UNSPECIFIED.);
#8002 = CARTESIAN_POINT('',(-10.09184239028,-13.98176315342));
#8003 = CARTESIAN_POINT('',(-10.17773386079,-13.98176315342));
#8004 = CARTESIAN_POINT('',(-10.26361798998,-13.98013374126));
#8005 = CARTESIAN_POINT('',(-10.34945887399,-13.97682181417));
#8006 = CARTESIAN_POINT('',(-10.43521605843,-13.97177436808));
#8007 = CARTESIAN_POINT('',(-10.52084462666,-13.96493955531));
#8008 = CARTESIAN_POINT('',(-10.6062952881,-13.95626774227));
#8009 = CARTESIAN_POINT('',(-10.69151446651,-13.94571256712));
#8010 = CARTESIAN_POINT('',(-10.92917006104,-13.91078874842));
#8011 = CARTESIAN_POINT('',(-11.08099317356,-13.88211430844));
#8012 = CARTESIAN_POINT('',(-11.23153687634,-13.84696728295));
#8013 = CARTESIAN_POINT('',(-11.38040860703,-13.80515688475));
#8014 = CARTESIAN_POINT('',(-11.52720609486,-13.75656187685));
#8015 = CARTESIAN_POINT('',(-11.67152336504,-13.70114951532));
#8016 = CARTESIAN_POINT('',(-11.81295674326,-13.63899449202));
#8017 = CARTESIAN_POINT('',(-12.07398786059,-13.50919775142));
#8018 = CARTESIAN_POINT('',(-12.19430099525,-13.44290787613));
#8019 = CARTESIAN_POINT('',(-12.3117742964,-13.37156375959));
#8020 = CARTESIAN_POINT('',(-12.4261892576,-13.29535322847));
#8021 = CARTESIAN_POINT('',(-12.53737888029,-13.21450776671));
#8022 = CARTESIAN_POINT('',(-12.64522172057,-13.12929385402));
#8023 = CARTESIAN_POINT('',(-12.74963593587,-13.04000430447));
#8024 = CARTESIAN_POINT('',(-12.90262538571,-12.89896255129));
#8025 = CARTESIAN_POINT('',(-12.95375672559,-12.84997065705));
#8026 = CARTESIAN_POINT('',(-13.0039629497,-12.80001410334));
#8027 = CARTESIAN_POINT('',(-13.0532428018,-12.74913312056));
#8028 = CARTESIAN_POINT('',(-13.10159783768,-12.69736766488));
#8029 = CARTESIAN_POINT('',(-13.14903209175,-12.64475709458));
#8030 = CARTESIAN_POINT('',(-13.19555174367,-12.59133984648));
#8031 = CARTESIAN_POINT('',(-13.33655674259,-12.42383072682));
#8032 = CARTESIAN_POINT('',(-13.42797793294,-12.30714949448));
#8033 = CARTESIAN_POINT('',(-13.51551031911,-12.18744158062));
#8034 = CARTESIAN_POINT('',(-13.59926391369,-12.06502067256));
#8035 = CARTESIAN_POINT('',(-13.67936748743,-11.94017554768));
#8036 = CARTESIAN_POINT('',(-13.75596139996,-11.81316512921));
#8037 = CARTESIAN_POINT('',(-13.82919255247,-11.68421502997));
#8038 = CARTESIAN_POINT('',(-14.14554880196,-11.09369474703));
#8039 = CARTESIAN_POINT('',(-14.35150775906,-10.61337869346));
#8040 = CARTESIAN_POINT('',(-14.52488801474,-10.11933954156));
#8041 = CARTESIAN_POINT('',(-14.67089038325,-9.616384111026));
#8042 = CARTESIAN_POINT('',(-14.79384860583,-9.107947487796));
#8043 = CARTESIAN_POINT('',(-14.89713191255,-8.596043806239));
#8044 = CARTESIAN_POINT('',(-14.9835242864,-8.081416254769));
#8045 = CARTESIAN_POINT('',(-15.12524112818,-7.057528362839));
#8046 = CARTESIAN_POINT('',(-15.18107541772,-6.549573011679));
#8047 = CARTESIAN_POINT('',(-15.22470651521,-6.040273285337));
#8048 = CARTESIAN_POINT('',(-15.25761330046,-5.530110402275));
#8049 = CARTESIAN_POINT('',(-15.28098106233,-5.019442887317));
#8050 = CARTESIAN_POINT('',(-15.29579175185,-4.508513132908));
#8051 = CARTESIAN_POINT('',(-15.30285504119,-3.997449547552));
#8052 = CARTESIAN_POINT('',(-15.30285504119,-3.486270959198));
#8053 = ( GEOMETRIC_REPRESENTATION_CONTEXT(2) 
PARAMETRIC_REPRESENTATION_CONTEXT() REPRESENTATION_CONTEXT('2D SPACE',''
  ) );
#8054 = ORIENTED_EDGE('',*,*,#8055,.F.);
#8055 = EDGE_CURVE('',#7563,#7884,#8056,.T.);
#8056 = SURFACE_CURVE('',#8057,(#8061,#8068),.PCURVE_S1.);
#8057 = LINE('',#8058,#8059);
#8058 = CARTESIAN_POINT('',(-171.2791713006,-13.98176315342,
    10.091842390285));
#8059 = VECTOR('',#8060,1.);
#8060 = DIRECTION('',(1.,-1.359631073447E-32,-1.110223024625E-16));
#8061 = PCURVE('',#7578,#8062);
#8062 = DEFINITIONAL_REPRESENTATION('',(#8063),#8067);
#8063 = LINE('',#8064,#8065);
#8064 = CARTESIAN_POINT('',(1.,0.));
#8065 = VECTOR('',#8066,1.);
#8066 = DIRECTION('',(0.,-1.));
#8067 = ( GEOMETRIC_REPRESENTATION_CONTEXT(2) 
PARAMETRIC_REPRESENTATION_CONTEXT() REPRESENTATION_CONTEXT('2D SPACE',''
  ) );
#8068 = PCURVE('',#7608,#8069);
#8069 = DEFINITIONAL_REPRESENTATION('',(#8070),#8074);
#8070 = LINE('',#8071,#8072);
#8071 = CARTESIAN_POINT('',(0.,0.));
#8072 = VECTOR('',#8073,1.);
#8073 = DIRECTION('',(0.,-1.));
#8074 = ( GEOMETRIC_REPRESENTATION_CONTEXT(2) 
PARAMETRIC_REPRESENTATION_CONTEXT() REPRESENTATION_CONTEXT('2D SPACE',''
  ) );
#8075 = ADVANCED_FACE('',(#8076),#7608,.F.);
#8076 = FACE_BOUND('',#8077,.F.);
#8077 = EDGE_LOOP('',(#8078,#8079,#8080,#8244));
#8078 = ORIENTED_EDGE('',*,*,#7592,.F.);
#8079 = ORIENTED_EDGE('',*,*,#8055,.T.);
#8080 = ORIENTED_EDGE('',*,*,#8081,.F.);
#8081 = EDGE_CURVE('',#8082,#7884,#8084,.T.);
#8082 = VERTEX_POINT('',#8083);
#8083 = CARTESIAN_POINT('',(-169.5291713006,-3.376130349777,
    4.880829739373));
#8084 = SURFACE_CURVE('',#8085,(#8136,#8190),.PCURVE_S1.);
#8085 = B_SPLINE_CURVE_WITH_KNOTS('',7,(#8086,#8087,#8088,#8089,#8090,
    #8091,#8092,#8093,#8094,#8095,#8096,#8097,#8098,#8099,#8100,#8101,
    #8102,#8103,#8104,#8105,#8106,#8107,#8108,#8109,#8110,#8111,#8112,
    #8113,#8114,#8115,#8116,#8117,#8118,#8119,#8120,#8121,#8122,#8123,
    #8124,#8125,#8126,#8127,#8128,#8129,#8130,#8131,#8132,#8133,#8134,
    #8135),.UNSPECIFIED.,.F.,.F.,(8,6,6,6,6,6,6,6,8),(0.,0.243002711425,
    0.445157486623,0.675829547109,0.745086651172,0.781826597028,
    0.856159964389,0.948356275472,1.),.UNSPECIFIED.);
#8086 = CARTESIAN_POINT('',(-169.5291713006,-3.376130349777,
    4.880829739373));
#8087 = CARTESIAN_POINT('',(-169.5291713006,-3.83304652601,
    4.880829739373));
#8088 = CARTESIAN_POINT('',(-169.5291713006,-4.289914181413,
    4.886472129275));
#8089 = CARTESIAN_POINT('',(-169.5291713006,-4.746681484436,
    4.898263536024));
#8090 = CARTESIAN_POINT('',(-169.5291713006,-5.203234951609,
    4.916807793158));
#8091 = CARTESIAN_POINT('',(-169.5291713006,-5.659399153926,
    4.94281778686));
#8092 = CARTESIAN_POINT('',(-169.5291713006,-6.114933887641,
    4.977167625921));
#8093 = CARTESIAN_POINT('',(-169.5291713006,-6.94770785816,
    5.057437069743));
#8094 = CARTESIAN_POINT('',(-169.5291713006,-7.32517420897,
    5.100436005841));
#8095 = CARTESIAN_POINT('',(-169.5291713006,-7.701795867094,
    5.150630403923));
#8096 = CARTESIAN_POINT('',(-169.5291713006,-8.077307478838,5.2087969031
    ));
#8097 = CARTESIAN_POINT('',(-169.5291713006,-8.451309359601,
    5.275850650914));
#8098 = CARTESIAN_POINT('',(-169.5291713006,-8.823255288471,
    5.352915107472));
#8099 = CARTESIAN_POINT('',(-169.5291713006,-9.613680937678,
    5.54247704378));
#8100 = CARTESIAN_POINT('',(-169.5291713006,-10.03072534612,
    5.658296613911));
#8101 = CARTESIAN_POINT('',(-169.5291713006,-10.44321781571,
    5.791179420149));
#8102 = CARTESIAN_POINT('',(-169.5291713006,-10.84947271086,
    5.943859495201));
#8103 = CARTESIAN_POINT('',(-169.5291713006,-11.24643855856,
    6.119585523585));
#8104 = CARTESIAN_POINT('',(-169.5291713006,-11.62968875487,
    6.322150474728));
#8105 = CARTESIAN_POINT('',(-169.5291713006,-12.10250160648,
    6.626358016137));
#8106 = CARTESIAN_POINT('',(-169.5291713006,-12.20985868561,
    6.699399772576));
#8107 = CARTESIAN_POINT('',(-169.5291713006,-12.31521152268,
    6.775338569569));
#8108 = CARTESIAN_POINT('',(-169.5291713006,-12.41835036207,
    6.854266986334));
#8109 = CARTESIAN_POINT('',(-169.5291713006,-12.51904428725,
    6.936263367121));
#8110 = CARTESIAN_POINT('',(-169.5291713006,-12.6170464362,7.02138532179
    ));
#8111 = CARTESIAN_POINT('',(-169.5291713006,-12.76252341586,
    7.156493446583));
#8112 = CARTESIAN_POINT('',(-169.5291713006,-12.81211715663,
    7.204211289853));
#8113 = CARTESIAN_POINT('',(-169.5291713006,-12.86084159745,
    7.25282064705));
#8114 = CARTESIAN_POINT('',(-169.5291713006,-12.90865709997,
    7.302323033403));
#8115 = CARTESIAN_POINT('',(-169.5291713006,-12.9555236694,
    7.352717169715));
#8116 = CARTESIAN_POINT('',(-169.5291713006,-13.00140139479,
    7.403998563575));
#8117 = CARTESIAN_POINT('',(-169.5291713006,-13.13699174069,
    7.561691843119));
#8118 = CARTESIAN_POINT('',(-169.5291713006,-13.22353379902,
    7.670835185513));
#8119 = CARTESIAN_POINT('',(-169.5291713006,-13.30553499925,
    7.783506341102));
#8120 = CARTESIAN_POINT('',(-169.5291713006,-13.38268371244,
    7.899578123153));
#8121 = CARTESIAN_POINT('',(-169.5291713006,-13.45471085893,8.0188709322
    ));
#8122 = CARTESIAN_POINT('',(-169.5291713006,-13.52140202126,
    8.141144753394));
#8123 = CARTESIAN_POINT('',(-169.5291713006,-13.65852578739,
    8.421063242642));
#8124 = CARTESIAN_POINT('',(-169.5291713006,-13.72602719218,
    8.580190193728));
#8125 = CARTESIAN_POINT('',(-169.5291713006,-13.78481708457,
    8.742872365625));
#8126 = CARTESIAN_POINT('',(-169.5291713006,-13.83483295064,
    8.908495687925));
#8127 = CARTESIAN_POINT('',(-169.5291713006,-13.87620028859,
    9.076446114234));
#8128 = CARTESIAN_POINT('',(-169.5291713006,-13.90918644777,
    9.246124075083));
#8129 = CARTESIAN_POINT('',(-169.5291713006,-13.94814029356,
    9.512652002816));
#8130 = CARTESIAN_POINT('',(-169.5291713006,-13.95961219095,
    9.608720660528));
#8131 = CARTESIAN_POINT('',(-169.5291713006,-13.96863474517,
    9.705075140858));
#8132 = CARTESIAN_POINT('',(-169.5291713006,-13.9752810223,
    9.801633727748));
#8133 = CARTESIAN_POINT('',(-169.5291713006,-13.97962985917,
    9.898322976835));
#8134 = CARTESIAN_POINT('',(-169.5291713006,-13.98176315342,
    9.995077940061));
#8135 = CARTESIAN_POINT('',(-169.5291713006,-13.98176315342,
    10.091842390285));
#8136 = PCURVE('',#7608,#8137);
#8137 = DEFINITIONAL_REPRESENTATION('',(#8138),#8189);
#8138 = B_SPLINE_CURVE_WITH_KNOTS('',7,(#8139,#8140,#8141,#8142,#8143,
    #8144,#8145,#8146,#8147,#8148,#8149,#8150,#8151,#8152,#8153,#8154,
    #8155,#8156,#8157,#8158,#8159,#8160,#8161,#8162,#8163,#8164,#8165,
    #8166,#8167,#8168,#8169,#8170,#8171,#8172,#8173,#8174,#8175,#8176,
    #8177,#8178,#8179,#8180,#8181,#8182,#8183,#8184,#8185,#8186,#8187,
    #8188),.UNSPECIFIED.,.F.,.F.,(8,6,6,6,6,6,6,6,8),(0.,0.243002711425,
    0.445157486623,0.675829547109,0.745086651172,0.781826597028,
    0.856159964389,0.948356275472,1.),.UNSPECIFIED.);
#8139 = CARTESIAN_POINT('',(1.,-1.75));
#8140 = CARTESIAN_POINT('',(0.978458797099,-1.75));
#8141 = CARTESIAN_POINT('',(0.956378490778,-1.75));
#8142 = CARTESIAN_POINT('',(0.933712913442,-1.75));
#8143 = CARTESIAN_POINT('',(0.910409477027,-1.75));
#8144 = CARTESIAN_POINT('',(0.886408050208,-1.75));
#8145 = CARTESIAN_POINT('',(0.861636086032,-1.75));
#8146 = CARTESIAN_POINT('',(0.814673253568,-1.75));
#8147 = CARTESIAN_POINT('',(0.792751918073,-1.75));
#8148 = CARTESIAN_POINT('',(0.770179996227,-1.75));
#8149 = CARTESIAN_POINT('',(0.746895479046,-1.75));
#8150 = CARTESIAN_POINT('',(0.722829400571,-1.75));
#8151 = CARTESIAN_POINT('',(0.697899715539,-1.75));
#8152 = CARTESIAN_POINT('',(0.642446699843,-1.75));
#8153 = CARTESIAN_POINT('',(0.611672279913,-1.75));
#8154 = CARTESIAN_POINT('',(0.579475231613,-1.75));
#8155 = CARTESIAN_POINT('',(0.545672691639,-1.75));
#8156 = CARTESIAN_POINT('',(0.510096807589,-1.75));
#8157 = CARTESIAN_POINT('',(0.472592332794,-1.75));
#8158 = CARTESIAN_POINT('',(0.421112776612,-1.75));
#8159 = CARTESIAN_POINT('',(0.409043049723,-1.75));
#8160 = CARTESIAN_POINT('',(0.396789839446,-1.75));
#8161 = CARTESIAN_POINT('',(0.384354151626,-1.75));
#8162 = CARTESIAN_POINT('',(0.371739355583,-1.75));
#8163 = CARTESIAN_POINT('',(0.358951561867,-1.75));
#8164 = CARTESIAN_POINT('',(0.339129373684,-1.75));
#8165 = CARTESIAN_POINT('',(0.332212731129,-1.75));
#8166 = CARTESIAN_POINT('',(0.325251530177,-1.75));
#8167 = CARTESIAN_POINT('',(0.318247494183,-1.75));
#8168 = CARTESIAN_POINT('',(0.311202631432,-1.75));
#8169 = CARTESIAN_POINT('',(0.304119254564,-1.75));
#8170 = CARTESIAN_POINT('',(0.282596109288,-1.75));
#8171 = CARTESIAN_POINT('',(0.268043731248,-1.75));
#8172 = CARTESIAN_POINT('',(0.253366934934,-1.75));
#8173 = CARTESIAN_POINT('',(0.238592615663,-1.75));
#8174 = CARTESIAN_POINT('',(0.223750691818,-1.75));
#8175 = CARTESIAN_POINT('',(0.208874301634,-1.75));
#8176 = CARTESIAN_POINT('',(0.17555127651,-1.75));
#8177 = CARTESIAN_POINT('',(0.157100606233,-1.75));
#8178 = CARTESIAN_POINT('',(0.138719512395,-1.75));
#8179 = CARTESIAN_POINT('',(0.120469862646,-1.75));
#8180 = CARTESIAN_POINT('',(0.102404658551,-1.75));
#8181 = CARTESIAN_POINT('',(8.456882506043E-02,-1.75));
#8182 = CARTESIAN_POINT('',(5.7158830098E-02,-1.75));
#8183 = CARTESIAN_POINT('',(4.740014105158E-02,-1.75));
#8184 = CARTESIAN_POINT('',(3.772950083452E-02,-1.75));
#8185 = CARTESIAN_POINT('',(2.81513054729E-02,-1.75));
#8186 = CARTESIAN_POINT('',(1.866888525622E-02,-1.75));
#8187 = CARTESIAN_POINT('',(9.284610948614E-03,-1.75));
#8188 = CARTESIAN_POINT('',(0.,-1.75));
#8189 = ( GEOMETRIC_REPRESENTATION_CONTEXT(2) 
PARAMETRIC_REPRESENTATION_CONTEXT() REPRESENTATION_CONTEXT('2D SPACE',''
  ) );
#8190 = PCURVE('',#7995,#8191);
#8191 = DEFINITIONAL_REPRESENTATION('',(#8192),#8243);
#8192 = B_SPLINE_CURVE_WITH_KNOTS('',7,(#8193,#8194,#8195,#8196,#8197,
    #8198,#8199,#8200,#8201,#8202,#8203,#8204,#8205,#8206,#8207,#8208,
    #8209,#8210,#8211,#8212,#8213,#8214,#8215,#8216,#8217,#8218,#8219,
    #8220,#8221,#8222,#8223,#8224,#8225,#8226,#8227,#8228,#8229,#8230,
    #8231,#8232,#8233,#8234,#8235,#8236,#8237,#8238,#8239,#8240,#8241,
    #8242),.UNSPECIFIED.,.F.,.F.,(8,6,6,6,6,6,6,6,8),(0.,0.243002711425,
    0.445157486623,0.675829547109,0.745086651172,0.781826597028,
    0.856159964389,0.948356275472,1.),.UNSPECIFIED.);
#8193 = CARTESIAN_POINT('',(-4.880829739373,-3.376130349777));
#8194 = CARTESIAN_POINT('',(-4.880829739373,-3.83304652601));
#8195 = CARTESIAN_POINT('',(-4.886472129275,-4.289914181413));
#8196 = CARTESIAN_POINT('',(-4.898263536024,-4.746681484436));
#8197 = CARTESIAN_POINT('',(-4.916807793158,-5.203234951609));
#8198 = CARTESIAN_POINT('',(-4.94281778686,-5.659399153926));
#8199 = CARTESIAN_POINT('',(-4.977167625921,-6.114933887641));
#8200 = CARTESIAN_POINT('',(-5.057437069743,-6.94770785816));
#8201 = CARTESIAN_POINT('',(-5.100436005841,-7.32517420897));
#8202 = CARTESIAN_POINT('',(-5.150630403923,-7.701795867094));
#8203 = CARTESIAN_POINT('',(-5.2087969031,-8.077307478838));
#8204 = CARTESIAN_POINT('',(-5.275850650914,-8.451309359601));
#8205 = CARTESIAN_POINT('',(-5.352915107472,-8.823255288471));
#8206 = CARTESIAN_POINT('',(-5.54247704378,-9.613680937678));
#8207 = CARTESIAN_POINT('',(-5.658296613911,-10.03072534612));
#8208 = CARTESIAN_POINT('',(-5.791179420149,-10.44321781571));
#8209 = CARTESIAN_POINT('',(-5.943859495201,-10.84947271086));
#8210 = CARTESIAN_POINT('',(-6.119585523585,-11.24643855856));
#8211 = CARTESIAN_POINT('',(-6.322150474728,-11.62968875487));
#8212 = CARTESIAN_POINT('',(-6.626358016137,-12.10250160648));
#8213 = CARTESIAN_POINT('',(-6.699399772576,-12.20985868561));
#8214 = CARTESIAN_POINT('',(-6.775338569569,-12.31521152268));
#8215 = CARTESIAN_POINT('',(-6.854266986334,-12.41835036207));
#8216 = CARTESIAN_POINT('',(-6.936263367121,-12.51904428725));
#8217 = CARTESIAN_POINT('',(-7.02138532179,-12.6170464362));
#8218 = CARTESIAN_POINT('',(-7.156493446583,-12.76252341586));
#8219 = CARTESIAN_POINT('',(-7.204211289853,-12.81211715663));
#8220 = CARTESIAN_POINT('',(-7.25282064705,-12.86084159745));
#8221 = CARTESIAN_POINT('',(-7.302323033403,-12.90865709997));
#8222 = CARTESIAN_POINT('',(-7.352717169715,-12.9555236694));
#8223 = CARTESIAN_POINT('',(-7.403998563575,-13.00140139479));
#8224 = CARTESIAN_POINT('',(-7.561691843119,-13.13699174069));
#8225 = CARTESIAN_POINT('',(-7.670835185513,-13.22353379902));
#8226 = CARTESIAN_POINT('',(-7.783506341102,-13.30553499925));
#8227 = CARTESIAN_POINT('',(-7.899578123153,-13.38268371244));
#8228 = CARTESIAN_POINT('',(-8.0188709322,-13.45471085893));
#8229 = CARTESIAN_POINT('',(-8.141144753394,-13.52140202126));
#8230 = CARTESIAN_POINT('',(-8.421063242642,-13.65852578739));
#8231 = CARTESIAN_POINT('',(-8.580190193728,-13.72602719218));
#8232 = CARTESIAN_POINT('',(-8.742872365625,-13.78481708457));
#8233 = CARTESIAN_POINT('',(-8.908495687925,-13.83483295064));
#8234 = CARTESIAN_POINT('',(-9.076446114234,-13.87620028859));
#8235 = CARTESIAN_POINT('',(-9.246124075083,-13.90918644777));
#8236 = CARTESIAN_POINT('',(-9.512652002816,-13.94814029356));
#8237 = CARTESIAN_POINT('',(-9.608720660528,-13.95961219095));
#8238 = CARTESIAN_POINT('',(-9.705075140858,-13.96863474517));
#8239 = CARTESIAN_POINT('',(-9.801633727748,-13.9752810223));
#8240 = CARTESIAN_POINT('',(-9.898322976835,-13.97962985917));
#8241 = CARTESIAN_POINT('',(-9.995077940061,-13.98176315342));
#8242 = CARTESIAN_POINT('',(-10.09184239028,-13.98176315342));
#8243 = ( GEOMETRIC_REPRESENTATION_CONTEXT(2) 
PARAMETRIC_REPRESENTATION_CONTEXT() REPRESENTATION_CONTEXT('2D SPACE',''
  ) );
#8244 = ORIENTED_EDGE('',*,*,#8245,.F.);
#8245 = EDGE_CURVE('',#7593,#8082,#8246,.T.);
#8246 = SURFACE_CURVE('',#8247,(#8251,#8258),.PCURVE_S1.);
#8247 = LINE('',#8248,#8249);
#8248 = CARTESIAN_POINT('',(-171.2791713006,-3.376130349777,
    4.880829739373));
#8249 = VECTOR('',#8250,1.);
#8250 = DIRECTION('',(1.,-1.359631073447E-32,-1.110223024625E-16));
#8251 = PCURVE('',#7608,#8252);
#8252 = DEFINITIONAL_REPRESENTATION('',(#8253),#8257);
#8253 = LINE('',#8254,#8255);
#8254 = CARTESIAN_POINT('',(1.,0.));
#8255 = VECTOR('',#8256,1.);
#8256 = DIRECTION('',(0.,-1.));
#8257 = ( GEOMETRIC_REPRESENTATION_CONTEXT(2) 
PARAMETRIC_REPRESENTATION_CONTEXT() REPRESENTATION_CONTEXT('2D SPACE',''
  ) );
#8258 = PCURVE('',#7638,#8259);
#8259 = DEFINITIONAL_REPRESENTATION('',(#8260),#8264);
#8260 = LINE('',#8261,#8262);
#8261 = CARTESIAN_POINT('',(0.,0.));
#8262 = VECTOR('',#8263,1.);
#8263 = DIRECTION('',(0.,-1.));
#8264 = ( GEOMETRIC_REPRESENTATION_CONTEXT(2) 
PARAMETRIC_REPRESENTATION_CONTEXT() REPRESENTATION_CONTEXT('2D SPACE',''
  ) );
#8265 = ADVANCED_FACE('',(#8266),#7638,.F.);
#8266 = FACE_BOUND('',#8267,.F.);
#8267 = EDGE_LOOP('',(#8268,#8269,#8270,#8437));
#8268 = ORIENTED_EDGE('',*,*,#7622,.F.);
#8269 = ORIENTED_EDGE('',*,*,#8245,.T.);
#8270 = ORIENTED_EDGE('',*,*,#8271,.F.);
#8271 = EDGE_CURVE('',#8272,#8082,#8274,.T.);
#8272 = VERTEX_POINT('',#8273);
#8273 = CARTESIAN_POINT('',(-169.5291713006,7.339523604926,
    10.018494956246));
#8274 = SURFACE_CURVE('',#8275,(#8327,#8382),.PCURVE_S1.);
#8275 = B_SPLINE_CURVE_WITH_KNOTS('',8,(#8276,#8277,#8278,#8279,#8280,
    #8281,#8282,#8283,#8284,#8285,#8286,#8287,#8288,#8289,#8290,#8291,
    #8292,#8293,#8294,#8295,#8296,#8297,#8298,#8299,#8300,#8301,#8302,
    #8303,#8304,#8305,#8306,#8307,#8308,#8309,#8310,#8311,#8312,#8313,
    #8314,#8315,#8316,#8317,#8318,#8319,#8320,#8321,#8322,#8323,#8324,
    #8325,#8326),.UNSPECIFIED.,.F.,.F.,(9,7,7,7,7,7,7,9),(0.,
    4.852546676041E-02,0.136579605222,0.218015861888,0.260779011288,
    0.348679363552,0.656338043923,1.),.UNSPECIFIED.);
#8276 = CARTESIAN_POINT('',(-169.5291713006,7.339523604926,
    10.018494956246));
#8277 = CARTESIAN_POINT('',(-169.5291713006,7.339523604926,
    9.938644462103));
#8278 = CARTESIAN_POINT('',(-169.5291713006,7.338044452463,
    9.858800541462));
#8279 = CARTESIAN_POINT('',(-169.5291713006,7.335040689649,9.77899508448
    ));
#8280 = CARTESIAN_POINT('',(-169.5291713006,7.330467177606,9.69926370515
    ));
#8281 = CARTESIAN_POINT('',(-169.5291713006,7.324279958276,
    9.619645671781));
#8282 = CARTESIAN_POINT('',(-169.5291713006,7.316437116232,
    9.540183837469));
#8283 = CARTESIAN_POINT('',(-169.5291713006,7.306899640492,
    9.460924570577));
#8284 = CARTESIAN_POINT('',(-169.5291713006,7.275186585751,
    9.238552073554));
#8285 = CARTESIAN_POINT('',(-169.5291713006,7.249040788622,9.0959901094)
  );
#8286 = CARTESIAN_POINT('',(-169.5291713006,7.216986574362,
    8.954563278431));
#8287 = CARTESIAN_POINT('',(-169.5291713006,7.178860679478,
    8.814615509214));
#8288 = CARTESIAN_POINT('',(-169.5291713006,7.134560181135,
    8.676498495664));
#8289 = CARTESIAN_POINT('',(-169.5291713006,7.084057780721,
    8.540567019507));
#8290 = CARTESIAN_POINT('',(-169.5291713006,7.027417087421,
    8.407174272742));
#8291 = CARTESIAN_POINT('',(-169.5291713006,6.906904232515,8.15596860445
    ));
#8292 = CARTESIAN_POINT('',(-169.5291713006,6.843881718948,
    8.037709328409));
#8293 = CARTESIAN_POINT('',(-169.5291713006,6.775869571047,
    7.922162930329));
#8294 = CARTESIAN_POINT('',(-169.5291713006,6.70304947909,7.809546911356
    ));
#8295 = CARTESIAN_POINT('',(-169.5291713006,6.625646941416,7.70002848391
    ));
#8296 = CARTESIAN_POINT('',(-169.5291713006,6.543922592166,
    7.593730360159));
#8297 = CARTESIAN_POINT('',(-169.5291713006,6.458163529028,
    7.490736540492));
#8298 = CARTESIAN_POINT('',(-169.5291713006,6.321682958817,
    7.338776769887));
#8299 = CARTESIAN_POINT('',(-169.5291713006,6.273659198479,
    7.287376624483));
#8300 = CARTESIAN_POINT('',(-169.5291713006,6.224645027223,
    7.236902715637));
#8301 = CARTESIAN_POINT('',(-169.5291713006,6.17468219754,7.18735676479)
  );
#8302 = CARTESIAN_POINT('',(-169.5291713006,6.123812193653,
    7.138737520511));
#8303 = CARTESIAN_POINT('',(-169.5291713006,6.072075878015,
    7.091041114027));
#8304 = CARTESIAN_POINT('',(-169.5291713006,6.019513137815,
    7.044261414752));
#8305 = CARTESIAN_POINT('',(-169.5291713006,5.856499488495,
    6.904101736404));
#8306 = CARTESIAN_POINT('',(-169.5291713006,5.74351414094,6.8136579535)
  );
#8307 = CARTESIAN_POINT('',(-169.5291713006,5.627533459746,
    6.726980289311));
#8308 = CARTESIAN_POINT('',(-169.5291713006,5.508866203405,
    6.643962766749));
#8309 = CARTESIAN_POINT('',(-169.5291713006,5.387796570997,
    6.564481141721));
#8310 = CARTESIAN_POINT('',(-169.5291713006,5.264579331081,
    6.488399807851));
#8311 = CARTESIAN_POINT('',(-169.5291713006,5.139436426449,
    6.415576643625));
#8312 = CARTESIAN_POINT('',(-169.5291713006,4.568459503595,
    6.101871949791));
#8313 = CARTESIAN_POINT('',(-169.5291713006,4.104168393826,
    5.896610426053));
#8314 = CARTESIAN_POINT('',(-169.5291713006,3.626280446857,
    5.722629177841));
#8315 = CARTESIAN_POINT('',(-169.5291713006,3.139472425844,
    5.574971411201));
#8316 = CARTESIAN_POINT('',(-169.5291713006,2.647094772367,5.44950177934
    ));
#8317 = CARTESIAN_POINT('',(-169.5291713006,2.151123536873,
    5.342998575795));
#8318 = CARTESIAN_POINT('',(-169.5291713006,1.652309956147,
    5.252787782235));
#8319 = CARTESIAN_POINT('',(-169.5291713006,0.589250712365,
    5.091833610152));
#8320 = CARTESIAN_POINT('',(-169.5291713006,2.565296672667E-02,
    5.024825113398));
#8321 = CARTESIAN_POINT('',(-169.5291713006,-0.539734196332,
    4.972860884379));
#8322 = CARTESIAN_POINT('',(-169.5291713006,-1.106234626278,
    4.933920500086));
#8323 = CARTESIAN_POINT('',(-169.5291713006,-1.673357261332,
    4.906421344912));
#8324 = CARTESIAN_POINT('',(-169.5291713006,-2.240784635186,
    4.889070873574));
#8325 = CARTESIAN_POINT('',(-169.5291713006,-2.808370386893,
    4.880829739373));
#8326 = CARTESIAN_POINT('',(-169.5291713006,-3.376130349777,
    4.880829739373));
#8327 = PCURVE('',#7638,#8328);
#8328 = DEFINITIONAL_REPRESENTATION('',(#8329),#8381);
#8329 = B_SPLINE_CURVE_WITH_KNOTS('',8,(#8330,#8331,#8332,#8333,#8334,
    #8335,#8336,#8337,#8338,#8339,#8340,#8341,#8342,#8343,#8344,#8345,
    #8346,#8347,#8348,#8349,#8350,#8351,#8352,#8353,#8354,#8355,#8356,
    #8357,#8358,#8359,#8360,#8361,#8362,#8363,#8364,#8365,#8366,#8367,
    #8368,#8369,#8370,#8371,#8372,#8373,#8374,#8375,#8376,#8377,#8378,
    #8379,#8380),.UNSPECIFIED.,.F.,.F.,(9,7,7,7,7,7,7,9),(0.,
    4.852546676041E-02,0.136579605222,0.218015861888,0.260779011288,
    0.348679363552,0.656338043923,1.),.UNSPECIFIED.);
#8330 = CARTESIAN_POINT('',(1.,-1.75));
#8331 = CARTESIAN_POINT('',(0.992228912281,-1.75));
#8332 = CARTESIAN_POINT('',(0.984389445997,-1.75));
#8333 = CARTESIAN_POINT('',(0.976482583616,-1.75));
#8334 = CARTESIAN_POINT('',(0.968509684897,-1.75));
#8335 = CARTESIAN_POINT('',(0.960472520336,-1.75));
#8336 = CARTESIAN_POINT('',(0.952373304612,-1.75));
#8337 = CARTESIAN_POINT('',(0.944214730037,-1.75));
#8338 = CARTESIAN_POINT('',(0.921093580249,-1.75));
#8339 = CARTESIAN_POINT('',(0.905999401311,-1.75));
#8340 = CARTESIAN_POINT('',(0.890740003144,-1.75));
#8341 = CARTESIAN_POINT('',(0.875341239046,-1.75));
#8342 = CARTESIAN_POINT('',(0.859832533584,-1.75));
#8343 = CARTESIAN_POINT('',(0.84424714051,-1.75));
#8344 = CARTESIAN_POINT('',(0.828622400684,-1.75));
#8345 = CARTESIAN_POINT('',(0.798551731536,-1.75));
#8346 = CARTESIAN_POINT('',(0.784102007961,-1.75));
#8347 = CARTESIAN_POINT('',(0.769683483077,-1.75));
#8348 = CARTESIAN_POINT('',(0.755325801995,-1.75));
#8349 = CARTESIAN_POINT('',(0.741055759819,-1.75));
#8350 = CARTESIAN_POINT('',(0.726897460328,-1.75));
#8351 = CARTESIAN_POINT('',(0.712872474661,-1.75));
#8352 = CARTESIAN_POINT('',(0.691715398144,-1.75));
#8353 = CARTESIAN_POINT('',(0.684472289114,-1.75));
#8354 = CARTESIAN_POINT('',(0.677273108587,-1.75));
#8355 = CARTESIAN_POINT('',(0.670119972297,-1.75));
#8356 = CARTESIAN_POINT('',(0.663014694136,-1.75));
#8357 = CARTESIAN_POINT('',(0.655958804264,-1.75));
#8358 = CARTESIAN_POINT('',(0.648953567215,-1.75));
#8359 = CARTESIAN_POINT('',(0.627706828981,-1.75));
#8360 = CARTESIAN_POINT('',(0.613632821099,-1.75));
#8361 = CARTESIAN_POINT('',(0.599785569278,-1.75));
#8362 = CARTESIAN_POINT('',(0.586169166665,-1.75));
#8363 = CARTESIAN_POINT('',(0.572784782699,-1.75));
#8364 = CARTESIAN_POINT('',(0.559631107784,-1.75));
#8365 = CARTESIAN_POINT('',(0.546704666596,-1.75));
#8366 = CARTESIAN_POINT('',(0.489532590499,-1.75));
#8367 = CARTESIAN_POINT('',(0.44789229039,-1.75));
#8368 = CARTESIAN_POINT('',(0.408661763385,-1.75));
#8369 = CARTESIAN_POINT('',(0.371576833043,-1.75));
#8370 = CARTESIAN_POINT('',(0.336391379437,-1.75));
#8371 = CARTESIAN_POINT('',(0.302884068494,-1.75));
#8372 = CARTESIAN_POINT('',(0.270829716726,-1.75));
#8373 = CARTESIAN_POINT('',(0.20556248391,-1.75));
#8374 = CARTESIAN_POINT('',(0.172743315601,-1.75));
#8375 = CARTESIAN_POINT('',(0.141304767034,-1.75));
#8376 = CARTESIAN_POINT('',(0.111081759352,-1.75));
#8377 = CARTESIAN_POINT('',(8.194318494775E-02,-1.75));
#8378 = CARTESIAN_POINT('',(5.377806590947E-02,-1.75));
#8379 = CARTESIAN_POINT('',(2.649208183116E-02,-1.75));
#8380 = CARTESIAN_POINT('',(0.,-1.75));
#8381 = ( GEOMETRIC_REPRESENTATION_CONTEXT(2) 
PARAMETRIC_REPRESENTATION_CONTEXT() REPRESENTATION_CONTEXT('2D SPACE',''
  ) );
#8382 = PCURVE('',#7995,#8383);
#8383 = DEFINITIONAL_REPRESENTATION('',(#8384),#8436);
#8384 = B_SPLINE_CURVE_WITH_KNOTS('',8,(#8385,#8386,#8387,#8388,#8389,
    #8390,#8391,#8392,#8393,#8394,#8395,#8396,#8397,#8398,#8399,#8400,
    #8401,#8402,#8403,#8404,#8405,#8406,#8407,#8408,#8409,#8410,#8411,
    #8412,#8413,#8414,#8415,#8416,#8417,#8418,#8419,#8420,#8421,#8422,
    #8423,#8424,#8425,#8426,#8427,#8428,#8429,#8430,#8431,#8432,#8433,
    #8434,#8435),.UNSPECIFIED.,.F.,.F.,(9,7,7,7,7,7,7,9),(0.,
    4.852546676041E-02,0.136579605222,0.218015861888,0.260779011288,
    0.348679363552,0.656338043923,1.),.UNSPECIFIED.);
#8385 = CARTESIAN_POINT('',(-10.01849495624,7.339523604926));
#8386 = CARTESIAN_POINT('',(-9.938644462103,7.339523604926));
#8387 = CARTESIAN_POINT('',(-9.858800541462,7.338044452463));
#8388 = CARTESIAN_POINT('',(-9.77899508448,7.335040689649));
#8389 = CARTESIAN_POINT('',(-9.69926370515,7.330467177606));
#8390 = CARTESIAN_POINT('',(-9.619645671781,7.324279958276));
#8391 = CARTESIAN_POINT('',(-9.540183837469,7.316437116232));
#8392 = CARTESIAN_POINT('',(-9.460924570577,7.306899640492));
#8393 = CARTESIAN_POINT('',(-9.238552073554,7.275186585751));
#8394 = CARTESIAN_POINT('',(-9.0959901094,7.249040788622));
#8395 = CARTESIAN_POINT('',(-8.954563278431,7.216986574362));
#8396 = CARTESIAN_POINT('',(-8.814615509214,7.178860679478));
#8397 = CARTESIAN_POINT('',(-8.676498495664,7.134560181135));
#8398 = CARTESIAN_POINT('',(-8.540567019507,7.084057780721));
#8399 = CARTESIAN_POINT('',(-8.407174272742,7.027417087421));
#8400 = CARTESIAN_POINT('',(-8.15596860445,6.906904232515));
#8401 = CARTESIAN_POINT('',(-8.037709328409,6.843881718948));
#8402 = CARTESIAN_POINT('',(-7.922162930329,6.775869571047));
#8403 = CARTESIAN_POINT('',(-7.809546911356,6.70304947909));
#8404 = CARTESIAN_POINT('',(-7.70002848391,6.625646941416));
#8405 = CARTESIAN_POINT('',(-7.593730360159,6.543922592166));
#8406 = CARTESIAN_POINT('',(-7.490736540492,6.458163529028));
#8407 = CARTESIAN_POINT('',(-7.338776769887,6.321682958817));
#8408 = CARTESIAN_POINT('',(-7.287376624483,6.273659198479));
#8409 = CARTESIAN_POINT('',(-7.236902715637,6.224645027223));
#8410 = CARTESIAN_POINT('',(-7.18735676479,6.17468219754));
#8411 = CARTESIAN_POINT('',(-7.138737520511,6.123812193653));
#8412 = CARTESIAN_POINT('',(-7.091041114027,6.072075878015));
#8413 = CARTESIAN_POINT('',(-7.044261414752,6.019513137815));
#8414 = CARTESIAN_POINT('',(-6.904101736404,5.856499488495));
#8415 = CARTESIAN_POINT('',(-6.8136579535,5.74351414094));
#8416 = CARTESIAN_POINT('',(-6.726980289311,5.627533459746));
#8417 = CARTESIAN_POINT('',(-6.643962766749,5.508866203405));
#8418 = CARTESIAN_POINT('',(-6.564481141721,5.387796570997));
#8419 = CARTESIAN_POINT('',(-6.488399807851,5.264579331081));
#8420 = CARTESIAN_POINT('',(-6.415576643625,5.139436426449));
#8421 = CARTESIAN_POINT('',(-6.101871949791,4.568459503595));
#8422 = CARTESIAN_POINT('',(-5.896610426053,4.104168393826));
#8423 = CARTESIAN_POINT('',(-5.722629177841,3.626280446857));
#8424 = CARTESIAN_POINT('',(-5.574971411201,3.139472425844));
#8425 = CARTESIAN_POINT('',(-5.44950177934,2.647094772367));
#8426 = CARTESIAN_POINT('',(-5.342998575795,2.151123536873));
#8427 = CARTESIAN_POINT('',(-5.252787782235,1.652309956147));
#8428 = CARTESIAN_POINT('',(-5.091833610152,0.589250712365));
#8429 = CARTESIAN_POINT('',(-5.024825113398,2.565296672667E-02));
#8430 = CARTESIAN_POINT('',(-4.972860884379,-0.539734196332));
#8431 = CARTESIAN_POINT('',(-4.933920500086,-1.106234626278));
#8432 = CARTESIAN_POINT('',(-4.906421344912,-1.673357261332));
#8433 = CARTESIAN_POINT('',(-4.889070873574,-2.240784635186));
#8434 = CARTESIAN_POINT('',(-4.880829739373,-2.808370386893));
#8435 = CARTESIAN_POINT('',(-4.880829739373,-3.376130349777));
#8436 = ( GEOMETRIC_REPRESENTATION_CONTEXT(2) 
PARAMETRIC_REPRESENTATION_CONTEXT() REPRESENTATION_CONTEXT('2D SPACE',''
  ) );
#8437 = ORIENTED_EDGE('',*,*,#8438,.F.);
#8438 = EDGE_CURVE('',#7623,#8272,#8439,.T.);
#8439 = SURFACE_CURVE('',#8440,(#8444,#8451),.PCURVE_S1.);
#8440 = LINE('',#8441,#8442);
#8441 = CARTESIAN_POINT('',(-171.2791713006,7.339523604926,
    10.018494956246));
#8442 = VECTOR('',#8443,1.);
#8443 = DIRECTION('',(1.,-1.359631073447E-32,-1.110223024625E-16));
#8444 = PCURVE('',#7638,#8445);
#8445 = DEFINITIONAL_REPRESENTATION('',(#8446),#8450);
#8446 = LINE('',#8447,#8448);
#8447 = CARTESIAN_POINT('',(1.,0.));
#8448 = VECTOR('',#8449,1.);
#8449 = DIRECTION('',(0.,-1.));
#8450 = ( GEOMETRIC_REPRESENTATION_CONTEXT(2) 
PARAMETRIC_REPRESENTATION_CONTEXT() REPRESENTATION_CONTEXT('2D SPACE',''
  ) );
#8451 = PCURVE('',#7668,#8452);
#8452 = DEFINITIONAL_REPRESENTATION('',(#8453),#8457);
#8453 = LINE('',#8454,#8455);
#8454 = CARTESIAN_POINT('',(0.,0.));
#8455 = VECTOR('',#8456,1.);
#8456 = DIRECTION('',(0.,-1.));
#8457 = ( GEOMETRIC_REPRESENTATION_CONTEXT(2) 
PARAMETRIC_REPRESENTATION_CONTEXT() REPRESENTATION_CONTEXT('2D SPACE',''
  ) );
#8458 = ADVANCED_FACE('',(#8459),#7668,.F.);
#8459 = FACE_BOUND('',#8460,.F.);
#8460 = EDGE_LOOP('',(#8461,#8462,#8463,#8558));
#8461 = ORIENTED_EDGE('',*,*,#7652,.F.);
#8462 = ORIENTED_EDGE('',*,*,#8438,.T.);
#8463 = ORIENTED_EDGE('',*,*,#8464,.F.);
#8464 = EDGE_CURVE('',#8465,#8272,#8467,.T.);
#8465 = VERTEX_POINT('',#8466);
#8466 = CARTESIAN_POINT('',(-169.5291713006,4.69728383327,
    14.018438736978));
#8467 = SURFACE_CURVE('',#8468,(#8496,#8527),.PCURVE_S1.);
#8468 = B_SPLINE_CURVE_WITH_KNOTS('',6,(#8469,#8470,#8471,#8472,#8473,
    #8474,#8475,#8476,#8477,#8478,#8479,#8480,#8481,#8482,#8483,#8484,
    #8485,#8486,#8487,#8488,#8489,#8490,#8491,#8492,#8493,#8494,#8495),
  .UNSPECIFIED.,.F.,.F.,(7,5,5,5,5,7),(0.,0.23821793795,0.354231301634,
    0.577315727099,0.844824269394,1.),.UNSPECIFIED.);
#8469 = CARTESIAN_POINT('',(-169.5291713006,4.69728383327,
    14.018438736978));
#8470 = CARTESIAN_POINT('',(-169.5291713006,4.879877392436,
    13.929678380347));
#8471 = CARTESIAN_POINT('',(-169.5291713006,5.059275818313,
    13.834690341712));
#8472 = CARTESIAN_POINT('',(-169.5291713006,5.234947966326,
    13.733033075616));
#8473 = CARTESIAN_POINT('',(-169.5291713006,5.406198867946,
    13.624276417183));
#8474 = CARTESIAN_POINT('',(-169.5291713006,5.572187683929,
    13.508029797611));
#8475 = CARTESIAN_POINT('',(-169.5291713006,5.80980700932,
    13.323641135805));
#8476 = CARTESIAN_POINT('',(-169.5291713006,5.886157710404,
    13.261415824562));
#8477 = CARTESIAN_POINT('',(-169.5291713006,5.960927061516,
    13.197326087872));
#8478 = CARTESIAN_POINT('',(-169.5291713006,6.033998722654,
    13.13135289264));
#8479 = CARTESIAN_POINT('',(-169.5291713006,6.105253132676,
    13.063489370296));
#8480 = CARTESIAN_POINT('',(-169.5291713006,6.307862720321,
    12.859629968996));
#8481 = CARTESIAN_POINT('',(-169.5291713006,6.434019437852,
    12.718531466759));
#8482 = CARTESIAN_POINT('',(-169.5291713006,6.552138528058,
    12.570554791066));
#8483 = CARTESIAN_POINT('',(-169.5291713006,6.661400571523,
    12.415970286378));
#8484 = CARTESIAN_POINT('',(-169.5291713006,6.761149564542,
    12.255271840947));
#8485 = CARTESIAN_POINT('',(-169.5291713006,6.958684541827,
    11.890136749712));
#8486 = CARTESIAN_POINT('',(-169.5291713006,7.052171165225,
    11.683276254906));
#8487 = CARTESIAN_POINT('',(-169.5291713006,7.130682286337,11.4700131038
    ));
#8488 = CARTESIAN_POINT('',(-169.5291713006,7.194272731523,
    11.251780778902));
#8489 = CARTESIAN_POINT('',(-169.5291713006,7.243515363064,
    11.029990628902));
#8490 = CARTESIAN_POINT('',(-169.5291713006,7.300022942433,
    10.675994546907));
#8491 = CARTESIAN_POINT('',(-169.5291713006,7.316236356636,
    10.545251964997));
#8492 = CARTESIAN_POINT('',(-169.5291713006,7.328089524688,
    10.413950842236));
#8493 = CARTESIAN_POINT('',(-169.5291713006,7.335781528504,
    10.282286767232));
#8494 = CARTESIAN_POINT('',(-169.5291713006,7.339523604926,
    10.150424216972));
#8495 = CARTESIAN_POINT('',(-169.5291713006,7.339523604926,
    10.018494956246));
#8496 = PCURVE('',#7668,#8497);
#8497 = DEFINITIONAL_REPRESENTATION('',(#8498),#8526);
#8498 = B_SPLINE_CURVE_WITH_KNOTS('',6,(#8499,#8500,#8501,#8502,#8503,
    #8504,#8505,#8506,#8507,#8508,#8509,#8510,#8511,#8512,#8513,#8514,
    #8515,#8516,#8517,#8518,#8519,#8520,#8521,#8522,#8523,#8524,#8525),
  .UNSPECIFIED.,.F.,.F.,(7,5,5,5,5,7),(0.,0.23821793795,0.354231301634,
    0.577315727099,0.844824269394,1.),.UNSPECIFIED.);
#8499 = CARTESIAN_POINT('',(1.,-1.75));
#8500 = CARTESIAN_POINT('',(0.965447201059,-1.75));
#8501 = CARTESIAN_POINT('',(0.930066366271,-1.75));
#8502 = CARTESIAN_POINT('',(0.893829165473,-1.75));
#8503 = CARTESIAN_POINT('',(0.856725701801,-1.75));
#8504 = CARTESIAN_POINT('',(0.818767916454,-1.75));
#8505 = CARTESIAN_POINT('',(0.761119824857,-1.75));
#8506 = CARTESIAN_POINT('',(0.742048209231,-1.75));
#8507 = CARTESIAN_POINT('',(0.722791008677,-1.75));
#8508 = CARTESIAN_POINT('',(0.703356321052,-1.75));
#8509 = CARTESIAN_POINT('',(0.683754805261,-1.75));
#8510 = CARTESIAN_POINT('',(0.626013088475,-1.75));
#8511 = CARTESIAN_POINT('',(0.587451792222,-1.75));
#8512 = CARTESIAN_POINT('',(0.54842561961,-1.75));
#8513 = CARTESIAN_POINT('',(0.509066067192,-1.75));
#8514 = CARTESIAN_POINT('',(0.469529494692,-1.75));
#8515 = CARTESIAN_POINT('',(0.382598763985,-1.75));
#8516 = CARTESIAN_POINT('',(0.335187077957,-1.75));
#8517 = CARTESIAN_POINT('',(0.288089970919,-1.75));
#8518 = CARTESIAN_POINT('',(0.241565916966,-1.75));
#8519 = CARTESIAN_POINT('',(0.195817652109,-1.75));
#8520 = CARTESIAN_POINT('',(0.12500228101,-1.75));
#8521 = CARTESIAN_POINT('',(9.931220366435E-02,-1.75));
#8522 = CARTESIAN_POINT('',(7.3954122732E-02,-1.75));
#8523 = CARTESIAN_POINT('',(4.894419718389E-02,-1.75));
#8524 = CARTESIAN_POINT('',(2.429164533734E-02,-1.75));
#8525 = CARTESIAN_POINT('',(0.,-1.75));
#8526 = ( GEOMETRIC_REPRESENTATION_CONTEXT(2) 
PARAMETRIC_REPRESENTATION_CONTEXT() REPRESENTATION_CONTEXT('2D SPACE',''
  ) );
#8527 = PCURVE('',#7995,#8528);
#8528 = DEFINITIONAL_REPRESENTATION('',(#8529),#8557);
#8529 = B_SPLINE_CURVE_WITH_KNOTS('',6,(#8530,#8531,#8532,#8533,#8534,
    #8535,#8536,#8537,#8538,#8539,#8540,#8541,#8542,#8543,#8544,#8545,
    #8546,#8547,#8548,#8549,#8550,#8551,#8552,#8553,#8554,#8555,#8556),
  .UNSPECIFIED.,.F.,.F.,(7,5,5,5,5,7),(0.,0.23821793795,0.354231301634,
    0.577315727099,0.844824269394,1.),.UNSPECIFIED.);
#8530 = CARTESIAN_POINT('',(-14.01843873697,4.69728383327));
#8531 = CARTESIAN_POINT('',(-13.92967838034,4.879877392436));
#8532 = CARTESIAN_POINT('',(-13.83469034171,5.059275818313));
#8533 = CARTESIAN_POINT('',(-13.73303307561,5.234947966326));
#8534 = CARTESIAN_POINT('',(-13.62427641718,5.406198867946));
#8535 = CARTESIAN_POINT('',(-13.50802979761,5.572187683929));
#8536 = CARTESIAN_POINT('',(-13.3236411358,5.80980700932));
#8537 = CARTESIAN_POINT('',(-13.26141582456,5.886157710404));
#8538 = CARTESIAN_POINT('',(-13.19732608787,5.960927061516));
#8539 = CARTESIAN_POINT('',(-13.13135289264,6.033998722654));
#8540 = CARTESIAN_POINT('',(-13.06348937029,6.105253132676));
#8541 = CARTESIAN_POINT('',(-12.85962996899,6.307862720321));
#8542 = CARTESIAN_POINT('',(-12.71853146675,6.434019437852));
#8543 = CARTESIAN_POINT('',(-12.57055479106,6.552138528058));
#8544 = CARTESIAN_POINT('',(-12.41597028637,6.661400571523));
#8545 = CARTESIAN_POINT('',(-12.25527184094,6.761149564542));
#8546 = CARTESIAN_POINT('',(-11.89013674971,6.958684541827));
#8547 = CARTESIAN_POINT('',(-11.6832762549,7.052171165225));
#8548 = CARTESIAN_POINT('',(-11.4700131038,7.130682286337));
#8549 = CARTESIAN_POINT('',(-11.2517807789,7.194272731523));
#8550 = CARTESIAN_POINT('',(-11.0299906289,7.243515363064));
#8551 = CARTESIAN_POINT('',(-10.6759945469,7.300022942433));
#8552 = CARTESIAN_POINT('',(-10.54525196499,7.316236356636));
#8553 = CARTESIAN_POINT('',(-10.41395084223,7.328089524688));
#8554 = CARTESIAN_POINT('',(-10.28228676723,7.335781528504));
#8555 = CARTESIAN_POINT('',(-10.15042421697,7.339523604926));
#8556 = CARTESIAN_POINT('',(-10.01849495624,7.339523604926));
#8557 = ( GEOMETRIC_REPRESENTATION_CONTEXT(2) 
PARAMETRIC_REPRESENTATION_CONTEXT() REPRESENTATION_CONTEXT('2D SPACE',''
  ) );
#8558 = ORIENTED_EDGE('',*,*,#8559,.F.);
#8559 = EDGE_CURVE('',#7653,#8465,#8560,.T.);
#8560 = SURFACE_CURVE('',#8561,(#8565,#8572),.PCURVE_S1.);
#8561 = LINE('',#8562,#8563);
#8562 = CARTESIAN_POINT('',(-171.2791713006,4.69728383327,
    14.018438736978));
#8563 = VECTOR('',#8564,1.);
#8564 = DIRECTION('',(1.,-1.359631073447E-32,-1.110223024625E-16));
#8565 = PCURVE('',#7668,#8566);
#8566 = DEFINITIONAL_REPRESENTATION('',(#8567),#8571);
#8567 = LINE('',#8568,#8569);
#8568 = CARTESIAN_POINT('',(1.,0.));
#8569 = VECTOR('',#8570,1.);
#8570 = DIRECTION('',(0.,-1.));
#8571 = ( GEOMETRIC_REPRESENTATION_CONTEXT(2) 
PARAMETRIC_REPRESENTATION_CONTEXT() REPRESENTATION_CONTEXT('2D SPACE',''
  ) );
#8572 = PCURVE('',#7696,#8573);
#8573 = DEFINITIONAL_REPRESENTATION('',(#8574),#8578);
#8574 = LINE('',#8575,#8576);
#8575 = CARTESIAN_POINT('',(0.,0.));
#8576 = VECTOR('',#8577,1.);
#8577 = DIRECTION('',(0.,-1.));
#8578 = ( GEOMETRIC_REPRESENTATION_CONTEXT(2) 
PARAMETRIC_REPRESENTATION_CONTEXT() REPRESENTATION_CONTEXT('2D SPACE',''
  ) );
#8579 = ADVANCED_FACE('',(#8580),#7696,.F.);
#8580 = FACE_BOUND('',#8581,.F.);
#8581 = EDGE_LOOP('',(#8582,#8583,#8584,#8656));
#8582 = ORIENTED_EDGE('',*,*,#7682,.F.);
#8583 = ORIENTED_EDGE('',*,*,#8559,.T.);
#8584 = ORIENTED_EDGE('',*,*,#8585,.F.);
#8585 = EDGE_CURVE('',#7861,#8465,#8586,.T.);
#8586 = SURFACE_CURVE('',#8587,(#8608,#8632),.PCURVE_S1.);
#8587 = B_SPLINE_CURVE_WITH_KNOTS('',7,(#8588,#8589,#8590,#8591,#8592,
    #8593,#8594,#8595,#8596,#8597,#8598,#8599,#8600,#8601,#8602,#8603,
    #8604,#8605,#8606,#8607),.UNSPECIFIED.,.F.,.F.,(8,6,6,8),(0.,
    0.378758278806,0.69415297896,1.),.UNSPECIFIED.);
#8588 = CARTESIAN_POINT('',(-169.5291713006,-3.486270959198,
    15.302855041196));
#8589 = CARTESIAN_POINT('',(-169.5291713006,-3.033111210612,
    15.302855041196));
#8590 = CARTESIAN_POINT('',(-169.5291713006,-2.580061311238,
    15.297844048531));
#8591 = CARTESIAN_POINT('',(-169.5291713006,-2.127170268061,
    15.287377717142));
#8592 = CARTESIAN_POINT('',(-169.5291713006,-1.674537744618,
    15.270926953131));
#8593 = CARTESIAN_POINT('',(-169.5291713006,-1.222314475333,
    15.247866980599));
#8594 = CARTESIAN_POINT('',(-169.5291713006,-0.770705250716,
    15.217430510402));
#8595 = CARTESIAN_POINT('',(-169.5291713006,5.535223573805E-02,
    15.14631139846));
#8596 = CARTESIAN_POINT('',(-169.5291713006,0.430018494122,
    15.108198360191));
#8597 = CARTESIAN_POINT('',(-169.5291713006,0.803910850793,
    15.06371391246));
#8598 = CARTESIAN_POINT('',(-169.5291713006,1.176805682194,
    15.012169861765));
#8599 = CARTESIAN_POINT('',(-169.5291713006,1.548368259544,
    14.952752040596));
#8600 = CARTESIAN_POINT('',(-169.5291713006,1.918140742348,
    14.884451251997));
#8601 = CARTESIAN_POINT('',(-169.5291713006,2.641776116949,
    14.729795454436));
#8602 = CARTESIAN_POINT('',(-169.5291713006,2.995534551351,
    14.644102099446));
#8603 = CARTESIAN_POINT('',(-169.5291713006,3.34649676839,
    14.547605197666));
#8604 = CARTESIAN_POINT('',(-169.5291713006,3.693838706341,
    14.438817234706));
#8605 = CARTESIAN_POINT('',(-169.5291713006,4.036175262288,
    14.315929554809));
#8606 = CARTESIAN_POINT('',(-169.5291713006,4.371551313192,
    14.176780218357));
#8607 = CARTESIAN_POINT('',(-169.5291713006,4.69728383327,
    14.018438736978));
#8608 = PCURVE('',#7696,#8609);
#8609 = DEFINITIONAL_REPRESENTATION('',(#8610),#8631);
#8610 = B_SPLINE_CURVE_WITH_KNOTS('',7,(#8611,#8612,#8613,#8614,#8615,
    #8616,#8617,#8618,#8619,#8620,#8621,#8622,#8623,#8624,#8625,#8626,
    #8627,#8628,#8629,#8630),.UNSPECIFIED.,.F.,.F.,(8,6,6,8),(0.,
    0.378758278806,0.69415297896,1.),.UNSPECIFIED.);
#8611 = CARTESIAN_POINT('',(1.,-1.75));
#8612 = CARTESIAN_POINT('',(0.959110811524,-1.75));
#8613 = CARTESIAN_POINT('',(0.917210984126,-1.75));
#8614 = CARTESIAN_POINT('',(0.874214443188,-1.75));
#8615 = CARTESIAN_POINT('',(0.83002242495,-1.75));
#8616 = CARTESIAN_POINT('',(0.78452128702,-1.75));
#8617 = CARTESIAN_POINT('',(0.737573239965,-1.75));
#8618 = CARTESIAN_POINT('',(0.648552719211,-1.75));
#8619 = CARTESIAN_POINT('',(0.606983906995,-1.75));
#8620 = CARTESIAN_POINT('',(0.564187308431,-1.75));
#8621 = CARTESIAN_POINT('',(0.520042942225,-1.75));
#8622 = CARTESIAN_POINT('',(0.474415196083,-1.75));
#8623 = CARTESIAN_POINT('',(0.427139846076,-1.75));
#8624 = CARTESIAN_POINT('',(0.330347723251,-1.75));
#8625 = CARTESIAN_POINT('',(0.28097512979,-1.75));
#8626 = CARTESIAN_POINT('',(0.229654566435,-1.75));
#8627 = CARTESIAN_POINT('',(0.176157438598,-1.75));
#8628 = CARTESIAN_POINT('',(0.120240370741,-1.75));
#8629 = CARTESIAN_POINT('',(6.163947034105E-02,-1.75));
#8630 = CARTESIAN_POINT('',(0.,-1.75));
#8631 = ( GEOMETRIC_REPRESENTATION_CONTEXT(2) 
PARAMETRIC_REPRESENTATION_CONTEXT() REPRESENTATION_CONTEXT('2D SPACE',''
  ) );
#8632 = PCURVE('',#7995,#8633);
#8633 = DEFINITIONAL_REPRESENTATION('',(#8634),#8655);
#8634 = B_SPLINE_CURVE_WITH_KNOTS('',7,(#8635,#8636,#8637,#8638,#8639,
    #8640,#8641,#8642,#8643,#8644,#8645,#8646,#8647,#8648,#8649,#8650,
    #8651,#8652,#8653,#8654),.UNSPECIFIED.,.F.,.F.,(8,6,6,8),(0.,
    0.378758278806,0.69415297896,1.),.UNSPECIFIED.);
#8635 = CARTESIAN_POINT('',(-15.30285504119,-3.486270959198));
#8636 = CARTESIAN_POINT('',(-15.30285504119,-3.033111210612));
#8637 = CARTESIAN_POINT('',(-15.29784404853,-2.580061311238));
#8638 = CARTESIAN_POINT('',(-15.28737771714,-2.127170268061));
#8639 = CARTESIAN_POINT('',(-15.27092695313,-1.674537744618));
#8640 = CARTESIAN_POINT('',(-15.24786698059,-1.222314475333));
#8641 = CARTESIAN_POINT('',(-15.2174305104,-0.770705250716));
#8642 = CARTESIAN_POINT('',(-15.14631139846,5.535223573805E-02));
#8643 = CARTESIAN_POINT('',(-15.10819836019,0.430018494122));
#8644 = CARTESIAN_POINT('',(-15.06371391246,0.803910850793));
#8645 = CARTESIAN_POINT('',(-15.01216986176,1.176805682194));
#8646 = CARTESIAN_POINT('',(-14.95275204059,1.548368259544));
#8647 = CARTESIAN_POINT('',(-14.88445125199,1.918140742348));
#8648 = CARTESIAN_POINT('',(-14.72979545443,2.641776116949));
#8649 = CARTESIAN_POINT('',(-14.64410209944,2.995534551351));
#8650 = CARTESIAN_POINT('',(-14.54760519766,3.34649676839));
#8651 = CARTESIAN_POINT('',(-14.4388172347,3.693838706341));
#8652 = CARTESIAN_POINT('',(-14.3159295548,4.036175262288));
#8653 = CARTESIAN_POINT('',(-14.17678021835,4.371551313192));
#8654 = CARTESIAN_POINT('',(-14.01843873697,4.69728383327));
#8655 = ( GEOMETRIC_REPRESENTATION_CONTEXT(2) 
PARAMETRIC_REPRESENTATION_CONTEXT() REPRESENTATION_CONTEXT('2D SPACE',''
  ) );
#8656 = ORIENTED_EDGE('',*,*,#7860,.F.);
#8657 = ADVANCED_FACE('',(#8658),#7752,.T.);
#8658 = FACE_BOUND('',#8659,.T.);
#8659 = EDGE_LOOP('',(#8660,#8661,#8662));
#8660 = ORIENTED_EDGE('',*,*,#7737,.F.);
#8661 = ORIENTED_EDGE('',*,*,#7789,.F.);
#8662 = ORIENTED_EDGE('',*,*,#7836,.F.);
#8663 = ADVANCED_FACE('',(#8664),#7995,.T.);
#8664 = FACE_BOUND('',#8665,.T.);
#8665 = EDGE_LOOP('',(#8666,#8667,#8668,#8669,#8670));
#8666 = ORIENTED_EDGE('',*,*,#7883,.F.);
#8667 = ORIENTED_EDGE('',*,*,#8081,.F.);
#8668 = ORIENTED_EDGE('',*,*,#8271,.F.);
#8669 = ORIENTED_EDGE('',*,*,#8464,.F.);
#8670 = ORIENTED_EDGE('',*,*,#8585,.F.);
#8671 = ( GEOMETRIC_REPRESENTATION_CONTEXT(3) 
GLOBAL_UNCERTAINTY_ASSIGNED_CONTEXT((#8675)) 
GLOBAL_UNIT_ASSIGNED_CONTEXT((#8672,#8673,#8674)) REPRESENTATION_CONTEXT
('Context #1','3D Context with UNIT and UNCERTAINTY') );
#8672 = ( LENGTH_UNIT() NAMED_UNIT(*) SI_UNIT(.MILLI.,.METRE.) );
#8673 = ( NAMED_UNIT(*) PLANE_ANGLE_UNIT() SI_UNIT($,.RADIAN.) );
#8674 = ( NAMED_UNIT(*) SI_UNIT($,.STERADIAN.) SOLID_ANGLE_UNIT() );
#8675 = UNCERTAINTY_MEASURE_WITH_UNIT(LENGTH_MEASURE(1.E-06),#8672,
  'distance_accuracy_value','confusion accuracy');
#8676 = CONTEXT_DEPENDENT_SHAPE_REPRESENTATION(#8677,#8679);
#8677 = ( REPRESENTATION_RELATIONSHIP('','',#32,#10) 
REPRESENTATION_RELATIONSHIP_WITH_TRANSFORMATION(#8678) 
SHAPE_REPRESENTATION_RELATIONSHIP() );
#8678 = ITEM_DEFINED_TRANSFORMATION('','',#11,#15);
#8679 = PRODUCT_DEFINITION_SHAPE('Placement','Placement of an item',
  #8680);
#8680 = NEXT_ASSEMBLY_USAGE_OCCURRENCE('1','=>[0:1:1:2]','',#5,#27,$);
#8681 = PRODUCT_RELATED_PRODUCT_CATEGORY('part',$,(#29));
ENDSEC;
END-ISO-10303-21;
